[INFO] Job started: 2D_Lpx256_Lpy256_Lpz256_npx128_npy128_npz128_zTop118_zBot-118_spacing1_ratio1_FontX8_FontY8_matlead_wordMUON_stroke1 | seed=1
[INFO] Running Geant4 simulation...
[1;34m ____  _____  __  __  __  __  __    ___    __    ____     ___  ____  __  __  __  __  __      __   ____  _____  ____   
(_  _)(  _  )(  \/  )(  )(  )(  )  / __)  /__\  (  _ \   / __)(_  _)(  \/  )(  )(  )(  )    /__\ (_  _)(  _  )(  _ \  
  )(   )(_)(  )    (  )(__)(  )(__( (_-. /(__)\  )(_) )  \__ \ _)(_  )    (  )(__)(  )(__  /(__)\  )(   )(_)(  )   /  
 (__) (_____)(_/\/\_)(______)(____)\___/(__)(__)(____/   (___/(____)(_/\/\_)(______)(____)(__)(__)(__) (_____)(_)\_)  
[0m

**************************************************************
 Geant4 version Name: geant4-11-02-patch-01 [MT]   (16-February-2024)
                       Copyright : Geant4 Collaboration
                      References : NIM A 506 (2003), 250-303
                                 : IEEE-TNS 53 (2006), 270-278
                                 : NIM A 835 (2016), 186-225
                             WWW : http://geant4.org/
**************************************************************

DEBUG: Lectura de archivo completada. Iniciando parser...
DEBUG: Parser exitoso. Accediendo a los datos...
DEBUG: Mundo y detectores cargados correctamente.
[1;34mLoaded 88 voxels from JSON configuration file.[0m
DEBUG: Constructor finalizado con éxito.
[1;34m---------------------------------------Geometry information-----------------------------------[0m
[1;34mThe loaded geometry is as follows: 
[1;34mThe world is contained in [-128, 128]x[-128, 128]x[-256, 256]
[1;34mDetector[0m
[1;34mLocation x: 0, y: 0, z: 118
[1;34mRotation x: 0, y: 0, z: 0
[1;34mSizes x: 256, y: 256, z: 20
[1;34mNumber of layers 2
[1;34mLayer[0m
[1;34mLocation x: 0, y: 0, z: 0
[1;34mRotation x: 0, y: 0, z: 0
[1;34mSizes x: 256, y: 256, z: 1
[0m
[1;34mLayer[0m
[1;34mLocation x: 0, y: 0, z: -10
[1;34mRotation x: 0, y: 0, z: 0
[1;34mSizes x: 256, y: 256, z: 1
[0m
[0m
[1;34mDetector[0m
[1;34mLocation x: 0, y: 0, z: -118
[1;34mRotation x: 0, y: 0, z: 0
[1;34mSizes x: 256, y: 256, z: 20
[1;34mNumber of layers 2
[1;34mLayer[0m
[1;34mLocation x: 0, y: 0, z: 0
[1;34mRotation x: 0, y: 0, z: 0
[1;34mSizes x: 256, y: 256, z: 1
[0m
[1;34mLayer[0m
[1;34mLocation x: 0, y: 0, z: 10
[1;34mRotation x: 0, y: 0, z: 0
[1;34mSizes x: 256, y: 256, z: 1
[0m
[0m
[1;34mNumber of voxels: 88[0m
  Voxel 0  pos=(-33, -7, -6) cm  xSize=2 cm  ySize=2 cm  zSize=4 cm  mat=lead
  Voxel 1  pos=(-33, -5, -6) cm  xSize=2 cm  ySize=2 cm  zSize=4 cm  mat=lead
  Voxel 2  pos=(-33, -3, -6) cm  xSize=2 cm  ySize=2 cm  zSize=4 cm  mat=lead
  Voxel 3  pos=(-33, -1, -6) cm  xSize=2 cm  ySize=2 cm  zSize=4 cm  mat=lead
  Voxel 4  pos=(-33, 1, -6) cm  xSize=2 cm  ySize=2 cm  zSize=4 cm  mat=lead
  Voxel 5  pos=(-33, 3, -6) cm  xSize=2 cm  ySize=2 cm  zSize=4 cm  mat=lead
  Voxel 6  pos=(-33, 5, -6) cm  xSize=2 cm  ySize=2 cm  zSize=4 cm  mat=lead
  Voxel 7  pos=(-33, 7, -6) cm  xSize=2 cm  ySize=2 cm  zSize=4 cm  mat=lead
  Voxel 8  pos=(-31, 5, -6) cm  xSize=2 cm  ySize=2 cm  zSize=4 cm  mat=lead
  Voxel 9  pos=(-29, 3, -6) cm  xSize=2 cm  ySize=2 cm  zSize=4 cm  mat=lead
  Voxel 10  pos=(-27, 1, -6) cm  xSize=2 cm  ySize=2 cm  zSize=4 cm  mat=lead
  Voxel 11  pos=(-25, 1, -6) cm  xSize=2 cm  ySize=2 cm  zSize=4 cm  mat=lead
  Voxel 12  pos=(-23, 3, -6) cm  xSize=2 cm  ySize=2 cm  zSize=4 cm  mat=lead
  Voxel 13  pos=(-21, 5, -6) cm  xSize=2 cm  ySize=2 cm  zSize=4 cm  mat=lead
  Voxel 14  pos=(-19, -7, -6) cm  xSize=2 cm  ySize=2 cm  zSize=4 cm  mat=lead
  Voxel 15  pos=(-19, -5, -6) cm  xSize=2 cm  ySize=2 cm  zSize=4 cm  mat=lead
  Voxel 16  pos=(-19, -3, -6) cm  xSize=2 cm  ySize=2 cm  zSize=4 cm  mat=lead
  Voxel 17  pos=(-19, -1, -6) cm  xSize=2 cm  ySize=2 cm  zSize=4 cm  mat=lead
  Voxel 18  pos=(-19, 1, -6) cm  xSize=2 cm  ySize=2 cm  zSize=4 cm  mat=lead
  Voxel 19  pos=(-19, 3, -6) cm  xSize=2 cm  ySize=2 cm  zSize=4 cm  mat=lead
  Voxel 20  pos=(-19, 5, -6) cm  xSize=2 cm  ySize=2 cm  zSize=4 cm  mat=lead
  Voxel 21  pos=(-19, 7, -6) cm  xSize=2 cm  ySize=2 cm  zSize=4 cm  mat=lead
  Voxel 22  pos=(-15, -5, -6) cm  xSize=2 cm  ySize=2 cm  zSize=4 cm  mat=lead
  Voxel 23  pos=(-15, -3, -6) cm  xSize=2 cm  ySize=2 cm  zSize=4 cm  mat=lead
  Voxel 24  pos=(-15, -1, -6) cm  xSize=2 cm  ySize=2 cm  zSize=4 cm  mat=lead
  Voxel 25  pos=(-15, 1, -6) cm  xSize=2 cm  ySize=2 cm  zSize=4 cm  mat=lead
  Voxel 26  pos=(-15, 3, -6) cm  xSize=2 cm  ySize=2 cm  zSize=4 cm  mat=lead
  Voxel 27  pos=(-15, 5, -6) cm  xSize=2 cm  ySize=2 cm  zSize=4 cm  mat=lead
  Voxel 28  pos=(-15, 7, -6) cm  xSize=2 cm  ySize=2 cm  zSize=4 cm  mat=lead
  Voxel 29  pos=(-13, -7, -6) cm  xSize=2 cm  ySize=2 cm  zSize=4 cm  mat=lead
  Voxel 30  pos=(-11, -7, -6) cm  xSize=2 cm  ySize=2 cm  zSize=4 cm  mat=lead
  Voxel 31  pos=(-9, -7, -6) cm  xSize=2 cm  ySize=2 cm  zSize=4 cm  mat=lead
  Voxel 32  pos=(-7, -7, -6) cm  xSize=2 cm  ySize=2 cm  zSize=4 cm  mat=lead
  Voxel 33  pos=(-5, -7, -6) cm  xSize=2 cm  ySize=2 cm  zSize=4 cm  mat=lead
  Voxel 34  pos=(-3, -7, -6) cm  xSize=2 cm  ySize=2 cm  zSize=4 cm  mat=lead
  Voxel 35  pos=(-1, -5, -6) cm  xSize=2 cm  ySize=2 cm  zSize=4 cm  mat=lead
  Voxel 36  pos=(-1, -3, -6) cm  xSize=2 cm  ySize=2 cm  zSize=4 cm  mat=lead
  Voxel 37  pos=(-1, -1, -6) cm  xSize=2 cm  ySize=2 cm  zSize=4 cm  mat=lead
  Voxel 38  pos=(-1, 1, -6) cm  xSize=2 cm  ySize=2 cm  zSize=4 cm  mat=lead
  Voxel 39  pos=(-1, 3, -6) cm  xSize=2 cm  ySize=2 cm  zSize=4 cm  mat=lead
  Voxel 40  pos=(-1, 5, -6) cm  xSize=2 cm  ySize=2 cm  zSize=4 cm  mat=lead
  Voxel 41  pos=(-1, 7, -6) cm  xSize=2 cm  ySize=2 cm  zSize=4 cm  mat=lead
  Voxel 42  pos=(3, -5, -6) cm  xSize=2 cm  ySize=2 cm  zSize=4 cm  mat=lead
  Voxel 43  pos=(3, -3, -6) cm  xSize=2 cm  ySize=2 cm  zSize=4 cm  mat=lead
  Voxel 44  pos=(3, -1, -6) cm  xSize=2 cm  ySize=2 cm  zSize=4 cm  mat=lead
  Voxel 45  pos=(3, 1, -6) cm  xSize=2 cm  ySize=2 cm  zSize=4 cm  mat=lead
  Voxel 46  pos=(3, 3, -6) cm  xSize=2 cm  ySize=2 cm  zSize=4 cm  mat=lead
  Voxel 47  pos=(3, 5, -6) cm  xSize=2 cm  ySize=2 cm  zSize=4 cm  mat=lead
  Voxel 48  pos=(5, -7, -6) cm  xSize=2 cm  ySize=2 cm  zSize=4 cm  mat=lead
  Voxel 49  pos=(5, 7, -6) cm  xSize=2 cm  ySize=2 cm  zSize=4 cm  mat=lead
  Voxel 50  pos=(7, -7, -6) cm  xSize=2 cm  ySize=2 cm  zSize=4 cm  mat=lead
  Voxel 51  pos=(7, 7, -6) cm  xSize=2 cm  ySize=2 cm  zSize=4 cm  mat=lead
  Voxel 52  pos=(9, -7, -6) cm  xSize=2 cm  ySize=2 cm  zSize=4 cm  mat=lead
  Voxel 53  pos=(9, 7, -6) cm  xSize=2 cm  ySize=2 cm  zSize=4 cm  mat=lead
  Voxel 54  pos=(11, -7, -6) cm  xSize=2 cm  ySize=2 cm  zSize=4 cm  mat=lead
  Voxel 55  pos=(11, 7, -6) cm  xSize=2 cm  ySize=2 cm  zSize=4 cm  mat=lead
  Voxel 56  pos=(13, -7, -6) cm  xSize=2 cm  ySize=2 cm  zSize=4 cm  mat=lead
  Voxel 57  pos=(13, 7, -6) cm  xSize=2 cm  ySize=2 cm  zSize=4 cm  mat=lead
  Voxel 58  pos=(15, -7, -6) cm  xSize=2 cm  ySize=2 cm  zSize=4 cm  mat=lead
  Voxel 59  pos=(15, 7, -6) cm  xSize=2 cm  ySize=2 cm  zSize=4 cm  mat=lead
  Voxel 60  pos=(17, -5, -6) cm  xSize=2 cm  ySize=2 cm  zSize=4 cm  mat=lead
  Voxel 61  pos=(17, -3, -6) cm  xSize=2 cm  ySize=2 cm  zSize=4 cm  mat=lead
  Voxel 62  pos=(17, -1, -6) cm  xSize=2 cm  ySize=2 cm  zSize=4 cm  mat=lead
  Voxel 63  pos=(17, 1, -6) cm  xSize=2 cm  ySize=2 cm  zSize=4 cm  mat=lead
  Voxel 64  pos=(17, 3, -6) cm  xSize=2 cm  ySize=2 cm  zSize=4 cm  mat=lead
  Voxel 65  pos=(17, 5, -6) cm  xSize=2 cm  ySize=2 cm  zSize=4 cm  mat=lead
  Voxel 66  pos=(21, -7, -6) cm  xSize=2 cm  ySize=2 cm  zSize=4 cm  mat=lead
  Voxel 67  pos=(21, -5, -6) cm  xSize=2 cm  ySize=2 cm  zSize=4 cm  mat=lead
  Voxel 68  pos=(21, -3, -6) cm  xSize=2 cm  ySize=2 cm  zSize=4 cm  mat=lead
  Voxel 69  pos=(21, -1, -6) cm  xSize=2 cm  ySize=2 cm  zSize=4 cm  mat=lead
  Voxel 70  pos=(21, 1, -6) cm  xSize=2 cm  ySize=2 cm  zSize=4 cm  mat=lead
  Voxel 71  pos=(21, 3, -6) cm  xSize=2 cm  ySize=2 cm  zSize=4 cm  mat=lead
  Voxel 72  pos=(21, 5, -6) cm  xSize=2 cm  ySize=2 cm  zSize=4 cm  mat=lead
  Voxel 73  pos=(21, 7, -6) cm  xSize=2 cm  ySize=2 cm  zSize=4 cm  mat=lead
  Voxel 74  pos=(23, 5, -6) cm  xSize=2 cm  ySize=2 cm  zSize=4 cm  mat=lead
  Voxel 75  pos=(25, 3, -6) cm  xSize=2 cm  ySize=2 cm  zSize=4 cm  mat=lead
  Voxel 76  pos=(27, 1, -6) cm  xSize=2 cm  ySize=2 cm  zSize=4 cm  mat=lead
  Voxel 77  pos=(29, -1, -6) cm  xSize=2 cm  ySize=2 cm  zSize=4 cm  mat=lead
  Voxel 78  pos=(31, -3, -6) cm  xSize=2 cm  ySize=2 cm  zSize=4 cm  mat=lead
  Voxel 79  pos=(33, -5, -6) cm  xSize=2 cm  ySize=2 cm  zSize=4 cm  mat=lead
  Voxel 80  pos=(35, -7, -6) cm  xSize=2 cm  ySize=2 cm  zSize=4 cm  mat=lead
  Voxel 81  pos=(35, -5, -6) cm  xSize=2 cm  ySize=2 cm  zSize=4 cm  mat=lead
  Voxel 82  pos=(35, -3, -6) cm  xSize=2 cm  ySize=2 cm  zSize=4 cm  mat=lead
  Voxel 83  pos=(35, -1, -6) cm  xSize=2 cm  ySize=2 cm  zSize=4 cm  mat=lead
  Voxel 84  pos=(35, 1, -6) cm  xSize=2 cm  ySize=2 cm  zSize=4 cm  mat=lead
  Voxel 85  pos=(35, 3, -6) cm  xSize=2 cm  ySize=2 cm  zSize=4 cm  mat=lead
  Voxel 86  pos=(35, 5, -6) cm  xSize=2 cm  ySize=2 cm  zSize=4 cm  mat=lead
  Voxel 87  pos=(35, 7, -6) cm  xSize=2 cm  ySize=2 cm  zSize=4 cm  mat=lead
[0m
G4VUserPhysicsList::SetVerboseLevel  : Verbose level is set to 3
List of instantiated particles ============================================
GenericIon He3 alpha anti_He3 anti_alpha anti_deuteron anti_doublehyperH4 anti_doublehyperdoubleneutron anti_hyperH4 anti_hyperHe5 
anti_hyperalpha anti_hypertriton anti_kaon0 anti_lambda anti_neutron anti_nu_e anti_nu_mu anti_omega- anti_proton anti_sigma0 
anti_triton anti_xi- anti_xi0 chargedgeantino deuteron doublehyperH4 doublehyperdoubleneutron e+ e- eta 
eta_prime gamma geantino hyperH4 hyperHe5 hyperalpha hypertriton kaon+ kaon- kaon0 
kaon0L kaon0S lambda mu+ mu- neutron nu_e nu_mu omega- pi+ 
pi- pi0 proton sigma+ sigma- sigma0 triton xi- xi0 
CRY::CRYSetup: Setting returnNeutrons to 0
CRY::CRYSetup: Setting returnProtons to 0
CRY::CRYSetup: Setting returnGammas to 0
CRY::CRYSetup: Setting date to 7-1-2012 (month-day-year)
CRY::CRYSetup: Setting latitude to 90
CRY::CRYSetup: Setting altitude to 0
CRY::CRYSetup: Setting subboxLength to 2.56
userDetector->Construct() start.
Creando los objetos
Checking overlaps for volume layerPhys_0_0:0 (G4Box) ... OK! 
Checking overlaps for volume layerPhys_0_1:0 (G4Box) ... 
-------- WWWW ------- G4Exception-START -------- WWWW -------
*** G4Exception : GeomVol1002
      issued by : G4PVPlacement::CheckOverlaps()
Overlap with mother volume !
          Overlap is detected for volume layerPhys_0_1:0 (G4Box) with its mother volume detector_0 (G4Box)
          protrusion at mother local point (833.379,-284.345,-105) by 5 mm  (max of 517 cases)
NOTE: Reached maximum fixed number -1- of overlaps reports for this volume !
*** This is just a warning message. ***
-------- WWWW -------- G4Exception-END --------- WWWW -------

Checking overlaps for volume detectorPhys_0:0 (G4Box) ... OK! 
Checking overlaps for volume layerPhys_1_0:0 (G4Box) ... OK! 
Checking overlaps for volume layerPhys_1_1:0 (G4Box) ... 
-------- WWWW ------- G4Exception-START -------- WWWW -------
*** G4Exception : GeomVol1002
      issued by : G4PVPlacement::CheckOverlaps()
Overlap with mother volume !
          Overlap is detected for volume layerPhys_1_1:0 (G4Box) with its mother volume detector_1 (G4Box)
          protrusion at mother local point (-950.771,574.296,105) by 5 mm  (max of 502 cases)
NOTE: Reached maximum fixed number -1- of overlaps reports for this volume !
*** This is just a warning message. ***
-------- WWWW -------- G4Exception-END --------- WWWW -------

Checking overlaps for volume detectorPhys_1:0 (G4Box) ... OK! 
worldLogical is registered to the default region.
physicsList->Construct() start.
G4VUserPhysicsList::Construct()
G4VUserPhysicsList::InitializeProcessManager: creating ProcessManager to GenericIon
G4VUserPhysicsList::InitializeProcessManager: creating ProcessManager to He3
G4VUserPhysicsList::InitializeProcessManager: creating ProcessManager to alpha
G4VUserPhysicsList::InitializeProcessManager: creating ProcessManager to anti_He3
G4VUserPhysicsList::InitializeProcessManager: creating ProcessManager to anti_alpha
G4VUserPhysicsList::InitializeProcessManager: creating ProcessManager to anti_deuteron
G4VUserPhysicsList::InitializeProcessManager: creating ProcessManager to anti_doublehyperH4
G4VUserPhysicsList::InitializeProcessManager: creating ProcessManager to anti_doublehyperdoubleneutron
G4VUserPhysicsList::InitializeProcessManager: creating ProcessManager to anti_hyperH4
G4VUserPhysicsList::InitializeProcessManager: creating ProcessManager to anti_hyperHe5
G4VUserPhysicsList::InitializeProcessManager: creating ProcessManager to anti_hyperalpha
G4VUserPhysicsList::InitializeProcessManager: creating ProcessManager to anti_hypertriton
G4VUserPhysicsList::InitializeProcessManager: creating ProcessManager to anti_kaon0
G4VUserPhysicsList::InitializeProcessManager: creating ProcessManager to anti_lambda
G4VUserPhysicsList::InitializeProcessManager: creating ProcessManager to anti_neutron
G4VUserPhysicsList::InitializeProcessManager: creating ProcessManager to anti_nu_e
G4VUserPhysicsList::InitializeProcessManager: creating ProcessManager to anti_nu_mu
G4VUserPhysicsList::InitializeProcessManager: creating ProcessManager to anti_omega-
G4VUserPhysicsList::InitializeProcessManager: creating ProcessManager to anti_proton
G4VUserPhysicsList::InitializeProcessManager: creating ProcessManager to anti_sigma0
G4VUserPhysicsList::InitializeProcessManager: creating ProcessManager to anti_triton
G4VUserPhysicsList::InitializeProcessManager: creating ProcessManager to anti_xi-
G4VUserPhysicsList::InitializeProcessManager: creating ProcessManager to anti_xi0
G4VUserPhysicsList::InitializeProcessManager: creating ProcessManager to chargedgeantino
G4VUserPhysicsList::InitializeProcessManager: creating ProcessManager to deuteron
G4VUserPhysicsList::InitializeProcessManager: creating ProcessManager to doublehyperH4
G4VUserPhysicsList::InitializeProcessManager: creating ProcessManager to doublehyperdoubleneutron
G4VUserPhysicsList::InitializeProcessManager: creating ProcessManager to e+
G4VUserPhysicsList::InitializeProcessManager: creating ProcessManager to e-
G4VUserPhysicsList::InitializeProcessManager: creating ProcessManager to eta
G4VUserPhysicsList::InitializeProcessManager: creating ProcessManager to eta_prime
G4VUserPhysicsList::InitializeProcessManager: creating ProcessManager to gamma
G4VUserPhysicsList::InitializeProcessManager: creating ProcessManager to geantino
G4VUserPhysicsList::InitializeProcessManager: creating ProcessManager to hyperH4
G4VUserPhysicsList::InitializeProcessManager: creating ProcessManager to hyperHe5
G4VUserPhysicsList::InitializeProcessManager: creating ProcessManager to hyperalpha
G4VUserPhysicsList::InitializeProcessManager: creating ProcessManager to hypertriton
G4VUserPhysicsList::InitializeProcessManager: creating ProcessManager to kaon+
G4VUserPhysicsList::InitializeProcessManager: creating ProcessManager to kaon-
G4VUserPhysicsList::InitializeProcessManager: creating ProcessManager to kaon0
G4VUserPhysicsList::InitializeProcessManager: creating ProcessManager to kaon0L
G4VUserPhysicsList::InitializeProcessManager: creating ProcessManager to kaon0S
G4VUserPhysicsList::InitializeProcessManager: creating ProcessManager to lambda
G4VUserPhysicsList::InitializeProcessManager: creating ProcessManager to mu+
G4VUserPhysicsList::InitializeProcessManager: creating ProcessManager to mu-
G4VUserPhysicsList::InitializeProcessManager: creating ProcessManager to neutron
G4VUserPhysicsList::InitializeProcessManager: creating ProcessManager to nu_e
G4VUserPhysicsList::InitializeProcessManager: creating ProcessManager to nu_mu
G4VUserPhysicsList::InitializeProcessManager: creating ProcessManager to omega-
G4VUserPhysicsList::InitializeProcessManager: creating ProcessManager to pi+
G4VUserPhysicsList::InitializeProcessManager: creating ProcessManager to pi-
G4VUserPhysicsList::InitializeProcessManager: creating ProcessManager to pi0
G4VUserPhysicsList::InitializeProcessManager: creating ProcessManager to proton
G4VUserPhysicsList::InitializeProcessManager: creating ProcessManager to sigma+
G4VUserPhysicsList::InitializeProcessManager: creating ProcessManager to sigma-
G4VUserPhysicsList::InitializeProcessManager: creating ProcessManager to sigma0
G4VUserPhysicsList::InitializeProcessManager: creating ProcessManager to triton
G4VUserPhysicsList::InitializeProcessManager: creating ProcessManager to xi-
G4VUserPhysicsList::InitializeProcessManager: creating ProcessManager to xi0
Construct processes 
G4PhysicsListHelper::AddTransportation()  
physicsList->CheckParticleList() start.
physicsList->setCut() start.
G4VUserPhysicsList::SetParticleCuts:   :1[mm] for gamma
G4VUserPhysicsList::SetParticleCuts:   :1[mm] for e-
G4VUserPhysicsList::SetParticleCuts:   :1[mm] for e+
G4VUserPhysicsList::SetParticleCuts:   :1[mm] for proton
G4VUserPhysicsList::SetDefaultCutValue:default cut value is changed to   :1[mm]
G4VUserPhysicsList::SetCuts:   
Cut for gamma: 1[mm]
Cut  for e-: 1[mm]
Cut  for e+: 1[mm]
Cut  for proton: 1[mm]
/
/layer_0_0   *** Active 
/layer_0_1   *** Active 
/layer_1_0   *** Active 
/layer_1_1   *** Active 
Visualization Manager instantiating with verbosity "warnings (3)"...
Visualization Manager initialising...
Registering graphics systems...

You have successfully registered the following graphics systems.
Registered graphics systems are:
  ASCIITree (ATree)
  DAWNFILE (DAWNFILE)
  G4HepRepFile (HepRepFile)
  RayTracer (RayTracer)
  VRML2FILE (VRML2FILE)
  gMocrenFile (gMocrenFile)
  TOOLSSG_OFFSCREEN (TSG_OFFSCREEN)
  TOOLSSG_OFFSCREEN (TSG_OFFSCREEN, TSG_FILE, TSG)
Default graphics system is: TSG_OFFSCREEN (based on batch session).
Default window size hint is: 600x600-0+0 (based on G4VisManager initialisation).
Note: Parameters specified on the command line will override these defaults.
      Use "vis/open" without parameters to get these defaults.

Registering model factories...

You have successfully registered the following model factories.
Registered model factories:
  generic
  drawByAttribute
  drawByCharge
  drawByOriginVolume
  drawByParticleID
  drawByEncounteredVolume

Registered models:
  None

Registered filter factories:
  attributeFilter
  chargeFilter
  originVolumeFilter
  particleFilter
  encounteredVolumeFilter

Registered filters:
  None

You have successfully registered the following user vis actions.
Run Duration User Vis Actions: none
End of Event User Vis Actions: none
End of Run User Vis Actions: none

Some /vis commands (optionally) take a string to specify colour.
"/vis/list" to see available colours.
Starging the party joder
Starging the party
G4ProductionCutsTable::UpdateCoupleTable() - Elapsed time for calculation of energy cuts: 
User=0.000000s Real=0.000063s Sys=0.000000s [Cpu=0.0%]
=======================================================================
======                 Electromagnetic Physics Parameters      ========
=======================================================================
LPM effect enabled                                 1
Enable creation and use of sampling tables         0
Apply cuts on all EM processes                     0
Use combined TransportationWithMsc                 Disabled
Use general process                                0
Enable linear polarisation for gamma               0
Enable photoeffect sampling below K-shell          1
Enable sampling of quantum entanglement            0
X-section factor for integral approach             0.8
Min kinetic energy for tables                      100 eV 
Max kinetic energy for tables                      100 TeV
Number of bins per decade of a table               7
Verbose level                                      1
Verbose level for worker thread                    0
Bremsstrahlung energy threshold above which 
  primary e+- is added to the list of secondary    100 TeV
Bremsstrahlung energy threshold above which primary
  muon/hadron is added to the list of secondary    100 TeV
Lowest triplet kinetic energy                      1 MeV
Enable sampling of gamma linear polarisation       0
5D gamma conversion model type                     0
5D gamma conversion model on isolated ion          0
Livermore data directory                           epics_2017
=======================================================================
======                 Ionisation Parameters                   ========
=======================================================================
Step function for e+-                              (0.2, 1 mm)
Step function for muons/hadrons                    (0.2, 0.1 mm)
Step function for light ions                       (0.2, 0.1 mm)
Step function for general ions                     (0.2, 0.1 mm)
Lowest e+e- kinetic energy                         1 keV
Lowest muon/hadron kinetic energy                  1 keV
Use ICRU90 data                                    0
Fluctuations of dE/dx are enabled                  1
Type of fluctuation model for leptons and hadrons  Universal
Use built-in Birks satuaration                     0
Build CSDA range enabled                           0
Use cut as a final range enabled                   0
Enable angular generator interface                 0
Max kinetic energy for CSDA tables                 1 GeV
Max kinetic energy for NIEL computation            0 eV 
Linear loss limit                                  0.01
Read data from file for e+e- pair production by mu 0
=======================================================================
======                 Multiple Scattering Parameters          ========
=======================================================================
Type of msc step limit algorithm for e+-           1
Type of msc step limit algorithm for muons/hadrons 0
Msc lateral displacement for e+- enabled           1
Msc lateral displacement for muons and hadrons     0
Urban msc model lateral displacement alg96         1
Range factor for msc step limit for e+-            0.04
Range factor for msc step limit for muons/hadrons  0.2
Geometry factor for msc step limitation of e+-     2.5
Safety factor for msc step limit for e+-           0.6
Skin parameter for msc step limitation of e+-      1
Lambda limit for msc step limit for e+-            1 mm
Use Mott correction for e- scattering              0
Factor used for dynamic computation of angular 
  limit between single and multiple scattering     1
Fixed angular limit between single 
  and multiple scattering                          3.1416 rad
Upper energy limit for e+- multiple scattering     100 MeV
Type of electron single scattering model           0
Type of nuclear form-factor                        1
Screening factor                                   1
=======================================================================
G4VUserPhysicsList::BuildPhysicsTable does not retrieve Cut Table but calculate 
G4VUserPhysicsList::BuildPhysicsTable  Calculate Physics Table for gamma
G4VUserPhysicsList::BuildPhysicsTable %%%%%% gamma
 ProcessManager : 0x2e43eb0 ProcessManagerShadow : 0x2e43eb0
  0 - Transportation
  1 - phot
  2 - compt
  3 - pol-compt
  4 - conv
--------------------------------------------------------------
  0 - Transportation
  1 - phot
  2 - compt
  3 - pol-compt
  4 - conv

phot:  for gamma SubType=12 BuildTable=0
      LambdaPrime table from 200 keV to 100 TeV in 61 bins 
      ===== EM models for the G4Region  DefaultRegionForTheWorld ======
       PhotoElectric : Emin=    0 eV  Emax=  100 TeV  SauterGavrila

compt:  for gamma SubType=13 BuildTable=1
      Lambda table from 100 eV  to 1 MeV, 7 bins/decade, spline: 1
      LambdaPrime table from 1 MeV to 100 TeV in 56 bins 
      ===== EM models for the G4Region  DefaultRegionForTheWorld ======
       Klein-Nishina : Emin=    0 eV  Emax=  100 TeV

pol-compt:  for gamma SubType=13 BuildTable=1
      Lambda table from 100 eV  to 1 MeV, 7 bins/decade, spline: 1
      LambdaPrime table from 1 MeV to 100 TeV in 56 bins 
      ===== EM models for the G4Region  DefaultRegionForTheWorld ======
   Polarized-Compton : Emin=    0 eV  Emax=  100 TeV

conv:  for gamma SubType=14 BuildTable=1
      Lambda table from 1.022 MeV to 100 TeV, 18 bins/decade, spline: 1
      ===== EM models for the G4Region  DefaultRegionForTheWorld ======
     BetheHeitlerLPM : Emin=    0 eV  Emax=  100 TeV  ModifiedTsai
G4VUserPhysicsList::BuildPhysicsTable  Calculate Physics Table for e-
G4VUserPhysicsList::BuildPhysicsTable %%%%%% e-
 ProcessManager : 0x2e437c0 ProcessManagerShadow : 0x2e437c0
  0 - Transportation
  1 - msc
  2 - eIoni
  3 - eBrem
--------------------------------------------------------------
  0 - Transportation
  1 - msc
  2 - eIoni
  3 - eBrem

msc:  for e-  SubType= 10
      ===== EM models for the G4Region  DefaultRegionForTheWorld ======
            UrbanMsc : Emin=    0 eV  Emax=  100 TeV Nbins=84 100 eV  - 100 TeV
          StepLim=UseSafety Rfact=0.04 Gfact=2.5 Sfact=0.6 DispFlag:1 Skin=1 Llim=1 mm

eIoni:  for e-  XStype:3  SubType=2
      dE/dx and range tables from 100 eV  to 100 TeV in 84 bins
      Lambda tables from threshold to 100 TeV, 7 bins/decade, spline: 1
      StepFunction=(0.2, 1 mm), integ: 3, fluct: 1, linLossLim= 0.01
      ===== EM models for the G4Region  DefaultRegionForTheWorld ======
        MollerBhabha : Emin=    0 eV  Emax=  100 TeV

eBrem:  for e-  XStype:4  SubType=3
      dE/dx and range tables from 100 eV  to 100 TeV in 84 bins
      Lambda tables from threshold to 100 TeV, 7 bins/decade, spline: 1
      LPM flag: 1 for E > 1 GeV,  VertexHighEnergyTh(GeV)= 100000
      ===== EM models for the G4Region  DefaultRegionForTheWorld ======
             eBremSB : Emin=    0 eV  Emax=    1 GeV  ModifiedTsai
            eBremLPM : Emin=    1 GeV Emax=  100 TeV  ModifiedTsai
G4VUserPhysicsList::BuildPhysicsTable  Calculate Physics Table for e+
G4VUserPhysicsList::BuildPhysicsTable %%%%%% e+
 ProcessManager : 0x2e43570 ProcessManagerShadow : 0x2e43570
  0 - Transportation
  1 - msc
  2 - eIoni
  3 - eBrem
  4 - annihil
--------------------------------------------------------------
  0 - Transportation
  1 - msc
  2 - eIoni
  3 - eBrem
  4 - annihil

msc:  for e+  SubType= 10
      ===== EM models for the G4Region  DefaultRegionForTheWorld ======
            UrbanMsc : Emin=    0 eV  Emax=  100 TeV Nbins=84 100 eV  - 100 TeV
          StepLim=UseSafety Rfact=0.04 Gfact=2.5 Sfact=0.6 DispFlag:1 Skin=1 Llim=1 mm

eIoni:  for e+  XStype:3  SubType=2
      dE/dx and range tables from 100 eV  to 100 TeV in 84 bins
      Lambda tables from threshold to 100 TeV, 7 bins/decade, spline: 1
      StepFunction=(0.2, 1 mm), integ: 3, fluct: 1, linLossLim= 0.01
      ===== EM models for the G4Region  DefaultRegionForTheWorld ======
        MollerBhabha : Emin=    0 eV  Emax=  100 TeV

eBrem:  for e+  XStype:4  SubType=3
      dE/dx and range tables from 100 eV  to 100 TeV in 84 bins
      Lambda tables from threshold to 100 TeV, 7 bins/decade, spline: 1
      LPM flag: 1 for E > 1 GeV,  VertexHighEnergyTh(GeV)= 100000
      ===== EM models for the G4Region  DefaultRegionForTheWorld ======
             eBremSB : Emin=    0 eV  Emax=    1 GeV  ModifiedTsai
            eBremLPM : Emin=    1 GeV Emax=  100 TeV  ModifiedTsai

annihil:  for e+ XStype:2 SubType=5 BuildTable=0
      ===== EM models for the G4Region  DefaultRegionForTheWorld ======
            eplus2gg : Emin=    0 eV  Emax=  100 TeV
G4VUserPhysicsList::BuildPhysicsTable  Calculate Physics Table for proton
G4VUserPhysicsList::BuildPhysicsTable %%%%%% proton
 ProcessManager : 0x2e46f40 ProcessManagerShadow : 0x2e46f40
  0 - Transportation
  1 - msc
  2 - hIoni
--------------------------------------------------------------
  0 - Transportation
  1 - msc
  2 - hIoni

msc:  for proton  SubType= 10
      ===== EM models for the G4Region  DefaultRegionForTheWorld ======
            UrbanMsc : Emin=    0 eV  Emax=  100 TeV Nbins=84 100 eV  - 100 TeV
          StepLim=Minimal Rfact=0.2 Gfact=2.5 Sfact=0.6 DispFlag:0 Skin=1 Llim=1 mm

hIoni:  for proton  XStype:3  SubType=2
      dE/dx and range tables from 100 eV  to 100 TeV in 84 bins
      Lambda tables from threshold to 100 TeV, 7 bins/decade, spline: 1
      StepFunction=(0.2, 0.1 mm), integ: 3, fluct: 1, linLossLim= 0.01
      ===== EM models for the G4Region  DefaultRegionForTheWorld ======
               Bragg : Emin=    0 eV  Emax=    2 MeV
          BetheBloch : Emin=    2 MeV Emax=  100 TeV
G4VUserPhysicsList::BuildPhysicsTable  Calculate Physics Table for GenericIon
G4VUserPhysicsList::BuildPhysicsTable %%%%%% GenericIon
 ProcessManager : 0x2e3b5e0 ProcessManagerShadow : 0x2e3b5e0
  0 - Transportation
  1 - msc
  2 - hIoni
--------------------------------------------------------------
  0 - Transportation
  1 - msc
  2 - hIoni

msc:  for GenericIon  SubType= 10
      ===== EM models for the G4Region  DefaultRegionForTheWorld ======
            UrbanMsc : Emin=    0 eV  Emax=  100 TeV
          StepLim=Minimal Rfact=0.2 Gfact=2.5 Sfact=0.6 DispFlag:0 Skin=1 Llim=1 mm

hIoni:  for GenericIon  XStype:3  SubType=2
      dE/dx and range tables from 100 eV  to 100 TeV in 84 bins
      Lambda tables from threshold to 100 TeV, 7 bins/decade, spline: 1
      StepFunction=(0.2, 0.1 mm), integ: 3, fluct: 1, linLossLim= 0.01
      ===== EM models for the G4Region  DefaultRegionForTheWorld ======
               Bragg : Emin=    0 eV  Emax=    2 MeV
          BetheBloch : Emin=    2 MeV Emax=  100 TeV
G4VUserPhysicsList::BuildPhysicsTable  Calculate Physics Table for He3
G4VUserPhysicsList::BuildPhysicsTable %%%%%% He3
 ProcessManager : 0x2e3fa10 ProcessManagerShadow : 0x2e3fa10
  0 - Transportation
  1 - msc
  2 - hIoni
--------------------------------------------------------------
  0 - Transportation
  1 - msc
  2 - hIoni
G4VUserPhysicsList::BuildPhysicsTable  Calculate Physics Table for alpha
G4VUserPhysicsList::BuildPhysicsTable %%%%%% alpha
 ProcessManager : 0x2e3fba0 ProcessManagerShadow : 0x2e3fba0
  0 - Transportation
  1 - msc
  2 - hIoni
--------------------------------------------------------------
  0 - Transportation
  1 - msc
  2 - hIoni

msc:  for alpha  SubType= 10
      ===== EM models for the G4Region  DefaultRegionForTheWorld ======
            UrbanMsc : Emin=    0 eV  Emax=  100 TeV
          StepLim=Minimal Rfact=0.2 Gfact=2.5 Sfact=0.6 DispFlag:0 Skin=1 Llim=1 mm

hIoni:  for alpha  XStype:3  SubType=2
      dE/dx and range tables from 100 eV  to 100 TeV in 84 bins
      Lambda tables from threshold to 100 TeV, 7 bins/decade, spline: 1
      StepFunction=(0.2, 0.1 mm), integ: 3, fluct: 1, linLossLim= 0.01
      ===== EM models for the G4Region  DefaultRegionForTheWorld ======
               Bragg : Emin=    0 eV  Emax=7.9452 MeV
          BetheBloch : Emin=7.9452 MeV Emax=  100 TeV
G4VUserPhysicsList::BuildPhysicsTable  Calculate Physics Table for anti_He3
G4VUserPhysicsList::BuildPhysicsTable %%%%%% anti_He3
 ProcessManager : 0x2e3fdf0 ProcessManagerShadow : 0x2e3fdf0
  0 - Transportation
  1 - msc
  2 - hIoni
--------------------------------------------------------------
  0 - Transportation
  1 - msc
  2 - hIoni
G4VUserPhysicsList::BuildPhysicsTable  Calculate Physics Table for anti_alpha
G4VUserPhysicsList::BuildPhysicsTable %%%%%% anti_alpha
 ProcessManager : 0x2e40040 ProcessManagerShadow : 0x2e40040
  0 - Transportation
  1 - msc
  2 - hIoni
--------------------------------------------------------------
  0 - Transportation
  1 - msc
  2 - hIoni
G4VUserPhysicsList::BuildPhysicsTable  Calculate Physics Table for anti_deuteron
G4VUserPhysicsList::BuildPhysicsTable %%%%%% anti_deuteron
 ProcessManager : 0x2e40290 ProcessManagerShadow : 0x2e40290
  0 - Transportation
  1 - msc
  2 - hIoni
--------------------------------------------------------------
  0 - Transportation
  1 - msc
  2 - hIoni
G4VUserPhysicsList::BuildPhysicsTable  Calculate Physics Table for anti_doublehyperH4
G4VUserPhysicsList::BuildPhysicsTable %%%%%% anti_doublehyperH4
 ProcessManager : 0x2e404e0 ProcessManagerShadow : 0x2e404e0
  0 - Transportation
  1 - Decay
  2 - msc
  3 - hIoni
--------------------------------------------------------------
  0 - Transportation
  1 - Decay
  2 - msc
  3 - hIoni
G4VUserPhysicsList::BuildPhysicsTable  Calculate Physics Table for anti_doublehyperdoubleneutron
G4VUserPhysicsList::BuildPhysicsTable %%%%%% anti_doublehyperdoubleneutron
 ProcessManager : 0x2e40730 ProcessManagerShadow : 0x2e40730
  0 - Transportation
  1 - Decay
--------------------------------------------------------------
  0 - Transportation
  1 - Decay
G4VUserPhysicsList::BuildPhysicsTable  Calculate Physics Table for anti_hyperH4
G4VUserPhysicsList::BuildPhysicsTable %%%%%% anti_hyperH4
 ProcessManager : 0x2e40980 ProcessManagerShadow : 0x2e40980
  0 - Transportation
  1 - Decay
  2 - msc
  3 - hIoni
--------------------------------------------------------------
  0 - Transportation
  1 - Decay
  2 - msc
  3 - hIoni
G4VUserPhysicsList::BuildPhysicsTable  Calculate Physics Table for anti_hyperHe5
G4VUserPhysicsList::BuildPhysicsTable %%%%%% anti_hyperHe5
 ProcessManager : 0x2e40bd0 ProcessManagerShadow : 0x2e40bd0
  0 - Transportation
  1 - Decay
  2 - msc
  3 - hIoni
--------------------------------------------------------------
  0 - Transportation
  1 - Decay
  2 - msc
  3 - hIoni
G4VUserPhysicsList::BuildPhysicsTable  Calculate Physics Table for anti_hyperalpha
G4VUserPhysicsList::BuildPhysicsTable %%%%%% anti_hyperalpha
 ProcessManager : 0x2e40e20 ProcessManagerShadow : 0x2e40e20
  0 - Transportation
  1 - Decay
  2 - msc
  3 - hIoni
--------------------------------------------------------------
  0 - Transportation
  1 - Decay
  2 - msc
  3 - hIoni
G4VUserPhysicsList::BuildPhysicsTable  Calculate Physics Table for anti_hypertriton
G4VUserPhysicsList::BuildPhysicsTable %%%%%% anti_hypertriton
 ProcessManager : 0x2e41070 ProcessManagerShadow : 0x2e41070
  0 - Transportation
  1 - Decay
  2 - msc
  3 - hIoni
--------------------------------------------------------------
  0 - Transportation
  1 - Decay
  2 - msc
  3 - hIoni
G4VUserPhysicsList::BuildPhysicsTable  Calculate Physics Table for anti_kaon0
G4VUserPhysicsList::BuildPhysicsTable %%%%%% anti_kaon0
 ProcessManager : 0x2e412c0 ProcessManagerShadow : 0x2e412c0
  0 - Transportation
  1 - Decay
--------------------------------------------------------------
  0 - Transportation
  1 - Decay
G4VUserPhysicsList::BuildPhysicsTable  Calculate Physics Table for anti_lambda
G4VUserPhysicsList::BuildPhysicsTable %%%%%% anti_lambda
 ProcessManager : 0x2e41510 ProcessManagerShadow : 0x2e41510
  0 - Transportation
  1 - Decay
--------------------------------------------------------------
  0 - Transportation
  1 - Decay
G4VUserPhysicsList::BuildPhysicsTable  Calculate Physics Table for anti_neutron
G4VUserPhysicsList::BuildPhysicsTable %%%%%% anti_neutron
 ProcessManager : 0x2e41760 ProcessManagerShadow : 0x2e41760
  0 - Transportation
  1 - Decay
--------------------------------------------------------------
  0 - Transportation
  1 - Decay
G4VUserPhysicsList::BuildPhysicsTable  Calculate Physics Table for anti_nu_e
G4VUserPhysicsList::BuildPhysicsTable %%%%%% anti_nu_e
 ProcessManager : 0x2e419b0 ProcessManagerShadow : 0x2e419b0
  0 - Transportation
--------------------------------------------------------------
  0 - Transportation
G4VUserPhysicsList::BuildPhysicsTable  Calculate Physics Table for anti_nu_mu
G4VUserPhysicsList::BuildPhysicsTable %%%%%% anti_nu_mu
 ProcessManager : 0x2e41c00 ProcessManagerShadow : 0x2e41c00
  0 - Transportation
--------------------------------------------------------------
  0 - Transportation
G4VUserPhysicsList::BuildPhysicsTable  Calculate Physics Table for anti_omega-
G4VUserPhysicsList::BuildPhysicsTable %%%%%% anti_omega-
 ProcessManager : 0x2e41e50 ProcessManagerShadow : 0x2e41e50
  0 - Transportation
  1 - Decay
  2 - msc
  3 - hIoni
--------------------------------------------------------------
  0 - Transportation
  1 - Decay
  2 - msc
  3 - hIoni
G4VUserPhysicsList::BuildPhysicsTable  Calculate Physics Table for anti_proton
G4VUserPhysicsList::BuildPhysicsTable %%%%%% anti_proton
 ProcessManager : 0x2e420a0 ProcessManagerShadow : 0x2e420a0
  0 - Transportation
  1 - msc
  2 - hIoni
--------------------------------------------------------------
  0 - Transportation
  1 - msc
  2 - hIoni

msc:  for anti_proton  SubType= 10
      ===== EM models for the G4Region  DefaultRegionForTheWorld ======
            UrbanMsc : Emin=    0 eV  Emax=  100 TeV Nbins=84 100 eV  - 100 TeV
          StepLim=Minimal Rfact=0.2 Gfact=2.5 Sfact=0.6 DispFlag:0 Skin=1 Llim=1 mm

hIoni:  for anti_proton  XStype:3  SubType=2
      dE/dx and range tables from 100 eV  to 100 TeV in 84 bins
      Lambda tables from threshold to 100 TeV, 7 bins/decade, spline: 1
      StepFunction=(0.2, 0.1 mm), integ: 3, fluct: 1, linLossLim= 0.01
      ===== EM models for the G4Region  DefaultRegionForTheWorld ======
            ICRU73QO : Emin=    0 eV  Emax=    2 MeV
          BetheBloch : Emin=    2 MeV Emax=  100 TeV
G4VUserPhysicsList::BuildPhysicsTable  Calculate Physics Table for anti_sigma0
G4VUserPhysicsList::BuildPhysicsTable %%%%%% anti_sigma0
 ProcessManager : 0x2e422f0 ProcessManagerShadow : 0x2e422f0
  0 - Transportation
  1 - Decay
--------------------------------------------------------------
  0 - Transportation
  1 - Decay
G4VUserPhysicsList::BuildPhysicsTable  Calculate Physics Table for anti_triton
G4VUserPhysicsList::BuildPhysicsTable %%%%%% anti_triton
 ProcessManager : 0x2e42540 ProcessManagerShadow : 0x2e42540
  0 - Transportation
  1 - Decay
  2 - msc
  3 - hIoni
--------------------------------------------------------------
  0 - Transportation
  1 - Decay
  2 - msc
  3 - hIoni
G4VUserPhysicsList::BuildPhysicsTable  Calculate Physics Table for anti_xi-
G4VUserPhysicsList::BuildPhysicsTable %%%%%% anti_xi-
 ProcessManager : 0x2e42790 ProcessManagerShadow : 0x2e42790
  0 - Transportation
  1 - Decay
  2 - msc
  3 - hIoni
--------------------------------------------------------------
  0 - Transportation
  1 - Decay
  2 - msc
  3 - hIoni
G4VUserPhysicsList::BuildPhysicsTable  Calculate Physics Table for anti_xi0
G4VUserPhysicsList::BuildPhysicsTable %%%%%% anti_xi0
 ProcessManager : 0x2e429e0 ProcessManagerShadow : 0x2e429e0
  0 - Transportation
  1 - Decay
--------------------------------------------------------------
  0 - Transportation
  1 - Decay
G4VUserPhysicsList::BuildPhysicsTable  Calculate Physics Table for chargedgeantino
G4VUserPhysicsList::BuildPhysicsTable %%%%%% chargedgeantino
 ProcessManager : 0x2e42c30 ProcessManagerShadow : 0x2e42c30
  0 - Transportation
--------------------------------------------------------------
  0 - Transportation
G4VUserPhysicsList::BuildPhysicsTable  Calculate Physics Table for deuteron
G4VUserPhysicsList::BuildPhysicsTable %%%%%% deuteron
 ProcessManager : 0x2e42e80 ProcessManagerShadow : 0x2e42e80
  0 - Transportation
  1 - msc
  2 - hIoni
--------------------------------------------------------------
  0 - Transportation
  1 - msc
  2 - hIoni
G4VUserPhysicsList::BuildPhysicsTable  Calculate Physics Table for doublehyperH4
G4VUserPhysicsList::BuildPhysicsTable %%%%%% doublehyperH4
 ProcessManager : 0x2e430d0 ProcessManagerShadow : 0x2e430d0
  0 - Transportation
  1 - Decay
  2 - msc
  3 - hIoni
--------------------------------------------------------------
  0 - Transportation
  1 - Decay
  2 - msc
  3 - hIoni
G4VUserPhysicsList::BuildPhysicsTable  Calculate Physics Table for doublehyperdoubleneutron
G4VUserPhysicsList::BuildPhysicsTable %%%%%% doublehyperdoubleneutron
 ProcessManager : 0x2e43320 ProcessManagerShadow : 0x2e43320
  0 - Transportation
  1 - Decay
--------------------------------------------------------------
  0 - Transportation
  1 - Decay
G4VUserPhysicsList::BuildPhysicsTable  Calculate Physics Table for eta
G4VUserPhysicsList::BuildPhysicsTable %%%%%% eta
 ProcessManager : 0x2e43a10 ProcessManagerShadow : 0x2e43a10
  0 - Transportation
  1 - Decay
--------------------------------------------------------------
  0 - Transportation
  1 - Decay
G4VUserPhysicsList::BuildPhysicsTable  Calculate Physics Table for eta_prime
G4VUserPhysicsList::BuildPhysicsTable %%%%%% eta_prime
 ProcessManager : 0x2e43c60 ProcessManagerShadow : 0x2e43c60
  0 - Transportation
  1 - Decay
--------------------------------------------------------------
  0 - Transportation
  1 - Decay
G4VUserPhysicsList::BuildPhysicsTable  Calculate Physics Table for geantino
G4VUserPhysicsList::BuildPhysicsTable %%%%%% geantino
 ProcessManager : 0x2e44100 ProcessManagerShadow : 0x2e44100
  0 - Transportation
--------------------------------------------------------------
  0 - Transportation
G4VUserPhysicsList::BuildPhysicsTable  Calculate Physics Table for hyperH4
G4VUserPhysicsList::BuildPhysicsTable %%%%%% hyperH4
 ProcessManager : 0x2e44350 ProcessManagerShadow : 0x2e44350
  0 - Transportation
  1 - Decay
  2 - msc
  3 - hIoni
--------------------------------------------------------------
  0 - Transportation
  1 - Decay
  2 - msc
  3 - hIoni
G4VUserPhysicsList::BuildPhysicsTable  Calculate Physics Table for hyperHe5
G4VUserPhysicsList::BuildPhysicsTable %%%%%% hyperHe5
 ProcessManager : 0x2e445a0 ProcessManagerShadow : 0x2e445a0
  0 - Transportation
  1 - Decay
  2 - msc
  3 - hIoni
--------------------------------------------------------------
  0 - Transportation
  1 - Decay
  2 - msc
  3 - hIoni
G4VUserPhysicsList::BuildPhysicsTable  Calculate Physics Table for hyperalpha
G4VUserPhysicsList::BuildPhysicsTable %%%%%% hyperalpha
 ProcessManager : 0x2e447f0 ProcessManagerShadow : 0x2e447f0
  0 - Transportation
  1 - Decay
  2 - msc
  3 - hIoni
--------------------------------------------------------------
  0 - Transportation
  1 - Decay
  2 - msc
  3 - hIoni
G4VUserPhysicsList::BuildPhysicsTable  Calculate Physics Table for hypertriton
G4VUserPhysicsList::BuildPhysicsTable %%%%%% hypertriton
 ProcessManager : 0x2e44a40 ProcessManagerShadow : 0x2e44a40
  0 - Transportation
  1 - Decay
  2 - msc
  3 - hIoni
--------------------------------------------------------------
  0 - Transportation
  1 - Decay
  2 - msc
  3 - hIoni
G4VUserPhysicsList::BuildPhysicsTable  Calculate Physics Table for kaon+
G4VUserPhysicsList::BuildPhysicsTable %%%%%% kaon+
 ProcessManager : 0x2e44c90 ProcessManagerShadow : 0x2e44c90
  0 - Transportation
  1 - Decay
  2 - msc
  3 - hIoni
--------------------------------------------------------------
  0 - Transportation
  1 - Decay
  2 - msc
  3 - hIoni

msc:  for kaon+  SubType= 10
      ===== EM models for the G4Region  DefaultRegionForTheWorld ======
            UrbanMsc : Emin=    0 eV  Emax=  100 TeV Nbins=84 100 eV  - 100 TeV
          StepLim=Minimal Rfact=0.2 Gfact=2.5 Sfact=0.6 DispFlag:0 Skin=1 Llim=1 mm

hIoni:  for kaon+  XStype:3  SubType=2
      dE/dx and range tables from 100 eV  to 100 TeV in 84 bins
      Lambda tables from threshold to 100 TeV, 7 bins/decade, spline: 1
      StepFunction=(0.2, 0.1 mm), integ: 3, fluct: 1, linLossLim= 0.01
      ===== EM models for the G4Region  DefaultRegionForTheWorld ======
               Bragg : Emin=    0 eV  Emax=1.05231 MeV
          BetheBloch : Emin=1.05231 MeV Emax=  100 TeV
G4VUserPhysicsList::BuildPhysicsTable  Calculate Physics Table for kaon-
G4VUserPhysicsList::BuildPhysicsTable %%%%%% kaon-
 ProcessManager : 0x2e44ee0 ProcessManagerShadow : 0x2e44ee0
  0 - Transportation
  1 - Decay
  2 - msc
  3 - hIoni
--------------------------------------------------------------
  0 - Transportation
  1 - Decay
  2 - msc
  3 - hIoni

msc:  for kaon-  SubType= 10
      ===== EM models for the G4Region  DefaultRegionForTheWorld ======
            UrbanMsc : Emin=    0 eV  Emax=  100 TeV Nbins=84 100 eV  - 100 TeV
          StepLim=Minimal Rfact=0.2 Gfact=2.5 Sfact=0.6 DispFlag:0 Skin=1 Llim=1 mm

hIoni:  for kaon-  XStype:3  SubType=2
      dE/dx and range tables from 100 eV  to 100 TeV in 84 bins
      Lambda tables from threshold to 100 TeV, 7 bins/decade, spline: 1
      StepFunction=(0.2, 0.1 mm), integ: 3, fluct: 1, linLossLim= 0.01
      ===== EM models for the G4Region  DefaultRegionForTheWorld ======
            ICRU73QO : Emin=    0 eV  Emax=1.05231 MeV
          BetheBloch : Emin=1.05231 MeV Emax=  100 TeV
G4VUserPhysicsList::BuildPhysicsTable  Calculate Physics Table for kaon0
G4VUserPhysicsList::BuildPhysicsTable %%%%%% kaon0
 ProcessManager : 0x2e45130 ProcessManagerShadow : 0x2e45130
  0 - Transportation
  1 - Decay
--------------------------------------------------------------
  0 - Transportation
  1 - Decay
G4VUserPhysicsList::BuildPhysicsTable  Calculate Physics Table for kaon0L
G4VUserPhysicsList::BuildPhysicsTable %%%%%% kaon0L
 ProcessManager : 0x2e45380 ProcessManagerShadow : 0x2e45380
  0 - Transportation
  1 - Decay
--------------------------------------------------------------
  0 - Transportation
  1 - Decay
G4VUserPhysicsList::BuildPhysicsTable  Calculate Physics Table for kaon0S
G4VUserPhysicsList::BuildPhysicsTable %%%%%% kaon0S
 ProcessManager : 0x2e455d0 ProcessManagerShadow : 0x2e455d0
  0 - Transportation
  1 - Decay
--------------------------------------------------------------
  0 - Transportation
  1 - Decay
G4VUserPhysicsList::BuildPhysicsTable  Calculate Physics Table for lambda
G4VUserPhysicsList::BuildPhysicsTable %%%%%% lambda
 ProcessManager : 0x2e45820 ProcessManagerShadow : 0x2e45820
  0 - Transportation
  1 - Decay
--------------------------------------------------------------
  0 - Transportation
  1 - Decay
G4VUserPhysicsList::BuildPhysicsTable  Calculate Physics Table for mu+
G4VUserPhysicsList::BuildPhysicsTable %%%%%% mu+
 ProcessManager : 0x2e45a70 ProcessManagerShadow : 0x2e45a70
  0 - Transportation
  1 - Decay
  2 - msc
  3 - muIoni
  4 - muBrems
  5 - muPairProd
--------------------------------------------------------------
  0 - Transportation
  1 - Decay
  2 - msc
  3 - muIoni
  4 - muBrems
  5 - muPairProd

msc:  for mu+  SubType= 10
      ===== EM models for the G4Region  DefaultRegionForTheWorld ======
            UrbanMsc : Emin=    0 eV  Emax=  100 TeV Nbins=84 100 eV  - 100 TeV
          StepLim=Minimal Rfact=0.2 Gfact=2.5 Sfact=0.6 DispFlag:0 Skin=1 Llim=1 mm

muIoni:  for mu+  XStype:3  SubType=2
      dE/dx and range tables from 100 eV  to 100 TeV in 84 bins
      Lambda tables from threshold to 100 TeV, 7 bins/decade, spline: 1
      StepFunction=(0.2, 0.1 mm), integ: 3, fluct: 1, linLossLim= 0.01
      ===== EM models for the G4Region  DefaultRegionForTheWorld ======
               Bragg : Emin=    0 eV  Emax=  200 keV
        MuBetheBloch : Emin=  200 keV Emax=  100 TeV

muBrems:  for mu+  XStype:1  SubType=3
      dE/dx and range tables from 100 eV  to 100 TeV in 84 bins
      Lambda tables from threshold to 100 TeV, 7 bins/decade, spline: 1
      ===== EM models for the G4Region  DefaultRegionForTheWorld ======
              MuBrem : Emin=    0 eV  Emax=  100 TeV  ModifiedMephi

muPairProd:  for mu+  XStype:1  SubType=4
      dE/dx and range tables from 100 eV  to 100 TeV in 84 bins
      Lambda tables from threshold to 100 TeV, 7 bins/decade, spline: 1
      Sampling table 21x1001; from 0.85 GeV to 100 TeV 
      ===== EM models for the G4Region  DefaultRegionForTheWorld ======
          muPairProd : Emin=    0 eV  Emax=  100 TeV  ModifiedMephi
G4VUserPhysicsList::BuildPhysicsTable  Calculate Physics Table for mu-
G4VUserPhysicsList::BuildPhysicsTable %%%%%% mu-
 ProcessManager : 0x2e45cc0 ProcessManagerShadow : 0x2e45cc0
  0 - Transportation
  1 - Decay
  2 - msc
  3 - muIoni
  4 - muBrems
  5 - muPairProd
--------------------------------------------------------------
  0 - Transportation
  1 - Decay
  2 - msc
  3 - muIoni
  4 - muBrems
  5 - muPairProd

msc:  for mu-  SubType= 10
      ===== EM models for the G4Region  DefaultRegionForTheWorld ======
            UrbanMsc : Emin=    0 eV  Emax=  100 TeV Nbins=84 100 eV  - 100 TeV
          StepLim=Minimal Rfact=0.2 Gfact=2.5 Sfact=0.6 DispFlag:0 Skin=1 Llim=1 mm

muIoni:  for mu-  XStype:3  SubType=2
      dE/dx and range tables from 100 eV  to 100 TeV in 84 bins
      Lambda tables from threshold to 100 TeV, 7 bins/decade, spline: 1
      StepFunction=(0.2, 0.1 mm), integ: 3, fluct: 1, linLossLim= 0.01
      ===== EM models for the G4Region  DefaultRegionForTheWorld ======
            ICRU73QO : Emin=    0 eV  Emax=  200 keV
        MuBetheBloch : Emin=  200 keV Emax=  100 TeV

muBrems:  for mu-  XStype:1  SubType=3
      dE/dx and range tables from 100 eV  to 100 TeV in 84 bins
      Lambda tables from threshold to 100 TeV, 7 bins/decade, spline: 1
      ===== EM models for the G4Region  DefaultRegionForTheWorld ======
              MuBrem : Emin=    0 eV  Emax=  100 TeV  ModifiedMephi

muPairProd:  for mu-  XStype:1  SubType=4
      dE/dx and range tables from 100 eV  to 100 TeV in 84 bins
      Lambda tables from threshold to 100 TeV, 7 bins/decade, spline: 1
      Sampling table 21x1001; from 0.85 GeV to 100 TeV 
      ===== EM models for the G4Region  DefaultRegionForTheWorld ======
          muPairProd : Emin=    0 eV  Emax=  100 TeV  ModifiedMephi
G4VUserPhysicsList::BuildPhysicsTable  Calculate Physics Table for neutron
G4VUserPhysicsList::BuildPhysicsTable %%%%%% neutron
 ProcessManager : 0x2e45f10 ProcessManagerShadow : 0x2e45f10
  0 - Transportation
  1 - Decay
--------------------------------------------------------------
  0 - Transportation
  1 - Decay
G4VUserPhysicsList::BuildPhysicsTable  Calculate Physics Table for nu_e
G4VUserPhysicsList::BuildPhysicsTable %%%%%% nu_e
 ProcessManager : 0x2e46160 ProcessManagerShadow : 0x2e46160
  0 - Transportation
--------------------------------------------------------------
  0 - Transportation
G4VUserPhysicsList::BuildPhysicsTable  Calculate Physics Table for nu_mu
G4VUserPhysicsList::BuildPhysicsTable %%%%%% nu_mu
 ProcessManager : 0x2e463b0 ProcessManagerShadow : 0x2e463b0
  0 - Transportation
--------------------------------------------------------------
  0 - Transportation
G4VUserPhysicsList::BuildPhysicsTable  Calculate Physics Table for omega-
G4VUserPhysicsList::BuildPhysicsTable %%%%%% omega-
 ProcessManager : 0x2e46600 ProcessManagerShadow : 0x2e46600
  0 - Transportation
  1 - Decay
  2 - msc
  3 - hIoni
--------------------------------------------------------------
  0 - Transportation
  1 - Decay
  2 - msc
  3 - hIoni
G4VUserPhysicsList::BuildPhysicsTable  Calculate Physics Table for pi+
G4VUserPhysicsList::BuildPhysicsTable %%%%%% pi+
 ProcessManager : 0x2e46850 ProcessManagerShadow : 0x2e46850
  0 - Transportation
  1 - Decay
  2 - msc
  3 - hIoni
--------------------------------------------------------------
  0 - Transportation
  1 - Decay
  2 - msc
  3 - hIoni

msc:  for pi+  SubType= 10
      ===== EM models for the G4Region  DefaultRegionForTheWorld ======
            UrbanMsc : Emin=    0 eV  Emax=  100 TeV Nbins=84 100 eV  - 100 TeV
          StepLim=Minimal Rfact=0.2 Gfact=2.5 Sfact=0.6 DispFlag:0 Skin=1 Llim=1 mm

hIoni:  for pi+  XStype:3  SubType=2
      dE/dx and range tables from 100 eV  to 100 TeV in 84 bins
      Lambda tables from threshold to 100 TeV, 7 bins/decade, spline: 1
      StepFunction=(0.2, 0.1 mm), integ: 3, fluct: 1, linLossLim= 0.01
      ===== EM models for the G4Region  DefaultRegionForTheWorld ======
               Bragg : Emin=    0 eV  Emax=297.505 keV
          BetheBloch : Emin=297.505 keV Emax=  100 TeV
G4VUserPhysicsList::BuildPhysicsTable  Calculate Physics Table for pi-
G4VUserPhysicsList::BuildPhysicsTable %%%%%% pi-
 ProcessManager : 0x2e46aa0 ProcessManagerShadow : 0x2e46aa0
  0 - Transportation
  1 - Decay
  2 - msc
  3 - hIoni
--------------------------------------------------------------
  0 - Transportation
  1 - Decay
  2 - msc
  3 - hIoni

msc:  for pi-  SubType= 10
      ===== EM models for the G4Region  DefaultRegionForTheWorld ======
            UrbanMsc : Emin=    0 eV  Emax=  100 TeV Nbins=84 100 eV  - 100 TeV
          StepLim=Minimal Rfact=0.2 Gfact=2.5 Sfact=0.6 DispFlag:0 Skin=1 Llim=1 mm

hIoni:  for pi-  XStype:3  SubType=2
      dE/dx and range tables from 100 eV  to 100 TeV in 84 bins
      Lambda tables from threshold to 100 TeV, 7 bins/decade, spline: 1
      StepFunction=(0.2, 0.1 mm), integ: 3, fluct: 1, linLossLim= 0.01
      ===== EM models for the G4Region  DefaultRegionForTheWorld ======
            ICRU73QO : Emin=    0 eV  Emax=297.505 keV
          BetheBloch : Emin=297.505 keV Emax=  100 TeV
G4VUserPhysicsList::BuildPhysicsTable  Calculate Physics Table for pi0
G4VUserPhysicsList::BuildPhysicsTable %%%%%% pi0
 ProcessManager : 0x2e46cf0 ProcessManagerShadow : 0x2e46cf0
  0 - Transportation
  1 - Decay
--------------------------------------------------------------
  0 - Transportation
  1 - Decay
G4VUserPhysicsList::BuildPhysicsTable  Calculate Physics Table for sigma+
G4VUserPhysicsList::BuildPhysicsTable %%%%%% sigma+
 ProcessManager : 0x2e47190 ProcessManagerShadow : 0x2e47190
  0 - Transportation
  1 - Decay
  2 - msc
  3 - hIoni
--------------------------------------------------------------
  0 - Transportation
  1 - Decay
  2 - msc
  3 - hIoni
G4VUserPhysicsList::BuildPhysicsTable  Calculate Physics Table for sigma-
G4VUserPhysicsList::BuildPhysicsTable %%%%%% sigma-
 ProcessManager : 0x2e473e0 ProcessManagerShadow : 0x2e473e0
  0 - Transportation
  1 - Decay
  2 - msc
  3 - hIoni
--------------------------------------------------------------
  0 - Transportation
  1 - Decay
  2 - msc
  3 - hIoni
G4VUserPhysicsList::BuildPhysicsTable  Calculate Physics Table for sigma0
G4VUserPhysicsList::BuildPhysicsTable %%%%%% sigma0
 ProcessManager : 0x2e47630 ProcessManagerShadow : 0x2e47630
  0 - Transportation
  1 - Decay
--------------------------------------------------------------
  0 - Transportation
  1 - Decay
G4VUserPhysicsList::BuildPhysicsTable  Calculate Physics Table for triton
G4VUserPhysicsList::BuildPhysicsTable %%%%%% triton
 ProcessManager : 0x2e47880 ProcessManagerShadow : 0x2e47880
  0 - Transportation
  1 - Decay
  2 - msc
  3 - hIoni
--------------------------------------------------------------
  0 - Transportation
  1 - Decay
  2 - msc
  3 - hIoni
G4VUserPhysicsList::BuildPhysicsTable  Calculate Physics Table for xi-
G4VUserPhysicsList::BuildPhysicsTable %%%%%% xi-
 ProcessManager : 0x2e47ad0 ProcessManagerShadow : 0x2e47ad0
  0 - Transportation
  1 - Decay
  2 - msc
  3 - hIoni
--------------------------------------------------------------
  0 - Transportation
  1 - Decay
  2 - msc
  3 - hIoni
G4VUserPhysicsList::BuildPhysicsTable  Calculate Physics Table for xi0
G4VUserPhysicsList::BuildPhysicsTable %%%%%% xi0
 ProcessManager : 0x2e47d20 ProcessManagerShadow : 0x2e47d20
  0 - Transportation
  1 - Decay
--------------------------------------------------------------
  0 - Transportation
  1 - Decay

Region <DefaultRegionForTheWorld> --  -- appears in <worldPhysical> world volume
 This region is in the mass world.
 Root logical volume(s) : worldLogical 
 Pointers : G4VUserRegionInformation[0], G4UserLimits[0], G4FastSimulationManager[0], G4UserSteppingAction[0]
 Materials : G4_AIR G4_Pb 
 Production cuts :   gamma 1 mm      e- 1 mm      e+ 1 mm  proton 1 mm 

Region <DefaultRegionForParallelWorld> --  -- is not associated to any world.
 Root logical volume(s) : 
 Pointers : G4VUserRegionInformation[0], G4UserLimits[0], G4FastSimulationManager[0], G4UserSteppingAction[0]
 Materials : 
 Production cuts :   gamma 1 mm      e- 1 mm      e+ 1 mm  proton 1 mm 

========= Table of registered couples ============================

Index : 0     used in the geometry : Yes
 Material : G4_AIR
 Range cuts        :  gamma  1 mm     e-  1 mm     e+  1 mm  proton 1 mm 
 Energy thresholds :  gamma  990 eV     e-  990 eV     e+  990 eV  proton 100 keV
 Region(s) which use this couple : 
    DefaultRegionForTheWorld

Index : 1     used in the geometry : Yes
 Material : G4_Pb
 Range cuts        :  gamma  1 mm     e-  1 mm     e+  1 mm  proton 1 mm 
 Energy thresholds :  gamma  101.797 keV    e-  1.37158 MeV    e+  1.2826 MeV proton 100 keV
 Region(s) which use this couple : 
    DefaultRegionForTheWorld

==================================================================

Start closing geometry.
G4GeometryManager::ReportVoxelStats -- Voxel Statistics

    Total memory consumed for geometry optimisation:   37 kByte
    Total CPU time elapsed for geometry optimisation: 0 seconds

    Voxelisation: top CPU users:
    Percent   Total CPU    System CPU       Memory  Volume
    -------   ----------   ----------     --------  ----------
       0.00         0.00         0.00           37k worldLogical
       0.00         0.00         0.00            0k detector_0
       0.00         0.00         0.00            0k detector_1

    Voxelisation: top memory users:
    Percent     Memory      Heads    Nodes   Pointers    Total CPU    Volume
    -------   --------     ------   ------   --------   ----------    ----------
      98.69         36k        83      453       1220         0.00    worldLogical
       0.65          0k         1        3          4         0.00    detector_0
       0.65          0k         1        3          4         0.00    detector_1
G4VisManager: Using G4TrajectoryDrawByCharge as fallback trajectory model.
See commands in /vis/modeling/trajectories/ for other options.
### Run 0 starts.
 Run terminated.
Run Summary
  Number of events processed : 10000
  User=1.820000s Real=1.828332s Sys=0.000000s [Cpu=99.5%]
Graphics systems deleted.
Visualization Manager deleting...
G4 kernel has come to Quit state.
UserDetectorConstruction deleted.
G4VUserPhysicsList::RemoveProcessManager: remove ProcessManager from GenericIon
G4VUserPhysicsList::RemoveProcessManager: remove ProcessManager from He3
G4VUserPhysicsList::RemoveProcessManager: remove ProcessManager from alpha
G4VUserPhysicsList::RemoveProcessManager: remove ProcessManager from anti_He3
G4VUserPhysicsList::RemoveProcessManager: remove ProcessManager from anti_alpha
G4VUserPhysicsList::RemoveProcessManager: remove ProcessManager from anti_deuteron
G4VUserPhysicsList::RemoveProcessManager: remove ProcessManager from anti_doublehyperH4
G4VUserPhysicsList::RemoveProcessManager: remove ProcessManager from anti_doublehyperdoubleneutron
G4VUserPhysicsList::RemoveProcessManager: remove ProcessManager from anti_hyperH4
G4VUserPhysicsList::RemoveProcessManager: remove ProcessManager from anti_hyperHe5
G4VUserPhysicsList::RemoveProcessManager: remove ProcessManager from anti_hyperalpha
G4VUserPhysicsList::RemoveProcessManager: remove ProcessManager from anti_hypertriton
G4VUserPhysicsList::RemoveProcessManager: remove ProcessManager from anti_kaon0
G4VUserPhysicsList::RemoveProcessManager: remove ProcessManager from anti_lambda
G4VUserPhysicsList::RemoveProcessManager: remove ProcessManager from anti_neutron
G4VUserPhysicsList::RemoveProcessManager: remove ProcessManager from anti_nu_e
G4VUserPhysicsList::RemoveProcessManager: remove ProcessManager from anti_nu_mu
G4VUserPhysicsList::RemoveProcessManager: remove ProcessManager from anti_omega-
G4VUserPhysicsList::RemoveProcessManager: remove ProcessManager from anti_proton
G4VUserPhysicsList::RemoveProcessManager: remove ProcessManager from anti_sigma0
G4VUserPhysicsList::RemoveProcessManager: remove ProcessManager from anti_triton
G4VUserPhysicsList::RemoveProcessManager: remove ProcessManager from anti_xi-
G4VUserPhysicsList::RemoveProcessManager: remove ProcessManager from anti_xi0
G4VUserPhysicsList::RemoveProcessManager: remove ProcessManager from chargedgeantino
G4VUserPhysicsList::RemoveProcessManager: remove ProcessManager from deuteron
G4VUserPhysicsList::RemoveProcessManager: remove ProcessManager from doublehyperH4
G4VUserPhysicsList::RemoveProcessManager: remove ProcessManager from doublehyperdoubleneutron
G4VUserPhysicsList::RemoveProcessManager: remove ProcessManager from e+
G4VUserPhysicsList::RemoveProcessManager: remove ProcessManager from e-
G4VUserPhysicsList::RemoveProcessManager: remove ProcessManager from eta
G4VUserPhysicsList::RemoveProcessManager: remove ProcessManager from eta_prime
G4VUserPhysicsList::RemoveProcessManager: remove ProcessManager from gamma
G4VUserPhysicsList::RemoveProcessManager: remove ProcessManager from geantino
G4VUserPhysicsList::RemoveProcessManager: remove ProcessManager from hyperH4
G4VUserPhysicsList::RemoveProcessManager: remove ProcessManager from hyperHe5
G4VUserPhysicsList::RemoveProcessManager: remove ProcessManager from hyperalpha
G4VUserPhysicsList::RemoveProcessManager: remove ProcessManager from hypertriton
G4VUserPhysicsList::RemoveProcessManager: remove ProcessManager from kaon+
G4VUserPhysicsList::RemoveProcessManager: remove ProcessManager from kaon-
G4VUserPhysicsList::RemoveProcessManager: remove ProcessManager from kaon0
G4VUserPhysicsList::RemoveProcessManager: remove ProcessManager from kaon0L
G4VUserPhysicsList::RemoveProcessManager: remove ProcessManager from kaon0S
G4VUserPhysicsList::RemoveProcessManager: remove ProcessManager from lambda
G4VUserPhysicsList::RemoveProcessManager: remove ProcessManager from mu+
G4VUserPhysicsList::RemoveProcessManager: remove ProcessManager from mu-
G4VUserPhysicsList::RemoveProcessManager: remove ProcessManager from neutron
G4VUserPhysicsList::RemoveProcessManager: remove ProcessManager from nu_e
G4VUserPhysicsList::RemoveProcessManager: remove ProcessManager from nu_mu
G4VUserPhysicsList::RemoveProcessManager: remove ProcessManager from omega-
G4VUserPhysicsList::RemoveProcessManager: remove ProcessManager from pi+
G4VUserPhysicsList::RemoveProcessManager: remove ProcessManager from pi-
G4VUserPhysicsList::RemoveProcessManager: remove ProcessManager from pi0
G4VUserPhysicsList::RemoveProcessManager: remove ProcessManager from proton
G4VUserPhysicsList::RemoveProcessManager: remove ProcessManager from sigma+
G4VUserPhysicsList::RemoveProcessManager: remove ProcessManager from sigma-
G4VUserPhysicsList::RemoveProcessManager: remove ProcessManager from sigma0
G4VUserPhysicsList::RemoveProcessManager: remove ProcessManager from triton
G4VUserPhysicsList::RemoveProcessManager: remove ProcessManager from xi-
G4VUserPhysicsList::RemoveProcessManager: remove ProcessManager from xi0
UserPhysicsList deleted.
UserActionInitialization deleted.
UserWorkerInitialization deleted.
UserWorkerThreadInitialization deleted.
UserRunAction deleted.
Time simulated: 10.7584
UserPrimaryGenerator deleted.
RunManager is deleting RunManagerKernel.
G4SDManager deleted.
EventManager deleted.
Units table cleared.
TransportationManager deleted.
Total navigation history collections cleaned: 16
G4RNGHelper object is deleted.
================== Deleting memory pools ===================
Pool ID '20G4NavigationLevelRep', size : 0.024 MB
Pool ID '24G4ReferenceCountedHandleIvE', size : 0.000961 MB
Pool ID '16G4SmartVoxelNode', size : 0.0154 MB
Pool ID '17G4SmartVoxelProxy', size : 0.00865 MB
Pool ID '7G4Event', size : 0.000961 MB
Pool ID '15G4PrimaryVertex', size : 0.000961 MB
Pool ID '17G4PrimaryParticle', size : 0.000961 MB
Pool ID '15G4HCofThisEvent', size : 0.000961 MB
Pool ID '16G4HitsCollection', size : 0.000961 MB
Pool ID '17G4DynamicParticle', size : 0.0221 MB
Pool ID '7G4Track', size : 0.0433 MB
Pool ID '18G4TouchableHistory', size : 0.00192 MB
Pool ID '15G4CountedObjectIvE', size : 0.000961 MB
Number of memory pools allocated: 14; of which, static: 1
Dynamic pools deleted: 13 / Total memory freed: 0.13 MB
============================================================
G4Allocator objects are deleted.
UImanager deleted.
StateManager deleted.
RunManagerKernel is deleted. Good bye :)
RunManager is deleted.
The program finished successfully
[CORRECT] Geant4 done.
[INFO] Running makeHLTuple...
Number of events 5680
4
-------------------New----------------
0 0 18.45260460704322 89.02010020618606 118.5
0 1 21.141866687372733 89.31904525189658 108.5
1 0 83.20079676868222 96.59084739996035 -117.5
1 1 80.56387618530178 96.30702040638639 -108.0
5
-------------------New----------------
0 0 -20.387492480464534 -41.87518832905427 118.5
0 1 -18.226549949339134 -40.63394954361874 108.5
1 0 30.505988877044494 -12.368793329926959 -117.5
1 1 28.465137039675522 -13.567706601505028 -108.0
6
-------------------New----------------
0 0 37.764748011328415 -27.444114758725675 118.5
0 1 34.59920652062467 -31.69894466212533 108.5
1 0 -37.460599382761735 -127.29389700797518 -117.5
1 1 -34.43138914822681 -123.30084533553607 -108.0
7
-------------------New----------------
0 0 -21.451055812627676 -67.79093090874532 118.5
0 1 -24.59134319064534 -66.88410695719169 108.5
1 0 -95.537219194124 -46.38367405733702 -117.5
1 1 -92.55460115062739 -47.24630896791941 -108.0
11
-------------------New----------------
0 0 -85.91562920011259 32.384046595061 118.5
0 1 -84.40883771410886 31.838494609023105 108.5
1 0 -50.30369525524602 19.51695579256043 -117.5
1 1 -51.74263475044869 20.035085794489085 -108.0
48
-------------------New----------------
0 0 21.06051643385792 33.77457221743494 118.5
0 1 14.992578381819323 34.35083996406302 108.5
1 0 -122.04777779959315 47.412263267358135 -117.5
1 1 -116.28936146573608 46.861370362714034 -108.0
49
-------------------New----------------
0 0 -105.3260238673525 -116.01584124093797 118.5
0 1 -105.95352137635584 -116.09675201566549 108.5
1 0 -120.13537621346174 -117.92276566528103 -117.5
1 1 -119.539181822096 -117.84598846243894 -108.0
51
-------------------New----------------
0 0 43.2574971007168 42.81420924259904 118.5
0 1 41.9540959390291 39.10882993827496 108.5
1 0 12.581822082080368 -44.59525300591867 -117.5
1 1 13.813617672807936 -41.076694063909244 -108.0
52
-------------------New----------------
0 0 -6.242548373564422 -120.61054211631549 118.5
0 1 -3.6254760401971518 -120.8531991523183 108.5
1 0 55.519564793163454 -126.33746077195869 -117.5
1 1 53.033349663278145 -126.10697126461045 -108.0
55
-------------------New----------------
0 0 15.105082862436216 26.03432621895619 118.5
0 1 18.320276355583115 27.33159959236596 108.5
1 0 90.99190766844086 56.65637441357925 -117.5
1 1 87.93627072630723 55.4235935440136 -108.0
61
-------------------New----------------
0 0 -61.598120503448925 -32.969354589479515 118.5
0 1 -64.13827461096345 -31.586723148757976 108.5
1 0 -121.61243416627933 -0.31218524778611945 -117.5
1 1 -119.18825085893752 -1.6281677236550205 -108.0
63
-------------------New----------------
0 0 6.2916357173444855 -53.494348089341315 118.5
0 1 1.6381515956324897 -53.739388616692864 108.5
1 0 -103.52166685956774 -59.28988158796305 -117.5
1 1 -99.10558072050269 -59.05606462255647 -108.0
64
-------------------New----------------
0 0 64.42974934795652 -34.8218919389093 118.5
0 1 65.76755975059943 -31.70136284237706 108.5
1 0 95.99542055253082 38.83297698444012 -117.5
1 1 94.72557846238308 35.86715787380476 -108.0
76
-------------------New----------------
0 0 99.47999982512997 -39.47861408041794 118.5
0 1 99.02471787057696 -36.79019246367663 108.5
1 0 88.44873764888402 23.94326114414043 -117.5
1 1 88.90932218983843 21.39527318718005 -108.0
86
-------------------New----------------
0 0 7.658885938786861 -63.7247607798912 118.5
0 1 5.92459001664214 -65.89874110485428 108.5
1 0 -33.31850102789646 -114.92317084183703 -117.5
1 1 -31.675101939173988 -112.86413520501159 -108.0
92
-------------------New----------------
0 0 10.609323236424823 53.62608781162421 118.5
0 1 4.938374038168699 50.95800237520297 108.5
1 0 -123.3603053519821 -9.253507514076427 -117.5
1 1 -117.95702743856415 -6.71848883211034 -108.0
93
-------------------New----------------
0 0 33.516083193948205 49.116986728435414 118.5
0 1 27.038380041617934 48.398752224208856 108.5
1 0 -119.25232620424443 32.16046489171765 -117.5
1 1 -113.10601474840105 32.84361588942623 -108.0
94
-------------------New----------------
0 0 5.775294594171203 -72.80622107277512 118.5
0 1 3.1384744542317327 -71.21498992122662 108.5
1 0 -56.483674451254274 -35.28015357194822 -117.5
1 1 -53.977154436831164 -36.788833291180204 -108.0
105
-------------------New----------------
0 0 -42.38420292258453 3.736982613090811 118.5
0 1 -36.550364857136614 2.1713825640418962 108.5
1 0 95.2164381333178 -33.235683732766546 -117.5
1 1 89.67911565471931 -31.73288137855942 -108.0
113
-------------------New----------------
0 0 -24.20349528368772 6.362188820858632 118.5
0 1 -22.67065268996975 8.02855600293669 108.5
1 0 12.060649428993596 45.686381922818995 -117.5
1 1 10.595620935799534 44.10697421676521 -108.0
114
-------------------New----------------
0 0 -3.392558963735599 31.82242479985061 118.5
0 1 -2.260051566639486 32.2246701207953 108.5
1 0 23.116371207169514 41.36966480901951 -117.5
1 1 22.06082000579371 40.99470220025875 -108.0
117
-------------------New----------------
0 0 -112.22210092514369 -54.12225852797284 118.5
0 1 -111.59062598312616 -51.57651160490875 108.5
1 0 -97.21512903137277 6.021360352155057 -117.5
1 1 -97.828543302429 3.6011764646135007 -108.0
120
-------------------New----------------
0 0 -48.73417954553349 -47.161468391340854 118.5
0 1 -49.70784529285488 -44.24951167348381 108.5
1 0 -71.69587329019572 21.59965178964231 -117.5
1 1 -70.77266317308712 18.83062035121972 -108.0
129
-------------------New----------------
0 0 70.78827068948037 95.13677034966841 118.5
0 1 67.3403769567312 93.39181113592576 108.5
1 0 -10.631211267315646 54.097960949216336 -117.5
1 1 -7.355550573989379 55.746322143257274 -108.0
130
-------------------New----------------
0 0 -68.93787164919286 94.32103791710412 118.5
0 1 -71.15741272130997 93.08352358332476 108.5
1 0 -121.2873243967791 65.09123789654629 -117.5
1 1 -119.18166300468829 66.27494441501308 -108.0
137
-------------------New----------------
0 0 -16.674576558187546 27.083420579059048 118.5
0 1 -13.03320316761345 29.291130321840125 108.5
1 0 69.28621502645946 79.18716638049564 -117.5
1 1 65.82585801936547 77.08984228119189 -108.0
139
-------------------New----------------
0 0 30.93896729611954 31.046774353535977 118.5
0 1 34.71675401423117 27.85947131602875 108.5
1 0 120.10041119368671 -44.27698977024123 -117.5
1 1 116.50967280049701 -41.250521012163 -108.0
140
-------------------New----------------
0 0 47.17105783740236 -18.240136584078865 118.5
0 1 49.425093087087355 -14.701990974670082 108.5
1 0 100.32083960160384 65.21588180648821 -117.5
1 1 98.18838007158514 61.85951441686333 -108.0
141
-------------------New----------------
0 0 33.50949355250397 -27.919082232741243 118.5
0 1 32.72169736710226 -31.962718387980793 108.5
1 0 14.911967750875235 -123.31432852732091 -117.5
1 1 15.660168253973293 -119.47610190900082 -108.0
147
-------------------New----------------
0 0 -90.36426452978019 -103.70759664971824 118.5
0 1 -89.41256332065663 -101.94604218263417 108.5
1 0 -67.88331912219279 -62.14629434978923 -117.5
1 1 -68.7881579145125 -63.819227668567734 -108.0
149
-------------------New----------------
0 0 1.4166428954023444 66.23411064889567 118.5
0 1 -0.988858941745758 66.89058079628731 108.5
1 0 -55.34661896515128 81.76496491941113 -117.5
1 1 -53.05919413380699 81.13769649188141 -108.0
152
-------------------New----------------
0 0 -26.298192427536595 -50.079321284832076 118.5
0 1 -27.29960121941652 -47.17287867420002 108.5
1 0 -50.13109702375518 18.601223877379 -117.5
1 1 -49.15941257515902 15.831172110106063 -108.0
155
-------------------New----------------
0 0 -9.414108150603615 -78.30075951231399 118.5
0 1 -4.152129945983193 -78.49973563643536 108.5
1 0 114.77664123545267 -83.00747388719964 -117.5
1 1 109.78088231856695 -82.81764166686202 -108.0
161
-------------------New----------------
0 0 71.9396086152102 -12.29958964697378 118.5
0 1 74.19202304365791 -16.196620674027095 108.5
1 0 124.98025397163747 -104.42531693434796 -117.5
1 1 122.84607393853665 -100.72413341578815 -108.0
165
-------------------New----------------
0 0 59.475806539263395 25.78021609469257 118.5
0 1 59.52269065141827 27.743768279587208 108.5
1 0 60.55608154243904 72.09365936778421 -117.5
1 1 60.51645180500778 70.2312075581244 -108.0
173
-------------------New----------------
0 0 93.01947230874529 -37.2738837399202 118.5
0 1 92.94156476353909 -33.17655821829017 108.5
1 0 91.19801153013981 59.43173686600543 -117.5
1 1 91.2706972208438 55.53897068597995 -108.0
175
-------------------New----------------
0 0 27.645437380166264 3.3554095451519372 118.5
0 1 26.42241015551024 0.7512863951610325 108.5
1 0 -1.1979310249007884 -58.068285700378695 -117.5
1 1 -0.03693936303733099 -55.59590761393706 -108.0
178
-------------------New----------------
0 0 26.39605582638071 104.06893927896661 118.5
0 1 27.380226524468423 102.59455903353364 108.5
1 0 49.616655981351855 69.36980961447844 -117.5
1 1 48.67991997216435 70.76580966867266 -108.0
188
-------------------New----------------
0 0 -28.48200498786669 -0.8106372851642588 118.5
0 1 -32.56617681411683 3.9628134300225284 108.5
1 0 -124.9332446756403 112.16819845269201 -117.5
1 1 -121.04103496857294 107.61467117356581 -108.0
189
-------------------New----------------
0 0 26.262612542958113 -48.84096365525893 118.5
0 1 28.578277954724154 -45.18951222009461 108.5
1 0 80.93995967206953 37.324926553374034 -117.5
1 1 78.73742859616888 33.85666623250111 -108.0
191
-------------------New----------------
0 0 56.115364592234016 -30.300160904338902 118.5
0 1 55.44957965777037 -33.4157958362265 108.5
1 0 40.368022646692864 -103.76498726575542 -117.5
1 1 41.00340312117535 -100.81149006833441 -108.0
196
-------------------New----------------
0 0 -18.012364485417134 -0.8280384205638966 118.5
0 1 -15.595584069131894 -4.967826478885045 108.5
1 0 39.120130817682565 -98.69990250516143 -117.5
1 1 36.824107149808846 -94.7641410623656 -108.0
198
-------------------New----------------
0 0 38.18465364085149 0.24865027026627148 118.5
0 1 40.41347514408055 0.5700031988608508 108.5
1 0 90.66134586541924 7.8523689405871995 -117.5
1 1 88.57151863041388 7.540959093072667 -108.0
203
-------------------New----------------
0 0 -70.14534194604121 10.392332908006825 118.5
0 1 -70.43478230910742 9.060729420621675 108.5
1 0 -76.70274178070946 -20.97178317728723 -117.5
1 1 -76.44228176827609 -19.711325330251118 -108.0
207
-------------------New----------------
0 0 81.04376317405442 -42.191398800136206 118.5
0 1 81.8605212082497 -44.87786947009723 108.5
1 0 100.34770705597853 -105.24305701164337 -117.5
1 1 99.56477616621204 -102.69985771833838 -108.0
211
-------------------New----------------
0 0 100.82896398889508 28.47258406575777 118.5
0 1 100.99867164713301 23.77777724631044 108.5
1 0 104.86617382637402 -82.34425821823093 -117.5
1 1 104.70451935374983 -77.88265778932002 -108.0
213
-------------------New----------------
0 0 9.572492629867938 -90.09782491855448 118.5
0 1 13.110331606852787 -89.5713571911666 108.5
1 0 93.07402462916261 -77.59818253864273 -117.5
1 1 89.71810774015321 -78.10429285585703 -108.0
218
-------------------New----------------
0 0 46.40981600281198 -62.95652230064195 118.5
0 1 45.12575688395323 -64.20877383665893 108.5
1 0 16.090714092059798 -92.47269140512518 -117.5
1 1 17.30905706873097 -91.28401548663652 -108.0
219
-------------------New----------------
0 0 50.55019144259711 61.68555428923314 118.5
0 1 45.74577414058806 60.0735935777155 108.5
1 0 -62.82651228532726 23.668463969050094 -117.5
1 1 -58.262625625523754 25.19838496180973 -108.0
226
-------------------New----------------
0 0 61.632911790386586 84.03110644262267 118.5
0 1 62.338255535500124 82.89424822325404 108.5
1 0 78.24827012013 57.27784115155212 -117.5
1 1 77.583387919409 58.34385417433613 -108.0
233
-------------------New----------------
0 0 -73.44238686467824 25.135894417942666 118.5
0 1 -69.88885994171241 21.710505306277206 108.5
1 0 10.367455406175317 -55.794290591668165 -117.5
1 1 6.994730807427757 -52.53683950020384 -108.0
234
-------------------New----------------
0 0 -6.450530195127493 46.12032315975789 118.5
0 1 -1.307870954883515 43.66204507599891 108.5
1 0 114.90359246294535 -11.902059775633393 -117.5
1 1 110.02004069805089 -9.565705854449396 -108.0
236
-------------------New----------------
0 0 13.92716417725644 17.510960108578878 118.5
0 1 15.695205622468773 17.667365156052846 108.5
1 0 55.48860808687766 21.27360999451371 -117.5
1 1 53.82624836033633 21.145425344180456 -108.0
239
-------------------New----------------
0 0 45.987758424830616 29.06779388025446 118.5
0 1 49.05392662797928 22.733263324683836 108.5
1 0 118.37447133478966 -120.49106840809891 -117.5
1 1 115.45946347941397 -114.46966459348941 -108.0
241
-------------------New----------------
0 0 18.069117025410232 -19.170118300986363 118.5
0 1 22.10629907778806 -17.08654475785685 108.5
1 0 113.38319769590267 30.093519435973935 -117.5
1 1 109.54320372474758 28.108786940810923 -108.0
247
-------------------New----------------
0 0 -41.83786783120442 41.8215660365113 118.5
0 1 -41.55988951334273 36.41271626529055 108.5
1 0 -35.276403211179165 -85.751077601363 -117.5
1 1 -35.540511876343054 -80.6167314140914 -108.0
255
-------------------New----------------
0 0 -8.14759926632011 16.83977363347048 118.5
0 1 -8.218664035005395 15.477876811711733 108.5
1 0 -9.717218986779784 -15.417274087621152 -117.5
1 1 -9.665260733699954 -14.114677078950876 -108.0
258
-------------------New----------------
0 0 45.77367364669068 65.09473664718426 118.5
0 1 48.25361470899509 65.38158809267193 108.5
1 0 104.29760231842701 71.85874219641127 -117.5
1 1 101.9422461739233 71.58575206611576 -108.0
260
-------------------New----------------
0 0 -65.67381667253154 32.257510502207104 118.5
0 1 -64.23970768976385 33.101413890697174 108.5
1 0 -31.819961383328206 52.21131517838002 -117.5
1 1 -33.185938678354624 51.407221522675286 -108.0
268
-------------------New----------------
0 0 58.606998229030786 -35.53596355450308 118.5
0 1 59.2939270124091 -34.518251722064186 108.5
1 0 74.81694436665828 -11.514051311247972 -117.5
1 1 74.16417612776452 -12.481027594303626 -108.0
270
-------------------New----------------
0 0 -59.30433024727306 -13.80664782000333 118.5
0 1 -55.81092343815072 -16.65483583019491 108.5
1 0 23.13692198135526 -81.06551131838395 -117.5
1 1 19.817968702267137 -78.35767416641441 -108.0
271
-------------------New----------------
0 0 -30.718035991046815 -6.925426726352542 118.5
0 1 -33.32061303180079 -7.6099023624767685 108.5
1 0 -91.83552393601403 -23.03815224820481 -117.5
1 1 -89.39785194476772 -22.38974784338337 -108.0
274
-------------------New----------------
0 0 34.68233173329576 66.77741137179714 118.5
0 1 29.86084205378412 65.9051875079213 108.5
1 0 -79.1788962600157 45.953580853576355 -117.5
1 1 -74.5807714086052 46.797098795237574 -108.0
275
-------------------New----------------
0 0 -0.8967162976361166 -27.926249219508083 118.5
0 1 -4.672461507934093 -24.483545700610158 108.5
1 0 -90.02375197272728 53.147723144991815 -117.5
1 1 -86.43566857247352 49.88450698430645 -108.0
278
-------------------New----------------
0 0 -42.36267285078097 -75.43089740951223 118.5
0 1 -39.86428012356778 -74.9518984429471 108.5
1 0 16.52077626637975 -64.40884390636876 -117.5
1 1 14.158018814305981 -64.8528073399165 -108.0
280
-------------------New----------------
0 0 -48.423562132622 67.60364470087995 118.5
0 1 -49.69191285641488 66.86875651728424 108.5
1 0 -78.35977021944626 50.257841246834275 -117.5
1 1 -77.1546270237084 50.95609410980834 -108.0
285
-------------------New----------------
0 0 20.506036300773964 79.87344976866436 118.5
0 1 19.378148729330785 76.8669918865071 108.5
1 0 -6.175685892730077 8.907808108088764 -117.5
1 1 -5.099435959400462 11.765713498291404 -108.0
288
-------------------New----------------
0 0 34.36549917138946 -101.80205983346703 118.5
0 1 31.944773718427548 -100.46999398673644 108.5
1 0 -22.859534658994534 -70.41254987434168 -117.5
1 1 -20.552327875471 -71.67793739811222 -108.0
292
-------------------New----------------
0 0 52.95250710243871 -1.9344673084523638 118.5
0 1 52.60245989893049 -0.9897437982331351 108.5
1 0 44.44062446816509 20.619226525929577 -117.5
1 1 44.79191657298493 19.71080759453284 -108.0
294
-------------------New----------------
0 0 17.975305130967474 76.7867603334826 118.5
0 1 18.697830451234587 77.95047546871683 108.5
1 0 34.50262985618376 104.26366182897368 -117.5
1 1 33.81562749555318 103.1807638140451 -108.0
295
-------------------New----------------
0 0 -53.76648651754393 -64.87474197280166 118.5
0 1 -54.843310151070604 -61.01265208545832 108.5
1 0 -79.19217370441332 26.2684033121828 -117.5
1 1 -78.16840362043118 22.599764939724075 -108.0
300
-------------------New----------------
0 0 -13.256183681376475 -37.27047404375674 118.5
0 1 -8.993373695017098 -38.433011147578576 108.5
1 0 87.3195350322587 -64.62960184823359 -117.5
1 1 83.26987565127135 -63.52459497822686 -108.0
305
-------------------New----------------
0 0 17.25998938725683 95.75039161494298 118.5
0 1 12.84708477789425 97.01154186088952 108.5
1 0 -86.83020855562374 125.48303154331855 -117.5
1 1 -82.64093390496132 124.28846797735366 -108.0
322
-------------------New----------------
0 0 47.019540930722094 -118.33712814639019 118.5
0 1 44.97314897907883 -117.83537556472609 108.5
1 0 -1.2520269715949113 -106.45446702711187 -117.5
1 1 0.6896734068412871 -106.93481095713689 -108.0
325
-------------------New----------------
0 0 -101.699488884829 3.561010917365196 118.5
0 1 -100.99256863309688 -0.9532287758662032 108.5
1 0 -85.0029353247384 -102.9432849167791 -117.5
1 1 -85.67676569706042 -98.65493488720371 -108.0
335
-------------------New----------------
0 0 21.597162075131056 17.648045221925496 118.5
0 1 21.255134504692496 15.489893121290297 108.5
1 0 13.532479442300641 -33.31739634967217 -117.5
1 1 13.856833817082286 -31.26569888673984 -108.0
342
-------------------New----------------
0 0 8.296653352934431 80.69259713670988 118.5
0 1 9.262744337679349 82.48145133875076 108.5
1 0 31.12547529456193 122.91490454147042 -117.5
1 1 30.205382557787665 121.21502497866501 -108.0
348
-------------------New----------------
0 0 68.63075709067859 89.06734103365642 118.5
0 1 64.55219666049963 89.14602640414044 108.5
1 0 -27.609637527801247 90.88390860690157 -117.5
1 1 -23.736104725432966 90.8113384396286 -108.0
350
-------------------New----------------
0 0 -50.3596763211506 -47.630343982831945 118.5
0 1 -49.25737242666877 -43.41532035779237 108.5
1 0 -24.383239555303966 51.788067635922594 -117.5
1 1 -25.427142228623495 47.78779649670066 -108.0
351
-------------------New----------------
0 0 -52.2792631593512 54.58665230577996 118.5
0 1 -50.442931211196814 51.354074382987925 108.5
1 0 -9.102801932688987 -21.66294659524301 -117.5
1 1 -10.8296666167253 -18.594340381894757 -108.0
359
-------------------New----------------
0 0 64.82456361878886 86.09859798040351 118.5
0 1 64.26311168038987 83.48139081807066 108.5
1 0 51.631331292712346 24.37558003114666 -117.5
1 1 52.159170138614414 26.8586597903312 -108.0
361
-------------------New----------------
0 0 51.59179134822492 19.983682218842596 118.5
0 1 53.89715959728909 17.331110067536933 108.5
1 0 106.01303414636955 -42.606832356357614 -117.5
1 1 103.82224692317149 -40.08757711699265 -108.0
372
-------------------New----------------
0 0 62.48345947370369 -20.172112282089415 118.5
0 1 58.686087782729125 -17.447296066356916 108.5
1 0 -27.028764814920965 44.20100593358323 -117.5
1 1 -23.43274254874774 41.60749382596707 -108.0
377
-------------------New----------------
0 0 -110.43536224234683 43.669270766957446 118.5
0 1 -109.23875351272245 38.696571383089385 108.5
1 0 -82.17289009513725 -73.67015570511187 -117.5
1 1 -83.31144429061155 -68.94736678029595 -108.0
400
-------------------New----------------
0 0 71.56345353014405 -39.939975065111994 118.5
0 1 69.20109028097536 -41.9848767435476 108.5
1 0 15.732688362520218 -88.1472581705151 -117.5
1 1 17.984122928882208 -86.20770781283765 -108.0
407
-------------------New----------------
0 0 -13.532358460783934 -36.424882259247696 118.5
0 1 -15.744073169180101 -38.10914076571953 108.5
1 0 -65.74176645070477 -76.15971028712961 -117.5
1 1 -63.64114296831718 -74.5587603627217 -108.0
411
-------------------New----------------
0 0 -2.687365232137285 1.928951778573762 118.5
0 1 -3.654517198549044 0.4765510653981259 108.5
1 0 -24.946247475853518 -32.290959865121025 -117.5
1 1 -24.083415478596063 -30.8993964483217 -108.0
415
-------------------New----------------
0 0 26.29580531750811 -93.45687963081757 118.5
0 1 28.308857831078335 -93.0688885599253 108.5
1 0 73.80251629472251 -84.29360926748978 -117.5
1 1 71.89157075568006 -84.66288845988456 -108.0
422
-------------------New----------------
0 0 -43.020110846589574 28.53804491247923 118.5
0 1 -40.147489935653546 22.470612129770394 108.5
1 0 24.77454964698193 -114.60720798031306 -117.5
1 1 22.040808184353185 -108.84516612642528 -108.0
425
-------------------New----------------
0 0 20.175421217788497 53.66248448290562 118.5
0 1 20.151343646616834 53.88768246246982 108.5
1 0 19.61114281946229 58.979365611722905 -117.5
1 1 19.63373941945098 58.76528170100109 -108.0
426
-------------------New----------------
0 0 -100.59958507285401 54.339443550993266 118.5
0 1 -101.26836990084212 53.96319569224628 108.5
1 0 -116.38177448993456 45.46131312677302 -117.5
1 1 -115.74639494723783 45.818638454188815 -108.0
428
-------------------New----------------
0 0 -60.51918197299987 -40.366030152263505 118.5
0 1 -62.06549653932408 -39.14859240088171 108.5
1 0 -97.2206367623804 -11.853483429060235 -117.5
1 1 -95.73413361184859 -12.990221179395629 -108.0
429
-------------------New----------------
0 0 55.161338512655995 -4.1689490012866015 118.5
0 1 50.82769622478274 -4.478174790806093 108.5
1 0 -47.11319227442548 -11.46805970052083 -117.5
1 1 -42.99631347508575 -11.17418408775542 -108.0
442
-------------------New----------------
0 0 -30.202623892123455 87.21359112892225 118.5
0 1 -26.977188162004914 87.02845111087886 108.5
1 0 45.758446301298804 82.79302055204239 -117.5
1 1 42.702340427798006 82.96901873881647 -108.0
445
-------------------New----------------
0 0 99.3599867489607 81.8675660515385 118.5
0 1 98.04876171932614 81.66092689096266 108.5
1 0 68.01551160388529 76.63115498149405 -117.5
1 1 69.28654975547548 76.85538544866205 -108.0
452
-------------------New----------------
0 0 -95.97468797409468 54.19291943702895 118.5
0 1 -94.41827513024606 55.13233882907629 108.5
1 0 -59.17628136230265 76.35965404982396 -117.5
1 1 -60.66056384435046 75.4666849616558 -108.0
454
-------------------New----------------
0 0 -77.33093983171634 -34.30294964792391 118.5
0 1 -76.30356675707561 -33.54886089958934 108.5
1 0 -52.89198080515479 -16.488817215157994 -117.5
1 1 -53.89602239074331 -17.22203206723844 -108.0
456
-------------------New----------------
0 0 34.642472420596405 10.295407753709359 118.5
0 1 31.924206334689103 9.0630219493253 108.5
1 0 -29.507947424690663 -18.789027016466147 -117.5
1 1 -26.92557777722026 -17.618312259811496 -108.0
459
-------------------New----------------
0 0 -52.00901104678028 -0.36605884746867934 118.5
0 1 -52.21049138698728 0.6903745535044374 108.5
1 0 -56.668537538354414 24.313753189968853 -117.5
1 1 -56.48194559948744 23.311651212302205 -108.0
462
-------------------New----------------
0 0 -76.96719279086008 52.76595672752112 118.5
0 1 -78.38185788995989 48.735878376091954 108.5
1 0 -110.35535931313507 -42.53377662378805 -117.5
1 1 -109.0093547571737 -38.69392358790323 -108.0
464
-------------------New----------------
0 0 -13.10460824932289 57.317750349195805 118.5
0 1 -15.116373410284188 56.22242774426961 108.5
1 0 -60.58743719952723 31.455986257300474 -117.5
1 1 -58.67537130141127 32.497090668048806 -108.0
472
-------------------New----------------
0 0 -85.62655807958633 41.011957606891755 118.5
0 1 -82.90597191025037 43.666192908371876 108.5
1 0 -21.424056534776177 103.56929567715136 -117.5
1 1 -24.01249832108535 101.0501942437382 -108.0
483
-------------------New----------------
0 0 49.52124708725383 94.67539493070777 118.5
0 1 47.258369725979 93.95187334495847 108.5
1 0 -3.910387777017423 77.78517759732925 -117.5
1 1 -1.7544335934515085 78.47460286703073 -108.0
488
-------------------New----------------
0 0 0.9741912555882735 7.600423794457709 118.5
0 1 5.148460124542415 2.453239180580698 108.5
1 0 99.36686781852251 -113.81457522731971 -117.5
1 1 95.41092936697687 -108.93502175261631 -108.0
500
-------------------New----------------
0 0 -61.01640079785492 -87.67631999731493 118.5
0 1 -57.76017668250099 -86.07716502097553 108.5
1 0 15.815106533678463 -49.96526403855248 -117.5
1 1 12.724942719576115 -51.47879955987764 -108.0
501
-------------------New----------------
0 0 -68.87581939455319 -7.8263308891623256 118.5
0 1 -65.51921403671892 -6.85773125189192 108.5
1 0 10.327608389885501 15.025041573236905 -117.5
1 1 7.138464099295497 14.104499699283277 -108.0
505
-------------------New----------------
0 0 23.366734893776325 -82.06883995686319 118.5
0 1 16.96995097594411 -82.92389121586137 108.5
1 0 -127.6764275326695 -102.19044866715686 -117.5
1 1 -121.59224204939369 -101.37751305635571 -108.0
509
-------------------New----------------
0 0 -83.47174087550087 -68.98603887176054 118.5
0 1 -80.82542204948363 -68.38415335977604 108.5
1 0 -21.03637658153651 -54.73280458302323 -117.5
1 1 -23.54921246800931 -55.30801027762262 -108.0
513
-------------------New----------------
0 0 -21.257823634739832 -60.74730623983216 118.5
0 1 -24.70582879954856 -56.9808634763253 108.5
1 0 -102.63322219850359 28.140648684932433 -117.5
1 1 -99.35731348736294 24.5625161254941 -108.0
520
-------------------New----------------
0 0 -50.36535784215982 1.806741948784449 118.5
0 1 -48.08083104349494 -1.722071772427228 108.5
1 0 3.4724870715481138 -81.41385260947197 -117.5
1 1 1.3089045066634697 -78.06325928559946 -108.0
521
-------------------New----------------
0 0 -84.5360341838149 -46.47259517877425 118.5
0 1 -81.72324091952193 -42.23252288938632 108.5
1 0 -18.096699617897343 53.48104771264882 -117.5
1 1 -20.78229252881308 49.46081271824319 -108.0
523
-------------------New----------------
0 0 -78.27753017105368 -20.749605698285176 118.5
0 1 -78.05429178388968 -15.462598636561541 108.5
1 0 -73.6310284800549 106.28236601346184 -117.5
1 1 -73.84378116573602 101.21717398316761 -108.0
531
-------------------New----------------
0 0 108.11455163953558 13.113699358819693 118.5
0 1 106.96222770105024 12.433460489478898 108.5
1 0 80.92125544257998 -2.94068387319416 -117.5
1 1 82.0158976269395 -2.294370903849042 -108.0
533
-------------------New----------------
0 0 55.24058376618681 -78.662285100172 118.5
0 1 50.00460570964453 -80.25175152322649 108.5
1 0 -68.26695462573115 -116.12328931295133 -117.5
1 1 -63.29837759671146 -114.61684082182224 -108.0
535
-------------------New----------------
0 0 87.45022385113006 -65.39071820181144 118.5
0 1 87.92445011364549 -62.5421465635207 108.5
1 0 98.58186990144914 1.809555257578132 -117.5
1 1 98.13425315375852 -0.8955566859395386 -108.0
540
-------------------New----------------
0 0 -41.55760356151645 -20.873752510963293 118.5
0 1 -36.21090590497297 -18.68923285524565 108.5
1 0 84.87353841140194 30.6023462327191 -117.5
1 1 79.80956569089793 28.53432873823865 -108.0
554
-------------------New----------------
0 0 43.47735199957397 -5.016009873755263 118.5
0 1 38.02873390183905 -3.2480852168335543 108.5
1 0 -85.5769779644633 37.215911960697234 -117.5
1 1 -80.42459650207772 35.56131750536105 -108.0
560
-------------------New----------------
0 0 27.32486059593784 22.90147633444922 118.5
0 1 26.906943066872874 26.13465654746893 108.5
1 0 17.460843589070258 99.20323475285136 -117.5
1 1 17.857948214718203 96.13168960693969 -108.0
566
-------------------New----------------
0 0 -9.997044763936197 18.344296473640046 118.5
0 1 -8.990983891473771 15.338645856716957 108.5
1 0 13.354171079850806 -52.64239514379271 -117.5
1 1 12.425015480565744 -49.81163194089657 -108.0
574
-------------------New----------------
0 0 46.66929775191812 -85.96336090959382 118.5
0 1 40.83952542810676 -84.76582735977091 108.5
1 0 -90.87537836298802 -57.67873341916844 -117.5
1 1 -85.34074231841997 -58.814818530040085 -108.0
576
-------------------New----------------
0 0 18.78751584388325 95.72869293301913 118.5
0 1 14.119168392121532 96.5418800171289 108.5
1 0 -91.35901070460886 114.97192150016704 -117.5
1 1 -86.93887635865258 114.2029854563021 -108.0
580
-------------------New----------------
0 0 46.18503756286589 -8.775116371820603 118.5
0 1 42.76746721534122 -7.9319240980775785 108.5
1 0 -34.724200021944455 10.968081844567104 -117.5
1 1 -31.45563308387448 10.180386454816292 -108.0
582
-------------------New----------------
0 0 21.38872693097907 55.296053632885524 118.5
0 1 17.968383927284513 54.124678268749996 108.5
1 0 -59.14112508355581 27.407443627973528 -117.5
1 1 -55.91450597916516 28.517569288658688 -108.0
589
-------------------New----------------
0 0 -27.480464971751758 8.67299641357181 118.5
0 1 -21.85752303327727 11.560709553994986 108.5
1 0 105.24719067648455 76.89662516949737 -117.5
1 1 99.90315545186677 74.15053052362052 -108.0
590
-------------------New----------------
0 0 62.71360537849432 -41.52546867884114 118.5
0 1 59.42658960125698 -43.75170097433859 108.5
1 0 -14.91184743635166 -93.78395297479696 -117.5
1 1 -11.790148339302759 -91.67360071020516 -108.0
592
-------------------New----------------
0 0 -96.09561849397997 37.056647781587344 118.5
0 1 -96.29413695560393 35.9074476928898 108.5
1 0 -100.93951006708173 10.003031489903618 -117.5
1 1 -100.72512698343925 11.08765018490168 -108.0
595
-------------------New----------------
0 0 119.96903668560239 62.386039847601424 118.5
0 1 119.40256973595021 58.58551903846395 108.5
1 0 106.53691424633811 -27.300716967165442 -117.5
1 1 107.08335280328538 -23.68094205438024 -108.0
605
-------------------New----------------
0 0 53.594598303906366 -93.42887240724332 118.5
0 1 54.129851802551215 -94.77829693867105 108.5
1 0 66.14682992895675 -125.15644532624829 -117.5
1 1 65.63985618333344 -123.89441543838913 -108.0
607
-------------------New----------------
0 0 69.7830887060993 -79.95466627923854 118.5
0 1 65.66841062333746 -79.32463090239233 108.5
1 0 -27.302597491687447 -65.08366635043274 -117.5
1 1 -23.395773927514547 -65.68305591819156 -108.0
611
-------------------New----------------
0 0 -10.107456238076711 -29.19230669212599 118.5
0 1 -10.620484813036857 -27.089361166640504 108.5
1 0 -22.209925775005324 20.43411244203627 -117.5
1 1 -21.722714599840486 18.436458254042147 -108.0
617
-------------------New----------------
0 0 -35.63387104098829 -106.01616683473412 118.5
0 1 -36.51137819235849 -104.73020034675149 108.5
1 0 -56.33585916411696 -75.66868138374079 -117.5
1 1 -55.501932999718676 -76.88978368900061 -108.0
620
-------------------New----------------
0 0 -15.28746049125051 97.94924730182753 118.5
0 1 -11.624123341377109 97.36621392507612 108.5
1 0 71.17566882609862 84.16360221394017 -117.5
1 1 67.69486360272745 84.71953047216664 -108.0
622
-------------------New----------------
0 0 30.360811857011395 -5.866653202135382 118.5
0 1 29.346582914582648 -0.2791604189686801 108.5
1 0 6.456220513753527 125.98670227873151 -117.5
1 1 7.417298054578398 120.67962113003432 -108.0
624
-------------------New----------------
0 0 -60.34188238452475 -38.72896311620156 118.5
0 1 -59.871880771821864 -42.11837293017537 108.5
1 0 -49.25474204891916 -118.71895884717836 -117.5
1 1 -49.701075127123644 -115.49872397616453 -108.0
637
-------------------New----------------
0 0 26.827792665459846 -57.39599521891794 118.5
0 1 27.69452457500565 -53.708033186659975 108.5
1 0 47.295187719291135 30.183592642308376 -117.5
1 1 46.45955246869937 26.672548820230652 -108.0
647
-------------------New----------------
0 0 -26.808820561456947 26.23303393150877 118.5
0 1 -30.307636899115074 29.078822606560987 108.5
1 0 -109.46028629531877 93.33273249113147 -117.5
1 1 -106.12926254589419 90.63231382995504 -108.0
659
-------------------New----------------
0 0 41.09861695713373 17.589701959605453 118.5
0 1 34.925265411282155 20.43560655844481 108.5
1 0 -104.59235422416616 84.75690074592859 -117.5
1 1 -98.72765972380031 82.05316314707042 -108.0
667
-------------------New----------------
0 0 -53.62358667385034 63.98750655705025 118.5
0 1 -53.954441354219526 60.343804991756386 108.5
1 0 -62.508590246045365 -22.120649338174665 -117.5
1 1 -62.12323267032953 -18.649158661000833 -108.0
681
-------------------New----------------
0 0 -60.754414852883734 80.6085858705057 118.5
0 1 -57.945707963623235 79.07766617200059 108.5
1 0 5.543830939342601 44.47209446108129 -117.5
1 1 2.874277380455214 45.92372354218472 -108.0
683
-------------------New----------------
0 0 29.45571945648778 -46.11876079708547 118.5
0 1 28.716010496797644 -43.047493983664275 108.5
1 0 15.035070744588982 24.11636259211314 -117.5
1 1 15.47477949850726 21.402985783050177 -108.0
691
-------------------New----------------
0 0 -85.58620699276288 44.57690663393277 118.5
0 1 -83.56145102873212 40.342955903194344 108.5
1 0 -37.66459753853508 -55.35937600270533 -117.5
1 1 -39.600335663844895 -51.33580111340427 -108.0
695
-------------------New----------------
0 0 -60.40448880169795 -66.27857002857044 118.5
0 1 -61.554751881993596 -65.30367047135067 108.5
1 0 -87.51129073201109 -43.23441501736036 -117.5
1 1 -86.42247977206463 -44.16692054114655 -108.0
696
-------------------New----------------
0 0 -14.21131692929399 20.896109578976347 118.5
0 1 -14.651247220083501 21.46348218054393 108.5
1 0 -24.650651595862136 34.307094715420035 -117.5
1 1 -24.228772870147875 33.76430019731328 -108.0
698
-------------------New----------------
0 0 -6.937913501027966 38.13829164483756 118.5
0 1 -8.436340867578766 32.044469405061186 108.5
1 0 -42.29171887659552 -105.71982787230559 -117.5
1 1 -40.868576286472646 -99.92913050259784 -108.0
707
-------------------New----------------
0 0 -29.52533234754522 70.57623593744796 118.5
0 1 -28.64184364971843 69.97005683344027 108.5
1 0 -8.694866828096789 56.28493925099092 -117.5
1 1 -9.533342130609102 56.860527167747634 -108.0
711
-------------------New----------------
0 0 14.477429993756747 111.0176484927729 118.5
0 1 11.62353144168794 110.04709245004263 108.5
1 0 -52.91052867216357 88.07705055314122 -117.5
1 1 -50.201948902207114 89.00293894693769 -108.0
717
-------------------New----------------
0 0 8.344940805652278 -53.40657049253209 118.5
0 1 4.854521853058135 -54.53838955505059 108.5
1 0 -74.11869170443735 -80.17829284165079 -117.5
1 1 -70.79937290835876 -79.11840915396547 -108.0
735
-------------------New----------------
0 0 53.34054982966315 58.61110289822974 118.5
0 1 53.49861266394761 55.64141277661189 108.5
1 0 57.07392327593061 -11.547177050922496 -117.5
1 1 56.92443308715887 -8.727000815431627 -108.0
743
-------------------New----------------
0 0 -34.217278088412456 -34.45558467722029 118.5
0 1 -36.51566177543014 -31.294245184883124 108.5
1 0 -88.44251676851619 40.13997729850781 -117.5
1 1 -86.25891954978903 37.14055299496296 -108.0
747
-------------------New----------------
0 0 -76.4008018230911 -22.740183729387745 118.5
0 1 -73.30599637767828 -26.969516204049775 108.5
1 0 -3.3558982317020245 -122.62640409144606 -117.5
1 1 -6.297071821514997 -118.60404215586018 -108.0
752
-------------------New----------------
0 0 23.634638262471537 -28.853036759445548 118.5
0 1 25.361161982128266 -26.818719228089275 108.5
1 0 64.36785210444722 19.199899725195014 -117.5
1 1 62.727414932152314 17.265781753748122 -108.0
753
-------------------New----------------
0 0 92.96614382021852 27.927573207106654 118.5
0 1 92.65778669441741 31.184093750565285 108.5
1 0 85.76064207153927 104.80159595003101 -117.5
1 1 86.05016177257183 101.70563354239707 -108.0
754
-------------------New----------------
0 0 -14.43941111765344 70.20371260083863 118.5
0 1 -15.471258767415188 71.48268429813672 108.5
1 0 -38.687540480971414 100.46589189154085 -117.5
1 1 -37.72298036631979 99.24607742245908 -108.0
756
-------------------New----------------
0 0 72.06339371436236 32.42218499702359 118.5
0 1 70.65089257468357 35.2961139810101 108.5
1 0 38.357237121273215 100.37231119094605 -117.5
1 1 39.740345698437366 97.63858010947942 -108.0
763
-------------------New----------------
0 0 26.35068390057041 -70.72991977410496 118.5
0 1 23.792248277617638 -68.39174730537204 108.5
1 0 -34.05000794867658 -15.566866914475986 -117.5
1 1 -31.618336515462346 -17.787843102164175 -108.0
765
-------------------New----------------
0 0 -1.730082709148693 60.01211666933606 118.5
0 1 2.439170398007704 62.66215550026361 108.5
1 0 96.66398665169305 122.56063322458085 -117.5
1 1 92.70320308849924 120.04299401275384 -108.0
772
-------------------New----------------
0 0 2.07839133284953 -77.21021698219599 118.5
0 1 3.2504799273834393 -79.32313215339981 108.5
1 0 29.639787719376557 -127.05232026140507 -117.5
1 1 28.53151754773885 -125.05032125424069 -108.0
775
-------------------New----------------
0 0 13.418825143632038 20.335976863913295 118.5
0 1 16.694656935700806 19.555235085744478 108.5
1 0 90.75845179118825 1.9352943110704754 -117.5
1 1 87.64409093842727 2.674613919299062 -108.0
778
-------------------New----------------
0 0 77.18765004829199 -67.48439888216518 118.5
0 1 76.92065058257457 -69.56341089941341 108.5
1 0 70.67531936726554 -116.66236617213875 -117.5
1 1 70.94264065328345 -114.67047519966404 -108.0
781
-------------------New----------------
0 0 -49.28490065810343 -62.596088940171306 118.5
0 1 -47.24395094431125 -62.567719910540646 108.5
1 0 -1.2420464397381277 -61.90663721720627 -117.5
1 1 -3.174237960339963 -61.93489720714304 -108.0
782
-------------------New----------------
0 0 -69.94330281108698 -39.00858648013595 118.5
0 1 -68.69393588135968 -36.80715811845074 108.5
1 0 -40.41693384359458 13.09250533924072 -117.5
1 1 -41.60523214861174 10.992029159916793 -108.0
783
-------------------New----------------
0 0 88.88575061754308 -88.95319922215522 118.5
0 1 87.55503857902156 -87.84581798231537 108.5
1 0 57.496964698630904 -62.85647607586767 -117.5
1 1 58.75848174421363 -63.90508801848182 -108.0
800
-------------------New----------------
0 0 -10.709103828043316 57.53480099670801 118.5
0 1 -12.728854682184735 56.41781672707051 108.5
1 0 -58.547420487094065 31.057094639415016 -117.5
1 1 -56.60942655453177 32.12936935330278 -108.0
801
-------------------New----------------
0 0 97.16165128278439 -83.59019320701415 118.5
0 1 96.76893329121756 -84.66127440229252 108.5
1 0 87.92112633978668 -108.7694819216567 -117.5
1 1 88.28623561050816 -107.75681694097659 -108.0
802
-------------------New----------------
0 0 -86.20697431697548 51.5362558223729 118.5
0 1 -87.00805665924472 47.01322041757833 108.5
1 0 -105.08062696725196 -55.02292897135037 -117.5
1 1 -104.31638251696506 -50.73959841919405 -108.0
809
-------------------New----------------
0 0 35.30079959230427 -57.070549336242195 118.5
0 1 33.16559861550405 -53.841903796110934 108.5
1 0 -14.94112642763164 19.125676600790264 -117.5
1 1 -12.91735693356703 16.060950097474826 -108.0
813
-------------------New----------------
0 0 37.2683019292884 -72.71200199779716 118.5
0 1 39.79296968194338 -71.99471317840194 108.5
1 0 96.91416275961481 -55.78667469583222 -117.5
1 1 94.51126884751935 -56.469174928954054 -108.0
814
-------------------New----------------
0 0 -45.90577903704501 10.09185461742176 118.5
0 1 -40.51658233746808 7.9063396775150965 108.5
1 0 81.27584792503332 -41.48574739138948 -117.5
1 1 76.15545587685602 -39.409381762709 -108.0
820
-------------------New----------------
0 0 83.8162772813944 43.52335022191319 118.5
0 1 80.94176261076905 47.02798183282752 108.5
1 0 16.00547414594781 126.18110010815533 -117.5
1 1 18.731698861616408 122.85295539663073 -108.0
821
-------------------New----------------
0 0 38.01341953174907 30.520519991461946 118.5
0 1 34.083736148727425 30.4184921682235 108.5
1 0 -54.70073335793272 28.13906286361542 -117.5
1 1 -50.96931116032907 28.234242717581814 -108.0
825
-------------------New----------------
0 0 26.205547339967012 2.7972286737653898 118.5
0 1 25.633296406088924 5.521877194384477 108.5
1 0 13.689130585055338 67.92029625176531 -117.5
1 1 14.189783347180096 65.2976806385052 -108.0
829
-------------------New----------------
0 0 -51.94312316537058 -71.32452817632824 118.5
0 1 -48.5958390454378 -67.5365823068054 108.5
1 0 26.746156023758328 17.819387988250217 -117.5
1 1 23.572397631068537 14.22543968425092 -108.0
835
-------------------New----------------
0 0 70.4896270026845 28.96161363424174 118.5
0 1 70.75667234254534 27.344464114160484 108.5
1 0 76.79102883893066 -9.185862511241309 -117.5
1 1 76.53775073450682 -7.651066165230243 -108.0
840
-------------------New----------------
0 0 11.752013792652242 99.5028252788674 118.5
0 1 6.42875885252909 98.49629595115685 108.5
1 0 -113.8735420606992 75.753852822055 -117.5
1 1 -108.8168083023638 76.71019130264389 -108.0
855
-------------------New----------------
0 0 27.427245431427462 45.772270985399516 118.5
0 1 25.975356667988752 48.7789073048097 108.5
1 0 -6.754628721122218 116.56807476332237 -117.5
1 1 -5.375576363074304 113.71600997264018 -108.0
859
-------------------New----------------
0 0 88.34624383005949 47.630952773596825 118.5
0 1 85.84859831398028 48.776975189063805 108.5
1 0 29.393856343142694 74.68152779057762 -117.5
1 1 31.76782018960616 73.59292171523848 -108.0
862
-------------------New----------------
0 0 46.76163565900168 -67.57395624530898 118.5
0 1 46.99271629085807 -69.03233270176331 108.5
1 0 52.276520380164314 -102.03186284627768 -117.5
1 1 52.05341576583828 -100.64415237768421 -108.0
864
-------------------New----------------
0 0 69.94172185459732 15.2217569663356 118.5
0 1 71.58588329812156 15.640064594205743 108.5
1 0 108.77212520099872 25.146721739295526 -117.5
1 1 107.20821314096744 24.743622829610906 -108.0
883
-------------------New----------------
0 0 -46.795078685885116 89.96553722781292 118.5
0 1 -44.25286670785064 89.77845934958926 108.5
1 0 13.241140846527438 85.50604232252695 -117.5
1 1 10.816180728984463 85.69161780411535 -108.0
885
-------------------New----------------
0 0 47.18100308924484 95.63491812529318 118.5
0 1 44.731241849197616 95.14070929441547 108.5
1 0 -10.60363989957394 83.9459002095754 -117.5
1 1 -8.278506119266023 84.41688729594911 -108.0
906
-------------------New----------------
0 0 40.42503557967367 114.73695488546204 118.5
0 1 39.69515762653713 114.05743836590497 108.5
1 0 23.306657761518814 98.80366322090036 -117.5
1 1 23.99394196407422 99.44214399937245 -108.0
907
-------------------New----------------
0 0 -68.49499557480026 -37.60439138472548 118.5
0 1 -69.00378878679115 -35.853545707246 108.5
1 0 -80.50167848057984 3.8369397036357027 -117.5
1 1 -80.02162683292553 2.1622134316273263 -108.0
912
-------------------New----------------
0 0 32.22018266945648 -23.309378140722366 118.5
0 1 31.95034698761889 -25.954390991132477 108.5
1 0 25.817134847387006 -85.83611902388854 -117.5
1 1 26.073626416114838 -83.31593640906888 -108.0
913
-------------------New----------------
0 0 32.68649417327037 87.21188485001916 118.5
0 1 30.85739333324448 88.14452956692722 108.5
1 0 -10.460679251841352 109.17969232667535 -117.5
1 1 -8.732656079052544 108.29805936662103 -108.0
919
-------------------New----------------
0 0 49.28359071985844 -38.408555041532665 118.5
0 1 46.056542094838086 -35.062823672802224 108.5
1 0 -26.97740800001778 40.48389299975829 -117.5
1 1 -23.90592921778372 37.311110208269035 -108.0
921
-------------------New----------------
0 0 8.357525257067174 -17.232228079819386 118.5
0 1 8.511904092350635 -16.929220842550038 108.5
1 0 12.003793516270662 -10.083483931010568 -117.5
1 1 11.856911674427769 -10.371102951814354 -108.0
925
-------------------New----------------
0 0 65.65237001423631 51.358789848838285 118.5
0 1 65.48686707280855 54.11482411885051 108.5
1 0 61.752237343544685 116.41601985937041 -117.5
1 1 61.90874896190023 113.79746596261745 -108.0
935
-------------------New----------------
0 0 60.612586402469276 8.525571653919922 118.5
0 1 57.04829241447934 7.74958659439479 108.5
1 0 -16.054496155695468 -8.066848788936536 -117.5
1 1 -13.317562519095986 -7.463761035177112 -108.0
937
-------------------New----------------
0 0 90.08439995616268 39.76079871503449 118.5
0 1 87.46330282759286 41.03929704252397 108.5
1 0 28.175536911371335 69.87788068459933 -117.5
1 1 30.668248794278572 68.66513381864468 -108.0
940
-------------------New----------------
0 0 -7.705425216089601 35.29400356958212 118.5
0 1 -11.692026210219755 34.60526422161176 108.5
1 0 -101.85962053326189 19.046494824614953 -117.5
1 1 -98.06847043529919 19.698785538626034 -108.0
944
-------------------New----------------
0 0 118.25433128930115 -42.63780185736498 118.5
0 1 117.55882147763359 -41.096051868309985 108.5
1 0 101.88571048210476 -6.148913469153979 -117.5
1 1 102.51584116996256 -7.599150345678183 -108.0
954
-------------------New----------------
0 0 14.641993851580361 -3.958444566163788 118.5
0 1 19.429924241960784 -4.456412328998129 108.5
1 0 127.65282737318095 -15.724848489916988 -117.5
1 1 123.10157345598284 -15.250316177687159 -108.0
975
-------------------New----------------
0 0 56.97372872664622 84.92067791735428 118.5
0 1 66.86895243859163 86.33506943646798 108.5
1 0 103.86181976796134 35.77466506450396 -117.5
1 1 103.4754957044253 34.70906517774107 -108.0
976
-------------------New----------------
0 0 -66.50043061846483 -88.26815153656146 118.5
0 1 -63.50096391760411 -86.42758516777535 108.5
1 0 4.366951995401641 -44.16660517440131 -117.5
1 1 1.5019439117191982 -45.96883290338873 -108.0
999
-------------------New----------------
0 0 3.012745465014958 -58.5501261346167 118.5
0 1 1.457800785831424 -55.48166435935006 108.5
1 0 -34.03151237567826 13.845110168459001 -117.5
1 1 -32.5279976842766 10.915048553565693 -108.0
1002
-------------------New----------------
0 0 -43.681551263237694 -37.155339735354346 118.5
0 1 -46.851826743792394 -40.92801725979685 108.5
1 0 -118.50527114815796 -126.20187413670737 -117.5
1 1 -115.49345675910504 -122.6170230628895 -108.0
1007
-------------------New----------------
0 0 54.06648599622865 -103.3452283908164 118.5
0 1 53.28264552850279 -103.04042373925824 108.5
1 0 35.38349273564906 -96.0440785386093 -117.5
1 1 36.13985885985975 -96.3389928813825 -108.0
1011
-------------------New----------------
0 0 -56.71692198182618 -33.24676076941861 118.5
0 1 -55.64047018715843 -29.455791920537116 108.5
1 0 -31.317513704872756 56.20400990725663 -117.5
1 1 -32.33981699821403 52.60358714257477 -108.0
1015
-------------------New----------------
0 0 -45.06545065469322 -17.082729187154772 118.5
0 1 -44.01592989010856 -16.725725058677988 108.5
1 0 -20.304467062766708 -8.649871334203251 -117.5
1 1 -21.300485868467327 -8.989682358476694 -108.0
1016
-------------------New----------------
0 0 -11.960706069284123 76.1340851712994 118.5
0 1 -16.65189250764432 74.5467878646752 108.5
1 0 -122.72613807778016 38.61286847643457 -117.5
1 1 -118.26626491288968 40.12625614698535 -108.0
1017
-------------------New----------------
0 0 50.469018692692764 -59.92614332088423 118.5
0 1 49.1418527820784 -55.850864622479904 108.5
1 0 19.149230995473324 36.23499616081293 -117.5
1 1 20.41063059511267 32.36508352734101 -108.0
1026
-------------------New----------------
0 0 -28.00136027568716 25.491141448649557 118.5
0 1 -27.146729334557573 23.369951125433722 108.5
1 0 -7.735263631908678 -24.4915918417568 -117.5
1 1 -8.551069032178848 -22.478213597735582 -108.0
1028
-------------------New----------------
0 0 22.80523999527662 -29.496887670494907 118.5
0 1 20.499889984917658 -27.487452118319602 108.5
1 0 -31.645395669800156 17.936526375987455 -117.5
1 1 -29.452462057886333 16.025842701415485 -108.0
1040
-------------------New----------------
0 0 -5.523296322145062 18.127167841132497 118.5
0 1 -3.8194534114482623 20.73091550621003 108.5
1 0 34.70345563810411 79.57097964602427 -117.5
1 1 33.08391261602246 77.0977633241927 -108.0
1042
-------------------New----------------
0 0 -40.972279141229606 86.2473301454979 118.5
0 1 -38.72370501993086 84.47117745328595 108.5
1 0 12.093845032627941 44.26239001161075 -117.5
1 1 9.95147915866129 45.95258519451146 -108.0
1047
-------------------New----------------
0 0 -88.93876174529802 -51.85205783836159 118.5
0 1 -89.35162704570459 -47.641856920586065 108.5
1 0 -98.52912591278809 47.58315833281931 -117.5
1 1 -98.15428620894123 43.57307115586424 -108.0
1059
-------------------New----------------
0 0 12.05589395477909 29.859266276308535 118.5
0 1 7.726849491492689 25.910342479985456 108.5
1 0 -90.09152622424078 -63.32280956500033 -117.5
1 1 -85.98114289155373 -59.57155872630865 -108.0
1061
-------------------New----------------
0 0 67.09650915421399 38.65605895271965 118.5
0 1 64.69474674349794 41.62193448709931 108.5
1 0 10.462766267227286 108.61566059942717 -117.5
1 1 12.741313179230904 105.79965231780446 -108.0
1065
-------------------New----------------
0 0 -63.36445751313935 -24.809217114836905 118.5
0 1 -60.85517546352359 -22.80602713813075 108.5
1 0 -3.835985498456195 21.510466493343145 -117.5
1 1 -6.250143492774129 19.689246356033014 -108.0
1066
-------------------New----------------
0 0 -49.664710074338814 71.2871957451316 118.5
0 1 -52.78230069244189 71.53090580731434 108.5
1 0 -123.24821530281034 77.06298147241272 -117.5
1 1 -120.28174476497959 76.8228218879411 -108.0
1076
-------------------New----------------
0 0 -18.675532994731356 -100.98489424678525 118.5
0 1 -19.18974898118721 -102.03588866021919 108.5
1 0 -30.787431035106884 -125.77470684177679 -117.5
1 1 -30.300222842396558 -124.77731537638286 -108.0
1092
-------------------New----------------
0 0 -6.432011988696274 30.809959441371678 118.5
0 1 -2.4665658292809955 27.902066209114754 108.5
1 0 87.1721286685514 -37.79306519710346 -117.5
1 1 83.40375128617976 -35.032148300987345 -108.0
1099
-------------------New----------------
0 0 89.83818314158538 14.490206347199859 118.5
0 1 89.33778827521122 16.94447607270767 108.5
1 0 77.96462252674596 72.3511185040956 -117.5
1 1 78.45556330996465 70.02817746305195 -108.0
1113
-------------------New----------------
0 0 -40.21892638207932 86.23740923802531 118.5
0 1 -40.33293917701246 83.5835248298796 108.5
1 0 -43.25259191181283 24.231478101622745 -117.5
1 1 -43.198244409094215 26.700821547213472 -108.0
1128
-------------------New----------------
0 0 8.742854213901635 30.74608456230839 118.5
0 1 11.185700624125493 30.732323197856253 108.5
1 0 66.05312534047233 30.189973670553922 -117.5
1 1 63.7684604957682 30.210601881982324 -108.0
1129
-------------------New----------------
0 0 -44.145389394933275 -109.8686634447887 118.5
0 1 -41.20129542845514 -109.80087912738709 108.5
1 0 25.3109376708523 -108.27670164738875 -117.5
1 1 22.515074158000548 -108.33913568688988 -108.0
1134
-------------------New----------------
0 0 -29.7213335278808 -77.23169806884674 118.5
0 1 -25.354586463002285 -79.12425935360524 108.5
1 0 73.32654792707618 -121.89026132634828 -117.5
1 1 69.17817879394327 -120.09269661126726 -108.0
1140
-------------------New----------------
0 0 -68.39336227433024 -66.3299834939136 118.5
0 1 -68.10846914538087 -65.54454923837535 108.5
1 0 -61.67325941821192 -47.78382101100167 -117.5
1 1 -61.941581750865325 -48.52964491642404 -108.0
1145
-------------------New----------------
0 0 -55.76600656097467 2.224708842108037 118.5
0 1 -56.25211487733416 5.857312281556634 108.5
1 0 -67.25262597943215 87.92498720333258 -117.5
1 1 -66.78910771228054 84.4783346675608 -108.0
1151
-------------------New----------------
0 0 22.46470271739436 -49.54695905054494 118.5
0 1 22.613981374539602 -47.70485203926001 108.5
1 0 25.769756487224164 -6.123776345111352 -117.5
1 1 25.630992032097065 -7.873277443688066 -108.0
1153
-------------------New----------------
0 0 16.078343770099274 15.638053749284449 118.5
0 1 14.520375872574741 15.744109717854863 108.5
1 0 -20.669353904377402 18.137853237626864 -117.5
1 1 -19.18683410055568 18.034694607852394 -108.0
1159
-------------------New----------------
0 0 -17.781090218670037 8.113593510874338 118.5
0 1 -17.557920796315532 8.753951931362533 108.5
1 0 -12.488333720731655 23.190639864708125 -117.5
1 1 -12.702124457158641 22.58420009847844 -108.0
1161
-------------------New----------------
0 0 -18.144279294352945 -86.40677531204281 118.5
0 1 -20.0599780241107 -86.3249390964728 108.5
1 0 -63.41769685620485 -84.27524904356503 -117.5
1 1 -61.592602518449 -84.37057612856867 -108.0
1166
-------------------New----------------
0 0 18.48786342764188 108.5951607269795 118.5
0 1 17.625886654161125 107.68804712140994 108.5
1 0 -1.8566870204621204 87.17650989871919 -117.5
1 1 -1.0371648608947046 88.03829746955867 -108.0
1168
-------------------New----------------
0 0 78.80465191683712 65.60418470763123 118.5
0 1 76.56598603161392 65.10561835024704 108.5
1 0 26.132019431381547 54.125015152189086 -117.5
1 1 28.24561160481204 54.57732831012223 -108.0
1182
-------------------New----------------
0 0 47.591165037282146 -23.780233628282087 118.5
0 1 50.038228909406406 -21.704875245086754 108.5
1 0 105.35273371202015 25.20238394838913 -117.5
1 1 103.02695905654431 23.230357600060323 -108.0
1188
-------------------New----------------
0 0 -52.71861620170472 40.09990351425411 118.5
0 1 -55.647329062296556 39.464821650167096 108.5
1 0 -121.76393556296912 25.020321035693968 -117.5
1 1 -118.9820156315329 25.629029841608133 -108.0
1190
-------------------New----------------
0 0 64.86931849937461 60.32419631318792 118.5
0 1 63.79074118917178 61.62075942477926 108.5
1 0 39.30240296339436 90.84964687016381 -117.5
1 1 40.33399477413856 89.62847200153155 -108.0
1196
-------------------New----------------
0 0 -79.75941750704521 98.25214947287812 118.5
0 1 -77.25323150508756 96.99140106363001 108.5
1 0 -20.608977383169652 68.49506584955569 -117.5
1 1 -22.9897916331666 69.69333077882271 -108.0
1201
-------------------New----------------
0 0 119.05850026394846 1.4800207809558388 118.5
0 1 119.13903203699229 1.4231289460896863 108.5
1 0 120.95361575398434 0.14404782382181766 -117.5
1 1 120.87800619609871 0.1973078405711281 -108.0
1211
-------------------New----------------
0 0 -88.25602303163814 26.79377287335486 118.5
0 1 -86.52550819936212 26.974810512402712 108.5
1 0 -47.37327593548341 30.990838888714727 -117.5
1 1 -49.01948313885005 30.823618852206447 -108.0
1215
-------------------New----------------
0 0 -104.83181999355625 22.560527566618227 118.5
0 1 -104.63248529098607 19.74046806795261 108.5
1 0 -100.18923046195621 -44.11567694138347 -117.5
1 1 -100.37587073480049 -41.43163379360059 -108.0
1217
-------------------New----------------
0 0 57.14277121191515 -35.07551780259054 118.5
0 1 59.31843872372424 -32.68636424199799 108.5
1 0 108.49625040439658 21.31045588085707 -117.5
1 1 106.42902074641488 19.04063963265805 -108.0
1222
-------------------New----------------
0 0 89.3917182470128 78.82033439598979 118.5
0 1 87.8167203735669 78.91477679571884 108.5
1 0 52.20787514788973 81.06716550405307 -117.5
1 1 53.70577727366342 80.97818648124006 -108.0
1225
-------------------New----------------
0 0 -4.890173688932266 -5.70667846933581 118.5
0 1 -3.03893861490175 -1.6106842932138417 108.5
1 0 38.79752338077982 90.9562217253522 -117.5
1 1 37.03895522698765 87.06506436211755 -108.0
1227
-------------------New----------------
0 0 -21.374745536659475 33.28419993217788 118.5
0 1 -24.908988730997542 32.76609338789065 108.5
1 0 -104.70610211923261 21.068997941306776 -117.5
1 1 -101.35436991319389 21.557619363900532 -108.0
1245
-------------------New----------------
0 0 6.821824685239352 -93.45363289568647 118.5
0 1 11.874147110891384 -91.86677761355443 108.5
1 0 124.70456045206984 -54.716919983785 -117.5
1 1 119.98316296274456 -56.25166056892103 -108.0
1247
-------------------New----------------
0 0 -24.43967897937133 54.220296358310215 118.5
0 1 -26.664484809713525 52.95712696268309 108.5
1 0 -76.97714588070909 24.467486513264678 -117.5
1 1 -74.86303476679949 25.667052039062504 -108.0
1250
-------------------New----------------
0 0 -2.0479457678504667 37.66447964422315 118.5
0 1 0.5861765633866796 31.88931655002181 108.5
1 0 60.26754071865662 -98.87067413754205 -117.5
1 1 57.75464163469303 -93.3653185971801 -108.0
1256
-------------------New----------------
0 0 7.061226603078305 -6.578249185338611 118.5
0 1 7.288092187890105 -6.457161254789666 108.5
1 0 12.412245011504252 -3.696622786376802 -117.5
1 1 12.196649034194914 -3.8123319583702604 -108.0
1259
-------------------New----------------
0 0 -25.115977505624596 79.66086115010698 118.5
0 1 -26.787607666987242 77.97109572580044 108.5
1 0 -64.37910327540986 39.946638119211876 -117.5
1 1 -62.79617363628745 41.543714304142505 -108.0
1260
-------------------New----------------
0 0 -97.63917524054673 20.135814209935088 118.5
0 1 -98.33020709126144 18.861998925638378 108.5
1 0 -113.94546258652629 -9.920619342804406 -117.5
1 1 -113.28923890044499 -8.710907955433193 -108.0
1263
-------------------New----------------
0 0 11.69347864404655 -15.712622750848123 118.5
0 1 13.671201934843793 -17.701856940228858 108.5
1 0 58.2921741478478 -62.88183200320915 -117.5
1 1 56.41657122506221 -60.97369275980894 -108.0
1267
-------------------New----------------
0 0 -59.22155752729971 -7.23141440713314 118.5
0 1 -57.81939812442418 -3.703689628419879 108.5
1 0 -26.101361908238225 76.06111601457161 -117.5
1 1 -27.433822646008515 72.70520723292184 -108.0
1277
-------------------New----------------
0 0 -78.90543864428216 15.23562637006474 118.5
0 1 -77.23889909895337 14.62767690506079 108.5
1 0 -39.47617859107929 0.9791770524957082 -117.5
1 1 -41.07092066202239 1.5552207575097468 -108.0
1279
-------------------New----------------
0 0 13.97827366157328 -34.317786649633504 118.5
0 1 11.64960195210157 -37.61692587945963 108.5
1 0 -41.00352988470691 -112.34567402770446 -117.5
1 1 -38.789039587161035 -109.20204165398123 -108.0
1281
-------------------New----------------
0 0 98.89215842404184 103.81780345094629 118.5
0 1 97.84452869179127 104.00251996623058 108.5
1 0 74.13160547228635 108.11002632366858 -117.5
1 1 75.13236013839871 107.93571409037152 -108.0
1286
-------------------New----------------
0 0 -43.05098969437935 -102.01557988067324 118.5
0 1 -45.883474065795745 -100.41348475140826 108.5
1 0 -109.92338535768822 -64.23278698946586 -117.5
1 1 -107.2338328066656 -65.75280199779486 -108.0
1289
-------------------New----------------
0 0 -80.16349561216917 13.742672756600854 118.5
0 1 -81.94344751298533 16.066422597360067 108.5
1 0 -122.17692012167758 68.61387500074846 -117.5
1 1 -120.48497826136796 66.40526400120822 -108.0
1292
-------------------New----------------
0 0 55.8100963109272 -33.592361104458114 118.5
0 1 57.20138222443485 -35.93301417179249 108.5
1 0 88.74662051057348 -88.83210161487575 -117.5
1 1 87.41281140484514 -86.6013205969077 -108.0
1294
-------------------New----------------
0 0 -32.53189649487234 -36.26559434313096 118.5
0 1 -32.19480688449158 -35.7735911322865 108.5
1 0 -24.60024137161866 -24.718518958285227 -117.5
1 1 -24.915272470676104 -25.176327464134886 -108.0
1309
-------------------New----------------
0 0 -19.034223087822355 29.815624522765535 118.5
0 1 -20.075745457808612 23.221621812616767 108.5
1 0 -43.61997620253765 -125.87580180242921 -117.5
1 1 -42.642225476015724 -119.60753135293444 -108.0
1321
-------------------New----------------
0 0 -2.7780819925910465 -26.88618400632916 118.5
0 1 0.6097116351951156 -26.508088915563057 108.5
1 0 77.17788825129301 -17.970087821735433 -117.5
1 1 73.96119102730461 -18.330713658332495 -108.0
1324
-------------------New----------------
0 0 -84.3081197098159 -96.53327845102056 118.5
0 1 -85.29493998885532 -95.51400185658301 108.5
1 0 -107.6454874113663 -72.6042695053303 -117.5
1 1 -106.7037761201972 -73.56418869620715 -108.0
1327
-------------------New----------------
0 0 -37.139756410893526 50.22897785876593 118.5
0 1 -37.91253956814439 52.34655428330312 108.5
1 0 -55.45341306056897 100.09328218690091 -117.5
1 1 -54.719560623758454 98.09391435399773 -108.0
1344
-------------------New----------------
0 0 -78.73905503874313 0.569791861166548 118.5
0 1 -80.36570111830041 3.458140648851135 108.5
1 0 -117.09054727256289 68.77305167830785 -117.5
1 1 -115.54470110718148 66.02601528947346 -108.0
1346
-------------------New----------------
0 0 100.8922971475113 57.1341621937331 118.5
0 1 99.23094482340697 54.82136270140446 108.5
1 0 61.65867737452559 2.5170053554233816 -117.5
1 1 63.23667915495878 4.71705020807945 -108.0
1356
-------------------New----------------
0 0 54.78100875615347 96.69811811362256 118.5
0 1 55.45390217853391 95.30178563205058 108.5
1 0 70.63659389576284 63.76486650522206 -117.5
1 1 69.9985540816759 65.08919430837605 -108.0
1358
-------------------New----------------
0 0 -89.5435313899809 -40.845492155115274 118.5
0 1 -89.4698377173525 -41.26872648089427 108.5
1 0 -86.98884607400046 -50.08095735375325 -117.5
1 1 -87.17073775824346 -49.75046669855381 -108.0
1373
-------------------New----------------
0 0 -87.44482123530246 -30.326221468665146 118.5
0 1 -84.77631793476584 -31.12048806066712 108.5
1 0 -24.415117534730914 -49.0429347889113 -117.5
1 1 -26.952798109075605 -48.28704140996763 -108.0
1374
-------------------New----------------
0 0 102.43567870946279 -20.67430732260404 118.5
0 1 103.00395191958629 -15.308008773337471 108.5
1 0 115.78669624170678 106.01334717399575 -117.5
1 1 115.24921533056416 100.91417615881915 -108.0
1377
-------------------New----------------
0 0 97.23349488296209 70.01361947520635 118.5
0 1 95.70883143411346 71.6338351210951 108.5
1 0 61.29516677812671 108.27567159084192 -117.5
1 1 62.743461903392564 106.73375862092571 -108.0
1389
-------------------New----------------
0 0 -108.4482252624385 22.140457329218133 118.5
0 1 -108.06664145768616 24.715789770105367 108.5
1 0 -99.43119148391432 82.918677302921 -117.5
1 1 -99.79463610360088 80.47199018092108 -108.0
1400
-------------------New----------------
0 0 -69.66561701189207 -46.37210355877728 118.5
0 1 -65.86308120476099 -47.37400811672044 108.5
1 0 19.969685706695273 -69.92802645577049 -117.5
1 1 16.359584915430172 -68.97084289529155 -108.0
1404
-------------------New----------------
0 0 -51.91537625124609 -35.786639151090554 118.5
0 1 -55.00240594112946 -29.182903459281647 108.5
1 0 -124.76618798622273 120.05094862491016 -117.5
1 1 -121.83338099057559 113.77774333338198 -108.0
1405
-------------------New----------------
0 0 -81.35524540630814 -22.228731333472698 118.5
0 1 -80.81686724671087 -24.47857789994745 108.5
1 0 -68.58929907340993 -75.3476003819245 -117.5
1 1 -69.10508496003771 -73.20420937149935 -108.0
1409
-------------------New----------------
0 0 -91.81945304188689 -19.234706712198975 118.5
0 1 -90.80929256023367 -21.40852112559791 108.5
1 0 -67.97507516160537 -70.5275309907266 -117.5
1 1 -68.9368514950481 -68.46432904264667 -108.0
1410
-------------------New----------------
0 0 68.93038618978859 -98.37060608357683 118.5
0 1 67.16459203223874 -96.949174965116 108.5
1 0 27.208636182587828 -64.79883526636169 -117.5
1 1 28.88764109289418 -66.14882309100628 -108.0
1421
-------------------New----------------
0 0 25.50376990196628 47.16918904821187 118.5
0 1 22.4468482969531 45.49650926604308 108.5
1 0 -46.59825788363859 7.713073413469777 -117.5
1 1 -43.69100028181735 9.3078928889536 -108.0
1428
-------------------New----------------
0 0 17.93061580999931 -24.25764081156219 118.5
0 1 12.242805053782124 -24.598985489547537 108.5
1 0 -116.30077299434215 -32.3095340528288 -117.5
1 1 -110.89737282456967 -31.985565431086513 -108.0
1429
-------------------New----------------
0 0 -89.50933262153139 38.975027552401436 118.5
0 1 -89.568318245927 36.48078973676457 108.5
1 0 -90.94960689352808 -19.907520502635347 -117.5
1 1 -90.88936579107688 -17.535481440463354 -108.0
1431
-------------------New----------------
0 0 -69.4924202194751 -7.369186786975149 118.5
0 1 -70.52699345112345 -9.778412715525686 108.5
1 0 -93.89760030554262 -64.25415599187728 -117.5
1 1 -92.91539099639995 -61.96333448863568 -108.0
1437
-------------------New----------------
0 0 -42.93226064320987 -12.804443191343378 118.5
0 1 -39.341392869467114 -13.121743617540185 108.5
1 0 41.52700662852694 -20.280933590262286 -117.5
1 1 38.13613183971661 -19.98062214907107 -108.0
1440
-------------------New----------------
0 0 30.068789198784117 100.51382186287154 118.5
0 1 23.92666604829187 99.96156808125241 108.5
1 0 -114.66798961558318 87.94022425981079 -117.5
1 1 -108.83483144571679 88.44131696196084 -108.0
1442
-------------------New----------------
0 0 61.41830150672968 27.166884959632444 118.5
0 1 58.42626419641815 28.126416089240326 108.5
1 0 -9.112772693297687 49.776448416913375 -117.5
1 1 -6.278898301821345 48.86729178969672 -108.0
1444
-------------------New----------------
0 0 108.88474415720893 43.668219633599314 118.5
0 1 107.91928520292927 39.93903461207786 108.5
1 0 86.3705220105393 -44.16775016558539 -117.5
1 1 87.26620030606838 -40.65555286492279 -108.0
1448
-------------------New----------------
0 0 89.94281828434153 -59.84558561193777 118.5
0 1 90.72533682855592 -61.042959677061916 108.5
1 0 108.35749638305586 -88.12465952646156 -117.5
1 1 107.6180926875885 -86.98454945301322 -108.0
1457
-------------------New----------------
0 0 -29.489271876992678 -39.9956793734264 118.5
0 1 -28.686914930600175 -42.883384987393036 108.5
1 0 -10.386937308222631 -108.00010071944573 -117.5
1 1 -11.163434949732641 -105.27061523357199 -108.0
1463
-------------------New----------------
0 0 -68.74710192439525 -42.13629237254379 118.5
0 1 -67.47012012011803 -39.63157434489337 108.5
1 0 -38.53612459429617 16.90428186453259 -117.5
1 1 -39.75416234846965 14.526997513522158 -108.0
1464
-------------------New----------------
0 0 68.84736327372079 -35.608447786120806 118.5
0 1 69.4419576432239 -30.33418743374067 108.5
1 0 82.8516658154568 88.91566718169543 -117.5
1 1 82.2885945262986 83.90151539199451 -108.0
1468
-------------------New----------------
0 0 18.392042853203307 108.05692434772011 118.5
0 1 18.29432221877203 107.11864602441135 108.5
1 0 16.191143330044547 85.88012596221492 -117.5
1 1 16.278485813723194 86.77271075338174 -108.0
1486
-------------------New----------------
0 0 -27.836378236112143 4.4759321505163605 118.5
0 1 -26.005904616097553 0.6917043170059864 108.5
1 0 15.425241447270617 -84.79308099415103 -117.5
1 1 13.682246033212497 -81.1988375498677 -108.0
1490
-------------------New----------------
0 0 38.946489588580995 -24.488430074298357 118.5
0 1 35.93152876853486 -19.15437144623007 108.5
1 0 -32.37175887451788 101.34591403764206 -117.5
1 1 -29.498532661114744 96.28318355397487 -108.0
1493
-------------------New----------------
0 0 -45.23564006894764 90.52192195964122 118.5
0 1 -48.57919621048855 93.46773724424543 108.5
1 0 -113.62982487279649 -103.00690728279508 -117.5
1 1 -111.21132535790431 -103.24122743104242 -108.0
1494
-------------------New----------------
0 0 65.60606144852687 -76.67088454814755 118.5
0 1 67.02568133850141 -78.39019862751326 108.5
1 0 99.11339695953339 -117.24586803491704 -117.5
1 1 97.76422941717114 -115.61221695705255 -108.0
1500
-------------------New----------------
0 0 -50.16788863630699 1.5728259496720518 118.5
0 1 -50.473074936863334 -0.4989538541672401 108.5
1 0 -57.36713818024077 -47.323743172242594 -117.5
1 1 -57.07683074440109 -45.356295472922106 -108.0
1501
-------------------New----------------
0 0 58.04589584937397 -18.36312574704977 118.5
0 1 56.49931702147577 -22.101263418737872 108.5
1 0 21.568813309382417 -106.58774271060584 -117.5
1 1 23.037623040001023 -103.03507382410768 -108.0
1502
-------------------New----------------
0 0 -38.2979240060665 -33.27677343978457 118.5
0 1 -38.09422198430513 -28.12079213686107 108.5
1 0 -33.30362180841983 88.561210534313 -117.5
1 1 -33.51111326702763 83.65995238518512 -108.0
1506
-------------------New----------------
0 0 11.700298426017952 -30.415833925131004 118.5
0 1 7.4266717310887005 -23.74330385431743 108.5
1 0 -89.18079414579985 127.03883569941561 -117.5
1 1 -85.11829640516817 120.70091387963456 -108.0
1523
-------------------New----------------
0 0 75.80009944992739 -72.70831999442092 118.5
0 1 72.46819519557133 -72.41583955319858 108.5
1 0 -2.838561201554193 -65.80823858498955 -117.5
1 1 0.3291638990119218 -66.08424354062463 -108.0
1525
-------------------New----------------
0 0 -49.48796269959329 123.80860810364788 118.5
0 1 -52.312263149248736 123.75619826737122 108.5
1 0 -116.1288298666927 120.81255335667939 -117.5
1 1 -113.38206506847806 121.04578026061176 -108.0
1531
-------------------New----------------
0 0 -29.67185456971771 37.33652924325684 118.5
0 1 -29.903387997590112 35.33375443628212 108.5
1 0 -35.18059945131988 -9.915310258804235 -117.5
1 1 -34.95697121703017 -8.011157957562759 -108.0
1534
-------------------New----------------
0 0 91.93483384462412 -68.89108003595935 118.5
0 1 90.2774780034878 -67.67273743791566 108.5
1 0 52.72221821492011 -40.16738795221397 -117.5
1 1 54.30329348495801 -41.32353386806935 -108.0
1536
-------------------New----------------
0 0 -66.30013201181433 35.94341102447309 118.5
0 1 -62.63680615510579 30.998890672319398 108.5
1 0 20.162854617507808 -80.7514308091763 -117.5
1 1 16.68222050116612 -76.05373007633997 -108.0
1541
-------------------New----------------
0 0 16.37475696534972 -104.44099719415196 118.5
0 1 19.022876698841564 -104.39965639053521 108.5
1 0 78.74363256843893 -103.68272551596013 -117.5
1 1 76.24124768416094 -103.70648066020264 -108.0
1542
-------------------New----------------
0 0 22.05662949704125 3.114360116968982 118.5
0 1 18.819958822639084 5.56303611116474 108.5
1 0 -54.012930040304454 60.52411325755772 -117.5
1 1 -50.94843387319154 58.230128316877504 -108.0
1543
-------------------New----------------
0 0 -27.39359882743195 -35.716439574260725 118.5
0 1 -28.493201828634092 -34.737118720537744 108.5
1 0 -53.176139148244 -12.326592811996429 -117.5
1 1 -52.14824267665206 -13.287655374885446 -108.0
1559
-------------------New----------------
0 0 -37.28325730136364 -21.480602732633862 118.5
0 1 -40.76770836475075 -23.260059689739258 108.5
1 0 -119.53200824672574 -63.450190494116576 -117.5
1 1 -116.2205380044441 -61.76127908625425 -108.0
1571
-------------------New----------------
0 0 36.41243691673957 -68.88636794903452 118.5
0 1 34.32272887473432 -68.41439627311684 108.5
1 0 -12.90182138719311 -57.76666190824754 -117.5
1 1 -10.915926108620635 -58.21764802797644 -108.0
1577
-------------------New----------------
0 0 -124.12595824431519 0.7747177834988799 118.5
0 1 -124.03831687537274 -0.24892252732274872 108.5
1 0 -122.05405172156466 -23.380412335871362 -117.5
1 1 -122.13728031106533 -22.40870278843783 -108.0
1578
-------------------New----------------
0 0 -93.67100529854649 13.987924258902385 118.5
0 1 -92.88964589219293 15.260372062290418 108.5
1 0 -75.18889347457062 43.98867915216111 -117.5
1 1 -75.9418986983753 42.782423656508925 -108.0
1589
-------------------New----------------
0 0 -41.39392749109786 -26.588097752319168 118.5
0 1 -41.00039758559192 -28.823776527417255 108.5
1 0 -32.06454281485076 -79.37644257657779 -117.5
1 1 -32.44073146221769 -77.25195911383378 -108.0
1597
-------------------New----------------
0 0 10.868352335168272 -6.808297784265174 118.5
0 1 12.760433573464818 -7.8050135644856145 108.5
1 0 54.75171535664041 -29.62499329128496 -117.5
1 1 52.97185004004574 -28.70772646941827 -108.0
1605
-------------------New----------------
0 0 -43.93655676973948 -66.83457713899475 118.5
0 1 -46.82507091802971 -63.05812492266284 108.5
1 0 -112.60590785864903 21.921164185362237 -117.5
1 1 -109.81920496991438 18.350589956082867 -108.0
1606
-------------------New----------------
0 0 15.654461463487788 -15.938555615434074 118.5
0 1 12.050850728567646 -18.151858697706423 108.5
1 0 -69.39720830878096 -68.69536222768502 -117.5
1 1 -65.96754837134377 -66.53433165011721 -108.0
1607
-------------------New----------------
0 0 -77.13546467234524 -21.346449222164306 118.5
0 1 -75.93444180838807 -23.573769160684854 108.5
1 0 -48.78804421787816 -73.84439790053527 -117.5
1 1 -49.92878316270817 -71.7323113985146 -108.0
1618
-------------------New----------------
0 0 -8.711380493602169 32.20869143056802 118.5
0 1 -5.572481847442889 32.56021372694468 108.5
1 0 65.37354302141452 40.499659961178835 -117.5
1 1 62.39085003570934 40.16548300894018 -108.0
1619
-------------------New----------------
0 0 15.47498553310869 18.273534878545313 118.5
0 1 14.01347465418122 14.863545034428828 108.5
1 0 -19.017674918859846 -62.18713019619772 -117.5
1 1 -17.63039618855465 -58.948196980651986 -108.0
1622
-------------------New----------------
0 0 -71.89903003544258 -47.135489683410455 118.5
0 1 -69.87911298139686 -44.732074761568654 108.5
1 0 -24.183534116076473 9.510577842938414 -117.5
1 1 -26.10638951611184 7.232843080035427 -108.0
1630
-------------------New----------------
0 0 -1.4379335684586565 -56.40448313127018 118.5
0 1 2.806979606883115 -59.23729836037177 108.5
1 0 98.70123139744824 -123.52422060942017 -117.5
1 1 94.66846823397384 -120.81425962039009 -108.0
1634
-------------------New----------------
0 0 -43.93920949532941 -61.22971508072713 118.5
0 1 -46.91244272232194 -59.734214469400186 108.5
1 0 -114.12815870743131 -25.953264113151807 -117.5
1 1 -111.30214557040551 -27.37310045963155 -108.0
1636
-------------------New----------------
0 0 -82.79983084718648 36.558840228224156 118.5
0 1 -83.88880960041556 39.48428126270328 108.5
1 0 -108.44160112139977 105.56388233579946 -117.5
1 1 -107.41113782508812 102.78476763874669 -108.0
1639
-------------------New----------------
0 0 -98.6567461420565 40.265119656703554 118.5
0 1 -99.41256612497827 41.18591897807339 108.5
1 0 -116.34054252018863 61.91409873520632 -117.5
1 1 -115.62891528656414 61.042862347482924 -108.0
1648
-------------------New----------------
0 0 55.38767169439906 111.06391528586016 118.5
0 1 51.46470071157629 111.46335881792508 108.5
1 0 -37.207376724675335 120.48404826413824 -117.5
1 1 -33.48003673250766 120.10548793164166 -108.0
1662
-------------------New----------------
0 0 -87.28694819367595 -57.182292271847906 118.5
0 1 -85.93874872081378 -59.73109027173674 108.5
1 0 -55.351968914472685 -117.33636862143301 -117.5
1 1 -56.6399615125797 -114.91593550590787 -108.0
1667
-------------------New----------------
0 0 -4.38552348346724 -96.32097370024677 118.5
0 1 -0.41724237927290203 -97.48875989218088 108.5
1 0 89.41666348346067 -123.90616498530395 -117.5
1 1 85.63906420499566 -122.79600689013853 -108.0
1669
-------------------New----------------
0 0 53.45857503715375 31.65868678083087 118.5
0 1 54.73200941800276 34.47643398445033 108.5
1 0 83.44120037888186 98.27682920134386 -117.5
1 1 82.23518815593661 95.59151800382739 -108.0
1681
-------------------New----------------
0 0 5.106934630564643 -27.54977245153978 118.5
0 1 8.91527835132245 -28.514090947078707 108.5
1 0 94.96036718874863 -50.33673917070769 -117.5
1 1 91.34074044853949 -49.4171965825961 -108.0
1682
-------------------New----------------
0 0 -97.76258431769736 15.273028708613671 118.5
0 1 -97.61739188350829 12.58409425853826 108.5
1 0 -94.31224980111797 -48.18323124604608 -117.5
1 1 -94.45159283637255 -45.629939115350325 -108.0
1683
-------------------New----------------
0 0 30.46845642077027 26.61477650129663 118.5
0 1 27.894165675949512 27.080534207897728 108.5
1 0 -30.269245866947323 37.61245963270518 -117.5
1 1 -27.82422669911964 37.17035085857253 -108.0
1691
-------------------New----------------
0 0 110.3576878113536 -89.3008423815758 118.5
0 1 110.12341400225425 -86.87527103971934 108.5
1 0 104.84950316640723 -32.05835078555011 -117.5
1 1 105.0714009275836 -34.362317099549486 -108.0
1702
-------------------New----------------
0 0 -83.83557751294953 -35.63055566207513 118.5
0 1 -83.88820379640974 -35.380180590460306 108.5
1 0 -85.12571498359864 -29.77884355802513 -117.5
1 1 -85.06524778089052 -30.00716864402677 -108.0
1706
-------------------New----------------
0 0 51.08567825999607 21.86847701444182 118.5
0 1 51.62373429055831 18.493508199037304 108.5
1 0 63.84065952093182 -57.68376251170404 -117.5
1 1 63.3256324918381 -54.486770548830066 -108.0
1707
-------------------New----------------
0 0 37.78293558751342 4.0875457327200895 118.5
0 1 40.293096903706875 8.171571085105201 108.5
1 0 97.13687441726277 100.43027260005185 -117.5
1 1 94.74200622438951 96.54810404216852 -108.0
1720
-------------------New----------------
0 0 -103.93288914592179 -86.98762458000276 118.5
0 1 -104.6600824497685 -87.30230039961143 108.5
1 0 -121.09060931385734 -94.41166624560357 -117.5
1 1 -120.39975904175692 -94.11270001210664 -108.0
1722
-------------------New----------------
0 0 2.4692483363832656 -0.42901975429288475 118.5
0 1 6.5949486892384686 -4.989033498186094 108.5
1 0 99.82955319586674 -108.1503515756608 -117.5
1 1 95.91186946321474 -103.81106914922285 -108.0
1729
-------------------New----------------
0 0 -71.37227751375842 31.85885779651843 118.5
0 1 -69.96396817182571 26.07458349980074 108.5
1 0 -37.43332926664741 -105.73220339169825 -117.5
1 1 -38.81166404210279 -100.15599183633319 -108.0
1730
-------------------New----------------
0 0 -42.16898230001249 10.888114224928797 118.5
0 1 -40.33192743461049 11.289103333343661 108.5
1 0 1.205604342255804 20.38538780577991 -117.5
1 1 -0.5406485386612936 20.00231016687882 -108.0
1733
-------------------New----------------
0 0 -105.64300393318722 -87.8552738045686 118.5
0 1 -105.50389508027436 -87.1098837441842 108.5
1 0 -102.36103917836485 -70.2823335418876 -117.5
1 1 -102.49328888464808 -70.9887293254721 -108.0
1738
-------------------New----------------
0 0 -15.213723004342858 -58.85368970903837 118.5
0 1 -11.53250018498788 -61.173748540764585 108.5
1 0 71.57902901643043 -111.7974658307966 -117.5
1 1 68.11164451276424 -109.69304824189301 -108.0
1742
-------------------New----------------
0 0 -13.47322173987238 3.4842994950447945 118.5
0 1 -11.281785178289244 5.2953629829139315 108.5
1 0 37.4151687491033 46.6545155790854 -117.5
1 1 35.37949272194825 44.88222375711526 -108.0
1756
-------------------New----------------
0 0 60.858699635457 75.62479912635975 118.5
0 1 62.57719524772849 74.18474537168346 108.5
1 0 101.64178971471999 41.23841295315882 -117.5
1 1 99.97699012222265 42.65264675509266 -108.0
1773
-------------------New----------------
0 0 6.5930111300039425 -106.74674974685426 118.5
0 1 5.173603689725722 -106.57305470918607 108.5
1 0 -26.843982452971396 -102.59251314444468 -117.5
1 1 -25.501682513178434 -102.76248107466033 -108.0
1777
-------------------New----------------
0 0 -57.655233054482395 16.1126216795293 118.5
0 1 -60.37497458040311 18.278779564436334 108.5
1 0 -121.78097171175864 67.16170026674699 -117.5
1 1 -119.20088067081201 65.10855174348656 -108.0
1791
-------------------New----------------
0 0 -115.25365639126649 44.025199945781615 118.5
0 1 -114.56524431428011 45.113717894967166 108.5
1 0 -98.88070315283686 69.71483870870487 -117.5
1 1 -99.54253479356535 68.68629660831381 -108.0
1801
-------------------New----------------
0 0 -3.312144554809018 -60.918088306607274 118.5
0 1 -0.23547094680410555 -58.18610385272018 108.5
1 0 69.2769425172781 3.5563992716293114 -117.5
1 1 66.35553973998549 0.9607468668548144 -108.0
1804
-------------------New----------------
0 0 52.97276473624977 68.79322019824087 118.5
0 1 53.281391127911434 67.04454629145614 108.5
1 0 60.15431430345238 27.56699765926494 -117.5
1 1 59.87122949652608 29.222352681849294 -108.0
1822
-------------------New----------------
0 0 1.557808362905933 -105.0792709101911 118.5
0 1 4.881680511593428 -105.1217646154101 108.5
1 0 79.7045177687119 -106.49458931358421 -117.5
1 1 76.59332977411597 -106.4545797693961 -108.0
1826
-------------------New----------------
0 0 60.98192696752559 -19.830260752905215 118.5
0 1 62.9146733995979 -21.09414288099496 108.5
1 0 106.56693164156609 -49.64140238904274 -117.5
1 1 104.73167519845867 -48.44314682530229 -108.0
1827
-------------------New----------------
0 0 -11.18171466212333 103.62205568902036 118.5
0 1 -15.042522285253233 103.66759041525825 108.5
1 0 -102.57626654266832 104.75966825937368 -117.5
1 1 -98.91214749359685 104.69799767841967 -108.0
1830
-------------------New----------------
0 0 55.792864807061946 -105.58909236611706 118.5
0 1 53.64308293584511 -105.68897383847676 108.5
1 0 5.044365967626442 -107.94970706514614 -117.5
1 1 7.087343332182208 -107.85571166038517 -108.0
1833
-------------------New----------------
0 0 -89.33328832773495 42.283925579697424 118.5
0 1 -90.52674371020922 44.176224799092076 108.5
1 0 -117.8523434226822 88.4926464293979 -117.5
1 1 -116.81206367132786 86.6149619359795 -108.0
1836
-------------------New----------------
0 0 82.10162679557519 17.99823268026138 118.5
0 1 82.77231949681052 16.447732854087622 108.5
1 0 97.89754510219005 -18.618574048909437 -117.5
1 1 97.26144982382309 -17.14328382676046 -108.0
1847
-------------------New----------------
0 0 -37.66031210238366 45.40365477940192 118.5
0 1 -31.562489058510643 41.97837516213204 108.5
1 0 106.01391018699232 -35.47059535756236 -117.5
1 1 100.2376493265696 -32.22177736926438 -108.0
1859
-------------------New----------------
0 0 41.31456985451772 -41.54193690860269 118.5
0 1 39.95406066591836 -45.134774050485895 108.5
1 0 9.21005663648414 -126.33401660766405 -117.5
1 1 10.502073142558258 -122.9207879924949 -108.0
1861
-------------------New----------------
0 0 33.29854874657484 -77.66561051778795 118.5
0 1 34.72880163769971 -75.86625641305159 108.5
1 0 67.4212242445602 -34.89783972988259 -117.5
1 1 66.0447993919706 -36.62379316193974 -108.0
1890
-------------------New----------------
0 0 39.30707461470725 8.042751823655578 118.5
0 1 38.27030281565323 10.2673087767633 108.5
1 0 14.854664650491268 60.588605019058534 -117.5
1 1 15.83774012413301 58.471450848654875 -108.0
1893
-------------------New----------------
0 0 -48.18090430658926 6.201671405926019 118.5
0 1 -44.984706314586504 6.006617968134393 108.5
1 0 27.07110082017354 1.6205055083036863 -117.5
1 1 24.042514704719366 1.805733236806761 -108.0
1894
-------------------New----------------
0 0 -70.43866205303122 -16.865489764826968 118.5
0 1 -72.58272573201756 -19.172708637170516 108.5
1 0 -121.07447400896599 -71.36888619504167 -117.5
1 1 -119.03501422868854 -69.16659305392258 -108.0
1895
-------------------New----------------
0 0 9.764034598341352 -59.853373593807376 118.5
0 1 7.323558116280571 -58.79795052409018 108.5
1 0 -47.83747136857426 -35.00724699586444 -117.5
1 1 -45.51642091715518 -36.00318062709334 -108.0
1901
-------------------New----------------
0 0 -55.42322863392426 -90.55274800350391 118.5
0 1 -51.71544184784905 -89.67848430464856 108.5
1 0 32.220958768283246 -69.8545560384382 -117.5
1 1 28.689099994088917 -70.68906069931316 -108.0
1905
-------------------New----------------
0 0 15.272179491142628 0.48234386242805166 118.5
0 1 11.109324350921833 1.4082928726200081 108.5
1 0 -82.97167285936123 22.339465418077722 -117.5
1 1 -79.01765912797853 21.45901863151726 -108.0
1913
-------------------New----------------
0 0 -42.57735872880743 66.8656182833735 118.5
0 1 -41.77649392204684 66.52036898155072 108.5
1 0 -23.601972892955086 58.66236553753903 -117.5
1 1 -24.368849970814644 58.992111328023576 -108.0
1923
-------------------New----------------
0 0 -63.77789615252457 45.10078534584619 118.5
0 1 -65.98469229298072 45.08630960362787 108.5
1 0 -115.88031016106613 44.71847430024063 -117.5
1 1 -113.78536672911942 44.71856665329789 -108.0
1930
-------------------New----------------
0 0 71.99431032227675 -45.02074547351178 118.5
0 1 71.76603262055812 -41.66653112378684 108.5
1 0 66.73320958855312 33.941426465166515 -117.5
1 1 66.94075329384039 30.767350001422493 -108.0
1933
-------------------New----------------
0 0 -78.3148686450152 -27.042864700757185 118.5
0 1 -78.94822564693911 -25.63802569553574 108.5
1 0 -93.2543112545801 6.121436281023791 -117.5
1 1 -92.65318767987667 4.786298315855921 -108.0
1937
-------------------New----------------
0 0 -29.96126054277778 -41.97139313438197 118.5
0 1 -31.546907345422 -40.914780324253194 108.5
1 0 -67.30943571598786 -16.956103601840486 -117.5
1 1 -65.8060806533306 -17.962990811690712 -108.0
1940
-------------------New----------------
0 0 11.11139153901545 -13.383436874216837 118.5
0 1 15.231654930582806 -11.58326498183229 108.5
1 0 108.36690250955778 29.11959786471463 -117.5
1 1 104.45129782318527 27.408091164472285 -108.0
1943
-------------------New----------------
0 0 -7.1072957895517614 -1.5138085475799836 118.5
0 1 -3.9243213004668576 1.9232166831824933 108.5
1 0 68.1590490103997 78.62376940913282 -117.5
1 1 65.1360001732867 75.40146716090956 -108.0
1955
-------------------New----------------
0 0 -105.93309106747117 11.75695924798744 118.5
0 1 -104.83063789660784 12.549005008704892 108.5
1 0 -80.27771851983428 30.529100413693396 -117.5
1 1 -81.31197922482436 29.74491494281211 -108.0
1960
-------------------New----------------
0 0 -50.89018373802106 6.337067381803677 118.5
0 1 -52.5749539622311 5.0331334071183935 108.5
1 0 -90.74632773134934 -24.36900974576651 -117.5
1 1 -89.14141034329808 -23.13271037673703 -108.0
1961
-------------------New----------------
0 0 92.11016916079997 -15.765937986911982 118.5
0 1 90.44080653200089 -20.452941853032154 108.5
1 0 52.70136068547701 -126.26103110177951 -117.5
1 1 54.292531383444704 -121.81491338247119 -108.0
1963
-------------------New----------------
0 0 42.241884192786 -78.97626271023208 118.5
0 1 38.1732101364425 -79.62588221008778 108.5
1 0 -53.810992829892236 -94.34287974863284 -117.5
1 1 -49.94271359281326 -93.72242918142653 -108.0
1969
-------------------New----------------
0 0 -90.22024317647234 -6.511098889003662 118.5
0 1 -91.66665497355783 -5.61543829743853 108.5
1 0 -124.3433525387738 14.624910366256008 -117.5
1 1 -122.96921287600166 13.774531246702157 -108.0
1971
-------------------New----------------
0 0 92.18039087148809 48.07200212709338 118.5
0 1 91.60484870203744 50.19356279476701 108.5
1 0 78.58099646981478 98.15056224103343 -117.5
1 1 79.1288637153722 96.13483628201467 -108.0
1972
-------------------New----------------
0 0 71.55046153634078 -29.189890980024494 118.5
0 1 72.02596046751573 -22.853944773694156 108.5
1 0 82.67927442517946 120.18284922290653 -117.5
1 1 82.23387633562129 114.17093088791106 -108.0
1973
-------------------New----------------
0 0 -23.496848507587423 76.06210941871942 118.5
0 1 -27.68677287467367 74.44639527349933 108.5
1 0 -122.4244799888359 37.88845117791102 -117.5
1 1 -118.44415879674455 39.422413846882925 -108.0
1996
-------------------New----------------
0 0 -2.547110721301606 48.19466219807291 118.5
0 1 -4.920229042780993 42.669121009324414 108.5
1 0 -58.524936399569626 -82.20447078227791 -117.5
1 1 -56.27212624043278 -76.95636527711686 -108.0
2005
-------------------New----------------
0 0 -36.28479059391521 7.166939468750343 118.5
0 1 -31.503237345875515 1.9703506611739912 108.5
1 0 76.47498303931928 -115.47984322343659 -117.5
1 1 71.93849072090703 -110.5433041255482 -108.0
2011
-------------------New----------------
0 0 95.70835650248486 37.980382989752684 118.5
0 1 95.1278224679809 41.112352731015235 108.5
1 0 82.03833469675993 111.94359884445377 -117.5
1 1 82.58842900988414 108.9644345749733 -108.0
2034
-------------------New----------------
0 0 101.46760733071781 53.20072717729464 118.5
0 1 101.782045449459 52.10110100999816 108.5
1 0 109.00859762106901 27.178013978672006 -117.5
1 1 108.70510927540697 28.23309895418235 -108.0
2038
-------------------New----------------
0 0 81.88429105627173 27.20286293822171 118.5
0 1 82.88745516703253 25.01618282647686 108.5
1 0 105.12110153857125 -23.681500515951686 -117.5
1 1 104.21313286597452 -21.67599453279879 -108.0
2040
-------------------New----------------
0 0 -72.67316495830349 -16.7500150099091 118.5
0 1 -74.77892739471258 -17.844551820997033 108.5
1 0 -122.35502664504308 -42.61147801563004 -117.5
1 1 -120.35441897207507 -41.56999924834263 -108.0
2043
-------------------New----------------
0 0 -24.990201281470103 49.06595973727494 118.5
0 1 -25.317706376117957 47.97049563581319 108.5
1 0 -33.05261294501367 22.751018275991065 -117.5
1 1 -32.72911119691359 23.825294677571186 -108.0
2059
-------------------New----------------
0 0 -71.08345930883237 19.379462135369096 118.5
0 1 -73.37997899428777 19.23037146826583 108.5
1 0 -124.6429356793673 15.272614605987417 -117.5
1 1 -122.55112147352295 15.449525642439841 -108.0
2084
-------------------New----------------
0 0 45.881431538432714 22.12520724177411 118.5
0 1 43.75293065550136 25.585477324204312 108.5
1 0 -4.350246612311345 103.79092986621518 -117.5
1 1 -2.3286621617694507 100.50257921817952 -108.0
2088
-------------------New----------------
0 0 -1.1091748688849037 25.07289265427691 118.5
0 1 3.71896821041609 28.990172049803967 108.5
1 0 112.79090864870065 117.56395074495363 -117.5
1 1 108.20607133549012 113.84088965874385 -108.0
2103
-------------------New----------------
0 0 -98.87013800730558 10.166702555477347 118.5
0 1 -99.58421427161326 6.284779498546245 108.5
1 0 -115.69611726617886 -81.44787067525121 -117.5
1 1 -115.01955512295035 -77.7611446171204 -108.0
2108
-------------------New----------------
0 0 11.76722007758768 49.83836751750738 118.5
0 1 12.147862343522956 47.70638322634575 108.5
1 0 21.02038487047591 -0.4729713807026055 -117.5
1 1 20.643570248873715 1.5611954424074734 -108.0
2116
-------------------New----------------
0 0 -46.01145586702076 -97.16736982531461 118.5
0 1 -46.75491825919396 -97.07090686605184 108.5
1 0 -63.58482918150012 -94.90538354769839 -117.5
1 1 -62.87657931623171 -94.9956296753159 -108.0
2128
-------------------New----------------
0 0 13.863489609905741 -26.2198191557879 118.5
0 1 15.22497957474069 -20.51488267660611 108.5
1 0 45.91557751419905 108.4954222650368 -117.5
1 1 44.62989269049565 103.07261504005251 -108.0
2137
-------------------New----------------
0 0 -61.979174557481585 46.65672108648931 118.5
0 1 -62.53980840602238 45.019697401971676 108.5
1 0 -75.21187264866354 7.989661024588203 -117.5
1 1 -74.679195059624 9.54687074050035 -108.0
2138
-------------------New----------------
0 0 48.05775057121185 51.64520091351778 118.5
0 1 45.506820833553014 54.75641402088483 108.5
1 0 -12.121439098015752 125.06359469374858 -117.5
1 1 -9.700323932219488 122.10832384973924 -108.0
2149
-------------------New----------------
0 0 54.416851340773164 54.70455741946746 118.5
0 1 51.0980974292333 54.709494483369156 108.5
1 0 -21.964199203427267 55.410662495120526 -117.5
1 1 -19.001239352365182 55.48581561777736 -108.0
2159
-------------------New----------------
0 0 -59.950636208954826 -0.2772247677818651 118.5
0 1 -57.90142500433063 -2.2083347207257904 108.5
1 0 -11.669452797549656 -45.78919740954675 -117.5
1 1 -13.611091054868481 -43.95669671664369 -108.0
2162
-------------------New----------------
0 0 -50.43287587363783 85.87423204022971 118.5
0 1 -48.5938041156064 85.01567147429725 108.5
1 0 -6.862147522718898 65.87061790616846 -117.5
1 1 -8.62848949152515 66.66365479894948 -108.0
2164
-------------------New----------------
0 0 85.07612252477531 -108.69941280662604 118.5
0 1 83.46729218752802 -107.9024658963049 108.5
1 0 47.20182995377405 -89.92280285624312 -117.5
1 1 48.725685036713806 -90.6772930278411 -108.0
2168
-------------------New----------------
0 0 21.019197241374165 46.090601962350334 118.5
0 1 23.092700670747682 40.27300242725449 108.5
1 0 69.95863990569684 -91.2043617465258 -117.5
1 1 67.98881946030544 -85.67728676603265 -108.0
2169
-------------------New----------------
0 0 115.30142194887496 19.024003686815654 118.5
0 1 114.75778221726823 18.182539448647002 108.5
1 0 102.47225562051156 -0.835680974841708 -117.5
1 1 102.98876729138279 -0.03630611535842069 -108.0
2171
-------------------New----------------
0 0 -37.54815417572114 -23.48066127536186 118.5
0 1 -38.801369783343084 -27.003911355452665 108.5
1 0 -67.1963737199376 -106.52591707033571 -117.5
1 1 -65.9981549978933 -103.19051215531638 -108.0
2178
-------------------New----------------
0 0 -72.7237115919659 -112.59507979273371 118.5
0 1 -72.2307095184409 -116.31820345278553 108.5
1 0 -92.42069050347402 6.824098338506306 -117.5
1 1 -89.53279914120205 4.40711023690916 -108.0
2179
-------------------New----------------
0 0 -8.487315319923763 18.038416008644628 118.5
0 1 -4.686766457181017 17.533944549738504 108.5
1 0 81.20327727592768 6.165426691965015 -117.5
1 1 77.59072636678448 6.642862331619662 -108.0
2188
-------------------New----------------
0 0 -60.61627376115009 80.51536014553919 118.5
0 1 -60.87866375246701 77.54357190303462 108.5
1 0 -66.80247982444234 10.378584908183138 -117.5
1 1 -66.55418715640877 13.202460569323753 -108.0
2191
-------------------New----------------
0 0 -3.2507096405010123 -26.537332774296527 118.5
0 1 -5.805764086396456 -25.59112711915828 108.5
1 0 -63.55392029243611 -4.200055131956928 -117.5
1 1 -61.12643859493394 -5.099698152092135 -108.0
2204
-------------------New----------------
0 0 92.51208779528346 -18.922127302556948 118.5
0 1 92.38644877144128 -22.92351654052309 108.5
1 0 89.46293911361927 -113.39653660169476 -117.5
1 1 89.58737810037367 -109.59393197390825 -108.0
2205
-------------------New----------------
0 0 42.70048997685647 -46.005343542214206 118.5
0 1 43.05916952235308 -47.48827992423167 108.5
1 0 51.1899077408556 -80.95953519456019 -117.5
1 1 50.844433682600126 -79.55672563037928 -108.0
2207
-------------------New----------------
0 0 94.85477374015498 56.4036285457801 118.5
0 1 93.33476688598327 56.44273210029153 108.5
1 0 59.02473178575427 57.405955259796414 -117.5
1 1 60.471477558077275 57.365217449035185 -108.0
2215
-------------------New----------------
0 0 -0.9729911665982705 5.014817751446919 118.5
0 1 -4.40593297570817 4.676578360889262 108.5
1 0 -81.54766639961157 -3.137411458821871 -117.5
1 1 -78.30187078831268 -2.7986902357961805 -108.0
2216
-------------------New----------------
0 0 -40.38537465690322 -52.00886879503734 118.5
0 1 -36.67817691071776 -47.02671155126042 108.5
1 0 47.10023809432669 65.5728209527092 -117.5
1 1 43.577846070323574 60.83872775590049 -108.0
2219
-------------------New----------------
0 0 -88.8109798432317 100.69711208350836 118.5
0 1 -90.22189204875751 101.78213607065594 108.5
1 0 -121.96927107491396 126.2407412205791 -117.5
1 1 -120.6398638068267 125.21149778718882 -108.0
2243
-------------------New----------------
0 0 -2.4990230286148813 12.612090743837115 118.5
0 1 -4.423710907091879 10.85036834234953 108.5
1 0 -47.93970846381615 -28.941974627765337 -117.5
1 1 -46.10984227965665 -27.269320251132093 -108.0
2244
-------------------New----------------
0 0 14.576089067755797 -44.50984127803886 118.5
0 1 16.576001660133986 -43.29721110690732 108.5
1 0 61.78944295122498 -15.903956843208283 -117.5
1 1 59.89412207668024 -17.054410842983632 -108.0
2248
-------------------New----------------
0 0 99.93602013755317 -76.0596214609311 118.5
0 1 98.18258434983925 -72.82230770724918 108.5
1 0 58.55453491171146 0.3565829140235687 -117.5
1 1 60.22100369607831 -2.720003545852884 -108.0
2277
-------------------New----------------
0 0 -67.39686173995486 66.15011335936649 118.5
0 1 -68.22212970146441 65.17679701315033 108.5
1 0 -86.88004002892065 43.166467739074676 -117.5
1 1 -86.09811978520547 44.09042139045843 -108.0
2279
-------------------New----------------
0 0 -116.90834755012357 82.37536769296429 118.5
0 1 -116.19311638543215 81.2894237296634 108.5
1 0 -100.00250181835736 56.76785529061907 -117.5
1 1 -100.68629548202492 57.79999584712554 -108.0
2286
-------------------New----------------
0 0 -61.15537885065079 -91.41383319306178 118.5
0 1 -61.82114528987105 -89.77979471225964 108.5
1 0 -76.90579317621905 -52.79395750140111 -117.5
1 1 -76.27116442832082 -54.34940205483592 -108.0
2292
-------------------New----------------
0 0 -123.82374079514568 -11.222684291641993 118.5
0 1 -123.51491390178896 -13.465896057366706 108.5
1 0 -116.15163186975164 -64.30081414534284 -117.5
1 1 -116.48438275606334 -62.161698560212415 -108.0
2300
-------------------New----------------
0 0 4.608799081914651 -70.0896404159622 118.5
0 1 5.035992898707869 -69.00566965802543 108.5
1 0 14.528885896067958 -44.500646744180834 -117.5
1 1 14.135713336183025 -45.53240758920775 -108.0
2301
-------------------New----------------
0 0 37.13731760790945 -88.17927667714392 118.5
0 1 39.19371404140357 -88.56930157074909 108.5
1 0 86.98086015798552 -96.80871340932666 -117.5
1 1 85.14069799388447 -96.49346426769644 -108.0
2311
-------------------New----------------
0 0 52.315308917687766 13.518470996075433 118.5
0 1 51.344923432199586 12.84533053083446 108.5
1 0 29.365387494087962 -2.444521708515383 -117.5
1 1 30.288506236595094 -1.7941247866488115 -108.0
2313
-------------------New----------------
0 0 -79.5164850010092 -45.706718498397485 118.5
0 1 -77.23360561607979 -48.57636761989686 108.5
1 0 -25.539645987730385 -113.49884195045402 -117.5
1 1 -27.72641203685465 -110.74876608006404 -108.0
2327
-------------------New----------------
0 0 -15.13128421438302 57.32454501337205 118.5
0 1 -18.932065287133618 59.283737519754574 108.5
1 0 -104.79984153581479 103.56810365242602 -117.5
1 1 -101.19253742223877 101.70658320014162 -108.0
2328
-------------------New----------------
0 0 -11.357043318818384 96.32178073847152 118.5
0 1 -9.007867833470089 97.22363023527954 108.5
1 0 43.98533838166038 117.61392159383347 -117.5
1 1 41.75912757664989 116.7557388283448 -108.0
2342
-------------------New----------------
0 0 90.42288517731669 77.33801784156438 118.5
0 1 87.900643609134 75.57292392595703 108.5
1 0 30.818635702921448 35.53610189462273 -117.5
1 1 33.21867662275632 37.22444423052171 -108.0
2345
-------------------New----------------
0 0 3.440040151700907 -70.66661562474212 118.5
0 1 -0.20445151268616826 -67.88376612861084 108.5
1 0 -82.58257584367605 -4.983935775391685 -117.5
1 1 -79.12043407612356 -7.6284104013339356 -108.0
2358
-------------------New----------------
0 0 25.959143801960796 73.11514322432782 118.5
0 1 24.16805875460464 72.50886270611619 108.5
1 0 -16.35592647799322 58.92097101748597 -117.5
1 1 -14.651407218014668 59.491038482900265 -108.0
2367
-------------------New----------------
0 0 10.75842384022661 -19.914584838104723 118.5
0 1 14.711398402463624 -19.24756215473924 108.5
1 0 104.06021133469206 -4.160932101912628 -117.5
1 1 100.30320654921533 -4.796524159788159 -108.0
2372
-------------------New----------------
0 0 14.034207384457739 -55.46876562129317 118.5
0 1 17.112316858685606 -56.72049424618287 108.5
1 0 86.78396217366524 -84.90818998756411 -117.5
1 1 83.8560873205906 -83.72833727349477 -108.0
2396
-------------------New----------------
0 0 25.638504359325633 -15.369253070015315 118.5
0 1 21.2834732599755 -16.170766835333012 108.5
1 0 -77.15143862964608 -34.07285914284282 -117.5
1 1 -73.0211657785456 -33.330463465382714 -108.0
2398
-------------------New----------------
0 0 -63.176650704672134 -77.45924419888624 118.5
0 1 -59.71961901925367 -78.8675484644117 108.5
1 0 18.407956096586847 -110.6868249667212 -117.5
1 1 15.123878089444679 -109.34861229348378 -108.0
2404
-------------------New----------------
0 0 99.44090619087675 -23.307155583423935 118.5
0 1 98.98274046196923 -18.73524884753086 108.5
1 0 88.65611616754298 84.61738518663262 -117.5
1 1 89.08844314863178 80.272624025121 -108.0
2406
-------------------New----------------
0 0 18.241336359820586 -13.928149318249364 118.5
0 1 19.081534221066796 -13.55092582087317 108.5
1 0 38.382681821210866 -5.2841421395855015 -117.5
1 1 37.55476545533317 -5.634432604999989 -108.0
2412
-------------------New----------------
0 0 -30.798004305214523 -18.168615626687064 118.5
0 1 -34.43591592743271 -12.321961599876564 108.5
1 0 -116.63996199867422 119.85197873740097 -117.5
1 1 -113.18397136843544 114.29356902703853 -108.0
2432
-------------------New----------------
0 0 -103.09182981092252 20.246494954398344 118.5
0 1 -101.99428305038536 17.87625436170587 108.5
1 0 -77.14040577250881 -35.678125109676714 -117.5
1 1 -78.18855941196209 -33.42951294674164 -108.0
2441
-------------------New----------------
0 0 -19.73836045284496 -4.296760803541445 118.5
0 1 -23.694335995651866 -5.349583740804354 108.5
1 0 -113.09525999348084 -29.154317288209917 -117.5
1 1 -109.33712470966077 -28.153400965860783 -108.0
2468
-------------------New----------------
0 0 -7.509024231430456 52.27810272541933 118.5
0 1 -1.8493996210805164 50.78421834111854 108.5
1 0 125.9811486515126 16.842050216645568 -117.5
1 1 120.60948168563095 18.279956220406852 -108.0
2472
-------------------New----------------
0 0 -109.45470101569829 9.873382357233064 118.5
0 1 -109.63926938784297 7.214925519369818 108.5
1 0 -113.93973287893864 -52.76549846500406 -117.5
1 1 -113.75609422221142 -50.23146611377794 -108.0
2483
-------------------New----------------
0 0 23.83880367900419 13.83890248734005 118.5
0 1 27.875827697431227 17.33608520339181 108.5
1 0 119.13392226953204 96.382244357562 -117.5
1 1 115.29747619981117 93.05928494820064 -108.0
2490
-------------------New----------------
0 0 10.500072023751382 -53.54091157419342 118.5
0 1 10.554088905557908 -55.41255465814563 108.5
1 0 11.020802661258154 -97.8796047475493 -117.5
1 1 11.006233766702902 -96.05192006231252 -108.0
2515
-------------------New----------------
0 0 -67.62128866566283 43.37050722918195 118.5
0 1 -67.64302254796117 43.68089721297392 108.5
1 0 -68.51732543376625 50.70169499475113 -117.5
1 1 -68.48479571630237 50.407481580037484 -108.0
2521
-------------------New----------------
0 0 -55.92939376408034 -32.725820950720355 118.5
0 1 -57.67013461369078 -32.735791543576454 108.5
1 0 -97.17193148517174 -32.99541707272281 -117.5
1 1 -95.51715994277893 -32.981503589664804 -108.0
2528
-------------------New----------------
0 0 -44.55578696118996 111.9925881943653 118.5
0 1 -45.37609347329011 111.7618181711883 108.5
1 0 -63.97456129811604 106.53729170293704 -117.5
1 1 -63.19237585148678 106.75824464330303 -108.0
2533
-------------------New----------------
0 0 -74.24634993644955 -99.81871714781623 118.5
0 1 -72.49704246202383 -98.44022626929306 108.5
1 0 -33.151434661991566 -67.2997969377124 -117.5
1 1 -34.80645096298571 -68.61129823591816 -108.0
2546
-------------------New----------------
0 0 -11.758075002664066 43.314562107839585 118.5
0 1 -9.728028684317252 45.61543961245547 108.5
1 0 36.07956024960741 97.68107465538252 -117.5
1 1 34.15663202685712 95.49292722383161 -108.0
2557
-------------------New----------------
0 0 -66.62951354333785 83.06962057458729 118.5
0 1 -64.18987250773898 80.33706502181803 108.5
1 0 -9.126972501875649 18.525132151133292 -117.5
1 1 -11.442532219944008 21.125721427414692 -108.0
2565
-------------------New----------------
0 0 52.52639110593009 2.9148786440670156 118.5
0 1 53.82726611596986 1.3079561098621837 108.5
1 0 83.25288823721826 -34.99861276658572 -117.5
1 1 82.01463520606679 -33.467860141892636 -108.0
2566
-------------------New----------------
0 0 94.34807077817815 -61.869961417126106 118.5
0 1 95.15815925495386 -59.8160345257992 108.5
1 0 114.13012681468922 -13.272227192366334 -117.5
1 1 113.33696117460661 -15.23500949246942 -108.0
2569
-------------------New----------------
0 0 -53.42628345349723 -58.738603120953954 118.5
0 1 -51.15022418776008 -58.15636661683768 108.5
1 0 0.26303396127616524 -44.98755144286543 -117.5
1 1 -1.8975058002682896 -45.541450046373285 -108.0
2570
-------------------New----------------
0 0 47.29929481252289 13.177821438188786 118.5
0 1 46.6697475600585 13.964319817605546 108.5
1 0 32.494691663907396 32.162197057446775 -117.5
1 1 33.09651782070059 31.393560165292172 -108.0
2578
-------------------New----------------
0 0 -30.97980775094994 111.7866774999519 118.5
0 1 -34.27218859274373 111.0047502582486 108.5
1 0 -108.68672393434933 93.35189913659534 -117.5
1 1 -105.55853449805326 94.09375608355677 -108.0
2583
-------------------New----------------
0 0 94.56319053603016 -33.60406099545668 118.5
0 1 93.2824419131438 -34.604764576408435 108.5
1 0 64.27500806074227 -57.17433716085566 -117.5
1 1 65.50032554050662 -56.22832801008999 -108.0
2584
-------------------New----------------
0 0 40.02412201701047 49.48675308900463 118.5
0 1 38.849863094814644 51.485510371664304 108.5
1 0 12.311623443957867 96.63170733522811 -117.5
1 1 13.427268075906122 94.73491971054992 -108.0
2594
-------------------New----------------
0 0 -4.477904010198112 -80.6820586146815 118.5
0 1 -6.215917136242747 -77.75343264152761 108.5
1 0 -45.47469131348228 -11.578323887664164 -117.5
1 1 -43.82766365289488 -14.362226499699961 -108.0
2595
-------------------New----------------
0 0 -58.677274997105904 16.690991428104915 118.5
0 1 -57.41960380313145 16.038282687921352 108.5
1 0 -28.986999839652192 1.2884077845319781 -117.5
1 1 -30.182184631400247 1.9085013543753746 -108.0
2600
-------------------New----------------
0 0 30.170348232849612 8.61388403769628 118.5
0 1 30.091553141509582 13.509962935431304 108.5
1 0 28.54645609843785 124.23499157692522 -117.5
1 1 28.592591977425705 119.52756283418191 -108.0
2602
-------------------New----------------
0 0 53.83354284477049 -23.775113137825745 118.5
0 1 50.476848099992324 -20.38974942381942 108.5
1 0 -25.4461635793417 56.193983593816064 -117.5
1 1 -22.253095098392805 52.97602311626173 -108.0
2608
-------------------New----------------
0 0 112.17265811152254 -86.71692825636657 118.5
0 1 112.357500444132 -83.90688394415696 108.5
1 0 116.57087731519398 -20.339365843678102 -117.5
1 1 116.39311868232596 -23.01330482060259 -108.0
2617
-------------------New----------------
0 0 49.65885459066365 35.18073616373017 118.5
0 1 46.57845341161097 31.176725024190965 108.5
1 0 -22.99193129626167 -59.27504655495038 -117.5
1 1 -20.069068454241805 -55.47384641849506 -108.0
2620
-------------------New----------------
0 0 -84.19581422669789 -8.837409965390227 118.5
0 1 -83.4793923475122 -6.77638376975013 108.5
1 0 -67.20764525565035 39.78315453624021 -117.5
1 1 -67.8937059696907 37.82670395906895 -108.0
2625
-------------------New----------------
0 0 24.507782838557123 -54.30633921507251 118.5
0 1 27.191795457631798 -52.85356834972654 108.5
1 0 87.84434847549836 -20.015660196199168 -117.5
1 1 85.29533369459082 -21.395969521445256 -108.0
2627
-------------------New----------------
0 0 34.668775878077795 -10.788991432276308 118.5
0 1 37.76343548451539 -9.713513244286744 108.5
1 0 107.78029506960561 14.754791224984203 -117.5
1 1 104.82505245128546 13.723271253043773 -108.0
2648
-------------------New----------------
0 0 -76.08260008103599 -36.50283881090174 118.5
0 1 -75.10840169530181 -36.5933084037537 108.5
1 0 -53.19399192421488 -38.763819033495 -117.5
1 1 -54.112221993388765 -38.67279846243089 -108.0
2654
-------------------New----------------
0 0 -59.06666296851881 53.32573608821256 118.5
0 1 -58.47264123497498 56.40809758386994 108.5
1 0 -45.026635742297195 126.08446106360505 -117.5
1 1 -45.59022368701936 123.15846162442435 -108.0
2657
-------------------New----------------
0 0 -40.918251867046095 -65.91144125283797 118.5
0 1 -40.00232776952912 -62.68649343433651 108.5
1 0 -19.36173226273236 10.22899020330284 -117.5
1 1 -20.229650608205528 7.16505276280594 -108.0
2659
-------------------New----------------
0 0 -36.70154580832043 -17.264061173871628 118.5
0 1 -35.8681197093065 -13.919717604429133 108.5
1 0 -17.055097547426378 61.66873218452108 -117.5
1 1 -17.844600181340397 58.48719255480695 -108.0
2668
-------------------New----------------
0 0 24.0511231502134 -34.40915885276404 118.5
0 1 19.882611892674777 -37.15988071256304 108.5
1 0 -74.35695637327144 -99.37769077137848 -117.5
1 1 -70.3946296337814 -96.76067094281242 -108.0
2673
-------------------New----------------
0 0 51.5245849102886 -30.36244581929514 118.5
0 1 51.249916883789204 -32.31702687494163 108.5
1 0 45.11579290564906 -76.43368056022352 -117.5
1 1 45.37288592775027 -74.58095129560647 -108.0
2676
-------------------New----------------
0 0 7.059836218387789 2.5438923282894192 118.5
0 1 8.857753112610485 3.182297544520622 108.5
1 0 49.5129322110464 17.616523928492487 -117.5
1 1 47.80464664151889 17.009274469960296 -108.0
2677
-------------------New----------------
0 0 -34.664094055721414 -71.08556943848414 118.5
0 1 -36.8745285534252 -67.71487012508547 108.5
1 0 -86.81984553108339 8.560296371420442 -117.5
1 1 -84.7196613433326 5.352209305282026 -108.0
2681
-------------------New----------------
0 0 -77.69680172095391 -36.43663817273332 118.5
0 1 -79.12616505529863 -38.590544819684624 108.5
1 0 -111.4272520381249 -87.35485991674894 -117.5
1 1 -110.06504652779836 -85.3044401805963 -108.0
2685
-------------------New----------------
0 0 -9.222091755393262 35.07829669566285 118.5
0 1 -6.58479325836422 35.814763400873204 108.5
1 0 52.98696292647634 52.507949295779795 -117.5
1 1 50.47920840480532 51.806611961114484 -108.0
2687
-------------------New----------------
0 0 68.83699643031002 80.36061324783495 118.5
0 1 65.33852756343401 78.95032461720292 108.5
1 0 -13.939489496309267 47.09150599575229 -117.5
1 1 -10.608006094444857 48.43762735319417 -108.0
2688
-------------------New----------------
0 0 81.79917704370025 91.80662016975771 118.5
0 1 80.63988150002548 98.25245447779596 108.5
1 0 95.77539592680915 18.47078710569137 -117.5
1 1 94.71441670540995 19.636219463195033 -108.0
2689
-------------------New----------------
0 0 91.3058639821468 -62.49869411559693 118.5
0 1 91.93241740635713 -61.834054701963375 108.5
1 0 106.15506108932338 -46.83991598688395 -117.5
1 1 105.55655273240639 -47.47217828124391 -108.0
2696
-------------------New----------------
0 0 36.0871192607648 95.8055942491691 118.5
0 1 34.15160483235836 94.14915901501311 108.5
1 0 -9.727595035755694 56.68861256384368 -117.5
1 1 -7.880264157155113 58.262586351552805 -108.0
2703
-------------------New----------------
0 0 71.6386445234892 -53.75941461466577 118.5
0 1 71.94774384520984 -53.209742642491086 108.5
1 0 78.9635011378032 -40.81965491175441 -117.5
1 1 78.66813024147123 -41.34010026895608 -108.0
2705
-------------------New----------------
0 0 -102.50443449845902 -40.08318826704372 118.5
0 1 -102.7600783301809 -43.191744230259495 108.5
1 0 -108.55917689249205 -113.37411275328853 -117.5
1 1 -108.31405872690057 -110.42426767517847 -108.0
2710
-------------------New----------------
0 0 69.63124642281514 -65.83136038638065 118.5
0 1 71.2611960576629 -67.41485899980042 108.5
1 0 108.2483855980714 -103.30489475680073 -117.5
1 1 106.69160863031716 -101.7990095805519 -108.0
2716
-------------------New----------------
0 0 11.64535729467093 19.967994103316897 118.5
0 1 15.123240872736826 18.58927445211455 108.5
1 0 93.69683351826436 -12.56112924966819 -117.5
1 1 90.39407821021248 -11.25164983973833 -108.0
2721
-------------------New----------------
0 0 87.41328113344959 79.04317493653204 118.5
0 1 88.14474934716304 78.68134660336118 108.5
1 0 104.74663853006939 70.50578081221752 -117.5
1 1 104.04262649523682 70.85029789293027 -108.0
2733
-------------------New----------------
0 0 -47.65844640838294 -81.02506800663583 118.5
0 1 -49.50944822533914 -80.91363736335634 108.5
1 0 -91.23621057697042 -78.42029960454826 -117.5
1 1 -89.48723035577912 -78.52236540773143 -108.0
2738
-------------------New----------------
0 0 57.9733876882068 -27.449923366801336 118.5
0 1 56.04675898047687 -22.308863890118822 108.5
1 0 12.605226482282145 93.8610960825609 -117.5
1 1 14.43258030831347 88.97501173975208 -108.0
2739
-------------------New----------------
0 0 -24.14527895215027 113.81579969064599 118.5
0 1 -25.215976961261713 113.40980799747172 108.5
1 0 -49.32159010761985 104.19558846676753 -117.5
1 1 -48.310411437324085 104.58435412736462 -108.0
2742
-------------------New----------------
0 0 -70.54398021486807 21.935891499427736 118.5
0 1 -67.84764088148935 19.27420958780778 108.5
1 0 -6.916555801364713 -40.89340076668289 -117.5
1 1 -9.476425306437624 -38.36360844043754 -108.0
2754
-------------------New----------------
0 0 -24.10457646975411 -7.545742930695876 118.5
0 1 -24.444822459069677 -11.593879983562417 108.5
1 0 -32.15778755483346 -103.1260314855977 -117.5
1 1 -31.83036970727384 -99.27589466864227 -108.0
2770
-------------------New----------------
0 0 -50.340066542259834 10.488097376928375 118.5
0 1 -46.37487773220398 10.755637429494756 108.5
1 0 43.34993225507974 16.783795042593642 -117.5
1 1 39.576187002100816 16.526707170323697 -108.0
2771
-------------------New----------------
0 0 4.433655618755183 67.02089170695528 118.5
0 1 8.44664597463668 65.91514374199647 108.5
1 0 99.138287549062 40.92912621898866 -117.5
1 1 95.32629261805015 41.979516016324624 -108.0
2775
-------------------New----------------
0 0 -29.571155565289935 -53.05399868671291 118.5
0 1 -32.05385805314995 -53.10332279082352 108.5
1 0 -88.11330029712244 -53.72985591721407 -117.5
1 1 -85.75626258311684 -53.712416330558334 -108.0
2786
-------------------New----------------
0 0 -7.1615982533796565 67.12090660959021 118.5
0 1 -3.5379363606567957 66.80023323838569 108.5
1 0 78.36079612344376 59.56558452841654 -117.5
1 1 74.91907958104142 59.868710143452894 -108.0
2790
-------------------New----------------
0 0 -12.073400554759159 -31.44208581017117 118.5
0 1 -14.063441577313323 -30.430388575640563 108.5
1 0 -59.036425773375825 -7.57622228064275 -117.5
1 1 -57.14556959938989 -8.536605508040257 -108.0
2793
-------------------New----------------
0 0 -89.56402708811814 -75.98762011465251 118.5
0 1 -88.36932215823006 -77.86057537940151 108.5
1 0 -61.07857519571805 -120.54188578833646 -117.5
1 1 -62.21146579984552 -118.75070476431219 -108.0
2799
-------------------New----------------
0 0 55.58315904558958 75.74455404564938 118.5
0 1 52.91321272999776 71.99453884710917 108.5
1 0 -7.2931860850496175 -12.632351893701859 -117.5
1 1 -4.751029007445635 -9.076595894485287 -108.0
2808
-------------------New----------------
0 0 37.10243307427599 -10.335986998007089 118.5
0 1 37.02047128929287 -8.974623413191278 108.5
1 0 35.16847552140176 21.79232723541842 -117.5
1 1 35.24646658086882 20.499369079413086 -108.0
2814
-------------------New----------------
0 0 127.64791783442206 98.07403242994076 118.5
0 1 36.08238856500581 -25.054980757513384 108.5
1 0 2.036985215192659 32.64315345141331 -117.5
1 1 3.46827855552858 30.218260103254448 -108.0
2816
-------------------New----------------
0 0 11.379885110847479 -75.0608481036325 118.5
0 1 13.644409862007674 -75.70215981210431 108.5
1 0 64.81561016415893 -90.19513794966481 -117.5
1 1 62.66458874060877 -89.58597935540669 -108.0
2820
-------------------New----------------
0 0 17.257176367431704 -19.595957305506055 118.5
0 1 14.392453089675016 -15.636283563733613 108.5
1 0 -50.31655189844717 73.80770444715554 -117.5
1 1 -47.597360499771085 70.04954020753345 -108.0
2835
-------------------New----------------
0 0 104.98224431228627 11.243367315817368 118.5
0 1 104.36363664932405 14.462489800784335 108.5
1 0 90.52515636453963 87.40505975076269 -117.5
1 1 91.10373925287574 84.33015157647479 -108.0
2836
-------------------New----------------
0 0 44.951059777461765 -50.38694253741999 118.5
0 1 41.09543459409855 -52.10656394146382 108.5
1 0 -45.93768833826213 -91.0742245430819 -117.5
1 1 -42.27679856713651 -89.4342047578217 -108.0
2852
-------------------New----------------
0 0 53.641543986541066 20.950216041399568 118.5
0 1 55.92186320883311 21.091587690861967 108.5
1 0 107.42369581521879 24.2981468172515 -117.5
1 1 105.26141318678431 24.164693066072168 -108.0
2854
-------------------New----------------
0 0 59.39183095400407 52.86100538202639 118.5
0 1 60.768965069696115 55.22462937785495 108.5
1 0 91.91043685651427 108.70446812304235 -117.5
1 1 90.60166970034236 106.45061613609089 -108.0
2859
-------------------New----------------
0 0 -29.002162657274255 -48.11805749382533 118.5
0 1 -28.546976990748608 -49.659009172288506 108.5
1 0 -18.369694133280678 -84.49248896328685 -117.5
1 1 -18.79975417446753 -83.02370729523813 -108.0
2865
-------------------New----------------
0 0 3.3600502965595176 -85.07090470301208 118.5
0 1 5.4414741590062 -83.07651182459713 108.5
1 0 52.48086775067152 -38.01417823967391 -117.5
1 1 50.504050451625076 -39.907338535839656 -108.0
2868
-------------------New----------------
0 0 32.14138281841558 -6.554481341004211 118.5
0 1 27.882730279277503 -4.782967533736552 108.5
1 0 -68.32479621188773 35.290001359074324 -117.5
1 1 -64.2751846747652 33.602394211416815 -108.0
2874
-------------------New----------------
0 0 -59.68040543313721 -44.43460751779066 118.5
0 1 -55.304205700650655 -43.98517972089208 108.5
1 0 43.58886050437016 -33.83990328695942 -117.5
1 1 39.43183154926463 -34.26608990418348 -108.0
2889
-------------------New----------------
0 0 -72.02406027501546 36.932557411280136 118.5
0 1 -73.48643551662843 35.69437629873856 108.5
1 0 -106.22271481769701 8.016613202625198 -117.5
1 1 -104.8529388464145 9.174015607564549 -108.0
2912
-------------------New----------------
0 0 -62.45803330212899 51.12570563142449 118.5
0 1 -64.83556691257722 47.25926508637762 108.5
1 0 -118.56754926621102 -40.135143073006034 -117.5
1 1 -116.30880101405319 -36.46110320821432 -108.0
2913
-------------------New----------------
0 0 40.10573012290126 -80.27559503572485 118.5
0 1 35.23559530307263 -80.07305493968813 108.5
1 0 -74.9935567842876 -75.40340137739852 -117.5
1 1 -70.35612788301226 -75.60311883063214 -108.0
2914
-------------------New----------------
0 0 54.20118922311379 82.73301977477615 118.5
0 1 52.45167548689752 80.68533542237785 108.5
1 0 12.913308089277702 34.41526490066846 -117.5
1 1 14.575440740337317 36.35989926181385 -108.0
2917
-------------------New----------------
0 0 27.140767823224348 69.39685355492142 118.5
0 1 24.094486848574356 69.71670269262613 108.5
1 0 -44.762737223859844 76.95526089298171 -117.5
1 1 -41.86836585371754 76.65071466515045 -108.0
2920
-------------------New----------------
0 0 -73.17551009232602 34.90476047753526 118.5
0 1 -74.871096443275 35.35005750548053 108.5
1 0 -113.21334972092964 45.40976394709662 -117.5
1 1 -111.60105625110971 44.98598761414813 -108.0
2923
-------------------New----------------
0 0 76.41332214097545 22.54577761772592 118.5
0 1 77.8455918441562 26.504430474103355 108.5
1 0 110.18898874240035 115.98548529553811 -117.5
1 1 108.8305475021793 112.22244810790241 -108.0
2940
-------------------New----------------
0 0 -84.26124710420237 -66.42144332738968 118.5
0 1 -84.82579172339025 -66.37788000880641 108.5
1 0 -97.58152038595384 -65.39673371554383 -117.5
1 1 -97.0453239497049 -65.43764475094363 -108.0
2946
-------------------New----------------
0 0 -47.04396887324057 0.7687065174017732 118.5
0 1 -42.54222834406445 -0.5435024969811214 108.5
1 0 59.44153637129712 -30.426816693095645 -117.5
1 1 55.15412479431177 -29.169625433532467 -108.0
2955
-------------------New----------------
0 0 -82.2892790681196 85.74190880224306 118.5
0 1 -83.13126344330651 85.8243393550595 108.5
1 0 -102.08892084230199 87.51774182468469 -117.5
1 1 -101.29574316925195 87.44896973933685 -108.0
2957
-------------------New----------------
0 0 -25.667707459168348 113.62559278568419 118.5
0 1 -29.042247763183536 112.69893186432107 108.5
1 0 -105.31308249223066 91.7649698020773 -117.5
1 1 -102.10692963256234 92.6449149618621 -108.0
2959
-------------------New----------------
0 0 55.195371482580185 13.831477169170558 118.5
0 1 50.34570382677749 8.565220118865573 108.5
1 0 -59.10273988546015 -110.44738278700254 -117.5
1 1 -54.50115040044333 -105.44526644598527 -108.0
2960
-------------------New----------------
0 0 -95.58210031113481 -11.36127021652624 118.5
0 1 -94.28737134317254 -7.500923256877644 108.5
1 0 -65.09187491260592 79.64372364063436 -117.5
1 1 -66.31819861355517 75.98035097860024 -108.0
2964
-------------------New----------------
0 0 -85.99198274739707 26.308160062249573 118.5
0 1 -85.40077057604609 25.161884704212873 108.5
1 0 -72.02792596284243 -0.7302134106751793 -117.5
1 1 -72.59058044705948 0.35805835427793387 -108.0
2966
-------------------New----------------
0 0 -36.81531002215828 -3.921375076136413 118.5
0 1 -34.0070996653647 -3.864721370365006 108.5
1 0 31.102572753350547 -0.9249111581015145 -117.5
1 1 28.292240862798042 -1.1221257630513797 -108.0
2974
-------------------New----------------
0 0 -0.3670671876028976 33.28785964044237 118.5
0 1 -0.7506788363841261 28.838600473013365 108.5
1 0 -9.37725050207607 -71.84623357408724 -117.5
1 1 -9.016337725044464 -67.61030162162868 -108.0
2984
-------------------New----------------
0 0 -99.99155851717715 49.42640815169839 118.5
0 1 -101.04661450032746 51.45597654556224 108.5
1 0 -124.9502376204033 97.36253076552484 -117.5
1 1 -123.94199400346254 95.43059597467723 -108.0
2995
-------------------New----------------
0 0 75.17714294776628 72.58302475661488 118.5
0 1 74.70462744738056 71.33912820337824 108.5
1 0 63.814771714128675 43.47459218902911 -117.5
1 1 64.27116864646861 44.641671542024184 -108.0
3004
-------------------New----------------
0 0 74.88864786969948 -87.73142596786197 118.5
0 1 74.80624030623717 -86.7139646201651 108.5
1 0 73.04295389422654 -63.756907710026226 -117.5
1 1 73.1145744036621 -64.72460001794914 -108.0
3009
-------------------New----------------
0 0 31.185678263493145 82.70438574787174 118.5
0 1 27.220850563460743 79.57847729092245 108.5
1 0 -62.074739382950554 9.07457397487222 -117.5
1 1 -58.328521358791065 11.971979768741319 -108.0
3017
-------------------New----------------
0 0 -101.0479122008933 61.80977687007646 118.5
0 1 -99.39851740784268 59.78048148754475 108.5
1 0 -61.837839370610595 13.686202458345974 -117.5
1 1 -63.438135885992736 15.62072954141938 -108.0
3019
-------------------New----------------
0 0 -54.42403760748429 61.100298471356965 118.5
0 1 -55.88539370066593 61.12389514331163 108.5
1 0 -89.26841143360036 61.715330003076915 -117.5
1 1 -87.86691410759657 61.70110198823552 -108.0
3021
-------------------New----------------
0 0 -47.27954016861795 52.2262735180175 118.5
0 1 -43.095092964090206 53.809535848892075 108.5
1 0 51.285038762318415 89.48046310004514 -117.5
1 1 47.32390023993139 87.9838404727943 -108.0
3030
-------------------New----------------
0 0 47.596306815305894 62.60548751365923 118.5
0 1 42.87669028064766 63.206711736180544 108.5
1 0 -63.74117274150785 76.82982560514512 -117.5
1 1 -59.258688148941665 76.26084132036996 -108.0
3042
-------------------New----------------
0 0 40.03575663343214 26.163628234588394 118.5
0 1 36.33319962397156 28.17958872606757 108.5
1 0 -47.44233115172968 73.63331679351646 -117.5
1 1 -43.919235616350385 71.71958288185854 -108.0
3053
-------------------New----------------
0 0 -89.06460380748328 -63.38789382844241 118.5
0 1 -89.34247598483887 -61.090322189839796 108.5
1 0 -95.76160229944239 -9.214231233135946 -117.5
1 1 -95.49130210060434 -11.385234615103618 -108.0
3060
-------------------New----------------
0 0 51.802839901400716 1.2935549456471698 118.5
0 1 48.16887400014648 3.183163836024198 108.5
1 0 -34.36595254433073 45.51728229337259 -117.5
1 1 -30.86430526042734 43.74939301162302 -108.0
3061
-------------------New----------------
0 0 -21.622466746131895 -108.48859577136197 118.5
0 1 -19.49461151956119 -108.08730978135914 108.5
1 0 28.55335579612189 -99.09515126120297 -117.5
1 1 26.533769402978635 -99.47363676231757 -108.0
3062
-------------------New----------------
0 0 57.006965842325755 56.54022776947345 118.5
0 1 58.14512985850051 53.420018776179006 108.5
1 0 83.87395471952361 -17.087735487405546 -117.5
1 1 82.79207946376883 -14.124193042117335 -108.0
3063
-------------------New----------------
0 0 -7.923501308726095 -73.52645819630935 118.5
0 1 -5.0736609596371185 -75.45320842634852 108.5
1 0 59.31268918885005 -118.93413384875653 -117.5
1 1 56.60685720734638 -117.11092008078894 -108.0
3064
-------------------New----------------
0 0 -60.081876204888694 40.29983025140494 118.5
0 1 -60.544963856072215 34.25129123906492 108.5
1 0 -70.93454257347437 -102.46468786810308 -117.5
1 1 -70.49750409845026 -96.72525190696304 -108.0
3065
-------------------New----------------
0 0 3.1755777529659985 -45.76047935811202 118.5
0 1 -0.34779726832311153 -43.93759921730711 108.5
1 0 -80.09559866269184 -2.8271042872159535 -117.5
1 1 -76.74707302666653 -4.554499852866774 -108.0
3067
-------------------New----------------
0 0 -49.43184582897742 -37.183463620182856 118.5
0 1 -50.49245262487374 -37.05544733462828 108.5
1 0 -74.49570432251177 -34.15229407732691 -117.5
1 1 -73.4851125226576 -34.275272713383224 -108.0
3098
-------------------New----------------
0 0 -2.087840734700105 -7.558229073786289 118.5
0 1 -5.8963201662964435 -2.932688582578416 108.5
1 0 -92.05641037096508 101.74015192081819 -117.5
1 1 -88.42578069316134 97.33514752951189 -108.0
3104
-------------------New----------------
0 0 8.689894726344074 -60.76108401714324 118.5
0 1 13.04219594901591 -63.45368108552221 108.5
1 0 111.57387637695736 -124.35999248372173 -117.5
1 1 107.43347452919468 -121.79644484559147 -108.0
3108
-------------------New----------------
0 0 -11.46721521179255 82.83127734858874 118.5
0 1 -6.060958140571862 80.5100404987474 108.5
1 0 115.72742372558409 28.176757006452327 -117.5
1 1 110.62999366979048 30.376382452530827 -108.0
3109
-------------------New----------------
0 0 -60.510211469599234 -14.308254700351139 118.5
0 1 -62.05795581673673 -16.18163203249352 108.5
1 0 -97.0438872349163 -58.51694124900447 -117.5
1 1 -95.57290594894363 -56.73737785097226 -108.0
3113
-------------------New----------------
0 0 9.12912395678076 22.126474397490647 118.5
0 1 6.616240899398486 15.930448488765979 108.5
1 0 -49.97690071690498 -124.6049546542205 -117.5
1 1 -47.57240380934449 -118.70217510910234 -108.0
3116
-------------------New----------------
0 0 -86.41927303588848 30.61764433716945 118.5
0 1 -86.56935107789414 26.89066603620309 108.5
1 0 -89.98859128630639 -57.33681236449244 -117.5
1 1 -89.84651255897543 -53.79505341919129 -108.0
3118
-------------------New----------------
0 0 44.66663840843138 3.7829742554105565 118.5
0 1 46.02935946623372 -1.739457693904901 108.5
1 0 76.78353009788457 -126.79628743609081 -117.5
1 1 75.491681671983 -121.54032641629139 -108.0
3119
-------------------New----------------
0 0 -56.45376101212787 7.9069371542001905 118.5
0 1 -56.09286639353117 7.7965428959563585 108.5
1 0 -47.949121854344384 4.974609402347129 -117.5
1 1 -48.28885509319359 5.1089620755493526 -108.0
3123
-------------------New----------------
0 0 55.2649487364644 -2.5849942038191736 118.5
0 1 55.28179250766006 -1.42982542283653 108.5
1 0 55.60131224117593 24.757071640883915 -117.5
1 1 55.5913798758173 23.656772355629975 -108.0
3134
-------------------New----------------
0 0 82.14609492023247 -25.557801332693405 118.5
0 1 82.05971872969094 -21.740280986016103 108.5
1 0 78.0740701742417 65.39173862812837 -117.5
1 1 78.30390084046084 61.707919866030295 -108.0
3141
-------------------New----------------
0 0 24.084705710845647 -24.97963862974846 118.5
0 1 25.142487733824566 -25.988044352204895 108.5
1 0 48.98166824508289 -48.64258692179208 -117.5
1 1 47.98258709049126 -47.69097803977137 -108.0
3143
-------------------New----------------
0 0 -15.731682766425612 1.003649151899427 118.5
0 1 -11.278860215502224 3.8865518431499195 108.5
1 0 89.08672797147847 68.93820740303934 -117.5
1 1 84.88163339236502 66.1858312190575 -108.0
3144
-------------------New----------------
0 0 -48.21010675337028 -34.106335899758285 118.5
0 1 -49.129121392420984 -36.27022326241786 108.5
1 0 -69.89306186939118 -85.18253819958781 -117.5
1 1 -69.01871424605498 -83.12500895502492 -108.0
3153
-------------------New----------------
0 0 -0.7063528106833494 23.992500751482012 118.5
0 1 3.782651535829899 23.6504481897723 108.5
1 0 105.22889027155266 15.914836200975873 -117.5
1 1 100.96497858514115 16.239963907334086 -108.0
3155
-------------------New----------------
0 0 95.35689902097405 41.23494509294171 118.5
0 1 95.06121233012642 39.131903680215245 108.5
1 0 88.39389646742549 -8.40331099449958 -117.5
1 1 88.67294082819738 -6.403385378024128 -108.0
3161
-------------------New----------------
0 0 -9.889605977778114 103.72264271724596 118.5
0 1 -8.69548407559935 102.07667653148647 108.5
1 0 18.286001416246336 64.88205894619848 -117.5
1 1 17.152350094769353 66.4453133486258 -108.0
3167
-------------------New----------------
0 0 63.69276484594491 -51.40025722737869 118.5
0 1 60.71371988111239 -52.70959868518587 108.5
1 0 -6.596493073159275 -82.31207492552907 -117.5
1 1 -3.767194675404099 -81.06759541914616 -108.0
3169
-------------------New----------------
0 0 111.12175288197197 -96.02891887523676 118.5
0 1 110.23859335800151 -96.19330193421642 108.5
1 0 89.88930797900224 -99.47897085054683 -117.5
1 1 90.73712417541321 -99.2944602633078 -108.0
3172
-------------------New----------------
0 0 -19.237866763406736 44.531308870438025 118.5
0 1 -21.42747494016278 40.473316188269465 108.5
1 0 -71.16430567833928 -51.20162967795925 -117.5
1 1 -69.06444605621407 -47.35356081600226 -108.0
3174
-------------------New----------------
0 0 -89.6204672987192 50.100835227989094 118.5
0 1 -87.91030435561157 51.1751645370048 108.5
1 0 -49.22660625840868 75.45034233961754 -117.5
1 1 -50.853575105146334 74.42922134131331 -108.0
3182
-------------------New----------------
0 0 4.192590617436866 -30.307872157665127 118.5
0 1 1.573857587212735 -33.75461716584811 108.5
1 0 -57.701289453093445 -111.92817408599078 -117.5
1 1 -55.20795089350237 -108.63616914999923 -108.0
3183
-------------------New----------------
0 0 14.325001789488676 77.42373093291262 118.5
0 1 17.059263590749772 77.82434734434949 108.5
1 0 79.02526828905783 86.81425933675325 -117.5
1 1 76.4172973685836 86.43173308127868 -108.0
3187
-------------------New----------------
0 0 -62.74068577938449 14.911121164881726 118.5
0 1 -59.975263336388366 17.900264057064064 108.5
1 0 2.3107809508033936 85.56026234916054 -117.5
1 1 -0.2990143670424061 82.71082907628093 -108.0
3205
-------------------New----------------
0 0 -52.47174425468328 -50.85406778307714 118.5
0 1 -54.23021357803285 -52.05995715960631 108.5
1 0 -93.87296797313164 -79.37261516986129 -117.5
1 1 -92.20850320932624 -78.23596584336381 -108.0
3207
-------------------New----------------
0 0 -86.47667080846398 -79.7549499455591 118.5
0 1 -84.47602804628562 -78.6331170029717 108.5
1 0 -39.16951296537405 -53.269905153705146 -117.5
1 1 -41.07941889774973 -54.33702279369332 -108.0
3220
-------------------New----------------
0 0 -30.082433332472384 -66.6554619398872 118.5
0 1 -28.266834025193106 -66.21535776350092 108.5
1 0 12.75126053225607 -56.161075645274494 -117.5
1 1 11.026191109924435 -56.5836070047769 -108.0
3230
-------------------New----------------
0 0 30.096198760411493 72.51377228278456 118.5
0 1 32.63398292517634 72.319729727075 108.5
1 0 90.09615320095001 67.52135822371358 -117.5
1 1 87.65841216585821 67.73496484549489 -108.0
3234
-------------------New----------------
0 0 108.52984096506543 -104.20219801243721 118.5
0 1 108.07447746121304 -104.64795384795373 108.5
1 0 97.86462540456277 -114.64277140301908 -117.5
1 1 98.29712676106625 -114.23749096861476 -108.0
3237
-------------------New----------------
0 0 7.123079706284521 48.39101495207716 118.5
0 1 8.350352339992098 48.17964789981933 108.5
1 0 36.204036831798376 43.2088996937259 -117.5
1 1 35.03433943219239 43.42467329047501 -108.0
3251
-------------------New----------------
0 0 56.02567308403125 61.256199525716205 118.5
0 1 58.079483137364775 61.40142690340783 108.5
1 0 104.51595662365882 64.64225030302357 -117.5
1 1 102.56300813145094 64.5086288672798 -108.0
3254
-------------------New----------------
0 0 24.752540030033423 107.97216679383288 118.5
0 1 25.442298311863713 108.71622455540599 108.5
1 0 40.9305119232513 125.34513502935393 -117.5
1 1 40.28240688760371 124.65029924966021 -108.0
3258
-------------------New----------------
0 0 -14.288560756318782 22.57953399990983 118.5
0 1 -9.630801108472758 24.26635235964137 108.5
1 0 95.58805917148273 62.51709764224065 -117.5
1 1 91.16672522128229 60.9053428140693 -108.0
3260
-------------------New----------------
0 0 -96.12668783035745 -83.97286889607214 118.5
0 1 -94.11368964398203 -82.01268061585236 108.5
1 0 -48.6231422108002 -37.77054515548683 -117.5
1 1 -50.53505049430669 -39.628180148737705 -108.0
3261
-------------------New----------------
0 0 -50.8697606578087 20.46822760267632 118.5
0 1 -45.62981399571675 22.352913686992423 108.5
1 0 72.89683192619597 65.04834316181682 -117.5
1 1 67.9128936040376 63.24603781143592 -108.0
3262
-------------------New----------------
0 0 -49.96419687886819 -36.89933986124674 118.5
0 1 -48.89731113110336 -30.39522149418512 108.5
1 0 -24.830192243720813 116.67463300564445 -117.5
1 1 -25.84109227271452 110.48965043146502 -108.0
3263
-------------------New----------------
0 0 55.38984085090125 -92.73141857902651 118.5
0 1 53.761041828826386 -91.69001858053247 108.5
1 0 16.987840169920965 -68.17378910495782 -117.5
1 1 18.531706003857224 -69.16563823981934 -108.0
3264
-------------------New----------------
0 0 -69.4074373767845 21.698207587480333 118.5
0 1 -67.2347583873059 19.37668754679639 108.5
1 0 -18.112437141817292 -33.1070554729524 -117.5
1 1 -20.1743425389787 -30.903584315126615 -108.0
3268
-------------------New----------------
0 0 78.3348503982782 -86.55202076612201 118.5
0 1 78.76754393105867 -85.69786677861941 108.5
1 0 88.196458564702 -66.25660292480006 -117.5
1 1 87.81058476897715 -67.08273227594876 -108.0
3286
-------------------New----------------
0 0 18.71262075419522 -84.97597008274506 118.5
0 1 21.83263678326056 -85.90596080436656 108.5
1 0 92.33151768960496 -106.93284151017144 -117.5
1 1 89.36469080827065 -106.05053566262931 -108.0
3299
-------------------New----------------
0 0 23.30582325069209 17.799840801130948 118.5
0 1 25.82190706465193 13.714225346285279 108.5
1 0 82.69868853393292 -78.62403008378364 -117.5
1 1 80.30763377610614 -74.74257190671158 -108.0
3302
-------------------New----------------
0 0 65.76888804289877 59.51511242870504 118.5
0 1 66.01323407047788 56.24786448916078 108.5
1 0 71.50965032325192 -17.635360179007215 -117.5
1 1 71.28084527456198 -14.528071048938532 -108.0
3303
-------------------New----------------
0 0 -53.39720718967536 -84.70684254498094 118.5
0 1 -50.84111304981456 -83.80302106205274 108.5
1 0 6.940973609566209 -63.37848284771202 -117.5
1 1 4.512368276617269 -64.23662822353602 -108.0
3304
-------------------New----------------
0 0 -96.07006491811055 -45.753426668192986 118.5
0 1 -94.21707267303154 -46.24898920091768 108.5
1 0 -52.597058592307164 -57.51282190957196 -117.5
1 1 -54.34445148705667 -57.03486779853718 -108.0
3314
-------------------New----------------
0 0 -29.47809077429381 21.589670387958506 118.5
0 1 -32.86515586252939 17.925690535741403 108.5
1 0 -109.39289921602779 -64.89451003813785 -117.5
1 1 -106.17623924314076 -61.412034641502785 -108.0
3319
-------------------New----------------
0 0 -10.790437729938281 -6.861146957507475 118.5
0 1 -8.336400696629607 -6.234981060386941 108.5
1 0 46.87528844606524 6.499331844748141 -117.5
1 1 44.566814603816496 6.029058641249884 -108.0
3330
-------------------New----------------
0 0 -13.280231443073706 60.79807602143436 118.5
0 1 -16.56034116071917 61.049178302442655 108.5
1 0 -90.71841062739556 66.5770234591252 -117.5
1 1 -87.59839339825865 66.349234057656 -108.0
3332
-------------------New----------------
0 0 21.888598692655798 -47.59181773712719 118.5
0 1 21.476306956849154 -47.674632030551805 108.5
1 0 12.15018630879392 -49.553958876485225 -117.5
1 1 12.541665353660836 -49.47532795092212 -108.0
3336
-------------------New----------------
0 0 115.89701809191675 -34.89049628205162 118.5
0 1 115.19329995203002 -38.08646498946883 108.5
1 0 99.27290066517523 -110.3440315435294 -117.5
1 1 99.93881690834432 -107.30530213782541 -108.0
3344
-------------------New----------------
0 0 -23.799716323991703 59.42540093549199 118.5
0 1 -25.145258051387554 57.00033282579278 108.5
1 0 -55.78101833460024 2.075094145870895 -117.5
1 1 -54.48319620862458 4.391780254145543 -108.0
3346
-------------------New----------------
0 0 33.85653935585059 -62.91409677585898 118.5
0 1 36.008932639963504 -64.31428549361686 108.5
1 0 84.62301069200585 -95.98612152872502 -117.5
1 1 82.57886324683463 -94.65633483535404 -108.0
3351
-------------------New----------------
0 0 22.38723461730191 65.67514325128158 118.5
0 1 21.941993658532326 66.08757055918747 108.5
1 0 11.612427429554286 75.26209069791324 -117.5
1 1 12.048881774064004 74.87581166621841 -108.0
3352
-------------------New----------------
0 0 77.99149563643513 -58.38770256858919 118.5
0 1 74.5112008840471 -55.063541280899685 108.5
1 0 -4.222656627590874 20.08079346056197 -117.5
1 1 -0.9128932346989815 16.92327020867903 -108.0
3362
-------------------New----------------
0 0 2.7847071939663484 26.046900582810707 118.5
0 1 4.747705096329591 25.69736799135547 108.5
1 0 49.138167798703634 17.64819720953905 -117.5
1 1 47.26944051854291 17.996084274722158 -108.0
3363
-------------------New----------------
0 0 49.30882148996605 -84.46431954744277 118.5
0 1 50.83997296731584 -85.85231993333552 108.5
1 0 85.42065735189689 -117.22301306968225 -117.5
1 1 83.96811242265623 -115.90349307586469 -108.0
3374
-------------------New----------------
0 0 -8.193867229375137 24.775046342557594 118.5
0 1 -5.78124966277062 24.66724750982821 108.5
1 0 49.66338066410706 22.210617107034146 -117.5
1 1 47.38296068046404 22.31434731447695 -108.0
3376
-------------------New----------------
0 0 50.2639651854726 13.862389291664007 118.5
0 1 49.523766839826216 16.023770121435533 108.5
1 0 32.85022539872887 64.89064387349343 -117.5
1 1 33.55895491032304 62.83112184948817 -108.0
3377
-------------------New----------------
0 0 105.38051780434792 -107.70618342280989 118.5
0 1 103.85569512821561 -107.70147235173718 108.5
1 0 69.32147954541482 -107.0440303677708 -117.5
1 1 70.77092472924826 -107.06900483037411 -108.0
3381
-------------------New----------------
0 0 -3.636650289210756 62.801228016731976 118.5
0 1 -2.424071376245614 58.655171332153635 108.5
1 0 25.06537720229841 -34.965247255250326 -117.5
1 1 23.914560822999476 -31.031738385242143 -108.0
3386
-------------------New----------------
0 0 86.23804729986512 -77.11439699014527 118.5
0 1 87.61158178760545 -73.9401206592675 108.5
1 0 118.48423248772615 -2.422511928002344 -117.5
1 1 117.19660685414533 -5.42226319803944 -108.0
3391
-------------------New----------------
0 0 -54.155440732412444 -25.57990693796291 118.5
0 1 -51.1985210291353 -22.14817537769583 108.5
1 0 15.420587068542153 55.97000666188192 -117.5
1 1 12.60632966216259 52.676408779496434 -108.0
3398
-------------------New----------------
0 0 35.57619514407884 -48.72526685188025 118.5
0 1 33.307847728795245 -49.122457434238534 108.5
1 0 -17.955612373087547 -58.097144480441884 -117.5
1 1 -15.80122246222912 -57.720133526958 -108.0
3406
-------------------New----------------
0 0 0.6784041876290583 61.86281859622168 118.5
0 1 -2.6482589038717146 64.10622675899548 108.5
1 0 -77.8134956946561 114.73771566453551 -117.5
1 1 -74.65103499449819 112.61372697887116 -108.0
3407
-------------------New----------------
0 0 93.13718799026108 98.13381731029584 118.5
0 1 91.0390207807943 98.70616803177224 108.5
1 0 43.34513904823493 111.67634492012613 -117.5
1 1 45.35909744999586 111.14063831137196 -108.0
3408
-------------------New----------------
0 0 91.25323123862442 31.517557876019303 118.5
0 1 90.4470720264075 27.190046324792053 108.5
1 0 71.90341138802413 -71.04854416172614 -117.5
1 1 72.69672635812239 -66.91180906935946 -108.0
3414
-------------------New----------------
0 0 65.98648129408971 46.104975665329526 118.5
0 1 68.02989022293062 45.16636273386551 108.5
1 0 114.21148962955638 24.009188164950782 -117.5
1 1 112.26782906917083 24.896174436218594 -108.0
3438
-------------------New----------------
0 0 51.518746963208606 60.84121144154672 118.5
0 1 52.5573914079323 62.73151242618493 108.5
1 0 76.08954639075054 105.39330877232426 -117.5
1 1 75.09431175996858 103.60366813614621 -108.0
3447
-------------------New----------------
0 0 -78.71968616967214 -11.98088625733489 118.5
0 1 -76.27952382212308 -10.545697609806295 108.5
1 0 -21.255950831964277 21.94886607946084 -117.5
1 1 -23.5644366449344 20.5843621022927 -108.0
3456
-------------------New----------------
0 0 120.65678578198973 16.72951752112748 118.5
0 1 120.6986676905802 19.229786947246463 108.5
1 0 121.64974232207055 76.03342408296686 -117.5
1 1 121.60341578678921 73.65177996181535 -108.0
3458
-------------------New----------------
0 0 43.567759385069834 -16.739094005267923 118.5
0 1 47.0587830214619 -14.342239045066473 108.5
1 0 125.83631317176587 39.75809231166933 -117.5
1 1 122.52456050781177 37.4853526138393 -108.0
3464
-------------------New----------------
0 0 -3.5893828099097673 10.54158154325373 118.5
0 1 -0.8523646090853496 8.758784289349274 108.5
1 0 61.01980942666275 -31.517668030092228 -117.5
1 1 58.41681087424104 -29.826268245369768 -108.0
3474
-------------------New----------------
0 0 -83.15792288408521 -113.6751965978599 118.5
0 1 -84.32619220464713 -113.99019858119452 108.5
1 0 -110.45495150133222 -121.18169844400704 -117.5
1 1 -109.36517153672756 -120.90078495565577 -108.0
3476
-------------------New----------------
0 0 -87.64726963924372 100.87663209657985 118.5
0 1 -85.04565119363988 99.69211200741304 108.5
1 0 -26.2077789080649 73.23975397866008 -117.5
1 1 -28.6829980433913 74.34129092961996 -108.0
3477
-------------------New----------------
0 0 -68.37557925901201 115.1506545742794 118.5
0 1 -66.42227755995653 115.70578394138059 108.5
1 0 -22.06494089772506 127.16305401527794 -117.5
1 1 -23.93561885715078 126.71266034480568 -108.0
3480
-------------------New----------------
0 0 -44.48156981875862 -13.052425570663024 118.5
0 1 -46.91391087684839 -15.442577057299536 108.5
1 0 -101.89291624956037 -69.4672602285631 -117.5
1 1 -99.58306299531554 -67.1949855614454 -108.0
3484
-------------------New----------------
0 0 79.39432489362117 60.11837146402348 118.5
0 1 78.76271066918335 62.039849656090894 108.5
1 0 64.54744990848049 105.40038747483759 -117.5
1 1 65.14405652020845 103.58066207185966 -108.0
3488
-------------------New----------------
0 0 -11.884603094234766 -59.892524867625774 118.5
0 1 -9.70282280353115 -61.68705045193474 108.5
1 0 39.5772254819679 -102.22792381592816 -117.5
1 1 37.50683841512022 -100.52536558362428 -108.0
3490
-------------------New----------------
0 0 -87.1635633512515 -38.78856164410783 118.5
0 1 -86.22092469561433 -42.466580233728315 108.5
1 0 -64.92118684757797 -125.58843859231813 -117.5
1 1 -65.81643131651172 -122.09411746434293 -108.0
3492
-------------------New----------------
0 0 -65.90750078311916 0.09675844753220506 118.5
0 1 -63.13184365992722 3.3205990149985576 108.5
1 0 -0.288692493305598 76.60688700334012 -117.5
1 1 -2.9189637229303016 73.5218269969665 -108.0
3493
-------------------New----------------
0 0 -75.15909963150924 -3.774171356797049 118.5
0 1 -75.1410743660446 -5.774468295117925 108.5
1 0 -74.62551704625076 -50.85639040332198 -117.5
1 1 -74.65029000733912 -48.96630971479554 -108.0
3496
-------------------New----------------
0 0 34.04805229489598 -75.59834256925672 118.5
0 1 29.54633090924466 -76.14756991270605 108.5
1 0 -72.22907186320816 -88.45113617233336 -117.5
1 1 -67.95414274408847 -87.94339664734372 -108.0
3500
-------------------New----------------
0 0 90.80847944757967 10.024180653039405 118.5
0 1 88.15830429271998 10.93926623156032 108.5
1 0 28.24997961785951 31.613180503463855 -117.5
1 1 30.770313358458356 30.742054135797883 -108.0
3506
-------------------New----------------
0 0 -50.878879064688434 -12.638318663201787 118.5
0 1 -49.87186819776569 -15.326692631246274 108.5
1 0 -27.05468652819531 -75.95456757992085 -117.5
1 1 -28.01625140800969 -73.4140868267886 -108.0
3507
-------------------New----------------
0 0 2.7332268704543323 -31.90805547697666 118.5
0 1 7.005136550421203 -28.48115073355894 108.5
1 0 103.62225255382353 49.02104380395194 -117.5
1 1 99.56124962247057 45.76002848519794 -108.0
3515
-------------------New----------------
0 0 1.3795879623602598 -44.26337952832721 118.5
0 1 -2.7218309641960277 -40.1271069002377 108.5
1 0 -95.40900920053186 53.35696530128216 -117.5
1 1 -91.5131286154988 49.428053041164226 -108.0
3520
-------------------New----------------
0 0 55.841649447591955 65.56456743686012 118.5
0 1 54.51879544256553 61.21726476813168 108.5
1 0 24.72980438625664 -37.11139437538041 -117.5
1 1 25.97781452488827 -32.993992048690586 -108.0
3531
-------------------New----------------
0 0 -91.73345063128868 31.23019165963755 118.5
0 1 -90.47199556009559 33.492473683807894 108.5
1 0 -61.94892072507726 84.56138086557334 -117.5
1 1 -63.15442379509815 82.41120185131845 -108.0
3532
-------------------New----------------
0 0 27.096628493633716 46.158237904401375 118.5
0 1 23.58532754947594 47.34303075502031 108.5
1 0 -55.86841795798574 74.03250571248604 -117.5
1 1 -52.52190807798195 72.9171080174535 -108.0
3533
-------------------New----------------
0 0 -39.927247953246116 37.92272110205367 118.5
0 1 -43.17646298757266 31.82335769866156 108.5
1 0 -116.6142597605542 -106.00920438590965 -117.5
1 1 -113.52753607168958 -100.21571025583522 -108.0
3534
-------------------New----------------
0 0 -21.075321882509776 -84.98366369140831 118.5
0 1 -24.036781581671477 -85.25475003081841 108.5
1 0 -90.91184321277743 -91.42300921876063 -117.5
1 1 -88.10003898332135 -91.16571468033636 -108.0
3535
-------------------New----------------
0 0 -25.055501593614963 -37.519952003574595 118.5
0 1 -28.787342521702517 -36.752288971033515 108.5
1 0 -113.14059584494905 -19.379883405477127 -117.5
1 1 -109.59547424699558 -20.111165384301824 -108.0
3550
-------------------New----------------
0 0 58.76064452810262 44.56545112234161 118.5
0 1 54.98720162382682 43.41333545458163 108.5
1 0 -30.24405436235144 17.403165734813413 -117.5
1 1 -26.662182190150236 18.49562802415902 -108.0
3552
-------------------New----------------
0 0 111.33908566866128 -49.915345781815766 118.5
0 1 110.55808280548108 -48.51845479993401 108.5
1 0 92.8902015259335 -16.878114980999218 -117.5
1 1 93.6333151634533 -18.209072990797203 -108.0
3564
-------------------New----------------
0 0 57.679908291269456 3.927702364878809 118.5
0 1 53.01487341126384 3.889950483901938 108.5
1 0 -50.748872378562716 1.298814640340117 -117.5
1 1 -46.45690217196807 1.483659273853865 -108.0
3569
-------------------New----------------
0 0 -93.95136913450187 -7.145213457822054 118.5
0 1 -95.341868100589 -2.980307518012104 108.5
1 0 -126.77840207627517 91.13831383156676 -117.5
1 1 -125.45765094762768 87.18224767465075 -108.0
3570
-------------------New----------------
0 0 -18.545924912950216 -108.19008743575542 118.5
0 1 -19.402048992501996 -107.53655758133773 108.5
1 0 -38.79243881724966 -92.76106003824884 -117.5
1 1 -37.97627143931162 -93.38063638024344 -108.0
3581
-------------------New----------------
0 0 54.976569367996696 114.88944880186568 118.5
0 1 51.34097166823326 114.08178289892996 108.5
1 0 -30.8158501217574 95.81837471091403 -117.5
1 1 -27.362766409612068 96.58579646272877 -108.0
3582
-------------------New----------------
0 0 -18.4121984579513 -2.698726809893722 118.5
0 1 -17.33547427380715 -0.16447271838002955 108.5
1 0 6.996786554811621 57.113852742653 -117.5
1 1 5.974101010929852 54.70611253741134 -108.0
3593
-------------------New----------------
0 0 56.195345201409864 87.12248457517892 118.5
0 1 57.68160495715182 85.61189274497949 108.5
1 0 91.30552781097171 51.56292311255852 -117.5
1 1 89.89220336500101 52.99215838761411 -108.0
3600
-------------------New----------------
0 0 55.30249745974955 2.5639418523986306 118.5
0 1 53.66247591429243 6.734375390537499 108.5
1 0 16.71186601313302 100.9609629126794 -117.5
1 1 18.256782803099938 97.00577816759908 -108.0
3605
-------------------New----------------
0 0 -91.31676045221005 19.489938391787202 118.5
0 1 -92.68147381858788 19.1233058973963 108.5
1 0 -123.564648557805 10.840649871181869 -117.5
1 1 -122.26850292749972 11.189507279473077 -108.0
3610
-------------------New----------------
0 0 109.71365452855093 80.38775303176624 118.5
0 1 110.12295495344799 79.41848450946837 108.5
1 0 119.3779654992821 57.491266078599494 -117.5
1 1 118.98940452864231 58.413611653923795 -108.0
3614
-------------------New----------------
0 0 -18.24036575357696 -89.49255929289642 118.5
0 1 -20.906493041165273 -87.92266587610345 108.5
1 0 -81.17241434230482 -53.00675813139691 -117.5
1 1 -78.63725525945867 -54.437649933108766 -108.0
3616
-------------------New----------------
0 0 -9.207121568443522 31.044042849554053 118.5
0 1 -5.092311472260187 30.51572329379575 108.5
1 0 88.19907334413315 18.672286602654314 -117.5
1 1 84.25865251509387 19.168476448649372 -108.0
3619
-------------------New----------------
0 0 -58.79737755052311 -72.04429534647575 118.5
0 1 -59.56242946872173 -70.85250977147481 108.5
1 0 -77.03636035726153 -43.816724594620915 -117.5
1 1 -76.29323461533168 -44.95725845245359 -108.0
3620
-------------------New----------------
0 0 45.99560621318082 106.25655448176933 118.5
0 1 43.52027628664285 105.88845168259361 108.5
1 0 -12.421234840295593 97.56809504538577 -117.5
1 1 -10.070266251701641 97.91754634554385 -108.0
3630
-------------------New----------------
0 0 64.56582513302739 86.40561432259373 118.5
0 1 62.32073588710263 83.45989618083323 108.5
1 0 12.609244119638488 16.10555079892571 -117.5
1 1 14.732052933156414 18.949912292745548 -108.0
3632
-------------------New----------------
0 0 -59.40078010741517 -20.377687028489596 118.5
0 1 -55.96376986606915 -14.952213771783132 108.5
1 0 21.630987923400056 107.64834547512494 -117.5
1 1 18.37514918916894 102.49467284418442 -108.0
3651
-------------------New----------------
0 0 -77.99405586528532 -71.3611174566703 118.5
0 1 -75.30365650780028 -69.24955530720406 108.5
1 0 -14.506193014711338 -21.52595929227734 -117.5
1 1 -17.062082298126963 -23.53218147411731 -108.0
3658
-------------------New----------------
0 0 -61.957537084091484 -100.1215391576455 118.5
0 1 -60.6566349517977 -99.45077871721999 108.5
1 0 -30.607719517656257 -83.7153841515965 -117.5
1 1 -31.894167937191973 -84.39869424824 -108.0
3663
-------------------New----------------
0 0 -70.73741949816831 -25.587390379841104 118.5
0 1 -73.16543188342087 -29.327468954998174 108.5
1 0 -127.94231942383169 -113.96222340184363 -117.5
1 1 -125.63701708436352 -110.39973249238066 -108.0
3673
-------------------New----------------
0 0 -1.1030694539754111 -38.509574516953755 118.5
0 1 -0.9306295449258348 -37.92343510184217 108.5
1 0 2.9552888729729787 -24.68827027957284 -117.5
1 1 2.7923790256488266 -25.243985330018084 -108.0
3675
-------------------New----------------
0 0 111.54098359537099 3.0011424906478488 118.5
0 1 111.36983562866521 2.9550934779081595 108.5
1 0 107.48678466076464 1.9127256659377185 -117.5
1 1 107.65073731084226 1.9569871444352238 -108.0
3676
-------------------New----------------
0 0 113.98760954351664 55.541747731209455 118.5
0 1 113.8159890687206 53.65890092343132 108.5
1 0 109.98564096650951 11.109935615459396 -117.5
1 1 110.14559401835773 12.900271792371452 -108.0
3683
-------------------New----------------
0 0 74.70528899755763 26.87201638604291 118.5
0 1 73.63737476298337 24.619921851991045 108.5
1 0 49.436897763946774 -26.288101758504514 -117.5
1 1 50.45717911100574 -24.147385220448847 -108.0
3685
-------------------New----------------
0 0 -33.68599905775089 -15.703522258802016 118.5
0 1 -28.89914367706744 -16.968806551940116 108.5
1 0 79.3127740764859 -45.5645238755097 -117.5
1 1 74.76352183346009 -44.36213278224592 -108.0
3686
-------------------New----------------
0 0 1.9818698534323715 23.862899819056572 118.5
0 1 3.265874076984285 20.51943554076681 108.5
1 0 32.25467981699427 -55.0322922542062 -117.5
1 1 31.03609265322847 -51.85924833589769 -108.0
3688
-------------------New----------------
0 0 -63.23221438069811 78.26827473452343 118.5
0 1 -64.73905305546472 76.52780872140988 108.5
1 0 -98.81288699899122 37.1825161370167 -117.5
1 1 -97.38033655271725 38.83660612595219 -108.0
3695
-------------------New----------------
0 0 40.724406505374255 -32.588991502860566 118.5
0 1 39.31760749120148 -34.62632667924272 108.5
1 0 7.484079071009653 -80.68701664437404 -117.5
1 1 8.822195623817894 -78.75064584210745 -108.0
3699
-------------------New----------------
0 0 85.31946808362987 -38.11681896411661 118.5
0 1 85.88519477654236 -33.38735393202678 108.5
1 0 98.72966174313666 73.43949699240903 -117.5
1 1 98.18985376777954 68.94829107817701 -108.0
3703
-------------------New----------------
0 0 -78.30720630931272 -54.996321294514324 118.5
0 1 -78.87659356433018 -53.316455807341114 108.5
1 0 -93.63116361797 -15.041113744544427 -117.5
1 1 -92.91283155941825 -16.581129277340033 -108.0
3705
-------------------New----------------
0 0 9.29506346980703 -14.590144318570168 118.5
0 1 13.074398475209986 -17.564286933582313 108.5
1 0 98.44658845968581 -84.81261814480618 -117.5
1 1 94.85911990725545 -81.98567086408616 -108.0
3716
-------------------New----------------
0 0 38.78814519555114 3.7318936040233774 118.5
0 1 40.513550447654325 8.592565313227777 108.5
1 0 79.51253812060881 118.49074503680167 -117.5
1 1 77.87320326913039 113.86901392198483 -108.0
3729
-------------------New----------------
0 0 -10.837082213213472 49.62388777525068 118.5
0 1 -8.191536805819513 50.99589513684641 108.5
1 0 51.66245013091094 82.11977011421311 -117.5
1 1 49.14608963308207 80.80654145799923 -108.0
3735
-------------------New----------------
0 0 20.776828040060604 -64.02975375001931 118.5
0 1 15.425900227790635 -59.97438921303465 108.5
1 0 -105.63933313524949 31.62972604913462 -117.5
1 1 -100.54624460328722 27.788033410098524 -108.0
3746
-------------------New----------------
0 0 19.547996884093738 -31.90099926184565 118.5
0 1 21.360728990145287 -29.289137801862115 108.5
1 0 62.03553885491425 29.81928423553926 -117.5
1 1 60.330299226530634 27.32950807828097 -108.0
3754
-------------------New----------------
0 0 19.352108712250732 24.750310568303686 118.5
0 1 23.02474049203902 27.871116337415238 108.5
1 0 106.29371816510465 98.35813136429171 -117.5
1 1 102.78636908959488 95.39523341122442 -108.0
3761
-------------------New----------------
0 0 -80.65794688545446 -100.43179748868725 118.5
0 1 -80.07629015398525 -99.0418534297918 108.5
1 0 -66.92344701438181 -67.62447538235747 -117.5
1 1 -67.47637648369216 -68.94511355863386 -108.0
3764
-------------------New----------------
0 0 -96.57605837052004 21.572324514303354 118.5
0 1 -97.0613250821497 17.82815978545494 108.5
1 0 -107.86196456234907 -66.53897641040584 -117.5
1 1 -107.41074545274526 -63.00635222072365 -108.0
3766
-------------------New----------------
0 0 -19.0441014645589 -8.367303856260653 118.5
0 1 -23.61395663441601 -13.380245046832504 108.5
1 0 -127.05555409521551 -126.85615274064578 -117.5
1 1 -122.71075188704913 -122.08308742533265 -108.0
3767
-------------------New----------------
0 0 64.14345084711132 -77.3943967071705 118.5
0 1 64.27729228605918 -78.23845091389633 108.5
1 0 67.27668714961914 -97.3014299713819 -117.5
1 1 67.15300611627916 -96.49835392668453 -108.0
3770
-------------------New----------------
0 0 65.52662744540973 13.811280550966526 118.5
0 1 65.51807409133202 15.292487995048257 108.5
1 0 65.14348982929016 48.88882325751645 -117.5
1 1 65.1556966339653 47.46898940504168 -108.0
3773
-------------------New----------------
0 0 85.36906563970976 -85.74996559216298 118.5
0 1 86.33600281084307 -85.08445521539049 108.5
1 0 108.1913490755459 -70.0626033572151 -117.5
1 1 107.2722523013695 -70.69298110124986 -108.0
3775
-------------------New----------------
0 0 -82.3564194935496 40.38100621155978 118.5
0 1 -79.55556633131884 37.65466576918805 108.5
1 0 -16.24525839491552 -24.107887095389444 -117.5
1 1 -18.90395569349954 -21.506982297417427 -108.0
3776
-------------------New----------------
0 0 -59.16299898228342 94.62262162448414 118.5
0 1 -60.531364340142694 94.67143049132821 108.5
1 0 -91.47583864187958 95.76507961244648 -117.5
1 1 -90.17397057192338 95.71896033781013 -108.0
3780
-------------------New----------------
0 0 39.41883654954311 -13.050027935709526 118.5
0 1 41.794108977132204 -9.318320027102342 108.5
1 0 95.48278784579313 75.02274268449428 -117.5
1 1 93.2255006723025 71.47750954494117 -108.0
3786
-------------------New----------------
0 0 -73.98503908658209 124.9443861232932 118.5
0 1 -73.55081807407814 125.03051223303775 108.5
1 0 -63.809479830020585 126.9180061517969 -117.5
1 1 -64.21408290619719 126.84483242066979 -108.0
3789
-------------------New----------------
0 0 -9.956409145758332 51.757242549976354 118.5
0 1 -13.508258048217716 51.95337097495947 108.5
1 0 -93.59202664191353 56.424000785558135 -117.5
1 1 -90.23854457042626 56.23261710402879 -108.0
3794
-------------------New----------------
0 0 -18.98103500961815 -51.80288235698741 118.5
0 1 -20.069199253441646 -52.40341508729915 108.5
1 0 -44.75614611533017 -65.9102029723145 -117.5
1 1 -43.71510566245843 -65.34740420222272 -108.0
3795
-------------------New----------------
0 0 -21.79169752325427 -35.80569005649164 118.5
0 1 -21.997171292391137 -35.303855538046214 108.5
1 0 -26.613715469101614 -23.924786619683506 -117.5
1 1 -26.418980801430706 -24.403004383368547 -108.0
3814
-------------------New----------------
0 0 33.55218366583956 71.39346379910022 118.5
0 1 31.177793168986558 69.63148895945561 108.5
1 0 -22.484537362759564 29.783651894579982 -117.5
1 1 -20.229906548816956 31.46090107681057 -108.0
3820
-------------------New----------------
0 0 -26.948018664150226 15.28625629336039 118.5
0 1 -23.24575932503652 15.17942141741116 108.5
1 0 60.399348624212905 12.77042434280766 -117.5
1 1 56.882177330169995 12.871775451206522 -108.0
3822
-------------------New----------------
0 0 -68.31047435433543 -44.27740819625321 118.5
0 1 -64.79604798925656 -43.47682937866155 108.5
1 0 14.618890748207988 -25.38219504985772 -117.5
1 1 11.280515389729903 -26.14274578618265 -108.0
3823
-------------------New----------------
0 0 -27.12541466538022 -59.77566161488382 118.5
0 1 -30.33326956369361 -58.64012165009249 108.5
1 0 -102.80165993866706 -32.8978601279493 -117.5
1 1 -99.75149520063232 -33.980662894198275 -108.0
3837
-------------------New----------------
0 0 -37.91857415894568 -13.467508458739104 118.5
0 1 -33.185838517746966 -17.333976369049378 108.5
1 0 73.78237832877366 -104.7127303920231 -117.5
1 1 69.28629794047177 -101.03972634664014 -108.0
3840
-------------------New----------------
0 0 -46.41100550512378 -61.37729944992916 118.5
0 1 -49.66708052643189 -61.90964969644028 108.5
1 0 -123.29682495272175 -73.95309366570028 -117.5
1 1 -120.20187376351979 -73.44488606260241 -108.0
3845
-------------------New----------------
0 0 -22.176694991657946 86.58550603815789 118.5
0 1 -25.00246335703112 83.89322590018438 108.5
1 0 -88.63839465748563 23.22315692178379 -117.5
1 1 -85.96590901993201 25.770563626296887 -108.0
3848
-------------------New----------------
0 0 31.89321660545433 -18.39255036304351 118.5
0 1 32.410223138341784 -15.369638176265306 108.5
1 0 44.08196931872918 52.937937907294 -117.5
1 1 43.59145922182037 50.06643754741723 -108.0
3856
-------------------New----------------
0 0 6.808825360042067 -37.149118969116884 118.5
0 1 2.9947274150567202 -38.57737677900285 108.5
1 0 -83.2539083391669 -70.84264178827323 -117.5
1 1 -79.62753882330973 -69.47993945884014 -108.0
3863
-------------------New----------------
0 0 -56.39568996759165 -77.27911457427179 118.5
0 1 -54.844479964154594 -79.1528384101978 108.5
1 0 -19.840872088701826 -121.49742988475889 -117.5
1 1 -21.30989477555397 -119.71490573168057 -108.0
3874
-------------------New----------------
0 0 42.19200904575117 -62.28822516815525 118.5
0 1 42.499021678903055 -62.68281353579049 108.5
1 0 49.4872636989045 -71.51289148138686 -117.5
1 1 49.19111542857188 -71.14401543198335 -108.0
3882
-------------------New----------------
0 0 46.76156805832703 27.992152060171446 118.5
0 1 47.069295684760796 29.020040061768007 108.5
1 0 54.02328647040525 52.20698780815685 -117.5
1 1 53.73429712643251 51.231608976187296 -108.0
3890
-------------------New----------------
0 0 -8.505050974045407 -40.24176790911692 118.5
0 1 -8.490455698745233 -41.78063660798104 108.5
1 0 -8.485637097259843 -76.48328217119487 -117.5
1 1 -8.50064289619008 -75.02260887163104 -108.0
3903
-------------------New----------------
0 0 -82.41289230415262 54.56933639492879 118.5
0 1 -81.63351299162827 51.72007878398432 108.5
1 0 -64.0215016754337 -12.678991099016446 -117.5
1 1 -64.7618376629687 -9.970647908587903 -108.0
3906
-------------------New----------------
0 0 -29.513046148512597 54.517073766927034 118.5
0 1 -25.422976697897194 55.846157683321415 108.5
1 0 67.01943647328642 85.89161553343084 -117.5
1 1 63.13460944985434 84.62587284331698 -108.0
3911
-------------------New----------------
0 0 89.39551549918602 -25.54213277884321 118.5
0 1 87.34518666044309 -24.946189297025086 108.5
1 0 40.9830422398311 -11.501896467557819 -117.5
1 1 42.92958956268767 -12.066884845273838 -108.0
3913
-------------------New----------------
0 0 -36.81551044097066 63.62191454226722 118.5
0 1 -39.722838793948156 59.074186055026516 108.5
1 0 -105.72114385890302 -43.60664709377423 -117.5
1 1 -102.94904553807908 -39.29034409777946 -108.0
3914
-------------------New----------------
0 0 -45.54573540035556 -16.8323077196933 118.5
0 1 -39.955536882659295 -13.82795133109218 108.5
1 0 86.3314990671199 54.0460140688942 -117.5
1 1 81.02417843323573 51.192366273715386 -108.0
3917
-------------------New----------------
0 0 59.55129818368876 -12.621644376149035 118.5
0 1 56.8381524075945 -10.568697827358116 108.5
1 0 -4.225105215723939 35.702907126464495 -117.5
1 1 -1.6657132655144629 33.77165366783232 -108.0
3923
-------------------New----------------
0 0 -33.6252646829337 -52.196307945841625 118.5
0 1 -36.79866324187565 -47.95308987424513 108.5
1 0 -108.4491043159484 47.965414249723565 -117.5
1 1 -105.43929632164922 43.93690772107925 -108.0
3930
-------------------New----------------
0 0 -34.51180852187782 -2.7832874772945093 118.5
0 1 -34.00480821450188 1.8475911723235747 108.5
1 0 -22.588805635886224 106.58493625482272 -117.5
1 1 -23.068206538430378 102.17388246665847 -108.0
3936
-------------------New----------------
0 0 -37.85252915534922 66.04372409283789 118.5
0 1 -36.46246660995475 67.6027509564161 108.5
1 0 -5.000113771728595 102.85129997253068 -117.5
1 1 -6.323991999177001 101.3683525627456 -108.0
3937
-------------------New----------------
0 0 6.971299113155086 75.20289589932665 118.5
0 1 8.272294103081851 73.48020390278285 108.5
1 0 37.55992835684196 34.54829004855157 -117.5
1 1 36.331893187289566 36.18396565571977 -108.0
3943
-------------------New----------------
0 0 94.18440756221119 -40.190380617972025 118.5
0 1 92.35545743089442 -39.6937907512388 108.5
1 0 50.953776872079565 -28.448372871810676 -117.5
1 1 52.69660450661371 -28.921443282557135 -108.0
3951
-------------------New----------------
0 0 -57.697737895854914 -18.779732979095925 118.5
0 1 -56.75623472687395 -22.37827040449433 108.5
1 0 -35.485769520383904 -103.70358828525282 -117.5
1 1 -36.37972800115707 -100.28519075528821 -108.0
3956
-------------------New----------------
0 0 -49.694390333071155 40.244561534878855 118.5
0 1 -51.27145300690795 42.25781793205448 108.5
1 0 -86.91618790349756 87.75490264992297 -117.5
1 1 -85.41776228542815 85.84234090624828 -108.0
3975
-------------------New----------------
0 0 -70.51269813328042 -110.9678685257541 118.5
0 1 -69.16236686252954 -110.40028321935253 108.5
1 0 -38.654700055726195 -97.56872286560406 -117.5
1 1 -39.936267967637676 -98.10843017953597 -108.0
3994
-------------------New----------------
0 0 64.39297320427167 -6.1861935237988614 118.5
0 1 61.04941645604275 -1.3900809623513386 108.5
1 0 -14.516334607925504 107.00736095575576 -117.5
1 1 -11.339897268828784 102.45098777346024 -108.0
3998
-------------------New----------------
0 0 -60.893019772715434 107.19376604214665 118.5
0 1 -61.03759598225317 105.81373982827351 108.5
1 0 -64.37275049970322 74.39562775711269 -117.5
1 1 -64.20934113105166 75.7462114553278 -108.0
4002
-------------------New----------------
0 0 42.53714157926363 -104.76680110070315 118.5
0 1 41.40473495786213 -104.96849302576236 108.5
1 0 15.855676263954802 -109.5468134513216 -117.5
1 1 16.92975149176086 -109.3517715921948 -108.0
4004
-------------------New----------------
0 0 -41.02398780437524 -96.694805409814 118.5
0 1 -39.28483688581129 -95.26950604464615 108.5
1 0 -0.12949676360673018 -62.80160531444998 -117.5
1 1 -1.768750295560365 -64.16273631949575 -108.0
4006
-------------------New----------------
0 0 -101.87780759236406 83.8873418288184 118.5
0 1 -100.37932764712302 84.61170493382681 108.5
1 0 -66.48840937166287 100.72519610766632 -117.5
1 1 -67.93142811353636 100.0430803682793 -108.0
4009
-------------------New----------------
0 0 -48.86533370226761 61.89276891746736 118.5
0 1 -50.09285957292085 58.620779012905544 108.5
1 0 -77.86855540230474 -15.388763918884782 -117.5
1 1 -76.70944503508983 -12.275148293142973 -108.0
4017
-------------------New----------------
0 0 -29.691459519575254 -36.904557211843944 118.5
0 1 -23.99542441129608 -31.34293341305592 108.5
1 0 104.53347201280997 94.34731138253069 -117.5
1 1 99.12799941172553 89.05939212469019 -108.0
4021
-------------------New----------------
0 0 -34.649823106058975 -17.915635363931315 118.5
0 1 -34.592321889870504 -15.734134262953571 108.5
1 0 -33.27677383681428 33.55054507365272 -117.5
1 1 -33.331697664995524 31.478656779604584 -108.0
4022
-------------------New----------------
0 0 -3.16123101513937 51.88772651810085 118.5
0 1 -2.0552022965613785 48.69430300221402 108.5
1 0 22.930853510956563 -23.439514625601443 -117.5
1 1 21.88063305459682 -20.408238753741713 -108.0
4043
-------------------New----------------
0 0 -103.69505690729208 -5.488683676987453 118.5
0 1 -103.47332650336429 -5.120718089240401 108.5
1 0 -98.45738723009597 3.2964716900552835 -117.5
1 1 -98.67126265529484 2.9420976901938665 -108.0
4045
-------------------New----------------
0 0 12.113315054067366 42.399885651902295 118.5
0 1 10.830572384128974 37.34568741050225 108.5
1 0 -18.164471645385454 -76.8791332439461 -117.5
1 1 -16.945395251095714 -72.07764370244648 -108.0
4057
-------------------New----------------
0 0 63.26928198043856 6.67832982794526 118.5
0 1 60.645144527798365 2.0404659873936772 108.5
1 0 1.3252995063881365 -102.80557261435115 -117.5
1 1 3.820038198597061 -98.3982277568231 -108.0
4064
-------------------New----------------
0 0 -3.961650081237436 -43.07687834346454 118.5
0 1 0.35823955333038987 -37.05080398146028 108.5
1 0 98.10157397710775 99.16690613354963 -117.5
1 1 93.99281048823266 93.43778935302969 -108.0
4072
-------------------New----------------
0 0 -3.912700989117391 -69.40361794733185 118.5
0 1 -3.175811814951185 -69.22181802438294 108.5
1 0 13.484048174741014 -65.11546608175925 -117.5
1 1 12.78239662135997 -65.28760765177256 -108.0
4079
-------------------New----------------
0 0 79.28888020055463 103.73213349322711 118.5
0 1 81.17187577349719 102.66502926569981 108.5
1 0 123.84030380989338 78.6825038644704 -117.5
1 1 122.04338580576578 79.68984865844445 -108.0
4080
-------------------New----------------
0 0 94.94461669985421 -23.603769815775873 118.5
0 1 93.97173465650474 -20.406839349375296 108.5
1 0 71.98994893883065 51.8438739558796 -117.5
1 1 72.91395959501145 48.806537056832106 -108.0
4081
-------------------New----------------
0 0 21.016107357453656 29.289214194016814 118.5
0 1 20.859378201964986 31.051722764687575 108.5
1 0 17.232297788802228 70.93636945467941 -117.5
1 1 17.387224720411343 69.26041675691421 -108.0
4094
-------------------New----------------
0 0 122.7470729245222 -38.96755649919173 118.5
0 1 122.58019791504312 -37.36596798140542 108.5
1 0 118.71692069913703 -1.1361427133009214 -117.5
1 1 118.88317639888683 -2.663501330257604 -108.0
4101
-------------------New----------------
0 0 36.34486451634822 -49.95091932562509 118.5
0 1 32.31810298466361 -52.48137132031034 108.5
1 0 -58.527293175966044 -109.66931276278369 -117.5
1 1 -54.71271026212361 -107.26740250057944 -108.0
4115
-------------------New----------------
0 0 66.51643156592304 54.68798334648691 118.5
0 1 68.00138725833901 55.03440115249882 108.5
1 0 101.49628404668005 62.808417757956555 -117.5
1 1 100.09305239845575 62.485663069500504 -108.0
4118
-------------------New----------------
0 0 -3.7183540231226986 -65.98567916014028 118.5
0 1 -2.890302583409585 -63.951926468916405 108.5
1 0 15.78222631468013 -17.94377435788898 -117.5
1 1 15.008491754573498 -19.90083464685795 -108.0
4121
-------------------New----------------
0 0 -10.441282429296393 -75.02997763749593 118.5
0 1 -9.907079276943543 -72.95925963247629 108.5
1 0 2.2962531281630794 -26.166714395962934 -117.5
1 1 1.775632457138726 -28.13737859275496 -108.0
4124
-------------------New----------------
0 0 49.616467644513534 58.70960271961836 118.5
0 1 47.13935932465706 56.77335371165009 108.5
1 0 -8.82783053145136 12.97840799212147 -117.5
1 1 -6.475777327544482 14.819385678061034 -108.0
4137
-------------------New----------------
0 0 36.45847917690713 -105.28892636716337 118.5
0 1 36.7232559462354 -105.06160143940465 108.5
1 0 42.75241167361494 -99.97907346892858 -117.5
1 1 42.495640421689494 -100.19220484317522 -108.0
4140
-------------------New----------------
0 0 -56.49126036341882 56.620761464953645 118.5
0 1 -56.50103882041411 56.60778245792643 108.5
1 0 -56.67855168407159 56.303649832305915 -117.5
1 1 -56.669505942612695 56.31856562779435 -108.0
4141
-------------------New----------------
0 0 -10.351582558045765 -114.42934423756974 118.5
0 1 -10.98875839472879 -113.79496145650835 108.5
1 0 -25.30190997788101 -99.52916124836142 -117.5
1 1 -24.698947129120874 -100.12090843975369 -108.0
4146
-------------------New----------------
0 0 -23.055937838087537 -7.65948667714228 118.5
0 1 -25.82224770565613 -5.742918083229195 108.5
1 0 -88.26309518624937 37.75786306034699 -117.5
1 1 -85.63821141151033 35.92446521156207 -108.0
4151
-------------------New----------------
0 0 75.14644029990117 1.2974344778517781 118.5
0 1 76.98325017114603 2.594715131865911 108.5
1 0 118.54539390913882 31.914981382227428 -117.5
1 1 116.79813418217184 30.68259508825049 -108.0
4156
-------------------New----------------
0 0 -43.196482296944524 39.378027311441784 118.5
0 1 -46.16798679843808 39.92419901340332 108.5
1 0 -113.37209350240494 52.283866884916826 -117.5
1 1 -110.54538350191362 51.76476934736095 -108.0
4157
-------------------New----------------
0 0 10.134101121232291 -5.285852040157297 118.5
0 1 7.561255172111411 -4.749160996114494 108.5
1 0 -50.61963967521409 7.414543445158046 -117.5
1 1 -48.17426537504573 6.903971197112243 -108.0
4172
-------------------New----------------
0 0 -42.64133051312722 -57.78108148042596 118.5
0 1 -44.994765943394114 -60.34406655776151 108.5
1 0 -97.90157056224919 -118.67307068281987 -117.5
1 1 -95.67350450743137 -116.2020746900696 -108.0
4186
-------------------New----------------
0 0 -0.9645756052999168 20.876191304425657 118.5
0 1 -3.2428752747230876 16.221488189463617 108.5
1 0 -54.72345316586471 -88.95450166307211 -117.5
1 1 -52.56191861720462 -84.5339432962968 -108.0
4189
-------------------New----------------
0 0 -2.6488274480320078 -32.21822496708746 118.5
0 1 -4.3775319695534565 -27.558994486826577 108.5
1 0 -43.36360157861098 77.74739291473145 -117.5
1 1 -41.72678498429828 73.33439590571162 -108.0
4203
-------------------New----------------
0 0 -33.03710907907507 -34.636208702647885 118.5
0 1 -34.877902907896406 -29.75954702326634 108.5
1 0 -76.48578345178478 80.37145513233045 -117.5
1 1 -74.73632969114405 75.74399467017037 -108.0
4204
-------------------New----------------
0 0 -59.81818127217891 -75.25036005686567 118.5
0 1 -60.05186308721901 -75.70947604315191 108.5
1 0 -65.3207785457732 -86.0918893069856 -117.5
1 1 -65.09947250250474 -85.65518778276086 -108.0
4220
-------------------New----------------
0 0 -27.427512570850418 81.25168635120642 118.5
0 1 -28.87371661918538 82.49818684971004 108.5
1 0 -61.83479004554791 110.37064954145069 -117.5
1 1 -60.43572114316893 109.20579990286949 -108.0
4225
-------------------New----------------
0 0 -40.05840964538267 2.8753712232980257 118.5
0 1 -39.804458442487416 -1.0486198682605719 108.5
1 0 -34.01949471112235 -89.71734724640547 -117.5
1 1 -34.26347189148758 -85.990449812853 -108.0
4227
-------------------New----------------
0 0 29.35563720797732 -28.00856262102595 118.5
0 1 26.31700815891159 -29.867242823312704 108.5
1 0 -42.36335408457706 -71.94767970128166 -117.5
1 1 -39.460226238297494 -70.16086482049792 -108.0
4233
-------------------New----------------
0 0 56.163982127080956 -35.368545268014294 118.5
0 1 56.16028550309166 -33.07557951460889 108.5
1 0 56.098501342603655 18.74366688910357 -117.5
1 1 56.10161209347549 16.56493253083101 -108.0
4236
-------------------New----------------
0 0 -55.63307888705424 97.19921594492357 118.5
0 1 -55.18726205322895 96.52679876097048 108.5
1 0 -45.0484396840124 81.30032675983605 -117.5
1 1 -45.481308149892286 81.95394333566846 -108.0
4246
-------------------New----------------
0 0 26.74126159479826 111.06932470924066 118.5
0 1 30.286718693503254 110.61327375480441 108.5
1 0 110.40864205339513 100.31753078562372 -117.5
1 1 107.04060395548413 100.74935340538508 -108.0
4247
-------------------New----------------
0 0 -79.06811133556076 74.55874162048556 118.5
0 1 -79.64472769272723 74.35051071956296 108.5
1 0 -92.47371959563519 69.52598432169394 -117.5
1 1 -91.9372348233248 69.72927322219672 -108.0
4248
-------------------New----------------
0 0 -48.03336021314535 95.90622056213049 118.5
0 1 -43.08998635652817 97.07848045332084 108.5
1 0 68.79785831854444 123.45239416086285 -117.5
1 1 64.10179816647403 122.3428404806215 -108.0
4256
-------------------New----------------
0 0 -23.714676386507797 89.58158272855476 118.5
0 1 -23.403689573615146 87.70526706566271 108.5
1 0 -16.500327364394728 45.352156178777896 -117.5
1 1 -16.788262711170635 47.12839469940649 -108.0
4266
-------------------New----------------
0 0 -62.535337313501216 -51.48233512598699 118.5
0 1 -63.601859685163916 -53.93240994993009 108.5
1 0 -88.20565991541704 -110.14784999980365 -117.5
1 1 -87.1532359056566 -107.8270601763541 -108.0
4269
-------------------New----------------
0 0 14.980149009388573 88.9069383170553 118.5
0 1 11.989503289954552 87.71430818566 108.5
1 0 -55.67275435036403 60.70831685955626 -117.5
1 1 -52.828972592153875 61.8438836136044 -108.0
4271
-------------------New----------------
0 0 -66.77390497617246 -16.345262984172955 118.5
0 1 -69.18398656947024 -13.107729076607583 108.5
1 0 -123.65819829018294 60.11963516008088 -117.5
1 1 -121.36789775931179 57.03658061942823 -108.0
4274
-------------------New----------------
0 0 63.6855666389269 -84.28720480374021 118.5
0 1 64.45296844246467 -82.45542852455004 108.5
1 0 81.7762985298472 -40.96962139136691 -117.5
1 1 81.04965646235524 -42.711744228092606 -108.0
4282
-------------------New----------------
0 0 -22.402816388274438 18.186770256110997 118.5
0 1 -24.54069397713765 21.52936971865337 108.5
1 0 -72.85458715094006 97.03934592162032 -117.5
1 1 -70.82275994129228 93.86575656553224 -108.0
4285
-------------------New----------------
0 0 -16.411136756020163 18.73718203924462 118.5
0 1 -19.261280843659243 15.267157457107903 108.5
1 0 -83.69194135607495 -63.15797449643145 -117.5
1 1 -80.98320009366927 -59.86025967809102 -108.0
4291
-------------------New----------------
0 0 10.740035895634163 30.16774329658179 118.5
0 1 9.027341681891924 28.877764572010324 108.5
1 0 -29.651655753306375 -0.30879833091549774 -117.5
1 1 -28.025874549078274 0.9194386155078828 -108.0
4295
-------------------New----------------
0 0 -21.28035270561704 -0.5480310251496309 118.5
0 1 -25.326611727543344 -0.602365307032955 108.5
1 0 -116.76207483699292 -2.001803099542514 -117.5
1 1 -112.9126631482357 -1.942720475775392 -108.0
4297
-------------------New----------------
0 0 -3.677670803191222 59.019675321225314 118.5
0 1 -6.6793878912078934 54.51241421988343 108.5
1 0 -74.51862977949263 -47.349850136833794 -117.5
1 1 -71.66719546412587 -43.06808984570232 -108.0
4298
-------------------New----------------
0 0 -92.25270883138809 -15.244206711975664 118.5
0 1 -93.20196644717656 -9.317686806380742 108.5
1 0 -114.68195908703845 124.59067952264567 -117.5
1 1 -113.77758459278589 118.95748462036514 -108.0
4308
-------------------New----------------
0 0 5.373495069400542 -27.031086018218645 118.5
0 1 5.22508735961558 -29.069687190749317 108.5
1 0 2.0521134678911506 -75.01062168862299 -117.5
1 1 2.182680813365839 -73.06488003606395 -108.0
4330
-------------------New----------------
0 0 27.326380762681048 98.06138023001111 118.5
0 1 26.484717723536885 97.09623817436585 108.5
1 0 7.450493725776309 75.30055555213782 -117.5
1 1 8.25146637298735 76.21552774747646 -108.0
4331
-------------------New----------------
0 0 13.721975666662843 74.55959854851923 118.5
0 1 11.326361031921987 74.03800683533598 108.5
1 0 -42.83947528307079 62.261465965207165 -117.5
1 1 -40.561135024858764 62.75749900101795 -108.0
4334
-------------------New----------------
0 0 -65.86771938233856 113.32495064326945 118.5
0 1 -65.0257649912051 113.50553908823827 108.5
1 0 -45.974995185218816 117.63631492757092 -117.5
1 1 -46.77731134841321 117.4586782453105 -108.0
4336
-------------------New----------------
0 0 -4.393764297038898 -51.10906061324044 118.5
0 1 -0.299213002040905 -50.790788814692704 108.5
1 0 92.13852387981402 -43.58844921535263 -117.5
1 1 88.2551016041078 -43.88865089685507 -108.0
4338
-------------------New----------------
0 0 82.08296075678422 -81.05050699433554 118.5
0 1 83.33548864195389 -80.96476573860893 108.5
1 0 111.6697668424212 -78.99206407478015 -117.5
1 1 110.47796532420777 -79.07598966258523 -108.0
4342
-------------------New----------------
0 0 -87.2962186936361 -27.096250691179687 118.5
0 1 -87.90525366650664 -28.725807461543205 108.5
1 0 -101.69126488950641 -65.6418100243256 -117.5
1 1 -101.11289264744849 -64.08743333614939 -108.0
4343
-------------------New----------------
0 0 20.37797731387962 30.566406299835087 118.5
0 1 18.53357604036047 33.3804307541275 108.5
1 0 -23.004757751345014 96.85597659940673 -117.5
1 1 -21.252422806059677 94.17677451988416 -108.0
4356
-------------------New----------------
0 0 49.04763090021515 -87.31023173668017 118.5
0 1 48.7221677535223 -88.19149807091357 108.5
1 0 41.34540913967665 -108.1104255362848 -117.5
1 1 41.6579119420153 -107.27405907161187 -108.0
4358
-------------------New----------------
0 0 11.840896836845772 7.841452212796339 118.5
0 1 8.500252924114491 5.355002399991167 108.5
1 0 -67.04941693279143 -50.83357536054696 -117.5
1 1 -63.87261543841127 -48.47218677508168 -108.0
4360
-------------------New----------------
0 0 41.03866824624004 101.44396963313525 118.5
0 1 39.43643719870693 99.53412691365851 108.5
1 0 3.123603283301807 56.33233533397472 -117.5
1 1 4.652261249962303 58.148225512168835 -108.0
4369
-------------------New----------------
0 0 -49.94663808499772 -14.225189081315355 118.5
0 1 -51.91231412366433 -17.27165797416917 108.5
1 0 -96.34117923305293 -86.13411035789662 -117.5
1 1 -94.47351810930395 -83.23918760509524 -108.0
4372
-------------------New----------------
0 0 65.12051543326263 33.88744097272025 118.5
0 1 66.71951068655247 32.06284927355131 108.5
1 0 102.85218381422278 -9.18619205199367 -117.5
1 1 101.33341053856131 -7.4522617674210805 -108.0
4374
-------------------New----------------
0 0 80.46266694592599 54.47364100168054 118.5
0 1 77.9234171245317 55.61231194417296 108.5
1 0 20.522631081861988 81.30108783975041 -117.5
1 1 22.93217561208211 80.22489932252158 -108.0
4382
-------------------New----------------
0 0 -28.891695868614892 60.404733099590814 118.5
0 1 -28.800383670058704 62.513138743091325 108.5
1 0 -26.780828939376143 110.12445277129879 -117.5
1 1 -26.864051116497215 108.12397896748823 -108.0
4384
-------------------New----------------
0 0 102.97193813479662 -62.866781830585964 118.5
0 1 103.76762140826959 -64.98155682725891 108.5
1 0 121.19874568563189 -112.2512525891822 -117.5
1 1 120.44566315457011 -110.23486839501845 -108.0
4390
-------------------New----------------
0 0 91.83320796842484 101.9262964455323 118.5
0 1 89.47976278606045 102.06679079131047 108.5
1 0 36.26899378860874 105.13498550285183 -117.5
1 1 38.50670132473563 105.01446767408905 -108.0
4392
-------------------New----------------
0 0 -15.939851060811844 40.741693555910416 118.5
0 1 -15.179633388902937 37.612562700147635 108.5
1 0 2.190556553242148 -32.837420362203815 -117.5
1 1 1.4557632583320632 -29.877845280417112 -108.0
4393
-------------------New----------------
0 0 -20.527218887244228 -18.99546746084785 118.5
0 1 -19.209665537488583 -21.760751981495346 108.5
1 0 10.592043335974571 -84.22844374024142 -117.5
1 1 9.337485097414836 -81.60248740279603 -108.0
4400
-------------------New----------------
0 0 29.820606246939366 -52.18422238566781 118.5
0 1 29.924907865426405 -50.75289520643748 108.5
1 0 32.28951894760285 -18.415148794868575 -117.5
1 1 32.189730015461045 -19.773460750710214 -108.0
4401
-------------------New----------------
0 0 68.8265147459891 25.135597228910832 118.5
0 1 66.82971025189914 27.474639911594046 108.5
1 0 21.66386254334541 80.29025289170394 -117.5
1 1 23.564857479630028 78.06990190339397 -108.0
4404
-------------------New----------------
0 0 -72.57599197585324 81.33466982696642 118.5
0 1 -73.73108013769668 80.12772152340338 108.5
1 0 -101.31004120444307 55.13442928755235 -117.5
1 1 -100.09438207657915 56.24214766928382 -108.0
4412
-------------------New----------------
0 0 -83.82593868865735 -26.085721940752542 118.5
0 1 -82.38018701518443 -24.99108686274161 108.5
1 0 -49.86353366103927 -0.28337377921486234 -117.5
1 1 -51.224986951646414 -1.333758470299625 -108.0
4416
-------------------New----------------
0 0 18.5770256861765 -6.380718857207705 118.5
0 1 21.83531440724169 -7.990716242230954 108.5
1 0 95.26750845191953 -44.367806621851216 -117.5
1 1 92.181580904859 -42.83937360910081 -108.0
4425
-------------------New----------------
0 0 -111.05438365381035 -83.24731440812768 118.5
0 1 -109.94083146761477 -83.59058610959266 108.5
1 0 -84.863826850201 -91.3332656329504 -117.5
1 1 -85.91576150983829 -91.01842070880411 -108.0
4427
-------------------New----------------
0 0 -74.14441187382022 28.13793430968595 118.5
0 1 -74.91774692444471 30.47828030203043 108.5
1 0 -92.40150508030871 83.36885536500793 -117.5
1 1 -91.66625291999902 81.14586423412516 -108.0
4442
-------------------New----------------
0 0 16.44246140837007 30.16797487356655 118.5
0 1 20.082722449403132 26.025772689874913 108.5
1 0 102.39457775866492 -67.5805034005667 -117.5
1 1 98.93296514641534 -63.6457321402066 -108.0
4449
-------------------New----------------
0 0 37.3774403253122 108.90983975744719 118.5
0 1 32.04541820123019 109.0627589488317 108.5
1 0 -88.45990320456575 112.53558849296535 -117.5
1 1 -83.39433004390632 112.39048774106016 -108.0
4453
-------------------New----------------
0 0 -25.676741315012897 20.161347274219885 118.5
0 1 -25.103489621363288 16.14103861749117 108.5
1 0 -12.157873896249422 -74.8521276390452 -117.5
1 1 -12.701083930649498 -71.01752900081922 -108.0
4464
-------------------New----------------
0 0 -15.530545890043589 -95.97620145266156 118.5
0 1 -17.098398319473112 -94.69122650539423 108.5
1 0 -52.512044122667625 -65.65039491992624 -117.5
1 1 -51.023246111139386 -66.8707801715005 -108.0
4480
-------------------New----------------
0 0 -25.027914957585722 -22.29069797116749 118.5
0 1 -26.991356357102255 -19.974737858141445 108.5
1 0 -71.36166999125717 32.36971096564855 -117.5
1 1 -69.49662926695608 30.16922821016562 -108.0
4482
-------------------New----------------
0 0 58.62047532979476 81.1965247690648 118.5
0 1 55.46392432794484 81.40319475556798 108.5
1 0 -16.067643028372856 86.18329686569717 -117.5
1 1 -13.051598085699265 85.98105690767302 -108.0
4487
-------------------New----------------
0 0 -64.69626540651613 -38.31590372883791 118.5
0 1 -64.20978821811063 -35.278265840702204 108.5
1 0 -53.01317867504563 33.39811649014184 -117.5
1 1 -53.492851157127326 30.497836194611022 -108.0
4491
-------------------New----------------
0 0 80.49769107427754 53.51267372334538 118.5
0 1 81.90644159615096 50.91210655090023 108.5
1 0 113.76327168074806 -7.825720663849557 -117.5
1 1 112.42498278896986 -5.357188738588553 -108.0
4500
-------------------New----------------
0 0 -29.697347027527947 -72.87220349630395 118.5
0 1 -33.57669093377716 -73.5462153062528 108.5
1 0 -121.22918955781685 -88.78528739574767 -117.5
1 1 -117.54588798191692 -88.14342769392043 -108.0
4501
-------------------New----------------
0 0 -48.512321406949454 -65.70265724000897 118.5
0 1 -50.30295614653947 -61.68278724968782 108.5
1 0 -90.74707323596888 28.96671909698356 -117.5
1 1 -89.05069069437046 25.165052202397444 -108.0
4503
-------------------New----------------
0 0 65.78323208750402 -19.31395719031037 118.5
0 1 66.84689125379879 -21.483099085961467 108.5
1 0 90.85520190558691 -70.53979141468855 -117.5
1 1 89.84705817856121 -68.47546078317221 -108.0
4513
-------------------New----------------
0 0 52.33915709495295 60.760072858492364 118.5
0 1 53.44737926625625 61.82587132045868 108.5
1 0 78.4899447957863 85.9087154196074 -117.5
1 1 77.43783218389837 84.89641611693585 -108.0
4515
-------------------New----------------
0 0 104.37443178039825 -96.08668114326406 118.5
0 1 104.38463445303489 -93.84765103129357 108.5
1 0 104.14078547656584 -43.47907655906396 -117.5
1 1 104.15972345396645 -45.590016449335266 -108.0
4516
-------------------New----------------
0 0 -21.657772124791332 44.941051696117356 118.5
0 1 -25.95679666478142 42.4480509941209 108.5
1 0 -123.16410675890047 -13.870190305554598 -117.5
1 1 -119.07668412182575 -11.504316294269193 -108.0
4534
-------------------New----------------
0 0 67.18727808556226 70.53291264990123 118.5
0 1 64.21268007196173 71.6756944132209 108.5
1 0 -2.868559320249731 97.43376614045359 -117.5
1 1 -0.052474497316074495 96.35391235212592 -108.0
4535
-------------------New----------------
0 0 -19.759220339675416 112.62590303190169 118.5
0 1 -13.997835123780524 112.70975904112967 108.5
1 0 116.20097259561399 114.58168363174711 -117.5
1 1 110.72861947139924 114.50313657109294 -108.0
4538
-------------------New----------------
0 0 11.619748328327354 15.417621736249481 118.5
0 1 8.07766140135308 15.742612934626692 108.5
1 0 -71.9829017596017 23.10829778005344 -117.5
1 1 -68.61743977142054 22.798543475342388 -108.0
4556
-------------------New----------------
0 0 -105.31468884845233 -81.91149002894436 118.5
0 1 -115.1494306993158 -78.78888070622725 108.5
1 0 -79.98892917334905 -39.34225898811412 -117.5
1 1 -80.94098722820584 -39.947502616969224 -108.0
4571
-------------------New----------------
0 0 20.401905544006674 108.12964955117836 118.5
0 1 19.87559503756343 107.48861200920503 108.5
1 0 7.840150262774989 92.5172218007389 -117.5
1 1 8.331226154672525 93.1655731361053 -108.0
4572
-------------------New----------------
0 0 -37.995046747128505 63.07950267613303 118.5
0 1 -39.33334290351458 60.294429291549235 108.5
1 0 -69.56423338871213 -2.6456526584058406 -117.5
1 1 -68.29343884236985 -0.00027012882581090025 -108.0
4593
-------------------New----------------
0 0 -17.71577494400067 5.128439353906525 118.5
0 1 -21.219540607928366 6.027515644694447 108.5
1 0 -100.59349097588867 26.161647646229586 -117.5
1 1 -97.245660974618 25.316675284135528 -108.0
4594
-------------------New----------------
0 0 -10.593644276242454 -28.829232869359277 118.5
0 1 -11.028028575690682 -30.07374865852275 108.5
1 0 -20.844970722077445 -58.203553548574504 -117.5
1 1 -20.43233787104978 -57.02048888150383 -108.0
4607
-------------------New----------------
0 0 2.852706719513412 -19.217221494272966 118.5
0 1 6.553437021040901 -20.43599759589295 108.5
1 0 90.19072851590576 -48.00492254364086 -117.5
1 1 86.67580853360155 -46.844801180897335 -108.0
4614
-------------------New----------------
0 0 -108.49705148778939 67.7858534883774 118.5
0 1 -107.88273337951814 63.719730551875486 108.5
1 0 -94.02094214877998 -28.228595953847314 -117.5
1 1 -94.60323460432753 -24.361982289919332 -108.0
4616
-------------------New----------------
0 0 -70.11597282831173 -39.941854686955395 118.5
0 1 -69.72327590392123 -41.17495713624347 108.5
1 0 -60.95357753467073 -69.0969690637023 -117.5
1 1 -61.319756204431826 -67.92080517983084 -108.0
4617
-------------------New----------------
0 0 -45.43227810204272 -33.61745053529001 118.5
0 1 -43.34295292126664 -32.740784157876 108.5
1 0 3.6753404742159135 -12.660263506916603 -117.5
1 1 1.6912082705219809 -13.503704400292145 -108.0
4627
-------------------New----------------
0 0 18.00559242761461 -113.37449804226128 118.5
0 1 22.028537497984672 -113.87829053183427 108.5
1 0 113.02769596832225 -125.29370261463382 -117.5
1 1 109.21425033562332 -124.80695621444056 -108.0
4631
-------------------New----------------
0 0 3.397980299292071 9.423093369159833 118.5
0 1 -1.3396659370247335 4.208858816363005 108.5
1 0 -108.37036878196018 -113.69571990363161 -117.5
1 1 -103.87408454819324 -108.7377353843927 -108.0
4643
-------------------New----------------
0 0 91.48174741817111 -34.325983786755 118.5
0 1 89.43074553710879 -36.90018727758322 108.5
1 0 43.04510427146064 -95.09823425992184 -117.5
1 1 44.9941487466824 -92.65213039817219 -108.0
4650
-------------------New----------------
0 0 -59.14393315579779 -64.51386079267624 118.5
0 1 -58.29403532154659 -64.09517409596627 108.5
1 0 -39.26423522761728 -54.86597451534898 -117.5
1 1 -40.05864649534074 -55.2469538473441 -108.0
4653
-------------------New----------------
0 0 -15.258182185675997 70.03200811613218 118.5
0 1 -17.3364038473706 68.5311237556044 108.5
1 0 -64.31759216850025 34.57365966424482 -117.5
1 1 -62.34419940080485 36.002437188265716 -108.0
4658
-------------------New----------------
0 0 42.49276905956575 -16.17614428940984 118.5
0 1 44.27289935194168 -11.015195870926892 108.5
1 0 84.183940161804 105.6035697235094 -117.5
1 1 82.50718752652355 100.70717375533744 -108.0
4676
-------------------New----------------
0 0 -17.161476521647398 -36.48988271317485 118.5
0 1 -20.023296692433508 -34.06996659328118 108.5
1 0 -84.72702815465671 20.60641817887539 -117.5
1 1 -82.00548887465916 18.30889373096327 -108.0
4679
-------------------New----------------
0 0 76.39249567832137 -37.3563265755846 118.5
0 1 74.11697110305987 -35.4115567325435 108.5
1 0 22.679119448691107 8.493605987485669 -117.5
1 1 24.840513281333077 6.648866235289414 -108.0
4681
-------------------New----------------
0 0 -102.95165303548492 68.14438989411971 118.5
0 1 -103.0257452799935 65.1733284402278 108.5
1 0 -104.72202923234276 -2.060944131455268 -117.5
1 1 -104.65086735494485 0.7657708866112245 -108.0
4684
-------------------New----------------
0 0 -69.67913946541492 68.87741819950256 118.5
0 1 -70.02889475278914 68.5425205465648 108.5
1 0 -78.37312323110764 60.43229568101361 -117.5
1 1 -78.00835332133626 60.775950171134596 -108.0
4694
-------------------New----------------
0 0 -13.386515912530134 -63.352104846953715 118.5
0 1 -12.684489326486704 -60.31662594479521 108.5
1 0 3.1793829730735785 8.319681689513398 -117.5
1 1 2.520522712335667 5.425441333176702 -108.0
4701
-------------------New----------------
0 0 -64.86004725440783 -18.173643352711597 118.5
0 1 -64.18853817491024 -21.384233111270124 108.5
1 0 -48.78552834222398 -93.76171780636737 -117.5
1 1 -49.42804696940015 -90.72645039790999 -108.0
4704
-------------------New----------------
0 0 -8.772387794349665 121.67746256437138 118.5
0 1 -4.735777698677081 121.67241159891094 108.5
1 0 86.499594131615 121.51789457494274 -117.5
1 1 82.66337720852945 121.52456871017607 -108.0
4716
-------------------New----------------
0 0 76.52399920523598 -49.065380877536874 118.5
0 1 74.46393079920989 -45.27190326715083 108.5
1 0 27.90255282359602 40.461312155984494 -117.5
1 1 29.860167989610765 36.8571379683135 -108.0
4725
-------------------New----------------
0 0 -33.878020551743774 97.7481462815565 118.5
0 1 -28.03752484237692 97.62182734629411 108.5
1 0 103.95900427684526 94.76135627795206 -117.5
1 1 98.41046233523431 94.88153340713663 -108.0
4726
-------------------New----------------
0 0 3.1504373956270206 -20.256296475932295 118.5
0 1 5.0764832299636655 -20.00420129707748 108.5
1 0 48.703298770767404 -14.234886010862633 -117.5
1 1 46.867485043783695 -14.480610273099941 -108.0
4744
-------------------New----------------
0 0 39.30997347978861 70.76565993291032 118.5
0 1 41.94886413140077 70.82892027346429 108.5
1 0 101.55372072590077 72.23510620458741 -117.5
1 1 99.05086736028794 72.17751771348978 -108.0
4751
-------------------New----------------
0 0 -12.967809725530742 -7.544932297041318 118.5
0 1 -15.42138583486983 -2.0889628814186265 108.5
1 0 -70.93044087904117 121.19614191860155 -117.5
1 1 -68.59563695592968 116.01355323511636 -108.0
4752
-------------------New----------------
0 0 -6.945254723194663 11.305879349778618 118.5
0 1 -4.295635666027918 10.895455293288993 108.5
1 0 55.557904216593975 1.5653815386937424 -117.5
1 1 53.04452494920709 1.9585433967325667 -108.0
4756
-------------------New----------------
0 0 69.34894292181274 71.68103955052128 118.5
0 1 69.3098963469101 70.22572558381124 108.5
1 0 68.42840347508542 37.326541439796785 -117.5
1 1 68.46680807918298 38.70881599963173 -108.0
4778
-------------------New----------------
0 0 -110.16565968306095 37.14385725216621 118.5
0 1 -109.36191054256365 39.71297646934748 108.5
1 0 -91.26680758113517 97.81563217268096 -117.5
1 1 -92.02560298963087 95.36743575096324 -108.0
4780
-------------------New----------------
0 0 -104.34737712666788 -27.36076949166046 118.5
0 1 -103.45284509246378 -31.52888386163289 108.5
1 0 -83.27276429065783 -125.92579236310254 -117.5
1 1 -84.12041069582362 -121.95597889982018 -108.0
4781
-------------------New----------------
0 0 9.348548391291622 -16.7800689169232 118.5
0 1 5.6988076078900205 -11.041346698295895 108.5
1 0 -76.78001981803142 118.62918780352081 -117.5
1 1 -73.31209699107147 113.17833107944435 -108.0
4783
-------------------New----------------
0 0 -10.142987937192938 -33.31329499412361 118.5
0 1 -14.277174232049546 -34.43844746776148 108.5
1 0 -107.70976051492812 -59.85236547396541 -117.5
1 1 -103.78136544523939 -58.78424741987372 -108.0
4790
-------------------New----------------
0 0 54.49085942499936 -41.17042984748008 118.5
0 1 51.71095458546229 -40.90006651939838 108.5
1 0 -11.01440039300555 -34.83986083096906 -117.5
1 1 -8.378053017333515 -35.094616340078865 -108.0
4796
-------------------New----------------
0 0 68.70237849679924 11.672518905705548 118.5
0 1 69.49861110749194 11.474808577051713 108.5
1 0 87.38746896277107 7.024891377602226 -117.5
1 1 86.6372432439573 7.213274476052154 -108.0
4800
-------------------New----------------
0 0 85.78650380648932 98.90977566765737 118.5
0 1 84.34327722913147 98.97909662402492 108.5
1 0 51.632918442092944 100.46637749907381 -117.5
1 1 53.002749881490004 100.41116417096386 -108.0
4805
-------------------New----------------
0 0 -3.5415910201028553 -33.61834052800295 118.5
0 1 -5.78400564859832 -36.47760985908414 108.5
1 0 -56.28832224778919 -101.00918126448073 -117.5
1 1 -54.16799666759594 -98.29508271338341 -108.0
4807
-------------------New----------------
0 0 101.93587951131916 -8.838061955373345 118.5
0 1 102.70553321548554 -6.210435038150967 108.5
1 0 120.10432318391831 53.18613040369456 -117.5
1 1 119.37300896151994 50.68919001214198 -108.0
4812
-------------------New----------------
0 0 -20.739648848292397 40.957603074408766 118.5
0 1 -21.527926696191592 42.22467619353837 108.5
1 0 -39.35723010275653 70.87128081594244 -117.5
1 1 -38.60725203211687 69.66678898819336 -108.0
4814
-------------------New----------------
0 0 -121.17071891699337 101.75616874723765 118.5
0 1 -120.94567466075057 101.33639052218403 108.5
1 0 -115.93113185955681 91.6903851796494 -117.5
1 1 -116.1435202038397 92.09820999080237 -108.0
4816
-------------------New----------------
0 0 -17.638304021951456 -19.135796886895413 118.5
0 1 -11.57426478455499 -16.065415924984485 108.5
1 0 125.45293570018448 53.411522228608945 -117.5
1 1 119.69568190947541 50.48973548893404 -108.0
4819
-------------------New----------------
0 0 34.70181626455319 26.867723195623324 118.5
0 1 37.460030461479064 27.36848103119156 108.5
1 0 99.75639261086121 38.80402784840159 -117.5
1 1 97.14186070595656 38.326066060149245 -108.0
4820
-------------------New----------------
0 0 -11.383111395211243 82.99667703153222 118.5
0 1 -13.056852881079 81.70764772874537 108.5
1 0 -50.915574620140944 52.5665914924538 -117.5
1 1 -49.32531933075158 53.79224542998512 -108.0
4824
-------------------New----------------
0 0 -8.552942942607052 67.99669889949396 118.5
0 1 -4.396542646199217 67.82487100616156 108.5
1 0 89.77865482465245 63.92588829591891 -117.5
1 1 85.81514658805403 64.08971913230587 -108.0
4830
-------------------New----------------
0 0 88.2527465507759 1.8628910431618366 118.5
0 1 87.71079044145463 -1.9927742806198352 108.5
1 0 75.63349569435181 -88.3059395136047 -117.5
1 1 76.11234085540374 -84.68565458522306 -108.0
4831
-------------------New----------------
0 0 -57.73075640886242 -2.600310561023835 118.5
0 1 -56.306478082500384 -6.875116786414873 108.5
1 0 -24.12704708454863 -103.48076659516425 -117.5
1 1 -25.478786591981258 -99.41985962510577 -108.0
4832
-------------------New----------------
0 0 116.92245267059744 2.5404983898714457 118.5
0 1 120.02807804938361 7.318938268021372 108.5
1 0 64.34071200578842 -10.702625442141553 -117.5
1 1 64.76040055429445 -10.339348995958485 -108.0
4834
-------------------New----------------
0 0 -34.37899366490255 -18.762341005463462 118.5
0 1 -34.2063016433074 -13.406204514134794 108.5
1 0 -30.266066726246258 107.64259350306722 -117.5
1 1 -30.4331424883187 102.55561516745857 -108.0
4851
-------------------New----------------
0 0 -93.62944119210647 -54.14209387911903 118.5
0 1 -94.81235307542087 -57.17858522246227 108.5
1 0 -121.54113738532297 -125.80724526483546 -117.5
1 1 -120.41782932441879 -122.92217574425293 -108.0
4854
-------------------New----------------
0 0 15.864669094861426 21.320513485159996 118.5
0 1 16.884025088161188 20.454279897780474 108.5
1 0 40.14293154170953 0.7568876060338152 -117.5
1 1 39.166174477569974 1.5887598261916 -108.0
4859
-------------------New----------------
0 0 -4.300107999597595 -120.24568733561793 118.5
0 1 -3.867970486852292 -120.310539726904 108.5
1 0 6.048858850903706 -121.6947579717191 -117.5
1 1 5.627386509258424 -121.63793574584638 -108.0
4864
-------------------New----------------
0 0 -80.37772436353895 -23.030478969913776 118.5
0 1 -79.23121640411861 -27.18174089097485 108.5
1 0 -53.302202738159735 -121.0342784112282 -117.5
1 1 -54.3882756610055 -117.08811351435274 -108.0
4874
-------------------New----------------
0 0 -36.96754073032164 94.07865047442851 118.5
0 1 -38.32570902010281 94.28788353871424 108.5
1 0 -68.95959254480404 98.78132852622302 -117.5
1 1 -67.67529766510063 98.59894349299867 -108.0
4878
-------------------New----------------
0 0 -92.06823301452059 22.428813195114596 118.5
0 1 -93.1707563058597 20.672765617817166 108.5
1 0 -118.08139406533712 -19.042956802844014 -117.5
1 1 -117.03426685513259 -17.37281341014056 -108.0
4884
-------------------New----------------
0 0 -55.094266753631054 27.114279957644026 118.5
0 1 -55.64637611472868 25.620770692233197 108.5
1 0 -68.12305367245567 -8.135235672201897 -117.5
1 1 -67.59790758446938 -6.716101297070945 -108.0
4892
-------------------New----------------
0 0 71.3027254233478 -66.0856852544521 118.5
0 1 71.81183157713168 -68.67244616287084 108.5
1 0 83.41275425185674 -127.26624448562714 -117.5
1 1 82.92457716126434 -124.80568015793976 -108.0
4901
-------------------New----------------
0 0 -88.4890033282433 -95.69274613093356 118.5
0 1 -87.99119208783617 -95.39572065138728 108.5
1 0 -76.74010468298182 -88.68999600760297 -117.5
1 1 -77.21323033274521 -88.97159793594062 -108.0
4905
-------------------New----------------
0 0 -80.0773185684292 -79.35277229316287 118.5
0 1 -77.4729802720682 -80.85266706978744 108.5
1 0 -18.602965029331926 -114.65341196638795 -117.5
1 1 -21.07550068888342 -113.23523449242927 -108.0
4906
-------------------New----------------
0 0 -44.60190769088406 -65.9683061733115 118.5
0 1 -44.578377213121364 -66.07474823971471 108.5
1 0 -44.05248355345752 -68.46267499880281 -117.5
1 1 -44.0753879747996 -68.36240588636255 -108.0
4919
-------------------New----------------
0 0 -6.175339758158925 -58.25044777049976 118.5
0 1 -4.3709057355814505 -57.85578138901339 108.5
1 0 36.39124577735023 -48.92194667597778 -117.5
1 1 34.67919963347907 -49.29871219744295 -108.0
4920
-------------------New----------------
0 0 17.476757769120734 -90.07661623082134 118.5
0 1 14.581358152217785 -89.0228010731744 108.5
1 0 -50.84793671472006 -65.21817200176218 -117.5
1 1 -48.0972059568404 -66.21820775733326 -108.0
4926
-------------------New----------------
0 0 -5.4144518245965845 102.15661610271498 118.5
0 1 -4.070133886777322 101.25219588633374 108.5
1 0 25.85481656504229 80.99874091129288 -117.5
1 1 24.61379895810979 81.84881764476552 -108.0
4927
-------------------New----------------
0 0 -53.04969558208965 43.338745789931934 118.5
0 1 -48.48326242462464 39.594876139249735 108.5
1 0 55.65043655850902 -45.98899487588112 -117.5
1 1 51.2345101815118 -42.34968885909446 -108.0
4930
-------------------New----------------
0 0 40.65954494130905 88.81385846807936 118.5
0 1 41.8053339729638 87.51439609379956 108.5
1 0 68.16357643498534 58.31357440420444 -117.5
1 1 67.0272731116541 59.576882270945234 -108.0
4934
-------------------New----------------
0 0 -25.19321725693654 -82.95224730849745 118.5
0 1 -20.663811367059605 -81.19657743847723 108.5
1 0 82.07473869575651 -41.24770578412522 -117.5
1 1 77.77769125738868 -42.9397177664846 -108.0
4937
-------------------New----------------
0 0 70.93344371265911 -16.471198776716598 118.5
0 1 69.14611942953468 -14.710913501970435 108.5
1 0 28.7531915378813 25.046184635234606 -117.5
1 1 30.450440442542476 23.375116461906668 -108.0
4938
-------------------New----------------
0 0 -35.398793147214505 -33.391452900990984 118.5
0 1 -31.487277551899354 -26.807854398493966 108.5
1 0 56.910464665173286 121.99648601540773 -117.5
1 1 53.194792245858956 115.74112512015316 -108.0
4943
-------------------New----------------
0 0 -66.90200719060469 -10.17123334446957 118.5
0 1 -67.60809962540324 -11.113669445227131 108.5
1 0 -83.63708008862945 -32.417634722095 -117.5
1 1 -82.96126166958894 -31.523400927864806 -108.0
4950
-------------------New----------------
0 0 38.147868966841784 26.603865513509977 118.5
0 1 36.57543846504787 28.328059623369732 108.5
1 0 1.0121360318491968 67.28510556379219 -117.5
1 1 2.5080873633330514 65.64869890772532 -108.0
4955
-------------------New----------------
0 0 -80.85573935932123 101.3848809072319 118.5
0 1 -80.97489549381672 99.73030606155581 108.5
1 0 -83.4963897216499 62.153274199421936 -117.5
1 1 -83.3886092663893 63.74917765139736 -108.0
4958
-------------------New----------------
0 0 38.62484996868402 107.99449627547945 118.5
0 1 41.98808253061682 108.44581887738589 108.5
1 0 117.99279835495591 118.66335905079741 -117.5
1 1 114.797965855602 118.23326474134174 -108.0
4964
-------------------New----------------
0 0 -13.640634305891023 -55.58300901989363 118.5
0 1 -16.86746402631756 -50.865555771255586 108.5
1 0 -90.05487347472312 56.22558933106245 -117.5
1 1 -86.96981553409982 51.711921342724565 -108.0
4967
-------------------New----------------
0 0 65.078893024255 -28.33291000055028 118.5
0 1 64.09895080902433 -28.109452052223958 108.5
1 0 41.917565016471414 -23.063732637204218 -117.5
1 1 42.85044379948041 -23.275879278373935 -108.0
4996
-------------------New----------------
0 0 86.88162443547938 36.735699838286266 118.5
0 1 84.42243381834253 38.63647742127124 108.5
1 0 28.85193401864309 81.59060298475347 -117.5
1 1 31.18861675631617 79.7846658141599 -108.0
4999
-------------------New----------------
0 0 -70.47992434719842 -24.08324908477929 118.5
0 1 -69.6794458245528 -24.47179902806887 108.5
1 0 -51.71313406737695 -33.53787001509 -117.5
1 1 -52.45696421481858 -33.14187644106611 -108.0
5000
-------------------New----------------
0 0 47.796880396066 -43.536762489026884 118.5
0 1 48.76372256825978 -41.46118008597623 108.5
1 0 70.65241410960179 5.5142651160205265 -117.5
1 1 69.73078524287675 3.538304969478939 -108.0
5001
-------------------New----------------
0 0 -37.5508633137685 11.50425711911374 118.5
0 1 -38.54809112011925 7.039847346616673 108.5
1 0 -61.11276608291731 -93.5949551731461 -117.5
1 1 -60.163125407028204 -89.36456084489282 -108.0
5007
-------------------New----------------
0 0 -49.78539192526474 0.797850314955683 118.5
0 1 -51.89109324238028 2.6472759232786975 108.5
1 0 -99.37658020363772 44.41530316322899 -117.5
1 1 -97.38537009423156 42.662239184134435 -108.0
5008
-------------------New----------------
0 0 -122.47010676490736 -7.558928315248442 118.5
0 1 -124.95835566693242 -8.142749138011718 108.5
1 0 -87.98281058317428 35.399002697722544 -117.5
1 1 -86.92398913174549 37.7631829404965 -108.0
5013
-------------------New----------------
0 0 3.5362390249423195 -44.749083280745054 118.5
0 1 4.29843630489356 -47.31792563560421 108.5
1 0 21.833272362729375 -104.82110709022064 -117.5
1 1 21.072577217831007 -102.41267491659407 -108.0
5019
-------------------New----------------
0 0 34.19030122881865 -8.227194934407114 118.5
0 1 34.378956519090806 -8.616686971575378 108.5
1 0 38.61484738576077 -17.430269763609935 -117.5
1 1 38.4338662561848 -17.06121977013511 -108.0
5021
-------------------New----------------
0 0 -38.10132306249669 8.162027280649232 118.5
0 1 -39.89221423378407 7.38752012794352 108.5
1 0 -80.37578103215866 -10.160636592233825 -117.5
1 1 -78.6737963860273 -9.421867087806614 -108.0
5035
-------------------New----------------
0 0 49.430442716807065 81.76953367065519 118.5
0 1 44.76780729000545 79.57088599160485 108.5
1 0 -60.49119328771055 29.901347863949088 -117.5
1 1 -56.063827045978016 31.982870415368147 -108.0
5036
-------------------New----------------
0 0 -0.7378332369617423 71.30678201990735 118.5
0 1 1.2796369804752028 72.07862626230306 108.5
1 0 47.34345315312111 89.31628937952607 -117.5
1 1 45.407359152426416 88.56703246713803 -108.0
5041
-------------------New----------------
0 0 -14.365256048232478 -7.28713109240303 118.5
0 1 -11.20957367217319 -7.354494727740816 108.5
1 0 60.139412073795484 -8.896711598526114 -117.5
1 1 57.137492300251175 -8.832640665854287 -108.0
5042
-------------------New----------------
0 0 78.01170395338254 -35.23471027572559 118.5
0 1 77.03870937746667 -31.85719262534868 108.5
1 0 56.030870113860566 44.27812800884909 -117.5
1 1 56.8554990833219 41.06116829191478 -108.0
5057
-------------------New----------------
0 0 46.29159382375717 37.279126036290435 118.5
0 1 46.768066127311336 35.87391356701947 108.5
1 0 57.522079779703986 4.085751776351855 -117.5
1 1 57.07224654183682 5.423294417096264 -108.0
5058
-------------------New----------------
0 0 67.7643743200164 -14.687206462126762 118.5
0 1 65.0790919689377 -9.074161870634464 108.5
1 0 4.371377178494862 117.8099185295616 -117.5
1 1 6.924649366626521 112.47625009977244 -108.0
5062
-------------------New----------------
0 0 36.539724961289586 -35.34139896163809 118.5
0 1 32.908507121966544 -35.05697006143762 108.5
1 0 -49.174049531503734 -28.6467639301435 -117.5
1 1 -45.72348264887517 -28.913778039787086 -108.0
5069
-------------------New----------------
0 0 -44.59699030133035 -18.39804489266996 118.5
0 1 -41.89710751118798 -14.75920378766744 108.5
1 0 19.04309129753255 67.54456668611572 -117.5
1 1 16.48138111425927 64.08355338521821 -108.0
5072
-------------------New----------------
0 0 -121.5551353186872 -26.027102035065713 118.5
0 1 -121.699912216878 -24.896575679117795 108.5
1 0 -124.83299103421027 0.6051290980401215 -117.5
1 1 -124.70082444055406 -0.45790721651396993 -108.0
5073
-------------------New----------------
0 0 -3.988885108803141 54.89344021567656 118.5
0 1 -0.4981361219087386 52.050204552691085 108.5
1 0 78.36151696782125 -12.227212418315439 -117.5
1 1 75.04576879296172 -9.521676234560719 -108.0
5075
-------------------New----------------
0 0 73.86079689832073 -21.68947898641031 118.5
0 1 74.93342052648597 -19.06304572790146 108.5
1 0 99.17685609220305 40.301242433218896 -117.5
1 1 98.157577277346 37.80572211829344 -108.0
5081
-------------------New----------------
0 0 -50.53704521462693 60.12901222342558 118.5
0 1 -45.59389426948025 60.530354727978406 108.5
1 0 66.01182516887339 69.75308135167045 -117.5
1 1 61.32068040748726 69.376882938478 -108.0
5085
-------------------New----------------
0 0 72.83940267922581 15.75396825630492 118.5
0 1 70.73584638683343 15.290986900495303 108.5
1 0 23.1963117726557 4.824846535318409 -117.5
1 1 25.194709958718715 5.264950856229162 -108.0
5090
-------------------New----------------
0 0 69.25995199231589 -17.312464295862362 118.5
0 1 66.58171567334676 -18.984095476588294 108.5
1 0 6.143584390678287 -56.87200486775807 -117.5
1 1 8.679193613700274 -55.277732566571345 -108.0
5093
-------------------New----------------
0 0 -55.99116055983363 -62.82740721716196 118.5
0 1 -55.558403960716404 -63.39072698788864 108.5
1 0 -45.79709173164825 -76.15562279448656 -117.5
1 1 -46.21339912658429 -75.61463047300049 -108.0
5094
-------------------New----------------
0 0 -39.5092519274623 40.50941340542066 118.5
0 1 -40.94437136067362 36.04229793500442 108.5
1 0 -73.31831843811484 -64.83305279230495 -117.5
1 1 -71.95873172559088 -60.59733013538771 -108.0
5095
-------------------New----------------
0 0 -80.25390569714719 -73.66343894893274 118.5
0 1 -81.63990684717479 -74.35076699092328 108.5
1 0 -112.92989598634492 -89.90984700490198 -117.5
1 1 -111.61575738482843 -89.25476180602467 -108.0
5100
-------------------New----------------
0 0 8.202058783322522 54.77424726962006 118.5
0 1 8.49636231419655 53.91823101868867 108.5
1 0 15.149663533768564 34.56902439725982 -117.5
1 1 14.86952522767146 35.3822506192963 -108.0
5101
-------------------New----------------
0 0 -73.5893940719366 -49.26569223441098 118.5
0 1 -71.18526942685233 -44.77603576178122 108.5
1 0 -16.878753221184404 56.67302131476229 -117.5
1 1 -19.161124277985593 52.40849456777869 -108.0
5104
-------------------New----------------
0 0 -62.60739888237678 94.87451882770547 118.5
0 1 -63.46101140679432 95.41532063297568 108.5
1 0 -82.8388176473142 107.93541461607808 -117.5
1 1 -82.0246420370265 107.40995620333447 -108.0
5105
-------------------New----------------
0 0 95.89991771612965 -51.92269161286778 118.5
0 1 94.25055861565548 -51.57412207802357 108.5
1 0 56.85917649864196 -43.861004912716524 -117.5
1 1 58.43494548665808 -44.17452841857672 -108.0
5107
-------------------New----------------
0 0 -55.40660666695741 59.18369702854502 118.5
0 1 -58.20592966073906 54.58244323544259 108.5
1 0 -121.44744220749593 -49.54883344701109 -117.5
1 1 -118.79033508024115 -45.16540487745101 -108.0
5113
-------------------New----------------
0 0 -27.969467902505492 8.060856599913894 118.5
0 1 -29.14615551534692 3.845090928086826 108.5
1 0 -56.09807656003776 -90.75748680057879 -117.5
1 1 -54.95798523727079 -86.80737370325981 -108.0
5121
-------------------New----------------
0 0 54.17866529160118 18.968406578755282 118.5
0 1 53.68669318501937 20.350383029053003 108.5
1 0 42.454598973448995 51.44541155634796 -117.5
1 1 42.925639730505495 50.135653827512876 -108.0
5130
-------------------New----------------
0 0 65.86074558453481 -81.2720916963468 118.5
0 1 65.98601097336561 -83.07936383403842 108.5
1 0 68.83006386965316 -123.89338263395607 -117.5
1 1 68.71110455897725 -122.1785308200622 -108.0
5134
-------------------New----------------
0 0 -51.25156925372977 -37.371339172540345 118.5
0 1 -50.872533724477506 -38.917016920725494 108.5
1 0 -42.30163070251122 -73.85099504143635 -117.5
1 1 -42.66173072557026 -72.38243299982835 -108.0
5147
-------------------New----------------
0 0 24.21975223307329 -116.34889016306859 118.5
0 1 23.00693922043779 -116.4108373350941 108.5
1 0 -4.413350580362833 -117.89163059963411 -117.5
1 1 -3.2643820976346154 -117.83517398895526 -108.0
5148
-------------------New----------------
0 0 -42.359975730582164 33.31914705128655 118.5
0 1 -37.85974244053791 36.26568478585595 108.5
1 0 63.81665527936931 102.84765529430425 -117.5
1 1 59.544017993327586 100.04977326920056 -108.0
5151
-------------------New----------------
0 0 -7.3600203544487055 39.996652376821515 118.5
0 1 -5.152332345842245 41.59272245955121 108.5
1 0 44.76292598187602 77.5962654941865 -117.5
1 1 42.66333260762788 76.08481709185776 -108.0
5156
-------------------New----------------
0 0 42.2139954185923 35.56906639241013 118.5
0 1 44.12679783111111 38.15122933324287 108.5
1 0 87.385841575807 96.53947557121249 -117.5
1 1 85.56810899554978 94.08281168887228 -108.0
5165
-------------------New----------------
0 0 32.559613304535574 26.824956291333827 118.5
0 1 33.513022520157925 28.665725067290243 108.5
1 0 55.53555185841975 70.17299340184542 -117.5
1 1 54.61219297588143 68.42541904868418 -108.0
5167
-------------------New----------------
0 0 90.38347592404781 -98.55249572447143 118.5
0 1 87.90299215173032 -99.07547073390873 108.5
1 0 31.789904747117344 -110.98734302938058 -117.5
1 1 34.14825838200166 -110.48386875786385 -108.0
5170
-------------------New----------------
0 0 -53.581093474942065 62.176552498277545 118.5
0 1 -53.180721805180404 61.02177377817882 108.5
1 0 -44.214271720878216 35.32364933900253 -117.5
1 1 -44.550069545250054 36.365539161221136 -108.0
5171
-------------------New----------------
0 0 22.60463356008686 -1.9624458550529478 118.5
0 1 22.938602325273884 -1.811711680123534 108.5
1 0 30.70955228257572 1.2379492863172106 -117.5
1 1 30.398336164242608 1.1321154315391713 -108.0
5173
-------------------New----------------
0 0 109.33489405723711 -13.394850309911353 118.5
0 1 108.00069521659331 -11.78731564734737 108.5
1 0 77.85001537027924 24.539689434803076 -117.5
1 1 79.11716168373265 23.012829666597028 -108.0
5176
-------------------New----------------
0 0 -2.4181753623000692 61.26232969323951 118.5
0 1 -1.4923430644656723 60.509067788319136 108.5
1 0 19.54907976638878 43.43338769932866 -117.5
1 1 18.663018817566737 44.151765984778145 -108.0
5187
-------------------New----------------
0 0 79.66254739809506 -65.97462956142985 118.5
0 1 77.15155005444194 -61.974893886590124 108.5
1 0 20.398143746643907 28.438356884772936 -117.5
1 1 22.784430813039776 24.63743488093642 -108.0
5195
-------------------New----------------
0 0 33.303947372686004 -67.2021625416576 118.5
0 1 30.569768498141258 -64.88170958680732 108.5
1 0 -31.272305742086537 -12.53367146338961 -117.5
1 1 -28.664753405741017 -14.737970465479327 -108.0
5203
-------------------New----------------
0 0 -64.514912875889 -12.720333454485793 118.5
0 1 -62.24952058171317 -12.535946761285086 108.5
1 0 -10.982132253274553 -8.287502102302565 -117.5
1 1 -13.140895422667413 -8.468193011322033 -108.0
5211
-------------------New----------------
0 0 -71.22189858741513 -39.71910769324806 118.5
0 1 -70.00472302150654 -39.48171861290651 108.5
1 0 -42.83468414374249 -34.09558654897707 -117.5
1 1 -43.97087977334759 -34.31924458765173 -108.0
5217
-------------------New----------------
0 0 -62.08917481212491 35.086197910531276 118.5
0 1 -61.44979509793177 35.25808814282509 108.5
1 0 -47.02218350955901 39.113968376901944 -117.5
1 1 -47.626642626076624 38.95011636829403 -107.99999999999997
5218
-------------------New----------------
0 0 -39.28128721550359 -40.879767681036405 118.5
0 1 -33.5247221971073 -41.70891329976051 108.5
1 0 95.5688595617493 -59.50772206001362 -117.5
1 1 90.21118333673283 -58.810173738407926 -108.0
5219
-------------------New----------------
0 0 -30.286597376193974 -72.961814995563 118.5
0 1 -27.962552921093828 -69.02860469223731 108.5
1 0 24.56581984252456 19.858336027994817 -117.5
1 1 22.357645305768397 16.121773973916532 -108.0
5225
-------------------New----------------
0 0 39.230671040695505 -19.408266655583397 118.5
0 1 36.90975328182778 -20.912594587800335 108.5
1 0 -15.39742317690742 -54.981545040836025 -117.5
1 1 -13.196589608121815 -53.5431575034866 -108.0
5227
-------------------New----------------
0 0 -100.26319899926371 22.225519453349005 118.5
0 1 -100.74690005352518 19.54935919593316 108.5
1 0 -111.59257113062392 -40.66362995888411 -117.5
1 1 -111.14372796956577 -38.140668507253274 -108.0
5232
-------------------New----------------
0 0 -65.3587959139072 59.37900599454241 118.5
0 1 -61.698473222049756 57.65410292063259 108.5
1 0 20.89928864550577 18.709879548957492 -117.5
1 1 17.429621878185515 20.345287250982597 -108.0
5235
-------------------New----------------
0 0 -65.29853384672114 42.738752407510496 118.5
0 1 -64.98190419833801 41.00430414564357 108.5
1 0 -57.80476319615518 1.8296563449685237 -117.5
1 1 -58.105567632868414 3.476491286882246 -108.0
5236
-------------------New----------------
0 0 -90.7894735879327 37.08269215886928 118.5
0 1 -88.1476093402999 39.53351725735074 108.5
1 0 -28.41634493793863 94.98486937774382 -117.5
1 1 -30.928752976594375 92.65425462960503 -108.0
5238
-------------------New----------------
0 0 65.62666779186144 -45.83580990092923 118.5
0 1 62.20890752714784 -44.09882845160768 108.5
1 0 -15.210199893791355 -4.772602447879452 -117.5
1 1 -11.952984206277632 -6.427884816844719 -108.0
5242
-------------------New----------------
0 0 -102.48577874254352 57.75129753048367 118.5
0 1 -100.7839658913899 60.680357040910756 108.5
1 0 -62.15843258745618 127.7393615294643 -117.5
1 1 -63.80418761806199 124.90944705048271 -108.0
5250
-------------------New----------------
0 0 107.59406870094278 -66.10559347069479 118.5
0 1 107.01645642935611 -67.26729097856007 108.5
1 0 93.9360779664676 -93.48174000914057 -117.5
1 1 94.48396747658387 -92.38092250635826 -108.0
5261
-------------------New----------------
0 0 -57.78225712656429 -28.679027437171307 118.5
0 1 -59.00509055895513 -29.591632137676147 108.5
1 0 -86.63968032996011 -50.183771824146376 -117.5
1 1 -85.47802978057972 -49.317338974606564 -108.0
5263
-------------------New----------------
0 0 -109.70727422672141 65.51975122975912 118.5
0 1 -109.09434490590638 63.611854041820024 108.5
1 0 -95.2452124078003 20.487989780168235 -117.5
1 1 -95.82727026971864 22.301056692888647 -108.0
5280
-------------------New----------------
0 0 -26.924122218605554 65.84466096883135 118.5
0 1 -23.315041868706977 62.72797054365575 108.5
1 0 58.25228828771263 -7.712554443049922 -117.5
1 1 54.823446123790916 -4.751244524916549 -108.0
5286
-------------------New----------------
0 0 11.336513236418877 -83.63916491898594 118.5
0 1 9.883229919924286 -83.56879108794953 108.5
1 0 -22.74830024394827 -81.80259581655959 -117.5
1 1 -21.38262061846309 -81.88358415729297 -108.0
5290
-------------------New----------------
0 0 4.934711107676327 13.66888048531779 118.5
0 1 6.767649851198581 10.7999837022216 108.5
1 0 48.280098493592824 -53.937788749171695 -117.5
1 1 46.52698154462233 -51.21831782138224 -108.0
5291
-------------------New----------------
0 0 74.30460488785928 5.822385924828766 118.5
0 1 74.63635583933768 4.745270475368029 108.5
1 0 82.15633561949431 -19.679372225665837 -117.5
1 1 81.83981240550528 -18.650646681130418 -108.0
5293
-------------------New----------------
0 0 35.12480484917917 -80.88823715214154 118.5
0 1 28.95295867032778 -79.43212421154551 108.5
1 0 -110.36546049075223 -46.521423246167245 -117.5
1 1 -104.50297517038868 -47.90245441350565 -108.0
5295
-------------------New----------------
0 0 -2.0053421725269005 -79.33568386481237 118.5
0 1 -6.3704972235350485 -79.44986697491177 108.5
1 0 -105.00360583413303 -82.04584601883222 -117.5
1 1 -100.85781410969585 -81.93613531456984 -108.0
5313
-------------------New----------------
0 0 84.39689514662737 105.06735635265537 118.5
0 1 85.85720081886704 105.62285696312588 108.5
1 0 119.02085262361557 118.0853472558138 -117.5
1 1 117.62964222138164 117.56509020356728 -108.0
5320
-------------------New----------------
0 0 -4.843679534313873 48.8356289390703 118.5
0 1 -7.56915346490332 52.00308702843073 108.5
1 0 -69.17758631788129 123.55746550451212 -117.5
1 1 -66.5870728226052 120.55051109420194 -108.0
5324
-------------------New----------------
0 0 -46.941602220901245 55.62674702087266 118.5
0 1 -49.87768094556967 51.02591477469197 108.5
1 0 -116.21992757393532 -52.97227409526158 -117.5
1 1 -113.43179303664974 -48.60015103721915 -108.0
5325
-------------------New----------------
0 0 -66.06948670083197 -28.261573142568437 118.5
0 1 -67.85336936831416 -22.860659936486133 108.5
1 0 -108.18189194111574 99.22162992709062 -117.5
1 1 -106.48573271231189 94.08927197668056 -108.0
5343
-------------------New----------------
0 0 -7.761758402609786 44.880853538807585 118.5
0 1 -10.623384414289038 43.87654567486153 108.5
1 0 -75.12402341873151 21.058967951027633 -117.5
1 1 -72.42770212058906 22.011065546693253 -108.0
5349
-------------------New----------------
0 0 -45.52359119637714 -42.30187930893334 118.5
0 1 -44.42326390073395 -37.59015059078628 108.5
1 0 -19.58956732351908 68.90069911632465 -117.5
1 1 -20.631711876244406 64.42436974154086 -108.0
5352
-------------------New----------------
0 0 17.217129067520734 70.17310708205446 118.5
0 1 19.866177929400976 69.77316227339554 108.5
1 0 79.75911116649917 60.701724371294084 -117.5
1 1 77.2417258878422 61.08363067521212 -108.0
5354
-------------------New----------------
0 0 -40.130476924186254 -77.27770073069328 118.5
0 1 -36.449149245933015 -76.44627657309071 108.5
1 0 46.77239482199806 -57.675276242614714 -117.5
1 1 43.274135759158064 -58.46349402194429 -108.0
5355
-------------------New----------------
0 0 -95.62209286227966 58.67307583419296 118.5
0 1 -94.19377711318882 54.12325643175528 108.5
1 0 -62.07281412624112 -48.77435132679728 -117.5
1 1 -63.422518293407634 -44.44489327050755 -108.0
5369
-------------------New----------------
0 0 86.77979690578567 -119.63940803153594 118.5
0 1 86.01550287596659 -119.11459295464017 108.5
1 0 68.70601684072031 -107.27188539859671 -117.5
1 1 69.43447414843632 -107.77056559073908 -108.0
5370
-------------------New----------------
0 0 -100.71337749226139 25.71693636116968 118.5
0 1 -100.31108112706701 21.06746930267878 108.5
1 0 -91.22086267710947 -84.006555266741 -117.5
1 1 -91.60283271333398 -79.5899433501443 -108.0
5374
-------------------New----------------
0 0 6.498708913807988 -85.692204550041 118.5
0 1 4.415744296306636 -84.81122917756733 108.5
1 0 -42.672608406563015 -64.94662371026095 -117.5
1 1 -40.692161689358684 -65.78156022438954 -108.0
5395
-------------------New----------------
0 0 -8.025919236297135 28.52325025397588 118.5
0 1 -9.967355295324868 31.423228920652928 108.5
1 0 -53.82104897078716 96.9684982114438 -117.5
1 1 -51.977391504789594 94.21374871246378 -108.0
5406
-------------------New----------------
0 0 -12.365863835769186 7.054513277684602 118.5
0 1 -11.294836724622943 3.3228366831167007 108.5
1 0 12.87114935208869 -81.16089134472665 -117.5
1 1 11.859753115660066 -77.60508661065623 -108.0
5409
-------------------New----------------
0 0 80.81924264012495 31.941179223951423 118.5
0 1 80.18523303371587 27.77892576042484 108.5
1 0 65.90700302441971 -66.25191452199712 -117.5
1 1 66.50736221600776 -62.298726347731304 -108.0
5415
-------------------New----------------
0 0 -69.94424762697692 28.482880812054834 118.5
0 1 -70.42447076214192 25.086955695291216 108.5
1 0 -81.26654259558859 -51.70161743943419 -117.5
1 1 -80.8099847983753 -48.469198204315894 -108.0
5416
-------------------New----------------
0 0 -5.965449294386945 -88.65019567056231 118.5
0 1 -10.65421961755072 -89.79274923204494 108.5
1 0 -116.56886470336376 -115.56604507004775 -117.5
1 1 -112.11734142046411 -114.48339741889527 -108.0
5417
-------------------New----------------
0 0 -54.75012507029493 57.559866195151095 118.5
0 1 -53.67879843323085 56.84283534869314 108.5
1 0 -29.47993883119549 40.52543364761264 -117.5
1 1 -30.49934741886681 41.213309682916524 -108.0
5420
-------------------New----------------
0 0 -72.98999294901142 43.98860078861658 118.5
0 1 -72.11114020258871 43.920894251401606 108.5
1 0 -52.103987942377216 42.66797485855706 -117.5
1 1 -52.94430266089713 42.72062578253334 -108.0
5422
-------------------New----------------
0 0 -85.83015845705684 66.2360556925906 118.5
0 1 -87.22044844014475 68.02463679413799 108.5
1 0 -118.62383190355885 108.42307475361125 -117.5
1 1 -117.3075102441384 106.7258076866369 -108.0
5423
-------------------New----------------
0 0 70.47848076989621 35.25804175897369 118.5
0 1 68.36751082825779 35.17031819109812 108.5
1 0 20.652671300090965 33.181663533181506 -117.5
1 1 22.658682337622164 33.26559357051697 -108.0
5427
-------------------New----------------
0 0 -2.14027928944124 -74.38881243445643 118.5
0 1 -0.8667012085469523 -74.72758040500185 108.5
1 0 27.983988111598695 -82.46771285680867 -117.5
1 1 26.767487930575413 -82.13943305823297 -108.0
5435
-------------------New----------------
0 0 -72.06653741633092 -116.92693583416886 118.5
0 1 -68.01152371230667 -117.30478747140974 108.5
1 0 23.600794260723454 -125.93007973469764 -117.5
1 1 19.763581818645026 -125.55619262571233 -108.0
5437
-------------------New----------------
0 0 26.13237135605463 -68.30546896724148 118.5
0 1 25.988802483514974 -66.92818694261081 108.5
1 0 22.887922251443207 -34.6164350949299 -117.5
1 1 23.04581266887667 -36.000819252001385 -108.0
5438
-------------------New----------------
0 0 37.38911199944348 -14.611667904464682 118.5
0 1 33.16575240150779 -17.08409413070858 108.5
1 0 -62.235282315209496 -73.00235587198011 -117.5
1 1 -58.22602865778439 -70.65362059483833 -108.0
5440
-------------------New----------------
0 0 10.573465846572917 13.346243663392446 118.5
0 1 15.081605482283774 13.75401198268849 108.5
1 0 116.19178594449859 22.63034110480452 -117.5
1 1 111.98391475510411 22.269750346046592 -108.0
5450
-------------------New----------------
0 0 2.666705486212755 34.45689168013729 118.5
0 1 3.726357531661202 34.71734172165353 108.5
1 0 27.66141619015938 40.627767522138285 -117.5
1 1 26.655755883007316 40.378975332256786 -108.0
5454
-------------------New----------------
0 0 30.05474182475937 56.142607617648444 118.5
0 1 33.40071009528002 56.93744356875633 108.5
1 0 108.91954661058051 74.83246746131493 -117.5
1 1 105.75650214280795 74.08229327723254 -108.0
5460
-------------------New----------------
0 0 -65.82053932850233 -33.33400435939284 118.5
0 1 -66.99635106972116 -32.368601307779194 108.5
1 0 -93.42425717559794 -10.55237088254684 -117.5
1 1 -92.31747664361475 -11.469289332976324 -108.0
5461
-------------------New----------------
0 0 20.52587749178904 4.03187902616893 118.5
0 1 21.397795484589885 8.19287635372363 108.5
1 0 44.511251632981754 104.67552100780688 -117.5
1 1 43.49690991583934 100.62663071736587 -108.0
5470
-------------------New----------------
0 0 -81.82929315125682 -59.51250748889264 118.5
0 1 -79.87641969611828 -61.11468016278061 108.5
1 0 -35.74026049574611 -97.2026288386375 -117.5
1 1 -37.59486309220465 -95.69111855404118 -108.0
5475
-------------------New----------------
0 0 -21.12941329198385 82.16104273999116 118.5
0 1 -21.201211841897752 80.55904747783526 108.5
1 0 -22.794692772802694 44.34091055937928 -117.5
1 1 -22.72828119028812 45.86405271389646 -108.0
5493
-------------------New----------------
0 0 14.660468898624833 -10.56599830509275 118.5
0 1 17.571337136855753 -9.46272334822313 108.5
1 0 83.32380954649757 15.476545216067956 -117.5
1 1 80.56184164623055 14.426908375795861 -108.0
5497
-------------------New----------------
0 0 -59.22442167502477 95.42413213071907 118.5
0 1 -58.03426343035032 93.82969888659495 108.5
1 0 -31.213777707993227 58.06102197050261 -117.5
1 1 -32.33784162033218 59.55022359997766 -108.0
5498
-------------------New----------------
0 0 60.39816368956758 53.984476828927846 118.5
0 1 61.35737808894669 51.357687183244956 108.5
1 0 81.80713880564494 -7.308944079435603 -117.5
1 1 81.0090731098091 -4.822526108564416 -108.0
5501
-------------------New----------------
0 0 17.80734730320384 79.34966089393961 118.5
0 1 17.347451223161773 78.93305261973745 108.5
1 0 7.0730469852173545 69.46021853892358 -117.5
1 1 7.506609863188855 69.86824100039497 -108.0
5504
-------------------New----------------
0 0 -33.482434374014424 -22.15452790064461 118.5
0 1 -34.84705939861028 -18.222878202812883 108.5
1 0 -65.67019571254306 70.66440918625474 -117.5
1 1 -64.37559099308143 66.92745429084867 -108.0
5507
-------------------New----------------
0 0 71.45773117829917 78.5947518203345 118.5
0 1 71.56496887638599 78.20141238849426 108.5
1 0 74.00807989966896 69.29533894615255 -117.5
1 1 73.90522497525066 69.66480772279144 -108.0
5512
-------------------New----------------
0 0 68.08292542952388 27.88558221505638 118.5
0 1 68.45440500754543 31.062275164068097 108.5
1 0 76.95328743783175 102.91953064165064 -117.5
1 1 76.59742995292152 99.90002241371917 -108.0
5513
-------------------New----------------
0 0 -14.330537741939898 -6.871135615732484 118.5
0 1 -17.483443467427417 -2.4804635212337893 108.5
1 0 -88.73537558735936 96.75163315640133 -117.5
1 1 -85.74103726011624 92.58008693998781 -108.0
5515
-------------------New----------------
0 0 28.02174983922019 85.78119131920171 118.5
0 1 22.146542940975944 87.04407324900896 108.5
1 0 -110.55731085165135 115.73133730317583 -117.5
1 1 -104.98418942531548 114.52868473108126 -108.0
5521
-------------------New----------------
0 0 -39.685856827576174 -51.65111958828261 118.5
0 1 -37.762364568679786 -53.25320237029946 108.5
1 0 5.965335110730638 -89.32861434122367 -117.5
1 1 4.127564158942121 -87.825224220047 -108.0
5528
-------------------New----------------
0 0 40.01559379567066 -103.64863414360964 118.5
0 1 36.18144045919492 -104.17703056316415 108.5
1 0 -50.50681804300949 -116.1051018965474 -117.5
1 1 -46.86129624347197 -115.60364528976754 -108.0
5531
-------------------New----------------
0 0 90.73448179953348 18.608373732283855 118.5
0 1 91.2652836645831 13.528632301131717 108.5
1 0 103.26447767082102 -101.27433463346827 -117.5
1 1 102.7600918058487 -96.44847220429524 -108.0
5545
-------------------New----------------
0 0 12.891099085325468 -44.45069372111572 118.5
0 1 11.701846313975263 -42.114947701245846 108.5
1 0 -14.926014064914616 10.061675988476845 -117.5
1 1 -13.781300444635054 7.898234080348092 -108.0
5557
-------------------New----------------
0 0 59.386234729162105 -53.04866895639807 118.5
0 1 57.81747368646037 -54.145365460043685 108.5
1 0 22.377610278096842 -78.97157826096618 -117.5
1 1 23.866410995805264 -77.9265854972931 -108.0
5564
-------------------New----------------
0 0 62.45275534419894 -29.115093267593295 118.5
0 1 63.638953170003504 -31.96124173395346 108.5
1 0 90.438261806832 -96.2744031556582 -117.5
1 1 89.31189975100843 -93.57130584189163 -108.0
5569
-------------------New----------------
0 0 90.93456972598507 77.42612926654256 118.5
0 1 91.30444577685581 74.1183892878384 108.5
1 0 99.62398383084155 -0.7190417856572143 -117.5
1 1 99.27702833298612 2.4283073948448326 -108.0
5571
-------------------New----------------
0 0 -37.87012121035009 -48.99237932152579 118.5
0 1 -32.959620819803796 -43.44044365762214 108.5
1 0 77.96330127307586 81.76397844957553 -117.5
1 1 73.31227550560756 76.50180799750125 -108.0
5593
-------------------New----------------
0 0 -9.26888088900823 -26.13448654932356 118.5
0 1 -4.892155129385729 -29.02821389291263 108.5
1 0 93.97934725296456 -94.43102412800272 -117.5
1 1 89.82211456642543 -91.6814282458179 -108.0
5604
-------------------New----------------
0 0 24.667355465957023 -30.16293074869328 118.5
0 1 24.05866251463531 -31.991805364487753 108.5
1 0 10.366532201772035 -73.35396413308146 -117.5
1 1 10.941090848271903 -71.61194975601244 -108.0
5610
-------------------New----------------
0 0 -41.95647561043818 -3.3124888439601725 118.5
0 1 -43.70088558031514 -7.2314208777066025 108.5
1 0 -83.3027062308764 -95.78910629320768 -117.5
1 1 -81.64405880330567 -92.05473806392676 -108.0
5618
-------------------New----------------
0 0 108.21355762764065 2.499090455153183 118.5
0 1 107.75899935979984 1.395141328127852 108.5
1 0 99.79652755080203 -22.93483315776941 -117.5
1 1 100.08176516453429 -21.99273842328448 -108.0
5621
-------------------New----------------
0 0 -91.70265270721255 20.1071373241343 118.5
0 1 -90.45048756190035 14.103303051631244 108.5
1 0 -62.199557367431154 -121.52535249411066 -117.5
1 1 -63.386515278948195 -115.82816939455597 -108.0
5624
-------------------New----------------
0 0 99.21535134823726 -111.32620363605892 118.5
0 1 98.43404028888885 -111.59455383925676 108.5
1 0 80.83786309561631 -117.56666006614105 -117.5
1 1 81.57216022041288 -117.315839997381 -108.0
5625
-------------------New----------------
0 0 114.1088852166212 -18.099064601562294 118.5
0 1 114.38052861126668 -21.461989130526533 108.5
1 0 120.5307769359471 -97.47404464100313 -117.5
1 1 120.27257585827851 -94.2785926814582 -108.0
5628
-------------------New----------------
0 0 37.53367926611576 -1.4520169049613973 118.5
0 1 38.48845274195287 -3.74654113879076 108.5
1 0 60.021947753499504 -55.61677529551355 -117.5
1 1 59.11712399071796 -53.434339291678484 -108.0
5631
-------------------New----------------
0 0 -2.9759391534089823 -91.3966199548419 118.5
0 1 0.3896127869851796 -89.54419910777358 108.5
1 0 76.51018655225582 -47.66429460559694 -117.5
1 1 73.30895116493642 -49.42425301613085 -108.0
5650
-------------------New----------------
0 0 69.93691181240635 -33.08671284072498 118.5
0 1 70.17594974774087 -36.723039736034465 108.5
1 0 75.81739923732945 -119.10253774425954 -117.5
1 1 75.59002146617486 -115.64542706174352 -108.0
5668
-------------------New----------------
0 0 -104.57768893061863 50.74584618506221 118.5
0 1 -102.99438644791401 48.83412018113731 108.5
1 0 -67.19421012275482 5.612326235096752 -117.5
1 1 -68.7008308046723 7.430058889844991 -108.0
5675
-------------------New----------------
0 0 -13.321926305568127 66.42499364728913 118.5
0 1 -15.285930172321082 68.48610578805366 108.5
1 0 -59.714901264698405 115.08031529480036 -117.5
1 1 -57.846761417349605 113.12377038449583 -108.0
5688
-------------------New----------------
0 0 20.87911574786684 -77.93479980446834 118.5
0 1 20.270263473378797 -79.65575896380106 108.5
1 0 6.770309253886397 -118.74986862908386 -117.5
1 1 7.322511513308839 -117.09831952139864 -108.0
5690
-------------------New----------------
0 0 17.875097030563843 10.988892567592568 118.5
0 1 13.750455202222701 12.076219009134508 108.5
1 0 -79.47048559529776 36.654681634145575 -117.5
1 1 -75.55187784389939 35.62136736331642 -108.0
5695
-------------------New----------------
0 0 -28.987392468555395 -72.50581745890905 118.5
0 1 -26.087604042785017 -71.92081283938482 108.5
1 0 39.466203497210074 -58.69854712099218 -117.5
1 1 36.708016313086475 -59.2535798406945 -108.0
5696
-------------------New----------------
0 0 17.81961900224668 -44.483533440210365 118.5
0 1 17.131806473831045 -45.232243717079385 108.5
1 0 1.251618314604999 -61.879750172195045 -117.5
1 1 1.9304904294252079 -61.187168187929146 -108.0
5702
-------------------New----------------
0 0 5.660745502120999 17.24889527357764 118.5
0 1 5.85627831331244 18.947523627041228 108.5
1 0 10.25608077025334 57.33484814628272 -117.5
1 1 10.070540068923659 55.72046876539857 -108.0
5705
-------------------New----------------
0 0 38.12646739442577 76.2122752314158 118.5
0 1 38.07588405882076 73.47491124221668 108.5
1 0 36.68157613253196 11.309083454804437 -117.5
1 1 36.74255963099254 13.92362401703512 -108.0
5708
-------------------New----------------
0 0 94.53726983852627 -107.7031724516218 118.5
0 1 92.3800090419054 -106.38773140601384 108.5
1 0 43.38256663733983 -76.734776516536 -117.5
1 1 45.44465262986536 -77.98136950670455 -108.0
5717
-------------------New----------------
0 0 29.031411838246004 -32.27534827293228 118.5
0 1 30.960872367717137 -32.44591651301226 108.5
1 0 73.83686204443077 -36.69381732039626 -117.5
1 1 72.04961472367592 -36.5233728913293 -108.0
5720
-------------------New----------------
0 0 76.60814198528143 -35.88649079313639 118.5
0 1 73.98094174923597 -36.80010847355946 108.5
1 0 14.612002467073761 -57.45321860922819 -117.5
1 1 17.10754395632434 -56.58542018616008 -108.0
5722
-------------------New----------------
0 0 46.239344152361056 -35.05272749941774 118.5
0 1 43.36030862398226 -34.81843216175509 108.5
1 0 -21.595110103918906 -29.521447973250837 -117.5
1 1 -18.868631457664705 -29.747067383707815 -108.0
5730
-------------------New----------------
0 0 1.7745693229817388 -46.14914197921161 118.5
0 1 -0.6327826982987144 -48.311731143818726 108.5
1 0 -55.30014879040989 -97.50418300996952 -117.5
1 1 -53.00489599091998 -95.42174766745885 -108.0
5738
-------------------New----------------
0 0 98.09131876657695 -103.30233302143861 118.5
0 1 99.11716373911923 -103.79571822079711 108.5
1 0 122.30312589674445 -114.94999755871268 -117.5
1 1 121.328544926648 -114.48103839846559 -108.0
5740
-------------------New----------------
0 0 98.02635110908007 45.814163264610656 118.5
0 1 96.47468407919716 40.520930250527 108.5
1 0 61.336664209829465 -78.89739557705437 -117.5
1 1 62.817155181602665 -73.88833138568155 -108.0
5741
-------------------New----------------
0 0 -31.53947068125847 -38.70266856029626 118.5
0 1 -27.2284527138631 -38.514683884080114 108.5
1 0 70.24301747917718 -34.29336218099706 -117.5
1 1 66.1453519631099 -34.47317643181166 -108.0
5752
-------------------New----------------
0 0 -9.562666402376355 -45.39562331728964 118.5
0 1 -6.7314434158429135 -40.09222551111192 108.5
1 0 57.214152804514505 79.68172454982455 -117.5
1 1 54.526654949692386 74.64975622302865 -108.0
5762
-------------------New----------------
0 0 32.198206329594726 -85.85237225107187 118.5
0 1 32.21218249144265 -83.86565674854529 108.5
1 0 32.536248551218236 -38.93576616488568 -117.5
1 1 32.52080555063686 -40.82589000317209 -108.0
5767
-------------------New----------------
0 0 -71.93432190338096 11.356308679196175 118.5
0 1 -72.32841408011936 7.763047279926539 108.5
1 0 -81.23354994166621 -73.44059691795617 -117.5
1 1 -80.85912313480227 -70.02747082336967 -108.0
5768
-------------------New----------------
0 0 39.409941759352655 -106.13341713234634 118.5
0 1 37.089609068026405 -105.19287991909337 108.5
1 0 -15.381672064243592 -84.06111486684014 -117.5
1 1 -13.173952109204285 -84.94540124856375 -108.0
5769
-------------------New----------------
0 0 -3.06696173503722 -65.57439069431705 118.5
0 1 -3.173006835420843 -66.85621311291439 108.5
1 0 -5.6141776059892745 -95.79657099349092 -117.5
1 1 -5.51205675860634 -94.5775822428102 -108.0
5776
-------------------New----------------
0 0 24.441457815897884 -110.72042763399739 118.5
0 1 28.707180517891317 -110.64313797795572 108.5
1 0 125.077788704088 -108.92125055105882 -117.5
1 1 121.02875675803087 -108.9894948352985 -108.0
5778
-------------------New----------------
0 0 109.51474663715183 13.365634892508286 118.5
0 1 108.88860552508166 8.562026819385318 108.5
1 0 94.80630472973112 -99.98399067250226 -117.5
1 1 95.398882841403 -95.41970850243118 -108.0
5780
-------------------New----------------
0 0 6.284675047988041 -58.79505718177595 118.5
0 1 3.3419723485845814 -58.13527498140529 108.5
1 0 -63.356415723651125 -42.869927728210925 -117.5
1 1 -60.546304973123924 -43.507568689354976 -108.0
5785
-------------------New----------------
0 0 -93.71482233660329 -41.18842129871307 118.5
0 1 -94.33403190944783 -41.308145774905384 108.5
1 0 -108.32118810220047 -44.02450240892441 -117.5
1 1 -107.73310313228099 -43.90978361291546 -108.0
5792
-------------------New----------------
0 0 -49.2302937110535 99.97520133028351 118.5
0 1 -50.87263738008555 99.04404077349439 108.5
1 0 -88.00622053324506 78.05780322976 -117.5
1 1 -86.44450698811147 78.94034300760453 -108.0
5799
-------------------New----------------
0 0 -18.502741652516512 -13.577824178329696 118.5
0 1 -18.565042370133167 -10.341205992650973 108.5
1 0 -19.932503427274007 62.66425318873994 -117.5
1 1 -19.876541314917255 59.59984484643867 -108.0
5800
-------------------New----------------
0 0 31.442977905314393 -42.58871668726432 118.5
0 1 27.22201835834303 -41.92807948147629 108.5
1 0 -68.1843999129421 -27.00585904752064 -117.5
1 1 -64.17357941887846 -27.633311588276648 -108.0
5814
-------------------New----------------
0 0 -103.90604668617507 -68.99423520779983 118.5
0 1 -102.79982119377162 -69.84218276802265 108.5
1 0 -77.8206153988507 -89.00725264420812 -117.5
1 1 -78.87123033367786 -88.20213984846389 -108.0
5818
-------------------New----------------
0 0 31.342112946275687 -59.48909482505038 118.5
0 1 27.995391246789147 -60.626219711691064 108.5
1 0 -47.50057769903691 -86.53497873147153 -117.5
1 1 -44.32922917474791 -85.44622835936889 -108.0
5823
-------------------New----------------
0 0 -2.8409055230691345 15.812343179415407 118.5
0 1 1.0240698021045476 15.539104651119795 108.5
1 0 88.39292082164985 9.187868169510448 -117.5
1 1 84.72089800385469 9.467387316887542 -108.0
5824
-------------------New----------------
0 0 -18.630993779010605 -87.64822901165145 118.5
0 1 -19.699804818804797 -87.99700101256352 108.5
1 0 -44.64378680660027 -95.95044764508961 -117.5
1 1 -43.56953750019984 -95.63560681698124 -108.0
5830
-------------------New----------------
0 0 -18.77990901709644 -75.46640112689924 118.5
0 1 -21.9876071590189 -75.29319877364244 108.5
1 0 -94.55075572477773 -71.53781934329837 -117.5
1 1 -91.50696010380729 -71.70251983870885 -108.0
5846
-------------------New----------------
0 0 -76.33989041127985 -67.49783410482969 118.5
0 1 -78.08199332455966 -64.01038175999855 108.5
1 0 -117.49403370820205 14.754873166285307 -117.5
1 1 -115.83359910965746 11.444551895790651 -108.0
5857
-------------------New----------------
0 0 62.33978217252725 32.07963975021133 118.5
0 1 60.02626761611091 33.95092651722937 108.5
1 0 7.7295655132245145 76.2159431909934 -117.5
1 1 9.92784626079787 74.44063678942716 -108.0
5859
-------------------New----------------
0 0 52.480093890096256 1.4322233199220846 118.5
0 1 49.145141920463644 3.546645295091106 108.5
1 0 -26.281807820616006 51.375751785057176 -117.5
1 1 -23.107778933575233 49.36547225283583 -108.0
5866
-------------------New----------------
0 0 25.334066967720414 47.1177833769816 118.5
0 1 18.89034235619219 49.19341961215132 108.5
1 0 -126.99881081814071 96.04877553196022 -117.5
1 1 -120.84978600366549 94.075408590351 -108.0
5868
-------------------New----------------
0 0 -48.57315412615401 -3.2349735470044494 118.5
0 1 -50.91854143277672 -7.383176527313976 108.5
1 0 -103.77538626787778 -101.14253416664175 -117.5
1 1 -101.5555573429491 -97.19886049068046 -108.0
5876
-------------------New----------------
0 0 -17.67256093020832 41.87356850308548 118.5
0 1 -16.487042804550992 43.83138731047829 108.5
1 0 10.264332333689236 88.07396446191336 -117.5
1 1 9.142538967153216 86.21465781388167 -108.0
5879
-------------------New----------------
0 0 100.66357548550842 60.7759990098937 118.5
0 1 100.3232179782108 59.18910597562458 108.5
1 0 92.64321837035675 23.325962647874587 -117.5
1 1 92.9659164022094 24.83401481939014 -108.0
5880
-------------------New----------------
0 0 43.17102208590501 -29.933426809566317 118.5
0 1 45.24265549850787 -26.42741351367182 108.5
1 0 92.09132618209449 52.78469434191493 -117.5
1 1 90.12499611533354 49.45614569107981 -108.0
5882
-------------------New----------------
0 0 85.51112017203404 -113.20674173456003 118.5
0 1 84.83313707668813 -112.35967236133779 108.5
1 0 69.11557552962607 -93.17262125930931 -117.5
1 1 69.77795012061594 -93.97459377727843 -108.0
5885
-------------------New----------------
0 0 -80.25909117063085 39.052780272612814 118.5
0 1 -80.98879490062765 35.41939711403625 108.5
1 0 -97.41996839565724 -46.766808466126854 -117.5
1 1 -96.73180718993697 -43.31262922951437 -108.0
5892
-------------------New----------------
0 0 -103.90173996922772 56.009452924458216 118.5
0 1 -102.20601257887986 57.00695802809332 108.5
1 0 -63.90481370609264 79.69411812492133 -117.5
1 1 -65.51421967285849 78.73640461739959 -108.0
5900
-------------------New----------------
0 0 62.6563517685403 10.63138073325798 118.5
0 1 65.19439969310885 9.428544247326885 108.5
1 0 122.64655503114655 -17.72076145805449 -117.5
1 1 120.21887599867588 -16.578755683994583 -108.0
5902
-------------------New----------------
0 0 125.25512842829218 -59.684185566984866 118.5
0 1 125.35861710954369 -58.30965265511372 108.5
1 0 127.8830811578865 -27.210845611469505 -117.5
1 1 127.77324895563126 -28.514195302237994 -108.0
5908
-------------------New----------------
0 0 -10.797347142031382 -47.11823012287586 118.5
0 1 -9.938697978008118 -48.81082819500841 108.5
1 0 9.474882085384506 -87.03154375733995 -117.5
1 1 8.659089136471723 -85.4251540795606 -108.0
5914
-------------------New----------------
0 0 -62.78927675489448 -109.78659849133453 118.5
0 1 -58.69763798862741 -109.42279421951756 108.5
1 0 33.66146491765619 -101.1653112991862 -117.5
1 1 29.784666003999337 -101.51566624083199 -108.0
5917
-------------------New----------------
0 0 38.43969213999702 110.83659850958175 118.5
0 1 33.13617521587115 111.5165970892804 108.5
1 0 -86.6992682224325 126.87174869508826 -117.5
1 1 -81.66241810665096 126.22693605126904 -108.0
5922
-------------------New----------------
0 0 -44.84877763415106 4.687599664574917 118.5
0 1 -41.39234894088156 7.899259486016154 108.5
1 0 36.68376964032128 80.44762363316134 -117.5
1 1 33.40577767922782 77.39946635959916 -108.0
5936
-------------------New----------------
0 0 73.73246394522903 15.880412509889506 118.5
0 1 71.1309914522816 15.30356198113669 108.5
1 0 11.978497133803373 2.012314349083688 -117.5
1 1 14.483341082833439 2.5785434348926595 -108.0
5944
-------------------New----------------
0 0 -35.16217436569643 73.51225464887156 118.5
0 1 -28.85457437961812 74.83056701954551 108.5
1 0 113.63374237662883 104.67641032292883 -117.5
1 1 107.64447672545789 103.41967525059538 -108.0
5948
-------------------New----------------
0 0 61.26134938252494 26.743563088872406 118.5
0 1 59.89790119246372 26.0035514684524 108.5
1 0 28.798922115218154 8.95138444094555 -117.5
1 1 30.099358447953342 9.682264242603143 -108.0
5949
-------------------New----------------
0 0 60.41316811902156 7.96017981175863 118.5
0 1 60.054380996985195 8.11641227503431 108.5
1 0 51.96371436906808 11.559541417197103 -117.5
1 1 52.302877254002 11.419171692054224 -108.0
5966
-------------------New----------------
0 0 17.53915073446676 16.960728129339824 118.5
0 1 15.715765980968564 18.484930255194236 108.5
1 0 -25.41062120860409 52.93198451424928 -117.5
1 1 -23.682451459236542 51.485687155419 -108.0
5981
-------------------New----------------
0 0 -52.22020011476278 52.76488673289758 118.5
0 1 -52.15774469587406 50.25950528455867 108.5
1 0 -50.66235340013808 -6.3783775937848235 -117.5
1 1 -50.73238529227911 -4.001290793818811 -108.0
5982
-------------------New----------------
0 0 -6.3934890042831585 -28.28129033326415 118.5
0 1 -10.477366154123441 -28.60050707646767 108.5
1 0 -102.802018301768 -35.79299554751518 -117.5
1 1 -98.92059792663056 -35.491881672450134 -108.0
5989
-------------------New----------------
0 0 13.618743554100437 14.336520600365413 118.5
0 1 18.078028963714853 15.675151859063215 108.5
1 0 118.85466415345635 46.1739259916574 -117.5
1 1 114.61678255583004 44.896441447238224 -108.0
5995
-------------------New----------------
0 0 -27.649309550852752 -35.63581284624476 118.5
0 1 -22.093086728610885 -36.98589153811624 108.5
1 0 103.58804439674873 -66.85186308624209 -117.5
1 1 98.22447678950175 -65.66585256070218 -108.0
6000
-------------------New----------------
0 0 -75.38115798481631 27.966373621344708 118.5
0 1 -75.63030414056406 31.03570702059822 108.5
1 0 -81.25829270730179 100.40928564372169 -117.5
1 1 -81.02245493438696 97.49353410760308 -108.0
6013
-------------------New----------------
0 0 18.15778306232074 11.404901029538085 118.5
0 1 21.212664446745908 12.170405467513943 108.5
1 0 90.19569276905449 29.443390814552867 -117.5
1 1 87.29649282286495 28.734365851390425 -108.0
6015
-------------------New----------------
0 0 18.6001626145601 10.260854651760061 118.5
0 1 18.144130167795772 6.504251218050402 108.5
1 0 7.78017929426476 -78.43964761618736 -117.5
1 1 8.221771268062037 -74.86521370362972 -108.0
6021
-------------------New----------------
0 0 -82.58276261801267 12.858279398579612 118.5
0 1 -80.80737257311172 9.412240026254981 108.5
1 0 -40.580493319453424 -68.4074281662662 -117.5
1 1 -42.27239394422706 -65.13604484250837 -108.0
6023
-------------------New----------------
0 0 57.506731188711036 83.52477427632272 118.5
0 1 54.83237241238396 84.28119738145418 108.5
1 0 -4.515951911494851 103.2362256931597 -117.5
1 1 -2.0866621190859194 102.41520728009309 -108.0
6025
-------------------New----------------
0 0 107.11001150027587 96.94835543460204 118.5
0 1 107.7360702798718 97.19440037944482 108.5
1 0 121.96844102549736 103.16887963405539 -117.5
1 1 121.36580985655795 102.89050982666268 -108.0
6027
-------------------New----------------
0 0 -1.5893551757601476 16.34697451264512 118.5
0 1 -2.2909798780711372 17.51277147597639 108.5
1 0 -18.07151974753076 43.7975173308726 -117.5
1 1 -17.407283641450988 42.696134401299545 -108.0
6041
-------------------New----------------
0 0 -26.703380178726672 61.21730139898667 118.5
0 1 -27.741560056114462 56.97506345388867 108.5
1 0 -51.10851220381035 -38.96209458064275 -117.5
1 1 -50.13219431418739 -34.92893876467378 -108.0
6044
-------------------New----------------
0 0 -26.7454446605231 18.03755403083059 118.5
0 1 -27.724604968825446 18.492664095163356 108.5
1 0 -49.82325382636686 28.775084253180506 -117.5
1 1 -48.89481667064203 28.342653674532507 -108.0
6049
-------------------New----------------
0 0 55.51229192452295 50.67802309410642 118.5
0 1 54.17611621223235 47.36202723331041 108.5
1 0 23.928142107655017 -27.52426406620923 -117.5
1 1 25.20118722581475 -24.378593646693147 -108.0
6069
-------------------New----------------
0 0 -100.94636905499782 -0.6723908653535905 118.5
0 1 -100.76296368541064 0.10694169787398629 108.5
1 0 -97.08018216618999 18.24718804640436 -117.5
1 1 -97.24204507614004 17.47095647278044 -108.0
6078
-------------------New----------------
0 0 -50.20428559456743 -12.66852731111294 118.5
0 1 -48.33762267794448 -11.237750868980797 108.5
1 0 -6.01841972665427 21.175932557391363 -117.5
1 1 -7.758438378580692 19.815517610929966 -108.0
6096
-------------------New----------------
0 0 -5.323048608852772 41.827129065850514 118.5
0 1 -5.34232536062226 45.19326229815178 108.5
1 0 -5.786967457701654 121.26330083117959 -117.5
1 1 -5.768544980267744 118.065913097256 -108.0
6097
-------------------New----------------
0 0 -76.29669863528146 9.59268366750011 118.5
0 1 -78.18701600316618 13.142235504538547 108.5
1 0 -120.84794064398473 93.51955558888238 -117.5
1 1 -119.06388387674295 90.13898316683985 -108.0
6103
-------------------New----------------
0 0 8.883080947834333 93.92629624444643 118.5
0 1 7.5397690724769575 93.63311503962112 108.5
1 0 -23.048780276910485 86.6538890325851 -117.5
1 1 -21.770432608826198 86.95836520834875 -108.0
6123
-------------------New----------------
0 0 -3.15590230943289 98.5336878279237 118.5
0 1 -6.743521845780132 99.12828703007634 108.5
1 0 -87.81937803607028 112.56543283861747 -117.5
1 1 -84.41106174688039 112.00083645823713 -108.0
6124
-------------------New----------------
0 0 44.40083448612216 -43.62311582109827 118.5
0 1 46.091920948970824 -39.500565793968455 108.5
1 0 84.39542887063276 53.51036424937989 -117.5
1 1 82.7815556834901 49.603073767688265 -108.0
6132
-------------------New----------------
0 0 99.02336585157596 -88.56432253678676 118.5
0 1 97.97703104969194 -86.01041239706318 108.5
1 0 74.33884997285169 -28.298916084926862 -117.5
1 1 75.3323473059252 -30.724681444548573 -108.0
6144
-------------------New----------------
0 0 -53.90212614032761 30.942094010693978 118.5
0 1 -56.059177654246035 31.46174077249836 108.5
1 0 -104.80847571898884 43.21380002371947 -117.5
1 1 -102.75907801871836 42.719382965280445 -108.0
6146
-------------------New----------------
0 0 66.16616865503572 -51.52055567266043 118.5
0 1 65.03777318976331 -52.06011165674803 108.5
1 0 39.49933552106787 -64.29040681789532 -117.5
1 1 40.57052622763627 -63.77185969844447 -108.0
6147
-------------------New----------------
0 0 -80.624723587369 46.15592495885413 118.5
0 1 -82.10875430157657 45.56570227300183 108.5
1 0 -115.87327893483113 31.118934854309327 -117.5
1 1 -114.43186259717065 31.77868300316853 -108.0
6149
-------------------New----------------
0 0 -79.87763845112276 -56.84364811905397 118.5
0 1 -78.49272519091367 -58.49322881897236 108.5
1 0 -47.15695168294927 -95.7805340154616 -117.5
1 1 -48.47425212280885 -94.21321179349474 -108.0
6150
-------------------New----------------
0 0 -35.62074939181251 -43.76070162779032 118.5
0 1 -30.74543314058452 -45.53501546335745 108.5
1 0 79.46390609957044 -85.66089235614179 -117.5
1 1 74.83081364407872 -83.97388771200644 -108.0
6152
-------------------New----------------
0 0 20.813422198047952 -9.835258550784422 118.5
0 1 21.672189661675446 -5.500740586527421 108.5
1 0 41.311661194368995 92.23100452273805 -117.5
1 1 40.47986376926498 88.12945905164273 -108.0
6157
-------------------New----------------
0 0 -0.07970313125179093 -26.514454411794645 118.5
0 1 -2.0992547456266935 -24.14713655995389 108.5
1 0 -47.76681284619833 29.384974767323694 -117.5
1 1 -45.84541380115928 27.13346665532534 -108.0
6158
-------------------New----------------
0 0 5.441282970919909 84.17750170902892 118.5
0 1 2.8403429122556747 85.29109575382455 108.5
1 0 -56.141782982881104 110.88588135788643 -117.5
1 1 -53.65908343127503 109.80454707228004 -108.0
6160
-------------------New----------------
0 0 -43.68353861288669 28.79321820496878 118.5
0 1 -44.32781857901609 29.43998158976488 108.5
1 0 -58.90653614415313 44.09706640196828 -117.5
1 1 -58.289905568167946 43.48133478644539 -108.0
6164
-------------------New----------------
0 0 -11.274366620842216 96.12781080504409 118.5
0 1 -12.158876614557068 94.81465646984013 108.5
1 0 -32.07417445818992 65.24635423081102 -117.5
1 1 -31.24295065069297 66.48477856563386 -108.0
6165
-------------------New----------------
0 0 -38.205474073171736 -8.414627151615317 118.5
0 1 -36.87456315547622 -8.596907119088346 108.5
1 0 -6.77598341774881 -12.709782235443754 -117.5
1 1 -8.04124470151092 -12.536389440280141 -108.0
6170
-------------------New----------------
0 0 -46.53088054068672 -64.65148734679117 118.5
0 1 -42.86992838233 -66.42079112180599 108.5
1 0 39.88019058200622 -106.40067412492651 -117.5
1 1 36.40200524874429 -104.72006152554911 -108.0
6173
-------------------New----------------
0 0 -3.0697635982144194 46.586875278835635 118.5
0 1 -3.4075083932965953 49.168430825750924 108.5
1 0 -11.096178744429618 107.45404205253647 -117.5
1 1 -10.772703609115542 105.00528955566509 -108.0
6175
-------------------New----------------
0 0 25.905120381246583 10.946128630223715 118.5
0 1 22.315235736071855 13.932351445178089 108.5
1 0 -58.8667234460725 81.49905573861739 -117.5
1 1 -55.45081305851967 78.6564134827129 -108.0
6178
-------------------New----------------
0 0 -38.901626095931434 -50.47818732573478 118.5
0 1 -41.63801366097042 -52.13048191213691 108.5
1 0 -103.54382389173273 -89.5304027795114 -117.5
1 1 -100.94195995434721 -87.95655550859496 -108.0
6192
-------------------New----------------
0 0 26.946767221134657 -73.73804505105414 118.5
0 1 28.047794184176723 -72.28319394362336 108.5
1 0 52.95157415189415 -39.43633076074239 -117.5
1 1 51.90498174069204 -40.815985548589495 -108.0
6200
-------------------New----------------
0 0 36.08252820763694 -75.16098976180297 118.5
0 1 34.876205723612884 -75.84772604150297 108.5
1 0 7.615501446746251 -91.29870617170681 -117.5
1 1 8.767293924275284 -90.65282453390628 -108.0
6207
-------------------New----------------
0 0 62.031416224915894 99.33816369201254 118.5
0 1 63.72785504709357 100.32561563628896 108.5
1 0 102.05754657542266 122.65792945304015 -117.5
1 1 100.4422396244527 121.71812976641577 -108.0
6215
-------------------New----------------
0 0 46.60233934524166 8.233114665847506 118.5
0 1 48.086023006445394 7.491210876321413 108.5
1 0 82.25319056688026 -9.447504431042475 -117.5
1 1 80.79908674435174 -8.730041629015709 -108.0
6233
-------------------New----------------
0 0 -17.915036542456885 116.44592386950042 118.5
0 1 -16.582519733809313 115.73699383512455 108.5
1 0 13.542842215194884 99.71888297828474 -117.5
1 1 12.276583445174225 100.39194655564012 -108.0
6235
-------------------New----------------
0 0 25.392426788327978 33.15124538015904 118.5
0 1 27.566799656967277 33.934577373962235 108.5
1 0 76.68831264218383 51.637424504002205 -117.5
1 1 74.62564831663276 50.89238673463487 -108.0
6243
-------------------New----------------
0 0 -13.655258811700293 -79.07166824377722 118.5
0 1 -10.858127925856632 -80.76069353014476 108.5
1 0 52.36506579982851 -118.98445367158688 -117.5
1 1 49.70681931186595 -117.37475601449975 -108.0
6246
-------------------New----------------
0 0 62.861582036562595 92.5329665608668 118.5
0 1 60.42238093783611 91.63103588282357 108.5
1 0 5.357073615648878 71.1648788745311 -117.5
1 1 7.672436166216696 72.02752479388417 -108.0
6250
-------------------New----------------
0 0 22.941931645326186 -57.82966908672773 118.5
0 1 24.408927863769915 -58.65145478455558 108.5
1 0 57.40850463778962 -77.27521524769195 -117.5
1 1 56.02711597409079 -76.49101910922913 -108.0
6268
-------------------New----------------
0 0 101.74712763079437 -63.65694941985156 118.5
0 1 100.72560718758908 -61.722740689184306 108.5
1 0 77.72706768960381 -18.07945849478137 -117.5
1 1 78.69279082407128 -19.913220909719396 -108.0
6272
-------------------New----------------
0 0 16.205935917506725 72.5327513933857 118.5
0 1 19.797377008781687 74.43615367903932 108.5
1 0 100.96012562624915 117.43061899091404 -117.5
1 1 97.54728123965778 115.62246476668386 -108.0
6276
-------------------New----------------
0 0 3.2125370591707934 16.194512215335422 118.5
0 1 1.208068057836139 19.88637392194157 108.5
1 0 -44.12865754341866 103.3153784579135 -117.5
1 1 -42.22191116508172 99.80763086426248 -108.0
6282
-------------------New----------------
0 0 -69.524122551858 -71.50354979457668 118.5
0 1 -71.01288119712804 -71.68052585951891 108.5
1 0 -104.64143474376142 -75.72314340386392 -117.5
1 1 -103.22969060784946 -75.55493996463731 -108.0
6297
-------------------New----------------
0 0 -44.91762569900026 -89.41988029186834 118.5
0 1 -45.15629656427744 -90.38167033265185 108.5
1 0 -50.624424716993985 -112.24338107958879 -117.5
1 1 -50.39319700848189 -111.32410491607729 -108.0
6299
-------------------New----------------
0 0 -38.63253298135044 -64.14081773661229 118.5
0 1 -37.29216984841389 -60.39803139354194 108.5
1 0 -6.994196842403835 24.195156101836652 -117.5
1 1 -8.271023777703908 20.63653522763517 -108.0
6300
-------------------New----------------
0 0 -52.10055998329064 -23.665717315713174 118.5
0 1 -52.43100140141256 -24.637189225376098 108.5
1 0 -59.89091868852621 -46.590348866897145 -117.5
1 1 -59.57798744219512 -45.66768895530595 -108.0
6313
-------------------New----------------
0 0 45.841545154668054 -34.36942739785588 118.5
0 1 45.247721464851104 -34.675929608518885 108.5
1 0 31.757965256832666 -41.75549970405849 -117.5
1 1 32.32405798892291 -41.46493430488088 -108.0
6316
-------------------New----------------
0 0 60.77469476590359 -62.553617594591046 118.5
0 1 63.14070520507397 -60.84088133203852 108.5
1 0 116.63266780951611 -22.186718834641958 -117.5
1 1 114.38392619144004 -23.808651165008143 -108.0
6324
-------------------New----------------
0 0 -70.04007807779621 11.878927499766572 118.5
0 1 -69.69241485021868 9.741474700517658 108.5
1 0 -61.82136306069621 -38.63409117545505 -117.5
1 1 -62.146712688570595 -36.59313602064677 -108.0
6329
-------------------New----------------
0 0 -43.10593177532023 -6.693255940044978 118.5
0 1 -44.337366021481856 -9.706953124649852 108.5
1 0 -72.19074798741437 -77.8406211791075 -117.5
1 1 -71.01466730644034 -74.97390931675275 -108.0
6338
-------------------New----------------
0 0 -75.70633043684744 48.99075182457341 118.5
0 1 -73.34798436584236 51.644674105844786 108.5
1 0 -20.045778516906413 111.63121684614471 -117.5
1 1 -22.285831414338833 109.10872956848746 -108.0
6341
-------------------New----------------
0 0 -56.64359895915752 -15.658565013739954 118.5
0 1 -53.34494231376766 -13.106852117464863 108.5
1 0 21.2100541878658 44.59096697205092 -117.5
1 1 18.076783047585756 42.16446354386542 -108.0
6349
-------------------New----------------
0 0 -22.689944996005188 51.35889589575155 118.5
0 1 -22.63774989285865 47.306388934400324 108.5
1 0 -21.445733190056632 -44.290137443948474 -117.5
1 1 -21.496172008356908 -40.43967984829614 -108.0
6353
-------------------New----------------
0 0 -17.798234141909308 -112.59812453161958 118.5
0 1 -20.53221024295681 -111.6782470157357 108.5
1 0 -82.33760832048075 -90.89116051794414 -117.5
1 1 -79.73967951442668 -91.76469025541692 -108.0
6361
-------------------New----------------
0 0 -22.799396933424813 -55.91172296536225 118.5
0 1 -22.479663415429854 -57.32544601334935 108.5
1 0 -15.217590823517025 -89.31374635129168 -117.5
1 1 -15.522256934224382 -87.97022032952756 -108.0
6374
-------------------New----------------
0 0 16.306121499056122 -112.38771332984861 118.5
0 1 13.00625439468475 -111.58210994886808 108.5
1 0 -61.589715911972064 -93.37485387174733 -117.5
1 1 -58.451870401560804 -94.13888289367497 -108.0
6377
-------------------New----------------
0 0 26.651790325809333 52.133419065778014 118.5
0 1 29.572614576847048 54.18461742942308 108.5
1 0 95.70620461957334 100.73428447333951 -117.5
1 1 92.92345670133831 98.77268031698927 -108.0
6385
-------------------New----------------
0 0 -56.32753568880257 71.4384606833195 118.5
0 1 -57.23222666882051 68.02221174561703 108.5
1 0 -77.68745374368389 -9.211030012548159 -117.5
1 1 -76.82744350401852 -5.964040197599597 -108.0
6395
-------------------New----------------
0 0 -8.194455829762669 47.89850187196312 118.5
0 1 -3.188972035631873 45.058066321712815 108.5
1 0 109.94577043837066 -19.141520628023923 -117.5
1 1 105.1899027640793 -16.442475297712853 -108.0
6396
-------------------New----------------
0 0 89.64100772710745 -56.93066240578381 118.5
0 1 87.47271054305281 -53.77997610631333 108.5
1 0 38.482051184846725 17.805343272745024 -117.5
1 1 40.53248593370428 14.791086267837875 -108.0
6397
-------------------New----------------
0 0 -2.936653281774855 -76.59315755213915 118.5
0 1 -5.65915067564549 -77.36470356335681 108.5
1 0 -66.95827760758503 -94.55470219781773 -117.5
1 1 -64.39321297359521 -93.840499870375 -108.0
6402
-------------------New----------------
0 0 -63.43628587328167 19.94693348744652 118.5
0 1 -64.88081849204227 19.311587204140963 108.5
1 0 -97.56470256866025 5.034866671016404 -117.5
1 1 -96.18909996450014 5.6331172456183305 -108.0
6404
-------------------New----------------
0 0 -29.589223548486206 34.84499239941008 118.5
0 1 -27.52896080139157 36.51808103908428 108.5
1 0 19.08212596158208 74.30746893682114 -117.5
1 1 17.123668312466076 72.71811141209147 -108.0
6405
-------------------New----------------
0 0 6.676771596820364 -42.37542146221732 118.5
0 1 4.546823336857003 -40.72358401546368 108.5
1 0 -43.65023902405761 -3.403982456479646 -117.5
1 1 -41.62608159556686 -4.970977745594582 -108.0
6406
-------------------New----------------
0 0 -1.369017197372079 -45.553631248834634 118.5
0 1 -1.0721514838221557 -48.821728769450765 108.5
1 0 5.634748947608964 -122.65472809073431 -117.5
1 1 5.353907182969747 -119.55200878413669 -108.0
6408
-------------------New----------------
0 0 -8.564071796080649 29.539744522014665 118.5
0 1 -4.063885263996044 23.690859623603423 108.5
1 0 97.66389275823872 -108.51198029219238 -117.5
1 1 93.38664195437676 -102.95351574105416 -108.0
6409
-------------------New----------------
0 0 32.82378908879748 -67.55568389126992 118.5
0 1 36.284230266422725 -69.94281365863063 108.5
1 0 114.51409696877795 -123.81886334172309 -117.5
1 1 111.22451984603534 -121.55547218864017 -108.0
6410
-------------------New----------------
0 0 61.65254463714554 10.57051121937823 118.5
0 1 60.314072250848064 5.166075566854792 108.5
1 0 30.059146890747876 -116.96511560772437 -117.5
1 1 31.329719544713242 -111.83184970110983 -108.0
6423
-------------------New----------------
0 0 84.31091100330207 -58.06176626903958 118.5
0 1 81.94653683873557 -58.31100334194637 108.5
1 0 28.488893621454856 -63.9404271591027 -117.5
1 1 30.72251273520343 -63.712334444337216 -108.0
6424
-------------------New----------------
0 0 -98.8299274146372 41.12491104403018 118.5
0 1 -99.5008494686824 41.12422115558536 108.5
1 0 -114.68442422742703 41.22843203020865 -117.5
1 1 -114.04554211800878 41.22184244520564 -108.0
6426
-------------------New----------------
0 0 -24.1324862068054 -59.31614065895766 118.5
0 1 -19.213942745201926 -57.980925324924456 108.5
1 0 91.8848740505562 -27.812402423834055 -117.5
1 1 87.2172810296207 -29.080716382831703 -108.0
6430
-------------------New----------------
0 0 40.31082060018118 29.545198290607097 118.5
0 1 36.42898891632259 33.40658055253779 108.5
1 0 -51.30084010239814 120.67101074713294 -117.5
1 1 -47.61289941465211 117.0026148720196 -108.0
6435
-------------------New----------------
0 0 86.5815726131918 -18.21530493670654 118.5
0 1 87.83858060680485 -17.2931252460002 108.5
1 0 116.24870171144991 3.5419729023319406 -117.5
1 1 115.05443435610084 2.6667329164370477 -108.0
6441
-------------------New----------------
0 0 76.42231092786174 91.70870255360589 118.5
0 1 78.20830547748017 91.54534149429203 108.5
1 0 118.57020579257433 87.85340951536843 -117.5
1 1 116.87360979790212 88.00864297160408 -108.0
6443
-------------------New----------------
0 0 -33.656526723223465 -30.070467003557184 118.5
0 1 -27.237664777101834 -32.104683522018256 108.5
1 0 117.6600237708406 -77.76768908752041 -117.5
1 1 111.57226784479606 -75.86024440213622 -108.0
6444
-------------------New----------------
0 0 -41.02867087724537 10.518898162488103 118.5
0 1 -40.05856037803132 9.977612092899326 108.5
1 0 -19.203603580613375 -4.601488719212677 -117.5
1 1 -20.028789792189237 -3.883655359601075 -108.0
6447
-------------------New----------------
0 0 -61.76983747670873 -122.95737406565527 118.5
0 1 -60.966839105320865 -122.81938877413185 108.5
1 0 -42.865462490567936 -119.6959029049456 -117.5
1 1 -43.62647961287984 -119.82651618003258 -108.0
6451
-------------------New----------------
0 0 49.48373037727727 44.18740711264279 118.5
0 1 48.54689072601711 46.44349455413193 108.5
1 0 27.395157529439736 97.43656601635351 -117.5
1 1 28.283557715804477 95.29337205270713 -108.0
6464
-------------------New----------------
0 0 -52.692639583359856 72.5803540900328 118.5
0 1 -55.506995217834266 74.57701053861355 108.5
1 0 -119.36283841692621 120.00147852651864 -117.5
1 1 -116.66157504218486 118.07200507694222 -108.0
6465
-------------------New----------------
0 0 -84.30014753155528 -33.336426440566385 118.5
0 1 -82.21254988207123 -34.561707847167085 108.5
1 0 -35.091270845798775 -62.35294199883439 -117.5
1 1 -37.07039849257161 -61.18216279322654 -108.0
6466
-------------------New----------------
0 0 -102.02248743983068 18.648501074769403 118.5
0 1 -102.41693659399648 15.453194003388566 108.5
1 0 -111.31192319779038 -56.83449962556942 -117.5
1 1 -110.93739561711115 -53.79635854962743 -108.0
6467
-------------------New----------------
0 0 112.16905121234038 -96.19385737682202 118.5
0 1 111.50438624021231 -94.21926517667966 108.5
1 0 96.51479036968718 -49.59556507304345 -117.5
1 1 97.14414425137682 -51.47284819886431 -108.0
6469
-------------------New----------------
0 0 -37.34642623685726 26.669784809185096 118.5
0 1 -39.99148884301612 26.42165156074888 108.5
1 0 -99.80822473405382 20.84418440250576 -117.5
1 1 -97.29405402509846 21.078873722710366 -108.0
6471
-------------------New----------------
0 0 -22.16484220306102 -20.33264095950552 118.5
0 1 -16.810106807191413 -19.91808901610054 108.5
1 0 104.6027032006388 -10.841502098581175 -117.5
1 1 99.5130820481452 -11.226060228258294 -108.0
6474
-------------------New----------------
0 0 39.52215534982381 -13.750988258087194 118.5
0 1 37.408304463200224 -12.210694800508856 108.5
1 0 -10.211952506695713 22.649954018383955 -117.5
1 1 -8.211865413394467 21.184219580631876 -108.0
6486
-------------------New----------------
0 0 -18.44612052425267 -41.518457768157575 118.5
0 1 -15.250337099604653 -37.85694294763444 108.5
1 0 55.55712109548225 37.30258885458943 -117.5
1 1 52.657981923026135 34.48020829610374 -108.0
6494
-------------------New----------------
0 0 51.54500640405647 -60.54633765306846 118.5
0 1 48.74599520941924 -60.40670466058814 108.5
1 0 -14.632568211748373 -57.236688171155336 -117.5
1 1 -11.964173077001877 -57.372535977968674 -108.0
6498
-------------------New----------------
0 0 93.1152374524094 74.52772764480738 118.5
0 1 92.28423262880965 73.10585776011945 108.5
1 0 73.5102248512902 41.00590643578827 -117.5
1 1 74.29813573116255 42.3560220512074 -108.0
6500
-------------------New----------------
0 0 49.93548291769265 51.701980812559064 118.5
0 1 46.05780937296148 47.34532104688676 108.5
1 0 -41.44743064121029 -51.06078452084566 -117.5
1 1 -37.775330111533705 -46.9261612214846 -108.0
6506
-------------------New----------------
0 0 -52.73494336087627 -95.20736703975773 118.5
0 1 -55.12594581428274 -93.24906720835148 108.5
1 0 -109.21225220618592 -49.01653329003703 -117.5
1 1 -106.94003501549983 -50.87781687733173 -108.0
6517
-------------------New----------------
0 0 101.69290028500835 -24.66620303994949 118.5
0 1 101.59438776779582 -26.87717030235833 108.5
1 0 99.39715649040666 -76.86813330867078 -117.5
1 1 99.48828399082346 -74.76616957829096 -108.0
6518
-------------------New----------------
0 0 -31.988205859434082 -86.83670390129197 118.5
0 1 -33.08184051185093 -88.11676545508084 108.5
1 0 -57.78417835970665 -117.05853782803199 -117.5
1 1 -56.745735226642424 -115.8412075797776 -108.0
6534
-------------------New----------------
0 0 8.539835003000068 21.523613294947705 118.5
0 1 12.613728562713465 25.2177088103444 108.5
1 0 104.69377418773294 108.68065448173634 -117.5
1 1 100.82565818898873 105.17538004464902 -108.0
6540
-------------------New----------------
0 0 15.51563943628175 16.82164008998209 118.5
0 1 9.730555418067436 13.890052095601678 108.5
1 0 -121.62424629631673 -52.13224746882626 -117.5
1 1 -116.11432338679981 -49.32941896019839 -108.0
6554
-------------------New----------------
0 0 68.37464117986522 51.69336124905724 118.5
0 1 69.1391172267225 53.788574208960384 108.5
1 0 86.39835771025349 101.1219075041921 -117.5
1 1 85.67374698643741 99.13234603669542 -108.0
6557
-------------------New----------------
0 0 -73.88566621228182 -65.47017511781357 118.5
0 1 -74.97311431036333 -63.699291079667184 108.5
1 0 -99.55500894344961 -23.682062110819974 -117.5
1 1 -98.5212832610505 -25.364147831753534 -108.0
6558
-------------------New----------------
0 0 -37.47305168029618 -46.270394606932626 118.5
0 1 -36.44673522101858 -43.18110254305881 108.5
1 0 -13.166065554787295 26.628879556949215 -117.5
1 1 -14.151620617778201 23.69621296383781 -108.0
6562
-------------------New----------------
0 0 -63.96290583081096 34.61029967458648 118.5
0 1 -60.214647443153034 31.568555189204226 108.5
1 0 24.46838035216779 -35.889615282133114 -117.5
1 1 20.903903127647304 -33.11244054262791 -108.0
6563
-------------------New----------------
0 0 34.13299504762892 -46.74999711056337 118.5
0 1 34.74457730473679 -43.57402226639802 108.5
1 0 48.516812336315255 28.225804567927867 -117.5
1 1 47.93977649911972 25.206627513372677 -108.0
6587
-------------------New----------------
0 0 79.28399146287003 -72.47153986381446 118.5
0 1 77.75658055661884 -74.09403447004948 108.5
1 0 43.50733361038452 -110.69268432470854 -117.5
1 1 44.9398304939257 -109.15579356870276 -108.0
6590
-------------------New----------------
0 0 41.2626739001938 2.3045119369236953 118.5
0 1 43.157591460761665 1.5801333683613588 108.5
1 0 85.95415423824667 -14.735439106862193 -117.5
1 1 84.15986572922394 -14.046245947446241 -108.0
6598
-------------------New----------------
0 0 97.10045655710088 -87.80220924383573 118.5
0 1 96.01052046295084 -88.15322248698611 108.5
1 0 71.90748943569486 -95.5869299903305 -117.5
1 1 72.9091316613638 -95.28178069411192 -108.0
6599
-------------------New----------------
0 0 -64.14645687065317 -36.30267947228619 118.5
0 1 -63.88599523770169 -38.42239222222241 108.5
1 0 -58.01215822558328 -86.32007365408329 -117.5
1 1 -58.25937728516938 -84.30590572429334 -108.0
6601
-------------------New----------------
0 0 -7.356377453248055 -109.46872325502054 118.5
0 1 -4.296986276399029 -109.45038406839114 108.5
1 0 64.83436607699626 -109.08361217683562 -117.5
1 1 61.92842512722855 -109.09895593989768 -108.0
6614
-------------------New----------------
0 0 -22.11088669922967 -37.97026528189805 118.5
0 1 -18.69274944709776 -39.60940812855263 108.5
1 0 58.354741801109114 -76.75918143444567 -117.5
1 1 55.11985799736399 -75.19692483615333 -108.0
6628
-------------------New----------------
0 0 52.39149753200299 -46.79529467608422 118.5
0 1 50.71547879372374 -47.55760998291688 108.5
1 0 12.748915814192104 -64.58220044057875 -117.5
1 1 14.337137301389664 -63.867634723933314 -108.0
6630
-------------------New----------------
0 0 59.651695744844496 -87.8426611846041 118.5
0 1 60.282614045651385 -88.66733112858783 108.5
1 0 74.53956927782684 -107.31326232051443 -117.5
1 1 73.94029357183082 -106.52924287135758 -108.0
6634
-------------------New----------------
0 0 -44.98930260204525 66.1045488837345 118.5
0 1 -44.21002061340275 63.52660049175326 108.5
1 0 -26.597174778120426 5.266647382475801 -117.5
1 1 -27.337534563967637 7.715594012758636 -108.0
6648
-------------------New----------------
0 0 -82.72297876806721 49.48335136440449 118.5
0 1 -79.87606810281858 45.6866293867884 108.5
1 0 -15.599259675507204 -40.1704446413489 -117.5
1 1 -18.300381985105474 -36.56106677459776 -108.0
6650
-------------------New----------------
0 0 -15.386727574900998 73.22406977369468 118.5
0 1 -15.741881628382469 74.93804861475537 108.5
1 0 -23.82834313701208 113.55185611808778 -117.5
1 1 -23.49078214720175 111.93571617094219 -108.0
6662
-------------------New----------------
0 0 8.81573324812491 23.359635271788267 118.5
0 1 3.917166070304492 26.242338585537645 108.5
1 0 -106.74318358586963 91.41900516517049 -117.5
1 1 -102.09220347040284 88.68040418389452 -108.0
6667
-------------------New----------------
0 0 19.142531596874385 -86.08570953795154 118.5
0 1 21.117377241501764 -86.34368117734137 108.5
1 0 65.82254555832884 -92.23676168222092 -117.5
1 1 63.94170991916086 -91.9890394011577 -108.0
6679
-------------------New----------------
0 0 -51.15358857997705 17.497586983512512 118.5
0 1 -45.78043046294861 14.747808215345296 108.5
1 0 75.64171565409171 -47.39745778232633 -117.5
1 1 70.53821247081433 -44.78284259307155 -108.0
6687
-------------------New----------------
0 0 -46.85442526109661 -103.43166300391707 118.5
0 1 -44.0191725165865 -102.7558066766206 108.5
1 0 19.9790357803641 -87.39005566926254 -117.5
1 1 17.29392690724657 -88.023804005724 -108.0
6699
-------------------New----------------
0 0 40.87790137994019 1.2201722360101648 118.5
0 1 41.90105508035849 3.063721194968507 108.5
1 0 65.01122512559176 44.84664959667313 -117.5
1 1 64.03709781521225 43.08013701848296 -108.0
6713
-------------------New----------------
0 0 109.99681286854884 -33.92755203798309 118.5
0 1 110.54450804043809 -31.820385033662404 108.5
1 0 122.9894544177259 15.740539918227736 -117.5
1 1 122.46864232991909 13.744661777169961 -108.0
6721
-------------------New----------------
0 0 -26.65458291464205 -15.441246444035224 118.5
0 1 -21.728582221747992 -15.107055695110905 108.5
1 0 89.81826950102376 -7.667636207192297 -117.5
1 1 85.12533489373831 -7.974002844966148 -108.0
6725
-------------------New----------------
0 0 9.50397357136627 13.393038155955932 118.5
0 1 10.780626004892245 12.765431292649248 108.5
1 0 39.628454515534415 -1.280573984012173 -117.5
1 1 38.42558882849633 -0.6871591105487761 -108.0
6728
-------------------New----------------
0 0 32.82618610108469 31.87965717415533 118.5
0 1 33.871072621930054 25.3188337916036 108.5
1 0 57.5068103402166 -122.92565527137565 -117.5
1 1 56.51315354741649 -116.69748679582526 -108.0
6742
-------------------New----------------
0 0 43.209783547438875 -31.86229549793145 118.5
0 1 40.79226445606896 -35.679930560414476 108.5
1 0 -13.899964580292778 -121.86796261308162 -117.5
1 1 -11.600779064845288 -118.24892269116694 -108.0
6743
-------------------New----------------
0 0 -18.587980217948193 23.70238566267429 118.5
0 1 -12.546374633166597 19.250279889733143 108.5
1 0 124.19067573713446 -81.43436286528137 -117.5
1 1 118.43769461993077 -77.20477060181443 -108.0
6745
-------------------New----------------
0 0 66.71472794323513 -104.86737380688962 118.5
0 1 68.38059401919244 -104.4008129689511 108.5
1 0 105.96099115628809 -93.89054231558922 -117.5
1 1 104.3828803432275 -94.32952043643576 -108.0
6764
-------------------New----------------
0 0 16.894493840594066 -16.83733188533019 118.5
0 1 17.50710064282777 -16.686528987270282 108.5
1 0 31.37489602370505 -13.266948853302647 -117.5
1 1 30.791472184827928 -13.410003992136197 -108.0
6772
-------------------New----------------
0 0 0.3656721424808566 58.06979208660459 118.5
0 1 2.9839805336724723 54.29107760173938 108.5
1 0 62.16864412887488 -31.126328390699957 -117.5
1 1 59.68074041823159 -27.53560639917576 -108.0
6776
-------------------New----------------
0 0 -114.4576620726973 37.00484038854031 118.5
0 1 -113.79380463518127 38.01963507549446 108.5
1 0 -98.79517753911348 60.95128906783542 -117.5
1 1 -99.4254815424647 59.98745248844365 -108.0
6780
-------------------New----------------
0 0 30.88345330377935 68.70272998162416 118.5
0 1 26.77364312428536 65.9062904071541 108.5
1 0 -66.12544035086916 2.7026554728490457 -117.5
1 1 -62.220122729002824 5.360182788073821 -108.0
6781
-------------------New----------------
0 0 64.02702877408646 29.984363298298156 118.5
0 1 63.39250275584824 31.52961809724012 108.5
1 0 49.02137383276222 66.43141673659764 -117.5
1 1 49.626505162045156 64.96453160534617 -108.0
6789
-------------------New----------------
0 0 -64.67052928208788 -4.097529691047451 118.5
0 1 -65.42291769789036 -6.698777925343492 108.5
1 0 -82.4068022332564 -65.50231050662406 -117.5
1 1 -81.69526839710879 -63.0293132231815 -108.0
6790
-------------------New----------------
0 0 99.17438952046625 32.08195177063921 118.5
0 1 98.29849948213953 34.024437555902985 108.5
1 0 78.25962683194254 78.33026954781249 -117.5
1 1 79.11588044486261 76.44714535057099 -108.0
6798
-------------------New----------------
0 0 -103.31418560745415 -58.88749747717888 118.5
0 1 -102.11631510560082 -58.08339723121669 108.5
1 0 -75.08366075230371 -40.02112596350235 -117.5
1 1 -76.21886700347021 -40.77951706837576 -108.0
6800
-------------------New----------------
0 0 5.498455276040095 60.522730051066254 118.5
0 1 0.8834895092520136 57.787250287089684 108.5
1 0 -103.41919755318531 -4.068559342447644 -117.5
1 1 -99.03202891997364 -1.4690494778819203 -108.0
6801
-------------------New----------------
0 0 48.09759418500722 41.32401230407281 118.5
0 1 47.52132484209686 43.47506202467116 108.5
1 0 34.4648217010218 92.21287458721788 -117.5
1 1 35.01579785130793 90.16091044271008 -108.0
6806
-------------------New----------------
0 0 -14.407508269481278 -14.57441018835677 118.5
0 1 -18.60542086497876 -11.304205009491564 108.5
1 0 -113.25898815887217 63.35850097046699 -117.5
1 1 -109.25643207413984 60.289832933219486 -108.0
6807
-------------------New----------------
0 0 -90.48645208110821 25.120919146168227 118.5
0 1 -88.24501599436209 22.262099109576642 108.5
1 0 -37.60121916913249 -42.32695871541552 -117.5
1 1 -39.72953292571309 -39.612420122326135 -108.0
6808
-------------------New----------------
0 0 -14.961555350145762 23.256492214336102 118.5
0 1 -18.057703631941457 24.591810139960145 108.5
1 0 -87.86231629421675 54.51982965877984 -117.5
1 1 -84.91873982633679 53.277586302510734 -108.0
6811
-------------------New----------------
0 0 -2.262655552117965 56.14072078795895 118.5
0 1 -6.982646043331312 56.543804124927476 108.5
1 0 -113.64755502563176 65.64298236088783 -117.5
1 1 -109.16700038004333 65.26130278432875 -108.0
6823
-------------------New----------------
0 0 44.70674056115689 -13.443583437215079 118.5
0 1 45.2834464598363 -7.733953356761513 108.5
1 0 58.27447432255987 121.34098848015735 -117.5
1 1 57.7297980391117 115.91441787918329 -108.0
6830
-------------------New----------------
0 0 -42.01481385777363 -23.91792224277665 118.5
0 1 -40.0088276183877 -25.873690177980887 108.5
1 0 5.346054680327232 -70.07666688867927 -117.5
1 1 3.4394049352318037 -68.21931584494911 -108.0
6831
-------------------New----------------
0 0 -61.83315355994371 111.43042590356579 118.5
0 1 -62.223274260363326 111.66701241994308 108.5
1 0 -71.01289053549598 117.03271323342501 -117.5
1 1 -70.64377868519412 116.80697566037989 -108.0
6832
-------------------New----------------
0 0 -15.062934641441984 -65.0602136663781 118.5
0 1 -16.558229519092805 -65.92366413300905 108.5
1 0 -50.31429195763304 -85.44175430538073 -117.5
1 1 -48.896825327622004 -84.62113610364561 -108.0
6838
-------------------New----------------
0 0 69.0579490698283 -50.053750778938074 118.5
0 1 67.79077086456437 -46.55543143996415 108.5
1 0 39.15403226203639 32.63557935826121 -117.5
1 1 40.3549636675592 29.292038541003546 -108.0
6866
-------------------New----------------
0 0 -42.005169108323464 -105.03664363220737 118.5
0 1 -43.222269315606596 -105.75213165251378 108.5
1 0 -70.75720518247799 -121.97245382888923 -117.5
1 1 -69.60059406065652 -121.29132122473352 -108.0
6870
-------------------New----------------
0 0 51.31983183187251 37.954441186209266 118.5
0 1 53.94478630578739 34.561807841005326 108.5
1 0 113.24858905703579 -42.12682100619578 -117.5
1 1 110.75679194254778 -38.903754323135274 -108.0
6873
-------------------New----------------
0 0 -64.8791161762334 101.158530293917 118.5
0 1 -63.09926850153155 99.59855869425473 108.5
1 0 -22.84766589522205 64.36805096748073 -117.5
1 1 -24.5407297263205 65.84845113576829 -108.0
6876
-------------------New----------------
0 0 -98.76614503318227 24.175989387532592 118.5
0 1 -99.81926314261561 23.827525119208296 108.5
1 0 -123.58781630704182 15.964773901606957 -117.5
1 1 -122.58676877554296 16.295407627282398 -108.0
6887
-------------------New----------------
0 0 -23.816360776253212 -55.806916328924345 118.5
0 1 -19.4973659316533 -55.015234785914096 108.5
1 0 79.13167930571453 -37.76951262103658 -117.5
1 1 74.93113323005802 -38.47603717234743 -108.0
6889
-------------------New----------------
0 0 11.666298254733048 19.114712243590397 118.5
0 1 10.217399053088494 23.362525097910016 108.5
1 0 -22.566962772472642 119.42649554173424 -117.5
1 1 -21.188866778426352 115.38761493938321 -108.0
6890
-------------------New----------------
0 0 -50.69640413834958 -50.572384539762986 118.5
0 1 -53.44983144721514 -50.167926178118634 108.5
1 0 -115.67352393457323 -41.026994560852806 -117.5
1 1 -113.05806893812459 -41.41115349996672 -108.0
6903
-------------------New----------------
0 0 -21.758130637152412 -56.175144356755695 118.5
0 1 -22.645117958631705 -53.09644156774918 108.5
1 0 -42.69609131880408 16.487781657751498 -117.5
1 1 -41.8530730108324 13.562793131466117 -108.0
6904
-------------------New----------------
0 0 -105.60126534983105 -42.8484028909282 118.5
0 1 -105.52928330576803 -39.5903383012641 108.5
1 0 -103.91855362200322 34.05336033195324 -117.5
1 1 -103.98547994342118 30.958254931294817 -108.0
6905
-------------------New----------------
0 0 58.00356884385714 -79.08603723731895 118.5
0 1 59.306521327366816 -76.8265169033248 108.5
1 0 88.7730198275126 -25.67046409897618 -117.5
1 1 87.53571666419211 -27.82805298245995 -108.0
6923
-------------------New----------------
0 0 82.40855581278579 -42.260353121438115 118.5
0 1 83.32439679362417 -38.58413074845155 108.5
1 0 104.05586233612011 44.53460297864698 -117.5
1 1 103.18585722717587 41.040094759344754 -108.0
6928
-------------------New----------------
0 0 3.103216480851239 70.25556835589936 118.5
0 1 6.345316314420851 71.7828034701071 108.5
1 0 79.6073198486814 106.25630311205482 -117.5
1 1 76.52914575763938 104.80889145447517 -108.0
6934
-------------------New----------------
0 0 6.151044334920531 -20.62633741826298 118.5
0 1 7.002814126258327 -21.17630017246126 108.5
1 0 26.23070834543921 -33.636405410165985 -117.5
1 1 25.423082025759804 -33.110988376512005 -108.0
6941
-------------------New----------------
0 0 60.70970096537811 24.924677568042124 118.5
0 1 58.340671675043566 21.07341472826986 108.5
1 0 4.644331167531185 -66.14878925556218 -117.5
1 1 6.889475614464679 -62.46921342087529 -108.0
6946
-------------------New----------------
0 0 -18.2397818851534 -11.046203968609845 118.5
0 1 -19.79362754468866 -13.532881951612925 108.5
1 0 -54.505461948432256 -70.2734241262261 -117.5
1 1 -53.06063366739984 -67.84364337311214 -108.0
6957
-------------------New----------------
0 0 -20.36609562894295 0.7709757389367047 118.5
0 1 -21.120585085034257 1.4138770079073226 108.5
1 0 -38.210262229299545 15.899647421733652 -117.5
1 1 -37.49118079730107 15.291235497284788 -108.0
6962
-------------------New----------------
0 0 17.58826028704547 55.78207455811537 118.5
0 1 16.006975054715188 53.89454239478007 108.5
1 0 -19.61179204305493 11.311772456555364 -117.5
1 1 -18.117373810271275 13.09792416041083 -108.0
6963
-------------------New----------------
0 0 64.73079168333673 46.277150659216225 118.5
0 1 62.171622747289405 45.021576774136015 108.5
1 0 4.8061054336022435 16.29842564934855 -117.5
1 1 7.221426376500501 17.514594675052535 -108.0
6968
-------------------New----------------
0 0 29.04817821421903 78.50904284879283 118.5
0 1 32.090341426627255 79.5404607498862 108.5
1 0 100.83114050891537 102.82697532826178 -117.5
1 1 97.9402712155961 101.84883602101591 -108.0
6970
-------------------New----------------
0 0 -90.21321434106096 -23.73625619180463 118.5
0 1 -90.26956707027546 -17.867716305054863 108.5
1 0 -91.54504778407903 114.80653438259465 -117.5
1 1 -91.49483454528664 109.22808421442258 -108.0
6988
-------------------New----------------
0 0 25.169688189302214 38.75150913714494 118.5
0 1 24.934418902713983 36.737162816018696 108.5
1 0 19.579738395332278 -8.810633269333438 -117.5
1 1 19.804767656773613 -6.894581982504616 -108.0
6990
-------------------New----------------
0 0 74.77889367430907 -90.32955215304244 118.5
0 1 74.54096197168263 -90.10031388850618 108.5
1 0 69.04229319303712 -84.977577712794 -117.5
1 1 69.27690863239384 -85.19294086633799 -108.0
6998
-------------------New----------------
0 0 70.57633245134777 62.57227190114223 118.5
0 1 70.34486449376736 58.63641556768356 108.5
1 0 65.11598413870784 -30.31345729444285 -117.5
1 1 65.33566559441246 -26.57452993657473 -108.0
7000
-------------------New----------------
0 0 -50.73358264041442 49.470624926072915 118.5
0 1 -52.9376557154326 47.68781862103051 108.5
1 0 -102.73995686877743 7.289956162313274 -117.5
1 1 -100.64387551215326 8.990962432713655 -108.0
7002
-------------------New----------------
0 0 8.432777180756442 -7.0345619510364985 118.5
0 1 7.869828933227683 -7.605060006921022 108.5
1 0 -4.749362451059896 -20.58342592818624 -117.5
1 1 -4.213440549494973 -20.031784537947722 -108.0
7012
-------------------New----------------
0 0 72.46294085746602 32.30816203462261 118.5
0 1 72.59015858373832 29.25951353846029 108.5
1 0 75.61096029954032 -39.60560281397251 -117.5
1 1 75.47476273188316 -36.6784482653831 -108.0
7013
-------------------New----------------
0 0 70.45563400232541 60.7692117499491 118.5
0 1 70.56350907936005 58.31772342808729 108.5
1 0 72.94536761528296 2.9017552243397384 -117.5
1 1 72.84824500789554 5.230633886108476 -108.0
7017
-------------------New----------------
0 0 52.19334432728321 -11.813361395909862 118.5
0 1 54.395744167035694 -8.963937180080908 108.5
1 0 104.18513276846188 55.28505397406012 -117.5
1 1 102.09397374761821 52.587088014471895 -108.0
7018
-------------------New----------------
0 0 2.283297542832588 -20.2455608787289 118.5
0 1 -0.43940061007693265 -22.007513453695772 108.5
1 0 -61.90562737928856 -62.24016877612085 -117.5
1 1 -59.33436312819737 -60.54773511840524 -108.0
7019
-------------------New----------------
0 0 -107.21897200077865 -74.87295087840496 118.5
0 1 -107.80555137313101 -74.88596821731535 108.5
1 0 -121.09623501022543 -75.14596305808107 -117.5
1 1 -120.53645451918835 -75.13239102920902 -108.0
7039
-------------------New----------------
0 0 -114.42592823203802 -16.577251317318744 118.5
0 1 -113.67738771616305 -17.305135027161686 108.5
1 0 -96.77751520871047 -33.7480197014538 -117.5
1 1 -97.48683578059577 -33.057512982786704 -108.0
7049
-------------------New----------------
0 0 -71.40078524606652 33.8605013927102 118.5
0 1 -67.96165296008542 31.53561643556868 108.5
1 0 9.191225587032427 -20.425422590401023 -117.5
1 1 5.969153702802943 -18.247862932115147 -108.0
7052
-------------------New----------------
0 0 -59.72286729221946 -109.18829862926005 118.5
0 1 -61.84337926700855 -108.68052680882076 108.5
1 0 -109.77599033005247 -97.18264275865174 -117.5
1 1 -107.76095661041822 -97.66653770878695 -108.0
7056
-------------------New----------------
0 0 6.149409371613926 -7.969461819480225 118.5
0 1 10.977652574967484 -7.9250454631021885 108.5
1 0 120.08123836867132 -6.9062496714431045 -117.5
1 1 115.49684048369708 -6.950338204267541 -108.0
7062
-------------------New----------------
0 0 33.39004352530059 30.42434309773364 118.5
0 1 29.14032626423353 28.519270404937384 108.5
1 0 -62.574129782443194 -6.528238500226612 -117.5
1 1 -58.90173319131044 -5.417874527143416 -108.0
7063
-------------------New----------------
0 0 -5.373958731578134 74.8395253739319 118.5
0 1 -8.156618592581697 71.35057653359121 108.5
1 0 -71.18380617132702 -7.582197227008757 -117.5
1 1 -68.53478654137999 -4.266041746056092 -108.0
7068
-------------------New----------------
0 0 -5.746403818017397 -62.44055573318226 118.5
0 1 -1.380112570940441 -58.15735025322353 108.5
1 0 97.19393430477254 38.56247279386277 -117.5
1 1 93.05807674508189 34.49455958949099 -108.0
7069
-------------------New----------------
0 0 63.26965842746796 37.83690413366878 118.5
0 1 64.74177362863374 34.19342085294063 108.5
1 0 98.01178920358524 -48.1043557726869 -117.5
1 1 96.61342673302299 -44.6451211526846 -108.0
7081
-------------------New----------------
0 0 8.911356520237705 -1.3387647772771467 118.5
0 1 3.9312449330069037 0.968302094768003 108.5
1 0 -108.5737166381488 53.06984207444433 -117.5
1 1 -103.84899701047922 50.87975510873865 -108.0
7087
-------------------New----------------
0 0 -98.19876451831487 52.547650362038176 118.5
0 1 -96.53404927406804 49.06705650620855 108.5
1 0 -58.9222519606965 -29.603919023414722 -117.5
1 1 -60.50366314868536 -26.296308348005873 -108.0
7099
-------------------New----------------
0 0 20.127957348710332 -59.6437640896311 118.5
0 1 21.617738952254182 -57.33928031073965 108.5
1 0 55.244602059853584 -5.312532235204273 -117.5
1 1 53.83183271483595 -7.498062944230689 -108.0
7106
-------------------New----------------
0 0 -29.2189189823384 -103.61530120469288 118.5
0 1 -30.196630695572217 -104.3367887448766 108.5
1 0 -52.17779216834575 -120.86668195184083 -117.5
1 1 -51.25752508070177 -120.18226445019215 -108.0
7112
-------------------New----------------
0 0 57.35341179940476 1.1594399824912736 118.5
0 1 58.913007274084556 2.3692078567198775 108.5
1 0 94.13926716416277 29.734190470843856 -117.5
1 1 92.65906784220181 28.583584869046405 -108.0
7116
-------------------New----------------
0 0 33.73420803029668 -57.58905591315319 118.5
0 1 36.68980477414778 -57.170560327379086 108.5
1 0 103.43735025142969 -47.772985727813804 -117.5
1 1 100.6339628290911 -48.16663305439901 -108.0
7124
-------------------New----------------
0 0 -14.872611141837396 28.654806886856456 118.5
0 1 -13.649231189382826 26.332725417910204 108.5
1 0 14.039451143784742 -26.14648487647603 -117.5
1 1 12.874014667213668 -23.940115110084665 -108.0
7125
-------------------New----------------
0 0 -31.207290550206995 -33.03162644374492 118.5
0 1 -29.04123761346549 -32.33004138059217 108.5
1 0 19.603416416044187 -16.387271784140275 -117.5
1 1 17.56327142504791 -17.05826879964394 -108.0
7142
-------------------New----------------
0 0 -8.759922453086567 -28.290656372116132 118.5
0 1 -12.09244565632554 -27.582012326296187 108.5
1 0 -87.26288283562697 -11.582760186742096 -117.5
1 1 -84.10224741452734 -12.252069300628268 -108.0
7143
-------------------New----------------
0 0 1.7301004365112185 -4.8682364811636685 118.5
0 1 4.005829458631502 -1.7543212852634233 108.5
1 0 55.45914189465566 68.65935942888814 -117.5
1 1 53.29475747136441 65.69703198598575 -108.0
7146
-------------------New----------------
0 0 -60.64518936832242 75.32532984186945 118.5
0 1 -56.31498734589427 72.02407952162099 108.5
1 0 41.4717098578955 -2.696522393621856 -117.5
1 1 37.36016299656794 0.44554893786242455 -108.0
7153
-------------------New----------------
0 0 121.8001697912664 -47.99583481284177 118.5
0 1 121.90093052090408 -49.857379398817926 108.5
1 0 124.16990195351511 -91.91854533729112 -117.5
1 1 124.07636328445668 -90.15066851832624 -108.0
7159
-------------------New----------------
0 0 36.24313508166082 76.06874437045988 118.5
0 1 38.75561399243352 72.57776737956752 108.5
1 0 95.55331987648586 -6.342716571036765 -117.5
1 1 93.16414452548321 -3.0248253662007394 -108.0
7162
-------------------New----------------
0 0 -70.60318272804118 -94.25572425943902 118.5
0 1 -66.81791404054636 -93.14483463494972 108.5
1 0 18.93716889366703 -68.03759683609849 -117.5
1 1 15.330030018476222 -69.09072907640079 -108.0
7165
-------------------New----------------
0 0 -27.09935648869663 -28.001046422730973 118.5
0 1 -25.03043660547433 -25.905035804751684 108.5
1 0 20.476903738850567 22.534980495816406 -117.5
1 1 18.625583976390814 20.445086251982115 -108.0
7168
-------------------New----------------
0 0 3.8295818865731546 17.12239095890653 118.5
0 1 -0.9334830184238591 15.021269710181292 108.5
1 0 -108.55662541913277 -32.4284996573821 -117.5
1 1 -104.03212153584809 -30.43368341126374 -108.0
7174
-------------------New----------------
0 0 9.139011836798389 -30.83763095195784 118.5
0 1 12.135735231135302 -29.03716356354348 108.5
1 0 79.69643564703198 10.75335244234373 -117.5
1 1 76.85731941747544 9.105122195500064 -108.0
7176
-------------------New----------------
0 0 2.075476297374732 -57.813045848913745 118.5
0 1 -1.8012889358655186 -53.60978660725611 108.5
1 0 -89.51941452797348 41.55503122818309 -117.5
1 1 -85.83287499417028 37.550502655632826 -108.0
7185
-------------------New----------------
0 0 -46.33231899951447 47.33855756650936 118.5
0 1 -50.92839033401187 43.48593143570084 108.5
1 0 104.24039547914735 85.92350672202598 -117.5
1 1 102.9927635215538 85.9906900251309 -108.0
7186
-------------------New----------------
0 0 -43.42397621339891 -107.97410832076692 118.5
0 1 -43.5501222726334 -106.65586955763919 108.5
1 0 -46.21160705835747 -76.70308739452261 -117.5
1 1 -46.10102066395642 -77.96452103617716 -108.0
7198
-------------------New----------------
0 0 -22.934010338533987 30.040704796095394 118.5
0 1 -19.315550632377697 28.375327794514355 108.5
1 0 62.548975688014295 -9.332179142899065 -117.5
1 1 59.10511140569573 -7.744821546485818 -108.0
7199
-------------------New----------------
0 0 -7.557267448319573 -11.75922850177492 118.5
0 1 -7.498349992066297 -9.44826894005335 108.5
1 0 -6.153611053795351 42.767531163416216 -117.5
1 1 -6.211009451774626 40.57292919555257 -108.0
7205
-------------------New----------------
0 0 75.1466096161391 75.18458459772484 118.5
0 1 75.2128839401623 71.79440318095696 108.5
1 0 76.63303224065132 -4.797475546742048 -117.5
1 1 76.57308016327734 -1.5825506391706845 -108.0
7206
-------------------New----------------
0 0 10.517267984658488 21.319201562985867 118.5
0 1 15.45150735140977 21.696196867343204 108.5
1 0 126.95632806804785 30.2110492098963 -117.5
1 1 122.27085248814066 29.852773364998853 -108.0
7212
-------------------New----------------
0 0 -63.56208549626937 -46.5646435188609 118.5
0 1 -62.91717751147878 -45.34157348883123 108.5
1 0 -48.34044834408577 -17.70217017209273 -117.5
1 1 -48.95349198462965 -18.863883069353896 -108.0
7218
-------------------New----------------
0 0 -19.020657291045772 -46.22430341490688 118.5
0 1 -21.369284610527977 -44.37217515299356 108.5
1 0 -74.37784524302393 -2.496506151256442 -117.5
1 1 -72.15245832583767 -4.258315992310788 -108.0
7223
-------------------New----------------
0 0 47.89491169761947 50.876890345117026 118.5
0 1 48.954822050310256 49.769627671283786 108.5
1 0 72.94718097786651 24.763146361125514 -117.5
1 1 71.93650305645585 25.812416724772493 -108.0
7225
-------------------New----------------
0 0 58.62991115270762 -30.73230889946914 118.5
0 1 61.380203232068105 -31.162322548766745 108.5
1 0 123.50157915444717 -40.851624589077176 -117.5
1 1 120.89084178414268 -40.44371861352833 -108.0
7228
-------------------New----------------
0 0 70.60637990126261 57.344990147517024 118.5
0 1 69.29912767526761 52.77895450448352 108.5
1 0 39.769372441256294 -50.39634700684185 -117.5
1 1 41.008399540380466 -46.05702130151713 -108.0
7232
-------------------New----------------
0 0 -41.04999644853424 49.32113090947736 118.5
0 1 -37.81069344712169 46.783953786021186 108.5
1 0 35.244204366867336 -10.661100514084584 -117.5
1 1 32.18218420635862 -8.244301952056349 -108.0
7235
-------------------New----------------
0 0 38.065000638647845 -56.051705321201176 118.5
0 1 32.72998760245544 -54.96102146808711 108.5
1 0 -87.79937987936653 -30.366650839430207 -117.5
1 1 -82.73699544985735 -31.39737715655558 -108.0
7244
-------------------New----------------
0 0 -73.9335253391973 -57.574510034056516 118.5
0 1 -71.36344378345211 -58.35538762601426 108.5
1 0 -11.52888383171081 -78.81692407873446 -117.5
1 1 -14.100858200913118 -78.03787793752178 -108.0
7246
-------------------New----------------
0 0 -66.1522947585967 -97.44111182899886 118.5
0 1 -67.69004061199469 -97.25169001223816 108.5
1 0 -102.08571195435772 -92.67774037941817 -117.5
1 1 -100.65293977797374 -92.87215019080227 -108.0
7252
-------------------New----------------
0 0 36.24038659287497 -73.02302117824543 118.5
0 1 31.714424204059753 -71.19896970058504 108.5
1 0 -70.3240887540893 -29.704276858862386 -117.5
1 1 -66.04211520627847 -31.46009801863271 -108.0
7253
-------------------New----------------
0 0 -60.34926942083799 -48.7901902041209 118.5
0 1 -57.710448613719315 -44.188180876271325 108.5
1 0 1.89450909695512 59.76837125361296 -117.5
1 1 -0.6134937877384676 55.39816256688207 -108.0
7258
-------------------New----------------
0 0 39.49124719156238 41.96170806921655 118.5
0 1 38.361727602122 45.59244368429525 108.5
1 0 12.787887469705217 127.63498816244717 -117.5
1 1 13.86124517390285 124.18548366828095 -108.0
7262
-------------------New----------------
0 0 -80.13906808731767 -42.395634427021164 118.5
0 1 -78.72126908427592 -40.82486892409649 108.5
1 0 -46.59017153653129 -5.406232605594896 -117.5
1 1 -47.94629981745739 -6.890698179365982 -108.0
7264
-------------------New----------------
0 0 -83.21094803764916 75.86504267451727 118.5
0 1 -82.22455767772365 75.41815445063432 108.5
1 0 -59.929969487487504 65.31925563317942 -117.5
1 1 -60.86721511141442 65.74372595446278 -108.0
7265
-------------------New----------------
0 0 59.41714593972688 64.32126819812515 118.5
0 1 54.50399848882588 62.07621970869046 108.5
1 0 -56.50548991687246 11.36279892229972 -117.5
1 1 -51.83812552306222 13.4955325617284 -108.0
7283
-------------------New----------------
0 0 32.7034125131127 6.824261126540327 118.5
0 1 26.9385735867347 3.6296924249572826 108.5
1 0 -103.26483798275981 -68.49397824095473 -117.5
1 1 -97.78963532414541 -65.46310482374797 -108.0
7293
-------------------New----------------
0 0 42.03991507819813 -102.44222492142676 118.5
0 1 42.6835365919343 -102.57055563030846 108.5
1 0 57.18536862564984 -105.46227661666785 -117.5
1 1 56.577800068723356 -105.34839412508363 -108.0
7301
-------------------New----------------
0 0 -36.32914296304513 -37.385720480163954 118.5
0 1 -35.805753988894 -34.99246239130453 108.5
1 0 -24.093290206285552 19.016305090299632 -117.5
1 1 -24.582796963475083 16.744985148839596 -108.0
7303
-------------------New----------------
0 0 74.38681674400728 -89.95454156475259 118.5
0 1 72.68916475478709 -90.65185979734957 108.5
1 0 34.33117609759568 -106.44072239664419 -117.5
1 1 35.943520644152876 -105.77641907088316 -108.0
7305
-------------------New----------------
0 0 48.558273288992936 -12.85955032502488 118.5
0 1 49.281808283107566 -13.110328568098273 108.5
1 0 65.70638653525158 -18.801904630882085 -117.5
1 1 65.01340972948597 -18.5602215491979 -108.0
7314
-------------------New----------------
0 0 -30.392904808545687 113.80094176914983 118.5
0 1 -25.371840329487856 114.15405135962774 108.5
1 0 88.10099288212231 122.10294805754165 -117.5
1 1 83.32993943386464 121.76849199181802 -108.0
7320
-------------------New----------------
0 0 -97.47721213215698 48.35660015906396 118.5
0 1 -95.75515763684544 47.37657812619446 108.5
1 0 -56.702533675881 25.15877091048842 -117.5
1 1 -58.339294779128565 26.0883985044683 -108.0
7323
-------------------New----------------
0 0 -55.46403344887938 70.56843663944308 118.5
0 1 -54.55019629860628 70.85296174659919 108.5
1 0 -33.93881369691967 77.28884124330959 -117.5
1 1 -34.809846824112086 77.01992988749994 -108.0
7328
-------------------New----------------
0 0 45.449497701787564 -91.51776936254282 118.5
0 1 41.4638606373151 -90.09318935380233 108.5
1 0 -48.66395084465618 -57.988612679649336 -117.5
1 1 -44.87440753724495 -59.33508612352868 -108.0
7331
-------------------New----------------
0 0 -5.707064270599004 4.632704193596245 118.5
0 1 -3.562184072198984 2.905264598612258 108.5
1 0 44.90569658358221 -36.12443404848472 -117.5
1 1 42.86776135152501 -34.48368300389814 -108.0
7333
-------------------New----------------
0 0 34.27154360359974 16.939474727247905 118.5
0 1 33.37139148071062 18.683127648672464 108.5
1 0 13.036428760064519 58.09236277724536 -117.5
1 1 13.890602713990338 56.435019454807254 -108.0
7341
-------------------New----------------
0 0 -50.63988935719958 -45.72355708789767 118.5
0 1 -48.61524957705043 -46.668618096038145 108.5
1 0 -2.9447994224940706 -68.00787263981657 -117.5
1 1 -4.867483889324586 -67.10562776093077 -108.0
7343
-------------------New----------------
0 0 -47.02492910589043 -27.0566623208922 118.5
0 1 -47.52065236333578 -27.55347385337559 108.5
1 0 -58.71303686574404 -38.76167631783315 -117.5
1 1 -58.24260366233633 -38.290083699006395 -108.0
7347
-------------------New----------------
0 0 -44.96332171773134 -80.46528489786404 118.5
0 1 -44.312762189730385 -80.68536747172578 108.5
1 0 -29.552347772192128 -85.66178895074489 -117.5
1 1 -30.172654202984468 -85.45515028324493 -108.0
7352
-------------------New----------------
0 0 44.336702542070256 58.6233774017998 118.5
0 1 47.23796950567403 55.091224816569856 108.5
1 0 113.8099916963635 -24.52616000636732 -117.5
1 1 110.98767164836352 -21.178272425292477 -108.0
7353
-------------------New----------------
0 0 7.568781146430088 16.009040098684146 118.5
0 1 6.340293462652626 18.5855755040331 108.5
1 0 -21.256938739135933 76.87524187358622 -117.5
1 1 -20.093219337738454 74.42861407617113 -108.0
7367
-------------------New----------------
0 0 110.68352016964653 -45.82952646120347 118.5
0 1 110.50236188310194 -40.340037556002414 108.5
1 0 106.37859147325096 83.6533773351404 -117.5
1 1 106.55115726137615 78.43530437624943 -108.0
7368
-------------------New----------------
0 0 -6.814064370770777 -42.00070426729779 118.5
0 1 -7.974132725771119 -44.87753421743834 108.5
1 0 -34.03548025270502 -109.85845309950119 -117.5
1 1 -32.93610882972809 -107.1230123598189 -108.0
7369
-------------------New----------------
0 0 61.0455939823402 43.071377703683126 118.5
0 1 56.786943935738556 39.81937195901945 108.5
1 0 -39.37003087608475 -33.75389800772377 -117.5
1 1 -35.33027573007146 -30.662885266640547 -108.0
7371
-------------------New----------------
0 0 -64.10415749374506 29.884377973130547 118.5
0 1 -65.59173706331742 25.267723034819284 108.5
1 0 -99.25265232594064 -79.02472628967394 -117.5
1 1 -97.83633167314652 -74.63545636697299 -108.0
7375
-------------------New----------------
0 0 53.0353682448244 -3.6003457393849714 118.5
0 1 53.367313716299705 -1.6942471328050601 108.5
1 0 60.79921245062347 41.4416253807869 -117.5
1 1 60.490379559157894 39.62930387854918 -108.0
7383
-------------------New----------------
0 0 -56.13427370011882 -11.030146308006582 118.5
0 1 -57.92522337393731 -5.2642492921877615 108.5
1 0 -98.27277130400356 124.94640435615611 -117.5
1 1 -96.58146420324871 119.4803214020018 -108.0
7385
-------------------New----------------
0 0 51.67601736400919 105.42456599458528 118.5
0 1 51.29947989243202 104.97339528627631 108.5
1 0 42.79615238483599 94.78462085509295 -117.5
1 1 43.1533463440456 95.21275163182881 -108.0
7391
-------------------New----------------
0 0 85.22827251119722 23.846912013097732 118.5
0 1 85.72910238469953 24.391252438040826 108.5
1 0 97.04996489329322 36.71729459514891 -117.5
1 1 96.572889302567 36.19941172501449 -108.0
7394
-------------------New----------------
0 0 7.595090236130697 24.227658173368045 118.5
0 1 7.210329091205563 24.031307575375685 108.5
1 0 -1.4840709818959368 19.58374046775731 -117.5
1 1 -1.117870848779394 19.77040788962048 -108.0
7397
-------------------New----------------
0 0 4.354505650830253 66.43337865639788 118.5
0 1 3.8658927172113806 67.64602323067639 108.5
1 0 -7.2005176737498005 95.08101472955914 -117.5
1 1 -6.734139945452893 93.92620148108632 -108.0
7404
-------------------New----------------
0 0 -36.629445982238074 -0.22373172589876394 118.5
0 1 -39.30258455896147 -1.968425940319743 108.5
1 0 -99.69423766576102 -41.420768662191655 -117.5
1 1 -97.1560637285372 -39.76175235968201 -108.0
7406
-------------------New----------------
0 0 67.45939611204452 -51.95976225126909 118.5
0 1 68.75829724543281 -50.2898745197399 108.5
1 0 98.10661906825923 -12.538692957830559 -117.5
1 1 96.87371406220046 -14.124184999904696 -108.0
7407
-------------------New----------------
0 0 -44.70844442817423 77.88904145789165 118.5
0 1 -47.44898293990418 75.60120806059004 108.5
1 0 -109.35560002660266 23.852566439393218 -117.5
1 1 -106.75554410847599 26.029645724522492 -108.0
7421
-------------------New----------------
0 0 -40.665917691896524 52.17866610552626 118.5
0 1 -41.57417856059814 48.568222760455185 108.5
1 0 -62.17261321946802 -33.01375169714321 -117.5
1 1 -61.30312684355995 -29.585421786717415 -108.0
7431
-------------------New----------------
0 0 25.607078252111364 -59.41699656975986 118.5
0 1 25.401526592661988 -57.680458411188184 108.5
1 0 20.74368314998842 -18.66707471904858 -117.5
1 1 20.94513141831651 -20.29908147929578 -108.0
7434
-------------------New----------------
0 0 64.00753854474249 -24.221080693344394 118.5
0 1 66.14623352667789 -23.462683987232545 108.5
1 0 114.60573458213477 -6.408836572555688 -117.5
1 1 112.56591075236918 -7.123790126147334 -108.0
7442
-------------------New----------------
0 0 -46.52619440308048 -2.880432802124962 118.5
0 1 -40.71436956575178 -4.425350668320423 108.5
1 0 90.61439795413318 -39.36911515197615 -117.5
1 1 85.09511230619383 -37.900636074673976 -108.0
7447
-------------------New----------------
0 0 -3.8903548330372515 -0.31229004107281355 118.5
0 1 -6.173539335447952 -2.3832840606009174 108.5
1 0 -57.8047875321699 -49.18737968366621 -117.5
1 1 -55.63216875575849 -47.21920400296855 -108.0
7456
-------------------New----------------
0 0 -5.213192893822735 -63.338462601807386 118.5
0 1 -2.8991149823609854 -60.673106196156276 108.5
1 0 49.433534794261625 -0.4450322463694816 -117.5
1 1 47.235472593853984 -2.9735178178133763 -108.0
7470
-------------------New----------------
0 0 -34.086414912686436 -27.119238797234782 118.5
0 1 -31.19077025088935 -24.925658526085897 108.5
1 0 52.547045391068835 31.20902031702724 -117.5
1 1 48.18646717291559 28.56771542228582 -108.0
7478
-------------------New----------------
0 0 9.114387973368064 -44.71512857215663 118.5
0 1 7.631000014344234 -44.622135768121225 108.5
1 0 -26.088878320892086 -42.26438685837273 -117.5
1 1 -24.6684759265345 -42.370000703438436 -108.0
7481
-------------------New----------------
0 0 88.95959511693209 9.935024921037954 118.5
0 1 86.3806415892902 10.346705103212837 108.5
1 0 28.10100571973145 19.63291090377086 -117.5
1 1 30.551295516412885 19.2435091411473 -108.0
7491
-------------------New----------------
0 0 -16.998470179529257 109.20664899758849 118.5
0 1 -19.255125289317284 107.84687641945304 108.5
1 0 -70.28782922006502 77.09121051635421 -117.5
1 1 -68.14129844557176 78.38405760129723 -108.0
7495
-------------------New----------------
0 0 -81.84044236246396 -49.203669791394965 118.5
0 1 -82.03584800610969 -50.23260506679441 108.5
1 0 -86.65419822707656 -73.62503508936081 -117.5
1 1 -86.45858404432661 -72.63672994534735 -108.0
7501
-------------------New----------------
0 0 -64.34737558900056 108.49625974788962 118.5
0 1 -66.20970823135909 107.28870801974725 108.5
1 0 -108.24123083638759 79.94625967723633 -117.5
1 1 -106.4752617071528 81.09573055988706 -108.0
7511
-------------------New----------------
0 0 24.686577103062312 40.91102815789432 118.5
0 1 19.851572396062767 41.11991299447068 108.5
1 0 -89.44362045129114 45.85116750516271 -117.5
1 1 -84.84902143231008 45.65122163062327 -108.0
7512
-------------------New----------------
0 0 1.8309750206005586 -16.959824446583873 118.5
0 1 3.687270510170084 -15.206914766731987 108.5
1 0 45.559516119305115 24.25445554677021 -117.5
1 1 43.801461209580154 22.596443077141505 -108.0
7517
-------------------New----------------
0 0 -24.47865253497663 -31.66030354083751 118.5
0 1 -27.085341146422035 -33.539335201851074 108.5
1 0 -86.06174009431018 -75.90897594748063 -117.5
1 1 -83.58121596003488 -74.13150894208061 -108.0
7520
-------------------New----------------
0 0 79.77578545994788 -57.19035852576049 118.5
0 1 76.56244981378924 -55.29245520604026 108.5
1 0 3.9487524564230476 -12.41281674451377 -117.5
1 1 7.002995846159379 -14.212148605107881 -108.0
7525
-------------------New----------------
0 0 -97.56386561960156 36.68433223462769 118.5
0 1 -97.77177102515603 35.10907214066718 108.5
1 0 -102.45888424170944 -0.4263446414036382 -117.5
1 1 -102.26546707935746 1.066179309654276 -108.0
7526
-------------------New----------------
0 0 45.20027229895386 26.704732068579858 118.5
0 1 47.58466669230462 29.172333663862748 108.5
1 0 101.30973814316248 84.85387778474949 -117.5
1 1 99.0536226602441 82.5182806623238 -108.0
7527
-------------------New----------------
0 0 -81.62317116458992 -89.35407730970975 118.5
0 1 -80.73330582499212 -90.98348453996161 108.5
1 0 -60.44221142324263 -127.85274225576438 -117.5
1 1 -61.28779230382223 -126.29816067101288 -108.0
7549
-------------------New----------------
0 0 -104.00453162808897 -47.627894347977545 118.5
0 1 -104.60982125296705 -47.19212337922437 108.5
1 0 -118.30001116057892 -37.35178178629633 -117.5
1 1 -117.7249275119054 -37.764708797702625 -108.0
7566
-------------------New----------------
0 0 -22.998667289874895 91.43746787593538 118.5
0 1 -22.085305340285366 91.80006466901173 108.5
1 0 -1.4035201318585726 99.90092820395127 -117.5
1 1 -2.2767547985807175 99.5658485849282 -108.0
7573
-------------------New----------------
0 0 -57.69222565463608 2.7699712029034758 118.5
0 1 -52.78744533733512 5.904870887654067 108.5
1 0 57.955557519388194 76.42037803500956 -117.5
1 1 53.288521740302315 73.4530383588692 -108.0
7578
-------------------New----------------
0 0 59.37907037419761 3.509395832665205 118.5
0 1 59.302316874294846 3.5420656200175324 108.5
1 0 57.57722349330629 4.279486089796048 -117.5
1 1 57.64928515465776 4.24898796697106 -108.0
7580
-------------------New----------------
0 0 25.844688034469943 -79.60330092775673 118.5
0 1 27.25456499067702 -80.18744352494244 108.5
1 0 59.127019414544506 -93.39416921761179 -117.5
1 1 57.7869427298629 -92.83870759793581 -108.0
7586
-------------------New----------------
0 0 -19.727744249453764 -54.408923088362044 118.5
0 1 -13.287953660087311 -53.62956184857315 108.5
1 0 -71.24564509884816 -7.56578078151865 -117.5
1 1 126.12068728093334 -36.765753226898234 -108.0
7599
-------------------New----------------
0 0 -5.226919836111527 -24.539219326211434 118.5
0 1 -6.917977090528034 -27.424811080130432 108.5
1 0 -45.19337032861443 -92.58812001562089 -117.5
1 1 -43.58425775470667 -89.84980344229305 -108.0
7600
-------------------New----------------
0 0 -36.10114798999432 -1.422108957912873 118.5
0 1 -35.23407390429035 1.3255729608302729 108.5
1 0 -15.823021492186857 63.413048283530216 -117.5
1 1 -16.626478442883826 60.80325215161844 -108.0
7603
-------------------New----------------
0 0 88.52946166513422 20.92732916912176 118.5
0 1 90.18320017380182 21.40326451309286 108.5
1 0 127.61291346855282 32.068200581339994 -117.5
1 1 126.03538881412888 31.621124409978904 -108.0
7620
-------------------New----------------
0 0 -27.65599124245897 7.332825607934359 118.5
0 1 -23.59508278884917 2.4731736975558083 108.5
1 0 68.21371366688764 -107.33757172399831 -117.5
1 1 64.35407304306256 -102.72181470572416 -108.0
7621
-------------------New----------------
0 0 -7.697409641935114 24.979357301492236 118.5
0 1 -9.01100537622303 21.763169113606047 108.5
1 0 -38.75613282597808 -50.872074678567294 -117.5
1 1 -37.507626873102275 -47.81737503459438 -108.0
7623
-------------------New----------------
0 0 -121.52273990056858 108.7706423578783 118.5
0 1 -121.67465923834246 108.2278991947395 108.5
1 0 -125.07904390785411 95.98818936109522 -117.5
1 1 -124.95581936657015 96.49092021689829 -108.0
7626
-------------------New----------------
0 0 48.074466480398264 26.902318834206703 118.5
0 1 44.42289103819349 30.033057364219864 108.5
1 0 -38.11285775485972 100.78612134769843 -117.5
1 1 -34.643327618626074 97.81166589920339 -108.0
7630
-------------------New----------------
0 0 -110.00831535093683 -49.346668659349895 118.5
0 1 -110.30474050245543 -51.33462885476886 108.5
1 0 -116.99793077953322 -96.27289259919037 -117.5
1 1 -116.71704119182527 -94.38389731667728 -108.0
7632
-------------------New----------------
0 0 52.09673416546964 85.25798451104221 118.5
0 1 50.41475848286208 86.4819958106829 108.5
1 0 12.415865677913452 114.13884681008685 -117.5
1 1 14.012928057277588 112.9767203626623 -108.0
7633
-------------------New----------------
0 0 -70.28010705010074 -38.953772955929864 118.5
0 1 -68.22437665147683 -39.11351182714994 108.5
1 0 -21.762483971455254 -42.73055082635015 -117.5
1 1 -23.716108776746886 -42.578121329784004 -108.0
7639
-------------------New----------------
0 0 -53.107582447732604 -13.134968660481869 118.5
0 1 -49.468416326295184 -12.291674296103661 108.5
1 0 32.777747097226026 6.767053729260814 -117.5
1 1 29.320508473477634 5.965871648255435 -108.0
7641
-------------------New----------------
0 0 90.36250313325309 65.17738706820384 118.5
0 1 91.58985225028816 67.07141099867934 108.5
1 0 119.20770275236416 109.64058903774972 -117.5
1 1 118.05035479488781 107.85613757667242 -108.0
7643
-------------------New----------------
0 0 -33.06003954219939 -33.97738728941408 118.5
0 1 -36.30976313540247 -27.172897881413228 108.5
1 0 -109.78747689526412 126.62419057717356 -117.5
1 1 -106.69700370028053 120.15897187421756 -108.0
7654
-------------------New----------------
0 0 60.13275388424213 25.328235446219495 118.5
0 1 56.893220422556794 28.50696179890603 108.5
1 0 -16.322591976829976 100.33493371174072 -117.5
1 1 -13.24487626711342 97.31564061784499 -108.0
7661
-------------------New----------------
0 0 -10.732425928138774 34.996798515037426 118.5
0 1 -14.900142110004406 38.11501295299621 108.5
1 0 -109.0614743355272 108.60850138009081 -117.5
1 1 -105.10325933418918 105.64435515439902 -108.0
7662
-------------------New----------------
0 0 78.90449380331998 30.54270891803331 118.5
0 1 76.03114344623152 30.477929141964573 108.5
1 0 11.09584407753613 29.013741343614175 -117.5
1 1 13.825453160360752 29.07549950243402 -108.0
7676
-------------------New----------------
0 0 82.1147929831408 -59.83444064789055 118.5
0 1 81.08043631520135 -60.354304524459316 108.5
1 0 57.836348222491026 -72.11862833906278 -117.5
1 1 58.811824148449865 -71.62220984285695 -108.0
7681
-------------------New----------------
0 0 -31.679222834017985 62.69057266783062 118.5
0 1 -34.45130850084123 62.727024412398535 108.5
1 0 -96.915371571511 63.53863690967479 -117.5
1 1 -94.29303102002127 63.50221951970899 -108.0
7688
-------------------New----------------
0 0 -29.378672901890013 49.300516000742924 118.5
0 1 -27.72712104687816 52.055408482671794 108.5
1 0 9.618295572471274 114.26216817673658 -117.5
1 1 8.047411337065508 111.64724300270514 -108.0
7707
-------------------New----------------
0 0 -45.85706405246066 -28.99444587578096 118.5
0 1 -44.39276333517225 -22.676602226432436 108.5
1 0 -11.25360331236148 120.07348731401734 -117.5
1 1 -12.645299432875559 114.07250566519076 -108.0
7727
-------------------New----------------
0 0 2.546874666916281 -101.46473085944804 118.5
0 1 3.0923757541717554 -102.08056615758241 108.5
1 0 15.276484898023735 -116.03904863145173 -117.5
1 1 14.768759776704812 -115.45165419235487 -108.0
7729
-------------------New----------------
0 0 -17.73471861021354 17.822732654204057 118.5
0 1 -19.17179118285872 14.632943077101137 108.5
1 0 -51.673911570601334 -57.474486164661606 -117.5
1 1 -50.30715894956859 -54.44226058633261 -108.0
7735
-------------------New----------------
0 0 -52.41996534954025 39.69536464511574 118.5
0 1 -49.372117545285256 36.25374458091737 108.5
1 0 21.326933911995756 -40.48456692591301 -117.5
1 1 18.272930857104534 -37.30338271502961 -108.0
7738
-------------------New----------------
0 0 -77.98445035533533 -117.37249845027634 118.5
0 1 -74.7412563655477 -116.76035180879701 108.5
1 0 -1.4481318408648125 -102.92389504249142 -117.5
1 1 -4.5289516383189845 -103.50553248120113 -108.0
7741
-------------------New----------------
0 0 -61.20361742641414 -66.25422434119922 118.5
0 1 -59.2601550409456 -62.30987776200705 108.5
1 0 -15.312591201312788 26.724330980921582 -117.5
1 1 -17.155426043421556 22.98234774002362 -108.0
7764
-------------------New----------------
0 0 -42.28416256190036 -29.852680304331006 118.5
0 1 -43.32775860696731 -25.818596414406272 108.5
1 0 -66.92390657661416 65.35471680299416 -117.5
1 1 -65.9320296057942 61.52215440374531 -108.0
7769
-------------------New----------------
0 0 111.16326994211045 -77.605585207814 118.5
0 1 109.9837458855176 -76.49980266143538 108.5
1 0 83.32961426856795 -51.516845720766526 -117.5
1 1 84.44916018816072 -52.56625035933435 -108.0
7770
-------------------New----------------
0 0 42.13617776310721 12.980673217708844 118.5
0 1 38.13826202900974 16.654070777484772 108.5
1 0 -52.25075046195951 99.67102618862374 -117.5
1 1 -48.45000815054556 96.17868029601325 -108.0
7779
-------------------New----------------
0 0 -87.43658015491476 -15.287405152341629 118.5
0 1 -85.70134889172087 -17.994520554450705 108.5
1 0 -46.4448153524583 -79.23656274223129 -117.5
1 1 -48.087983765575885 -76.67008716743645 -108.0
7784
-------------------New----------------
0 0 -6.174225339030711 -17.962661141933843 118.5
0 1 -8.717792328880064 -14.13360694147563 108.5
1 0 -66.13901033044263 72.51744968142069 -117.5
1 1 -63.72631326896686 68.8748509421151 -108.0
7786
-------------------New----------------
0 0 50.11609960973773 44.571741156769924 118.5
0 1 45.778258280865685 46.383730318580646 108.5
1 0 -52.39521950581612 87.37868934292729 -117.5
1 1 -48.268877023267315 85.65506283936254 -108.0
7794
-------------------New----------------
0 0 -16.59675254458367 -65.58780239019669 118.5
0 1 -17.532297671039302 -66.30903050651827 108.5
1 0 -38.67247025868609 -82.60615248288335 -117.5
1 1 -37.783204344035866 -81.92364030555119 -108.0
7800
-------------------New----------------
0 0 -0.13337913974795207 -28.844192332610657 118.5
0 1 -0.27254611539248297 -23.591929065289637 108.5
1 0 -3.3885084534035337 95.11860487012487 -117.5
1 1 -3.258335640935589 90.12904847452661 -108.0
7811
-------------------New----------------
0 0 -31.5318560540067 -46.130493979233826 118.5
0 1 -35.435893203337116 -48.26822929522816 108.5
1 0 -123.67959019632887 -96.64766090357215 -117.5
1 1 -119.97254348748652 -94.62511292614275 -108.0
7822
-------------------New----------------
0 0 -90.61810415487169 -27.745212545204577 118.5
0 1 -90.06280363374235 -24.509095360579686 108.5
1 0 -77.49712111899986 48.63733363539857 -117.5
1 1 -78.02581637287682 45.562245625290885 -108.0
7824
-------------------New----------------
0 0 86.26788067894513 34.242753380473246 118.5
0 1 83.4593592259528 29.664669262029616 108.5
1 0 19.981411747854786 -73.85485705530175 -117.5
1 1 22.643298304186118 -69.50452284226944 -108.0
7825
-------------------New----------------
0 0 54.618869482809814 24.985059674201096 118.5
0 1 53.00074722887537 22.150009235905426 108.5
1 0 16.34767627536939 -41.67975542170357 -117.5
1 1 17.88725238764726 -39.00914177887728 -108.0
7832
-------------------New----------------
0 0 -61.34242152806454 -47.49621052810961 118.5
0 1 -58.98628119076493 -46.50955142674353 108.5
1 0 -5.737038332771814 -24.21334788187466 -117.5
1 1 -7.975301507803533 -25.150666210417914 -108.0
7833
-------------------New----------------
0 0 -60.06715656512728 86.03410546098422 118.5
0 1 -62.606656571072975 84.71015477665122 108.5
1 0 -120.00353218427438 54.79821919432756 -117.5
1 1 -117.59172341576934 56.054695715574226 -108.0
7834
-------------------New----------------
0 0 35.35501268124846 -84.9991087545367 118.5
0 1 38.17695576165458 -83.23869596435259 108.5
1 0 101.99321045614472 -43.45128736129146 -117.5
1 1 99.30453453656304 -45.12409231234118 -108.0
7836
-------------------New----------------
0 0 32.082211324191306 104.35589083462901 118.5
0 1 35.36504442757117 105.15405213578796 108.5
1 0 109.53509448676482 123.2365144614503 -117.5
1 1 106.41720782639038 122.47589603425918 -108.0
7838
-------------------New----------------
0 0 60.91211053741864 -14.077136236454313 118.5
0 1 61.6327563087381 -13.1488639691734 108.5
1 0 77.88240519431017 7.860279587172047 -117.5
1 1 77.20029636209935 6.975922639701723 -108.0
7848
-------------------New----------------
0 0 60.37367249652781 11.807482298964052 118.5
0 1 60.96240059548951 14.535751903471006 108.5
1 0 74.40632765127864 76.39955028951478 -117.5
1 1 73.8362749971565 73.80826265358125 -108.0
7851
-------------------New----------------
0 0 58.21877125374995 -24.175593029342803 118.5
0 1 57.23957639268572 -19.49205039541557 108.5
1 0 34.84722210531051 86.37959926317765 -117.5
1 1 35.79578423652408 81.92217264063586 -108.0
7852
-------------------New----------------
0 0 40.21738819826818 2.2789187472803816 118.5
0 1 36.64650094554025 3.24335346967228 108.5
1 0 -44.11702957165492 25.011702737093028 -117.5
1 1 -40.71792411041459 24.09636813711717 -108.0
7861
-------------------New----------------
0 0 21.82974480091947 34.72265290453092 118.5
0 1 22.440464537239087 33.37044685701953 108.5
1 0 36.24280602263591 2.807804518790113 -117.5
1 1 35.66242365372318 4.092772388697842 -108.0
7876
-------------------New----------------
0 0 -2.4910738466705973 -39.836880888157765 118.5
0 1 -4.064422284330826 -38.75463654768579 108.5
1 0 -39.613666026138326 -14.33471878700638 -117.5
1 1 -38.119613274934096 -15.36135513708769 -108.0
7890
-------------------New----------------
0 0 14.644638614311898 41.70928068390288 118.5
0 1 10.46635726179936 44.40661376504518 108.5
1 0 -83.93050511060248 105.36290818381144 -117.5
1 1 -79.95860247344976 102.80590844994713 -108.0
7892
-------------------New----------------
0 0 -27.760884164714405 -55.28290899561176 118.5
0 1 -27.310241015868826 -56.95743951795534 108.5
1 0 -17.132551160219787 -94.78247898623559 -117.5
1 1 -17.559154335182217 -93.1909107109163 -108.0
7898
-------------------New----------------
0 0 -62.16447340766325 40.03763931563823 118.5
0 1 -64.59339973877844 41.74579443833123 108.5
1 0 -119.4856253806676 80.36145517271748 -117.5
1 1 -117.17776819169674 78.7379656804476 -108.0
7921
-------------------New----------------
0 0 -26.110763578473943 17.604014729232585 118.5
0 1 -27.763898596811476 14.55909473915358 108.5
1 0 -65.16448041240872 -54.881233016609144 -117.5
1 1 -63.57082525286006 -51.94794109562692 -108.0
7930
-------------------New----------------
0 0 34.62867772994544 36.1769863368594 118.5
0 1 36.10566636170343 37.77171918197678 108.5
1 0 69.54450318117686 73.79401334479557 -117.5
1 1 68.13855695058578 72.28029797106393 -108.0
7935
-------------------New----------------
0 0 17.302051550863414 -59.43786581810177 118.5
0 1 13.52297562591563 -61.43325652912311 108.5
1 0 -72.0232488577373 -106.52567853546464 -117.5
1 1 -68.42881370239061 -104.62761738898728 -108.0
7946
-------------------New----------------
0 0 -68.1996803360095 50.64822631117052 118.5
0 1 -65.27886348617172 53.46384114684381 108.5
1 0 0.7868912308242486 116.43387213587721 -117.5
1 1 -1.971565176120054 113.77617740616543 -108.0
7951
-------------------New----------------
0 0 36.47837705341338 -89.9588486608898 118.5
0 1 38.012087663091805 -87.71183193345205 108.5
1 0 72.75625521332107 -36.810434286010704 -117.5
1 1 71.29179591052042 -38.94830016460543 -108.0
7958
-------------------New----------------
0 0 79.91104834051255 -11.74689324691384 118.5
0 1 81.4172970197381 -10.461070235024284 108.5
1 0 115.15021432722342 18.690724148391418 -117.5
1 1 113.74277832515926 17.46170337465413 -108.0
7960
-------------------New----------------
0 0 -43.97823024957784 -98.20141766832926 118.5
0 1 -44.830840923517464 -97.18394814259969 108.5
1 0 -64.09742163233115 -74.22472840958451 -117.5
1 1 -63.288325111099866 -75.18786518312939 -108.0
7963
-------------------New----------------
0 0 97.0368675295965 109.02247535320032 118.5
0 1 96.87744409079833 107.71604670698196 108.5
1 0 93.34042164929777 78.1077778703129 -117.5
1 1 93.48792297420098 79.35502422365525 -108.0
7977
-------------------New----------------
0 0 -48.81391542447604 65.32635840246829 118.5
0 1 -48.02954346672021 65.56600672392743 108.5
1 0 -30.276102419626334 70.93183076830726 -117.5
1 1 -31.02341220844904 70.70874163625311 -108.0
7980
-------------------New----------------
0 0 77.7511013558843 80.46158596598623 118.5
0 1 83.1913408899734 84.31664810133078 108.5
1 0 73.7943882002962 115.6220246747258 -117.5
1 1 70.28456766671779 114.0582205757003 -108.0
7987
-------------------New----------------
0 0 -43.38780168947353 -82.00516352113667 118.5
0 1 -45.53755926766523 -79.04114810443056 108.5
1 0 -94.10379130401836 -12.084503680240857 -117.5
1 1 -92.06319484542573 -14.89820091927297 -108.0
7993
-------------------New----------------
0 0 52.953725868066364 -20.277885807913584 118.5
0 1 55.25573761363474 -19.58553472309105 108.5
1 0 107.2807723818856 -3.953543633615362 -117.5
1 1 105.09371488221487 -4.610889326525905 -108.0
8003
-------------------New----------------
0 0 34.58559159874311 -69.38549887595104 118.5
0 1 28.952549813616304 -70.28417751018225 108.5
1 0 -98.59383043080695 -90.67819323101585 -117.5
1 1 -93.2265963781737 -89.82195157785199 -108.0
8008
-------------------New----------------
0 0 23.709639679083296 -95.27158620075456 118.5
0 1 24.86819211993495 -93.42655614127042 108.5
1 0 51.0480344934606 -51.74970020600739 -117.5
1 1 49.94810124456824 -53.500231304961645 -108.0
8014
-------------------New----------------
0 0 4.015342998138776 33.66802682953292 118.5
0 1 7.224766539210146 31.219171236717813 108.5
1 0 79.8746669529606 -23.82391096924578 -117.5
1 1 76.82119810537696 -21.508874680237078 -108.0
8025
-------------------New----------------
0 0 -69.79066076189967 21.200337941751922 118.5
0 1 -67.12934502360892 15.738941324797992 108.5
1 0 -7.09545378622331 -107.30458797663371 -117.5
1 1 -9.604075750118323 -102.13616374722544 -108.0
8032
-------------------New----------------
0 0 20.77922153048197 3.49144696245705 118.5
0 1 20.63703156740609 -1.74218672142966 108.5
1 0 17.786848771224562 -119.70944052707284 -117.5
1 1 17.89837031548693 -114.76658666266621 -108.0
8034
-------------------New----------------
0 0 -5.402475683088818 -21.884551724320005 118.5
0 1 -7.325322776615484 -17.177545870352628 108.5
1 0 -50.782890323459675 89.19907985284436 -117.5
1 1 -48.9559351144964 84.72732280221585 -108.0
8045
-------------------New----------------
0 0 -64.34851996272813 -75.83239555015561 118.5
0 1 -66.31113767232533 -72.68355101669165 108.5
1 0 -110.66930674283734 -1.5177466199229326 -117.5
1 1 -108.80477181369827 -4.5091982492017575 -108.0
8048
-------------------New----------------
0 0 1.4393033174936953 105.15416410398151 118.5
0 1 6.658820169874002 104.94670408101567 108.5
1 0 124.43881048591425 100.45818548600484 -117.5
1 1 119.48643009937703 100.64410396429716 -108.0
8052
-------------------New----------------
0 0 44.0520201403056 53.62934503401779 118.5
0 1 43.82349222794902 51.41394537214357 108.5
1 0 38.65946401717807 1.347226323601203 -117.5
1 1 38.8768289835708 3.45215878051636 -108.0
8057
-------------------New----------------
0 0 76.8198532032034 32.40605351839898 118.5
0 1 77.72012043651853 30.552608243196268 108.5
1 0 98.15179104880383 -11.411307913246102 -117.5
1 1 97.28950107436735 -9.645881484429134 -108.0
8064
-------------------New----------------
0 0 29.46490396672637 -96.54688248018621 118.5
0 1 25.34542318978643 -95.66410485799241 108.5
1 0 -67.72455733111347 -75.72452856445264 -117.5
1 1 -63.80976332538629 -76.562160307835 -108.0
8075
-------------------New----------------
0 0 -20.874136196354378 -6.112788585169016 118.5
0 1 -22.19235280460226 -4.875284492334986 108.5
1 0 -51.97851943658558 23.091728537075674 -117.5
1 1 -50.72634135608156 21.91618882178666 -108.0
8086
-------------------New----------------
0 0 -102.26603014080555 76.21162086817597 118.5
0 1 -100.96470273705538 78.10609279376236 108.5
1 0 -72.0468597907507 122.73585206955583 -117.5
1 1 -73.26048283264069 120.67363751299509 -108.0
8093
-------------------New----------------
0 0 24.574000042293733 65.83764800954876 118.5
0 1 27.664559468209337 65.34866808431956 108.5
1 0 97.50472984624564 54.22487769622211 -117.5
1 1 94.5674445579011 54.70500001382713 -108.0
8106
-------------------New----------------
0 0 -74.39081983512952 -25.180442889173506 118.5
0 1 -70.65905087578251 -21.57437233409777 108.5
1 0 13.656087041442897 60.03595807502403 -117.5
1 1 10.11300044322198 56.59222882802065 -108.0
8111
-------------------New----------------
0 0 49.40298273920191 34.370988405617155 118.5
0 1 51.82510938517019 29.53323281787121 108.5
1 0 105.94914715973519 -79.62146654342577 -117.5
1 1 103.67710803014579 -75.0437753136312 -108.0
8120
-------------------New----------------
0 0 44.25562682069283 -95.64141405161931 118.5
0 1 40.43669911475528 -95.17769336441748 108.5
1 0 -45.868468712596986 -84.69553851582432 -117.5
1 1 -42.24062020515923 -85.13629134929836 -108.0
8121
-------------------New----------------
0 0 -73.88857037744089 -54.724587564326804 118.5
0 1 -75.6415443296345 -54.19936679894105 108.5
1 0 -115.32498835740493 -42.48747449602325 -117.5
1 1 -113.65634764927309 -42.97556013129491 -108.0
8123
-------------------New----------------
0 0 50.8288784344664 -116.42065702926284 118.5
0 1 49.382113833312495 -116.2366708058009 108.5
1 0 16.694268715808242 -112.06630549119761 -117.5
1 1 18.067451061083013 -112.24184941046049 -108.0
8132
-------------------New----------------
0 0 84.0331722659377 -4.146745601256362 118.5
0 1 84.01129220607376 -0.6606607742102965 108.5
1 0 83.49391056363596 77.95814876443714 -117.5
1 1 83.52334322416199 74.65580914777229 -108.0
8146
-------------------New----------------
0 0 -23.992338043178844 91.27149746466992 118.5
0 1 -21.62512468163319 92.17873141612635 108.5
1 0 31.80641809838533 112.69722340062806 -117.5
1 1 29.560046552758145 111.83262342671057 -108.0
8153
-------------------New----------------
0 0 87.55062804917272 32.77730563470481 118.5
0 1 88.31951931274799 27.49834407148399 108.5
1 0 105.49824890337376 -92.39959574882326 -117.5
1 1 104.77372304465794 -87.34230067437807 -108.0
8156
-------------------New----------------
0 0 -114.20905857903206 95.67206985577373 118.5
0 1 -113.75539085235835 95.49439091579761 108.5
1 0 -103.5117318687408 91.49925347757019 -117.5
1 1 -103.9424956481128 91.66731766164597 -108.0
8157
-------------------New----------------
0 0 41.044239593068035 78.04208743408506 118.5
0 1 38.46264020606463 77.68159528768697 108.5
1 0 -19.917043618583033 69.53748801791919 -117.5
1 1 -17.46242205195538 69.8808464090108 -108.0
8180
-------------------New----------------
0 0 -62.768061891450444 -25.764941553156365 118.5
0 1 -60.95567816551769 -29.28485531829633 108.5
1 0 -19.459132904862308 -109.2670055452644 -117.5
1 1 -21.19481203827977 -105.89492464715617 -108.0
8190
-------------------New----------------
0 0 25.853571933679273 17.60570790696078 118.5
0 1 28.381978765882366 20.174731958685747 108.5
1 0 85.70549043122101 78.28068622677357 -117.5
1 1 83.29116100306824 75.84026057135011 -108.0
8202
-------------------New----------------
0 0 13.164062895895606 19.47027471295642 118.5
0 1 9.473628366591266 19.999824470226606 108.5
1 0 -73.891200270038 31.957594550301337 -117.5
1 1 -70.38928820780757 31.454901853617628 -108.0
8209
-------------------New----------------
0 0 -29.736778887752205 85.71592685511936 118.5
0 1 -27.89578666355927 84.25466012068031 108.5
1 0 13.70895500202975 51.25695128727108 -117.5
1 1 11.959628597248878 52.64333888805756 -108.0
8213
-------------------New----------------
0 0 2.092163318669351 -62.10571610298594 118.5
0 1 -2.8716441013517735 -58.09655733968742 108.5
1 0 -115.04017762045343 32.50779234548675 -117.5
1 1 -110.32564103576051 28.699721838370447 -108.0
8219
-------------------New----------------
0 0 -59.24079616526418 75.53312053473886 118.5
0 1 -54.91293130336462 76.08586349236374 108.5
1 0 42.89788580619154 88.56615305084117 -117.5
1 1 38.785504550984356 88.0419692003236 -108.0
8220
-------------------New----------------
0 0 88.13354218190571 110.01930349745098 118.5
0 1 86.43743792331584 108.82587719144276 108.5
1 0 48.183194377688515 81.84904984551574 -117.5
1 1 49.7886087897745 82.98021545577674 -108.0
8221
-------------------New----------------
0 0 -49.66430916778383 -101.00738937504437 118.5
0 1 -46.95409879794981 -101.55551780235336 108.5
1 0 14.296065688395043 -113.98705758687754 -117.5
1 1 11.72134429229153 -113.46251975570422 -108.0
8223
-------------------New----------------
0 0 -0.7977751105059413 -22.00977232113079 118.5
0 1 0.7021861639921823 -25.54018150445166 108.5
1 0 34.73817611661786 -105.28769797775817 -117.5
1 1 33.305497820487204 -101.93280122900188 -108.0
8230
-------------------New----------------
0 0 -67.8711520923898 -16.266787071369293 118.5
0 1 -68.34137912178844 -20.486675878855642 108.5
1 0 -79.0129988646402 -115.84731078997682 -117.5
1 1 -78.56374775187822 -111.83921229418532 -108.0
8231
-------------------New----------------
0 0 -67.08353067350447 -18.217315970145794 118.5
0 1 -65.41846009799403 -18.611496345964166 108.5
1 0 -27.890951693214998 -27.767075209886144 -117.5
1 1 -29.473883652998 -27.381938429959273 -108.0
8241
-------------------New----------------
0 0 19.877602372742817 -68.41006587106227 118.5
0 1 23.282580610516664 -65.84610619449361 108.5
1 0 100.21616905224678 -7.917329081541295 -117.5
1 1 96.98289615454703 -10.351488531872146 -108.0
8245
-------------------New----------------
0 0 -13.001660662116695 109.46244599924094 118.5
0 1 -11.176132488688042 109.21898785733916 108.5
1 0 30.104211903244767 103.82877284086655 -117.5
1 1 28.36703945878911 104.05693349696534 -108.0
8264
-------------------New----------------
0 0 -6.8138514220496065 47.49079708177864 118.5
0 1 -7.5556658347466295 48.112298246975435 108.5
1 0 -24.33125418317271 62.15060567100248 -117.5
1 1 -23.625331382441708 61.560789636690686 -108.0
8265
-------------------New----------------
0 0 -15.087944541292359 4.354756580508224 118.5
0 1 -11.389406871225457 1.3950180094554867 108.5
1 0 72.15790895931869 -65.73230372967353 -117.5
1 1 68.642703525117 -62.90806325376157 -108.0
8266
-------------------New----------------
0 0 -48.10188594286979 63.19724111457035 118.5
0 1 -47.165474283887 58.76662221246197 108.5
1 0 -26.0017123161563 -41.348976825084925 -117.5
1 1 -26.89237899696795 -37.13972253291691 -108.0
8268
-------------------New----------------
0 0 76.4768945378964 -26.443605638740365 118.5
0 1 76.94851871315424 -24.673516310888978 108.5
1 0 87.77001132487018 15.273123960235406 -117.5
1 1 87.3129851522291 13.592112689817048 -108.0
8270
-------------------New----------------
0 0 -49.70426309183882 -44.31586179528804 118.5
0 1 -50.772061638119574 -41.73172743275965 108.5
1 0 -74.87651097349354 16.700247593375984 -117.5
1 1 -73.86324789536417 14.243101677755401 -108.0
8276
-------------------New----------------
0 0 -61.46915201841559 109.01898030745858 118.5
0 1 -62.54030774176687 109.6562103666344 108.5
1 0 -86.76603410524396 124.06327146607211 -117.5
1 1 -85.74706205027489 123.45731673336354 -108.0
8280
-------------------New----------------
0 0 -76.97952290372615 -119.18726770336544 118.5
0 1 -75.82824940626456 -119.06560644692902 108.5
1 0 -49.82602313359334 -116.31940035172504 -117.5
1 1 -50.91932817774267 -116.43458005785558 -108.0
8284
-------------------New----------------
0 0 -113.7467530082329 25.419097045580074 118.5
0 1 -114.01196937570123 24.063904541899593 108.5
1 0 -120.00512724161509 -6.558279490023578 -117.5
1 1 -119.75307246346088 -5.271012805540712 -108.0
8286
-------------------New----------------
0 0 7.543416315177798 -21.94525548191347 118.5
0 1 6.269347223876876 -24.586703653354714 108.5
1 0 -22.508176441090416 -84.25609005934972 -117.5
1 1 -21.294746143610134 -81.74964508697083 -108.0
8288
-------------------New----------------
0 0 -51.61497401553406 -40.99042213282389 118.5
0 1 -52.55664149584296 -41.835527813492156 108.5
1 0 -73.71860650763685 -60.98958019502341 -117.5
1 1 -72.82900388909329 -60.18115687564765 -108.0
8303
-------------------New----------------
0 0 65.76058135146889 17.58642652301823 118.5
0 1 62.620947601939335 17.693816146457316 108.5
1 0 -8.343998662913288 20.145627560486005 -117.5
1 1 -5.3591019172799435 20.04303806042558 -108.0
8309
-------------------New----------------
0 0 -23.783116022562247 -35.06267950628294 118.5
0 1 -22.06063923194638 -32.06289314280663 108.5
1 0 18.338877677792212 35.893588534948115 -117.5
1 1 16.579708919539122 33.03030642972446 -108.0
8310
-------------------New----------------
0 0 -35.234920936312655 -78.22700479374473 118.5
0 1 -29.56028859118222 -79.32142573905094 108.5
1 0 98.7016975398393 -104.0485143889219 -117.5
1 1 93.31120288210317 -103.00929788097457 -108.0
8311
-------------------New----------------
0 0 -17.775005304565944 -67.18242842590234 118.5
0 1 -16.047588403060566 -64.65335574316907 108.5
1 0 23.019158029518746 -7.509194113632221 -117.5
1 1 21.377997668759214 -9.907302056671192 -108.0
8313
-------------------New----------------
0 0 50.89726623785642 70.25055998507683 118.5
0 1 47.07702503950888 70.57459223589065 108.5
1 0 -39.27117877318481 77.90161963839142 -117.5
1 1 -35.641910996796994 77.59358875059422 -108.0
8319
-------------------New----------------
0 0 67.58234599571549 62.08275845746253 118.5
0 1 70.10873736712128 57.33927927093074 108.5
1 0 127.20642243757766 -49.86435549753336 -117.5
1 1 124.80627613509458 -45.35800149172019 -108.0
8321
-------------------New----------------
0 0 -48.864241191443135 -69.59295119500004 118.5
0 1 -49.75527307749059 -67.76075402717582 108.5
1 0 -69.90063971835909 -26.351016860277515 -117.5
1 1 -69.05359439616495 -28.091684706370007 -108.0
8324
-------------------New----------------
0 0 39.38671316744363 -59.31444624477824 118.5
0 1 43.137640330129045 -60.17594727272602 108.5
1 0 127.33853098415338 -79.41253856602353 -117.5
1 1 123.83883849647107 -78.6152121151643 -108.0
8326
-------------------New----------------
0 0 -70.40577083220923 32.14472402020378 118.5
0 1 -70.92163801978471 31.401305651656024 108.5
1 0 -82.58304096568615 14.596064170151669 -117.5
1 1 -82.09386134380611 15.302258846616928 -108.0
8334
-------------------New----------------
0 0 37.71936614966073 -24.261637603857253 118.5
0 1 35.069590969375966 -20.57744845426408 108.5
1 0 -24.89135459467706 62.60031656622126 -117.5
1 1 -22.36796089457959 59.103808875656775 -108.0
8340
-------------------New----------------
0 0 110.42385113466113 3.9309086408147778 118.5
0 1 109.55454338628809 3.420295011569712 108.5
1 0 90.0055662916217 -8.119542511316057 -117.5
1 1 90.82510530345 -7.6320219562734 -108.0
8351
-------------------New----------------
0 0 -90.10327852816019 11.333158263484567 118.5
0 1 -88.49889935350134 12.67954719953122 108.5
1 0 -52.220174674912684 43.10253224318926 -117.5
1 1 -53.74550511624877 41.824315190340926 -108.0
8356
-------------------New----------------
0 0 -10.125205342599845 -14.025552617712663 118.5
0 1 -11.669327494539981 -17.716525592256616 108.5
1 0 -46.46514633952027 -100.97317784197608 -117.5
1 1 -44.99614334802244 -97.47500785602077 -108.0
8360
-------------------New----------------
0 0 -68.95965317361281 -35.81096219470568 118.5
0 1 -65.51354025299888 -37.89220908732341 108.5
1 0 12.406050171967667 -85.34784139489402 -117.5
1 1 9.123602773617423 -83.34961056347399 -108.0
8366
-------------------New----------------
0 0 42.1024962937358 35.550720475845765 118.5
0 1 44.51541700632655 36.725122150035375 108.5
1 0 99.11705924371299 63.305360111986964 -117.5
1 1 96.81761225554484 62.19698681687193 -108.0
8368
-------------------New----------------
0 0 40.49458132274015 1.9587635693648333 118.5
0 1 42.41065525591768 1.7623864998546057 108.5
1 0 85.72175015977332 -2.7569912355802186 -117.5
1 1 83.90073895358358 -2.5657558194703514 -108.0
8370
-------------------New----------------
0 0 4.799536951636628 -92.97383273352149 118.5
0 1 3.3955840883764887 -93.75474620385694 108.5
1 0 -28.349887338843086 -111.61149384883008 -117.5
1 1 -27.018939640221685 -110.84896304367086 -108.0
8373
-------------------New----------------
0 0 81.39470099357683 47.14681478263403 118.5
0 1 80.05373692406128 44.297627597460774 108.5
1 0 49.709276951280074 -20.38512812033421 -117.5
1 1 50.986926144005004 -17.664285192684257 -108.0
8385
-------------------New----------------
0 0 37.059711625186814 -79.10060932349799 118.5
0 1 40.14166499832932 -79.79759592039495 108.5
1 0 109.76110364626409 -95.5906803251493 -117.5
1 1 106.8374411447068 -94.92835941641826 -108.0
8408
-------------------New----------------
0 0 64.30229328118318 -54.256336378020436 118.5
0 1 60.5636311225237 -56.33131407471585 108.5
1 0 -23.82195843184679 -103.4809683966399 -117.5
1 1 -20.27713549325003 -101.48361741560322 -108.0
8417
-------------------New----------------
0 0 -1.066411995062764 62.877722347245594 118.5
0 1 1.8439732080235323 62.27688388249438 108.5
1 0 67.5512188002717 48.73841731297853 -117.5
1 1 64.7907771022392 49.303679071517784 -108.0
8424
-------------------New----------------
0 0 -21.81077695982548 -35.1341219515515 118.5
0 1 -25.881112218446326 -35.06024312148888 108.5
1 0 -117.86051314730734 -33.42821574149145 -117.5
1 1 -113.99429084095507 -33.4956921639016 -108.0
8426
-------------------New----------------
0 0 -47.084630640823626 -41.58688303930713 118.5
0 1 -49.814595111309494 -42.45201397678507 108.5
1 0 -111.47603756565115 -62.01793502612493 -117.5
1 1 -108.88390835367701 -61.194761780022226 -108.0
8427
-------------------New----------------
0 0 -88.90786973009895 -51.55232557711105 118.5
0 1 -88.36144660700077 -53.945944226415484 108.5
1 0 -76.0466166869493 -108.00520923941049 -117.5
1 1 -76.56519381365447 -105.73282191348298 -108.0
8441
-------------------New----------------
0 0 -5.263774242187962 111.56951682045481 118.5
0 1 -5.134940402535763 111.80060395651347 108.5
1 0 -2.210569036189654 116.92510974026952 -117.5
1 1 -2.3326700654671364 116.71035112770332 -108.0
8446
-------------------New----------------
0 0 -58.53849504554621 49.83528290065702 118.5
0 1 -60.196430586805114 52.92198371347938 108.5
1 0 -97.48633186738277 122.43426879036478 -117.5
1 1 -95.97893695173187 119.43923583478531 -108.0
8456
-------------------New----------------
0 0 -57.412569494021135 111.84965489265021 118.5
0 1 -57.95499840481854 110.83869772151249 108.5
1 0 -70.15539495159535 87.93722313810096 -117.5
1 1 -69.64181956559543 88.90423557238014 -108.0
8458
-------------------New----------------
0 0 92.02165480258023 -23.721696622699717 118.5
0 1 91.89942311040483 -26.694799924823155 108.5
1 0 89.12628785346945 -93.86890332341558 -117.5
1 1 89.24285797934922 -91.04663429271352 -108.0
8462
-------------------New----------------
0 0 -94.4289705117957 4.341842748104982 118.5
0 1 -94.06813806235843 8.087924759816193 108.5
1 0 -85.9032554978925 92.73683269695094 -117.5
1 1 -86.24646929251703 89.17883013351941 -108.0
8470
-------------------New----------------
0 0 51.137230709485856 47.533973076807925 118.5
0 1 52.08548707163402 49.47321383072073 108.5
1 0 73.44477750240725 93.28084747286934 -117.5
1 1 72.54999016374562 91.44241996082187 -108.0
8472
-------------------New----------------
0 0 81.59036547630427 73.83262591552668 118.5
0 1 83.16518190651166 70.34571328367797 108.5
1 0 118.73267040808761 -8.468288263893928 -117.5
1 1 117.23887526561933 -5.154844295958453 -108.0
8481
-------------------New----------------
0 0 40.14845007380329 33.79315043416713 118.5
0 1 38.4366204936639 34.566627238640095 108.5
1 0 -0.4098302358001977 52.03361409720122 -117.5
1 1 1.226455738055027 51.302350006817406 -108.0
8484
-------------------New----------------
0 0 41.60936696622308 6.600182062122466 118.5
0 1 45.220701987173356 10.537411110946483 108.5
1 0 126.96900378852543 99.55220642011355 -117.5
1 1 123.53149653845055 95.80132794931548 -108.0
8504
-------------------New----------------
0 0 -78.89750920880759 -66.39563191627029 118.5
0 1 -77.53836309073871 -63.720892758059065 108.5
1 0 -46.78313014465605 -3.3904962576120012 -117.5
1 1 -48.07543811367127 -5.92884649923961 -108.0
8506
-------------------New----------------
0 0 -94.04411829713462 -64.52871243779215 118.5
0 1 -92.8263513609793 -63.38508398017476 108.5
1 0 -64.77039278431292 -37.76244927822122 -117.5
1 1 -65.96286122873437 -38.85077663225548 -108.0
8510
-------------------New----------------
0 0 21.53986551671579 -9.428009038890256 118.5
0 1 22.18883982366041 -9.585414151424512 108.5
1 0 36.8091334348473 -13.159739432896407 -117.5
1 1 36.19552416421975 -13.010512660745889 -108.0
8521
-------------------New----------------
0 0 -54.72300681570589 -62.693526007928185 118.5
0 1 -52.826647023466265 -63.60333675624905 108.5
1 0 -9.971053246876085 -84.16500296076995 -117.5
1 1 -11.772565247915747 -83.30098206473164 -108.0
8527
-------------------New----------------
0 0 -20.571877315241956 33.11412756925428 118.5
0 1 -24.67857041158248 32.176324384617516 108.5
1 0 -117.7283555631163 10.800888293991331 -117.5
1 1 -113.81506952494098 11.7133141747463 -108.0
8531
-------------------New----------------
0 0 0.32955374104373425 31.10753429103234 118.5
0 1 -1.1791796555571181 30.50586669599238 108.5
1 0 -35.2702651215355 16.89543278764596 -117.5
1 1 -33.83876158668616 17.469129934287466 -108.0
8536
-------------------New----------------
0 0 -88.14446957716615 100.18155573415724 118.5
0 1 -85.37184777399375 98.75322805962566 108.5
1 0 -22.72445389373339 66.44882398062063 -117.5
1 1 -25.357160572845135 67.80710058450315 -108.0
8539
-------------------New----------------
0 0 -49.97778417407386 88.22614997302742 118.5
0 1 -51.94867775623669 87.38268354595287 108.5
1 0 -96.48052388548203 68.31195222863283 -117.5
1 1 -94.60944986017807 69.11647795781322 -108.0
8555
-------------------New----------------
0 0 -96.46671722888814 -63.790900696977666 118.5
0 1 -94.30376009627619 -63.12044352246104 108.5
1 0 -45.427509277917764 -47.96283777878641 -117.5
1 1 -47.48186863092277 -48.60038159012893 -108.0
8571
-------------------New----------------
0 0 99.10550592250739 -21.2236853586488 118.5
0 1 98.20982632472648 -21.77867447606186 108.5
1 0 77.93759507657558 -34.34062688757005 -117.5
1 1 78.79083537185201 -33.81204538816211 -108.0
8575
-------------------New----------------
0 0 13.54917401862952 -116.84273468064023 118.5
0 1 12.846210089294292 -116.3118504202632 108.5
1 0 -3.0227827788308064 -104.37755663639761 -117.5
1 1 -2.3642898884073835 -104.87700185677723 -108.0
8584
-------------------New----------------
0 0 109.24880642199314 56.1670405170982 118.5
0 1 108.72071397852673 54.21698196456883 108.5
1 0 96.48536578982285 10.134831541237372 -117.5
1 1 97.02529128714872 11.982616068657212 -108.0
8594
-------------------New----------------
0 0 38.84593539280582 57.109624787281405 118.5
0 1 33.28870138367016 55.28241157858457 108.5
1 0 -92.48428011247532 11.390583330672731 -117.5
1 1 -87.19553566490194 13.280842366512482 -108.0
8605
-------------------New----------------
0 0 -75.76745939119282 -48.52972236364814 118.5
0 1 -74.00065457468853 -46.8444800664086 108.5
1 0 -34.09556851738455 -8.771188679905176 -117.5
1 1 -35.77212025920742 -10.371807314231017 -108.0
8606
-------------------New----------------
0 0 -31.51803627077071 116.70940129459737 118.5
0 1 -27.375727874169606 116.95490058299632 108.5
1 0 66.36709393996125 122.4830217729331 -117.5
1 1 62.426105829428295 122.24987720492445 -108.0
8609
-------------------New----------------
0 0 10.517113448779941 -101.25699238622774 118.5
0 1 10.793817073707855 -101.44481565217077 108.5
1 0 16.9891860236488 -105.60159575996722 -117.5
1 1 16.73162427305603 -105.43204179344988 -108.0
8613
-------------------New----------------
0 0 -55.765727846509336 19.89115811545393 118.5
0 1 -55.301626169483725 20.765435724474653 108.5
1 0 -44.75646091556655 40.572553383743184 -117.5
1 1 -45.202873553828404 39.73941711542486 -108.0
8616
-------------------New----------------
0 0 81.29297359075238 -35.08959154434418 118.5
0 1 79.21911834566899 -30.057753088263592 108.5
1 0 32.34947148291594 83.65981269116018 -117.5
1 1 34.319898932549016 78.87991873652514 -108.0
8617
-------------------New----------------
0 0 -37.60080674821365 -62.781770961111235 118.5
0 1 -35.69166571915395 -62.1845357432063 108.5
1 0 7.456674038871268 -48.702697738297275 -117.5
1 1 5.64330031636371 -49.269482973973254 -108.0
8624
-------------------New----------------
0 0 71.93562605061337 63.81217420506241 118.5
0 1 70.64540633673991 65.59810689271521 108.5
1 0 41.45304090695985 105.9533356214123 -117.5
1 1 42.682802213339286 104.25841382205203 -108.0
8634
-------------------New----------------
0 0 -8.373543001838959 64.30798965916333 118.5
0 1 -11.491493801219185 60.7777854425972 108.5
1 0 -81.97723183777093 -19.07232859318369 -117.5
1 1 -79.01242264100395 -15.714343103492265 -108.0
8635
-------------------New----------------
0 0 68.80260867589516 -8.560742169715894 118.5
0 1 66.8075456524533 -3.267572814350139 108.5
1 0 21.718173352416432 116.3449725156773 -117.5
1 1 23.6141464219587 111.31723510531495 -108.0
8636
-------------------New----------------
0 0 -105.73607462829109 -15.025357128568725 118.5
0 1 -104.86599389592693 -15.301244807354717 108.5
1 0 -85.19621197748758 -21.576046026881254 -117.5
1 1 -86.0218115956221 -21.309990147788454 -108.0
8641
-------------------New----------------
0 0 90.05395850880106 18.708493180529747 118.5
0 1 89.34551682192412 17.604265784745717 108.5
1 0 73.38787745178568 -7.363835954415622 -117.5
1 1 74.05950576169775 -6.31394825411752 -108.0
8642
-------------------New----------------
0 0 65.44145236195989 8.134954416447686 118.5
0 1 61.91710015817334 8.43188241749653 108.5
1 0 -17.723925038969725 15.134907318181694 -117.5
1 1 -14.373182191247059 14.85215751740759 -108.0
8651
-------------------New----------------
0 0 6.805163611902418 109.6588551430541 118.5
0 1 5.654882928614619 109.30035900288424 108.5
1 0 -20.349859580392142 101.19300231315245 -117.5
1 1 -19.256517662659242 101.53420508864119 -108.0
8653
-------------------New----------------
0 0 -40.62557526051819 66.14332771641097 118.5
0 1 -35.76433624606685 66.40865659108331 108.5
1 0 73.9119295695671 72.43061833726838 -117.5
1 1 69.30433309488383 72.17637594671803 -108.0
8654
-------------------New----------------
0 0 -92.51051462723217 26.404890202866795 118.5
0 1 -101.44413363902251 22.614711913716693 108.5
1 0 112.5928650394623 26.322437790572696 -117.5
1 1 111.12902073020618 23.993499938947128 -108.0
8655
-------------------New----------------
0 0 3.5942829679699733 64.20858795242191 118.5
0 1 6.234448878444133 63.72432865061968 108.5
1 0 65.89017257052782 52.68543287923825 -117.5
1 1 63.388166991154165 53.15811850735688 -108.0
8656
-------------------New----------------
0 0 -62.26661534388692 -57.51054422106438 118.5
0 1 -57.85591691703985 -56.58556426615394 108.5
1 0 41.801211559945166 -35.5185446525827 -117.5
1 1 37.61314843206821 -36.40571321205328 -108.0
8657
-------------------New----------------
0 0 -43.72319010982143 63.03418827316831 118.5
0 1 -45.66745283480333 64.36393408646555 108.5
1 0 -89.57852490760031 94.39811707870876 -117.5
1 1 -87.73354874172571 93.13566632091683 -108.0
8659
-------------------New----------------
0 0 50.18052570027912 -67.20686012691368 118.5
0 1 46.376390050981705 -68.2193428937077 108.5
1 0 -39.62105807221897 -91.19970621666809 -117.5
1 1 -36.01010299077259 -90.23259733178107 -108.0
8661
-------------------New----------------
0 0 25.184420775282547 -45.88617204439529 118.5
0 1 25.072833034021933 -45.65095080385291 108.5
1 0 22.526862800300197 -40.467297915353626 -117.5
1 1 22.627392604931387 -40.63820088834298 -108.0
8673
-------------------New----------------
0 0 38.195233430522634 -15.703364097048427 118.5
0 1 40.16664300290084 -19.16624956237972 108.5
1 0 84.6963871961765 -97.43284470529946 -117.5
1 1 82.82642261745578 -94.14325600325392 -108.0
8677
-------------------New----------------
0 0 -37.19719903114668 18.554993467814242 118.5
0 1 -38.076318112121626 20.502310115101082 108.5
1 0 -57.92629995518892 64.48039596143192 -117.5
1 1 -57.091864082069776 62.63367166386964 -108.0
8696
-------------------New----------------
0 0 7.069751319480696 -40.31408039395103 118.5
0 1 7.942345191669522 -37.42340240859 108.5
1 0 31.398411950029036 26.086756767097352 -117.5
1 1 30.25041974320549 23.492670731844605 -108.0
8697
-------------------New----------------
0 0 -59.055721349156514 -7.1621219464402275 118.5
0 1 -59.34236374742598 -5.207854423952316 108.5
1 0 -65.82999769585399 38.962695713830286 -117.5
1 1 -65.55705587114544 37.105798457997395 -108.0
8699
-------------------New----------------
0 0 38.575803267748924 -35.75000439368625 118.5
0 1 37.088299060152195 -32.16993337703506 108.5
1 0 3.5033775721560403 48.72365935901619 -117.5
1 1 4.9142833943258815 45.32420966325516 -108.0
8700
-------------------New----------------
0 0 -22.462982441149894 -78.67650061301859 118.5
0 1 -21.42428776634376 -76.8144412483604 108.5
1 0 2.0437131829915254 -34.80017536744939 -117.5
1 1 1.0511852792315601 -36.55635736422536 -108.0
8702
-------------------New----------------
0 0 -5.311619354684557 110.03485830834134 118.5
0 1 -7.833706074699508 110.71655981550744 108.5
1 0 -64.80915527511213 125.55984458841456 -117.5
1 1 -62.41137285167034 124.97596484627488 -108.0
8710
-------------------New----------------
0 0 102.06993528048629 -21.680001530538807 118.5
0 1 100.37668967694346 -22.364027627072737 108.5
1 0 62.15261443593814 -37.87400933967312 -117.5
1 1 63.7577063749866 -37.22259198494606 -108.0
8723
-------------------New----------------
0 0 -67.67623286132806 82.11280934920966 118.5
0 1 -68.55447185679022 78.97146007529003 108.5
1 0 -88.40058238595594 7.9669710902693875 -117.5
1 1 -87.56636395781631 10.951875823417733 -108.0
8726
-------------------New----------------
0 0 -44.51523615015175 33.66417641880967 118.5
0 1 -42.3801055131149 30.1092989558302 108.5
1 0 5.905443848312718 -50.18833616429093 -117.5
1 1 3.87724340869675 -46.812708409146346 -108.0
8729
-------------------New----------------
0 0 3.117212684687273 31.39144052282946 118.5
0 1 7.6923259862086955 28.55063020350597 108.5
1 0 111.09039504480693 -35.67383537064905 -117.5
1 1 106.74372550722583 -32.973779786996836 -108.0
8730
-------------------New----------------
0 0 54.63444856956293 23.125047172432776 118.5
0 1 52.434380595062045 19.595807168930254 108.5
1 0 2.7358314191375084 -60.128542387160266 -117.5
1 1 4.825173669433399 -56.778356377204446 -108.0
8735
-------------------New----------------
0 0 -1.4083797693636146 -48.64007313231436 118.5
0 1 -3.4066086008157503 -46.89822261256913 108.5
1 0 -48.073019856132156 -8.182056611216089 -117.5
1 1 -46.180591495770955 -9.811989866784135 -108.0
8739
-------------------New----------------
0 0 -82.40620619619516 -25.492943380017458 118.5
0 1 -83.68354498102272 -22.674299742122265 108.5
1 0 -112.29716571334919 41.0811624367387 -117.5
1 1 -111.08489878885663 38.40139156740986 -108.0
8741
-------------------New----------------
0 0 1.2388036358408996 19.336214570687865 118.5
0 1 2.6696000487052247 20.821715164754202 108.5
1 0 35.05105519251472 54.37100462329302 -117.5
1 1 33.68913052580208 52.959699947077944 -108.0
8754
-------------------New----------------
0 0 -6.8137687225543875 -76.69398481891521 118.5
0 1 -5.317119361865832 -75.08999925933784 108.5
1 0 28.42218716915921 -38.86604048646467 -117.5
1 1 27.012452367583126 -40.37299747616789 -108.0
8758
-------------------New----------------
0 0 -36.34590525999467 -16.492948960922856 118.5
0 1 -39.61096985596846 -16.70914388756678 108.5
1 0 -113.66092800245978 -21.190885922095315 -117.5
1 1 -110.53656213200313 -21.010883009010136 -108.0
8783
-------------------New----------------
0 0 57.8964834504028 -34.856359424347055 118.5
0 1 55.792638104450305 -37.0773380661998 108.5
1 0 8.24792642676249 -87.26146833460801 -117.5
1 1 10.24553728058037 -85.15265104802144 -108.0
8785
-------------------New----------------
0 0 31.16762010360143 -87.94539323229787 118.5
0 1 33.470594339904764 -89.46501606599347 108.5
1 0 84.57410250818603 -124.52318378580287 -117.5
1 1 82.43589771795519 -123.06282832701292 -108.0
8786
-------------------New----------------
0 0 -68.48261154928576 -75.09398534247464 118.5
0 1 -67.68964515474002 -74.12059178360678 108.5
1 0 -49.790214345356 -52.098145739530665 -117.5
1 1 -50.54126801769678 -53.018225088175676 -108.0
8790
-------------------New----------------
0 0 86.41342219941582 -51.21774684659283 118.5
0 1 87.08271887145538 -51.74387548776506 108.5
1 0 102.14346564625177 -63.67272890848161 -117.5
1 1 101.51135217517269 -63.16974139286763 -108.0
8795
-------------------New----------------
0 0 -31.409146493432605 47.01722056372189 118.5
0 1 -31.425672961051582 49.5132226733871 108.5
1 0 -31.804075100050692 105.82114902136065 -117.5
1 1 -31.788680455547258 103.45360712411 -108.0
8811
-------------------New----------------
0 0 79.99252386652674 82.55874103219963 118.5
0 1 77.45742174359815 80.77939745630977 108.5
1 0 20.013197823992 40.634837389107744 -117.5
1 1 22.432704064795345 42.323019331916505 -108.0
8821
-------------------New----------------
0 0 46.061727934386155 41.36662963525726 118.5
0 1 45.464537979459465 36.46392214705747 108.5
1 0 31.962253123240714 -74.3488898696518 -117.5
1 1 32.52991699920327 -69.69054023080575 -108.0
8826
-------------------New----------------
0 0 -10.12096606695409 8.543967035896253 118.5
0 1 -14.408196045085399 10.306394834328529 108.5
1 0 -111.30934380268927 50.145277949117386 -117.5
1 1 -107.2358632479343 48.470117198146795 -108.0
8852
-------------------New----------------
0 0 -39.66677271064465 -78.9554632208214 118.5
0 1 -35.18570107221761 -81.03327200687379 108.5
1 0 66.11652645595481 -127.97786467229605 -117.5
1 1 61.85549664152934 -126.0045080233239 -108.0
8853
-------------------New----------------
0 0 62.93126001020594 -32.11441864053733 118.5
0 1 62.77915001691052 -31.884556496051175 108.5
1 0 59.36442841753446 -26.687967948403593 -117.5
1 1 59.507125020067846 -26.90663669223185 -108.0
8862
-------------------New----------------
0 0 87.01119800398172 -5.766229986759641 118.5
0 1 85.46031646611901 -8.352010685055951 108.5
1 0 50.34078493192747 -66.64776268263907 -117.5
1 1 51.812722651747904 -64.20143565179485 -108.0
8868
-------------------New----------------
0 0 88.98254583886377 -75.74313024464347 118.5
0 1 90.3555594382153 -75.23143993338499 108.5
1 0 121.38326132361892 -63.669302916984215 -117.5
1 1 120.07903346336707 -64.1552575070925 -108.0
8901
-------------------New----------------
0 0 21.059228824723085 14.524818989361028 118.5
0 1 21.687857651554687 15.316975381889714 108.5
1 0 35.91653697800421 33.199015134407674 -117.5
1 1 35.31875028915046 32.44896919750822 -108.0
8911
-------------------New----------------
0 0 -28.684919638212143 -51.705158774167884 118.5
0 1 -30.751424296101597 -52.811858686509595 108.5
1 0 -77.41369774396875 -77.90762292331036 -117.5
1 1 -75.4536003562768 -76.84442748329386 -108.0
8912
-------------------New----------------
0 0 11.655051523076805 25.825969539403616 118.5
0 1 15.275211054436848 25.603552222522733 108.5
1 0 97.08782440245172 20.411420931244514 -117.5
1 1 93.64472275309646 20.63056142828565 -108.0
8913
-------------------New----------------
0 0 44.3775710667408 -73.17802085526154 118.5
0 1 38.33989542309636 -70.3328454703022 108.5
1 0 -98.10796617994666 -5.931934296529017 -117.5
1 1 -92.37186214181443 -8.640638890471362 -108.0
8920
-------------------New----------------
0 0 51.55704821546949 -76.83957193870381 118.5
0 1 50.09930300223171 -77.09788852784972 108.5
1 0 17.25484874426089 -82.8230121178809 -117.5
1 1 18.630775604009862 -82.5827263438297 -108.0
8924
-------------------New----------------
0 0 -60.73156004782392 52.598591549014905 118.5
0 1 -61.964008255564195 49.40783377824495 108.5
1 0 -89.69723356952666 -22.699310974004483 -117.5
1 1 -88.53738841380388 -19.667937505932336 -108.0
8926
-------------------New----------------
0 0 58.98308927566234 -13.119966840556264 118.5
0 1 57.312934490704365 -17.42745504378876 108.5
1 0 19.54055889803044 -114.77686606438738 -117.5
1 1 21.12937743206442 -110.68413955865717 -108.0
8938
-------------------New----------------
0 0 53.19744478490683 -40.85805867424439 118.5
0 1 51.83934589130554 -43.36090613794717 108.5
1 0 21.21005518748515 -99.94472158441991 -117.5
1 1 22.496355914339077 -97.56542184515261 -108.0
8939
-------------------New----------------
0 0 -18.938426615868885 57.23112898916149 118.5
0 1 -17.50604839610084 52.9285151409753 108.5
1 0 14.751675618145953 -44.499811869623635 -117.5
1 1 13.400048928279968 -40.39590811620751 -108.0
8958
-------------------New----------------
0 0 -3.2312153623225397 14.300846942250867 118.5
0 1 -4.376867564478717 13.077068885214436 108.5
1 0 -30.127247267815513 -14.621417441731154 -117.5
1 1 -29.051070645512233 -13.455740672223872 -108.0
8963
-------------------New----------------
0 0 12.636220559617051 13.921290799696598 118.5
0 1 7.565497109370355 12.86224641002634 108.5
1 0 -107.02654730712932 -11.064338498302899 -117.5
1 1 -102.20975502083715 -10.058711543679156 -108.0
8966
-------------------New----------------
0 0 119.310424075782 21.57965753326803 118.5
0 1 118.74436976613761 22.025815216203732 108.5
1 0 105.95162940139487 32.112463859146345 -117.5
1 1 106.48940275465739 31.688077338796745 -108.0
8970
-------------------New----------------
0 0 -9.763015040807172 58.78684528462736 118.5
0 1 -14.17681642326616 55.72353077873693 108.5
1 0 -113.86534081786749 -13.418542051232299 -117.5
1 1 -109.6798496848802 -10.510823540419468 -108.0
8973
-------------------New----------------
0 0 -63.01487436841776 -13.315050008180947 118.5
0 1 -64.91509527385081 -10.642341197922173 108.5
1 0 -107.86412186962696 49.75720137089961 -117.5
1 1 -106.05747095370869 47.21791033635124 -108.0
8976
-------------------New----------------
0 0 -27.917912065372555 18.37058643277127 118.5
0 1 -31.73268442616095 18.721282250954893 108.5
1 0 -117.93275321580855 26.60953952543371 -117.5
1 1 -114.30996381492533 26.279979202044636 -108.0
8985
-------------------New----------------
0 0 30.31721111491508 -82.00831801779101 118.5
0 1 25.97838591791284 -82.6308592762471 108.5
1 0 -72.06169523359925 -96.69382124172888 -117.5
1 1 -67.94112217837174 -96.1018345212587 -108.0
8987
-------------------New----------------
0 0 -17.693616175341155 -21.352952315910898 118.5
0 1 -20.33487426067293 -18.4031958834458 108.5
1 0 -80.02933730177806 48.20279031267629 -117.5
1 1 -77.52620509161594 45.40512571635094 -108.0
8989
-------------------New----------------
0 0 -13.260751087102605 63.72989140568704 118.5
0 1 -9.829723685695233 65.08817846805265 108.5
1 0 67.70304576403457 95.79358395761732 -117.5
1 1 64.44868305137062 94.50078590755103 -108.0
8993
-------------------New----------------
0 0 -100.61708553682956 -69.35216782436781 118.5
0 1 -100.77549251119075 -70.96043701613493 108.5
1 0 -104.34307562732681 -107.31563382730467 -117.5
1 1 -104.19272974250957 -105.78734620019024 -108.0
8998
-------------------New----------------
0 0 78.03906207831538 -6.273167161334081 118.5
0 1 78.12684676884047 -8.436777332858629 108.5
1 0 80.10735558635324 -57.32458775886264 -117.5
1 1 80.0239563447364 -55.26977494766167 -108.0
9004
-------------------New----------------
0 0 -46.36881736857068 -62.70605062511093 118.5
0 1 -45.91933021927545 -60.887223865920916 108.5
1 0 -35.666540118006665 -19.844976043402706 -117.5
1 1 -36.0974177883014 -21.566296083611192 -108.0
9010
-------------------New----------------
0 0 -75.01050712353779 -88.27117781538212 118.5
0 1 -73.67364510894062 -88.75523401244683 108.5
1 0 -43.205030111418445 -99.87829336843255 -117.5
1 1 -44.496364596083815 -99.40831764302428 -108.0
9011
-------------------New----------------
0 0 -38.34106524295278 -43.44252613964298 118.5
0 1 -39.14787432861141 -37.462220455528914 108.5
1 0 -57.389153699671986 97.70702768764957 -117.5
1 1 -56.62197212298984 92.02518316762524 -108.0
9020
-------------------New----------------
0 0 4.393126061845785 -62.160368709202224 118.5
0 1 4.091610892683184 -57.62026476732801 108.5
1 0 -2.6131312489852037 45.56460101821281 -117.5
1 1 -2.330401679510381 41.21442943772354 -108.0
9023
-------------------New----------------
0 0 74.572110902836 17.600614411807577 118.5
0 1 76.6606019470889 14.838684209851374 108.5
1 0 123.86596336484331 -47.62835857581868 -117.5
1 1 121.88049073750571 -45.00595260208508 -108.0
9026
-------------------New----------------
0 0 36.44909753842086 79.4967439879076 118.5
0 1 32.7015682018888 78.31791249899776 108.5
1 0 -52.01307173216823 51.70332691334296 -117.5
1 1 -48.45350148651575 52.82163663687339 -108.0
9033
-------------------New----------------
0 0 -62.92681071815057 -2.266211872527622 118.5
0 1 -65.5136255265211 -3.6982496011754002 108.5
1 0 -123.94918441615974 -36.03622330765935 -117.5
1 1 -121.49363322590223 -34.67730914873831 -108.0
9035
-------------------New----------------
0 0 -94.61358665296754 106.42553498261626 118.5
0 1 -92.52559201151269 106.69844433285532 108.5
1 0 -45.393337667901406 113.08636790961097 -117.5
1 1 -47.37863356122212 112.8147231147705 -108.0
9049
-------------------New----------------
0 0 47.69822002757394 -77.256229456005 118.5
0 1 45.73310105148922 -77.59273374405402 108.5
1 0 1.3050609312703056 -85.20548751237438 -117.5
1 1 3.1726985446433384 -84.88570290998896 -108.0
9059
-------------------New----------------
0 0 -7.100978704200394 -45.62012995648871 118.5
0 1 -3.9629452155553273 -45.67160935838573 108.5
1 0 66.82079449427643 -46.358502241056016 -117.5
1 1 63.85646375904215 -46.311438069621225 -108.0
9062
-------------------New----------------
0 0 1.1310753085557705 -71.02379678244168 118.5
0 1 5.081141140898806 -72.0317319836887 108.5
1 0 94.37069238012941 -94.78910425175454 -117.5
1 1 90.61774043355248 -93.83466887733279 -108.0
9066
-------------------New----------------
0 0 42.31665664480313 -1.140061738999495 118.5
0 1 45.234040555905814 2.5120056206826153 108.5
1 0 111.2154940099282 85.04755220302437 -117.5
1 1 108.44069558800106 81.57725186288722 -108.0
9069
-------------------New----------------
0 0 82.45050600689527 16.426822395906488 118.5
0 1 84.08866243896283 18.956373678952303 108.5
1 0 121.10183420350366 76.11550049175537 -117.5
1 1 119.5463491474122 73.71263788925134 -108.0
9072
-------------------New----------------
0 0 101.01468002463221 -41.2334589674347 118.5
0 1 99.46762370695076 -40.66327778981405 108.5
1 0 64.57111816998211 -27.638583655149155 -117.5
1 1 66.03884054724054 -28.189473926148196 -108.0
9074
-------------------New----------------
0 0 89.99131523057548 -93.81266192250017 118.5
0 1 90.3137598725682 -92.94801508714241 108.5
1 0 97.84030467372908 -73.3226612494317 -117.5
1 1 97.52201599467871 -74.14463274740135 -108.0
9080
-------------------New----------------
0 0 -8.500261341334241 -8.741523160169178 118.5
0 1 -11.002056590409131 -4.84290146886017 108.5
1 0 -67.5926324202713 83.29077957271741 -117.5
1 1 -65.21076071575327 79.58569934921448 -108.0
9089
-------------------New----------------
0 0 -16.70034918687682 20.785131290881754 118.5
0 1 -20.548037390362857 22.398437248142397 108.5
1 0 -107.53785494717538 58.9143055105258 -117.5
1 1 -103.87934058854266 57.38258319146058 -108.0
9090
-------------------New----------------
0 0 -2.130363619440529 -28.654306696548293 118.5
0 1 -6.1803409661982425 -28.063643281260294 108.5
1 0 -98.11850652735046 -14.407971246776716 -117.5
1 1 -94.2654279084172 -14.993777081667025 -108.0
9096
-------------------New----------------
0 0 -54.04876844057227 38.57039286435143 118.5
0 1 -55.10653512345459 39.20363886622941 108.5
1 0 -78.95912939561487 53.57016571887327 -117.5
1 1 -77.96928247067781 52.96564106695847 -108.0
9103
-------------------New----------------
0 0 1.8659082429452098 -46.45587105880316 118.5
0 1 0.07967633875650933 -44.344669244218906 108.5
1 0 -40.25529224972419 3.373219521104913 -117.5
1 1 -38.56116818881584 1.3690866114971993 -108.0
9111
-------------------New----------------
0 0 -59.213702197470965 34.6392717557042 118.5
0 1 -58.86063863256366 36.166537991436485 108.5
1 0 -51.03910037236193 70.65551588494537 -117.5
1 1 -51.35839295580364 69.19990329185472 -108.0
9118
-------------------New----------------
0 0 -2.470797243622588 3.7657952045682777 118.5
0 1 -7.362089635794436 -1.085750410911278 108.5
1 0 -117.82353455603914 -110.75274951013519 -117.5
1 1 -113.18174460426057 -106.14498897562089 -108.0
9129
-------------------New----------------
0 0 -25.849528863369795 -83.54813724943847 118.5
0 1 -28.495745278208734 -82.0177690558435 108.5
1 0 -88.30183476314875 -47.49884593646885 -117.5
1 1 -85.78916303243783 -48.946231678691774 -108.0
9140
-------------------New----------------
0 0 6.416227849563836 -25.566260617554473 118.5
0 1 7.265314181558772 -26.264360618411626 108.5
1 0 26.43067571444873 -42.037429907330996 -117.5
1 1 25.624808687387606 -41.37452599345651 -108.0
9146
-------------------New----------------
0 0 -70.01922984880399 -21.691809762950324 118.5
0 1 -67.63839179508834 -19.311249057935875 108.5
1 0 -13.828084232725264 34.49663029798727 -117.5
1 1 -16.090020440380652 32.23472040693035 -108.0
9150
-------------------New----------------
0 0 23.703225238582856 -17.764994769500454 118.5
0 1 20.08675658774174 -18.275610895294143 108.5
1 0 -61.60489742605589 -29.646150259780807 -117.5
1 1 -58.16806324136805 -29.165335062435577 -108.0
9176
-------------------New----------------
0 0 -17.358937290114053 -101.046521820196 118.5
0 1 -20.3007033275509 -100.35443390343272 108.5
1 0 -86.548524227634 -84.44304185259973 -117.5
1 1 -83.76095459458968 -85.11425533098944 -108.0
9180
-------------------New----------------
0 0 19.390827866950794 26.232591757490326 118.5
0 1 23.861907490744777 29.500712588915697 108.5
1 0 124.98849837346745 103.428564981937 -117.5
1 1 120.73632925995582 100.32002239055201 -108.0
9184
-------------------New----------------
0 0 52.172345322462526 -112.02242616633107 118.5
0 1 51.50916926109098 -112.02027012799257 108.5
1 0 36.80671791852911 -112.00486769354868 -117.5
1 1 37.410776097308826 -112.02383461333125 -108.0
9199
-------------------New----------------
0 0 19.92457778847802 12.915454873803151 118.5
0 1 20.41300957796061 10.10780948879093 108.5
1 0 31.15296656840361 -53.31698683599863 -117.5
1 1 30.711227023886096 -50.65575691145461 -108.0
9206
-------------------New----------------
0 0 -84.77386122753481 23.455725677600327 118.5
0 1 -82.1397395549656 19.307551872052834 108.5
1 0 -22.844379459513952 -74.34624921266077 -117.5
1 1 -25.33476853600453 -70.41056668077655 -108.0
9215
-------------------New----------------
0 0 54.9209588236519 -26.965569908176256 118.5
0 1 57.31553110949655 -27.71964009706346 108.5
1 0 111.45674234967753 -44.75998550173461 -117.5
1 1 109.1773977527293 -44.0446250767764 -108.0
9216
-------------------New----------------
0 0 11.555703511489494 -66.66433418485094 118.5
0 1 8.257756159673637 -65.27547432668817 108.5
1 0 -66.28611624331317 -33.913960324353305 -117.5
1 1 -63.15155107126683 -35.23099689483138 -108.0
9221
-------------------New----------------
0 0 56.36096311499322 90.88870274880924 118.5
0 1 57.84710296780478 91.74311563960828 108.5
1 0 91.4250027907212 111.04796681242885 -117.5
1 1 90.01267427243263 110.23495659288714 -108.0
9223
-------------------New----------------
0 0 -13.323916139892848 44.929236885300135 118.5
0 1 -21.83052135024355 43.89667470779817 108.5
1 0 -71.61564889166816 102.75472738443216 -117.5
1 1 -72.06890310746061 101.36512285596682 -108.0
9228
-------------------New----------------
0 0 60.4788071124482 -59.60585366353356 118.5
0 1 58.28993089535676 -59.85266379189983 108.5
1 0 8.816386076274267 -65.4239638500414 -117.5
1 1 10.896306566888788 -65.19013185764393 -108.0
9236
-------------------New----------------
0 0 -39.171448370807425 -61.41242058292936 118.5
0 1 -38.55034771518159 -58.13846285347104 108.5
1 0 -24.51359494675898 15.852520821048302 -117.5
1 1 -25.103563474129324 12.742286378881463 -108.0
9247
-------------------New----------------
0 0 -29.28278985969705 29.01198541682046 118.5
0 1 -28.939776951786236 33.182789919110306 108.5
1 0 -21.20384606109768 127.40708908243032 -117.5
1 1 -21.529641807329934 123.44453713870644 -108.0
9252
-------------------New----------------
0 0 -49.158126766763885 -33.76830923601175 118.5
0 1 -43.64348156975094 -36.860580085870254 108.5
1 0 80.9752745661143 -106.69370020575016 -117.5
1 1 75.73626245113827 -103.76149971765153 -108.0
9253
-------------------New----------------
0 0 61.795679385207315 -25.142014863019646 118.5
0 1 61.56407074718904 -24.633777415300727 108.5
1 0 56.30773749592637 -13.086348159615119 -117.5
1 1 56.53050291990585 -13.57306393498649 -108.0
9258
-------------------New----------------
0 0 -106.77235834123886 -62.068128238738396 118.5
0 1 -107.36865303784987 -61.87392548143023 108.5
1 0 -120.84896607934846 -57.470887442778974 -117.5
1 1 -120.28306087884198 -57.65626178310087 -108.0
9259
-------------------New----------------
0 0 -48.10935717047912 24.009700665645596 118.5
0 1 -44.366951764072326 21.06732046395483 108.5
1 0 40.18527135496575 -45.46568562687428 -117.5
1 1 36.630417339532315 -42.66741873703248 -108.0
9262
-------------------New----------------
0 0 33.69789885109953 59.88141938575772 118.5
0 1 32.93606866425678 58.433693312027266 108.5
1 0 15.712383509021084 25.770266648269853 -117.5
1 1 16.4414564272334 27.1392238458061 -108.0
9265
-------------------New----------------
0 0 -14.582952956893513 -30.810728330948944 118.5
0 1 -16.968557623073394 -24.093150505352714 108.5
1 0 -70.9230926106435 127.7201566051283 -117.5
1 1 -68.6558252111266 121.34148677861633 -108.0
9268
-------------------New----------------
0 0 10.23004734958939 -46.591130220219085 118.5
0 1 13.534059669479095 -41.85482383717616 108.5
1 0 88.14174192585473 65.29191507478922 -117.5
1 1 85.00658375420477 60.78526416301012 -108.0
9279
-------------------New----------------
0 0 -57.7892374111197 10.362362578169169 118.5
0 1 -53.253463418835224 13.044527566830936 108.5
1 0 49.29715021096388 73.79122168778048 -117.5
1 1 44.98799348391733 71.24092781299174 -108.0
9280
-------------------New----------------
0 0 22.478421702808937 12.057864238802427 118.5
0 1 18.662061127803195 14.11466823529758 108.5
1 0 -67.5770795229859 60.588128783865315 -117.5
1 1 -63.9546390314459 58.636573258743546 -108.0
9301
-------------------New----------------
0 0 113.98925102474345 27.96677102709102 118.5
0 1 114.48426508311533 29.59920753428621 108.5
1 0 125.73321264218934 66.40927333958628 -117.5
1 1 125.25938258348472 64.86450350137048 -108.0
9302
-------------------New----------------
0 0 26.066360770919903 81.5913429468579 118.5
0 1 27.421705080113515 82.96989840637244 108.5
1 0 58.051082081231655 114.12140336282178 -117.5
1 1 56.764030611386545 112.81213915838468 -108.0
9304
-------------------New----------------
0 0 31.345287867845144 53.09405999944281 118.5
0 1 25.156455419642604 54.97245769280838 108.5
1 0 -114.66699771829488 97.43129387923423 -117.5
1 1 -108.7868382533226 95.64666514984587 -108.0
9305
-------------------New----------------
0 0 79.73060869084838 21.636154082455946 118.5
0 1 77.43418883747157 23.233189564314067 108.5
1 0 25.243393447634052 59.231095166213606 -117.5
1 1 27.450914927470116 57.719358659776034 -108.0
9310
-------------------New----------------
0 0 -3.2376340950464373 83.99011732408658 118.5
0 1 -7.229294355588403 81.90835609006413 108.5
1 0 -97.42967961738358 34.92191723509248 -117.5
1 1 -93.64140287701493 36.90000642736799 -108.0
9311
-------------------New----------------
0 0 -24.981170987617524 -49.354826132222534 118.5
0 1 -24.579414496967054 -48.574010781830545 108.5
1 0 -15.497272809110447 -30.90992597627565 -117.5
1 1 -15.879399661657704 -31.652428268630377 -108.0
9320
-------------------New----------------
0 0 -91.15581291094807 -29.497815176669132 118.5
0 1 -89.73923584158295 -31.19998812740182 108.5
1 0 -58.30064646809696 -69.99366524266658 -117.5
1 1 -59.61012062994261 -68.36284418479086 -108.0
9324
-------------------New----------------
0 0 -42.432520052856816 -8.17503214583264 118.5
0 1 -44.21665488865975 -7.042997406051823 108.5
1 0 -84.73082287207839 18.87771139942123 -117.5
1 1 -83.00961788539158 17.754697676173294 -108.0
9342
-------------------New----------------
0 0 -66.32408330456829 45.1372577906755 118.5
0 1 -64.98447821839002 41.37050433033741 108.5
1 0 -34.70852809829019 -43.75915058329891 -117.5
1 1 -35.981177784101945 -40.18069742178769 -108.0
9357
-------------------New----------------
0 0 0.14354410480109686 -5.101893593425401 118.5
0 1 4.996721110400662 -4.014085805510002 108.5
1 0 114.41636033073591 20.779795895662197 -117.5
1 1 109.81804874339942 19.737794873657325 -108.0
9372
-------------------New----------------
0 0 38.12186645527417 -28.017979901660322 118.5
0 1 37.818657378300266 -26.390367147245666 108.5
1 0 31.17857634131088 10.779721521699326 -117.5
1 1 31.447179764802968 9.198819705361654 -108.0
9377
-------------------New----------------
0 0 -3.103470699644819 -61.926368078954454 118.5
0 1 -6.769999236509841 -60.74086413341431 108.5
1 0 -89.6575768199894 -33.947543700539114 -117.5
1 1 -86.17236736742042 -35.074209648325294 -108.0
9383
-------------------New----------------
0 0 93.44922085293487 -50.78569424162539 118.5
0 1 93.50281761650652 -47.567748492149654 108.5
1 0 94.69042578817877 25.152784762080046 -117.5
1 1 94.64176437487495 22.094927430735435 -108.0
9385
-------------------New----------------
0 0 -47.42795591393728 -5.590318087576397 118.5
0 1 -49.05848587425524 -3.0487826978823818 108.5
1 0 -85.61269490619603 54.40143604204989 -117.5
1 1 -84.07726629388226 51.98647706261833 -108.0
9397
-------------------New----------------
0 0 -45.205383506218645 -23.630953145694846 118.5
0 1 -46.4354890131152 -26.37810195053108 108.5
1 0 -74.24129062378883 -88.44344948520974 -117.5
1 1 -73.0730591930867 -85.83535034692494 -108.0
9406
-------------------New----------------
0 0 -7.102404027907539 27.450814990216678 118.5
0 1 -3.4563429340892133 29.169557109179028 108.5
1 0 78.86834379235948 67.97408344579304 -117.5
1 1 75.40875449963464 66.34280307618974 -108.0
9417
-------------------New----------------
0 0 -31.281119859459842 18.525850572285282 118.5
0 1 -35.24750670855945 16.649106888962912 108.5
1 0 -124.89312140526701 -25.924250876221425 -117.5
1 1 -121.12626676268812 -24.131243140856263 -108.0
9425
-------------------New----------------
0 0 28.57626567711684 -33.00846386231922 118.5
0 1 29.911635524317017 -31.297923808184105 108.5
1 0 60.08337163205731 7.381452718764505 -117.5
1 1 58.812567324284444 5.754478150100182 -108.0
9426
-------------------New----------------
0 0 6.9979286283266475 37.23069764557872 118.5
0 1 5.418287255478861 36.92695794004757 108.5
1 0 -30.164884169702653 30.079188624782898 -117.5
1 1 -28.67101508516268 30.367070335772127 -108.0
9435
-------------------New----------------
0 0 35.4325621873868 57.30014049065498 118.5
0 1 38.968670801777776 56.90946060166402 108.5
1 0 118.56912812821379 49.50289471325048 -117.5
1 1 115.2352762099342 49.76720689753893 -108.0
9442
-------------------New----------------
0 0 -2.467159030841349 100.29823718792869 118.5
0 1 -0.855700686823142 100.99059674302524 108.5
1 0 35.605440624981306 116.73028989803667 -117.5
1 1 34.075965615999536 116.06965090443664 -108.0
9452
-------------------New----------------
0 0 69.94741705871193 -58.652436689864736 118.5
0 1 65.94467448916438 -56.301465228269365 108.5
1 0 -24.522014911787252 -3.1875980579217065 -117.5
1 1 -20.719215319146787 -5.420155822415081 -108.0
9453
-------------------New----------------
0 0 29.760130643608754 48.34072261180159 118.5
0 1 26.851442408078945 46.92726292320329 108.5
1 0 -38.6245129201279 14.897770057209195 -117.5
1 1 -35.868698858308356 16.249965795345112 -108.0
9455
-------------------New----------------
0 0 -115.06371545475106 -20.838824232519915 118.5
0 1 -114.36034561745699 -16.141017349898934 108.5
1 0 -98.63868469403135 89.47761476192565 -117.5
1 1 -99.3044203156683 85.03443799044149 -108.0
9476
-------------------New----------------
0 0 84.3319934565478 68.85129547180708 118.5
0 1 83.58942964829563 66.25716942298826 108.5
1 0 66.78560748067763 7.626226818373951 -117.5
1 1 67.493892366268 10.093566491004903 -108.0
9477
-------------------New----------------
0 0 -11.560160662959941 -7.222533937645004 118.5
0 1 -14.269038019214866 -7.769165182213925 108.5
1 0 -75.54125453224668 -20.0086226728204 -117.5
1 1 -72.96615266050568 -19.496948384398646 -108.0
9481
-------------------New----------------
0 0 62.21952336248555 111.1960982066086 118.5
0 1 62.972899821516066 111.19205799900666 108.5
1 0 80.10727655503963 111.18832575646522 -117.5
1 1 79.37913763797289 111.17892633749511 -108.0
9489
-------------------New----------------
0 0 15.151016798621324 25.469150815776707 118.5
0 1 14.923697229020991 23.53431425199826 108.5
1 0 9.7915993187772 -20.204190853957606 -117.5
1 1 10.007158301881875 -18.36543300244562 -108.0
9493
-------------------New----------------
0 0 33.32550325884625 64.62711647693564 118.5
0 1 35.104687039944615 63.559495693344786 108.5
1 0 75.38892130128822 39.38682146038739 -117.5
1 1 73.69351668131713 40.402764741015446 -108.0
9503
-------------------New----------------
0 0 45.394217664957225 19.083771139098495 118.5
0 1 42.549103509652 16.2336387623514 108.5
1 0 -21.74559218796979 -48.19637156329592 -117.5
1 1 -19.043046511779863 -45.487674654837264 -108.0
9511
-------------------New----------------
0 0 23.469739513888698 11.336306965867035 118.5
0 1 20.54832350687454 8.710322496572118 108.5
1 0 -45.48504808138092 -50.64780029102264 -117.5
1 1 -42.709690668543715 -48.15288739991662 -108.0
9513
-------------------New----------------
0 0 -14.822926775567655 -51.78703197634362 118.5
0 1 -9.369053110050231 -46.59739978947762 108.5
1 0 113.82698205855138 70.61026951718054 -117.5
1 1 108.64619425327562 65.66978807167739 -108.0
9517
-------------------New----------------
0 0 -27.82143408502036 2.318055497166907 118.5
0 1 -22.8081732882897 0.2588965203646768 108.5
1 0 90.3963943308064 -46.31498251326168 -117.5
1 1 85.6203873378143 -44.35143684640887 -108.0
9523
-------------------New----------------
0 0 -31.763501728508828 44.16277115093054 118.5
0 1 -31.838487763748656 47.579429990089764 108.5
1 0 -33.53215985219033 124.77563307190489 -117.5
1 1 -33.46052379646643 121.53101141799311 -108.0
9529
-------------------New----------------
0 0 -89.00927888641365 -108.76624482830744 118.5
0 1 -88.0948341426721 -107.70857913676718 108.5
1 0 -67.29567683384107 -83.86177047749598 -117.5
1 1 -68.17279577359912 -84.86181949672944 -108.0
9546
-------------------New----------------
0 0 -73.34105207320522 28.12764274830912 118.5
0 1 -74.90852832628367 28.6424882667962 108.5
1 0 -110.1332975332773 40.179991007361934 -117.5
1 1 -108.65887822894436 39.70344395075707 -108.0
9551
-------------------New----------------
0 0 -50.082931745748034 27.941386762750152 118.5
0 1 -49.23658350383353 28.22201239380117 108.5
1 0 -30.364412356528067 34.76848276514111 -117.5
1 1 -31.15138451429151 34.48791301024282 -108.0
9569
-------------------New----------------
0 0 65.29640610508729 -62.4296869031955 118.5
0 1 63.11408091300198 -59.41270627121978 108.5
1 0 13.736335333636578 8.697982070553072 -117.5
1 1 15.81410400555282 5.833719416744061 -108.0
9572
-------------------New----------------
0 0 -6.78659243075723 -40.0155950811432 118.5
0 1 -4.114778444858945 -41.82289363506702 108.5
1 0 56.09172399807691 -82.6310396289773 -117.5
1 1 53.57360751106687 -80.90728138122105 -108.0
9587
-------------------New----------------
0 0 46.06602777550742 54.23997907029523 118.5
0 1 42.46382211379713 49.94493523398732 108.5
1 0 -38.88749393320567 -47.07373373683596 -117.5
1 1 -35.46996059534875 -43.00003622144125 -108.0
9591
-------------------New----------------
0 0 40.80030826579483 114.17406895311474 118.5
0 1 41.604323870034854 113.35493087829616 108.5
1 0 59.76666305611748 94.8592863862669 -117.5
1 1 59.003404566737515 95.63611887872904 -108.0
9600
-------------------New----------------
0 0 95.2506935266981 -118.14636378860003 118.5
0 1 93.34773335613897 -117.6971263172014 108.5
1 0 50.361831658845574 -107.58415497164287 -117.5
1 1 52.1688172149436 -108.00854863740565 -108.0
9605
-------------------New----------------
0 0 64.91172884816977 -17.676111983718886 118.5
0 1 64.42084480609992 -15.342935530433618 108.5
1 0 53.3856792587762 37.48422806750153 -117.5
1 1 53.84599119322861 35.26548134860794 -108.0
9610
-------------------New----------------
0 0 -21.66660152357111 -18.200252107008957 118.5
0 1 -23.9038876695692 -13.485376866412057 108.5
1 0 -74.46948440313399 93.09745566022927 -117.5
1 1 -72.34493191613966 88.61530257608034 -108.0
9614
-------------------New----------------
0 0 116.84235584189442 58.62673819585026 118.5
0 1 116.70235907689926 60.321943627333575 108.5
1 0 114.70937162643597 97.71342381091871 -117.5
1 1 114.76102938154206 96.29950054966449 -108.0
9617
-------------------New----------------
0 0 -59.99476024330204 -53.8069547702702 118.5
0 1 -60.66960290682846 -51.64609616569676 108.5
1 0 -75.92147447298721 -2.8083818878647193 -117.5
1 1 -75.28036207465098 -4.861366613486062 -108.0
9632
-------------------New----------------
0 0 -78.71482432029447 42.24737776760783 118.5
0 1 -79.4572425901039 42.7093561351778 108.5
1 0 -96.16498431907033 53.03414644412798 -117.5
1 1 -95.4731463042884 52.602480912834174 -108.0
9637
-------------------New----------------
0 0 78.36310600999369 -76.33493556583592 118.5
0 1 79.53873466414976 -78.1356978028902 108.5
1 0 106.11406676421566 -118.80290294406049 -117.5
1 1 104.9945547565025 -117.09459261438113 -108.0
9638
-------------------New----------------
0 0 -61.06947015999557 17.209231086650576 118.5
0 1 -61.8298862229585 20.304715275546233 108.5
1 0 -79.01284896754557 90.27053062535963 -117.5
1 1 -78.29055435504901 87.3295276877304 -108.0
9641
-------------------New----------------
0 0 -77.13262986859584 -38.20686984593961 118.5
0 1 -79.1882675510506 -37.39772138678342 108.5
1 0 -125.7561653538186 -19.076653866957308 -117.5
1 1 -123.79397557077259 -19.847669997571185 -108.0
9646
-------------------New----------------
0 0 -72.39481159968511 28.87303885955988 118.5
0 1 -70.03954455872085 28.1968220606358 108.5
1 0 -16.8075678833615 12.915905154667396 -117.5
1 1 -19.045726994512947 13.558083598511956 -108.0
9657
-------------------New----------------
0 0 -41.520330379669915 -61.42968041121802 118.5
0 1 -42.010930338341296 -59.757728948132254 108.5
1 0 -53.11948917127061 -21.961381263739316 -117.5
1 1 -52.651085628846644 -23.550662990440202 -108.0
9659
-------------------New----------------
0 0 -109.9093257924505 51.46080808075531 118.5
0 1 -110.39449508791108 54.697115981573994 108.5
1 0 -121.373962504365 127.83067788522376 -117.5
1 1 -120.91274946714957 124.75642096493898 -108.0
9675
-------------------New----------------
0 0 2.7205187100455697 89.2469734878733 118.5
0 1 -1.7071401654880272 89.2423424677292 108.5
1 0 -101.5727235938867 88.5915312817285 -117.5
1 1 -97.42077253926698 88.63989272918168 -108.0
9677
-------------------New----------------
0 0 -52.636872206882664 -123.89292595420648 118.5
0 1 -50.92662934530257 -123.99124401458212 108.5
1 0 -12.11739139228688 -127.29504782355806 -117.5
1 1 -13.74928078760992 -127.14090928161133 -108.0
9684
-------------------New----------------
0 0 -91.03103214126908 -56.34561253895411 118.5
0 1 -88.89947893140074 -55.183440945198114 108.5
1 0 -40.7166784706614 -28.748596898323154 -117.5
1 1 -42.739917965965574 -29.865586788894046 -108.0
9693
-------------------New----------------
0 0 26.560933844697825 -12.146978041364132 118.5
0 1 28.68453406893544 -7.741473577571062 108.5
1 0 75.91722844233122 93.3691974097577 -117.5
1 1 73.85560866684126 89.17290475506611 -108.0
9697
-------------------New----------------
0 0 74.31164099571993 20.782829412311823 118.5
0 1 74.78600618333016 22.153363083269365 108.5
1 0 85.67716966903023 53.18210400111508 -117.5
1 1 85.20959263274999 51.88226032238045 -108.0
9701
-------------------New----------------
0 0 13.23634717703506 -54.09125214422208 118.5
0 1 14.49518997177367 -57.20897122174904 108.5
1 0 42.938953377840264 -127.69288293033212 -117.5
1 1 41.74448985457643 -124.72912599912861 -108.0
9702
-------------------New----------------
0 0 75.09463853807377 13.989320403653775 118.5
0 1 72.52141871303124 13.12426709246582 108.5
1 0 14.366361583053415 -6.395141533543968 -117.5
1 1 16.810472013427486 -5.5761521070211915 -108.0
9707
-------------------New----------------
0 0 13.241136089882867 -27.94277775451955 118.5
0 1 10.442693668797741 -30.26957384638012 108.5
1 0 -52.82288259861425 -82.8315627113826 -117.5
1 1 -50.163662105286384 -80.62250484694056 -108.0
9708
-------------------New----------------
0 0 -56.88576314172 -118.68706527236468 118.5
0 1 -54.913424883265236 -118.66370195532234 108.5
1 0 -10.350749309010192 -118.14793029607806 -117.5
1 1 -12.225753588383466 -118.1631247103915 -108.0
9709
-------------------New----------------
0 0 78.76674067333794 66.23705112408794 118.5
0 1 78.1653901556646 62.33730215711953 108.5
1 0 64.56515732968427 -25.857775235571932 -117.5
1 1 65.13674199668388 -22.151896699148494 -108.0
9711
-------------------New----------------
0 0 -98.80456780789386 -55.77665634976468 118.5
0 1 -96.69211913916392 -53.07657213723915 108.5
1 0 -48.95700602519299 7.895182146496245 -117.5
1 1 -50.961775664596786 5.33445543893348 -108.0
9720
-------------------New----------------
0 0 29.025080152560303 12.490594196430333 118.5
0 1 29.47811452986582 9.965152592886017 108.5
1 0 39.74602591386293 -47.05018780318032 -117.5
1 1 39.31176045520334 -44.65405021413774 -108.0
9731
-------------------New----------------
0 0 -63.86300133302499 -46.85629252287545 118.5
0 1 -63.38790217955195 -47.32012649928273 108.5
1 0 -52.646886913915296 -57.8252757273872 -117.5
1 1 -53.097325868346694 -57.383580102351324 -108.0
9739
-------------------New----------------
0 0 -97.32021277875477 -28.149811631770387 118.5
0 1 -96.50450984164917 -22.0879353841814 108.5
1 0 -78.25511081679568 115.00796980012198 -117.5
1 1 -79.02747331708701 109.23709157024976 -108.0
9753
-------------------New----------------
0 0 3.5966702721746144 -75.36449392568727 118.5
0 1 2.5600993382471326 -72.54548619789458 108.5
1 0 -20.86264087798716 -8.814161207259644 -117.5
1 1 -19.878097833634445 -11.494148403324127 -108.0
9757
-------------------New----------------
0 0 -106.44815532969714 20.78022900217585 118.5
0 1 -105.78024987473982 24.62431566154158 108.5
1 0 -90.69842128166876 111.48018918990935 -117.5
1 1 -91.33191583602903 107.82937496318269 -108.0
9759
-------------------New----------------
0 0 39.91650669143502 -79.61155938145752 118.5
0 1 36.99901360439706 -78.66000513848975 108.5
1 0 -28.965184435213068 -57.10791147911402 -117.5
1 1 -26.19131901298449 -58.01478863028963 -108.0
9760
-------------------New----------------
0 0 4.235300458132507 -6.8570079243006585 118.5
0 1 1.390234080901968 -11.87139994949981 108.5
1 0 -62.97333257020157 -125.29075120719372 -117.5
1 1 -60.26691284020228 -120.51985547396961 -108.0
9761
-------------------New----------------
0 0 37.41805624878082 -1.0494371761446242 118.5
0 1 37.02289204024429 -2.5477819698051505 108.5
1 0 28.08877209287266 -36.4173197652435 -117.5
1 1 28.46318723577002 -34.992992106621536 -108.0
9764
-------------------New----------------
0 0 83.21903675315967 99.8788070561636 118.5
0 1 84.51135752583397 100.82969701114038 108.5
1 0 113.64581267542272 122.29184941736833 -117.5
1 1 112.42525777366204 121.39072581441262 -108.0
9767
-------------------New----------------
0 0 22.9473681266792 38.75063165293563 118.5
0 1 25.442905751447807 39.71031509834564 108.5
1 0 81.87697087336107 61.248824937860476 -117.5
1 1 79.50350268853506 60.34573292309875 -108.0
9774
-------------------New----------------
0 0 -73.02874951036588 5.695215264955209 118.5
0 1 -70.51283039685589 8.289809332037384 108.5
1 0 -13.66899011641695 66.95736768951413 -117.5
1 1 -16.05924872308267 64.48991228665926 -108.0
9775
-------------------New----------------
0 0 -76.17524111987487 21.164283428913023 118.5
0 1 -75.60092115219689 20.658623726489658 108.5
1 0 -62.6200256854421 9.201365874564129 -117.5
1 1 -63.165600832514954 9.683925394944007 -108.0
9782
-------------------New----------------
0 0 -73.43060133146189 -86.66778602887547 118.5
0 1 -73.71359918763999 -86.7945369608793 108.5
1 0 -80.11531325034262 -89.03366908104131 -117.5
1 1 -79.8297900169399 -88.95669472867421 -108.0
9784
-------------------New----------------
0 0 -55.092452350266115 36.019838369055265 118.5
0 1 -56.94734947281048 39.588156927558295 108.5
1 0 -98.85047105968447 120.19468843122411 -117.5
1 1 -97.09030146781282 116.807300683461 -108.0
9785
-------------------New----------------
0 0 87.34061601380292 30.27267960737268 118.5
0 1 87.71492939163299 34.40458817874735 108.5
1 0 96.17308307409516 127.75583964889316 -117.5
1 1 95.81805526710852 123.83334907729845 -108.0
9788
-------------------New----------------
0 0 33.22890587001135 -16.27015116973075 118.5
0 1 27.235896161081108 -17.876425394326244 108.5
1 0 -108.09716212912504 -54.250270142750686 -117.5
1 1 -102.40139575147353 -52.717915571058505 -108.0
9795
-------------------New----------------
0 0 59.79686156402185 73.58789084904842 118.5
0 1 57.24840995505483 71.50208052329255 108.5
1 0 -0.2970897919489797 24.385572529414144 -117.5
1 1 2.119697587565015 26.367052451029895 -108.0
9803
-------------------New----------------
0 0 -92.60370209683052 -42.35825766802712 118.5
0 1 -91.80090930823663 -38.50911903137218 108.5
1 0 -73.96770149196603 48.01956318179918 -117.5
1 1 -74.72904553385182 44.403826526934424 -108.0
9810
-------------------New----------------
0 0 68.82508498614018 13.361685713014058 118.5
0 1 70.10949399696301 16.136242086136257 108.5
1 0 99.16441061241562 78.82765328303796 -117.5
1 1 97.94239675150325 76.19253538922759 -108.0
9814
-------------------New----------------
0 0 -36.78292477770111 121.62345845879595 118.5
0 1 -35.53414034910733 121.80657298995955 108.5
1 0 -7.306475513049503 125.95153070394153 -117.5
1 1 -8.492836115131459 125.7772229294716 -108.0
9817
-------------------New----------------
0 0 57.44951988988713 61.94506791735821 118.5
0 1 60.169771653304565 63.214484517282244 108.5
1 0 121.77993568206959 91.87619976972725 -117.5
1 1 119.202943901615 90.66801526711026 -108.0
9823
-------------------New----------------
0 0 57.39534097514812 109.84863598336258 118.5
0 1 55.60003338931157 108.68338485907502 108.5
1 0 15.026593330316725 82.349302958825 -117.5
1 1 16.73195807014385 83.45587124519801 -108.0
9830
-------------------New----------------
0 0 -32.56670969279038 30.50298116419508 118.5
0 1 -31.76784013117247 33.02816483409703 108.5
1 0 -13.644905657318926 90.22974271872076 -117.5
1 1 -14.406338595204508 87.81974330864288 -108.0
9838
-------------------New----------------
0 0 -6.985091283284329 -59.14978665016274 118.5
0 1 -9.747971974048408 -58.48622989435812 108.5
1 0 -72.18103754646803 -43.492771094128585 -117.5
1 1 -69.55691484173057 -44.122958655516555 -108.0
9846
-------------------New----------------
0 0 -47.151455066520036 39.69882151487214 118.5
0 1 -44.81664616060373 36.84546269876292 108.5
1 0 5.900855029491754 -28.103126800875156 -117.5
1 1 3.859292406200143 -25.350910110178678 -108.0
9851
-------------------New----------------
0 0 -14.560201502851168 36.50835736297748 118.5
0 1 -10.402873846626923 37.68165075144968 108.5
1 0 83.58102255445758 64.17097374733551 -117.5
1 1 79.6292453343284 63.05896767321607 -108.0
9857
-------------------New----------------
0 0 90.45947946768328 -82.11188017032813 118.5
0 1 89.57205392079297 -79.91544120304805 108.5
1 0 69.54923650889572 -30.294813608063226 -117.5
1 1 70.3903383940008 -32.380086589667286 -108.0
9859
-------------------New----------------
0 0 -34.69883029669929 -103.52727738984109 118.5
0 1 -35.160318068138274 -103.54343884550062 108.5
1 0 -45.37223719817002 -103.91615027577345 -117.5
1 1 -44.949212079603704 -103.90295104946074 -108.0
9869
-------------------New----------------
0 0 -19.936673434960777 -77.79881454001195 118.5
0 1 -19.05126789898516 -75.9336420230778 108.5
1 0 1.2180522893306733 -33.92271909947736 -117.5
1 1 0.3664443164793364 -35.6826688550848 -108.0
9870
-------------------New----------------
0 0 108.80995867234824 -1.5400240026035554 118.5
0 1 109.48796754531159 0.9201915957297023 108.5
1 0 124.73932978510706 56.559136722072104 -117.5
1 1 124.09945906243641 54.2152870982958 -108.0
9878
-------------------New----------------
0 0 86.20127207014986 -99.75105384787517 118.5
0 1 87.89239951575914 -100.6224370442164 108.5
1 0 126.11262623473377 -120.33692783131482 -117.5
1 1 124.50675131321582 -119.50775137759258 -108.0
9879
-------------------New----------------
0 0 -38.237349836584954 81.65708917780753 118.5
0 1 -33.85761352991761 82.68557880243887 108.5
1 0 65.15989253763715 105.95559939573783 -117.5
1 1 60.99680843075798 104.97614650965674 -108.0
9880
-------------------New----------------
0 0 47.084324131834244 -80.81279652287263 118.5
0 1 44.706121515150436 -81.39461869682633 108.5
1 0 -9.276094497755997 -94.65170831356646 -117.5
1 1 -6.996429799778491 -94.09086397265962 -108.0
9882
-------------------New----------------
0 0 -2.0010690243072147 -2.3385224512267855 118.5
0 1 1.5948599253902642 2.05999573945871 108.5
1 0 83.04328848966414 101.73494694736729 -117.5
1 1 79.61572577023446 97.53345886212418 -108.0
9885
-------------------New----------------
0 0 -81.36655717198883 -76.94450375361562 118.5
0 1 -80.53541130958696 -74.86462848742937 108.5
1 0 -61.048489222525156 -28.44483899536558 -117.5
1 1 -61.87071236367918 -30.377705044151924 -108.0
9888
-------------------New----------------
0 0 17.557248586650065 -36.09293799545078 118.5
0 1 18.04238779677231 -32.09008777960022 108.5
1 0 28.402844900229734 57.80373329110396 -117.5
1 1 27.947855301174656 54.02414882970394 -108.0
9890
-------------------New----------------
0 0 -62.26625349621004 -36.00363812105166 118.5
0 1 -64.18844781832266 -35.29151253038406 108.5
1 0 -107.65197920593486 -19.202553728642748 -117.5
1 1 -105.82375484820625 -19.877825682698777 -108.0
9892
-------------------New----------------
0 0 79.18545447252589 63.45171170435901 118.5
0 1 79.8854268542571 65.92449229622363 108.5
1 0 95.77864095884658 121.93928930827755 -117.5
1 1 95.12469649827258 119.57931652814666 -108.0
9894
-------------------New----------------
0 0 63.69483686348443 -113.52313255351665 118.5
0 1 61.633781096481925 -112.61037174097757 108.5
1 0 15.042034429647217 -92.00516839007683 -117.5
1 1 16.999686008553148 -92.87035596573179 -108.0
9899
-------------------New----------------
0 0 94.72557457600334 -46.31997345393335 118.5
0 1 92.90149609712509 -45.133643712989524 108.5
1 0 51.68456688816364 -18.328006131307873 -117.5
1 1 53.416827114800036 -19.454522435531153 -108.0
9906
-------------------New----------------
0 0 45.797782402162895 -23.230240151370158 118.5
0 1 47.025104495190575 -20.350234746366187 108.5
1 0 74.7490587374864 44.72588749631505 -117.5
1 1 73.58325504992472 41.99052005996699 -108.0
9907
-------------------New----------------
0 0 8.816757855456206 25.747992506349867 118.5
0 1 13.044829102854758 25.121264221539864 108.5
1 0 108.59137837997851 11.037455926887525 -117.5
1 1 104.57389573045796 11.626931540858646 -108.0
9912
-------------------New----------------
0 0 94.48485549065228 96.78386039396511 118.5
0 1 94.70066102644492 94.78017517497273 108.5
1 0 100.12137297810982 48.93830312307004 -117.5
1 1 99.91072563426754 50.89439812359272 -108.0
9913
-------------------New----------------
0 0 -53.640246596687234 28.19785303204385 118.5
0 1 -50.87508646666123 27.542406159471728 108.5
1 0 11.86565721718289 13.202105296216194 -117.5
1 1 9.219613475494857 13.805088219717698 -108.0
9915
-------------------New----------------
0 0 65.79719275706887 19.957039944099535 118.5
0 1 62.78275964923927 20.94454478434238 108.5
1 0 -5.5184823263869305 43.225470437232026 -117.5
1 1 -2.6386270385409367 42.29049280408368 -108.0
9918
-------------------New----------------
0 0 1.28573648111462 9.533572736981332 118.5
0 1 0.9773048394054908 7.5567255498555 108.5
1 0 -6.040911606242629 -37.133204450194164 -117.5
1 1 -5.745108135044861 -35.254643945489 -108.0
9924
-------------------New----------------
0 0 -55.179965459824416 109.96902150352858 118.5
0 1 -54.35995396143501 110.70280104714314 108.5
1 0 -35.85663915518974 127.31334469345693 -117.5
1 1 -36.63449682385719 126.61609204696936 -108.0
9946
-------------------New----------------
0 0 52.979860761714164 36.50555071418941 118.5
0 1 49.08542740935011 33.23785316523087 108.5
1 0 -43.20428631383281 -37.3992770734413 -117.5
1 1 -39.13065144167438 -34.56132817110286 -108.0
9950
-------------------New----------------
0 0 80.45840738700026 37.40190200258623 118.5
0 1 77.47996658776763 34.98473852432731 108.5
1 0 10.154685462161613 -19.676634256641094 -117.5
1 1 12.982425423240674 -17.37874489843755 -108.0
9962
-------------------New----------------
0 0 65.00908015385853 91.33014017407622 118.5
0 1 65.34960837030164 92.3680084070671 108.5
1 0 73.10144948081972 116.03286474680672 -117.5
1 1 72.77670766185305 115.04859718693281 -108.0
9965
-------------------New----------------
0 0 -24.342909935005054 -75.151630179049 118.5
0 1 -21.923340579138898 -71.93211399805465 108.5
1 0 32.777445923676794 0.816260586795317 -117.5
1 1 30.478512498613316 -2.241853791711176 -108.0
9970
-------------------New----------------
0 0 -92.00916338175907 24.432141774150356 118.5
0 1 -90.85515569101493 20.26732163343835 108.5
1 0 -64.71977824587474 -73.52526573148205 -117.5
1 1 -65.82570114350744 -69.59969794131942 -108.0
9977
-------------------New----------------
0 0 -67.06189850520286 -26.81558686921223 118.5
0 1 -67.31454228752577 -23.88536366072135 108.5
1 0 -72.98362720409439 42.376495925863686 -117.5
1 1 -72.75151844398326 39.59629103092864 -108.0
9978
-------------------New----------------
0 0 -27.138373730942742 15.008573433077634 118.5
0 1 -28.967539473002944 14.487762458012972 108.5
1 0 -70.30833775050101 2.7192895644244977 -117.5
1 1 -68.5704382301733 3.2147592308516253 -108.0
9981
-------------------New----------------
0 0 -31.62366011451659 61.78110016575763 118.5
0 1 -33.46273554465441 58.00485359415582 108.5
1 0 -75.15824059231267 -26.96292595539574 -117.5
1 1 -73.44393824306549 -23.384288786043854 -108.0
9983
-------------------New----------------
0 0 37.05965243729778 -76.10095225773225 118.5
0 1 34.66824715378739 -76.01061379892275 108.5
1 0 -19.30936308276678 -73.87969182806049 -117.5
1 1 -17.032406413521784 -73.96710050206259 -108.0
5680 events has been processed trough the script makeHLTuple.py
[CORRECT] makeHLTuple done.
[INFO] Running POCA...
Iniciando POCA (python entered)
basic libraries imported
[CORRECT] ----- ALL LIBRARIES successfully imported
Volume: [-128.0,128.0] x [-128.0,128.0] x [-128.0,128.0] cm
Grid:   128 x 128 x 128 voxels
Voxel size: 2.000 x 2.000 x 2.000 cm
[INFO] ----- Current: Voxelization of POCA points...
POCA aplicado. Eventos tras filtro: 329
[CORRECT] POCA results saved to: /gpfs/users/dominguezs/Muography_Denoising/MuonGeneration/data/post_POCA_data/POCA_2D_Lpx256_Lpy256_Lpz256_npx128_npy128_npz128_zTop118_zBot-118_spacing1_ratio1_FontX8_FontY8_matlead_wordMUON_stroke1_seed1.npy
[CORRECT] POCA done.
[CORRECT] Job finished: 2D_Lpx256_Lpy256_Lpz256_npx128_npy128_npz128_zTop118_zBot-118_spacing1_ratio1_FontX8_FontY8_matlead_wordMUON_stroke1 | seed=1
