[INFO] Job started: 2D_Lpx256_Lpy256_Lpz256_npx128_npy128_npz128_zTop118_zBot-118_spacing1_ratio1_FontX8_FontY8_matlead_wordMUON_stroke1 | seed=4
[INFO] Running Geant4 simulation...
[1;34m ____  _____  __  __  __  __  __    ___    __    ____     ___  ____  __  __  __  __  __      __   ____  _____  ____   
(_  _)(  _  )(  \/  )(  )(  )(  )  / __)  /__\  (  _ \   / __)(_  _)(  \/  )(  )(  )(  )    /__\ (_  _)(  _  )(  _ \  
  )(   )(_)(  )    (  )(__)(  )(__( (_-. /(__)\  )(_) )  \__ \ _)(_  )    (  )(__)(  )(__  /(__)\  )(   )(_)(  )   /  
 (__) (_____)(_/\/\_)(______)(____)\___/(__)(__)(____/   (___/(____)(_/\/\_)(______)(____)(__)(__)(__) (_____)(_)\_)  
[0m

**************************************************************
 Geant4 version Name: geant4-11-02-patch-01 [MT]   (16-February-2024)
                       Copyright : Geant4 Collaboration
                      References : NIM A 506 (2003), 250-303
                                 : IEEE-TNS 53 (2006), 270-278
                                 : NIM A 835 (2016), 186-225
                             WWW : http://geant4.org/
**************************************************************

DEBUG: Lectura de archivo completada. Iniciando parser...
DEBUG: Parser exitoso. Accediendo a los datos...
DEBUG: Mundo y detectores cargados correctamente.
[1;34mLoaded 88 voxels from JSON configuration file.[0m
DEBUG: Constructor finalizado con éxito.
[1;34m---------------------------------------Geometry information-----------------------------------[0m
[1;34mThe loaded geometry is as follows: 
[1;34mThe world is contained in [-128, 128]x[-128, 128]x[-256, 256]
[1;34mDetector[0m
[1;34mLocation x: 0, y: 0, z: 118
[1;34mRotation x: 0, y: 0, z: 0
[1;34mSizes x: 256, y: 256, z: 20
[1;34mNumber of layers 2
[1;34mLayer[0m
[1;34mLocation x: 0, y: 0, z: 0
[1;34mRotation x: 0, y: 0, z: 0
[1;34mSizes x: 256, y: 256, z: 1
[0m
[1;34mLayer[0m
[1;34mLocation x: 0, y: 0, z: -10
[1;34mRotation x: 0, y: 0, z: 0
[1;34mSizes x: 256, y: 256, z: 1
[0m
[0m
[1;34mDetector[0m
[1;34mLocation x: 0, y: 0, z: -118
[1;34mRotation x: 0, y: 0, z: 0
[1;34mSizes x: 256, y: 256, z: 20
[1;34mNumber of layers 2
[1;34mLayer[0m
[1;34mLocation x: 0, y: 0, z: 0
[1;34mRotation x: 0, y: 0, z: 0
[1;34mSizes x: 256, y: 256, z: 1
[0m
[1;34mLayer[0m
[1;34mLocation x: 0, y: 0, z: 10
[1;34mRotation x: 0, y: 0, z: 0
[1;34mSizes x: 256, y: 256, z: 1
[0m
[0m
[1;34mNumber of voxels: 88[0m
  Voxel 0  pos=(-33, -7, -6) cm  xSize=2 cm  ySize=2 cm  zSize=4 cm  mat=lead
  Voxel 1  pos=(-33, -5, -6) cm  xSize=2 cm  ySize=2 cm  zSize=4 cm  mat=lead
  Voxel 2  pos=(-33, -3, -6) cm  xSize=2 cm  ySize=2 cm  zSize=4 cm  mat=lead
  Voxel 3  pos=(-33, -1, -6) cm  xSize=2 cm  ySize=2 cm  zSize=4 cm  mat=lead
  Voxel 4  pos=(-33, 1, -6) cm  xSize=2 cm  ySize=2 cm  zSize=4 cm  mat=lead
  Voxel 5  pos=(-33, 3, -6) cm  xSize=2 cm  ySize=2 cm  zSize=4 cm  mat=lead
  Voxel 6  pos=(-33, 5, -6) cm  xSize=2 cm  ySize=2 cm  zSize=4 cm  mat=lead
  Voxel 7  pos=(-33, 7, -6) cm  xSize=2 cm  ySize=2 cm  zSize=4 cm  mat=lead
  Voxel 8  pos=(-31, 5, -6) cm  xSize=2 cm  ySize=2 cm  zSize=4 cm  mat=lead
  Voxel 9  pos=(-29, 3, -6) cm  xSize=2 cm  ySize=2 cm  zSize=4 cm  mat=lead
  Voxel 10  pos=(-27, 1, -6) cm  xSize=2 cm  ySize=2 cm  zSize=4 cm  mat=lead
  Voxel 11  pos=(-25, 1, -6) cm  xSize=2 cm  ySize=2 cm  zSize=4 cm  mat=lead
  Voxel 12  pos=(-23, 3, -6) cm  xSize=2 cm  ySize=2 cm  zSize=4 cm  mat=lead
  Voxel 13  pos=(-21, 5, -6) cm  xSize=2 cm  ySize=2 cm  zSize=4 cm  mat=lead
  Voxel 14  pos=(-19, -7, -6) cm  xSize=2 cm  ySize=2 cm  zSize=4 cm  mat=lead
  Voxel 15  pos=(-19, -5, -6) cm  xSize=2 cm  ySize=2 cm  zSize=4 cm  mat=lead
  Voxel 16  pos=(-19, -3, -6) cm  xSize=2 cm  ySize=2 cm  zSize=4 cm  mat=lead
  Voxel 17  pos=(-19, -1, -6) cm  xSize=2 cm  ySize=2 cm  zSize=4 cm  mat=lead
  Voxel 18  pos=(-19, 1, -6) cm  xSize=2 cm  ySize=2 cm  zSize=4 cm  mat=lead
  Voxel 19  pos=(-19, 3, -6) cm  xSize=2 cm  ySize=2 cm  zSize=4 cm  mat=lead
  Voxel 20  pos=(-19, 5, -6) cm  xSize=2 cm  ySize=2 cm  zSize=4 cm  mat=lead
  Voxel 21  pos=(-19, 7, -6) cm  xSize=2 cm  ySize=2 cm  zSize=4 cm  mat=lead
  Voxel 22  pos=(-15, -5, -6) cm  xSize=2 cm  ySize=2 cm  zSize=4 cm  mat=lead
  Voxel 23  pos=(-15, -3, -6) cm  xSize=2 cm  ySize=2 cm  zSize=4 cm  mat=lead
  Voxel 24  pos=(-15, -1, -6) cm  xSize=2 cm  ySize=2 cm  zSize=4 cm  mat=lead
  Voxel 25  pos=(-15, 1, -6) cm  xSize=2 cm  ySize=2 cm  zSize=4 cm  mat=lead
  Voxel 26  pos=(-15, 3, -6) cm  xSize=2 cm  ySize=2 cm  zSize=4 cm  mat=lead
  Voxel 27  pos=(-15, 5, -6) cm  xSize=2 cm  ySize=2 cm  zSize=4 cm  mat=lead
  Voxel 28  pos=(-15, 7, -6) cm  xSize=2 cm  ySize=2 cm  zSize=4 cm  mat=lead
  Voxel 29  pos=(-13, -7, -6) cm  xSize=2 cm  ySize=2 cm  zSize=4 cm  mat=lead
  Voxel 30  pos=(-11, -7, -6) cm  xSize=2 cm  ySize=2 cm  zSize=4 cm  mat=lead
  Voxel 31  pos=(-9, -7, -6) cm  xSize=2 cm  ySize=2 cm  zSize=4 cm  mat=lead
  Voxel 32  pos=(-7, -7, -6) cm  xSize=2 cm  ySize=2 cm  zSize=4 cm  mat=lead
  Voxel 33  pos=(-5, -7, -6) cm  xSize=2 cm  ySize=2 cm  zSize=4 cm  mat=lead
  Voxel 34  pos=(-3, -7, -6) cm  xSize=2 cm  ySize=2 cm  zSize=4 cm  mat=lead
  Voxel 35  pos=(-1, -5, -6) cm  xSize=2 cm  ySize=2 cm  zSize=4 cm  mat=lead
  Voxel 36  pos=(-1, -3, -6) cm  xSize=2 cm  ySize=2 cm  zSize=4 cm  mat=lead
  Voxel 37  pos=(-1, -1, -6) cm  xSize=2 cm  ySize=2 cm  zSize=4 cm  mat=lead
  Voxel 38  pos=(-1, 1, -6) cm  xSize=2 cm  ySize=2 cm  zSize=4 cm  mat=lead
  Voxel 39  pos=(-1, 3, -6) cm  xSize=2 cm  ySize=2 cm  zSize=4 cm  mat=lead
  Voxel 40  pos=(-1, 5, -6) cm  xSize=2 cm  ySize=2 cm  zSize=4 cm  mat=lead
  Voxel 41  pos=(-1, 7, -6) cm  xSize=2 cm  ySize=2 cm  zSize=4 cm  mat=lead
  Voxel 42  pos=(3, -5, -6) cm  xSize=2 cm  ySize=2 cm  zSize=4 cm  mat=lead
  Voxel 43  pos=(3, -3, -6) cm  xSize=2 cm  ySize=2 cm  zSize=4 cm  mat=lead
  Voxel 44  pos=(3, -1, -6) cm  xSize=2 cm  ySize=2 cm  zSize=4 cm  mat=lead
  Voxel 45  pos=(3, 1, -6) cm  xSize=2 cm  ySize=2 cm  zSize=4 cm  mat=lead
  Voxel 46  pos=(3, 3, -6) cm  xSize=2 cm  ySize=2 cm  zSize=4 cm  mat=lead
  Voxel 47  pos=(3, 5, -6) cm  xSize=2 cm  ySize=2 cm  zSize=4 cm  mat=lead
  Voxel 48  pos=(5, -7, -6) cm  xSize=2 cm  ySize=2 cm  zSize=4 cm  mat=lead
  Voxel 49  pos=(5, 7, -6) cm  xSize=2 cm  ySize=2 cm  zSize=4 cm  mat=lead
  Voxel 50  pos=(7, -7, -6) cm  xSize=2 cm  ySize=2 cm  zSize=4 cm  mat=lead
  Voxel 51  pos=(7, 7, -6) cm  xSize=2 cm  ySize=2 cm  zSize=4 cm  mat=lead
  Voxel 52  pos=(9, -7, -6) cm  xSize=2 cm  ySize=2 cm  zSize=4 cm  mat=lead
  Voxel 53  pos=(9, 7, -6) cm  xSize=2 cm  ySize=2 cm  zSize=4 cm  mat=lead
  Voxel 54  pos=(11, -7, -6) cm  xSize=2 cm  ySize=2 cm  zSize=4 cm  mat=lead
  Voxel 55  pos=(11, 7, -6) cm  xSize=2 cm  ySize=2 cm  zSize=4 cm  mat=lead
  Voxel 56  pos=(13, -7, -6) cm  xSize=2 cm  ySize=2 cm  zSize=4 cm  mat=lead
  Voxel 57  pos=(13, 7, -6) cm  xSize=2 cm  ySize=2 cm  zSize=4 cm  mat=lead
  Voxel 58  pos=(15, -7, -6) cm  xSize=2 cm  ySize=2 cm  zSize=4 cm  mat=lead
  Voxel 59  pos=(15, 7, -6) cm  xSize=2 cm  ySize=2 cm  zSize=4 cm  mat=lead
  Voxel 60  pos=(17, -5, -6) cm  xSize=2 cm  ySize=2 cm  zSize=4 cm  mat=lead
  Voxel 61  pos=(17, -3, -6) cm  xSize=2 cm  ySize=2 cm  zSize=4 cm  mat=lead
  Voxel 62  pos=(17, -1, -6) cm  xSize=2 cm  ySize=2 cm  zSize=4 cm  mat=lead
  Voxel 63  pos=(17, 1, -6) cm  xSize=2 cm  ySize=2 cm  zSize=4 cm  mat=lead
  Voxel 64  pos=(17, 3, -6) cm  xSize=2 cm  ySize=2 cm  zSize=4 cm  mat=lead
  Voxel 65  pos=(17, 5, -6) cm  xSize=2 cm  ySize=2 cm  zSize=4 cm  mat=lead
  Voxel 66  pos=(21, -7, -6) cm  xSize=2 cm  ySize=2 cm  zSize=4 cm  mat=lead
  Voxel 67  pos=(21, -5, -6) cm  xSize=2 cm  ySize=2 cm  zSize=4 cm  mat=lead
  Voxel 68  pos=(21, -3, -6) cm  xSize=2 cm  ySize=2 cm  zSize=4 cm  mat=lead
  Voxel 69  pos=(21, -1, -6) cm  xSize=2 cm  ySize=2 cm  zSize=4 cm  mat=lead
  Voxel 70  pos=(21, 1, -6) cm  xSize=2 cm  ySize=2 cm  zSize=4 cm  mat=lead
  Voxel 71  pos=(21, 3, -6) cm  xSize=2 cm  ySize=2 cm  zSize=4 cm  mat=lead
  Voxel 72  pos=(21, 5, -6) cm  xSize=2 cm  ySize=2 cm  zSize=4 cm  mat=lead
  Voxel 73  pos=(21, 7, -6) cm  xSize=2 cm  ySize=2 cm  zSize=4 cm  mat=lead
  Voxel 74  pos=(23, 5, -6) cm  xSize=2 cm  ySize=2 cm  zSize=4 cm  mat=lead
  Voxel 75  pos=(25, 3, -6) cm  xSize=2 cm  ySize=2 cm  zSize=4 cm  mat=lead
  Voxel 76  pos=(27, 1, -6) cm  xSize=2 cm  ySize=2 cm  zSize=4 cm  mat=lead
  Voxel 77  pos=(29, -1, -6) cm  xSize=2 cm  ySize=2 cm  zSize=4 cm  mat=lead
  Voxel 78  pos=(31, -3, -6) cm  xSize=2 cm  ySize=2 cm  zSize=4 cm  mat=lead
  Voxel 79  pos=(33, -5, -6) cm  xSize=2 cm  ySize=2 cm  zSize=4 cm  mat=lead
  Voxel 80  pos=(35, -7, -6) cm  xSize=2 cm  ySize=2 cm  zSize=4 cm  mat=lead
  Voxel 81  pos=(35, -5, -6) cm  xSize=2 cm  ySize=2 cm  zSize=4 cm  mat=lead
  Voxel 82  pos=(35, -3, -6) cm  xSize=2 cm  ySize=2 cm  zSize=4 cm  mat=lead
  Voxel 83  pos=(35, -1, -6) cm  xSize=2 cm  ySize=2 cm  zSize=4 cm  mat=lead
  Voxel 84  pos=(35, 1, -6) cm  xSize=2 cm  ySize=2 cm  zSize=4 cm  mat=lead
  Voxel 85  pos=(35, 3, -6) cm  xSize=2 cm  ySize=2 cm  zSize=4 cm  mat=lead
  Voxel 86  pos=(35, 5, -6) cm  xSize=2 cm  ySize=2 cm  zSize=4 cm  mat=lead
  Voxel 87  pos=(35, 7, -6) cm  xSize=2 cm  ySize=2 cm  zSize=4 cm  mat=lead
[0m
G4VUserPhysicsList::SetVerboseLevel  : Verbose level is set to 3
List of instantiated particles ============================================
GenericIon He3 alpha anti_He3 anti_alpha anti_deuteron anti_doublehyperH4 anti_doublehyperdoubleneutron anti_hyperH4 anti_hyperHe5 
anti_hyperalpha anti_hypertriton anti_kaon0 anti_lambda anti_neutron anti_nu_e anti_nu_mu anti_omega- anti_proton anti_sigma0 
anti_triton anti_xi- anti_xi0 chargedgeantino deuteron doublehyperH4 doublehyperdoubleneutron e+ e- eta 
eta_prime gamma geantino hyperH4 hyperHe5 hyperalpha hypertriton kaon+ kaon- kaon0 
kaon0L kaon0S lambda mu+ mu- neutron nu_e nu_mu omega- pi+ 
pi- pi0 proton sigma+ sigma- sigma0 triton xi- xi0 
CRY::CRYSetup: Setting returnNeutrons to 0
CRY::CRYSetup: Setting returnProtons to 0
CRY::CRYSetup: Setting returnGammas to 0
CRY::CRYSetup: Setting date to 7-1-2012 (month-day-year)
CRY::CRYSetup: Setting latitude to 90
CRY::CRYSetup: Setting altitude to 0
CRY::CRYSetup: Setting subboxLength to 2.56
userDetector->Construct() start.
Creando los objetos
Checking overlaps for volume layerPhys_0_0:0 (G4Box) ... OK! 
Checking overlaps for volume layerPhys_0_1:0 (G4Box) ... 
-------- WWWW ------- G4Exception-START -------- WWWW -------
*** G4Exception : GeomVol1002
      issued by : G4PVPlacement::CheckOverlaps()
Overlap with mother volume !
          Overlap is detected for volume layerPhys_0_1:0 (G4Box) with its mother volume detector_0 (G4Box)
          protrusion at mother local point (833.379,-284.345,-105) by 5 mm  (max of 517 cases)
NOTE: Reached maximum fixed number -1- of overlaps reports for this volume !
*** This is just a warning message. ***
-------- WWWW -------- G4Exception-END --------- WWWW -------

Checking overlaps for volume detectorPhys_0:0 (G4Box) ... OK! 
Checking overlaps for volume layerPhys_1_0:0 (G4Box) ... OK! 
Checking overlaps for volume layerPhys_1_1:0 (G4Box) ... 
-------- WWWW ------- G4Exception-START -------- WWWW -------
*** G4Exception : GeomVol1002
      issued by : G4PVPlacement::CheckOverlaps()
Overlap with mother volume !
          Overlap is detected for volume layerPhys_1_1:0 (G4Box) with its mother volume detector_1 (G4Box)
          protrusion at mother local point (-950.771,574.296,105) by 5 mm  (max of 502 cases)
NOTE: Reached maximum fixed number -1- of overlaps reports for this volume !
*** This is just a warning message. ***
-------- WWWW -------- G4Exception-END --------- WWWW -------

Checking overlaps for volume detectorPhys_1:0 (G4Box) ... OK! 
worldLogical is registered to the default region.
physicsList->Construct() start.
G4VUserPhysicsList::Construct()
G4VUserPhysicsList::InitializeProcessManager: creating ProcessManager to GenericIon
G4VUserPhysicsList::InitializeProcessManager: creating ProcessManager to He3
G4VUserPhysicsList::InitializeProcessManager: creating ProcessManager to alpha
G4VUserPhysicsList::InitializeProcessManager: creating ProcessManager to anti_He3
G4VUserPhysicsList::InitializeProcessManager: creating ProcessManager to anti_alpha
G4VUserPhysicsList::InitializeProcessManager: creating ProcessManager to anti_deuteron
G4VUserPhysicsList::InitializeProcessManager: creating ProcessManager to anti_doublehyperH4
G4VUserPhysicsList::InitializeProcessManager: creating ProcessManager to anti_doublehyperdoubleneutron
G4VUserPhysicsList::InitializeProcessManager: creating ProcessManager to anti_hyperH4
G4VUserPhysicsList::InitializeProcessManager: creating ProcessManager to anti_hyperHe5
G4VUserPhysicsList::InitializeProcessManager: creating ProcessManager to anti_hyperalpha
G4VUserPhysicsList::InitializeProcessManager: creating ProcessManager to anti_hypertriton
G4VUserPhysicsList::InitializeProcessManager: creating ProcessManager to anti_kaon0
G4VUserPhysicsList::InitializeProcessManager: creating ProcessManager to anti_lambda
G4VUserPhysicsList::InitializeProcessManager: creating ProcessManager to anti_neutron
G4VUserPhysicsList::InitializeProcessManager: creating ProcessManager to anti_nu_e
G4VUserPhysicsList::InitializeProcessManager: creating ProcessManager to anti_nu_mu
G4VUserPhysicsList::InitializeProcessManager: creating ProcessManager to anti_omega-
G4VUserPhysicsList::InitializeProcessManager: creating ProcessManager to anti_proton
G4VUserPhysicsList::InitializeProcessManager: creating ProcessManager to anti_sigma0
G4VUserPhysicsList::InitializeProcessManager: creating ProcessManager to anti_triton
G4VUserPhysicsList::InitializeProcessManager: creating ProcessManager to anti_xi-
G4VUserPhysicsList::InitializeProcessManager: creating ProcessManager to anti_xi0
G4VUserPhysicsList::InitializeProcessManager: creating ProcessManager to chargedgeantino
G4VUserPhysicsList::InitializeProcessManager: creating ProcessManager to deuteron
G4VUserPhysicsList::InitializeProcessManager: creating ProcessManager to doublehyperH4
G4VUserPhysicsList::InitializeProcessManager: creating ProcessManager to doublehyperdoubleneutron
G4VUserPhysicsList::InitializeProcessManager: creating ProcessManager to e+
G4VUserPhysicsList::InitializeProcessManager: creating ProcessManager to e-
G4VUserPhysicsList::InitializeProcessManager: creating ProcessManager to eta
G4VUserPhysicsList::InitializeProcessManager: creating ProcessManager to eta_prime
G4VUserPhysicsList::InitializeProcessManager: creating ProcessManager to gamma
G4VUserPhysicsList::InitializeProcessManager: creating ProcessManager to geantino
G4VUserPhysicsList::InitializeProcessManager: creating ProcessManager to hyperH4
G4VUserPhysicsList::InitializeProcessManager: creating ProcessManager to hyperHe5
G4VUserPhysicsList::InitializeProcessManager: creating ProcessManager to hyperalpha
G4VUserPhysicsList::InitializeProcessManager: creating ProcessManager to hypertriton
G4VUserPhysicsList::InitializeProcessManager: creating ProcessManager to kaon+
G4VUserPhysicsList::InitializeProcessManager: creating ProcessManager to kaon-
G4VUserPhysicsList::InitializeProcessManager: creating ProcessManager to kaon0
G4VUserPhysicsList::InitializeProcessManager: creating ProcessManager to kaon0L
G4VUserPhysicsList::InitializeProcessManager: creating ProcessManager to kaon0S
G4VUserPhysicsList::InitializeProcessManager: creating ProcessManager to lambda
G4VUserPhysicsList::InitializeProcessManager: creating ProcessManager to mu+
G4VUserPhysicsList::InitializeProcessManager: creating ProcessManager to mu-
G4VUserPhysicsList::InitializeProcessManager: creating ProcessManager to neutron
G4VUserPhysicsList::InitializeProcessManager: creating ProcessManager to nu_e
G4VUserPhysicsList::InitializeProcessManager: creating ProcessManager to nu_mu
G4VUserPhysicsList::InitializeProcessManager: creating ProcessManager to omega-
G4VUserPhysicsList::InitializeProcessManager: creating ProcessManager to pi+
G4VUserPhysicsList::InitializeProcessManager: creating ProcessManager to pi-
G4VUserPhysicsList::InitializeProcessManager: creating ProcessManager to pi0
G4VUserPhysicsList::InitializeProcessManager: creating ProcessManager to proton
G4VUserPhysicsList::InitializeProcessManager: creating ProcessManager to sigma+
G4VUserPhysicsList::InitializeProcessManager: creating ProcessManager to sigma-
G4VUserPhysicsList::InitializeProcessManager: creating ProcessManager to sigma0
G4VUserPhysicsList::InitializeProcessManager: creating ProcessManager to triton
G4VUserPhysicsList::InitializeProcessManager: creating ProcessManager to xi-
G4VUserPhysicsList::InitializeProcessManager: creating ProcessManager to xi0
Construct processes 
G4PhysicsListHelper::AddTransportation()  
physicsList->CheckParticleList() start.
physicsList->setCut() start.
G4VUserPhysicsList::SetParticleCuts:   :1[mm] for gamma
G4VUserPhysicsList::SetParticleCuts:   :1[mm] for e-
G4VUserPhysicsList::SetParticleCuts:   :1[mm] for e+
G4VUserPhysicsList::SetParticleCuts:   :1[mm] for proton
G4VUserPhysicsList::SetDefaultCutValue:default cut value is changed to   :1[mm]
G4VUserPhysicsList::SetCuts:   
Cut for gamma: 1[mm]
Cut  for e-: 1[mm]
Cut  for e+: 1[mm]
Cut  for proton: 1[mm]
/
/layer_0_0   *** Active 
/layer_0_1   *** Active 
/layer_1_0   *** Active 
/layer_1_1   *** Active 
Visualization Manager instantiating with verbosity "warnings (3)"...
Visualization Manager initialising...
Registering graphics systems...

You have successfully registered the following graphics systems.
Registered graphics systems are:
  ASCIITree (ATree)
  DAWNFILE (DAWNFILE)
  G4HepRepFile (HepRepFile)
  RayTracer (RayTracer)
  VRML2FILE (VRML2FILE)
  gMocrenFile (gMocrenFile)
  TOOLSSG_OFFSCREEN (TSG_OFFSCREEN)
  TOOLSSG_OFFSCREEN (TSG_OFFSCREEN, TSG_FILE, TSG)
Default graphics system is: TSG_OFFSCREEN (based on batch session).
Default window size hint is: 600x600-0+0 (based on G4VisManager initialisation).
Note: Parameters specified on the command line will override these defaults.
      Use "vis/open" without parameters to get these defaults.

Registering model factories...

You have successfully registered the following model factories.
Registered model factories:
  generic
  drawByAttribute
  drawByCharge
  drawByOriginVolume
  drawByParticleID
  drawByEncounteredVolume

Registered models:
  None

Registered filter factories:
  attributeFilter
  chargeFilter
  originVolumeFilter
  particleFilter
  encounteredVolumeFilter

Registered filters:
  None

You have successfully registered the following user vis actions.
Run Duration User Vis Actions: none
End of Event User Vis Actions: none
End of Run User Vis Actions: none

Some /vis commands (optionally) take a string to specify colour.
"/vis/list" to see available colours.
Starging the party joder
Starging the party
G4ProductionCutsTable::UpdateCoupleTable() - Elapsed time for calculation of energy cuts: 
User=0.000000s Real=0.000065s Sys=0.000000s [Cpu=0.0%]
=======================================================================
======                 Electromagnetic Physics Parameters      ========
=======================================================================
LPM effect enabled                                 1
Enable creation and use of sampling tables         0
Apply cuts on all EM processes                     0
Use combined TransportationWithMsc                 Disabled
Use general process                                0
Enable linear polarisation for gamma               0
Enable photoeffect sampling below K-shell          1
Enable sampling of quantum entanglement            0
X-section factor for integral approach             0.8
Min kinetic energy for tables                      100 eV 
Max kinetic energy for tables                      100 TeV
Number of bins per decade of a table               7
Verbose level                                      1
Verbose level for worker thread                    0
Bremsstrahlung energy threshold above which 
  primary e+- is added to the list of secondary    100 TeV
Bremsstrahlung energy threshold above which primary
  muon/hadron is added to the list of secondary    100 TeV
Lowest triplet kinetic energy                      1 MeV
Enable sampling of gamma linear polarisation       0
5D gamma conversion model type                     0
5D gamma conversion model on isolated ion          0
Livermore data directory                           epics_2017
=======================================================================
======                 Ionisation Parameters                   ========
=======================================================================
Step function for e+-                              (0.2, 1 mm)
Step function for muons/hadrons                    (0.2, 0.1 mm)
Step function for light ions                       (0.2, 0.1 mm)
Step function for general ions                     (0.2, 0.1 mm)
Lowest e+e- kinetic energy                         1 keV
Lowest muon/hadron kinetic energy                  1 keV
Use ICRU90 data                                    0
Fluctuations of dE/dx are enabled                  1
Type of fluctuation model for leptons and hadrons  Universal
Use built-in Birks satuaration                     0
Build CSDA range enabled                           0
Use cut as a final range enabled                   0
Enable angular generator interface                 0
Max kinetic energy for CSDA tables                 1 GeV
Max kinetic energy for NIEL computation            0 eV 
Linear loss limit                                  0.01
Read data from file for e+e- pair production by mu 0
=======================================================================
======                 Multiple Scattering Parameters          ========
=======================================================================
Type of msc step limit algorithm for e+-           1
Type of msc step limit algorithm for muons/hadrons 0
Msc lateral displacement for e+- enabled           1
Msc lateral displacement for muons and hadrons     0
Urban msc model lateral displacement alg96         1
Range factor for msc step limit for e+-            0.04
Range factor for msc step limit for muons/hadrons  0.2
Geometry factor for msc step limitation of e+-     2.5
Safety factor for msc step limit for e+-           0.6
Skin parameter for msc step limitation of e+-      1
Lambda limit for msc step limit for e+-            1 mm
Use Mott correction for e- scattering              0
Factor used for dynamic computation of angular 
  limit between single and multiple scattering     1
Fixed angular limit between single 
  and multiple scattering                          3.1416 rad
Upper energy limit for e+- multiple scattering     100 MeV
Type of electron single scattering model           0
Type of nuclear form-factor                        1
Screening factor                                   1
=======================================================================
G4VUserPhysicsList::BuildPhysicsTable does not retrieve Cut Table but calculate 
G4VUserPhysicsList::BuildPhysicsTable  Calculate Physics Table for gamma
G4VUserPhysicsList::BuildPhysicsTable %%%%%% gamma
 ProcessManager : 0x1597eb0 ProcessManagerShadow : 0x1597eb0
  0 - Transportation
  1 - phot
  2 - compt
  3 - pol-compt
  4 - conv
--------------------------------------------------------------
  0 - Transportation
  1 - phot
  2 - compt
  3 - pol-compt
  4 - conv

phot:  for gamma SubType=12 BuildTable=0
      LambdaPrime table from 200 keV to 100 TeV in 61 bins 
      ===== EM models for the G4Region  DefaultRegionForTheWorld ======
       PhotoElectric : Emin=    0 eV  Emax=  100 TeV  SauterGavrila

compt:  for gamma SubType=13 BuildTable=1
      Lambda table from 100 eV  to 1 MeV, 7 bins/decade, spline: 1
      LambdaPrime table from 1 MeV to 100 TeV in 56 bins 
      ===== EM models for the G4Region  DefaultRegionForTheWorld ======
       Klein-Nishina : Emin=    0 eV  Emax=  100 TeV

pol-compt:  for gamma SubType=13 BuildTable=1
      Lambda table from 100 eV  to 1 MeV, 7 bins/decade, spline: 1
      LambdaPrime table from 1 MeV to 100 TeV in 56 bins 
      ===== EM models for the G4Region  DefaultRegionForTheWorld ======
   Polarized-Compton : Emin=    0 eV  Emax=  100 TeV

conv:  for gamma SubType=14 BuildTable=1
      Lambda table from 1.022 MeV to 100 TeV, 18 bins/decade, spline: 1
      ===== EM models for the G4Region  DefaultRegionForTheWorld ======
     BetheHeitlerLPM : Emin=    0 eV  Emax=  100 TeV  ModifiedTsai
G4VUserPhysicsList::BuildPhysicsTable  Calculate Physics Table for e-
G4VUserPhysicsList::BuildPhysicsTable %%%%%% e-
 ProcessManager : 0x15977c0 ProcessManagerShadow : 0x15977c0
  0 - Transportation
  1 - msc
  2 - eIoni
  3 - eBrem
--------------------------------------------------------------
  0 - Transportation
  1 - msc
  2 - eIoni
  3 - eBrem

msc:  for e-  SubType= 10
      ===== EM models for the G4Region  DefaultRegionForTheWorld ======
            UrbanMsc : Emin=    0 eV  Emax=  100 TeV Nbins=84 100 eV  - 100 TeV
          StepLim=UseSafety Rfact=0.04 Gfact=2.5 Sfact=0.6 DispFlag:1 Skin=1 Llim=1 mm

eIoni:  for e-  XStype:3  SubType=2
      dE/dx and range tables from 100 eV  to 100 TeV in 84 bins
      Lambda tables from threshold to 100 TeV, 7 bins/decade, spline: 1
      StepFunction=(0.2, 1 mm), integ: 3, fluct: 1, linLossLim= 0.01
      ===== EM models for the G4Region  DefaultRegionForTheWorld ======
        MollerBhabha : Emin=    0 eV  Emax=  100 TeV

eBrem:  for e-  XStype:4  SubType=3
      dE/dx and range tables from 100 eV  to 100 TeV in 84 bins
      Lambda tables from threshold to 100 TeV, 7 bins/decade, spline: 1
      LPM flag: 1 for E > 1 GeV,  VertexHighEnergyTh(GeV)= 100000
      ===== EM models for the G4Region  DefaultRegionForTheWorld ======
             eBremSB : Emin=    0 eV  Emax=    1 GeV  ModifiedTsai
            eBremLPM : Emin=    1 GeV Emax=  100 TeV  ModifiedTsai
G4VUserPhysicsList::BuildPhysicsTable  Calculate Physics Table for e+
G4VUserPhysicsList::BuildPhysicsTable %%%%%% e+
 ProcessManager : 0x1597570 ProcessManagerShadow : 0x1597570
  0 - Transportation
  1 - msc
  2 - eIoni
  3 - eBrem
  4 - annihil
--------------------------------------------------------------
  0 - Transportation
  1 - msc
  2 - eIoni
  3 - eBrem
  4 - annihil

msc:  for e+  SubType= 10
      ===== EM models for the G4Region  DefaultRegionForTheWorld ======
            UrbanMsc : Emin=    0 eV  Emax=  100 TeV Nbins=84 100 eV  - 100 TeV
          StepLim=UseSafety Rfact=0.04 Gfact=2.5 Sfact=0.6 DispFlag:1 Skin=1 Llim=1 mm

eIoni:  for e+  XStype:3  SubType=2
      dE/dx and range tables from 100 eV  to 100 TeV in 84 bins
      Lambda tables from threshold to 100 TeV, 7 bins/decade, spline: 1
      StepFunction=(0.2, 1 mm), integ: 3, fluct: 1, linLossLim= 0.01
      ===== EM models for the G4Region  DefaultRegionForTheWorld ======
        MollerBhabha : Emin=    0 eV  Emax=  100 TeV

eBrem:  for e+  XStype:4  SubType=3
      dE/dx and range tables from 100 eV  to 100 TeV in 84 bins
      Lambda tables from threshold to 100 TeV, 7 bins/decade, spline: 1
      LPM flag: 1 for E > 1 GeV,  VertexHighEnergyTh(GeV)= 100000
      ===== EM models for the G4Region  DefaultRegionForTheWorld ======
             eBremSB : Emin=    0 eV  Emax=    1 GeV  ModifiedTsai
            eBremLPM : Emin=    1 GeV Emax=  100 TeV  ModifiedTsai

annihil:  for e+ XStype:2 SubType=5 BuildTable=0
      ===== EM models for the G4Region  DefaultRegionForTheWorld ======
            eplus2gg : Emin=    0 eV  Emax=  100 TeV
G4VUserPhysicsList::BuildPhysicsTable  Calculate Physics Table for proton
G4VUserPhysicsList::BuildPhysicsTable %%%%%% proton
 ProcessManager : 0x159af40 ProcessManagerShadow : 0x159af40
  0 - Transportation
  1 - msc
  2 - hIoni
--------------------------------------------------------------
  0 - Transportation
  1 - msc
  2 - hIoni

msc:  for proton  SubType= 10
      ===== EM models for the G4Region  DefaultRegionForTheWorld ======
            UrbanMsc : Emin=    0 eV  Emax=  100 TeV Nbins=84 100 eV  - 100 TeV
          StepLim=Minimal Rfact=0.2 Gfact=2.5 Sfact=0.6 DispFlag:0 Skin=1 Llim=1 mm

hIoni:  for proton  XStype:3  SubType=2
      dE/dx and range tables from 100 eV  to 100 TeV in 84 bins
      Lambda tables from threshold to 100 TeV, 7 bins/decade, spline: 1
      StepFunction=(0.2, 0.1 mm), integ: 3, fluct: 1, linLossLim= 0.01
      ===== EM models for the G4Region  DefaultRegionForTheWorld ======
               Bragg : Emin=    0 eV  Emax=    2 MeV
          BetheBloch : Emin=    2 MeV Emax=  100 TeV
G4VUserPhysicsList::BuildPhysicsTable  Calculate Physics Table for GenericIon
G4VUserPhysicsList::BuildPhysicsTable %%%%%% GenericIon
 ProcessManager : 0x158f5e0 ProcessManagerShadow : 0x158f5e0
  0 - Transportation
  1 - msc
  2 - hIoni
--------------------------------------------------------------
  0 - Transportation
  1 - msc
  2 - hIoni

msc:  for GenericIon  SubType= 10
      ===== EM models for the G4Region  DefaultRegionForTheWorld ======
            UrbanMsc : Emin=    0 eV  Emax=  100 TeV
          StepLim=Minimal Rfact=0.2 Gfact=2.5 Sfact=0.6 DispFlag:0 Skin=1 Llim=1 mm

hIoni:  for GenericIon  XStype:3  SubType=2
      dE/dx and range tables from 100 eV  to 100 TeV in 84 bins
      Lambda tables from threshold to 100 TeV, 7 bins/decade, spline: 1
      StepFunction=(0.2, 0.1 mm), integ: 3, fluct: 1, linLossLim= 0.01
      ===== EM models for the G4Region  DefaultRegionForTheWorld ======
               Bragg : Emin=    0 eV  Emax=    2 MeV
          BetheBloch : Emin=    2 MeV Emax=  100 TeV
G4VUserPhysicsList::BuildPhysicsTable  Calculate Physics Table for He3
G4VUserPhysicsList::BuildPhysicsTable %%%%%% He3
 ProcessManager : 0x1593a10 ProcessManagerShadow : 0x1593a10
  0 - Transportation
  1 - msc
  2 - hIoni
--------------------------------------------------------------
  0 - Transportation
  1 - msc
  2 - hIoni
G4VUserPhysicsList::BuildPhysicsTable  Calculate Physics Table for alpha
G4VUserPhysicsList::BuildPhysicsTable %%%%%% alpha
 ProcessManager : 0x1593ba0 ProcessManagerShadow : 0x1593ba0
  0 - Transportation
  1 - msc
  2 - hIoni
--------------------------------------------------------------
  0 - Transportation
  1 - msc
  2 - hIoni

msc:  for alpha  SubType= 10
      ===== EM models for the G4Region  DefaultRegionForTheWorld ======
            UrbanMsc : Emin=    0 eV  Emax=  100 TeV
          StepLim=Minimal Rfact=0.2 Gfact=2.5 Sfact=0.6 DispFlag:0 Skin=1 Llim=1 mm

hIoni:  for alpha  XStype:3  SubType=2
      dE/dx and range tables from 100 eV  to 100 TeV in 84 bins
      Lambda tables from threshold to 100 TeV, 7 bins/decade, spline: 1
      StepFunction=(0.2, 0.1 mm), integ: 3, fluct: 1, linLossLim= 0.01
      ===== EM models for the G4Region  DefaultRegionForTheWorld ======
               Bragg : Emin=    0 eV  Emax=7.9452 MeV
          BetheBloch : Emin=7.9452 MeV Emax=  100 TeV
G4VUserPhysicsList::BuildPhysicsTable  Calculate Physics Table for anti_He3
G4VUserPhysicsList::BuildPhysicsTable %%%%%% anti_He3
 ProcessManager : 0x1593df0 ProcessManagerShadow : 0x1593df0
  0 - Transportation
  1 - msc
  2 - hIoni
--------------------------------------------------------------
  0 - Transportation
  1 - msc
  2 - hIoni
G4VUserPhysicsList::BuildPhysicsTable  Calculate Physics Table for anti_alpha
G4VUserPhysicsList::BuildPhysicsTable %%%%%% anti_alpha
 ProcessManager : 0x1594040 ProcessManagerShadow : 0x1594040
  0 - Transportation
  1 - msc
  2 - hIoni
--------------------------------------------------------------
  0 - Transportation
  1 - msc
  2 - hIoni
G4VUserPhysicsList::BuildPhysicsTable  Calculate Physics Table for anti_deuteron
G4VUserPhysicsList::BuildPhysicsTable %%%%%% anti_deuteron
 ProcessManager : 0x1594290 ProcessManagerShadow : 0x1594290
  0 - Transportation
  1 - msc
  2 - hIoni
--------------------------------------------------------------
  0 - Transportation
  1 - msc
  2 - hIoni
G4VUserPhysicsList::BuildPhysicsTable  Calculate Physics Table for anti_doublehyperH4
G4VUserPhysicsList::BuildPhysicsTable %%%%%% anti_doublehyperH4
 ProcessManager : 0x15944e0 ProcessManagerShadow : 0x15944e0
  0 - Transportation
  1 - Decay
  2 - msc
  3 - hIoni
--------------------------------------------------------------
  0 - Transportation
  1 - Decay
  2 - msc
  3 - hIoni
G4VUserPhysicsList::BuildPhysicsTable  Calculate Physics Table for anti_doublehyperdoubleneutron
G4VUserPhysicsList::BuildPhysicsTable %%%%%% anti_doublehyperdoubleneutron
 ProcessManager : 0x1594730 ProcessManagerShadow : 0x1594730
  0 - Transportation
  1 - Decay
--------------------------------------------------------------
  0 - Transportation
  1 - Decay
G4VUserPhysicsList::BuildPhysicsTable  Calculate Physics Table for anti_hyperH4
G4VUserPhysicsList::BuildPhysicsTable %%%%%% anti_hyperH4
 ProcessManager : 0x1594980 ProcessManagerShadow : 0x1594980
  0 - Transportation
  1 - Decay
  2 - msc
  3 - hIoni
--------------------------------------------------------------
  0 - Transportation
  1 - Decay
  2 - msc
  3 - hIoni
G4VUserPhysicsList::BuildPhysicsTable  Calculate Physics Table for anti_hyperHe5
G4VUserPhysicsList::BuildPhysicsTable %%%%%% anti_hyperHe5
 ProcessManager : 0x1594bd0 ProcessManagerShadow : 0x1594bd0
  0 - Transportation
  1 - Decay
  2 - msc
  3 - hIoni
--------------------------------------------------------------
  0 - Transportation
  1 - Decay
  2 - msc
  3 - hIoni
G4VUserPhysicsList::BuildPhysicsTable  Calculate Physics Table for anti_hyperalpha
G4VUserPhysicsList::BuildPhysicsTable %%%%%% anti_hyperalpha
 ProcessManager : 0x1594e20 ProcessManagerShadow : 0x1594e20
  0 - Transportation
  1 - Decay
  2 - msc
  3 - hIoni
--------------------------------------------------------------
  0 - Transportation
  1 - Decay
  2 - msc
  3 - hIoni
G4VUserPhysicsList::BuildPhysicsTable  Calculate Physics Table for anti_hypertriton
G4VUserPhysicsList::BuildPhysicsTable %%%%%% anti_hypertriton
 ProcessManager : 0x1595070 ProcessManagerShadow : 0x1595070
  0 - Transportation
  1 - Decay
  2 - msc
  3 - hIoni
--------------------------------------------------------------
  0 - Transportation
  1 - Decay
  2 - msc
  3 - hIoni
G4VUserPhysicsList::BuildPhysicsTable  Calculate Physics Table for anti_kaon0
G4VUserPhysicsList::BuildPhysicsTable %%%%%% anti_kaon0
 ProcessManager : 0x15952c0 ProcessManagerShadow : 0x15952c0
  0 - Transportation
  1 - Decay
--------------------------------------------------------------
  0 - Transportation
  1 - Decay
G4VUserPhysicsList::BuildPhysicsTable  Calculate Physics Table for anti_lambda
G4VUserPhysicsList::BuildPhysicsTable %%%%%% anti_lambda
 ProcessManager : 0x1595510 ProcessManagerShadow : 0x1595510
  0 - Transportation
  1 - Decay
--------------------------------------------------------------
  0 - Transportation
  1 - Decay
G4VUserPhysicsList::BuildPhysicsTable  Calculate Physics Table for anti_neutron
G4VUserPhysicsList::BuildPhysicsTable %%%%%% anti_neutron
 ProcessManager : 0x1595760 ProcessManagerShadow : 0x1595760
  0 - Transportation
  1 - Decay
--------------------------------------------------------------
  0 - Transportation
  1 - Decay
G4VUserPhysicsList::BuildPhysicsTable  Calculate Physics Table for anti_nu_e
G4VUserPhysicsList::BuildPhysicsTable %%%%%% anti_nu_e
 ProcessManager : 0x15959b0 ProcessManagerShadow : 0x15959b0
  0 - Transportation
--------------------------------------------------------------
  0 - Transportation
G4VUserPhysicsList::BuildPhysicsTable  Calculate Physics Table for anti_nu_mu
G4VUserPhysicsList::BuildPhysicsTable %%%%%% anti_nu_mu
 ProcessManager : 0x1595c00 ProcessManagerShadow : 0x1595c00
  0 - Transportation
--------------------------------------------------------------
  0 - Transportation
G4VUserPhysicsList::BuildPhysicsTable  Calculate Physics Table for anti_omega-
G4VUserPhysicsList::BuildPhysicsTable %%%%%% anti_omega-
 ProcessManager : 0x1595e50 ProcessManagerShadow : 0x1595e50
  0 - Transportation
  1 - Decay
  2 - msc
  3 - hIoni
--------------------------------------------------------------
  0 - Transportation
  1 - Decay
  2 - msc
  3 - hIoni
G4VUserPhysicsList::BuildPhysicsTable  Calculate Physics Table for anti_proton
G4VUserPhysicsList::BuildPhysicsTable %%%%%% anti_proton
 ProcessManager : 0x15960a0 ProcessManagerShadow : 0x15960a0
  0 - Transportation
  1 - msc
  2 - hIoni
--------------------------------------------------------------
  0 - Transportation
  1 - msc
  2 - hIoni

msc:  for anti_proton  SubType= 10
      ===== EM models for the G4Region  DefaultRegionForTheWorld ======
            UrbanMsc : Emin=    0 eV  Emax=  100 TeV Nbins=84 100 eV  - 100 TeV
          StepLim=Minimal Rfact=0.2 Gfact=2.5 Sfact=0.6 DispFlag:0 Skin=1 Llim=1 mm

hIoni:  for anti_proton  XStype:3  SubType=2
      dE/dx and range tables from 100 eV  to 100 TeV in 84 bins
      Lambda tables from threshold to 100 TeV, 7 bins/decade, spline: 1
      StepFunction=(0.2, 0.1 mm), integ: 3, fluct: 1, linLossLim= 0.01
      ===== EM models for the G4Region  DefaultRegionForTheWorld ======
            ICRU73QO : Emin=    0 eV  Emax=    2 MeV
          BetheBloch : Emin=    2 MeV Emax=  100 TeV
G4VUserPhysicsList::BuildPhysicsTable  Calculate Physics Table for anti_sigma0
G4VUserPhysicsList::BuildPhysicsTable %%%%%% anti_sigma0
 ProcessManager : 0x15962f0 ProcessManagerShadow : 0x15962f0
  0 - Transportation
  1 - Decay
--------------------------------------------------------------
  0 - Transportation
  1 - Decay
G4VUserPhysicsList::BuildPhysicsTable  Calculate Physics Table for anti_triton
G4VUserPhysicsList::BuildPhysicsTable %%%%%% anti_triton
 ProcessManager : 0x1596540 ProcessManagerShadow : 0x1596540
  0 - Transportation
  1 - Decay
  2 - msc
  3 - hIoni
--------------------------------------------------------------
  0 - Transportation
  1 - Decay
  2 - msc
  3 - hIoni
G4VUserPhysicsList::BuildPhysicsTable  Calculate Physics Table for anti_xi-
G4VUserPhysicsList::BuildPhysicsTable %%%%%% anti_xi-
 ProcessManager : 0x1596790 ProcessManagerShadow : 0x1596790
  0 - Transportation
  1 - Decay
  2 - msc
  3 - hIoni
--------------------------------------------------------------
  0 - Transportation
  1 - Decay
  2 - msc
  3 - hIoni
G4VUserPhysicsList::BuildPhysicsTable  Calculate Physics Table for anti_xi0
G4VUserPhysicsList::BuildPhysicsTable %%%%%% anti_xi0
 ProcessManager : 0x15969e0 ProcessManagerShadow : 0x15969e0
  0 - Transportation
  1 - Decay
--------------------------------------------------------------
  0 - Transportation
  1 - Decay
G4VUserPhysicsList::BuildPhysicsTable  Calculate Physics Table for chargedgeantino
G4VUserPhysicsList::BuildPhysicsTable %%%%%% chargedgeantino
 ProcessManager : 0x1596c30 ProcessManagerShadow : 0x1596c30
  0 - Transportation
--------------------------------------------------------------
  0 - Transportation
G4VUserPhysicsList::BuildPhysicsTable  Calculate Physics Table for deuteron
G4VUserPhysicsList::BuildPhysicsTable %%%%%% deuteron
 ProcessManager : 0x1596e80 ProcessManagerShadow : 0x1596e80
  0 - Transportation
  1 - msc
  2 - hIoni
--------------------------------------------------------------
  0 - Transportation
  1 - msc
  2 - hIoni
G4VUserPhysicsList::BuildPhysicsTable  Calculate Physics Table for doublehyperH4
G4VUserPhysicsList::BuildPhysicsTable %%%%%% doublehyperH4
 ProcessManager : 0x15970d0 ProcessManagerShadow : 0x15970d0
  0 - Transportation
  1 - Decay
  2 - msc
  3 - hIoni
--------------------------------------------------------------
  0 - Transportation
  1 - Decay
  2 - msc
  3 - hIoni
G4VUserPhysicsList::BuildPhysicsTable  Calculate Physics Table for doublehyperdoubleneutron
G4VUserPhysicsList::BuildPhysicsTable %%%%%% doublehyperdoubleneutron
 ProcessManager : 0x1597320 ProcessManagerShadow : 0x1597320
  0 - Transportation
  1 - Decay
--------------------------------------------------------------
  0 - Transportation
  1 - Decay
G4VUserPhysicsList::BuildPhysicsTable  Calculate Physics Table for eta
G4VUserPhysicsList::BuildPhysicsTable %%%%%% eta
 ProcessManager : 0x1597a10 ProcessManagerShadow : 0x1597a10
  0 - Transportation
  1 - Decay
--------------------------------------------------------------
  0 - Transportation
  1 - Decay
G4VUserPhysicsList::BuildPhysicsTable  Calculate Physics Table for eta_prime
G4VUserPhysicsList::BuildPhysicsTable %%%%%% eta_prime
 ProcessManager : 0x1597c60 ProcessManagerShadow : 0x1597c60
  0 - Transportation
  1 - Decay
--------------------------------------------------------------
  0 - Transportation
  1 - Decay
G4VUserPhysicsList::BuildPhysicsTable  Calculate Physics Table for geantino
G4VUserPhysicsList::BuildPhysicsTable %%%%%% geantino
 ProcessManager : 0x1598100 ProcessManagerShadow : 0x1598100
  0 - Transportation
--------------------------------------------------------------
  0 - Transportation
G4VUserPhysicsList::BuildPhysicsTable  Calculate Physics Table for hyperH4
G4VUserPhysicsList::BuildPhysicsTable %%%%%% hyperH4
 ProcessManager : 0x1598350 ProcessManagerShadow : 0x1598350
  0 - Transportation
  1 - Decay
  2 - msc
  3 - hIoni
--------------------------------------------------------------
  0 - Transportation
  1 - Decay
  2 - msc
  3 - hIoni
G4VUserPhysicsList::BuildPhysicsTable  Calculate Physics Table for hyperHe5
G4VUserPhysicsList::BuildPhysicsTable %%%%%% hyperHe5
 ProcessManager : 0x15985a0 ProcessManagerShadow : 0x15985a0
  0 - Transportation
  1 - Decay
  2 - msc
  3 - hIoni
--------------------------------------------------------------
  0 - Transportation
  1 - Decay
  2 - msc
  3 - hIoni
G4VUserPhysicsList::BuildPhysicsTable  Calculate Physics Table for hyperalpha
G4VUserPhysicsList::BuildPhysicsTable %%%%%% hyperalpha
 ProcessManager : 0x15987f0 ProcessManagerShadow : 0x15987f0
  0 - Transportation
  1 - Decay
  2 - msc
  3 - hIoni
--------------------------------------------------------------
  0 - Transportation
  1 - Decay
  2 - msc
  3 - hIoni
G4VUserPhysicsList::BuildPhysicsTable  Calculate Physics Table for hypertriton
G4VUserPhysicsList::BuildPhysicsTable %%%%%% hypertriton
 ProcessManager : 0x1598a40 ProcessManagerShadow : 0x1598a40
  0 - Transportation
  1 - Decay
  2 - msc
  3 - hIoni
--------------------------------------------------------------
  0 - Transportation
  1 - Decay
  2 - msc
  3 - hIoni
G4VUserPhysicsList::BuildPhysicsTable  Calculate Physics Table for kaon+
G4VUserPhysicsList::BuildPhysicsTable %%%%%% kaon+
 ProcessManager : 0x1598c90 ProcessManagerShadow : 0x1598c90
  0 - Transportation
  1 - Decay
  2 - msc
  3 - hIoni
--------------------------------------------------------------
  0 - Transportation
  1 - Decay
  2 - msc
  3 - hIoni

msc:  for kaon+  SubType= 10
      ===== EM models for the G4Region  DefaultRegionForTheWorld ======
            UrbanMsc : Emin=    0 eV  Emax=  100 TeV Nbins=84 100 eV  - 100 TeV
          StepLim=Minimal Rfact=0.2 Gfact=2.5 Sfact=0.6 DispFlag:0 Skin=1 Llim=1 mm

hIoni:  for kaon+  XStype:3  SubType=2
      dE/dx and range tables from 100 eV  to 100 TeV in 84 bins
      Lambda tables from threshold to 100 TeV, 7 bins/decade, spline: 1
      StepFunction=(0.2, 0.1 mm), integ: 3, fluct: 1, linLossLim= 0.01
      ===== EM models for the G4Region  DefaultRegionForTheWorld ======
               Bragg : Emin=    0 eV  Emax=1.05231 MeV
          BetheBloch : Emin=1.05231 MeV Emax=  100 TeV
G4VUserPhysicsList::BuildPhysicsTable  Calculate Physics Table for kaon-
G4VUserPhysicsList::BuildPhysicsTable %%%%%% kaon-
 ProcessManager : 0x1598ee0 ProcessManagerShadow : 0x1598ee0
  0 - Transportation
  1 - Decay
  2 - msc
  3 - hIoni
--------------------------------------------------------------
  0 - Transportation
  1 - Decay
  2 - msc
  3 - hIoni

msc:  for kaon-  SubType= 10
      ===== EM models for the G4Region  DefaultRegionForTheWorld ======
            UrbanMsc : Emin=    0 eV  Emax=  100 TeV Nbins=84 100 eV  - 100 TeV
          StepLim=Minimal Rfact=0.2 Gfact=2.5 Sfact=0.6 DispFlag:0 Skin=1 Llim=1 mm

hIoni:  for kaon-  XStype:3  SubType=2
      dE/dx and range tables from 100 eV  to 100 TeV in 84 bins
      Lambda tables from threshold to 100 TeV, 7 bins/decade, spline: 1
      StepFunction=(0.2, 0.1 mm), integ: 3, fluct: 1, linLossLim= 0.01
      ===== EM models for the G4Region  DefaultRegionForTheWorld ======
            ICRU73QO : Emin=    0 eV  Emax=1.05231 MeV
          BetheBloch : Emin=1.05231 MeV Emax=  100 TeV
G4VUserPhysicsList::BuildPhysicsTable  Calculate Physics Table for kaon0
G4VUserPhysicsList::BuildPhysicsTable %%%%%% kaon0
 ProcessManager : 0x1599130 ProcessManagerShadow : 0x1599130
  0 - Transportation
  1 - Decay
--------------------------------------------------------------
  0 - Transportation
  1 - Decay
G4VUserPhysicsList::BuildPhysicsTable  Calculate Physics Table for kaon0L
G4VUserPhysicsList::BuildPhysicsTable %%%%%% kaon0L
 ProcessManager : 0x1599380 ProcessManagerShadow : 0x1599380
  0 - Transportation
  1 - Decay
--------------------------------------------------------------
  0 - Transportation
  1 - Decay
G4VUserPhysicsList::BuildPhysicsTable  Calculate Physics Table for kaon0S
G4VUserPhysicsList::BuildPhysicsTable %%%%%% kaon0S
 ProcessManager : 0x15995d0 ProcessManagerShadow : 0x15995d0
  0 - Transportation
  1 - Decay
--------------------------------------------------------------
  0 - Transportation
  1 - Decay
G4VUserPhysicsList::BuildPhysicsTable  Calculate Physics Table for lambda
G4VUserPhysicsList::BuildPhysicsTable %%%%%% lambda
 ProcessManager : 0x1599820 ProcessManagerShadow : 0x1599820
  0 - Transportation
  1 - Decay
--------------------------------------------------------------
  0 - Transportation
  1 - Decay
G4VUserPhysicsList::BuildPhysicsTable  Calculate Physics Table for mu+
G4VUserPhysicsList::BuildPhysicsTable %%%%%% mu+
 ProcessManager : 0x1599a70 ProcessManagerShadow : 0x1599a70
  0 - Transportation
  1 - Decay
  2 - msc
  3 - muIoni
  4 - muBrems
  5 - muPairProd
--------------------------------------------------------------
  0 - Transportation
  1 - Decay
  2 - msc
  3 - muIoni
  4 - muBrems
  5 - muPairProd

msc:  for mu+  SubType= 10
      ===== EM models for the G4Region  DefaultRegionForTheWorld ======
            UrbanMsc : Emin=    0 eV  Emax=  100 TeV Nbins=84 100 eV  - 100 TeV
          StepLim=Minimal Rfact=0.2 Gfact=2.5 Sfact=0.6 DispFlag:0 Skin=1 Llim=1 mm

muIoni:  for mu+  XStype:3  SubType=2
      dE/dx and range tables from 100 eV  to 100 TeV in 84 bins
      Lambda tables from threshold to 100 TeV, 7 bins/decade, spline: 1
      StepFunction=(0.2, 0.1 mm), integ: 3, fluct: 1, linLossLim= 0.01
      ===== EM models for the G4Region  DefaultRegionForTheWorld ======
               Bragg : Emin=    0 eV  Emax=  200 keV
        MuBetheBloch : Emin=  200 keV Emax=  100 TeV

muBrems:  for mu+  XStype:1  SubType=3
      dE/dx and range tables from 100 eV  to 100 TeV in 84 bins
      Lambda tables from threshold to 100 TeV, 7 bins/decade, spline: 1
      ===== EM models for the G4Region  DefaultRegionForTheWorld ======
              MuBrem : Emin=    0 eV  Emax=  100 TeV  ModifiedMephi

muPairProd:  for mu+  XStype:1  SubType=4
      dE/dx and range tables from 100 eV  to 100 TeV in 84 bins
      Lambda tables from threshold to 100 TeV, 7 bins/decade, spline: 1
      Sampling table 21x1001; from 0.85 GeV to 100 TeV 
      ===== EM models for the G4Region  DefaultRegionForTheWorld ======
          muPairProd : Emin=    0 eV  Emax=  100 TeV  ModifiedMephi
G4VUserPhysicsList::BuildPhysicsTable  Calculate Physics Table for mu-
G4VUserPhysicsList::BuildPhysicsTable %%%%%% mu-
 ProcessManager : 0x1599cc0 ProcessManagerShadow : 0x1599cc0
  0 - Transportation
  1 - Decay
  2 - msc
  3 - muIoni
  4 - muBrems
  5 - muPairProd
--------------------------------------------------------------
  0 - Transportation
  1 - Decay
  2 - msc
  3 - muIoni
  4 - muBrems
  5 - muPairProd

msc:  for mu-  SubType= 10
      ===== EM models for the G4Region  DefaultRegionForTheWorld ======
            UrbanMsc : Emin=    0 eV  Emax=  100 TeV Nbins=84 100 eV  - 100 TeV
          StepLim=Minimal Rfact=0.2 Gfact=2.5 Sfact=0.6 DispFlag:0 Skin=1 Llim=1 mm

muIoni:  for mu-  XStype:3  SubType=2
      dE/dx and range tables from 100 eV  to 100 TeV in 84 bins
      Lambda tables from threshold to 100 TeV, 7 bins/decade, spline: 1
      StepFunction=(0.2, 0.1 mm), integ: 3, fluct: 1, linLossLim= 0.01
      ===== EM models for the G4Region  DefaultRegionForTheWorld ======
            ICRU73QO : Emin=    0 eV  Emax=  200 keV
        MuBetheBloch : Emin=  200 keV Emax=  100 TeV

muBrems:  for mu-  XStype:1  SubType=3
      dE/dx and range tables from 100 eV  to 100 TeV in 84 bins
      Lambda tables from threshold to 100 TeV, 7 bins/decade, spline: 1
      ===== EM models for the G4Region  DefaultRegionForTheWorld ======
              MuBrem : Emin=    0 eV  Emax=  100 TeV  ModifiedMephi

muPairProd:  for mu-  XStype:1  SubType=4
      dE/dx and range tables from 100 eV  to 100 TeV in 84 bins
      Lambda tables from threshold to 100 TeV, 7 bins/decade, spline: 1
      Sampling table 21x1001; from 0.85 GeV to 100 TeV 
      ===== EM models for the G4Region  DefaultRegionForTheWorld ======
          muPairProd : Emin=    0 eV  Emax=  100 TeV  ModifiedMephi
G4VUserPhysicsList::BuildPhysicsTable  Calculate Physics Table for neutron
G4VUserPhysicsList::BuildPhysicsTable %%%%%% neutron
 ProcessManager : 0x1599f10 ProcessManagerShadow : 0x1599f10
  0 - Transportation
  1 - Decay
--------------------------------------------------------------
  0 - Transportation
  1 - Decay
G4VUserPhysicsList::BuildPhysicsTable  Calculate Physics Table for nu_e
G4VUserPhysicsList::BuildPhysicsTable %%%%%% nu_e
 ProcessManager : 0x159a160 ProcessManagerShadow : 0x159a160
  0 - Transportation
--------------------------------------------------------------
  0 - Transportation
G4VUserPhysicsList::BuildPhysicsTable  Calculate Physics Table for nu_mu
G4VUserPhysicsList::BuildPhysicsTable %%%%%% nu_mu
 ProcessManager : 0x159a3b0 ProcessManagerShadow : 0x159a3b0
  0 - Transportation
--------------------------------------------------------------
  0 - Transportation
G4VUserPhysicsList::BuildPhysicsTable  Calculate Physics Table for omega-
G4VUserPhysicsList::BuildPhysicsTable %%%%%% omega-
 ProcessManager : 0x159a600 ProcessManagerShadow : 0x159a600
  0 - Transportation
  1 - Decay
  2 - msc
  3 - hIoni
--------------------------------------------------------------
  0 - Transportation
  1 - Decay
  2 - msc
  3 - hIoni
G4VUserPhysicsList::BuildPhysicsTable  Calculate Physics Table for pi+
G4VUserPhysicsList::BuildPhysicsTable %%%%%% pi+
 ProcessManager : 0x159a850 ProcessManagerShadow : 0x159a850
  0 - Transportation
  1 - Decay
  2 - msc
  3 - hIoni
--------------------------------------------------------------
  0 - Transportation
  1 - Decay
  2 - msc
  3 - hIoni

msc:  for pi+  SubType= 10
      ===== EM models for the G4Region  DefaultRegionForTheWorld ======
            UrbanMsc : Emin=    0 eV  Emax=  100 TeV Nbins=84 100 eV  - 100 TeV
          StepLim=Minimal Rfact=0.2 Gfact=2.5 Sfact=0.6 DispFlag:0 Skin=1 Llim=1 mm

hIoni:  for pi+  XStype:3  SubType=2
      dE/dx and range tables from 100 eV  to 100 TeV in 84 bins
      Lambda tables from threshold to 100 TeV, 7 bins/decade, spline: 1
      StepFunction=(0.2, 0.1 mm), integ: 3, fluct: 1, linLossLim= 0.01
      ===== EM models for the G4Region  DefaultRegionForTheWorld ======
               Bragg : Emin=    0 eV  Emax=297.505 keV
          BetheBloch : Emin=297.505 keV Emax=  100 TeV
G4VUserPhysicsList::BuildPhysicsTable  Calculate Physics Table for pi-
G4VUserPhysicsList::BuildPhysicsTable %%%%%% pi-
 ProcessManager : 0x159aaa0 ProcessManagerShadow : 0x159aaa0
  0 - Transportation
  1 - Decay
  2 - msc
  3 - hIoni
--------------------------------------------------------------
  0 - Transportation
  1 - Decay
  2 - msc
  3 - hIoni

msc:  for pi-  SubType= 10
      ===== EM models for the G4Region  DefaultRegionForTheWorld ======
            UrbanMsc : Emin=    0 eV  Emax=  100 TeV Nbins=84 100 eV  - 100 TeV
          StepLim=Minimal Rfact=0.2 Gfact=2.5 Sfact=0.6 DispFlag:0 Skin=1 Llim=1 mm

hIoni:  for pi-  XStype:3  SubType=2
      dE/dx and range tables from 100 eV  to 100 TeV in 84 bins
      Lambda tables from threshold to 100 TeV, 7 bins/decade, spline: 1
      StepFunction=(0.2, 0.1 mm), integ: 3, fluct: 1, linLossLim= 0.01
      ===== EM models for the G4Region  DefaultRegionForTheWorld ======
            ICRU73QO : Emin=    0 eV  Emax=297.505 keV
          BetheBloch : Emin=297.505 keV Emax=  100 TeV
G4VUserPhysicsList::BuildPhysicsTable  Calculate Physics Table for pi0
G4VUserPhysicsList::BuildPhysicsTable %%%%%% pi0
 ProcessManager : 0x159acf0 ProcessManagerShadow : 0x159acf0
  0 - Transportation
  1 - Decay
--------------------------------------------------------------
  0 - Transportation
  1 - Decay
G4VUserPhysicsList::BuildPhysicsTable  Calculate Physics Table for sigma+
G4VUserPhysicsList::BuildPhysicsTable %%%%%% sigma+
 ProcessManager : 0x159b190 ProcessManagerShadow : 0x159b190
  0 - Transportation
  1 - Decay
  2 - msc
  3 - hIoni
--------------------------------------------------------------
  0 - Transportation
  1 - Decay
  2 - msc
  3 - hIoni
G4VUserPhysicsList::BuildPhysicsTable  Calculate Physics Table for sigma-
G4VUserPhysicsList::BuildPhysicsTable %%%%%% sigma-
 ProcessManager : 0x159b3e0 ProcessManagerShadow : 0x159b3e0
  0 - Transportation
  1 - Decay
  2 - msc
  3 - hIoni
--------------------------------------------------------------
  0 - Transportation
  1 - Decay
  2 - msc
  3 - hIoni
G4VUserPhysicsList::BuildPhysicsTable  Calculate Physics Table for sigma0
G4VUserPhysicsList::BuildPhysicsTable %%%%%% sigma0
 ProcessManager : 0x159b630 ProcessManagerShadow : 0x159b630
  0 - Transportation
  1 - Decay
--------------------------------------------------------------
  0 - Transportation
  1 - Decay
G4VUserPhysicsList::BuildPhysicsTable  Calculate Physics Table for triton
G4VUserPhysicsList::BuildPhysicsTable %%%%%% triton
 ProcessManager : 0x159b880 ProcessManagerShadow : 0x159b880
  0 - Transportation
  1 - Decay
  2 - msc
  3 - hIoni
--------------------------------------------------------------
  0 - Transportation
  1 - Decay
  2 - msc
  3 - hIoni
G4VUserPhysicsList::BuildPhysicsTable  Calculate Physics Table for xi-
G4VUserPhysicsList::BuildPhysicsTable %%%%%% xi-
 ProcessManager : 0x159bad0 ProcessManagerShadow : 0x159bad0
  0 - Transportation
  1 - Decay
  2 - msc
  3 - hIoni
--------------------------------------------------------------
  0 - Transportation
  1 - Decay
  2 - msc
  3 - hIoni
G4VUserPhysicsList::BuildPhysicsTable  Calculate Physics Table for xi0
G4VUserPhysicsList::BuildPhysicsTable %%%%%% xi0
 ProcessManager : 0x159bd20 ProcessManagerShadow : 0x159bd20
  0 - Transportation
  1 - Decay
--------------------------------------------------------------
  0 - Transportation
  1 - Decay

Region <DefaultRegionForTheWorld> --  -- appears in <worldPhysical> world volume
 This region is in the mass world.
 Root logical volume(s) : worldLogical 
 Pointers : G4VUserRegionInformation[0], G4UserLimits[0], G4FastSimulationManager[0], G4UserSteppingAction[0]
 Materials : G4_AIR G4_Pb 
 Production cuts :   gamma 1 mm      e- 1 mm      e+ 1 mm  proton 1 mm 

Region <DefaultRegionForParallelWorld> --  -- is not associated to any world.
 Root logical volume(s) : 
 Pointers : G4VUserRegionInformation[0], G4UserLimits[0], G4FastSimulationManager[0], G4UserSteppingAction[0]
 Materials : 
 Production cuts :   gamma 1 mm      e- 1 mm      e+ 1 mm  proton 1 mm 

========= Table of registered couples ============================

Index : 0     used in the geometry : Yes
 Material : G4_AIR
 Range cuts        :  gamma  1 mm     e-  1 mm     e+  1 mm  proton 1 mm 
 Energy thresholds :  gamma  990 eV     e-  990 eV     e+  990 eV  proton 100 keV
 Region(s) which use this couple : 
    DefaultRegionForTheWorld

Index : 1     used in the geometry : Yes
 Material : G4_Pb
 Range cuts        :  gamma  1 mm     e-  1 mm     e+  1 mm  proton 1 mm 
 Energy thresholds :  gamma  101.797 keV    e-  1.37158 MeV    e+  1.2826 MeV proton 100 keV
 Region(s) which use this couple : 
    DefaultRegionForTheWorld

==================================================================

Start closing geometry.
G4GeometryManager::ReportVoxelStats -- Voxel Statistics

    Total memory consumed for geometry optimisation:   37 kByte
    Total CPU time elapsed for geometry optimisation: 0.01 seconds

    Voxelisation: top CPU users:
    Percent   Total CPU    System CPU       Memory  Volume
    -------   ----------   ----------     --------  ----------
     100.00         0.01         0.00           37k worldLogical
       0.00         0.00         0.00            0k detector_0
       0.00         0.00         0.00            0k detector_1

    Voxelisation: top memory users:
    Percent     Memory      Heads    Nodes   Pointers    Total CPU    Volume
    -------   --------     ------   ------   --------   ----------    ----------
      98.69         36k        83      453       1220         0.01    worldLogical
       0.65          0k         1        3          4         0.00    detector_0
       0.65          0k         1        3          4         0.00    detector_1
G4VisManager: Using G4TrajectoryDrawByCharge as fallback trajectory model.
See commands in /vis/modeling/trajectories/ for other options.
### Run 0 starts.
 Run terminated.
Run Summary
  Number of events processed : 10000
  User=1.860000s Real=1.874942s Sys=0.000000s [Cpu=99.2%]
Graphics systems deleted.
Visualization Manager deleting...
G4 kernel has come to Quit state.
UserDetectorConstruction deleted.
G4VUserPhysicsList::RemoveProcessManager: remove ProcessManager from GenericIon
G4VUserPhysicsList::RemoveProcessManager: remove ProcessManager from He3
G4VUserPhysicsList::RemoveProcessManager: remove ProcessManager from alpha
G4VUserPhysicsList::RemoveProcessManager: remove ProcessManager from anti_He3
G4VUserPhysicsList::RemoveProcessManager: remove ProcessManager from anti_alpha
G4VUserPhysicsList::RemoveProcessManager: remove ProcessManager from anti_deuteron
G4VUserPhysicsList::RemoveProcessManager: remove ProcessManager from anti_doublehyperH4
G4VUserPhysicsList::RemoveProcessManager: remove ProcessManager from anti_doublehyperdoubleneutron
G4VUserPhysicsList::RemoveProcessManager: remove ProcessManager from anti_hyperH4
G4VUserPhysicsList::RemoveProcessManager: remove ProcessManager from anti_hyperHe5
G4VUserPhysicsList::RemoveProcessManager: remove ProcessManager from anti_hyperalpha
G4VUserPhysicsList::RemoveProcessManager: remove ProcessManager from anti_hypertriton
G4VUserPhysicsList::RemoveProcessManager: remove ProcessManager from anti_kaon0
G4VUserPhysicsList::RemoveProcessManager: remove ProcessManager from anti_lambda
G4VUserPhysicsList::RemoveProcessManager: remove ProcessManager from anti_neutron
G4VUserPhysicsList::RemoveProcessManager: remove ProcessManager from anti_nu_e
G4VUserPhysicsList::RemoveProcessManager: remove ProcessManager from anti_nu_mu
G4VUserPhysicsList::RemoveProcessManager: remove ProcessManager from anti_omega-
G4VUserPhysicsList::RemoveProcessManager: remove ProcessManager from anti_proton
G4VUserPhysicsList::RemoveProcessManager: remove ProcessManager from anti_sigma0
G4VUserPhysicsList::RemoveProcessManager: remove ProcessManager from anti_triton
G4VUserPhysicsList::RemoveProcessManager: remove ProcessManager from anti_xi-
G4VUserPhysicsList::RemoveProcessManager: remove ProcessManager from anti_xi0
G4VUserPhysicsList::RemoveProcessManager: remove ProcessManager from chargedgeantino
G4VUserPhysicsList::RemoveProcessManager: remove ProcessManager from deuteron
G4VUserPhysicsList::RemoveProcessManager: remove ProcessManager from doublehyperH4
G4VUserPhysicsList::RemoveProcessManager: remove ProcessManager from doublehyperdoubleneutron
G4VUserPhysicsList::RemoveProcessManager: remove ProcessManager from e+
G4VUserPhysicsList::RemoveProcessManager: remove ProcessManager from e-
G4VUserPhysicsList::RemoveProcessManager: remove ProcessManager from eta
G4VUserPhysicsList::RemoveProcessManager: remove ProcessManager from eta_prime
G4VUserPhysicsList::RemoveProcessManager: remove ProcessManager from gamma
G4VUserPhysicsList::RemoveProcessManager: remove ProcessManager from geantino
G4VUserPhysicsList::RemoveProcessManager: remove ProcessManager from hyperH4
G4VUserPhysicsList::RemoveProcessManager: remove ProcessManager from hyperHe5
G4VUserPhysicsList::RemoveProcessManager: remove ProcessManager from hyperalpha
G4VUserPhysicsList::RemoveProcessManager: remove ProcessManager from hypertriton
G4VUserPhysicsList::RemoveProcessManager: remove ProcessManager from kaon+
G4VUserPhysicsList::RemoveProcessManager: remove ProcessManager from kaon-
G4VUserPhysicsList::RemoveProcessManager: remove ProcessManager from kaon0
G4VUserPhysicsList::RemoveProcessManager: remove ProcessManager from kaon0L
G4VUserPhysicsList::RemoveProcessManager: remove ProcessManager from kaon0S
G4VUserPhysicsList::RemoveProcessManager: remove ProcessManager from lambda
G4VUserPhysicsList::RemoveProcessManager: remove ProcessManager from mu+
G4VUserPhysicsList::RemoveProcessManager: remove ProcessManager from mu-
G4VUserPhysicsList::RemoveProcessManager: remove ProcessManager from neutron
G4VUserPhysicsList::RemoveProcessManager: remove ProcessManager from nu_e
G4VUserPhysicsList::RemoveProcessManager: remove ProcessManager from nu_mu
G4VUserPhysicsList::RemoveProcessManager: remove ProcessManager from omega-
G4VUserPhysicsList::RemoveProcessManager: remove ProcessManager from pi+
G4VUserPhysicsList::RemoveProcessManager: remove ProcessManager from pi-
G4VUserPhysicsList::RemoveProcessManager: remove ProcessManager from pi0
G4VUserPhysicsList::RemoveProcessManager: remove ProcessManager from proton
G4VUserPhysicsList::RemoveProcessManager: remove ProcessManager from sigma+
G4VUserPhysicsList::RemoveProcessManager: remove ProcessManager from sigma-
G4VUserPhysicsList::RemoveProcessManager: remove ProcessManager from sigma0
G4VUserPhysicsList::RemoveProcessManager: remove ProcessManager from triton
G4VUserPhysicsList::RemoveProcessManager: remove ProcessManager from xi-
G4VUserPhysicsList::RemoveProcessManager: remove ProcessManager from xi0
UserPhysicsList deleted.
UserActionInitialization deleted.
UserWorkerInitialization deleted.
UserWorkerThreadInitialization deleted.
UserRunAction deleted.
Time simulated: 10.8444
UserPrimaryGenerator deleted.
RunManager is deleting RunManagerKernel.
G4SDManager deleted.
EventManager deleted.
Units table cleared.
TransportationManager deleted.
Total navigation history collections cleaned: 17
G4RNGHelper object is deleted.
================== Deleting memory pools ===================
Pool ID '20G4NavigationLevelRep', size : 0.026 MB
Pool ID '24G4ReferenceCountedHandleIvE', size : 0.000961 MB
Pool ID '16G4SmartVoxelNode', size : 0.0154 MB
Pool ID '17G4SmartVoxelProxy', size : 0.00865 MB
Pool ID '7G4Event', size : 0.000961 MB
Pool ID '15G4PrimaryVertex', size : 0.000961 MB
Pool ID '17G4PrimaryParticle', size : 0.000961 MB
Pool ID '15G4HCofThisEvent', size : 0.000961 MB
Pool ID '16G4HitsCollection', size : 0.000961 MB
Pool ID '17G4DynamicParticle', size : 0.0577 MB
Pool ID '7G4Track', size : 0.114 MB
Pool ID '18G4TouchableHistory', size : 0.00192 MB
Pool ID '15G4CountedObjectIvE', size : 0.000961 MB
Number of memory pools allocated: 14; of which, static: 1
Dynamic pools deleted: 13 / Total memory freed: 0.24 MB
============================================================
G4Allocator objects are deleted.
UImanager deleted.
StateManager deleted.
RunManagerKernel is deleted. Good bye :)
RunManager is deleted.
The program finished successfully
[CORRECT] Geant4 done.
[INFO] Running makeHLTuple...
Number of events 5699
1
-------------------New----------------
0 0 5.013480471838308 21.442572965430998 118.5
0 1 8.784397097086503 17.169159658865162 108.5
1 0 94.03800153270174 -79.45781722490742 -117.5
1 1 90.45160598597131 -75.39149999629865 -108.0
9
-------------------New----------------
0 0 -50.06394874929116 42.217062768707834 118.5
0 1 -49.42462486883094 42.12455451160985 108.5
1 0 -34.95317723323932 40.042320852505114 -117.5
1 1 -35.56273366823801 40.12948787919186 -108.0
14
-------------------New----------------
0 0 -0.7326528290843635 -57.560914794621716 118.5
0 1 3.83015136997306 -55.348029062995955 108.5
1 0 106.91804958603878 -5.3394156275542795 -117.5
1 1 102.58556523213728 -7.4428115689314165 -108.0
22
-------------------New----------------
0 0 -28.813910136721734 50.398030645097315 118.5
0 1 -31.776278138880684 51.04045354322916 108.5
1 0 -98.65696258742565 65.67227846735469 -117.5
1 1 -95.85125556185561 65.05171040440196 -108.0
27
-------------------New----------------
0 0 -74.31664925356833 85.23667764303671 118.5
0 1 -74.63285761714266 85.25926865636386 108.5
1 0 -82.38793874562816 85.63882439579093 -117.5
1 1 -82.04710204341454 85.63174275500005 -108.0
31
-------------------New----------------
0 0 -48.77766324981938 24.00952506509295 118.5
0 1 -50.4890142992439 19.80558386978884 108.5
1 0 -89.15965810452231 -75.20440666495969 -117.5
1 1 -87.53461447915132 -71.21025550625028 -108.0
34
-------------------New----------------
0 0 100.59443469111184 -109.1308563188816 118.5
0 1 101.22499574457895 -109.56360108586577 108.5
1 0 115.43301826697125 -119.34482706266745 -117.5
1 1 114.8360070305663 -118.93398383654838 -108.0
41
-------------------New----------------
0 0 60.23725049200376 12.022527204336319 118.5
0 1 59.016247821900876 13.122194237771094 108.5
1 0 31.434720174269625 38.06643895398081 -117.5
1 1 32.59417007428084 37.0100421427804 -108.0
42
-------------------New----------------
0 0 -50.35387428522901 110.5607039924096 118.5
0 1 -45.865395245976764 110.09176263529466 108.5
1 0 55.59837359119977 99.51013273702343 -117.5
1 1 51.33018272037507 99.95613064141074 -108.0
52
-------------------New----------------
0 0 -90.71790197358993 -13.381850552806924 118.5
0 1 -90.07905611312363 -17.016887509808846 108.5
1 0 -75.56516348798313 -99.08444936237666 -117.5
1 1 -76.17669819867598 -95.63866946250948 -108.0
64
-------------------New----------------
0 0 29.167227286143497 36.11836751072294 118.5
0 1 26.24168746752047 36.64687052821403 108.5
1 0 -39.911082530137946 48.57289493424677 -117.5
1 1 -37.129881217650016 48.07255655711246 -108.0
65
-------------------New----------------
0 0 -114.15547770555331 12.750037866761009 118.5
0 1 -113.87758486985676 9.031881489716266 108.5
1 0 -107.60802895091987 -75.01353898399803 -117.5
1 1 -107.87088545331896 -71.47998757974504 -108.0
66
-------------------New----------------
0 0 31.016415235817885 57.06530469759616 118.5
0 1 27.654472984191024 52.261049294063795 108.5
1 0 -48.695297811965105 -56.5304676809363 -117.5
1 1 -45.484000152313016 -51.95416557560581 -108.0
67
-------------------New----------------
0 0 -0.316326824012091 60.21126715002564 118.5
0 1 3.9136142699097283 60.205660937327956 108.5
1 0 99.5444283677365 60.05559311826414 -117.5
1 1 95.52338555031048 60.06034210684386 -108.0
69
-------------------New----------------
0 0 -34.73420604303698 11.389640732334978 118.5
0 1 -35.41014238284483 11.917397452753505 108.5
1 0 -50.702247050537075 23.858568303911174 -117.5
1 1 -50.05960153198889 23.355691896640046 -108.0
72
-------------------New----------------
0 0 -24.24190611292782 7.605279057736839 118.5
0 1 -22.363391285307777 2.07583994966237 108.5
1 0 20.123277672361898 -123.03123465231178 -117.5
1 1 18.337611848887253 -117.76700992541222 -108.0
74
-------------------New----------------
0 0 54.97753600630193 -63.15906450865028 118.5
0 1 53.551157006751836 -65.3404104923492 108.5
1 0 20.745916056060118 -113.73177345370907 -117.5
1 1 22.14282768906552 -111.7092867303586 -108.0
76
-------------------New----------------
0 0 63.465486433220875 10.45961373281921 118.5
0 1 63.67753081286744 13.932172408495315 108.5
1 0 68.49071101332208 92.4436976063119 -117.5
1 1 68.28749870104083 89.14428857016182 -108.0
81
-------------------New----------------
0 0 37.00162181107588 9.687675170406134 118.5
0 1 35.21473971061233 13.939631082353852 108.5
1 0 -5.145447968748483 109.94550357737849 -117.5
1 1 -3.451925955532725 105.90877979584972 -108.0
96
-------------------New----------------
0 0 -54.491254720853945 -75.05173577662808 118.5
0 1 -49.57950648358862 -74.48387786472239 108.5
1 0 61.50529128018661 -61.62277871917578 -117.5
1 1 56.83282189845297 -62.15917353710397 -108.0
106
-------------------New----------------
0 0 -37.59004483658232 59.3961985391807 118.5
0 1 -34.29423241851059 61.975451762417244 108.5
1 0 40.2155890111581 120.30014633889277 -117.5
1 1 37.081251409099664 117.84736197398146 -108.0
108
-------------------New----------------
0 0 113.31026281432726 -74.4104007963841 118.5
0 1 113.13292153329105 -73.29258286360906 108.5
1 0 109.31497204405294 -48.00577529924915 -117.5
1 1 109.47839871427962 -49.07969959774441 -108.0
124
-------------------New----------------
0 0 -44.56278200203542 16.87909335500481 118.5
0 1 -47.29603016179171 20.033906348387752 108.5
1 0 -109.07430740563184 91.32160270895564 -117.5
1 1 -106.4776520041166 88.32509120769384 -108.0
128
-------------------New----------------
0 0 82.47407320788838 -17.227004427156416 118.5
0 1 79.6087687406994 -14.849420555522443 108.5
1 0 14.835892139507171 38.90263972910476 -117.5
1 1 17.56034078167637 36.64202522318882 -108.0
133
-------------------New----------------
0 0 6.394376105380763 29.15016202292383 118.5
0 1 8.372563604835356 27.637913310601828 108.5
1 0 53.07647413019989 -6.525287581376214 -117.5
1 1 51.1973303765691 -5.090081789285662 -108.0
142
-------------------New----------------
0 0 -122.52368236962084 14.774763894629242 118.5
0 1 -122.52381148578172 15.647650204861222 108.5
1 0 -122.52817643221992 35.37188902642463 -117.5
1 1 -122.527967095333 34.54288058407689 -108.0
143
-------------------New----------------
0 0 11.46594923103292 -21.81499445768222 118.5
0 1 10.147119376154604 -18.603092227623684 108.5
1 0 -19.60250576333392 53.97302581460789 -117.5
1 1 -18.35374044202196 50.923952105192576 -108.0
145
-------------------New----------------
0 0 -67.12764662005773 100.8527055300776 118.5
0 1 -64.8445729054093 101.72571537451232 108.5
1 0 -13.241403947147713 121.47992944733649 -117.5
1 1 -15.411008682898688 120.64960900499823 -108.0
159
-------------------New----------------
0 0 37.03138412749745 -24.890157597571967 118.5
0 1 40.14737786769313 -26.95225440934115 108.5
1 0 110.74698928024559 -73.69139495451681 -117.5
1 1 107.75712485478785 -71.72209512696226 -108.0
163
-------------------New----------------
0 0 99.34142698947863 -69.34690602541349 118.5
0 1 98.73108755829283 -71.41433196857399 108.5
1 0 84.94095358017984 -118.11108571426018 -117.5
1 1 85.52094456053761 -116.14839430795485 -108.0
165
-------------------New----------------
0 0 38.08259549482663 34.771475962014534 118.5
0 1 37.6817408337547 36.87838696849654 108.5
1 0 28.66809072565661 84.23619834112195 -117.5
1 1 29.042274488740155 82.24745840155609 -108.0
176
-------------------New----------------
0 0 23.537007805435717 -0.5811859216507538 118.5
0 1 21.23479567213737 -0.5935839221272923 108.5
1 0 -30.665966191091673 -0.6740894259592782 -117.5
1 1 -28.48668022177688 -0.6789028425724729 -108.0
191
-------------------New----------------
0 0 14.599458083880501 10.625360431568541 118.5
0 1 14.795986931552335 11.812772769725573 108.5
1 0 19.234358824988256 38.64437604131419 -117.5
1 1 19.048038664062748 37.51655245776341 -108.0
197
-------------------New----------------
0 0 40.82601066085989 -67.51614005059892 118.5
0 1 43.41705604493747 -68.0242867508235 108.5
1 0 101.50872137591053 -79.47504204899556 -117.5
1 1 99.06933696550537 -78.98728331888485 -108.0
198
-------------------New----------------
0 0 -1.209338501424936 78.1502376618619 118.5
0 1 -3.8603023539766648 78.19453295305166 108.5
1 0 -63.78142702905476 79.18790873200001 -117.5
1 1 -61.26164521451759 79.14605538388577 -108.0
199
-------------------New----------------
0 0 -2.2853493061199726 -9.144839698969854 118.5
0 1 -4.748527389266053 -7.593213938597705 108.5
1 0 -60.409600934518835 27.431178858921918 -117.5
1 1 -58.07232013430085 25.959983629410083 -108.0
211
-------------------New----------------
0 0 -7.7637743368271614 -75.42709207490671 118.5
0 1 -8.492794486059749 -75.9817449434473 108.5
1 0 -25.013172486662995 -88.45820314909777 -117.5
1 1 -24.31731473866903 -87.93770164020452 -108.0
223
-------------------New----------------
0 0 -38.762021644581644 -11.275462899289204 118.5
0 1 -39.29296138055058 -12.23541376309742 108.5
1 0 -51.288561726435475 -33.93411308616682 -117.5
1 1 -50.78387671660074 -33.021731719666086 -108.0
230
-------------------New----------------
0 0 26.00725889297876 14.989972963508603 118.5
0 1 26.11055616308368 17.13632008479192 108.5
1 0 28.445453834714794 65.64340244513063 -117.5
1 1 28.34730334815826 63.603579716666864 -108.0
238
-------------------New----------------
0 0 76.48111328818337 -92.62940904009561 118.5
0 1 77.05725060122384 -91.4512701918076 108.5
1 0 89.91146940316011 -65.11374702341331 -117.5
1 1 89.3735780994874 -66.21948261764717 -108.0
244
-------------------New----------------
0 0 -19.2630860922742 11.099702631446398 118.5
0 1 -19.86083603012885 7.614242659813004 108.5
1 0 -33.37314833098025 -71.16685182045373 -117.5
1 1 -32.80550340825393 -67.85585191865803 -108.0
246
-------------------New----------------
0 0 71.50074114897791 -99.70305591747983 118.5
0 1 73.53585159442267 -99.13578118539228 108.5
1 0 119.55075552894762 -86.31859276571673 -117.5
1 1 117.6164127535919 -86.85755884042483 -108.0
248
-------------------New----------------
0 0 46.18628952436471 30.407147921814197 118.5
0 1 48.630819247985386 31.797374656069838 108.5
1 0 103.8912733198911 63.192751645572706 -117.5
1 1 101.56770709920025 61.87379149480622 -108.0
259
-------------------New----------------
0 0 -71.39140196426577 4.8844337725911116 118.5
0 1 -73.51980114077011 7.471542986089069 108.5
1 0 -121.6520026661337 65.86965856674745 -117.5
1 1 -119.62747846549243 63.41651916381662 -108.0
260
-------------------New----------------
0 0 82.78597799200655 8.311480977656021 118.5
0 1 79.97157576793482 12.628948378721397 108.5
1 0 16.24669554283607 110.33801427100192 -117.5
1 1 18.926764290996154 106.22587165651626 -108.0
263
-------------------New----------------
0 0 -18.725833595104266 -47.77975251518857 118.5
0 1 -15.228940532536791 -45.98281405360639 108.5
1 0 63.826233693453425 -5.1489021149788625 -117.5
1 1 60.50526323540911 -6.866202188735107 -108.0
270
-------------------New----------------
0 0 64.89054991295342 -15.53711664491577 118.5
0 1 61.59631043922178 -14.668722038112122 108.5
1 0 -12.845065075071219 4.928395828600563 -117.5
1 1 -9.715786908082297 4.1050246276425195 -108.0
280
-------------------New----------------
0 0 -13.679127246178581 -22.79959898255745 118.5
0 1 -11.688687390138451 -20.80373856448628 108.5
1 0 33.195826365150225 24.182784528388044 -117.5
1 1 31.30929829580237 22.29647202699634 -108.0
283
-------------------New----------------
0 0 -5.215866325107276 -110.56631376294584 118.5
0 1 -4.915211069192603 -110.915183212257 108.5
1 0 1.8179497533254705 -118.78400078832658 -117.5
1 1 1.5367136479005459 -118.44932238145046 -108.0
286
-------------------New----------------
0 0 67.31206990488775 60.94358956041962 118.5
0 1 68.68847074923903 60.29980941382555 108.5
1 0 99.74056290411536 45.72334896715692 -117.5
1 1 98.43479564390287 46.33369579464922 -108.0
293
-------------------New----------------
0 0 -112.5466359212702 -66.90983432043953 118.5
0 1 -111.6755393356287 -68.39537808717503 108.5
1 0 -91.97735212734116 -102.03885629260589 -117.5
1 1 -92.81043651400549 -100.61738509832593 -108.0
294
-------------------New----------------
0 0 23.880536356997386 0.36620517004351283 118.5
0 1 20.66012472740256 5.1467793789658085 108.5
1 0 -52.092292644178634 113.24589113744341 -117.5
1 1 -49.0357744962631 108.70127523142898 -108.0
295
-------------------New----------------
0 0 -78.63092976383686 13.815586479840158 118.5
0 1 -76.3939132859821 12.788618529078983 108.5
1 0 -25.84148328811932 -10.417140373813144 -117.5
1 1 -27.966521181440676 -9.441785573096267 -108.0
298
-------------------New----------------
0 0 89.75941479792958 116.4290015337732 118.5
0 1 89.51988917064116 115.95475658902062 108.5
1 0 84.05450765808808 105.20984481461252 -117.5
1 1 84.28596337450628 105.66183613278932 -108.0
300
-------------------New----------------
0 0 -0.6272366007415592 75.12055508648328 118.5
0 1 -1.0457742272235735 77.06148006766186 108.5
1 0 -10.520015669057036 120.93007451720341 -117.5
1 1 -10.121179095210291 119.082995850029 -108.0
307
-------------------New----------------
0 0 -9.908423869822979 37.442728161589464 118.5
0 1 -11.763159643771969 37.49953082975379 108.5
1 0 -53.40362681476828 38.92087397864819 -117.5
1 1 -51.64925033075133 38.84664680766729 -108.0
309
-------------------New----------------
0 0 35.55515557182372 70.50281348068117 118.5
0 1 30.935876159060303 72.8788130971828 108.5
1 0 -73.45990721416892 126.57609271929505 -117.5
1 1 -69.07157308079105 124.31891394381122 -108.0
311
-------------------New----------------
0 0 59.77452252977579 35.60574517513818 118.5
0 1 60.202042976004876 33.04707341267013 108.5
1 0 69.92695386591448 -25.034341046016536 -117.5
1 1 69.51776959704983 -22.584785501413496 -108.0
313
-------------------New----------------
0 0 -47.59086179977603 97.80927130790369 118.5
0 1 -48.635339413347545 95.8947185380192 108.5
1 0 -72.23672922228478 52.628197478080594 -117.5
1 1 -71.24527709793183 54.44637236885741 -108.0
319
-------------------New----------------
0 0 -64.64135211619603 49.71127706345289 118.5
0 1 -61.88526855841229 51.71257023817803 108.5
1 0 0.43675409944947735 96.94557136522357 -117.5
1 1 -2.1831661029239746 95.044136962751 -108.0
320
-------------------New----------------
0 0 -7.344989665685387 39.625090782121354 118.5
0 1 -4.4439661560924675 35.34013213982634 108.5
1 0 61.11985781909948 -61.43143790075916 -117.5
1 1 58.36628228745436 -57.363307349096736 -108.0
326
-------------------New----------------
0 0 15.602842292036664 6.087022066724309 118.5
0 1 12.206807598203172 1.587987445211399 108.5
1 0 -64.37213245731132 -100.28972255921363 -117.5
1 1 -61.15923805128081 -95.99462845877322 -108.0
330
-------------------New----------------
0 0 27.1576524622872 8.975394390069926 118.5
0 1 29.4390918169184 12.661431630211151 108.5
1 0 80.95945974212516 95.92801542843785 -117.5
1 1 78.7946480178866 92.42914560618753 -108.0
331
-------------------New----------------
0 0 105.11958939448307 59.37054242522129 118.5
0 1 104.39919747485058 60.99445768855767 108.5
1 0 88.0869465957838 97.66741789706217 -117.5
1 1 88.77393730836174 96.1273933028829 -108.0
336
-------------------New----------------
0 0 100.95921157611343 21.35777314073804 118.5
0 1 100.70921939556384 19.5777184466522 108.5
1 0 95.06418575943447 -20.77103026275611 -117.5
1 1 95.30800705002011 -19.07263323408788 -108.0
339
-------------------New----------------
0 0 -10.595766224120919 39.042207454854136 118.5
0 1 -10.12918256248044 39.511577957637456 108.5
1 0 0.21972752406619564 49.85267085010453 -117.5
1 1 -0.21093066866675442 49.41589009483879 -108.0
342
-------------------New----------------
0 0 -75.09075309048714 5.836674261605758 118.5
0 1 -76.84603232716896 9.208989276803745 108.5
1 0 -116.56236805988814 85.47037972830023 -117.5
1 1 -114.88963443816056 82.26649793585109 -108.0
354
-------------------New----------------
0 0 15.871511984789796 -80.39848941681511 118.5
0 1 19.605219890749417 -79.31090192092041 108.5
1 0 103.93351488949668 -54.70295821035272 -117.5
1 1 100.39545637906646 -55.73808259383678 -108.0
357
-------------------New----------------
0 0 5.755520836572284 60.943207776825844 118.5
0 1 5.434658310067946 61.66872795997367 108.5
1 0 -1.850515745628011 78.04491073216775 -117.5
1 1 -1.5442395453305666 77.35782190724879 -108.0
363
-------------------New----------------
0 0 -57.65512925505035 -14.192119844252256 118.5
0 1 -53.5061586237778 -16.01163160816656 108.5
1 0 40.25562719102821 -57.12384218397682 -117.5
1 1 36.31460571822545 -55.39531757178328 -108.0
372
-------------------New----------------
0 0 -58.39036265953153 10.238301212860001 118.5
0 1 -56.679276650066335 8.28083825367708 108.5
1 0 -18.002750689016928 -35.95982329495222 -117.5
1 1 -19.628375399601772 -34.100294836942346 -108.0
375
-------------------New----------------
0 0 48.83719236599727 25.717817317334646 118.5
0 1 50.514335162426526 23.060557008527773 108.5
1 0 88.42129312980818 -36.99219190278338 -117.5
1 1 86.82785590485625 -34.468181313646255 -108.0
389
-------------------New----------------
0 0 -30.239620501844847 -26.7260083316801 118.5
0 1 -29.760368790452713 -26.340009420960996 108.5
1 0 -19.407948626842852 -17.853464942991884 -117.5
1 1 -19.822635292725415 -18.208983518705207 -108.0
393
-------------------New----------------
0 0 -1.665854971920296 -83.78366902144339 118.5
0 1 0.5867448261261459 -84.7773822618525 108.5
1 0 51.56917255219806 -107.38268570300629 -117.5
1 1 49.4249145023752 -106.42072583899358 -108.0
406
-------------------New----------------
0 0 -8.951927511691897 43.886665948191336 118.5
0 1 -6.307652583943271 42.48636200863291 108.5
1 0 53.41348481137582 10.814786059096065 -117.5
1 1 50.90036352883213 12.146843445326263 -108.0
407
-------------------New----------------
0 0 88.50034901694661 19.133225883979847 118.5
0 1 88.75272629024852 20.953526322848983 108.5
1 0 94.45716872647829 62.05067825540173 -117.5
1 1 94.21638242657029 60.32433724980651 -108.0
412
-------------------New----------------
0 0 -45.549929228619725 -68.35144238940411 118.5
0 1 -47.0219711268144 -68.13193513621246 108.5
1 0 -80.26212524462116 -63.19193549677078 -117.5
1 1 -78.86341128112335 -63.39820547981407 -108.0
416
-------------------New----------------
0 0 -40.33914020612629 18.31490604818578 118.5
0 1 -38.36252416209673 20.749158603197525 108.5
1 0 6.307259493828028 75.78402926774646 -117.5
1 1 4.431074707581533 73.47131734688921 -108.0
419
-------------------New----------------
0 0 88.03016481728572 44.568681085010084 118.5
0 1 85.7311961035119 44.73498211350564 108.5
1 0 33.72801438821004 48.586199043456126 -117.5
1 1 35.915957545291924 48.419230230500744 -108.0
427
-------------------New----------------
0 0 1.4403473863003569 -36.45271020791941 118.5
0 1 3.687385937238175 -36.427369119598985 108.5
1 0 54.37125478704032 -36.03267232289884 -117.5
1 1 52.24608423474554 -36.04682164427114 -108.0
428
-------------------New----------------
0 0 34.76292026528027 -77.67952888183025 118.5
0 1 38.24150862210907 -74.70537257342635 108.5
1 0 116.87982511889432 -7.66814488173183 -117.5
1 1 113.5691852715047 -10.491076032457524 -108.0
433
-------------------New----------------
0 0 39.994097659187645 -86.72530462675607 118.5
0 1 36.192686459260514 -83.93716615643265 108.5
1 0 -49.70315634019322 -20.808991497320356 -117.5
1 1 -46.089119438156246 -23.464313395346164 -108.0
434
-------------------New----------------
0 0 80.87646819182598 -86.97669317138015 118.5
0 1 79.75320532901216 -85.90543267242889 108.5
1 0 54.39532213842192 -61.48713249826757 -117.5
1 1 55.45984542261492 -62.5125099049249 -108.0
439
-------------------New----------------
0 0 -17.331413632901622 -50.25919496109084 118.5
0 1 -17.655458829105875 -45.48817666735721 108.5
1 0 -24.925826181470622 62.21424089004188 -117.5
1 1 -24.622737421959997 57.69306553402887 -108.0
443
-------------------New----------------
0 0 46.02923740411255 27.15599970414879 118.5
0 1 46.705922129418475 29.061563060689004 108.5
1 0 62.02969348517198 72.08653426561872 -117.5
1 1 61.378069527701484 70.28336157716811 -108.0
452
-------------------New----------------
0 0 -55.907477638901526 64.37636741817087 118.5
0 1 -58.130524200299796 62.273467689590746 108.5
1 0 -108.34041083931001 14.750063510532172 -117.5
1 1 -106.23024382591461 16.747875660530127 -108.0
463
-------------------New----------------
0 0 22.871329708126332 22.750704913498442 118.5
0 1 20.587734683529472 18.45724883868592 108.5
1 0 -30.947830757768816 -78.67167090377632 -117.5
1 1 -28.78185315839865 -74.5849927824734 -108.0
467
-------------------New----------------
0 0 20.165887891948238 79.2442960361296 118.5
0 1 18.648509236134895 78.06311090373461 108.5
1 0 -15.619730765676977 51.36130954329974 -117.5
1 1 -14.18094359010045 52.48429126998091 -108.0
471
-------------------New----------------
0 0 83.43575916472403 25.775786553619884 118.5
0 1 82.81114824684157 22.704084499171636 108.5
1 0 68.80142225542328 -46.89372476829808 -117.5
1 1 69.37944305083963 -43.965558174743784 -108.0
476
-------------------New----------------
0 0 -43.89539721582508 -13.00336434756787 118.5
0 1 -42.14089456089617 -11.99915890669941 108.5
1 0 -2.780281691199671 10.841571190028615 -117.5
1 1 -4.423097377068791 9.875543179879259 -108.0
478
-------------------New----------------
0 0 -33.59598694131087 -18.243870828963757 118.5
0 1 -30.478204107442224 -18.15783979878374 108.5
1 0 39.962588607964705 -16.247362634045636 -117.5
1 1 37.005253514191395 -16.326363667536153 -108.0
482
-------------------New----------------
0 0 -74.06335702843265 89.74094548607277 118.5
0 1 -72.22662333298577 87.72159847527215 108.5
1 0 -30.74845812639878 42.0639825190798 -117.5
1 1 -32.49335241115716 43.98235709098327 -108.0
488
-------------------New----------------
0 0 25.053248159625518 4.021454706126008 118.5
0 1 27.38641764825278 1.3173701003851304 108.5
1 0 80.06097720020315 -59.78327761514389 -117.5
1 1 77.84497056098908 -57.211673667550166 -108.0
501
-------------------New----------------
0 0 60.34602389435493 47.55309527337462 118.5
0 1 55.755987577764266 44.413108728443326 108.5
1 0 -47.91105330147409 -26.34711135843873 -117.5
1 1 -43.55171581593886 -23.37531976164359 -108.0
506
-------------------New----------------
0 0 93.41785869461641 26.879024658954744 118.5
0 1 91.25843395125715 30.795148493598123 108.5
1 0 42.32361115383618 119.21585182968684 -117.5
1 1 44.3823990323467 115.50218108112146 -108.0
525
-------------------New----------------
0 0 35.7845257269154 65.20281087330422 118.5
0 1 37.432545380356764 62.60888520075533 108.5
1 0 74.6912329300306 4.022143871823357 -117.5
1 1 73.12511279243921 6.482414011021691 -108.0
534
-------------------New----------------
0 0 44.53619244112971 -6.612619238681452 118.5
0 1 40.59209005933655 -1.313337791465242 108.5
1 0 -48.5717043636234 118.50321632513194 -117.5
1 1 -44.82328115021208 113.46666979216084 -108.0
543
-------------------New----------------
0 0 96.92738291821408 -77.08993434955019 118.5
0 1 95.74167917101997 -77.91644107629625 108.5
1 0 68.93791580704655 -96.69931174759571 -117.5
1 1 70.07544130942703 -95.9067794433176 -108.0
545
-------------------New----------------
0 0 -5.191898881899325 -47.34089878794326 118.5
0 1 -1.0557328070374545 -47.018450036288314 108.5
1 0 92.30072966772639 -39.717568517334016 -117.5
1 1 88.38532974221302 -40.02903718700186 -108.0
549
-------------------New----------------
0 0 -12.86842163330222 -71.10979439638423 118.5
0 1 -11.296407073823172 -70.00645037265045 108.5
1 0 24.228799782096694 -45.017399392936646 -117.5
1 1 22.735886055777705 -46.07428194371479 -108.0
551
-------------------New----------------
0 0 -7.420239702001114 -24.520902425587273 118.5
0 1 -9.12999102664978 -19.342933168038243 108.5
1 0 -47.794361549483924 97.64762015111845 -117.5
1 1 -46.166536654053644 92.73459006575607 -108.0
557
-------------------New----------------
0 0 -1.0217344259580385 18.41132780314853 118.5
0 1 -3.4296513803598865 16.554157464547675 108.5
1 0 -57.91421556917459 -25.44684264498899 -117.5
1 1 -55.612634791930134 -23.68530146679047 -108.0
559
-------------------New----------------
0 0 -83.12583539529973 30.46006381929836 118.5
0 1 -82.04041136218795 32.25473516952938 108.5
1 0 -57.502211410085536 72.81381330584324 -117.5
1 1 -58.533812948120804 71.10901347635779 -108.0
564
-------------------New----------------
0 0 -7.1328311132841815 -14.111674207966985 118.5
0 1 -5.022077618227232 -12.26240657756693 108.5
1 0 42.751343062400025 29.493127206734187 -117.5
1 1 40.74056538382735 27.737556961932135 -108.0
565
-------------------New----------------
0 0 3.0810823650090677 93.59676968375814 118.5
0 1 5.449606153649465 91.42621292735758 108.5
1 0 58.99807344763358 42.35886389542112 -117.5
1 1 56.74667338152801 44.418226064212696 -108.0
570
-------------------New----------------
0 0 56.141509630058714 -71.88440417567486 118.5
0 1 51.66112856450108 -73.19179143951366 108.5
1 0 -49.552289572628624 -102.72073472774443 -117.5
1 1 -45.29912699234795 -101.4818023863406 -108.0
571
-------------------New----------------
0 0 -44.64877572336531 -26.173074701527213 118.5
0 1 -41.894096250364306 -20.80438506436264 108.5
1 0 20.327282700017957 100.64138368484308 -117.5
1 1 17.697085048107134 95.51616999903428 -108.0
575
-------------------New----------------
0 0 -61.210900691582104 94.74461110950712 118.5
0 1 -59.35170560721972 94.93060991627662 108.5
1 0 -17.342861583953056 99.11472039238798 -117.5
1 1 -19.108733071914166 98.9396329396499 -108.0
599
-------------------New----------------
0 0 101.4756025555483 -2.1018891088765868 118.5
0 1 99.54667216217 -5.939500515642225 108.5
1 0 55.94830509315527 -92.673739502356 -117.5
1 1 57.7806498149702 -89.0269881135998 -108.0
602
-------------------New----------------
0 0 -101.19051688404271 57.46624092341286 118.5
0 1 -100.04306351681356 52.39201358540954 108.5
1 0 -74.16774071065456 -62.29420264039798 -117.5
1 1 -75.25639729949214 -57.46877820988857 -108.0
607
-------------------New----------------
0 0 31.207989286123627 74.68965104653608 118.5
0 1 32.126626028229154 76.4113949958445 108.5
1 0 52.87531985028655 115.31862464455178 -117.5
1 1 52.00284524888258 113.68256209184463 -108.0
608
-------------------New----------------
0 0 70.06862157526444 5.978901721536149 118.5
0 1 69.57126590213036 8.407466600307773 108.5
1 0 58.34302235127429 63.333533266999396 -117.5
1 1 58.81524898955532 61.02447768281684 -108.0
612
-------------------New----------------
0 0 -36.256877032825926 2.428658902804056 118.5
0 1 -32.5362022514587 1.9379171831371935 108.5
1 0 51.55257997199421 -9.153750641719359 -117.5
1 1 48.01786292373627 -8.68732116499309 -108.0
614
-------------------New----------------
0 0 38.43612151364478 -5.981459574081571 118.5
0 1 37.74734740997626 -2.4379546088962467 108.5
1 0 22.152326338806912 77.9069977604982 -117.5
1 1 22.814620046474282 74.52218648322459 -108.0
615
-------------------New----------------
0 0 -41.184825959937776 27.64419693758602 118.5
0 1 -35.393769631852706 24.236508679850072 108.5
1 0 95.9010545465701 -52.824345901574716 -117.5
1 1 90.36592810129989 -49.583360846302725 -108.0
628
-------------------New----------------
0 0 89.43782211006535 -12.043397063452975 118.5
0 1 89.68428622586654 -10.022400926948837 108.5
1 0 95.3391794522938 35.67785509144248 -117.5
1 1 95.10103665570972 33.75271224505227 -108.0
638
-------------------New----------------
0 0 -56.237838278962144 9.481604495176382 118.5
0 1 -56.610315555126114 8.200710372738646 108.5
1 0 -64.98874010666889 -20.611003236450006 -117.5
1 1 -64.63972373080244 -19.40149644091442 -108.0
640
-------------------New----------------
0 0 37.91755243485945 61.92369301179766 118.5
0 1 38.74930428794519 58.54545366072066 108.5
1 0 57.520442726055215 -17.77457585537214 -117.5
1 1 56.734798458302144 -14.56659682260281 -108.0
651
-------------------New----------------
0 0 -103.48035675583526 -4.065692809150624 118.5
0 1 -102.7389092070287 0.5129422047299975 108.5
1 0 -85.99382856040151 104.0197448472167 -117.5
1 1 -86.69921075865315 99.6667722606056 -108.0
653
-------------------New----------------
0 0 -10.983442046646873 -85.61714662407557 118.5
0 1 -12.528422165028891 -85.26138947958826 108.5
1 0 -47.25783462229878 -77.24229288061885 -117.5
1 1 -45.79989257329152 -77.58017554959518 -108.0
666
-------------------New----------------
0 0 13.028806157525995 -6.432823182421869 118.5
0 1 11.219885610909053 -11.479919901924907 108.5
1 0 -29.650162893884147 -125.54853647711984 -117.5
1 1 -27.932779949127347 -120.75317095045807 -108.0
668
-------------------New----------------
0 0 40.013728900993996 102.9168690492094 118.5
0 1 37.74926112906703 103.95101873484234 108.5
1 0 -13.399008807386494 127.298303420741 -117.5
1 1 -11.249329807157032 126.31718608054003 -108.0
669
-------------------New----------------
0 0 -20.74395112727635 110.77443179568073 118.5
0 1 -21.48560518306895 110.23986772722165 108.5
1 0 -37.7729319349864 97.91455003117255 -117.5
1 1 -37.084848861119035 98.43479590269062 -108.0
677
-------------------New----------------
0 0 -20.64085070193594 18.575885425048973 118.5
0 1 -19.20876976341212 17.309087166495825 108.5
1 0 13.10605600820767 -11.271342671344097 -117.5
1 1 11.74522477366853 -10.072122227182485 -108.0
681
-------------------New----------------
0 0 -32.02381562368167 82.11644066533842 118.5
0 1 -32.751193049706146 82.54091101966159 108.5
1 0 -49.18618976717136 92.16801097722984 -117.5
1 1 -48.494963265805175 91.76138196919518 -108.0
682
-------------------New----------------
0 0 -53.88930241496907 12.132699441794845 118.5
0 1 -55.519602844926716 9.501551777437228 108.5
1 0 -92.605567148152 -49.73948824430221 -117.5
1 1 -91.04743371929008 -47.26675206550469 -108.0
708
-------------------New----------------
0 0 -72.76824171233622 13.36223285218451 118.5
0 1 -73.90780768959846 10.835213076830355 108.5
1 0 -99.61943256762612 -46.071483706478816 -117.5
1 1 -98.54267845327688 -43.68644518230791 -108.0
712
-------------------New----------------
0 0 -50.371784493529105 36.69156091122312 118.5
0 1 -52.72308335952408 31.728675009220797 108.5
1 0 -105.85155362861141 -80.4838029269059 -117.5
1 1 -103.62041913850616 -75.76862397909524 -108.0
716
-------------------New----------------
0 0 -39.38797083779572 76.09044405488176 118.5
0 1 -39.744212627823885 75.65647127066458 108.5
1 0 -48.459034867908386 65.92565637560803 -117.5
1 1 -48.38386154894318 66.33422350702425 -108.0
718
-------------------New----------------
0 0 18.233109107343108 10.685064515752888 118.5
0 1 15.30413987987654 14.8407588118533 108.5
1 0 -50.89042872401798 108.7470825697756 -117.5
1 1 -48.10590155809308 104.80486570422654 -108.0
721
-------------------New----------------
0 0 84.89647096879345 -10.21180811696761 118.5
0 1 84.80763537544468 -11.734177708316029 108.5
1 0 82.81089728989181 -46.166835120771395 -117.5
1 1 82.89505560115614 -44.71916491766805 -108.0
733
-------------------New----------------
0 0 -27.338263531808156 72.62374824574786 118.5
0 1 -23.397556798204814 74.52900795079286 108.5
1 0 65.65113958521968 117.60294120116559 -117.5
1 1 61.907405654092386 115.79132141363463 -108.0
735
-------------------New----------------
0 0 -57.814566571328115 -17.63144083858921 118.5
0 1 -57.22978480543158 -14.67346674767831 108.5
1 0 -43.98422694790238 52.17130032086127 -117.5
1 1 -44.540567346845314 49.36103683959913 -108.0
749
-------------------New----------------
0 0 -79.9547646751736 87.50866651978608 118.5
0 1 -81.91348580155481 85.18544744664794 108.5
1 0 -126.1285726557938 32.70965412941233 -117.5
1 1 -124.27700185105839 34.9202199277859 -108.0
754
-------------------New----------------
0 0 -36.74365640395736 -37.86900623003514 118.5
0 1 -34.27825380184896 -37.46169466877497 108.5
1 0 21.41842615321681 -28.293434503348124 -117.5
1 1 19.081015790390605 -28.678180372922697 -108.0
756
-------------------New----------------
0 0 45.934048173336656 90.11904009821617 118.5
0 1 47.87886976177741 89.6637954340447 108.5
1 0 91.9272309399752 79.35119597299949 -117.5
1 1 90.06888943985726 79.7871148559599 -108.0
766
-------------------New----------------
0 0 -96.44750733486788 26.935082930940382 118.5
0 1 -96.87863886915352 28.54980762806856 108.5
1 0 -106.67268752541243 65.02550858874841 -117.5
1 1 -106.26143595009168 63.492621683436006 -108.0
769
-------------------New----------------
0 0 -45.592368585036716 -80.73444222991105 118.5
0 1 -48.86111207863168 -82.22625888988246 108.5
1 0 -122.71225722227004 -115.9426217221755 -117.5
1 1 -119.6080779266235 -114.52556517213866 -108.0
771
-------------------New----------------
0 0 54.36227417663296 38.87961038787243 118.5
0 1 54.35089808670405 41.303267382955525 108.5
1 0 53.998785156575266 96.00703004496852 -117.5
1 1 54.01389919158472 93.7111068529817 -108.0
773
-------------------New----------------
0 0 -43.31009226063343 34.77808806156803 118.5
0 1 -44.52490896072765 38.492341423289574 108.5
1 0 -71.98145814691573 122.43671067447133 -117.5
1 1 -70.82749318420844 118.90808411322966 -108.0
783
-------------------New----------------
0 0 6.969647561988387 -8.106803244807457 118.5
0 1 11.629389824337965 -7.288623318558069 108.5
1 0 116.88432927486481 11.239330529515168 -117.5
1 1 112.4592157330263 10.462928702291434 -108.0
784
-------------------New----------------
0 0 32.366776563089914 -46.58468303477497 118.5
0 1 31.167084825272532 -48.37052458155223 108.5
1 0 4.077292379856205 -88.754275692733 -117.5
1 1 5.215115543052256 -87.05593974193435 -108.0
785
-------------------New----------------
0 0 37.626910249088034 -19.12785736903708 118.5
0 1 38.51405472028292 -14.656293186803044 108.5
1 0 58.511940555309096 86.372675105345 -117.5
1 1 57.67105732359943 82.1214653544291 -108.0
792
-------------------New----------------
0 0 65.05022476957443 -56.353819992634044 118.5
0 1 66.26217675376388 -52.76191441456149 108.5
1 0 93.78008361847765 28.496959914082073 -117.5
1 1 92.62305601773383 25.080605287752892 -108.0
795
-------------------New----------------
0 0 -19.154767615662813 -8.925366150866164 118.5
0 1 -21.6633692441684 -9.027858205697623 108.5
1 0 -78.33027337814384 -11.361176499875771 -117.5
1 1 -75.94849675213774 -11.262467324203671 -108.0
797
-------------------New----------------
0 0 -117.38100810446232 98.12481062690537 118.5
0 1 -117.04255125303129 98.68720251486482 108.5
1 0 -109.31999324211986 111.42684073991481 -117.5
1 1 -109.6440010946319 110.89185518464114 -108.0
798
-------------------New----------------
0 0 -81.62716864822599 -66.95531226963993 118.5
0 1 -82.2443842175259 -63.33464390649475 108.5
1 0 -96.1944388984307 18.497244835963308 -117.5
1 1 -95.60851475196242 15.05533256139285 -108.0
799
-------------------New----------------
0 0 -51.98547654621255 38.52062337028774 118.5
0 1 -51.59766768046278 37.34449727976004 108.5
1 0 -43.15319645063731 10.802011232332642 -117.5
1 1 -43.50841042681651 11.911307596063239 -108.0
806
-------------------New----------------
0 0 -54.88090612993712 47.15086741816396 118.5
0 1 -57.16478419290331 45.212421878568094 108.5
1 0 -108.78069276637189 1.4018051849996738 -117.5
1 1 -106.61139604257316 3.2435871229495383 -108.0
813
-------------------New----------------
0 0 -20.739338145667325 23.89052595717929 118.5
0 1 -16.82460681001444 21.27764848007724 108.5
1 0 71.6412498002698 -37.77424972430488 -117.5
1 1 67.92275284335489 -35.29210872860892 -108.0
820
-------------------New----------------
0 0 90.89076672645908 24.60513586192177 118.5
0 1 90.2107094916194 21.070837138002105 108.5
1 0 74.82501132702808 -58.74737408347953 -117.5
1 1 75.47225559623817 -55.39284121674873 -108.0
822
-------------------New----------------
0 0 -21.67264313951256 64.12088179120936 118.5
0 1 -20.508722258845875 65.4222049679889 108.5
1 0 5.813965647097303 94.81849101921911 -117.5
1 1 4.7068973665282865 93.58355121743719 -108.0
828
-------------------New----------------
0 0 -0.15102597584069993 -63.13224874223285 118.5
0 1 1.711104592486927 -63.927782124710134 108.5
1 0 43.79868123058726 -81.90548594173076 -117.5
1 1 42.02951016282169 -81.14992357999823 -108.0
835
-------------------New----------------
0 0 -33.788485380180546 59.22045405341404 118.5
0 1 -36.858621173660694 56.20827013570806 108.5
1 0 -105.80724698068244 -11.616900651647828 -117.5
1 1 -102.91974756734128 -8.808545378629905 -108.0
839
-------------------New----------------
0 0 -43.01931981242755 -33.00369097564651 118.5
0 1 -43.71559562056117 -35.82545435219984 108.5
1 0 -59.501226352576474 -99.64176760990469 -117.5
1 1 -58.838127453766106 -96.95650252744261 -108.0
840
-------------------New----------------
0 0 48.442939334640734 -95.67439744287438 118.5
0 1 43.521263714659526 -96.7734941326642 108.5
1 0 -67.71006058923243 -121.59785907332366 -117.5
1 1 -63.03228209589321 -120.55537085114834 -108.0
856
-------------------New----------------
0 0 65.56637677942915 -0.921805750991 118.5
0 1 64.09701370731747 -4.748883459804161 108.5
1 0 30.892790185498075 -91.21044094613984 -117.5
1 1 32.28944750808321 -87.57630022967521 -108.0
861
-------------------New----------------
0 0 -8.118458732489218 44.620486620505574 118.5
0 1 -11.996409960633006 39.98280209357576 108.5
1 0 -99.64717612000149 -64.91916296205679 -117.5
1 1 -95.96992346529157 -60.5237394893721 -108.0
865
-------------------New----------------
0 0 30.10913198648679 -52.09647327362236 118.5
0 1 25.730200437635915 -51.31901143097707 108.5
1 0 -73.24199081105661 -33.73578995738533 -117.5
1 1 -69.08067245259734 -34.47486655762337 -108.0
870
-------------------New----------------
0 0 66.29151945311393 -12.828244943386363 118.5
0 1 65.481806033747 -14.980420378682007 108.5
1 0 46.98655352914282 -63.70830959300531 -117.5
1 1 47.767605345243595 -61.65757489755289 -108.0
874
-------------------New----------------
0 0 -60.03785518748548 -21.818325001835422 118.5
0 1 -58.16105391030605 -24.708161748863123 108.5
1 0 -15.754330053921151 -89.99832849850569 -117.5
1 1 -17.536635045742067 -87.25500036221165 -108.0
880
-------------------New----------------
0 0 58.86718429666092 55.00357620590567 118.5
0 1 58.600199532586274 52.45663477412404 108.5
1 0 52.45866483421554 -5.0278047187236385 -117.5
1 1 52.72503820443802 -2.610137166989404 -108.0
883
-------------------New----------------
0 0 -75.8160304627052 49.42063890999687 118.5
0 1 -73.06681424562855 47.53474006766679 108.5
1 0 -10.877065649322883 4.888965878747687 -117.5
1 1 -13.492572430853695 6.683699551281586 -108.0
894
-------------------New----------------
0 0 -7.353657429415575 -56.975044122933696 118.5
0 1 -7.690498185046499 -52.58470526258488 108.5
1 0 -15.3100440759278 46.60745841500069 -117.5
1 1 -14.990015346298597 42.43825874730349 -108.0
896
-------------------New----------------
0 0 -18.90263524554203 -28.264328299319764 118.5
0 1 -16.258935486900914 -31.567321484498024 108.5
1 0 43.5030037082039 -106.23557781345116 -117.5
1 1 40.98759916215717 -103.09747930776832 -108.0
899
-------------------New----------------
0 0 20.923570288063104 3.0171465251275795 118.5
0 1 15.307221793699807 0.43530076305044146 108.5
1 0 -111.62198874702688 -57.82703476214058 -117.5
1 1 -106.2881899850269 -55.38107972610952 -108.0
908
-------------------New----------------
0 0 -29.535537949108367 88.86279457580252 118.5
0 1 -29.507920044218803 89.62207299597033 108.5
1 0 -28.884327437930466 106.77738692443396 -117.5
1 1 -28.911535558104656 106.05661121735656 -108.0
911
-------------------New----------------
0 0 86.01179026158293 109.05835295742415 118.5
0 1 87.61210163875346 108.30140515557916 108.5
1 0 123.77653143027814 91.19367960462426 -117.5
1 1 122.25657169202069 91.91289121449572 -108.0
922
-------------------New----------------
0 0 -90.75898509448977 10.26697359344416 118.5
0 1 -91.01911136052603 12.861262133378158 108.5
1 0 -97.09587508340407 71.20100288015081 -117.5
1 1 -96.8404139107469 68.7494761341119 -108.0
924
-------------------New----------------
0 0 -21.755493958040468 -90.66386343060336 118.5
0 1 -22.638056932153685 -90.25289411694035 108.5
1 0 -42.56767142171044 -80.95974255257629 -117.5
1 1 -41.72950830557255 -81.35047581990952 -108.0
929
-------------------New----------------
0 0 64.59877351598762 -70.35503049964487 118.5
0 1 64.52254324601427 -72.119005723059 108.5
1 0 62.8624271162785 -111.98073474348018 -117.5
1 1 62.93180163985663 -110.30694213189061 -108.0
930
-------------------New----------------
0 0 -78.64695357817257 17.64612258369049 118.5
0 1 -76.98060959969231 16.767722940289215 108.5
1 0 -39.520443944282704 -3.326882718011185 -117.5
1 1 -41.099719254292225 -2.4711260015164647 -108.0
935
-------------------New----------------
0 0 43.841954186436666 22.12160493113092 118.5
0 1 43.708358625557956 16.057280740988272 108.5
1 0 40.7425290033169 -121.07568509510536 -117.5
1 1 40.86829363722849 -115.30601300455942 -108.0
958
-------------------New----------------
0 0 87.83052428108611 14.608311129946149 118.5
0 1 86.3455927861938 18.325668550339866 108.5
1 0 52.86308597407041 102.23864495071058 -117.5
1 1 54.27071823157962 98.7131935606733 -108.0
966
-------------------New----------------
0 0 -74.89218998073304 -58.99264541308842 118.5
0 1 -73.23143433485566 -59.672661712755755 108.5
1 0 -35.640224689642885 -74.83340435303496 -117.5
1 1 -37.22557172245367 -74.21131482732356 -108.0
982
-------------------New----------------
0 0 21.545207323427313 -66.34808565191153 118.5
0 1 21.213115235085173 -67.33175871454048 108.5
1 0 13.577755508947206 -89.36167445086176 -117.5
1 1 13.900577553070269 -88.46512023121308 -108.0
990
-------------------New----------------
0 0 -58.11702435712758 17.35766416421567 118.5
0 1 -54.98289999072722 18.37716458252718 108.5
1 0 15.898136708058425 41.42092508391616 -117.5
1 1 12.916806968436465 40.45257779992677 -108.0
994
-------------------New----------------
0 0 45.33204251015627 36.56129146384813 118.5
0 1 45.94629997729231 38.14119102492306 108.5
1 0 59.87157265442222 73.79182845423466 -117.5
1 1 59.28328421271475 72.2947056180158 -108.0
998
-------------------New----------------
0 0 -12.358695244955866 41.090332026697496 118.5
0 1 -13.930744505412429 39.69425007904493 108.5
1 0 -49.43243169236066 8.12613038430606 -117.5
1 1 -47.94022468319986 9.453210904014416 -108.0
999
-------------------New----------------
0 0 -51.433629731851816 111.37493663816197 118.5
0 1 -54.18121869417274 111.22081726414194 108.5
1 0 -116.39118992687231 107.75865796134879 -117.5
1 1 -113.78597986851905 107.89800597189068 -108.0
1002
-------------------New----------------
0 0 -6.970620636477991 14.771530421659369 118.5
0 1 -6.221235089770021 9.10454198231255 108.5
1 0 10.494505049497828 -118.8758546839864 -117.5
1 1 9.797787954896467 -113.49651464273506 -108.0
1023
-------------------New----------------
0 0 -29.573540234457 18.493519632606528 118.5
0 1 -25.98935767854531 13.43656869423566 108.5
1 0 55.00689401344361 -100.86443719028657 -117.5
1 1 51.602285623137995 -96.05957912436531 -108.0
1025
-------------------New----------------
0 0 -100.58964851688442 50.160440607164745 118.5
0 1 -101.66242278943743 49.57394547069008 108.5
1 0 -126.02890383733481 36.405227728269836 -117.5
1 1 -124.9953015409541 36.96201633172895 -108.0
1034
-------------------New----------------
0 0 44.90483697691073 -30.41913378161785 118.5
0 1 43.618929044706064 -23.79117024120493 108.5
1 0 15.269499261562535 125.50301233892701 -117.5
1 1 16.451306247630406 119.21233407678679 -108.0
1038
-------------------New----------------
0 0 -94.00496861754202 -88.12053471300801 118.5
0 1 -92.69769157350623 -87.66140022676683 108.5
1 0 -63.27762644783995 -77.28985236526601 -117.5
1 1 -64.51184942231376 -77.73469932405422 -108.0
1048
-------------------New----------------
0 0 -2.1471035345484637 23.286683702553002 118.5
0 1 1.5087631375405177 21.359665563117304 108.5
1 0 84.14870596360068 -22.18894928490831 -117.5
1 1 80.67464814318565 -20.358733431694876 -108.0
1056
-------------------New----------------
0 0 24.466064744275737 -26.268031179883128 118.5
0 1 20.032645921148607 -27.365282670725882 108.5
1 0 -80.18611612277367 -52.259073116141735 -117.5
1 1 -75.97626476752977 -51.20422152299953 -108.0
1073
-------------------New----------------
0 0 8.021432515333093 -44.97478109523842 118.5
0 1 7.528355948559526 -45.74052341473991 108.5
1 0 -3.6199675736997605 -63.06052286295577 -117.5
1 1 -3.1508946570053036 -62.33197017091243 -108.0
1077
-------------------New----------------
0 0 104.43723439859079 -61.28854781919006 118.5
0 1 103.65787605165443 -58.15958829601209 108.5
1 0 85.97001724632356 12.61388976064176 -117.5
1 1 86.71228779413241 9.643386831764483 -108.0
1083
-------------------New----------------
0 0 84.98984163963709 -99.64848346839669 118.5
0 1 83.90980125526086 -99.68174562966263 108.5
1 0 59.85171891438247 -100.43463924401662 -117.5
1 1 60.853784627587814 -100.40234137059949 -108.0
1087
-------------------New----------------
0 0 113.6353786016675 -90.02733585149166 118.5
0 1 113.20293109815093 -89.79642798892044 108.5
1 0 103.62236549539894 -84.41895064707298 -117.5
1 1 104.02762044347193 -84.64625434707791 -108.0
1096
-------------------New----------------
0 0 -54.59718929809246 96.25329908412596 118.5
0 1 -55.73011035138219 96.80647537617482 108.5
1 0 -81.6115152820355 109.40054390543737 -117.5
1 1 -80.51306866127105 108.86753902568971 -108.0
1107
-------------------New----------------
0 0 -41.524220279689196 -64.01075432617084 118.5
0 1 -38.69905498493889 -65.22518925478398 108.5
1 0 25.05621208244495 -92.70795248975682 -117.5
1 1 22.375560264092915 -91.54900133924976 -108.0
1116
-------------------New----------------
0 0 -114.10608867410208 93.81680976228142 118.5
0 1 -116.38485847270013 102.24156278521708 108.5
1 0 -117.57356224886423 35.83077490975923 -117.5
1 1 -117.48860316236457 33.8290681596659 -108.0
1119
-------------------New----------------
0 0 -38.6080210209428 29.943634796626107 118.5
0 1 -35.89995685827951 32.99815700330146 108.5
1 0 25.304042398685688 102.05166776416002 -117.5
1 1 22.73132961767771 99.14866084282978 -108.0
1126
-------------------New----------------
0 0 -31.392945356044955 98.26032370299035 118.5
0 1 -29.468581449991433 97.8654182018863 108.5
1 0 13.974752526528926 88.98614788085031 -117.5
1 1 12.149863356372006 89.36123237428151 -108.0
1133
-------------------New----------------
0 0 17.27227150163532 24.728887508380588 118.5
0 1 20.872425727154017 23.602610534143434 108.5
1 0 102.30492485845716 -1.706279613504296 -117.5
1 1 98.88640944123696 -0.6471296745132438 -108.0
1137
-------------------New----------------
0 0 -85.78664155982287 -32.239926136502156 118.5
0 1 -83.82502927549908 -32.195250340072576 108.5
1 0 -39.52188767625243 -31.17896909553703 -117.5
1 1 -41.383530133997326 -31.222593073718436 -108.0
1140
-------------------New----------------
0 0 89.07161924540726 11.501907154708384 118.5
0 1 89.09270918936504 15.932898723584922 108.5
1 0 89.5828785163541 116.1095105617597 -117.5
1 1 89.56118181522109 111.89828656549477 -108.0
1150
-------------------New----------------
0 0 5.717859540158638 -31.731209358281355 118.5
0 1 5.428063118704681 -35.25598170886521 108.5
1 0 -1.116519568099891 -114.90677842809048 -117.5
1 1 -0.8417693774641937 -111.55831959722062 -108.0
1151
-------------------New----------------
0 0 40.9183859812937 -81.93695860972902 118.5
0 1 37.345733300831284 -82.78343751194492 108.5
1 0 -43.68897795921365 -101.84182255250873 -117.5
1 1 -40.279478888777795 -101.04118657003602 -108.0
1177
-------------------New----------------
0 0 70.10946584767264 -40.34713152614944 118.5
0 1 70.5177281872624 -42.512156359685605 108.5
1 0 79.75485035981555 -91.45218521188008 -117.5
1 1 79.36260325684344 -89.39878554449268 -108.0
1180
-------------------New----------------
0 0 33.98389754718808 34.62520907546125 118.5
0 1 34.1401967685879 28.366794127189742 108.5
1 0 37.6911022796571 -113.36025715981921 -117.5
1 1 37.53327359792706 -107.38987317943977 -108.0
1181
-------------------New----------------
0 0 -23.22030376157488 -103.87460423487228 118.5
0 1 -18.03654040430984 -103.99574392854026 108.5
1 0 99.18091220120792 -106.69795399864742 -117.5
1 1 94.25140986096207 -106.5877996950275 -108.0
1182
-------------------New----------------
0 0 -35.301930650780506 109.11694154086888 118.5
0 1 -30.320744533747717 109.24871029614474 108.5
1 0 82.50771348985408 112.28001430537938 -117.5
1 1 77.75507180791523 112.14786231015725 -108.0
1183
-------------------New----------------
0 0 49.01720808097919 103.78073545283999 118.5
0 1 49.62412492811198 103.86049042713292 108.5
1 0 63.353910972334134 105.55895088229006 -117.5
1 1 62.777080683081124 105.50265735236185 -108.0
1188
-------------------New----------------
0 0 94.88798972802331 -5.183607532363017 118.5
0 1 93.50926692178962 -8.107850363718507 108.5
1 0 62.36133853758089 -74.2490153169571 -117.5
1 1 63.67103499365862 -71.46699766099945 -108.0
1195
-------------------New----------------
0 0 37.20611418255526 29.280983576148685 118.5
0 1 35.32910478924686 24.614428752681583 108.5
1 0 -7.059556847743117 -80.73567712210179 -117.5
1 1 -5.279739526956814 -76.30846851729402 -108.0
1197
-------------------New----------------
0 0 46.664954378607845 7.887691991118362 118.5
0 1 42.797841826292135 10.640140026481081 108.5
1 0 -44.61531747052977 72.87501249270713 -117.5
1 1 -40.940312512580725 70.25750379242106 -108.0
1199
-------------------New----------------
0 0 69.52636076461134 -62.169993287515524 118.5
0 1 66.53731243982155 -61.657133432713714 108.5
1 0 -0.925038423684996 -50.048118734928615 -117.5
1 1 1.9152967666202052 -50.534832087426594 -108.0
1202
-------------------New----------------
0 0 -39.61689597247245 101.98853178663163 118.5
0 1 -39.36420544358459 100.77057901608222 108.5
1 0 -33.710209843588 73.24590048196123 -117.5
1 1 -33.94884772311591 74.40688836573015 -108.0
1207
-------------------New----------------
0 0 -14.16931635036499 17.12614771690739 118.5
0 1 -13.382733847021504 12.127421737051023 108.5
1 0 4.304885522221487 -100.85546437570308 -117.5
1 1 3.5692476533394 -96.11073909269435 -108.0
1209
-------------------New----------------
0 0 58.34809450137775 -35.53718372839001 118.5
0 1 59.46239343607131 -29.823855471448343 108.5
1 0 84.65513620489398 99.33099043898372 -117.5
1 1 83.59789998287953 93.90130486884863 -108.0
1211
-------------------New----------------
0 0 -102.04742235499722 48.28584848159669 118.5
0 1 -101.91687126965353 51.53984598064718 108.5
1 0 -98.98978101552578 125.11147662382602 -117.5
1 1 -99.11122767514937 122.01876239188478 -108.0
1218
-------------------New----------------
0 0 -16.86589128551191 -26.92646975687102 118.5
0 1 -13.934460722084527 -25.866392549722946 108.5
1 0 52.08736508180393 -1.9930847474351083 -117.5
1 1 49.31809839406908 -2.9905152557901955 -108.0
1223
-------------------New----------------
0 0 25.239918404520086 93.69883979822629 118.5
0 1 22.587828725238857 94.57486636081354 108.5
1 0 -37.54476402393963 114.29850059874698 -117.5
1 1 -35.019289380257035 113.46524631459963 -108.0
1227
-------------------New----------------
0 0 -6.064826827484477 2.927708439822825 118.5
0 1 -4.2074078100703 -0.773392293298404 108.5
1 0 37.52226757818288 -84.28868305230705 -117.5
1 1 35.772304955467476 -80.79363966425686 -108.0
1242
-------------------New----------------
0 0 25.726287100338556 31.974172359248513 118.5
0 1 19.912509655690513 28.30227736645429 108.5
1 0 -111.4651880667152 -54.6842735650677 -117.5
1 1 -105.94237646008162 -51.19539879778676 -108.0
1244
-------------------New----------------
0 0 -34.69363551305154 -74.23059347010823 118.5
0 1 -32.66188571720005 -76.3496697515481 108.5
1 0 13.580232760291157 -124.01417706878438 -117.5
1 1 11.621462003975711 -122.01853282687466 -108.0
1248
-------------------New----------------
0 0 24.145773040685068 -57.76431750525357 118.5
0 1 21.20080438689001 -59.38319467838157 108.5
1 0 -45.42323226337952 -95.95787564583657 -117.5
1 1 -42.61823725063107 -94.42704084239833 -108.0
1261
-------------------New----------------
0 0 68.81545575611331 74.41695231531295 118.5
0 1 67.53447952341651 71.95922867261626 108.5
1 0 38.58756958503401 16.325645025049653 -117.5
1 1 39.802950455874864 18.665370321391485 -108.0
1270
-------------------New----------------
0 0 -22.39799958863942 3.1039875149036242 118.5
0 1 -20.88643614206166 1.0810428991679593 108.5
1 0 13.255236868549815 -44.76961327109052 -117.5
1 1 11.819968197232377 -42.83286924339241 -108.0
1290
-------------------New----------------
0 0 51.76920894953399 -74.36644509075545 118.5
0 1 51.77442904764574 -73.67275896756611 108.5
1 0 51.46028619854345 -58.9327481750128 -117.5
1 1 51.47736468011395 -59.5604786864414 -108.0
1293
-------------------New----------------
0 0 74.20572922480432 -2.4134877194367945 118.5
0 1 72.25538426843333 -5.484046662339578 108.5
1 0 28.21432063002403 -74.86176591431375 -117.5
1 1 30.063007715222415 -71.94699319924041 -108.0
1295
-------------------New----------------
0 0 38.87402270130985 45.48923949416703 118.5
0 1 40.231546949418544 43.00006998657392 108.5
1 0 70.57928072021384 -12.771991404922032 -117.5
1 1 69.31175089342847 -10.441113860415266 -108.0
1297
-------------------New----------------
0 0 51.03336626889838 44.04370773666237 118.5
0 1 51.654712719301926 39.91353233247044 108.5
1 0 65.70353807789792 -53.46888406781964 -117.5
1 1 65.11052010441306 -49.542609744640856 -108.0
1303
-------------------New----------------
0 0 -47.813479742717476 42.17044155678629 118.5
0 1 -45.29311885091991 41.17026813657734 108.5
1 0 11.708971650242153 18.589930288537282 -117.5
1 1 9.310620535054118 19.538093169819412 -108.0
1305
-------------------New----------------
0 0 -2.508234558348628 16.525943208800054 118.5
0 1 -0.9713113614887752 15.549770679913905 108.5
1 0 33.39606822607335 -7.196998993741246 -117.5
1 1 31.962178211186504 -6.207907713643851 -108.0
1318
-------------------New----------------
0 0 55.22796220960462 -30.56962781949587 118.5
0 1 53.39992827533622 -32.25522867552705 108.5
1 0 12.104408012511573 -70.35989508079399 -117.5
1 1 13.836732719361885 -68.75787775521302 -108.0
1322
-------------------New----------------
0 0 2.9638920626800482 -29.845057789115646 118.5
0 1 3.962423467043588 -32.58102899302062 108.5
1 0 26.53628816108526 -94.44214132036876 -117.5
1 1 25.586891556183556 -91.83967362347965 -108.0
1324
-------------------New----------------
0 0 21.37470089260746 -24.367188239102514 118.5
0 1 20.10200535903051 -25.050457190257372 108.5
1 0 -8.696432939161147 -40.625703915893 -117.5
1 1 -7.486489453843042 -39.966018546206286 -108.0
1329
-------------------New----------------
0 0 -54.414508351780704 -80.34508772951963 118.5
0 1 -56.91646952475368 -81.96036577026243 108.5
1 0 -113.46064058705558 -118.45208768340743 -117.5
1 1 -111.08387712910329 -116.91871298215715 -108.0
1331
-------------------New----------------
0 0 -61.857271968323104 -55.31185017625438 118.5
0 1 -62.167346410698784 -50.22675825852551 108.5
1 0 -69.11869173766652 64.5605992649624 -117.5
1 1 -68.82859232333468 59.73794486235681 -108.0
1337
-------------------New----------------
0 0 -32.47205502159146 85.33095163313968 118.5
0 1 -33.1849111258403 84.25083564052258 108.5
1 0 -49.46932044459724 59.71749186046095 -117.5
1 1 -48.77965562213066 60.751946814608175 -108.0
1341
-------------------New----------------
0 0 41.00025160417296 68.36141128183702 118.5
0 1 42.57759023632961 65.091915837789 108.5
1 0 78.159664575015 -8.844826694007505 -117.5
1 1 76.6653288446694 -5.735251745760655 -108.0
1350
-------------------New----------------
0 0 88.41220049242632 -24.710742109059936 118.5
0 1 87.62041144450977 -19.181985252766825 108.5
1 0 69.75106671741284 105.82321041423052 -117.5
1 1 70.50095448694306 100.56912585713428 -108.0
1363
-------------------New----------------
0 0 -4.408821773994766 -32.71448854613801 118.5
0 1 0.7151481775361532 -33.501572179660556 108.5
1 0 116.5418313655999 -51.4088517062048 -117.5
1 1 111.67554349606878 -50.65783981091896 -108.0
1370
-------------------New----------------
0 0 -82.73717651327658 23.110202673978254 118.5
0 1 -80.13943922415143 22.382917217555164 108.5
1 0 -21.73036812712834 5.610449951246886 -117.5
1 1 -24.17274393576967 6.327899026225311 -108.0
1379
-------------------New----------------
0 0 -24.717745037781363 -81.48202930904719 118.5
0 1 -22.237808839021902 -80.81267791244713 108.5
1 0 33.74870973694813 -65.67893708599465 -117.5
1 1 31.395240880369943 -66.3145595075973 -108.0
1384
-------------------New----------------
0 0 -56.52147700743531 -43.360454060791696 118.5
0 1 -56.34541290934982 -37.89427368430163 108.5
1 0 -52.36505289893118 85.65715533940431 -117.5
1 1 -52.5333083675363 80.46412802158747 -108.0
1386
-------------------New----------------
0 0 57.37288089820987 5.418511906081717 118.5
0 1 57.887227211224385 2.8993305156537046 108.5
1 0 69.49223142371943 -54.080127146079306 -117.5
1 1 69.00578742163415 -51.684500184646346 -108.0
1390
-------------------New----------------
0 0 94.49259632508702 39.47714419109581 118.5
0 1 93.3630432682863 38.07619273384883 108.5
1 0 67.83295892817068 6.388765559859538 -117.5
1 1 68.90745347411868 7.721784831875729 -108.0
1405
-------------------New----------------
0 0 4.350844678959753 35.48328856170635 118.5
0 1 4.110069269746622 31.208539930834256 108.5
1 0 -1.3496832810062585 -65.40168220136482 -117.5
1 1 -1.1201014809114322 -61.34175019183283 -108.0
1419
-------------------New----------------
0 0 -0.31248377903484126 -67.4922972321455 118.5
0 1 1.8731624061249488 -66.43281040815732 108.5
1 0 51.28751639561568 -42.46163570378771 -117.5
1 1 49.20854892879142 -43.46916668172606 -108.0
1430
-------------------New----------------
0 0 -93.23997044177221 14.318040668240988 118.5
0 1 -94.26816414865519 14.223049346385242 108.5
1 0 -117.21133140249535 12.005054899968254 -117.5
1 1 -116.27018565134047 12.101980248688344 -108.0
1431
-------------------New----------------
0 0 -96.18525898094674 -82.74816650320082 118.5
0 1 -97.42361615152473 -83.68329869257681 108.5
1 0 -125.49037871370567 -104.72991350110524 -117.5
1 1 -124.32039558681961 -103.87123342288926 -108.0
1437
-------------------New----------------
0 0 100.24382920150445 18.07967179585527 118.5
0 1 101.0281269126578 18.354472958736462 108.5
1 0 118.5527410425274 24.639945231546157 -117.5
1 1 117.81871122924618 24.371353203156474 -108.0
1438
-------------------New----------------
0 0 -37.54380722009361 -75.31336910029628 118.5
0 1 -36.7273781565294 -73.36265666319392 108.5
1 0 -18.28782764606606 -29.279060185007374 -117.5
1 1 -19.06134500209009 -31.128255038714663 -108.0
1447
-------------------New----------------
0 0 -19.574051540796695 74.78683405084574 118.5
0 1 -17.636065142921602 76.94141961923783 108.5
1 0 26.155259664611975 125.65053755815514 -117.5
1 1 24.31570062061048 123.60649797741398 -108.0
1448
-------------------New----------------
0 0 22.552827481195628 -43.21153382951997 118.5
0 1 21.503297212540094 -41.42761318480819 108.5
1 0 -2.2019550803107855 -1.1098392063257903 -117.5
1 1 -1.2052744108307831 -2.8046578156149353 -108.0
1452
-------------------New----------------
0 0 -70.13020755693938 4.8937525008076115 118.5
0 1 -67.87964953014944 3.8255539080439496 108.5
1 0 -17.04965668375001 -20.300402907286006 -117.5
1 1 -19.1862280743025 -19.287161946153155 -108.0
1453
-------------------New----------------
0 0 18.103558968094454 89.3042332318426 118.5
0 1 16.664322329256542 87.2286321984045 108.5
1 0 -15.865711984811862 40.321109441880154 -117.5
1 1 -14.497979322171318 42.292772718959654 -108.0
1455
-------------------New----------------
0 0 -101.84192308221701 -5.586101296835994 118.5
0 1 -100.70583599804391 -4.307270410861212 108.5
1 0 -75.00837222036242 24.63816842864325 -117.5
1 1 -76.08896966760325 23.417516344680898 -108.0
1458
-------------------New----------------
0 0 -103.99026619395363 0.3368777867332454 118.5
0 1 -102.45343989185282 5.655788174268197 108.5
1 0 -67.72002705033898 125.89881715433901 -117.5
1 1 -69.18064161222166 120.84415454396012 -108.0
1460
-------------------New----------------
0 0 44.70368293607111 -53.12084534755079 118.5
0 1 45.283136117499026 -53.5088011625666 108.5
1 0 58.38297477382595 -62.28317873946556 -117.5
1 1 57.832677855336556 -61.91396817588416 -108.0
1461
-------------------New----------------
0 0 50.865555123299444 -4.956030822018405 118.5
0 1 46.836736097249904 0.5498541388401602 108.5
1 0 -44.39232569530644 125.03317859896704 -117.5
1 1 -40.53107173442619 119.80015926183496 -108.0
1462
-------------------New----------------
0 0 94.88433701749982 -22.660649547979666 118.5
0 1 94.86531650736883 -24.520748204195616 108.5
1 0 94.41267513434094 -66.51513386392024 -117.5
1 1 94.43313904636756 -64.75033072226475 -108.0
1469
-------------------New----------------
0 0 -51.46422327133945 -36.9838032585272 118.5
0 1 -51.65528094814988 -38.50570387247829 108.5
1 0 -55.905415996138665 -72.9366227444751 -117.5
1 1 -55.72705823949584 -71.48868738320797 -108.0
1474
-------------------New----------------
0 0 -73.59482117083851 11.833654122300203 118.5
0 1 -71.40850984990938 8.52974779666991 108.5
1 0 -21.706538341327065 -65.66721907008397 -117.5
1 1 -23.751019502203686 -62.541510232758824 -108.0
1478
-------------------New----------------
0 0 -44.04895713497892 -18.38529023693284 118.5
0 1 -44.11592321113611 -19.32362114433597 108.5
1 0 -45.343937472815085 -40.50824650371454 -117.5
1 1 -45.28963342416773 -39.632717766022665 -108.0
1482
-------------------New----------------
0 0 -11.67921181097186 12.797971594880805 118.5
0 1 -12.205564571895811 11.01995417649323 108.5
1 0 -24.100898115557236 -29.154932489936904 -117.5
1 1 -23.60086436191574 -27.467924988649933 -108.0
1484
-------------------New----------------
0 0 -40.80895178871739 -13.023612884459357 118.5
0 1 -37.775270591219 -14.659274896576273 108.5
1 0 30.772120731496283 -51.70876266264794 -117.5
1 1 27.892956794271857 -50.15069458946771 -108.0
1485
-------------------New----------------
0 0 -22.473213347176806 -74.91020399156456 118.5
0 1 -23.339008497457627 -76.22416440132972 108.5
1 0 -42.98026536165546 -105.98944439841264 -117.5
1 1 -42.1582651402888 -104.73342725693696 -108.0
1491
-------------------New----------------
0 0 8.594724376820297 26.49668164656773 118.5
0 1 11.460052587676818 20.8758570166906 108.5
1 0 76.21110362505436 -106.07700488350922 -117.5
1 1 73.48658171344678 -100.74410908521402 -108.0
1506
-------------------New----------------
0 0 -99.77894073089513 28.52609049706457 118.5
0 1 -100.3717605837377 23.15978641284272 108.5
1 0 -113.74757346064295 -98.11312695637281 -117.5
1 1 -113.18763576543367 -93.01548196604375 -108.0
1511
-------------------New----------------
0 0 -20.942139735763597 30.250173314148014 118.5
0 1 -20.260285157734067 31.351997032390727 108.5
1 0 -4.830075386680342 56.25074056693086 -117.5
1 1 -5.47777943287034 55.204359932395064 -108.0
1515
-------------------New----------------
0 0 2.235447912676771 -61.10243742474345 118.5
0 1 -2.788980501462954 -60.53905073962413 108.5
1 0 -116.46748900998463 -47.85881440306859 -117.5
1 1 -111.69145362781248 -48.39271709627116 -108.0
1520
-------------------New----------------
0 0 27.126878612721715 -5.138688107811125 118.5
0 1 30.594551231641237 -1.06412087533275 108.5
1 0 109.0396450388052 91.02255492863732 -117.5
1 1 105.7398406562452 87.15232975704265 -108.0
1532
-------------------New----------------
0 0 79.39272611831015 78.09870539346448 118.5
0 1 78.34622949019078 77.37547816779046 108.5
1 0 54.686115972615426 61.02188362840086 -117.5
1 1 55.68066700807684 61.70989755743061 -108.0
1538
-------------------New----------------
0 0 75.72999995269431 76.21306172549556 118.5
0 1 73.45439405051492 75.74043783143439 108.5
1 0 22.00811005532531 65.18137845945944 -117.5
1 1 24.166395463624546 65.61936491496107 -108.0
1545
-------------------New----------------
0 0 -2.6348516403324154 -51.77015484791546 118.5
0 1 -6.89791408549937 -51.84778232625562 108.5
1 0 -103.28577894284192 -53.59104804559744 -117.5
1 1 -99.23406748956197 -53.51630199561636 -108.0
1564
-------------------New----------------
0 0 81.13727954887409 32.71164980486151 118.5
0 1 80.39007214310753 32.7095231356172 108.5
1 0 63.43789587589434 32.63229997659194 -117.5
1 1 64.15255141842059 32.62940807105778 -108.0
1575
-------------------New----------------
0 0 50.920281367576514 28.739510750650556 118.5
0 1 49.59231210193312 27.318650749954493 108.5
1 0 19.58571654541192 -4.765867103167128 -117.5
1 1 20.847495564395327 -3.4173054456205194 -108.0
1577
-------------------New----------------
0 0 -18.5812486033941 -9.601649842299944 118.5
0 1 -17.95147856512136 -10.944554795976876 108.5
1 0 -3.677544255978609 -41.3815966741687 -117.5
1 1 -4.2738994850518965 -40.10293632030924 -108.0
1583
-------------------New----------------
0 0 -115.0225108657484 -4.417880947818089 118.5
0 1 -115.04604899100082 -2.9502777586879994 108.5
1 0 -115.43521532185252 30.26615079784015 -117.5
1 1 -115.42519316504688 28.8719310934392 -108.0
1585
-------------------New----------------
0 0 31.551912755146486 7.710979465492876 118.5
0 1 32.6472548893034 8.9440943015151 108.5
1 0 56.86456906989988 37.3054414258219 -117.5
1 1 55.8583782950319 36.10530971097134 -108.0
1588
-------------------New----------------
0 0 -11.051752744440773 -99.1507547919472 118.5
0 1 -6.3452190388781755 -98.69985001551653 108.5
1 0 100.01921252185055 -88.50056483786395 -117.5
1 1 95.5465627329996 -88.92967920130594 -108.0
1589
-------------------New----------------
0 0 -3.2636928321086005 -70.72806191285073 118.5
0 1 -8.337530843555562 -69.20161332686835 108.5
1 0 -123.02882627476163 -34.62027305256864 -117.5
1 1 -118.20708857584748 -36.07399896771006 -108.0
1591
-------------------New----------------
0 0 23.617421537452348 32.23526517920688 118.5
0 1 18.47972927998244 25.757533684318723 108.5
1 0 -97.53346785776235 -120.75759975586425 -117.5
1 1 -92.6587520107555 -114.59708341570501 -108.0
1592
-------------------New----------------
0 0 -36.88332073100619 19.149231566167366 118.5
0 1 -30.995762133601158 22.167973917505748 108.5
1 0 102.08383752823933 90.40570966174002 -117.5
1 1 96.48910717864263 87.53697715036165 -108.0
1593
-------------------New----------------
0 0 61.8021993934309 -39.51245899891201 118.5
0 1 62.335959582041234 -42.523762471548174 108.5
1 0 74.4023911804729 -110.5781063153903 -117.5
1 1 73.90175868363238 -107.71878591279278 -108.0
1596
-------------------New----------------
0 0 -35.55376558489928 -38.843724075466895 118.5
0 1 -37.10127479240545 -35.210603952535706 108.5
1 0 -72.2672334712878 46.835790400386415 -117.5
1 1 -70.782864621821 43.3916942083207 -108.0
1602
-------------------New----------------
0 0 88.77039271613715 -8.173770720224633 118.5
0 1 86.57087870002813 -3.1678762505390603 108.5
1 0 36.863059250844955 109.96203918980557 -117.5
1 1 38.952289637390166 105.20680366397524 -108.0
1603
-------------------New----------------
0 0 4.833933198295254 42.421587470847044 118.5
0 1 7.070703233333953 40.29713050384497 108.5
1 0 57.55781334890347 -7.741242169471361 -117.5
1 1 55.435247586769606 -5.721715772439696 -108.0
1614
-------------------New----------------
0 0 31.36863284539072 23.47919667227914 118.5
0 1 34.33249772311286 23.3249917513169 108.5
1 0 101.3083022754768 19.83588297544533 -117.5
1 1 98.49293730007153 19.982672673823053 -108.0
1621
-------------------New----------------
0 0 -60.32186600031654 58.969982580790486 118.5
0 1 -59.84216829416512 58.654833990493195 108.5
1 0 -49.05651830842101 51.33989115037421 -117.5
1 1 -49.514256897904666 51.65068573840557 -108.0
1622
-------------------New----------------
0 0 -9.40169573279833 -81.10389299777516 118.5
0 1 -8.021445664043078 -81.78237626715708 108.5
1 0 22.902415339100944 -97.04236021759002 -117.5
1 1 21.608418389642363 -96.40243945950634 -108.0
1625
-------------------New----------------
0 0 84.62315122284731 70.40086943913377 118.5
0 1 84.92082109689747 70.34467914411918 108.5
1 0 91.39640912061574 69.00183361919946 -117.5
1 1 91.12230078541118 69.06213727781531 -108.0
1636
-------------------New----------------
0 0 28.076530058501096 -18.18354993506069 118.5
0 1 25.878087217137953 -16.313388496585574 108.5
1 0 -23.79771285935433 25.949100710080927 -117.5
1 1 -21.71161384428477 24.171762922270855 -108.0
1645
-------------------New----------------
0 0 -111.14772319785902 56.991671083976236 118.5
0 1 -111.79872367118017 58.3941783611336 108.5
1 0 -126.55764322828786 90.04230641864464 -117.5
1 1 -125.93439819414553 88.71703300133453 -108.0
1647
-------------------New----------------
0 0 -26.31252839329265 42.480957750360346 118.5
0 1 -24.931941667915208 44.915332671038456 108.5
1 0 6.290398319488324 99.98009131316681 -117.5
1 1 4.9759093432004295 97.6634278500548 -108.0
1650
-------------------New----------------
0 0 30.812888591911967 9.638763727600654 118.5
0 1 31.96677366202702 6.6072184232859525 108.5
1 0 58.035372814324475 -61.93343513466997 -117.5
1 1 56.94086937024143 -59.050755956568196 -108.0
1651
-------------------New----------------
0 0 -37.36420220847715 -88.10245115524512 118.5
0 1 -41.13315434225988 -86.95474779141973 108.5
1 0 -126.31886400913511 -60.9799594858992 -117.5
1 1 -122.73660763929624 -62.07358591110388 -108.0
1662
-------------------New----------------
0 0 -5.2822338876529304 -79.5847069685552 118.5
0 1 -1.4077462798649143 -80.28874399249722 108.5
1 0 86.15581312802504 -96.20471166787144 -117.5
1 1 82.47521841517056 -95.534794304464 -108.0
1663
-------------------New----------------
0 0 52.82481340235129 -26.718215127506948 118.5
0 1 53.810463077189254 -26.259609763195705 108.5
1 0 75.98208124098835 -15.93174999582259 -117.5
1 1 75.04763787870141 -16.365760380534176 -108.0
1675
-------------------New----------------
0 0 62.934697335503515 -36.28754220361386 118.5
0 1 59.97856377119634 -39.43852189841279 108.5
1 0 -8.151801994902446 -110.4368832611082 -117.5
1 1 -5.296463355951594 -107.47596315345422 -108.0
1683
-------------------New----------------
0 0 -29.57769450616695 3.7177606021717677 118.5
0 1 -29.58897322288167 0.8320625178824337 108.5
1 0 -29.863662295583758 -64.39176949182439 -117.5
1 1 -29.85139697803451 -61.649434637201196 -108.0
1684
-------------------New----------------
0 0 24.938306113396262 7.883093776290176 118.5
0 1 27.481394277131916 3.9149252419937888 108.5
1 0 84.92735832361767 -85.67987619136562 -117.5
1 1 82.51220991844497 -81.91654398368469 -108.0
1693
-------------------New----------------
0 0 -13.39161045718663 -4.820859328578963 118.5
0 1 -17.20187061888646 -6.7358600164233895 108.5
1 0 -102.4462814843412 -49.274368384935556 -117.5
1 1 -98.85938506488502 -47.54125516995221 -108.0
1706
-------------------New----------------
0 0 -3.192570840261775 -58.59675592762325 118.5
0 1 -4.210753869172861 -58.15062574889316 108.5
1 0 -27.238829085012963 -48.06522484757262 -117.5
1 1 -26.270621613862357 -48.48953189773182 -108.0
1708
-------------------New----------------
0 0 11.986801622741842 24.071922414725094 118.5
0 1 10.187586534454924 22.003086470100847 108.5
1 0 -30.37318732700131 -24.87477189308591 -117.5
1 1 -28.66655971264757 -22.89559254095368 -108.0
1722
-------------------New----------------
0 0 24.26835322192694 -80.41837233827644 118.5
0 1 19.398114210014988 -81.65881249292728 108.5
1 0 -90.62274027200314 -109.66197134325043 -117.5
1 1 -85.99901610158591 -108.4847035847384 -108.0
1737
-------------------New----------------
0 0 4.533836010113191 8.574730249326626 118.5
0 1 0.5246049184967105 8.949641711631363 108.5
1 0 -89.98691635828469 17.308809836365246 -117.5
1 1 -86.1846564289881 16.956182960719218 -108.0
1750
-------------------New----------------
0 0 54.89046428092398 2.7140489194673214 118.5
0 1 49.9603230471786 1.2014564926421378 108.5
1 0 -61.452635895242544 -32.980906112077754 -117.5
1 1 -56.769621684936396 -31.54429091180461 -108.0
1754
-------------------New----------------
0 0 -93.79085443903656 91.42826832493199 118.5
0 1 -91.5783922060078 89.71943603176517 108.5
1 0 -41.668775885542274 51.25435551388491 -117.5
1 1 -43.76362679422199 52.86712444591702 -108.0
1755
-------------------New----------------
0 0 96.72273414167367 7.497000278337197 118.5
0 1 98.04542458294875 4.767728003133299 108.5
1 0 127.93755652798839 -56.89161514291111 -117.5
1 1 126.68123217811255 -54.30077143689522 -108.0
1756
-------------------New----------------
0 0 -19.366993042479386 -19.144134244801798 118.5
0 1 -16.321416153306856 -17.306790570058315 108.5
1 0 53.30149658920667 24.388532161394117 -117.5
1 1 50.3434703124902 22.62970886631967 -108.0
1761
-------------------New----------------
0 0 11.228054564231062 85.17048955003168 118.5
0 1 8.786233949973349 85.02479038035403 108.5
1 0 -46.50672692476262 81.65436827083873 -117.5
1 1 -44.190473863482275 81.79590526285286 -108.0
1764
-------------------New----------------
0 0 -1.3519817149544988 83.94995594033267 118.5
0 1 -3.9629850404216596 84.62008802486744 108.5
1 0 -63.83546268102358 100.47572287826685 -117.5
1 1 -61.33166778657708 99.79975891975558 -108.0
1765
-------------------New----------------
0 0 41.352131980622296 14.269810083227664 118.5
0 1 45.01077693690892 15.03461575689714 108.5
1 0 127.69274237684662 32.254030275840634 -117.5
1 1 124.21421612465303 31.530317746610574 -108.0
1767
-------------------New----------------
0 0 16.327488645578324 -21.878632830078008 118.5
0 1 20.076228401588704 -17.811412333832017 108.5
1 0 104.5995887570648 73.93110389398011 -117.5
1 1 101.06154955605015 70.07892895576087 -108.0
1786
-------------------New----------------
0 0 -31.426782060368804 26.996563244792146 118.5
0 1 -26.484726196604583 26.422198307717178 108.5
1 0 85.18465995027051 13.452534679333684 -117.5
1 1 80.43108042246335 14.010338441291845 -108.0
1788
-------------------New----------------
0 0 33.004819076030586 -61.58003337711009 118.5
0 1 27.233645849048948 -58.723711291747136 108.5
1 0 -103.19098642745253 5.849169375135719 -117.5
1 1 -97.70854182862772 3.134176891708357 -108.0
1790
-------------------New----------------
0 0 -30.741264683311375 -90.28620887831987 118.5
0 1 -34.716466318132134 -88.7632121993615 108.5
1 0 -124.61549842803925 -54.378590342078816 -117.5
1 1 -120.83417693271284 -55.826620250407544 -108.0
1793
-------------------New----------------
0 0 -83.32414990591289 5.054621161894381 118.5
0 1 -84.28806402220962 4.8455530198401995 108.5
1 0 -106.24963736647251 0.629285369828171 -117.5
1 1 -105.34058801480288 0.7603372488643542 -108.0
1796
-------------------New----------------
0 0 -3.4246218622171924 60.86902448317248 118.5
0 1 -0.5307933971526808 56.82066509127302 108.5
1 0 64.88700574593804 -34.67047787491938 -117.5
1 1 62.13541093428729 -30.82510244844973 -108.0
1800
-------------------New----------------
0 0 71.83041738721478 22.37989163598486 118.5
0 1 71.69519010483313 18.798495354640487 108.5
1 0 68.51407166900935 -62.167303710694526 -117.5
1 1 68.650182519862 -58.765896381206986 -108.0
1813
-------------------New----------------
0 0 2.9237630430575976 -105.46019985566006 118.5
0 1 7.62750400437034 -105.90536721959568 108.5
1 0 113.93039890454972 -115.96473479547073 -117.5
1 1 109.46193434623667 -115.54195178613631 -108.0
1816
-------------------New----------------
0 0 101.11871785006647 -46.296695309834014 118.5
0 1 100.40655346511588 -40.53554802938548 108.5
1 0 84.32389607227806 89.75129824498478 -117.5
1 1 85.00199208549775 84.26904411324105 -108.0
1826
-------------------New----------------
0 0 81.00595280950652 79.94744130979021 118.5
0 1 80.26062987661128 77.87053285615421 108.5
1 0 63.44878456430318 30.971353416195388 -117.5
1 1 64.15496585040081 32.942850399026 -108.0
1827
-------------------New----------------
0 0 -16.386716851053897 33.86439224462794 118.5
0 1 -19.353848780243634 33.61728069121337 108.5
1 0 -86.44606647966867 28.172692286833364 -117.5
1 1 -83.62728417107782 28.397392966094156 -108.0
1832
-------------------New----------------
0 0 -57.49649271178835 -96.29336562542359 118.5
0 1 -53.41886728278164 -94.69144598396322 108.5
1 0 38.72785181003387 -58.49619631888479 -117.5
1 1 34.85428812413608 -60.016833626883724 -108.0
1834
-------------------New----------------
0 0 -44.54546803217429 -26.134521228946532 118.5
0 1 -45.97940773258069 -28.78514487531504 108.5
1 0 -78.4043746326903 -88.69803945389626 -117.5
1 1 -77.04089428503967 -86.17947090631078 -108.0
1841
-------------------New----------------
0 0 -62.463858206729846 -43.7096668577409 118.5
0 1 -59.055903568398165 -42.94435212865365 108.5
1 0 19.240258608263712 -26.143739818863303 -117.5
1 1 15.882718248163224 -26.868662478319028 -108.0
1842
-------------------New----------------
0 0 103.33685098472844 -24.418333416218125 118.5
0 1 102.72626362290382 -27.671358598377548 108.5
1 0 89.02628517471712 -101.09346244786448 -117.5
1 1 89.5987924432076 -98.0125478966311 -108.0
1844
-------------------New----------------
0 0 -42.68177416941684 14.413774550640337 118.5
0 1 -45.95418460199524 15.981865636768543 108.5
1 0 -119.92822536284106 51.43101985732866 -117.5
1 1 -116.81668489331443 49.93992622342874 -108.0
1860
-------------------New----------------
0 0 -43.65053024765015 -36.07829098338828 118.5
0 1 -41.16258545908889 -37.47011851209634 108.5
1 0 15.087154100660944 -68.90978798297297 -117.5
1 1 12.723348001335607 -67.59088836586716 -108.0
1863
-------------------New----------------
0 0 69.29966289805516 42.89093809619163 118.5
0 1 65.46598610143936 44.055831916781315 108.5
1 0 -21.127919207173342 70.30089061426949 -117.5
1 1 -17.491631667600195 69.19739752134561 -108.0
1880
-------------------New----------------
0 0 23.55049224367666 21.083291749184788 118.5
0 1 26.294713086472605 24.2861776941005 108.5
1 0 89.15483870666074 95.96469806971474 -117.5
1 1 86.4617977656419 92.98359151664523 -108.0
1881
-------------------New----------------
0 0 10.882342977052847 -119.17196750662406 118.5
0 1 10.299065363418602 -119.46551420889625 108.5
1 0 -2.9116232932009973 -126.10447425481148 -117.5
1 1 -2.354851924287827 -125.82540100329143 -108.0
1883
-------------------New----------------
0 0 56.809008777254874 2.4448720216134503 118.5
0 1 56.28941993129952 -0.1485545726010577 108.5
1 0 44.356256708025875 -58.97928585982733 -117.5
1 1 44.86299560320159 -56.49704033133573 -108.0
1884
-------------------New----------------
0 0 -104.03653870036933 -55.79655566848045 118.5
0 1 -102.40983264401889 -58.287124477013265 108.5
1 0 -65.62882891949532 -114.56502195709879 -117.5
1 1 -67.17521131987716 -112.1990884519189 -108.0
1885
-------------------New----------------
0 0 58.29289302434127 -14.17810315179376 118.5
0 1 58.94321627978013 -8.166403696015298 108.5
1 0 73.7453505400198 127.87337394328824 -117.5
1 1 73.12228075886728 122.16021684028385 -108.0
1886
-------------------New----------------
0 0 16.447879926155785 39.42487226153707 118.5
0 1 19.464226945430273 38.140361791503 108.5
1 0 87.60518296390899 9.091313862044808 -117.5
1 1 84.74141990038265 10.309096301001214 -108.0
1889
-------------------New----------------
0 0 18.686837081235105 62.23140689672791 118.5
0 1 19.223027602139123 57.99630387958554 108.5
1 0 31.332296689613635 -37.669701630719054 -117.5
1 1 30.825193845438577 -33.64798501653702 -108.0
1891
-------------------New----------------
0 0 -45.31715944318054 47.947558290719414 118.5
0 1 -45.94107254120954 49.54743193984618 108.5
1 0 -60.04142007697768 85.71063024648899 -117.5
1 1 -59.44855796312349 84.19079119788196 -108.0
1894
-------------------New----------------
0 0 -9.307966835569935 109.19109264222584 118.5
0 1 -8.128870316775302 108.92953609909091 108.5
1 0 18.46166035723622 103.02253222683926 -117.5
1 1 17.349221103458213 103.26890401209991 -108.0
1914
-------------------New----------------
0 0 -68.54954868543622 -41.198239837318056 118.5
0 1 -66.6412920003966 -37.033769584407636 108.5
1 0 -23.54052305637034 57.11553803611393 -117.5
1 1 -25.350443669980287 53.15855469833893 -108.0
1918
-------------------New----------------
0 0 31.344243254755035 -9.34065668023417 118.5
0 1 34.23018608884966 -8.060789204991654 108.5
1 0 99.46522065556302 20.862152480785113 -117.5
1 1 96.72266494631148 19.64619283396376 -108.0
1928
-------------------New----------------
0 0 -16.15032877058249 35.87471991521103 118.5
0 1 -16.73966748093959 31.6699019009023 108.5
1 0 -30.064368398188652 -63.329599368076096 -117.5
1 1 -29.504368932492724 -59.33537908745344 -108.0
1929
-------------------New----------------
0 0 4.209097232768722 -12.671676842972527 118.5
0 1 7.316810129163784 -12.014460179468577 108.5
1 0 77.64382981447623 2.8008884213268703 -117.5
1 1 74.68609477661117 2.1804684455092707 -108.0
1930
-------------------New----------------
0 0 -64.66085177664776 -73.86665003874387 118.5
0 1 -68.27497425613619 -72.6455151891866 108.5
1 0 55.9119943189523 3.209324567107789 -117.5
1 1 54.684129565455216 0.5077341893036854 -108.0
1931
-------------------New----------------
0 0 -12.588714880619031 57.76874676562552 118.5
0 1 -9.229035335678295 53.037012510459114 108.5
1 0 66.13528725139034 -54.72678669324976 -117.5
1 1 62.99322432577318 -50.16061859849156 -108.0
1946
-------------------New----------------
0 0 -53.0385696563362 -4.7882814954498825 118.5
0 1 -52.426230636169315 -2.1198925743644508 108.5
1 0 -38.51655980979463 58.25573652110336 -117.5
1 1 -39.10213419818148 55.71894083486669 -108.0
1947
-------------------New----------------
0 0 50.00727126585572 108.35846473206293 118.5
0 1 50.895100223890296 107.4076766859595 108.5
1 0 71.17569471460567 85.87500897932895 -117.5
1 1 70.32583577400877 86.77882601675795 -108.0
1952
-------------------New----------------
0 0 -1.8772507235985665 -32.070267563796584 118.5
0 1 -4.326409159622246 -29.198740202179458 108.5
1 0 -62.57495188969456 36.876828908882814 -117.5
1 1 -60.00240905739182 34.04337944317362 -108.0
1953
-------------------New----------------
0 0 -64.60302871320316 -47.1082737420863 118.5
0 1 -60.88110365281973 -43.96897216129417 108.5
1 0 23.324905407774914 26.95082177737068 -117.5
1 1 19.782170376092843 23.967902740682337 -108.0
1970
-------------------New----------------
0 0 -15.607984206698344 54.32971432655914 118.5
0 1 -13.80502274345919 52.013671303219326 108.5
1 0 26.951503320601994 -0.2965250976817229 -117.5
1 1 25.23775736759721 1.9021246267139555 -108.0
1988
-------------------New----------------
0 0 -110.09874334534497 -30.383808482623685 118.5
0 1 -110.20821473614133 -29.49824768468245 108.5
1 0 -112.58701275182318 -9.336531919666715 -117.5
1 1 -112.47593974726945 -10.187050135358744 -108.0
1989
-------------------New----------------
0 0 -12.648557442297307 -11.317341105745346 118.5
0 1 -12.875611170435985 -10.461891193333312 108.5
1 0 -17.7841335501397 7.86714871453525 -117.5
1 1 -17.588474527904122 7.139268901900214 -108.0
1994
-------------------New----------------
0 0 -14.997347780375321 48.27489167181385 118.5
0 1 -15.270614883706397 47.211526953348425 108.5
1 0 -21.550617157135235 23.191407955045925 -117.5
1 1 -21.283371731101163 24.201475750814218 -108.0
2006
-------------------New----------------
0 0 -45.17377150369177 -69.27415039701799 118.5
0 1 -46.52846468308698 -66.62664220169589 108.5
1 0 -76.05649869598513 -8.867935438118298 -117.5
1 1 -74.87676188328668 -11.179969275882389 -108.0
2011
-------------------New----------------
0 0 -57.36158366769041 -35.745314497503905 118.5
0 1 -60.2153260030946 -35.54392204288833 108.5
1 0 -124.68851542079842 -31.004204872463486 -117.5
1 1 -121.98157134591125 -31.194843988604582 -108.0
2013
-------------------New----------------
0 0 59.95276561404044 -15.104248731408532 118.5
0 1 61.830612461172066 -15.750036200234803 108.5
1 0 104.28275582792924 -30.33899137684869 -117.5
1 1 102.49911600077405 -29.726668910477265 -108.0
2015
-------------------New----------------
0 0 -66.30988456460884 58.00024747864605 118.5
0 1 -66.91653466202537 60.65799492329592 108.5
1 0 -80.52510731906396 120.63802596297141 -117.5
1 1 -79.95643885034139 118.12245714625074 -108.0
2019
-------------------New----------------
0 0 81.58005913361168 -3.6415543290096766 118.5
0 1 79.79634885535428 -4.2329041832388405 108.5
1 0 39.59061724009986 -17.486515248411166 -117.5
1 1 41.2735410217294 -16.933832327737342 -108.0
2029
-------------------New----------------
0 0 53.337547669287574 -41.3074570509677 118.5
0 1 52.63288784274539 -39.36878559775617 108.5
1 0 36.97765840523729 4.642784277709902 -117.5
1 1 37.62698187009216 2.7958004154521876 -108.0
2030
-------------------New----------------
0 0 -66.42427491857768 40.223809104408225 118.5
0 1 -65.3340047752738 42.61635903802207 108.5
1 0 -40.49765248657976 96.79227548063058 -117.5
1 1 -41.56113328324001 94.5174373974955 -108.0
2032
-------------------New----------------
0 0 116.29176494649525 -51.43932728757583 118.5
0 1 115.87358059480225 -54.218851277642 108.5
1 0 106.32518116827491 -117.01915854949793 -117.5
1 1 106.73065229416446 -114.38035673552149 -108.0
2059
-------------------New----------------
0 0 89.58512482676046 -6.047899719234604 118.5
0 1 90.35960694449186 -5.262632902459282 108.5
1 0 107.8760774941999 12.468137509664775 -117.5
1 1 107.14014667586135 11.723909844262423 -108.0
2065
-------------------New----------------
0 0 -73.44711326390846 5.785194714081316 118.5
0 1 -73.16937991302555 10.351577561390808 108.5
1 0 -66.89675849305205 113.70150832797692 -117.5
1 1 -67.16589398182622 109.3516766040282 -108.0
2073
-------------------New----------------
0 0 -76.62413451738499 -99.33141806632383 118.5
0 1 -76.90041755289771 -98.72925637156581 108.5
1 0 -83.15231449889231 -85.1036925690663 -117.5
1 1 -82.88987065179695 -85.67764169712825 -108.0
2079
-------------------New----------------
0 0 -3.4614011553720743 11.71469693034702 118.5
0 1 -5.594944989529723 8.903595670229773 108.5
1 0 -53.814214726805446 -54.66600167694527 -117.5
1 1 -51.78677157144896 -51.99241683811465 -108.0
2086
-------------------New----------------
0 0 -55.383488195852784 -21.529754304183413 118.5
0 1 -53.0920473134826 -24.163780794032938 108.5
1 0 -1.392254909611049 -83.63467326078825 -117.5
1 1 -3.5709973450612997 -81.13534699048952 -108.0
2092
-------------------New----------------
0 0 0.3792840875147349 10.4086567857732 118.5
0 1 0.08738345707368404 10.89623472292591 108.5
1 0 -6.4948337518545545 21.9296126118364 -117.5
1 1 -6.2181691774332855 21.46448228242097 -108.0
2101
-------------------New----------------
0 0 51.16671497832587 -49.37441795542192 118.5
0 1 48.97861523679795 -48.47902667222309 108.5
1 0 -0.467958377472265 -28.247061591278236 -117.5
1 1 1.6104114709513766 -29.09726446786587 -108.0
2106
-------------------New----------------
0 0 -97.85578044705562 -43.28294781484471 118.5
0 1 -98.13202829188819 -38.811832802721675 108.5
1 0 -104.3756538679223 62.18252835737378 -117.5
1 1 -104.11190291097334 57.93741280619086 -108.0
2133
-------------------New----------------
0 0 21.56152834040264 -96.15277735328377 118.5
0 1 22.19872753414285 -95.25925823925925 108.5
1 0 36.597317902774826 -75.08706500988406 -117.5
1 1 35.991580323774045 -75.9346201393041 -108.0
2136
-------------------New----------------
0 0 18.602716093754832 -44.21425379250644 118.5
0 1 19.246781880190603 -41.90710463192451 108.5
1 0 33.866816451694646 10.243491752534274 -117.5
1 1 33.252106631895764 8.053265005814339 -108.0
2138
-------------------New----------------
0 0 54.13119452486778 92.3360138927787 118.5
0 1 48.99606974661998 92.90514409506662 108.5
1 0 -66.84170580376434 106.88759868149543 -117.5
1 1 -61.9911039037698 106.27848806235095 -108.0
2139
-------------------New----------------
0 0 -17.086508200368506 -26.567687560323133 118.5
0 1 -21.550980252602983 -25.661118363304077 108.5
1 0 -122.44317797955031 -5.181928426010956 -117.5
1 1 -118.20264554897805 -6.04297327268192 -108.0
2141
-------------------New----------------
0 0 25.967530246761772 -47.97722776318496 118.5
0 1 21.10414387185815 -43.0489937118913 108.5
1 0 -88.70573316572322 67.91613940371991 -117.5
1 1 -84.08433937473356 63.25527092660609 -108.0
2143
-------------------New----------------
0 0 66.93113727413186 -94.317996173629 118.5
0 1 66.70927557988975 -92.6910708418033 108.5
1 0 61.734624257702094 -55.88846227484744 -117.5
1 1 61.943080130653655 -57.43698984719704 -108.0
2145
-------------------New----------------
0 0 -71.20525365404447 92.11665112944053 118.5
0 1 -68.67662653811374 90.1344261113927 108.5
1 0 -11.543197179750646 45.24501253577195 -117.5
1 1 -13.942645667297494 47.13176691114178 -108.0
2150
-------------------New----------------
0 0 -5.504998173139741 22.39851444973078 118.5
0 1 -2.5699051459810742 19.70320538574767 108.5
1 0 63.525517640070305 -41.57517411428938 -117.5
1 1 60.7348705405646 -38.99594545845644 -108.0
2153
-------------------New----------------
0 0 69.84475271244787 21.244968546724447 118.5
0 1 69.10057666312913 18.869076256243396 108.5
1 0 52.30220117094607 -34.797847451299 -117.5
1 1 53.0065080335361 -32.54185564862446 -108.0
2159
-------------------New----------------
0 0 74.26240274354247 -60.61528834131292 118.5
0 1 75.79246262827937 -58.48127772536408 108.5
1 0 110.37401042638669 -10.254990408191746 -117.5
1 1 108.91957006460584 -12.283174578234272 -108.0
2165
-------------------New----------------
0 0 -1.734709186382672 -57.5734692037088 118.5
0 1 -2.8253966037204568 -58.78773014714634 108.5
1 0 -27.53812958757205 -86.23478280637556 -117.5
1 1 -26.497928667546876 -85.08003089955585 -108.0
2176
-------------------New----------------
0 0 39.157201943947356 71.69502288615948 118.5
0 1 36.88922524603176 73.33246445916438 108.5
1 0 -14.371066664433297 110.33438484963422 -117.5
1 1 -12.21542684283171 108.77897199755091 -108.0
2177
-------------------New----------------
0 0 40.571071239684855 6.87977336312114 118.5
0 1 42.89017504508471 9.677158588781197 108.5
1 0 95.28910891158299 72.89640700745038 -117.5
1 1 93.08646783635376 70.23945612843174 -108.0
2179
-------------------New----------------
0 0 -105.86727304266935 96.30208396132949 118.5
0 1 -105.1073542483264 96.87275846309076 108.5
1 0 -87.91588546099024 109.74297866720121 -117.5
1 1 -88.63714660598977 109.2030699679528 -108.0
2184
-------------------New----------------
0 0 14.207159007557422 34.43983782438501 118.5
0 1 14.740556369986212 36.17693823048339 108.5
1 0 26.76075083253614 75.44991332140299 -117.5
1 1 26.25623767236657 73.79850560630328 -108.0
2189
-------------------New----------------
0 0 57.8771761942711 -41.23808573249001 118.5
0 1 60.283500672309756 -36.04412613097773 108.5
1 0 114.6095058785374 81.9109091353617 -117.5
1 1 112.31844710164168 76.93292641565243 -108.0
2191
-------------------New----------------
0 0 -64.29567625349 -2.6735305281239015 118.5
0 1 -62.95341233894588 2.212635065055803 108.5
1 0 -32.61611051856763 112.6145501110364 -117.5
1 1 -33.8920681028753 107.97224962867264 -108.0
2194
-------------------New----------------
0 0 32.760763322400294 -33.474022826115785 118.5
0 1 31.413934828604074 -37.33438581327938 108.5
1 0 0.957788054738462 -124.5726377447792 -117.5
1 1 2.2382563456132014 -120.90581750736082 -108.0
2198
-------------------New----------------
0 0 -76.61890229055592 -20.576163165296684 118.5
0 1 -74.40403494397131 -17.522654332724876 108.5
1 0 -24.367471705343405 51.516363244538084 -117.5
1 1 -26.470107844742664 48.61403404497277 -108.0
2219
-------------------New----------------
0 0 -7.388549808383798 9.77023813595512 118.5
0 1 -5.755176342788562 14.081022439754523 108.5
1 0 31.162692033450043 111.51798215410136 -117.5
1 1 29.61028358411777 107.42255300171658 -108.0
2222
-------------------New----------------
0 0 -2.0711416198765544 30.778743879833275 118.5
0 1 -2.5136541903236087 32.81518333387833 108.5
1 0 -12.545499922745112 78.82239515316309 -117.5
1 1 -12.12078743162842 76.88747794758311 -108.0
2232
-------------------New----------------
0 0 -63.05744920580399 11.201070823876071 118.5
0 1 -59.91756739421079 13.489543119995682 108.5
1 0 11.030023296730327 65.21398834190562 -117.5
1 1 8.048657034648278 63.03952811996781 -108.0
2233
-------------------New----------------
0 0 -0.03394994621772335 -61.042180040950896 118.5
0 1 -0.08746729553027151 -57.297980578570545 108.5
1 0 -1.2970502729395703 27.32542543141031 -117.5
1 1 -1.2466248134908633 23.76759594691453 -108.0
2237
-------------------New----------------
0 0 14.871484656003876 6.680583333736422 118.5
0 1 12.525921305373933 7.523765105727127 108.5
1 0 -40.468870467968934 26.583732330412538 -117.5
1 1 -38.24357789326333 25.780925681355104 -108.0
2239
-------------------New----------------
0 0 -34.06824010412885 -54.31505281432557 118.5
0 1 -29.795804548611528 -49.966498841240615 108.5
1 0 66.57790283580484 49.298498345153554 -117.5
1 1 62.53409302417985 45.11545187675965 -108.0
2244
-------------------New----------------
0 0 31.272621406051485 -19.138742927892977 118.5
0 1 30.50476536377363 -17.012975832997935 108.5
1 0 15.491765223471797 35.979821418412065 -117.5
1 1 16.02389464206701 33.52925951001161 -108.0
2246
-------------------New----------------
0 0 -49.800859744488584 64.61082806123912 118.5
0 1 -52.33407600206776 63.65447335136814 108.5
1 0 -109.5969001773645 41.99810932315492 -117.5
1 1 -107.18807481908937 42.909712567494786 -108.0
2251
-------------------New----------------
0 0 0.9296145520330953 34.9726089007997 118.5
0 1 0.900425668295839 32.59806659935847 108.5
1 0 0.23809300345230863 -21.008542038417065 -117.5
1 1 0.2671298331573666 -18.755976562389534 -108.0
2255
-------------------New----------------
0 0 108.14380178114111 -17.834030028115514 118.5
0 1 107.0235380146411 -16.836008877203035 108.5
1 0 81.73603394543665 5.70555515979472 -117.5
1 1 82.79601201942644 4.7564855417216405 -108.0
2279
-------------------New----------------
0 0 61.19788930370936 -77.86844096098481 118.5
0 1 59.04239373633212 -74.62315551627458 108.5
1 0 10.363716072475425 -1.2676287976560785 -117.5
1 1 12.408661166487452 -4.352598701033757 -108.0
2282
-------------------New----------------
0 0 -27.297410515516066 70.9781502552743 118.5
0 1 -23.99032598000787 70.13203933227632 108.5
1 0 50.991966021693585 50.61785875147884 -117.5
1 1 47.82681471183796 51.43480629298419 -108.0
2295
-------------------New----------------
0 0 6.27664935684428 87.97441348954123 118.5
0 1 6.745957553619968 86.59759267892304 108.5
1 0 17.32819708268034 55.61375821077438 -117.5
1 1 16.87143735625849 56.90611353097273 -108.0
2298
-------------------New----------------
0 0 -33.77272320614472 -112.5000989163004 118.5
0 1 -28.46159932029982 -112.71873598880727 108.5
1 0 91.59676310477985 -117.70181265908404 -117.5
1 1 86.54381728730137 -117.49032364365853 -108.0
2299
-------------------New----------------
0 0 -54.77066308236588 -14.006517175804595 118.5
0 1 -56.67253788901762 -12.431261026961222 108.5
1 0 -99.69175837642067 23.13763818923556 -117.5
1 1 -97.88196259998898 21.643362002863263 -108.0
2303
-------------------New----------------
0 0 -81.9436418522648 20.55970876949545 118.5
0 1 -82.76750747865955 17.608372995790738 108.5
1 0 -101.33259162436855 -49.02622569731131 -117.5
1 1 -100.55070568405951 -46.22588777631757 -108.0
2309
-------------------New----------------
0 0 -75.91433179991546 26.83922186001527 118.5
0 1 -72.5314287143393 30.282395090954015 108.5
1 0 3.909326931864561 108.09348320409988 -117.5
1 1 0.6967631712663059 104.82291215119453 -108.0
2318
-------------------New----------------
0 0 33.97842234869568 51.64461489328077 118.5
0 1 30.338253376546408 48.73570939216359 108.5
1 0 -51.946858180402764 -17.003260082307076 -117.5
1 1 -48.48773237153428 -14.2398117150247 -108.0
2331
-------------------New----------------
0 0 -31.37098140481323 -37.90965261296486 118.5
0 1 -26.675443262853257 -39.525499752434996 108.5
1 0 79.44039873086656 -76.07001055554642 -117.5
1 1 74.98137972027538 -74.53190706504081 -108.0
2335
-------------------New----------------
0 0 -5.81549692441274 37.05518039632136 118.5
0 1 -4.779693449919063 39.01114586298172 108.5
1 0 18.63552859627439 83.2321196055391 -117.5
1 1 17.650456584703626 81.37157369265603 -108.0
2336
-------------------New----------------
0 0 106.54550975756437 -19.601961717303364 118.5
0 1 105.97428978115047 -16.39586567277248 108.5
1 0 93.04979578911282 56.077921376195306 -117.5
1 1 93.59327273268956 53.03181143987848 -108.0
2352
-------------------New----------------
0 0 -9.045991481003844 -117.4034396655049 118.5
0 1 -5.765901537121686 -117.79652938764782 108.5
1 0 68.34742795516787 -126.65607995523257 -117.5
1 1 65.23264448397622 -126.28242166599917 -108.0
2354
-------------------New----------------
0 0 17.350883630946797 34.17583282064054 118.5
0 1 11.940448770716158 27.374628762355417 108.5
1 0 -110.20568483269383 -126.23466880549313 -117.5
1 1 -105.03557032144127 -119.7511638954996 -108.0
2355
-------------------New----------------
0 0 -68.90612595059304 -59.449505877833516 118.5
0 1 -69.5278921249158 -58.05603157112639 108.5
1 0 -83.56733770304234 -26.538167124343328 -117.5
1 1 -82.9769960783203 -27.8630080113502 -108.0
2374
-------------------New----------------
0 0 -87.45404125237037 -19.74664725956473 118.5
0 1 -88.67360182050733 -14.671668039545768 108.5
1 0 -116.24827964533343 100.01711207562417 -117.5
1 1 -115.0880277130284 95.1960399737035 -108.0
2380
-------------------New----------------
0 0 -47.233391291052826 0.5173410043049902 118.5
0 1 -48.57393936197296 0.48719773664951704 108.5
1 0 -78.87185114502705 -0.18079002303220287 -117.5
1 1 -77.5977666495884 -0.1526785729166799 -108.0
2383
-------------------New----------------
0 0 68.16104072972495 117.40602325537157 118.5
0 1 64.2459471934513 116.93076503629175 108.5
1 0 -24.224698507374875 106.19607660194637 -117.5
1 1 -20.506165670198794 106.6487673596097 -108.0
2390
-------------------New----------------
0 0 25.285036370540617 33.99320436493758 118.5
0 1 21.588500989522537 33.88923447288427 108.5
1 0 -61.97098268743002 31.569393297231635 -117.5
1 1 -58.45871497319564 31.667253090377397 -108.0
2397
-------------------New----------------
0 0 117.48025545252449 -5.0888324609449525 118.5
0 1 117.71787428401521 -4.692526056249699 108.5
1 0 124.59752578742226 3.351162932844686 -117.5
1 1 124.29711753511216 3.0431308129934043 -108.0
2404
-------------------New----------------
0 0 82.3308894481418 80.21478965896205 118.5
0 1 84.12283611705287 77.80365398140047 108.5
1 0 124.63748681315762 23.323872125829276 -117.5
1 1 122.93372378620306 25.61258795074388 -108.0
2405
-------------------New----------------
0 0 -27.755430357204375 42.89229046004884 118.5
0 1 -25.1502958364996 44.02442861968405 108.5
1 0 33.612665538569416 69.67795038838338 -117.5
1 1 31.14831987669813 68.59051896919381 -108.0
2413
-------------------New----------------
0 0 7.934568782759783 -10.939997100222493 118.5
0 1 3.2006352588188074 -10.539511449964563 108.5
1 0 -103.87542239564803 -1.454820367614097 -117.5
1 1 -99.37504546401246 -1.836907377235842 -108.0
2417
-------------------New----------------
0 0 -10.093546151978687 -43.71606900379154 118.5
0 1 -12.870293687148319 -45.302960315566665 108.5
1 0 -75.52015799364621 -81.19349567443166 -117.5
1 1 -72.89129209166306 -79.68548838398439 -108.0
2421
-------------------New----------------
0 0 58.321908564249405 -6.256411598172429 118.5
0 1 57.68554548808628 -9.587570120545259 108.5
1 0 43.30070531409352 -84.91556641126107 -117.5
1 1 43.904213423471376 -81.74661489524769 -108.0
2426
-------------------New----------------
0 0 -51.433464377796874 67.62922309220798 118.5
0 1 -49.94494513473806 68.98515861574944 108.5
1 0 -16.41645196269591 99.58318428951374 -117.5
1 1 -17.82182969626832 98.29944735333306 -108.0
2431
-------------------New----------------
0 0 64.17296903265989 -42.88487959455837 118.5
0 1 64.8593284471112 -40.67796261541384 108.5
1 0 81.2202171050741 8.8354401897819 -117.5
1 1 80.51506964596771 6.76649920152452 -108.0
2443
-------------------New----------------
0 0 -70.76575410080649 -71.92372151990921 118.5
0 1 -66.63639490007584 -70.45327491708164 108.5
1 0 26.69361905108095 -37.21596175516371 -117.5
1 1 22.7698484573253 -38.61289590616775 -108.0
2459
-------------------New----------------
0 0 43.87385837687121 -34.32317384942233 118.5
0 1 47.03603598098097 -31.882516607710293 108.5
1 0 118.7316493838179 23.117536679875133 -117.5
1 1 115.70590720384719 20.81367382921962 -108.0
2462
-------------------New----------------
0 0 -95.88223032865176 99.19405338415672 118.5
0 1 -96.956366747949 99.12008901399659 108.5
1 0 -121.29228370780689 97.2107123783825 -117.5
1 1 -120.26638284693112 97.29863965532523 -108.0
2468
-------------------New----------------
0 0 57.348238041226125 58.480737118294655 118.5
0 1 56.564560556546645 61.302667075800386 108.5
1 0 38.97995646222371 124.9615916713578 -117.5
1 1 39.7171750970695 122.29129682853818 -108.0
2469
-------------------New----------------
0 0 -98.49614945707036 -76.12629952025215 118.5
0 1 -98.5114826864475 -75.03302857831987 108.5
1 0 -98.85593210771592 -50.31766706553213 -117.5
1 1 -98.84136650952425 -51.35676451177918 -108.0
2471
-------------------New----------------
0 0 -11.75949857292385 99.86091097528589 118.5
0 1 -15.707255218826512 98.9464338971284 108.5
1 0 -104.94255057763834 78.29239253596919 -117.5
1 1 -101.19088267871689 79.16005956824833 -108.0
2480
-------------------New----------------
0 0 -29.294527859818903 -9.583937677767878 118.5
0 1 -23.42284474023972 -8.876902514799344 108.5
1 0 109.2002049023865 7.001144009439491 -117.5
1 1 103.63034397879942 6.334753136780524 -108.0
2481
-------------------New----------------
0 0 86.27490915927179 -22.32571750124128 118.5
0 1 84.89845868532214 -23.667006261846744 108.5
1 0 53.79119897495252 -53.96723251175713 -117.5
1 1 55.09905537320434 -52.693861821568944 -108.0
2489
-------------------New----------------
0 0 -85.32352743599245 -64.24538134296313 118.5
0 1 -83.10458946065846 -65.83886595928047 108.5
1 0 -32.95831775509099 -101.80636177922402 -117.5
1 1 -35.07305097548048 -100.29308484685377 -108.0
2491
-------------------New----------------
0 0 -55.25664475944019 -11.223255925668898 118.5
0 1 -55.47106272742174 -9.434535964468315 108.5
1 0 -60.31854375148625 30.99598505279573 -117.5
1 1 -60.11487356816482 29.296219858089557 -108.0
2498
-------------------New----------------
0 0 27.235298184035024 -95.48628564796365 118.5
0 1 24.58060267063509 -96.63990422376747 108.5
1 0 -35.40134025193802 -122.68179539703831 -117.5
1 1 -32.88108969416388 -121.58820087001081 -108.0
2507
-------------------New----------------
0 0 40.10079005214932 107.1973715567962 118.5
0 1 41.94661154002356 107.05062475918028 108.5
1 0 83.53053566260229 103.73701328289908 -117.5
1 1 81.77937312413707 103.87504170517154 -108.0
2528
-------------------New----------------
0 0 -20.92164377809635 -47.072489103862964 118.5
0 1 -20.9498762394228 -46.59835781711113 108.5
1 0 -21.627229838730717 -35.86967084503853 -117.5
1 1 -21.5996442949072 -36.32006239612601 -108.0
2529
-------------------New----------------
0 0 -42.55996694120569 26.397646799943317 118.5
0 1 -43.602404429755325 28.641902952592453 108.5
1 0 -67.20559914950303 79.40528610267543 -117.5
1 1 -66.21012467894704 77.26782496674089 -108.0
2530
-------------------New----------------
0 0 62.14824346517946 -32.96087977446773 118.5
0 1 59.44587618649234 -36.01051049293814 108.5
1 0 -1.6329312065745334 -105.15223417729189 -117.5
1 1 0.937393330914883 -102.24606038894655 -108.0
2531
-------------------New----------------
0 0 20.74627869487275 9.828391947751475 118.5
0 1 20.216006657362335 14.052950490286145 108.5
1 0 8.10044653657981 110.62639957949712 -117.5
1 1 8.541724292313132 106.54921136768837 -108.0
2539
-------------------New----------------
0 0 -26.72500625146521 -50.904966291570645 118.5
0 1 -26.389824043140845 -49.27792543030989 108.5
1 0 -18.79658280574865 -12.539958278105802 -117.5
1 1 -19.116427911413755 -14.083338132181428 -108.0
2542
-------------------New----------------
0 0 31.140074156544852 26.117540911676976 118.5
0 1 27.600580710547252 25.175370228522617 108.5
1 0 -52.42054473170898 3.945975202026235 -117.5
1 1 -49.05983176243891 4.841526866365924 -108.0
2544
-------------------New----------------
0 0 -50.391585782931955 -27.7111514828437 118.5
0 1 -48.052035573841685 -24.06248327621035 108.5
1 0 4.9054228130660675 58.43307035371704 -117.5
1 1 2.67873694678424 54.96579382777098 -108.0
2552
-------------------New----------------
0 0 26.577472516704365 26.521191089599977 118.5
0 1 27.061819793638414 24.435996445861722 108.5
1 0 38.027707157635184 -22.536887526408385 -117.5
1 1 37.56885320524384 -20.55696981270029 -108.0
2553
-------------------New----------------
0 0 -19.905535641530197 -13.651058960614623 118.5
0 1 -17.362385909033915 -14.746453362679642 108.5
1 0 40.050256973866965 -39.42339878549109 -117.5
1 1 37.63719285941052 -38.39022957189421 -108.0
2570
-------------------New----------------
0 0 36.86681632954004 52.50233831872957 118.5
0 1 39.871617755644564 47.44006936644984 108.5
1 0 107.59444184805406 -66.79451080571776 -117.5
1 1 104.74916281199651 -61.994091671425885 -108.0
2575
-------------------New----------------
0 0 56.56202965400528 -78.33033166726062 118.5
0 1 54.58596128500201 -76.90199404328442 108.5
1 0 9.92578114226615 -44.59591198679831 -117.5
1 1 11.804186577131308 -45.953388266757194 -108.0
2578
-------------------New----------------
0 0 52.731082955948786 -70.29908268974194 118.5
0 1 52.70502083887741 -68.25929721224801 108.5
1 0 52.07653918854735 -22.212258712982038 -117.5
1 1 52.1055049723135 -24.143805403534394 -108.0
2598
-------------------New----------------
0 0 8.760643180498857 91.62166817507133 118.5
0 1 4.483096287767755 90.21616847303329 108.5
1 0 -92.1637074575484 58.469443404115204 -117.5
1 1 -88.10241252159342 59.802158108059395 -108.0
2607
-------------------New----------------
0 0 77.68842467274987 -23.178186245219443 118.5
0 1 75.07794784146678 -22.77068675005587 108.5
1 0 15.476075415553254 -13.672214076569745 -117.5
1 1 17.985619879000097 -14.072399934714744 -108.0
2613
-------------------New----------------
0 0 66.14224685544488 87.341955355744 118.5
0 1 67.23191678725411 87.2608530794122 108.5
1 0 91.91522873699164 85.58862793177875 -117.5
1 1 90.88033791062642 85.65203587696354 -108.0
2618
-------------------New----------------
0 0 33.75380296139126 -22.08555084046695 118.5
0 1 36.062624812400024 -25.216228620252675 108.5
1 0 88.034723333686 -97.09940500519568 -117.5
1 1 85.85260194647273 -94.06835790711212 -108.0
2630
-------------------New----------------
0 0 30.759832284897623 -16.671270020350256 118.5
0 1 30.80601786933724 -18.68302518214734 108.5
1 0 31.82940784343024 -64.08477665778628 -117.5
1 1 31.788994038590676 -62.177037225987206 -108.0
2636
-------------------New----------------
0 0 94.6048353322515 67.174916300702 118.5
0 1 95.42884359277808 64.33357834380999 108.5
1 0 114.18819649160915 0.08410434556042432 -117.5
1 1 113.39673510125263 2.7848986902743813 -108.0
2637
-------------------New----------------
0 0 14.971915729793306 65.30323206168003 118.5
0 1 14.218223564497993 62.809313710424 108.5
1 0 -2.815266649960917 6.407639943438193 -117.5
1 1 -2.1022788378212915 8.780646872742846 -108.0
2648
-------------------New----------------
0 0 -86.18513394694806 -84.31377353073012 118.5
0 1 -84.86498183218097 -84.56512261122836 108.5
1 0 -55.00727930496619 -90.22081834626638 -117.5
1 1 -56.262036877787125 -89.9840191203026 -108.0
2655
-------------------New----------------
0 0 -62.54059641695993 -8.000263133342102 118.5
0 1 -58.99364227875701 -6.006339236767093 108.5
1 0 21.16015587910907 39.02849558463206 -117.5
1 1 17.790147831487836 37.13532071522499 -108.0
2657
-------------------New----------------
0 0 -31.73471151938167 105.60248340486844 118.5
0 1 -34.53147549422485 105.11509627803476 108.5
1 0 -98.19364004026163 95.14226736872678 -117.5
1 1 -95.50740700383648 95.45180083185 -108.0
2664
-------------------New----------------
0 0 -8.529059519139967 117.48266874439655 118.5
0 1 -12.35942628437154 116.88069168904762 108.5
1 0 -98.99559071180138 103.21133871974864 -117.5
1 1 -95.35394581778874 103.78987926481064 -108.0
2665
-------------------New----------------
0 0 -25.22266739912638 -117.57741409009552 118.5
0 1 -20.576549130101338 -117.52121815161085 108.5
1 0 83.91090171354189 -116.36601929507265 -117.5
1 1 79.52987913255006 -116.44075675002837 -108.0
2673
-------------------New----------------
0 0 -41.85245795424744 -7.111653954801598 118.5
0 1 -40.80722025906981 -3.0957596233585165 108.5
1 0 -17.1846946643819 87.6297375635041 -117.5
1 1 -18.17824757551488 83.81745062132107 -108.0
2675
-------------------New----------------
0 0 26.790341171401586 -12.494234280323747 118.5
0 1 29.802791656539398 -12.97635569868549 108.5
1 0 97.7301399055719 -23.82162085511139 -117.5
1 1 94.87452985592294 -23.36496777517294 -108.0
2676
-------------------New----------------
0 0 -8.300973412343815 12.62883322945746 118.5
0 1 -8.849053392852866 9.353656307753658 108.5
1 0 -20.595589761431732 -64.38148602956309 -117.5
1 1 -20.13175896464112 -61.27824003206712 -108.0
2677
-------------------New----------------
0 0 68.54546701722408 -45.7647268757738 118.5
0 1 67.8502717679865 -44.50520921690905 108.5
1 0 52.141305037838876 -16.016687238504364 -117.5
1 1 52.802921289801375 -17.215197527175622 -108.0
2683
-------------------New----------------
0 0 34.030047572668465 -38.34962290829235 118.5
0 1 36.975878529814835 -38.383061239021984 108.5
1 0 103.81812447158207 -39.29244919328272 -117.5
1 1 101.00425230732512 -39.22909518020437 -108.0
2692
-------------------New----------------
0 0 -29.96891936446022 41.64193991416248 118.5
0 1 -28.701958667022677 43.89517789344491 108.5
1 0 0.02711741324496888 94.8487679678362 -117.5
1 1 -1.1813425178698789 92.7051874898507 -108.0
2704
-------------------New----------------
0 0 27.589024678246695 42.2841230176789 118.5
0 1 28.895487951302453 39.751440914329194 108.5
1 0 58.54884126559939 -17.9423544070871 -117.5
1 1 57.308457062916645 -15.509130705170652 -108.0
2711
-------------------New----------------
0 0 17.200833413883394 72.95161689938763 118.5
0 1 16.49128521508371 69.25271345852406 108.5
1 0 0.29812445089230877 -14.382180498298869 -117.5
1 1 0.9813410933225576 -10.86795705028656 -108.0
2712
-------------------New----------------
0 0 67.93415013362812 12.44728816784162 118.5
0 1 67.99877173012985 15.82418388182099 108.5
1 0 69.49475024182772 92.20025562818935 -117.5
1 1 69.43362685428757 88.99104061938989 -108.0
2716
-------------------New----------------
0 0 -30.994872686956608 66.59454075131953 118.5
0 1 -33.338067333132145 65.36243707932309 108.5
1 0 -86.20684248087318 37.533336136230766 -117.5
1 1 -83.97999989208115 38.69916933373433 -108.0
2717
-------------------New----------------
0 0 22.110420394302146 10.987444201884486 118.5
0 1 23.811375517957803 10.42512705950798 108.5
1 0 62.21437673707889 -2.1392041377865425 -117.5
1 1 60.59804233835261 -1.616679520285539 -108.0
2718
-------------------New----------------
0 0 -7.388320380566453 -49.232911465374436 118.5
0 1 -6.631595608260139 -48.64773013559953 108.5
1 0 10.383822074960705 -35.43090969658835 -117.5
1 1 9.67134361620536 -35.9853547332448 -108.0
2724
-------------------New----------------
0 0 -22.982603531955824 -67.51749552831856 118.5
0 1 -18.38942632227981 -64.87576280536702 108.5
1 0 85.41141372949542 -5.172193984479595 -117.5
1 1 81.0475517899589 -7.682585985427329 -108.0
2732
-------------------New----------------
0 0 -101.25835065397652 -63.00034866561536 118.5
0 1 -101.87884409583187 -61.34772719008741 108.5
1 0 -115.87805422262502 -23.99941952192897 -117.5
1 1 -115.29047071815266 -25.56957237576898 -108.0
2733
-------------------New----------------
0 0 -70.09593235061462 31.784064612152463 118.5
0 1 -71.94291415120662 29.07459957287019 108.5
1 0 -113.77303962075989 -32.17903040522047 -117.5
1 1 -112.0084576349278 -29.606565915825957 -108.0
2734
-------------------New----------------
0 0 16.121931149837252 89.28137907620412 118.5
0 1 14.23178804919128 90.3363200507784 108.5
1 0 -28.687816821482073 114.24613044138778 -117.5
1 1 -26.881972681492567 113.2485672203298 -108.0
2750
-------------------New----------------
0 0 60.7060939371416 104.44099884190082 118.5
0 1 58.45435437720259 105.2732162610572 108.5
1 0 7.567725735403263 124.08000083252084 -117.5
1 1 9.704850375056498 123.28962465186082 -108.0
2751
-------------------New----------------
0 0 -12.519877241898277 86.83700928156239 118.5
0 1 -15.323253563429265 86.0533555236444 108.5
1 0 -78.72527670239712 68.2990216600025 -117.5
1 1 -76.0588498865283 69.04764297220093 -108.0
2754
-------------------New----------------
0 0 38.65693017371636 70.1369198915815 118.5
0 1 41.473736817702765 72.46082254455473 108.5
1 0 105.14435072709311 125.00574964537859 -117.5
1 1 102.46683926655558 122.79648444169501 -108.0
2758
-------------------New----------------
0 0 19.07937996448495 103.48085754861772 118.5
0 1 17.020624585036916 102.21416404471111 108.5
1 0 -29.532599414450573 73.50818669440301 -117.5
1 1 -27.563799027629607 74.72819584091306 -108.0
2762
-------------------New----------------
0 0 -61.11833692044049 124.30193772421117 118.5
0 1 -63.0430849507562 124.23219561173391 108.5
1 0 -106.54687443287705 122.64449389091025 -117.5
1 1 -104.71658909966277 122.71028522678162 -108.0
2764
-------------------New----------------
0 0 -7.858555852375687 -5.0042680992340705 118.5
0 1 -7.341233704430833 -4.624112030778142 108.5
1 0 11.103861294906363 -0.46568646371850264 -117.5
1 1 10.019981540924034 -0.44485046289304864 -108.0
2767
-------------------New----------------
0 0 -18.15667349712649 -26.668686831001672 118.5
0 1 -14.99550340880603 -29.111648341811872 108.5
1 0 56.13737531977413 -84.26111099174835 -117.5
1 1 53.14886979547655 -81.94345305087555 -108.0
2777
-------------------New----------------
0 0 68.70443101462985 -30.62203303599556 118.5
0 1 69.89252260088085 -30.524004395913884 108.5
1 0 96.737462972709 -28.368774154727326 -117.5
1 1 95.60957095114574 -28.456656897739983 -108.0
2779
-------------------New----------------
0 0 82.35434944459703 -43.32272899146069 118.5
0 1 79.32389086318065 -42.82288942907524 108.5
1 0 10.80789564999244 -31.513622550572375 -117.5
1 1 13.688976239816375 -31.9891084653862 -108.0
2782
-------------------New----------------
0 0 0.8566656320507754 -58.24513362156588 118.5
0 1 2.3753122776976046 -54.33237206834033 108.5
1 0 36.66064719253233 33.95389148780396 -117.5
1 1 35.22145820956352 30.244843452673507 -108.0
2787
-------------------New----------------
0 0 25.66616787332232 78.24764223496153 118.5
0 1 26.020232231632598 79.42822958660862 108.5
1 0 34.048140456956816 106.20049060779361 -117.5
1 1 33.710973221900595 105.07191412557343 -108.0
2789
-------------------New----------------
0 0 -107.89611199410797 60.356343667713396 118.5
0 1 -108.6751436378134 59.80223632062685 108.5
1 0 -126.495348978942 47.112003612394794 -117.5
1 1 -125.74486603891357 47.64736868418636 -108.0
2794
-------------------New----------------
0 0 4.301563899058338 -51.42269998497933 118.5
0 1 6.108593026643224 -48.78646445093224 108.5
1 0 46.892859167270444 10.825971429019484 -117.5
1 1 45.17507652263971 8.320518686364233 -108.0
2801
-------------------New----------------
0 0 41.61858911300487 -59.133824077742034 118.5
0 1 42.07820344641321 -57.92754365815873 108.5
1 0 52.62940013128932 -31.040244663886625 -117.5
1 1 52.176947678540216 -32.16056124087987 -108.0
2819
-------------------New----------------
0 0 30.1664342570141 96.8988191046532 118.5
0 1 28.796327537358888 97.16926916345912 108.5
1 0 -2.009892955102219 103.34820786875426 -117.5
1 1 -0.724099936641088 103.08407369014944 -108.0
2824
-------------------New----------------
0 0 59.395646224169546 11.029270311994319 118.5
0 1 59.46287398437109 10.706491090502977 108.5
1 0 60.99797625408341 3.4320976638553105 -117.5
1 1 60.93113002087332 3.73795473317492 -108.0
2829
-------------------New----------------
0 0 -10.264725633885861 63.493846631560146 118.5
0 1 -10.124597321816022 60.862288606428855 108.5
1 0 -6.469012649524451 1.4588188355639733 -117.5
1 1 -6.675172174380867 4.004720612365928 -108.0
2832
-------------------New----------------
0 0 -24.296190275927906 -38.29008408203064 118.5
0 1 -24.803242904338617 -37.813988243783584 108.5
1 0 -36.23555691978893 -26.9112617539641 -117.5
1 1 -35.74986323157835 -27.357389713367944 -108.0
2840
-------------------New----------------
0 0 27.035224635398116 -13.116108318537417 118.5
0 1 28.634079138347726 -12.617544096380911 108.5
1 0 64.48851187638913 -1.2396143551527712 -117.5
1 1 62.99049740225386 -1.721495753999995 -108.0
2851
-------------------New----------------
0 0 25.83063055942379 42.922053346271234 118.5
0 1 24.4064997821606 44.2034205571665 108.5
1 0 -7.771886110487692 73.41324724531148 -117.5
1 1 -6.428627653923184 72.17622834734699 -108.0
2852
-------------------New----------------
0 0 37.16488598060092 47.1330693278513 118.5
0 1 34.803410860596124 44.47449916189633 108.5
1 0 -16.899842527728673 -16.691836508263588 -117.5
1 1 -14.75990754394407 -14.113169286349933 -108.0
2853
-------------------New----------------
0 0 -17.664840586763823 40.640417993366285 118.5
0 1 -13.58388852574249 38.60386778774924 108.5
1 0 79.06316750641771 -7.300528494462711 -117.5
1 1 75.16451320803957 -5.384523671399946 -108.0
2857
-------------------New----------------
0 0 -63.47563872559059 7.276387623868688 118.5
0 1 -62.23966342554478 9.406478370119567 108.5
1 0 -34.309033023785645 57.52007702008376 -117.5
1 1 -35.481602000152954 55.498917799845756 -108.0
2858
-------------------New----------------
0 0 46.086028333408564 -5.74416790181155 118.5
0 1 48.22615625596885 -2.8855820368209395 108.5
1 0 96.57930155159656 61.75637087542826 -117.5
1 1 94.54399716016317 59.03755423273566 -108.0
2875
-------------------New----------------
0 0 -80.79559220176927 -86.49433954585056 118.5
0 1 -79.12737955155403 -86.29204575720024 108.5
1 0 -41.42548300566092 -81.70434244219433 -117.5
1 1 -43.01040926915289 -81.89789542767927 -108.0
2889
-------------------New----------------
0 0 10.251117054043297 -56.30503772886152 118.5
0 1 13.873786990082305 -53.57371246562777 108.5
1 0 95.69412998209104 8.160573085832477 -117.5
1 1 92.25493351098885 5.566258208117212 -108.0
2900
-------------------New----------------
0 0 78.80916086803724 -63.570395247623864 118.5
0 1 78.13175459535952 -60.97334397556283 108.5
1 0 62.83281980605913 -2.2742788754454017 -117.5
1 1 63.47490231317818 -4.740523295467055 -108.0
2910
-------------------New----------------
0 0 -16.92665246244785 -104.96008302094734 118.5
0 1 -13.728513143454311 -103.788379472851 108.5
1 0 58.60642136136545 -77.17569536243785 -117.5
1 1 55.558732132393594 -78.29176994653963 -108.0
2914
-------------------New----------------
0 0 -10.139769778011265 -38.35423907898602 118.5
0 1 -14.042059433326227 -36.48647934524435 108.5
1 0 -102.21179924863547 5.720375559902072 -117.5
1 1 -98.50647375952535 3.9457451163232355 -108.0
2921
-------------------New----------------
0 0 -82.57041988995294 -63.58623983009308 118.5
0 1 -83.50772436085461 -64.76066132947592 108.5
1 0 -104.69842681219113 -91.32426065196246 -117.5
1 1 -103.80701985730943 -90.20746301116016 -108.0
2927
-------------------New----------------
0 0 -8.156027798692106 -82.81179058450411 118.5
0 1 -7.532588768601029 -82.16816834095044 108.5
1 0 6.5594455222752455 -67.62357859816476 -117.5
1 1 5.964443133208326 -68.23665993697287 -108.0
2931
-------------------New----------------
0 0 112.47481361412642 69.85651856280097 118.5
0 1 113.10296553426717 70.55874254794435 108.5
1 0 127.28300467564911 86.28582921346762 -117.5
1 1 126.69342157870301 85.62836383541432 -108.0
2936
-------------------New----------------
0 0 43.37789844421114 -68.04521040898199 118.5
0 1 43.72972827705086 -65.4887408217219 108.5
1 0 51.67123262388952 -7.682769005350731 -117.5
1 1 51.336878196628916 -10.11497488537562 -108.0
2939
-------------------New----------------
0 0 36.13087023974546 40.29151528984911 118.5
0 1 35.33185463192314 41.46188855700155 108.5
1 0 17.282560013781413 67.95422637504296 -117.5
1 1 18.042656522208922 66.83874726999922 -108.0
2949
-------------------New----------------
0 0 67.46264416688823 -39.93979976883308 118.5
0 1 66.88780782288102 -34.83827531590764 108.5
1 0 53.80958924476214 80.60025791564375 -117.5
1 1 54.36212870367882 75.74278130667925 -108.0
2950
-------------------New----------------
0 0 34.66627243733 109.2635714227716 118.5
0 1 34.770984763563845 109.6320434567659 108.5
1 0 37.14127898662395 117.95461145570353 -117.5
1 1 37.04139924728163 117.60492917553297 -108.0
2953
-------------------New----------------
0 0 -18.876751918578005 0.6586200532870736 118.5
0 1 -19.290695750383744 -0.42428844372966823 108.5
1 0 -28.68194368518231 -25.184253684115454 -117.5
1 1 -28.2862841027329 -24.146013481302216 -108.0
2964
-------------------New----------------
0 0 32.17951969011571 -25.75376413059796 118.5
0 1 34.7855038150508 -27.871867760735007 108.5
1 0 93.67147102829435 -75.77237479282448 -117.5
1 1 91.19495364793619 -73.755018136014 -108.0
2968
-------------------New----------------
0 0 -9.938808464104728 35.88581054157821 118.5
0 1 -6.058530004640275 37.574499085620204 108.5
1 0 81.7792951181415 75.85667677879273 -117.5
1 1 78.07963518790906 74.24666578825303 -108.0
2975
-------------------New----------------
0 0 -100.88938537075205 28.297842526136044 118.5
0 1 -99.72295839626696 30.165506282910123 108.5
1 0 -72.93205277723699 72.41610505699163 -117.5
1 1 -74.07276293404945 70.6931592884277 -108.0
2979
-------------------New----------------
0 0 -43.99462108708034 -45.027453745456384 118.5
0 1 -46.33222925603594 -47.62989632989716 108.5
1 0 -98.97233371478542 -106.20690337805209 -117.5
1 1 -96.77264318157911 -103.74829138278282 -108.0
3005
-------------------New----------------
0 0 -7.347075014424526 98.46097051043542 118.5
0 1 -11.847682044182285 99.07949273503559 108.5
1 0 -113.14362731974283 112.97120027577009 -117.5
1 1 -108.9354602022191 112.41031944162953 -108.0
3006
-------------------New----------------
0 0 61.645454571545805 54.76235955852351 118.5
0 1 61.746484037732614 49.924556784524775 108.5
1 0 64.04474842564268 -59.338904431254754 -117.5
1 1 63.94791271340987 -54.74776157866531 -108.0
3007
-------------------New----------------
0 0 -68.50608944482283 -93.77029661454426 118.5
0 1 -67.28918354333315 -91.69899391649471 108.5
1 0 -39.803553815333615 -44.86169005706539 -117.5
1 1 -40.95297233269574 -46.826442729654644 -108.0
3008
-------------------New----------------
0 0 47.082636116695646 -115.11683180423361 118.5
0 1 47.025112631372394 -114.72180628815575 108.5
1 0 45.64946971429021 -105.35203960522695 -117.5
1 1 45.7185126519729 -105.75016269709131 -108.0
3030
-------------------New----------------
0 0 68.5330966814868 8.048753507257988 118.5
0 1 68.25824338099217 5.147797166688485 108.5
1 0 62.114451547353745 -60.46483313763938 -117.5
1 1 62.369649735676965 -57.70571838924845 -108.0
3044
-------------------New----------------
0 0 2.979113348500001 46.8380416666118 118.5
0 1 0.09388400143413982 45.35201627847016 108.5
1 0 -64.83070693680752 12.197804034717231 -117.5
1 1 -62.1146277933701 13.611935833573714 -108.0
3046
-------------------New----------------
0 0 -71.96185015304164 34.01943536064198 118.5
0 1 -72.06794197076026 32.36996611070345 108.5
1 0 -74.46193939519513 -4.892418594273016 -117.5
1 1 -74.3613043620193 -3.3270160973690026 -108.0
3057
-------------------New----------------
0 0 54.99379448482964 -67.24137705374248 118.5
0 1 56.99632411943314 -63.2971457047453 108.5
1 0 102.24424999927179 25.819179349974384 -117.5
1 1 100.34107972082003 22.074028138692256 -108.0
3062
-------------------New----------------
0 0 21.301590599319226 50.97442060686967 118.5
0 1 21.542209007719986 51.42897163656282 108.5
1 0 26.991689725641795 61.72165539734716 -117.5
1 1 26.7638736357725 61.289665342110595 -108.0
3069
-------------------New----------------
0 0 26.212805299057777 36.044349381697465 118.5
0 1 28.337676319860275 36.95823710033808 108.5
1 0 76.36297864394483 57.648855838166526 -117.5
1 1 74.34519019426764 56.778488589255765 -108.0
3074
-------------------New----------------
0 0 -22.501359061137308 13.043559014251983 118.5
0 1 -22.76504730890907 8.847902406429649 108.5
1 0 -28.72319038392804 -85.95995873214528 -117.5
1 1 -28.472537445428816 -81.97511502438019 -108.0
3087
-------------------New----------------
0 0 -11.968911688563926 16.05574094058226 118.5
0 1 -7.787853339339894 11.228013603948085 108.5
1 0 86.7133536737824 -97.88562865140489 -117.5
1 1 82.7410276930681 -93.29825360155435 -108.0
3090
-------------------New----------------
0 0 -38.93262380885443 47.37927090252268 118.5
0 1 -35.488860201180266 50.43454695970469 108.5
1 0 42.33963710894384 119.49453725836193 -117.5
1 1 39.0673756241096 116.59231673845537 -108.0
3091
-------------------New----------------
0 0 -2.4758183115298196 -77.59373136393259 118.5
0 1 -3.3722741767151 -74.26731504819352 108.5
1 0 -23.673174907805826 0.9087192434475408 -117.5
1 1 -22.819911585536513 -2.251799116205708 -108.0
3106
-------------------New----------------
0 0 49.46012376231149 7.877964435813427 118.5
0 1 50.47202362313045 5.17259795828661 108.5
1 0 73.36118917747388 -55.992824731069064 -117.5
1 1 72.39895209430719 -53.420709782304925 -108.0
3117
-------------------New----------------
0 0 43.617352757447506 25.04522599673901 118.5
0 1 44.90452697040986 26.388525997785383 108.5
1 0 74.02194158112998 56.752954220264336 -117.5
1 1 72.79717308145841 55.475036713097225 -108.0
3122
-------------------New----------------
0 0 13.37156434994223 -51.697247450228716 118.5
0 1 13.143818249232012 -48.84917219762697 108.5
1 0 7.578871803759448 15.308556336649435 -117.5
1 1 7.828614353049952 12.635629033632203 -108.0
3142
-------------------New----------------
0 0 37.37257936042718 -0.9919296297362308 118.5
0 1 38.51546159950005 2.091197170156847 108.5
1 0 64.32079168900815 71.76115110044505 -117.5
1 1 63.23699844139229 68.83352607475089 -108.0
3145
-------------------New----------------
0 0 -23.718374685771327 -40.789421418926686 118.5
0 1 -24.13391114022788 -42.14937914901815 108.5
1 0 -33.610049550699145 -72.89658607681012 -117.5
1 1 -33.206319294546965 -71.60762094595017 -108.0
3152
-------------------New----------------
0 0 -10.509783477378482 19.54276428889764 118.5
0 1 -9.261145365065037 21.68852641916951 108.5
1 0 18.971053258475248 70.16846166477502 -117.5
1 1 17.78391637040404 68.13096204932164 -108.0
3155
-------------------New----------------
0 0 49.10457413667237 -12.005937525281395 118.5
0 1 49.716944262941496 -10.26661054213614 108.5
1 0 63.431438213783984 28.953977683475056 -117.5
1 1 62.85963877771813 27.303110631096295 -108.0
3170
-------------------New----------------
0 0 -46.68486878298465 -4.5559533960712475 118.5
0 1 -48.351886731818084 -4.797759201050962 108.5
1 0 -86.20326608269421 -10.177305702543926 -117.5
1 1 -84.60061598948062 -9.958997284684681 -108.0
3174
-------------------New----------------
0 0 20.39499493233952 24.68422425479029 118.5
0 1 17.107870041608134 22.803106440969835 108.5
1 0 -57.47940168645475 -20.43329837113479 -117.5
1 1 -54.33542846996811 -18.58721259290153 -108.0
3175
-------------------New----------------
0 0 -53.00093642435519 -78.88461409691082 118.5
0 1 -54.346964601158774 -78.09076746712941 108.5
1 0 -84.81760642113514 -60.03645169172593 -117.5
1 1 -83.54179799612291 -60.797391241322146 -108.0
3195
-------------------New----------------
0 0 -62.173816373455885 26.720952004862692 118.5
0 1 -63.37563507793425 25.077203170628614 108.5
1 0 -90.5280158940125 -12.070857451654012 -117.5
1 1 -89.3868306447332 -10.509638668584413 -108.0
3196
-------------------New----------------
0 0 -2.584335964103379 69.70446924482863 118.5
0 1 -3.2802192295008927 71.98789332275553 108.5
1 0 -19.00075626850098 123.55561160416066 -117.5
1 1 -18.34094946750167 121.38809753739648 -108.0
3200
-------------------New----------------
0 0 50.38943341391389 17.472064079154627 118.5
0 1 50.32545238097043 18.37552966197716 108.5
1 0 48.878134047898655 38.78304297768633 -117.5
1 1 48.93662255155955 37.92627500118057 -108.0
3207
-------------------New----------------
0 0 -7.00626242956279 -72.69503567101998 118.5
0 1 -9.94926603161488 -69.64597923076174 108.5
1 0 -76.46847984591196 -0.7468093239256017 -117.5
1 1 -73.67219586982145 -3.6439293653481464 -108.0
3208
-------------------New----------------
0 0 -18.5356594473489 -22.329923239873985 118.5
0 1 -16.054022985888942 -19.151071713723205 108.5
1 0 40.03223478100498 52.689682493896626 -117.5
1 1 37.67452950320132 49.669901636375656 -108.0
3209
-------------------New----------------
0 0 3.142082247754901 -17.25863446810227 118.5
0 1 1.6218912032069348 -17.58193756697164 108.5
1 0 -32.148927451371954 -24.356415966145704 -117.5
1 1 -30.764633298955744 -24.10078873032972 -108.0
3212
-------------------New----------------
0 0 -83.97595692311002 -2.7490521541641053 118.5
0 1 -81.95505284040946 -1.8527013662698741 108.5
1 0 -36.29317451901518 18.414226564620357 -117.5
1 1 -38.21285364069666 17.562400800131066 -108.0
3214
-------------------New----------------
0 0 -9.835330583497303 -54.904685695186366 118.5
0 1 -9.08181024543878 -53.78268612983048 108.5
1 0 8.13803556692247 -28.488353404338586 -117.5
1 1 7.4049881329720035 -29.55323576066518 -108.0
3216
-------------------New----------------
0 0 -23.405620274232056 113.86401820921544 118.5
0 1 -23.769924636580885 113.5012548963019 108.5
1 0 -31.974059874273998 105.86102580843196 -117.5
1 1 -31.60779163243808 106.19656998251148 -108.0
3221
-------------------New----------------
0 0 116.5361504094237 -18.67145560781457 118.5
0 1 116.39145492025807 -20.364341945561822 108.5
1 0 113.0948720662929 -58.62101771077325 -117.5
1 1 113.23539894474008 -57.01406065935889 -108.0
3223
-------------------New----------------
0 0 -20.052905927986128 -73.65014138814524 118.5
0 1 -23.682370872737597 -75.03978337753645 108.5
1 0 -105.64643478643043 -106.51470540736504 -117.5
1 1 -102.2007047810278 -105.19286627541139 -108.0
3230
-------------------New----------------
0 0 -23.644645634515214 8.729316535057903 118.5
0 1 -23.91646098331553 6.595513582115305 108.5
1 0 -30.006678622119928 -41.6061577865407 -117.5
1 1 -29.751307723187228 -39.580798955093535 -108.0
3235
-------------------New----------------
0 0 -33.522981326526484 -5.5550223420191145 118.5
0 1 -27.718890561557078 -3.068639860599679 108.5
1 0 103.87549102353255 53.445570506345746 -117.5
1 1 98.30254187691953 51.06095565877996 -108.0
3238
-------------------New----------------
0 0 35.038124394236064 22.99347035935255 118.5
0 1 30.511197806480077 23.54229894474478 108.5
1 0 -71.77838192020077 35.91067354669345 -117.5
1 1 -67.47964576936666 35.390622029948595 -108.0
3243
-------------------New----------------
0 0 -99.309810313228 74.56907363671387 118.5
0 1 -100.39355605586148 71.98186563136225 108.5
1 0 -124.9107541952025 13.440308195152785 -117.5
1 1 -123.87920527782441 15.901277029712919 -108.0
3252
-------------------New----------------
0 0 51.84423039746842 -74.73926968784717 118.5
0 1 47.93662557049677 -76.41905008972995 108.5
1 0 -40.35265874793261 -114.34677944802539 -117.5
1 1 -36.640345148626196 -112.75268390882198 -108.0
3266
-------------------New----------------
0 0 56.72239951008031 -30.213778924382325 118.5
0 1 58.23404391968383 -29.76684204940193 108.5
1 0 92.90759027285785 -20.32673387776205 -117.5
1 1 91.43702515608001 -20.69295848528628 -108.0
3277
-------------------New----------------
0 0 -86.59173949751464 42.15560914654681 118.5
0 1 -86.98094963610524 37.07356778857065 108.5
1 0 -95.64732566637352 -77.58241408437338 -117.5
1 1 -95.29314283160832 -72.76753485975786 -108.0
3280
-------------------New----------------
0 0 -77.09157054610372 43.0505663724944 118.5
0 1 -77.17788379260192 41.26438457068898 108.5
1 0 -79.0149963787856 1.2087305646280977 -117.5
1 1 -78.94858735479227 2.8927592582705284 -108.0
3287
-------------------New----------------
0 0 101.72147639348475 -80.30420755894015 118.5
0 1 100.58003690068072 -79.16273384717081 108.5
1 0 74.80744729109776 -53.351527997171104 -117.5
1 1 75.8886201447639 -54.43713214958332 -108.0
3289
-------------------New----------------
0 0 -73.62735890462815 -54.39052260815613 118.5
0 1 -72.45120986237262 -54.72331546130954 108.5
1 0 -45.878289652342204 -62.239591215356505 -117.5
1 1 -46.99611084364169 -61.92374927068901 -108.0
3290
-------------------New----------------
0 0 78.94066720904735 89.87668588995999 118.5
0 1 78.54890281662628 88.94107915462402 108.5
1 0 69.18842258943252 67.50367412860639 -117.5
1 1 69.5630868051575 68.36747115856795 -108.0
3298
-------------------New----------------
0 0 -80.81609562320281 63.8315083115575 118.5
0 1 -79.01760079708352 60.556487082974705 108.5
1 0 -38.272004622783584 -13.481108115877245 -117.5
1 1 -39.99915101859434 -10.368196315955538 -108.0
3302
-------------------New----------------
0 0 -65.67021309110018 -45.677227577707626 118.5
0 1 -64.34367086152974 -42.109430450709574 108.5
1 0 -34.34300510642746 38.521581284841645 -117.5
1 1 -35.60614253006715 35.13116946492922 -108.0
3303
-------------------New----------------
0 0 -45.33361406379551 -8.541782430636001 118.5
0 1 -45.935115275042754 -10.499083039822347 108.5
1 0 -59.63374042205818 -54.59700786200597 -117.5
1 1 -59.05617998883339 -52.74369523493601 -108.0
3307
-------------------New----------------
0 0 108.50840721586516 -11.591816954768637 118.5
0 1 108.07247371083342 -14.484559286137895 108.5
1 0 98.3837259132145 -79.914401078545 -117.5
1 1 98.75813724390234 -77.17343247374527 -108.0
3333
-------------------New----------------
0 0 -61.62916908965015 -34.43841667355266 118.5
0 1 -63.334358626514174 -33.205031910830584 108.5
1 0 -101.85838356248897 -5.334389256784413 -117.5
1 1 -100.23979086028696 -6.5058673635298785 -108.0
3360
-------------------New----------------
0 0 31.98163555301583 4.01731438013929 118.5
0 1 28.489039904018274 0.37383424600523013 108.5
1 0 -50.438407717768825 -81.96440545859258 -117.5
1 1 -47.12280279422229 -78.50513497527426 -108.0
3364
-------------------New----------------
0 0 -1.64627728997285 32.49032402539459 118.5
0 1 -0.6561345526999612 35.451784955558054 108.5
1 0 21.716178552680752 102.38782326619994 -117.5
1 1 20.77575367426525 99.57372176180694 -108.0
3374
-------------------New----------------
0 0 -14.845354109564818 82.54242664860428 118.5
0 1 -14.49069863556 79.9882667269458 108.5
1 0 -6.304353481997088 22.135397146099386 -117.5
1 1 -6.652542810893029 24.57602189928709 -108.0
3376
-------------------New----------------
0 0 -67.98907861598502 5.348106846103743 118.5
0 1 -64.48877439912742 -0.26165252981027864 108.5
1 0 14.646429824187072 -127.05655350060347 -117.5
1 1 11.320518627962556 -121.72603941000402 -108.0
3379
-------------------New----------------
0 0 -55.5192016365351 -34.21259172376868 118.5
0 1 -51.62649825883108 -32.11136856580187 108.5
1 0 35.893502297573086 17.80977869258076 -117.5
1 1 32.23605386181808 15.605502965614923 -108.0
3386
-------------------New----------------
0 0 -3.530275200703266 -106.72280934859309 118.5
0 1 -2.7315558999099765 -105.40150914533653 108.5
1 0 15.227340627501189 -75.65294996779701 -117.5
1 1 14.47104172592331 -76.90452277417421 -108.0
3410
-------------------New----------------
0 0 55.79639907945333 -97.50706178909375 118.5
0 1 57.69367071905746 -98.65590838136686 108.5
1 0 100.59135383100912 -124.62492882934971 -117.5
1 1 98.78787693594987 -123.53392024144496 -108.0
3414
-------------------New----------------
0 0 45.563900574853236 37.702672240473774 118.5
0 1 45.45524842428323 40.10337203122898 108.5
1 0 43.068850176485206 94.34799271504644 -117.5
1 1 43.16455739814826 92.06625478985566 -108.0
3415
-------------------New----------------
0 0 88.35178507704407 21.175174346132017 118.5
0 1 87.58532387634645 17.031674542562257 108.5
1 0 70.28859173609908 -76.62825848388266 -117.5
1 1 71.01462684729671 -72.69145808994985 -108.0
3423
-------------------New----------------
0 0 1.804882448152103 -55.90482022082066 118.5
0 1 0.8809315224843524 -54.17930454222589 108.5
1 0 -20.08927425406808 -15.095587294001513 -117.5
1 1 -19.2079804031385 -16.739121990718676 -108.0
3429
-------------------New----------------
0 0 57.4553938948466 21.79665186647321 118.5
0 1 54.22133910231063 22.257075675411716 108.5
1 0 -19.066525836847198 32.74520115986185 -117.5
1 1 -15.976224437128739 32.3064009529295 -108.0
3432
-------------------New----------------
0 0 -40.577809832180684 -98.69454476152985 118.5
0 1 -40.50853418999897 -98.60566801450516 108.5
1 0 -38.935132536777736 -96.63439992383229 -117.5
1 1 -39.00073677795894 -96.71757079060875 -108.0
3433
-------------------New----------------
0 0 -98.06107114749909 -19.398104954285323 118.5
0 1 -97.38475254509916 -21.837589942081806 108.5
1 0 -82.47224938129781 -77.22146251025464 -117.5
1 1 -83.09267808262717 -74.92257007845478 -108.0
3436
-------------------New----------------
0 0 61.360602211376055 65.14126352468503 118.5
0 1 62.89692033220531 65.72090891863805 108.5
1 0 97.72793276463385 78.9279704014347 -117.5
1 1 96.2636482962217 78.37154579841228 -108.0
3438
-------------------New----------------
0 0 -48.21591328116913 55.45949820719561 118.5
0 1 -49.948195807714896 52.16291490202218 108.5
1 0 -89.04545605703755 -22.312085471501348 -117.5
1 1 -87.39750643504668 -19.181481755268713 -108.0
3440
-------------------New----------------
0 0 13.27586599235293 -28.105207905890985 118.5
0 1 14.087349786282719 -26.318537840888688 108.5
1 0 32.54441567690075 14.22842813399823 -117.5
1 1 31.76461568081269 12.52343349149625 -108.0
3442
-------------------New----------------
0 0 62.67045815679129 62.6124688901068 118.5
0 1 63.91673283757382 60.59178053257985 108.5
1 0 92.03901013569578 15.418986318639654 -117.5
1 1 90.87263923446675 17.295952574211118 -108.0
3445
-------------------New----------------
0 0 -11.15433032787423 24.72572957477991 118.5
0 1 -13.434013086519641 22.53401365468428 108.5
1 0 -64.93355016518233 -26.990651642930438 -117.5
1 1 -62.7693842788765 -24.90880734907266 -108.0
3460
-------------------New----------------
0 0 81.82139185823948 48.9604030005362 118.5
0 1 82.02891565878771 44.897426919864735 108.5
1 0 86.64339158953592 -46.944907430190554 -117.5
1 1 86.45026443235733 -43.084350126452634 -108.0
3463
-------------------New----------------
0 0 32.93438419144664 -57.13520060678193 118.5
0 1 35.35417349482232 -53.501322385965636 108.5
1 0 90.04558841667365 28.63516323870639 -117.5
1 1 87.74822107952482 25.183794130896853 -108.0
3468
-------------------New----------------
0 0 19.00534223192293 -9.443565306279547 118.5
0 1 20.64624851146672 -6.1872355656191 108.5
1 0 58.051827888825166 68.36978853600931 -117.5
1 1 56.45691440262236 65.20843550205872 -108.0
3471
-------------------New----------------
0 0 6.502137211605492 -32.08108288700356 118.5
0 1 4.088688039032158 -33.19377932238338 108.5
1 0 -50.47195847744679 -58.30119465663523 -117.5
1 1 -48.179828308220756 -57.245724244738426 -108.0
3480
-------------------New----------------
0 0 -20.395604717540454 71.96280150232896 118.5
0 1 -15.865108674634836 68.76636191859698 108.5
1 0 86.52838141454764 -3.4792717859837468 -117.5
1 1 82.22431855826767 -0.4424861141873303 -108.0
3481
-------------------New----------------
0 0 36.70540810916899 -25.69882977649782 118.5
0 1 33.45014465726678 -22.23056634338413 108.5
1 0 -40.11887286656926 56.15740931981801 -117.5
1 1 -37.025043812049304 52.86494007341905 -108.0
3488
-------------------New----------------
0 0 -56.17581601951629 77.14626128391424 118.5
0 1 -52.972718750529154 78.86441849738898 108.5
1 0 19.49523937050669 117.67954851320565 -117.5
1 1 16.4602523045576 116.06615822399536 -108.0
3491
-------------------New----------------
0 0 -55.53540436348224 0.46957725730249916 118.5
0 1 -57.183051658425185 1.214831385764368 108.5
1 0 -94.40369118489738 18.063107055810598 -117.5
1 1 -92.83735228503356 17.35569131809431 -108.0
3496
-------------------New----------------
0 0 -102.76914378317049 29.81468868486332 118.5
0 1 -103.73459119107997 32.72727930294247 108.5
1 0 -125.5237216588574 98.57054633046512 -117.5
1 1 -124.60802205655644 95.80049054415394 -108.0
3500
-------------------New----------------
0 0 -11.06881938742202 -7.176639439749435 118.5
0 1 -6.723190918960741 -4.900165409374294 108.5
1 0 91.48315720627987 46.53743515468298 -117.5
1 1 87.35301713442625 44.374380291254845 -108.0
3504
-------------------New----------------
0 0 21.6555467382991 11.524950478272757 118.5
0 1 17.65003926028527 7.09533881131245 108.5
1 0 -72.85761275735739 -93.01843162187438 -117.5
1 1 -69.05238162618922 -88.80867474744858 -108.0
3505
-------------------New----------------
0 0 -85.86266178646655 57.36931477805835 118.5
0 1 -87.5198565292147 54.85448845560178 108.5
1 0 -124.98946804809312 -1.9583218167709215 -117.5
1 1 -123.41063295742954 0.42737444404946123 -108.0
3511
-------------------New----------------
0 0 19.061465035451867 -28.836416548656224 118.5
0 1 20.494892970396865 -26.648420967712603 108.5
1 0 52.88956943065932 22.790518144550603 -117.5
1 1 51.52780034264924 20.71261266202916 -108.0
3515
-------------------New----------------
0 0 12.927095440867362 -59.899946521630284 118.5
0 1 11.625189866692628 -57.138295871394504 108.5
1 0 -17.78207957629845 5.253638370334329 -117.5
1 1 -16.546920028728312 2.6328793787273 -108.0
3525
-------------------New----------------
0 0 63.462511807039164 -100.09927035712921 118.5
0 1 62.71088507336511 -100.68116252505905 108.5
1 0 45.54593382414983 -113.79151163618914 -117.5
1 1 46.272767081065794 -113.23273025105198 -108.0
3527
-------------------New----------------
0 0 -15.33554751982474 31.584062360807174 118.5
0 1 -19.59244809508676 29.083772608816673 108.5
1 0 -115.85742590200043 -27.63959339922626 -117.5
1 1 -111.80881581347833 -25.247337340682556 -108.0
3531
-------------------New----------------
0 0 -72.47402032558061 -14.063134289465859 118.5
0 1 -73.7446172756456 -12.093878916572807 108.5
1 0 -102.43552509007024 32.26799313194909 -117.5
1 1 -101.2379721969723 30.4074279292065 -108.0
3541
-------------------New----------------
0 0 27.833777837019134 -18.99316000063323 118.5
0 1 24.576404515057355 -23.084739463540053 108.5
1 0 -49.02067127301277 -115.54107797329532 -117.5
1 1 -45.92719110236063 -111.65373353165424 -108.0
3547
-------------------New----------------
0 0 50.100898539000774 105.74489469021061 118.5
0 1 50.253394806912425 106.31795251451987 108.5
1 0 53.78404457848052 119.32766142402245 -117.5
1 1 53.63259858708992 118.77680088949542 -108.0
3553
-------------------New----------------
0 0 17.247482329545214 45.5305934331093 118.5
0 1 12.742459164530569 46.00593739019005 108.5
1 0 -88.93610258464875 56.77268036618646 -117.5
1 1 -84.66039233964577 56.32256481981326 -108.0
3560
-------------------New----------------
0 0 -57.93341619904171 22.15508525154249 118.5
0 1 -60.07515909232826 19.181897457404606 108.5
1 0 -108.48252851444552 -48.014842525713284 -117.5
1 1 -106.44692084236219 -45.190292850622214 -108.0
3561
-------------------New----------------
0 0 34.474759993292594 -63.44442998218593 118.5
0 1 30.111478532464577 -59.05666220608087 108.5
1 0 -68.49872484061329 40.10248956734303 -117.5
1 1 -64.35400701120759 35.93445624309691 -108.0
3571
-------------------New----------------
0 0 -16.640852515294792 30.065213503679992 118.5
0 1 -17.129334683251493 24.094213746406073 108.5
1 0 -28.248311704620562 -110.8586563778149 -117.5
1 1 -27.77926475226257 -105.19230203500224 -108.0
3575
-------------------New----------------
0 0 16.676290133481405 120.46346446476575 118.5
0 1 19.845398857771894 119.9660989557531 108.5
1 0 91.45881830688936 108.70961904214937 -117.5
1 1 88.4475060996499 109.18178249331886 -108.0
3594
-------------------New----------------
0 0 -42.81205824790844 46.21308764234121 118.5
0 1 -43.486357728898646 45.675536849683084 108.5
1 0 -58.697200258649204 33.544422428516285 -117.5
1 1 -58.063533961323195 34.05428924979391 -108.0
3607
-------------------New----------------
0 0 -6.333756290222369 84.4457259769069 118.5
0 1 -5.844485468301828 85.71038540028745 108.5
1 0 5.2204496613834195 114.1370950095901 -117.5
1 1 4.748595434975122 112.94569503039425 -108.0
3608
-------------------New----------------
0 0 -19.354225473704126 -115.57115430762819 118.5
0 1 -18.89130449589848 -114.89510767389501 108.5
1 0 -8.506082360922747 -99.12067423109013 -117.5
1 1 -8.951782779331783 -99.84845924963534 -108.0
3611
-------------------New----------------
0 0 -39.933862510899004 34.04623730546718 118.5
0 1 -42.16142232010923 30.979786508760405 108.5
1 0 -92.55847595335902 -38.33318910497678 -117.5
1 1 -90.43340079359214 -35.42445494445346 -108.0
3615
-------------------New----------------
0 0 -79.21697460774375 -35.85419774241508 118.5
0 1 -77.72500793132153 -31.66798772049795 108.5
1 0 -43.92124509422712 62.88593668962697 -117.5
1 1 -45.34353902717352 58.913560255861356 -108.0
3621
-------------------New----------------
0 0 63.24598145692713 -117.85092824804865 118.5
0 1 62.03651557571466 -117.70286569007688 108.5
1 0 34.67125184283337 -114.45423295001567 -117.5
1 1 35.82074031040966 -114.59013183689001 -108.0
3625
-------------------New----------------
0 0 -42.5680842171365 4.598747762484324 118.5
0 1 -44.597879616205354 6.68183500596705 108.5
1 0 -90.38360000266935 53.69636733072978 -117.5
1 1 -88.45482014097718 51.717732017389174 -108.0
3631
-------------------New----------------
0 0 -18.920339252049466 -10.698262040944321 118.5
0 1 -14.429538081875094 -8.34438553160245 108.5
1 0 87.03801919193465 44.84741707146314 -117.5
1 1 82.77349116602724 42.61145769691211 -108.0
3632
-------------------New----------------
0 0 -75.4733335652891 69.99536716780628 118.5
0 1 -75.72695629633151 69.59258515023704 108.5
1 0 -81.49769590513307 60.66285139839367 -117.5
1 1 -81.25906635335483 61.03269374124136 -108.0
3639
-------------------New----------------
0 0 -67.02296713461087 10.175406884425623 118.5
0 1 -63.003331316002075 9.05671229697699 108.5
1 0 28.569443382412185 -16.13470919256095 -117.5
1 1 24.696238726231304 -15.065839779400388 -108.0
3640
-------------------New----------------
0 0 60.04249099880335 87.78948387449311 118.5
0 1 55.379628592408416 87.48086977860378 108.5
1 0 -49.97461650138385 80.42958482375077 -117.5
1 1 -45.5428936651257 80.72658016293366 -108.0
3641
-------------------New----------------
0 0 -31.89242973630214 -50.221020497293445 118.5
0 1 -33.89356052903544 -44.72317367066891 108.5
1 0 -79.10763512735515 79.51656019277468 -117.5
1 1 -77.20783290239608 74.29453019999235 -108.0
3652
-------------------New----------------
0 0 -53.998069872156236 -77.6327125302038 118.5
0 1 -50.88562110207806 -74.46748009253481 108.5
1 0 19.453448397005555 -2.9383543944588353 -117.5
1 1 16.4975222795208 -5.944352401733324 -108.0
3654
-------------------New----------------
0 0 30.543644415082447 -50.97696723489091 118.5
0 1 28.52398536130486 -50.350301083498906 108.5
1 0 -17.12366937899381 -36.132923429092955 -117.5
1 1 -15.204282523309052 -36.73178579885165 -108.0
3660
-------------------New----------------
0 0 -77.01854583607886 31.91491113191549 118.5
0 1 -77.46434470089477 29.907004021307017 108.5
1 0 -87.64610692965574 -15.472305284440798 -117.5
1 1 -87.2046430030472 -13.575964714259849 -108.0
3667
-------------------New----------------
0 0 -45.597500775999904 59.06199520628195 118.5
0 1 -43.94656092336707 61.81130961412013 108.5
1 0 -6.5793105353849715 123.94370525459735 -117.5
1 1 -8.154450074177552 121.33355186780034 -108.0
3668
-------------------New----------------
0 0 4.555048226244414 76.46225821063409 118.5
0 1 6.266323958437071 75.93138499737866 108.5
1 0 44.911296245798276 63.942678766355904 -117.5
1 1 43.28624672527046 64.44986216963576 -108.0
3679
-------------------New----------------
0 0 -12.011094665959538 67.38643039404721 118.5
0 1 -12.502449776327595 64.44678230436084 108.5
1 0 -23.562500267535007 -1.996442078358913 -117.5
1 1 -23.09766251328856 0.7961958702926843 -108.0
3681
-------------------New----------------
0 0 54.5387921611823 -21.50402812424919 118.5
0 1 50.80821469085624 -20.227385992217798 108.5
1 0 -33.52304785919696 8.696246324989179 -117.5
1 1 -29.98222185283987 7.481110750382942 -108.0
3682
-------------------New----------------
0 0 17.60907368008292 68.09288892835195 118.5
0 1 13.207629094086784 63.87242381567709 108.5
1 0 -86.18279767642976 -31.438934434405002 -117.5
1 1 -82.00884323215433 -27.434296646531163 -108.0
3687
-------------------New----------------
0 0 31.897701843703295 43.56421127161934 118.5
0 1 25.309049477732756 46.128526207734495 108.5
1 0 -123.30648178314678 103.77748934390925 -117.5
1 1 -117.05051535499713 101.35396612548982 -108.0
3692
-------------------New----------------
0 0 -24.630086946399366 81.97894706322951 118.5
0 1 -27.099077494578854 83.6839076275896 108.5
1 0 -82.88796450663158 122.14851304255319 -117.5
1 1 -80.54663684840087 120.53545311466948 -108.0
3694
-------------------New----------------
0 0 28.147248893134822 -8.79512158082105 118.5
0 1 24.225802972690495 -10.709129138641737 108.5
1 0 -64.36747277342982 -53.89698319437072 -117.5
1 1 -60.643911703639276 -52.08645551032957 -108.0
3700
-------------------New----------------
0 0 47.299504364279024 23.314011738689832 118.5
0 1 48.84836909637551 24.36344492516589 108.5
1 0 83.84963118499607 48.08242401339773 -117.5
1 1 82.37900146430437 47.08556618265968 -108.0
3723
-------------------New----------------
0 0 68.15891218242788 -10.334534413845969 118.5
0 1 68.41559781322799 -8.147113685818391 108.5
1 0 74.4072677995934 41.00064464654251 -117.5
1 1 74.14996955042635 38.94804093385595 -108.0
3729
-------------------New----------------
0 0 50.333048738763054 27.624147864283316 118.5
0 1 48.73987901452698 31.81527137836094 108.5
1 0 12.778959166467878 126.43815155310952 -117.5
1 1 14.291256666271716 122.46085749160747 -108.0
3730
-------------------New----------------
0 0 -30.78522404777042 25.036760847180105 118.5
0 1 -29.816541759971766 24.86165763984575 108.5
1 0 -7.905766123200546 20.887029019647745 -117.5
1 1 -8.826306369079173 21.05436176184801 -108.0
3736
-------------------New----------------
0 0 21.08948606070198 59.131702344696556 118.5
0 1 24.90257944769897 55.315465886584164 108.5
1 0 111.05697287631551 -30.984545712034162 -117.5
1 1 107.43346303406967 -27.357225075577333 -108.0
3738
-------------------New----------------
0 0 -12.279978399662017 101.23268506149999 118.5
0 1 -10.834940378975876 101.48672275530393 108.5
1 0 21.82912924454853 107.20306580007009 -117.5
1 1 20.454850249828336 106.96574172017611 -108.0
3743
-------------------New----------------
0 0 54.12393584589165 -15.657313388471664 118.5
0 1 54.447460413978284 -11.877509940251377 108.5
1 0 61.72181003426093 73.66140581886384 -117.5
1 1 61.41416217672927 70.0628650340245 -108.0
3745
-------------------New----------------
0 0 -14.844372320580462 43.710156130793436 118.5
0 1 -11.82651486284566 39.059522293241066 108.5
1 0 56.44489408562214 -66.24278833484507 -117.5
1 1 53.5747300382108 -61.81104709238748 -108.0
3748
-------------------New----------------
0 0 -38.870346943403206 4.542174447342665 118.5
0 1 -35.26699106896287 3.088706394758376 108.5
1 0 46.199462235612515 -29.71993243780343 -117.5
1 1 42.77403551151868 -28.340658417748063 -108.0
3749
-------------------New----------------
0 0 -4.451219421950181 24.235769741291353 118.5
0 1 -4.844533522532133 24.68794810468748 108.5
1 0 -13.770732099473069 34.927514803500756 -117.5
1 1 -13.39186563022551 34.498174569460375 -108.0
3753
-------------------New----------------
0 0 57.787984911932256 28.634357678310504 118.5
0 1 60.21849993119362 29.602763933744836 108.5
1 0 115.07634903290045 51.66326803203151 -117.5
1 1 112.7774602191781 50.740845386285315 -108.0
3754
-------------------New----------------
0 0 77.6927290610632 -25.27417044950206 118.5
0 1 75.16337479604587 -18.886294612428554 108.5
1 0 18.026601578636225 125.48287269415195 -117.5
1 1 20.427508182675773 119.41392240545915 -108.0
3755
-------------------New----------------
0 0 -42.56166147726132 115.17805343362309 118.5
0 1 -38.89222375519053 114.50767987620262 108.5
1 0 43.79824301549774 99.62187329801093 -117.5
1 1 40.33810570576767 100.24675655052415 -108.0
3766
-------------------New----------------
0 0 -3.626102757484644 -95.77414437026584 118.5
0 1 -2.613448019103749 -96.72673829583813 108.5
1 0 20.282255444301036 -118.2582830347169 -117.5
1 1 19.321045154071342 -117.35382728180916 -108.0
3778
-------------------New----------------
0 0 -112.83425825861994 -72.780950990882 118.5
0 1 -112.34918862819859 -68.95784909855591 108.5
1 0 -101.37149357148841 17.448050400973095 -117.5
1 1 -101.83280989504621 13.816310057010952 -108.0
3779
-------------------New----------------
0 0 1.116942545634289 -33.45739447487307 118.5
0 1 2.8711110850960346 -31.89933456593248 108.5
1 0 42.54379503882839 3.2072435540354354 -117.5
1 1 40.875747683586496 1.7335901297044143 -108.0
3781
-------------------New----------------
0 0 -7.298063774247718 -77.33541169341063 118.5
0 1 -3.2420341656080405 -76.55357050141994 108.5
1 0 88.39294172165995 -58.88575794475563 -117.5
1 1 84.54133176627326 -59.6281717053919 -108.0
3789
-------------------New----------------
0 0 -45.2430937768408 67.2968774148149 118.5
0 1 -48.668208638450494 63.8211525968526 108.5
1 0 -126.04363697305052 -14.751669509038882 -117.5
1 1 -122.79323865450392 -11.448340922290555 -108.0
3798
-------------------New----------------
0 0 -99.32041080662916 11.1758012474962 118.5
0 1 -98.3311345940236 11.795637616840079 108.5
1 0 -75.98802211873392 25.7876608790448 -117.5
1 1 -76.926775702857 25.199143147056205 -108.0
3805
-------------------New----------------
0 0 -103.81623285181672 55.606825020359295 118.5
0 1 -104.08960605938157 54.58795367076823 108.5
1 0 -110.22346494028996 31.446817361350885 -117.5
1 1 -109.96492698162874 32.42696551848941 -108.0
3807
-------------------New----------------
0 0 -30.669091403605375 22.869527651584086 118.5
0 1 -28.8169089757304 27.059239687846762 108.5
1 0 13.011302109261312 121.77978926388228 -117.5
1 1 11.251559785825862 117.79353643603618 -108.0
3814
-------------------New----------------
0 0 49.76889121885707 0.02613036685412986 118.5
0 1 51.12817249103538 2.1810382754833206 108.5
1 0 81.78310780261529 50.82375987849688 -117.5
1 1 80.49386625167384 48.777254413108764 -108.0
3818
-------------------New----------------
0 0 -42.32424690717562 96.41646442706741 118.5
0 1 -37.844391307426974 96.37821979918726 108.5
1 0 63.43461058268497 95.53825352405137 -117.5
1 1 59.1760617638724 95.57292084989326 -108.0
3822
-------------------New----------------
0 0 -24.243186223918645 6.264071398195509 118.5
0 1 -20.44103527305305 10.398466812117475 108.5
1 0 65.27516031063803 104.2651713721169 -117.5
1 1 61.67395702313901 100.30838193559661 -108.0
3825
-------------------New----------------
0 0 72.04607857137447 22.410675923008164 118.5
0 1 69.60519400166989 26.831856984905716 108.5
1 0 14.47963459691957 126.74380336519512 -117.5
1 1 16.793632340158897 122.54493000436204 -108.0
3826
-------------------New----------------
0 0 -48.87865309240963 -36.4087561953021 118.5
0 1 -49.235990086239084 -38.112077014275954 108.5
1 0 -57.330892654889155 -76.55354586069336 -117.5
1 1 -56.99289523776829 -74.93781505031515 -108.0
3836
-------------------New----------------
0 0 75.44798029136194 -54.428443308080716 118.5
0 1 72.51215338783959 -49.144671999539604 108.5
1 0 6.1288850964087125 70.25917136873694 -117.5
1 1 8.919660945665035 65.24172032105675 -108.0
3837
-------------------New----------------
0 0 -68.48378297851737 -87.27570725594077 118.5
0 1 -66.92703105615611 -88.39265446263936 108.5
1 0 -31.696819722091977 -113.57160809046673 -117.5
1 1 -33.17679595300256 -112.51950618204243 -108.0
3841
-------------------New----------------
0 0 39.119911573958824 19.197604298603892 118.5
0 1 41.26402218439471 22.813502011925088 108.5
1 0 89.71260756379772 104.53825207654998 -117.5
1 1 87.67615200945458 101.10244755600475 -108.0
3844
-------------------New----------------
0 0 -28.31680938925309 -31.5181396723472 118.5
0 1 -29.541846002500314 -32.53932289951596 108.5
1 0 -57.2250178212776 -55.51590439136079 -117.5
1 1 -56.06131999484103 -54.552170843110424 -108.0
3848
-------------------New----------------
0 0 23.092453436161055 -43.518177770824494 118.5
0 1 23.205412392152684 -41.43249926143143 108.5
1 0 25.791409924015845 5.686418959485887 -117.5
1 1 25.68272712042823 3.7053136813258747 -108.0
3856
-------------------New----------------
0 0 6.30356657161693 36.38940966198493 118.5
0 1 2.1387224763211523 31.64230488455046 108.5
1 0 -91.9809935532585 -75.64920238367642 -117.5
1 1 -88.02471244983147 -71.13828357325094 -108.0
3858
-------------------New----------------
0 0 -97.08337093062775 4.298665866997858 118.5
0 1 -96.50055873310438 6.71475825826455 108.5
1 0 -83.31935860662841 61.309578015956774 -117.5
1 1 -83.87366491952845 59.014380456250365 -108.0
3860
-------------------New----------------
0 0 47.33695750124533 24.26458077208796 118.5
0 1 49.90076469246826 23.764414979247455 108.5
1 0 107.88562199087741 12.442759148090495 -117.5
1 1 105.4492781448976 12.922271567814187 -108.0
3865
-------------------New----------------
0 0 -78.10532359391772 -77.83153885760416 118.5
0 1 -79.00393466472003 -76.56223808235058 108.5
1 0 -99.68798254764431 -47.47622022592363 -117.5
1 1 -98.82132939795142 -48.71512263549694 -108.0
3873
-------------------New----------------
0 0 31.245119639613847 31.285889911766816 118.5
0 1 31.21808404167077 27.106874007387027 108.5
1 0 30.61057331060507 -67.32916483269439 -117.5
1 1 30.63656460017802 -63.35974706781609 -108.0
3878
-------------------New----------------
0 0 64.44589662466083 69.92401583067664 118.5
0 1 64.59963255291198 72.37758644192488 108.5
1 0 68.02167290818336 127.81939619063682 -117.5
1 1 67.87654294371978 125.49166469200085 -108.0
3880
-------------------New----------------
0 0 -89.96131463588058 21.78010212308103 118.5
0 1 -87.96373696070702 20.152877146689956 108.5
1 0 -42.85836857686223 -16.648181768413345 -117.5
1 1 -44.755466100909125 -15.100424435521386 -108.0
3892
-------------------New----------------
0 0 83.161370721476 -2.614518032645905 118.5
0 1 83.00581876296124 2.572817257212837 108.5
1 0 79.928076370065 120.7014706234884 -117.5
1 1 80.05710907256902 115.68496995672038 -108.0
3914
-------------------New----------------
0 0 19.777454730320088 31.851994418392053 118.5
0 1 17.15623483398045 25.138024359067916 108.5
1 0 -42.138580159812115 -126.93201910776432 -117.5
1 1 -39.652495223384165 -120.54821571522132 -108.0
3917
-------------------New----------------
0 0 38.56289326497243 104.88790531651848 118.5
0 1 37.360087262768 103.90244345253436 108.5
1 0 10.213020440459909 81.64723643393656 -117.5
1 1 11.354637878270825 82.58351279806813 -108.0
3928
-------------------New----------------
0 0 -24.014575627112865 45.6681628890843 118.5
0 1 -21.247758772640218 45.349836702591986 108.5
1 0 41.279733035501295 38.140508579413456 -117.5
1 1 38.652109136405755 38.444199789711014 -108.0
3934
-------------------New----------------
0 0 -18.557471459868918 64.73935444386255 118.5
0 1 -15.715767237160108 64.56085664916624 108.5
1 0 48.482723697160075 60.55435379839904 -117.5
1 1 45.78652523349035 60.72057483115166 -108.0
3935
-------------------New----------------
0 0 61.672841311414196 -15.489569661652391 118.5
0 1 59.955967629751434 -13.995605152748283 108.5
1 0 21.23777413584381 19.875865141038567 -117.5
1 1 22.8666851925998 18.45178799998224 -108.0
3937
-------------------New----------------
0 0 -68.96041056202165 39.45627154948407 118.5
0 1 -66.14635007914268 41.3539592055958 108.5
1 0 -2.532298744985796 84.31778267298746 -117.5
1 1 -5.205555501142351 82.50912390387732 -108.0
3948
-------------------New----------------
0 0 85.39634222614464 20.489795642504802 118.5
0 1 83.72206032749492 20.875579136817787 108.5
1 0 45.895562331212275 29.56188097121963 -117.5
1 1 47.4858903355217 29.196730579879887 -108.0
3949
-------------------New----------------
0 0 47.27440250944831 70.68867253080727 118.5
0 1 47.13894989516616 67.41050475219905 108.5
1 0 43.870805288426126 -6.5828374729685475 -117.5
1 1 44.01346098110292 -3.468857764157483 -108.0
3951
-------------------New----------------
0 0 -27.70144095242889 -3.85758724621613 118.5
0 1 -26.573515151881264 -7.345867399921755 108.5
1 0 -1.082337722260833 -86.18178063886913 -117.5
1 1 -2.1538724283337203 -82.86787463048532 -108.0
3952
-------------------New----------------
0 0 74.2774659449094 -44.50554376069249 118.5
0 1 71.24648998123284 -41.112422335258984 108.5
1 0 2.8196604321135412 35.86987888349164 -117.5
1 1 5.693862084056724 32.619749124439124 -108.0
3982
-------------------New----------------
0 0 5.436314860910545 9.664023560205381 118.5
0 1 4.975367620591285 9.362776732360476 108.5
1 0 4.7698978351658585 4.756943212900619 -117.5
1 1 4.308471883147004 4.850408903732109 -108.0
3983
-------------------New----------------
0 0 -24.572069465997586 -62.457623771562204 118.5
0 1 -26.60116914741143 -61.563421071693895 108.5
1 0 -72.43179423176795 -41.361669247325366 -117.5
1 1 -70.50743277038725 -42.21083286127288 -108.0
3992
-------------------New----------------
0 0 -56.89056255967313 78.08537191969394 118.5
0 1 -59.799417962990205 79.19026343337234 108.5
1 0 -125.77457829768991 104.10486046241495 -117.5
1 1 -122.96581157644121 103.06469598306224 -108.0
4006
-------------------New----------------
0 0 -82.41980619774637 10.3171703620334 118.5
0 1 -83.83540371227839 8.47853613537156 108.5
1 0 -115.85828418527292 -33.07859287756669 -117.5
1 1 -114.50938565558143 -31.329333114140194 -108.0
4015
-------------------New----------------
0 0 39.86158833808871 -35.50947373083374 118.5
0 1 42.875579511385304 -39.2434861398211 108.5
1 0 110.98915026824682 -123.62807984177547 -117.5
1 1 108.12574798805682 -120.08071273288405 -108.0
4016
-------------------New----------------
0 0 -9.933569424937199 -30.832087549237816 118.5
0 1 -13.669591911966933 -26.894538718709747 108.5
1 0 -97.98776478060334 62.10443580942366 -117.5
1 1 -94.4422820526218 58.364380729936826 -108.0
4021
-------------------New----------------
0 0 -8.216835349058965 -55.67255294621374 118.5
0 1 -11.32495499397356 -58.43958181941482 108.5
1 0 -81.4818738346345 -121.00100069623011 -117.5
1 1 -78.53455946217127 -118.37302237925164 -108.0
4035
-------------------New----------------
0 0 -38.01144815486283 21.653541546726235 118.5
0 1 -36.51584480347023 19.636800784730053 108.5
1 0 -6.0336623340239495 -23.935479642262823 -117.5
1 1 -7.16597834395161 -22.18971637875319 -108.0
4040
-------------------New----------------
0 0 49.86598593822598 -68.24869412195063 118.5
0 1 50.267750903726046 -68.5530108624944 108.5
1 0 59.483885204180545 -75.5089821745488 -117.5
1 1 59.09717720913123 -75.21595871824101 -108.0
4041
-------------------New----------------
0 0 -20.372706982853902 -15.598545109401012 118.5
0 1 -15.780274809320337 -12.788683933292713 108.5
1 0 88.31347157604192 50.78900507497532 -117.5
1 1 83.93573282329704 48.11121638997024 -108.0
4051
-------------------New----------------
0 0 -32.885934165791795 69.62764593755568 118.5
0 1 -35.27612929774099 66.99877803532675 108.5
1 0 -89.46351744507828 7.672900929379641 -117.5
1 1 -87.18421730062894 10.165027817687257 -108.0
4060
-------------------New----------------
0 0 39.44256647231279 29.67582730836127 118.5
0 1 42.11646461067611 30.68749492303754 108.5
1 0 102.63694220497837 53.63657480707464 -117.5
1 1 100.09087019914335 52.67203635634869 -108.0
4064
-------------------New----------------
0 0 105.24534743428565 73.1379682475702 118.5
0 1 104.79046200564474 71.51553335393598 108.5
1 0 94.38847454660778 34.92031811390287 -117.5
1 1 94.83114887315753 36.46115789843127 -108.0
4065
-------------------New----------------
0 0 -72.42679985483035 -65.1017434283889 118.5
0 1 -73.01187838414788 -60.86973746085884 108.5
1 0 -86.23821247994704 34.76175617286289 -117.5
1 1 -85.68178550263067 30.74141068582233 -108.0
4077
-------------------New----------------
0 0 -50.21288353911224 -85.28692081374052 118.5
0 1 -47.612715607463386 -84.708838068523 108.5
1 0 11.143984865329788 -71.65020493546939 -117.5
1 1 8.672851968061632 -72.19891141071483 -108.0
4079
-------------------New----------------
0 0 -69.27027688307487 25.278722550206076 118.5
0 1 -69.65285848531833 28.96718955536923 108.5
1 0 -78.26320929271424 112.56232041818846 -117.5
1 1 -77.90502600996143 109.04577131984543 -108.0
4081
-------------------New----------------
0 0 61.868443002452715 46.182462711514006 118.5
0 1 61.55694862827387 47.97909726529383 108.5
1 0 54.43691556456969 88.4833307675863 -117.5
1 1 54.73906729483531 86.77977329687525 -108.0
4082
-------------------New----------------
0 0 -49.52220383356179 7.919182748012615 118.5
0 1 -44.10798367877138 9.585297026988396 108.5
1 0 78.08709419615423 47.42395460456418 -117.5
1 1 72.9505449185648 45.828173091005084 -108.0
4088
-------------------New----------------
0 0 -16.4487828517262 28.936519245526558 118.5
0 1 -17.791312766722257 31.58202502224305 108.5
1 0 -48.15954067963395 91.36449200799976 -117.5
1 1 -46.88408854914128 88.84919968972196 -108.0
4091
-------------------New----------------
0 0 -77.6539265240994 15.130370847005324 118.5
0 1 -76.1933828669142 9.822831877423605 108.5
1 0 -43.15782081714245 -110.06834126609866 -117.5
1 1 -44.54530212662456 -105.0307240609214 -108.0
4093
-------------------New----------------
0 0 58.95418873254833 21.43243255733073 118.5
0 1 61.54693455947885 24.081018081717875 108.5
1 0 120.33015435291995 83.87032718464684 -117.5
1 1 117.86452753043139 81.35177399511358 -108.0
4100
-------------------New----------------
0 0 20.267731418804303 -64.00855072423465 118.5
0 1 15.191052936007768 -63.591007065805044 108.5
1 0 -99.59284197895917 -54.188407721431794 -117.5
1 1 -94.76671079512772 -54.58268249057467 -108.0
4102
-------------------New----------------
0 0 66.77590420512271 -32.44899654440543 118.5
0 1 63.94115600908823 -27.72817319166441 108.5
1 0 -0.15336100291934365 79.12332149356283 -117.5
1 1 2.5527039189383 74.63437691042992 -108.0
4112
-------------------New----------------
0 0 -68.24635165396096 -33.047907501498926 118.5
0 1 -68.44602666572735 -32.76869094600942 108.5
1 0 -72.98203472564659 -26.462127455722147 -117.5
1 1 -72.79075473614057 -26.72672362332303 -108.0
4116
-------------------New----------------
0 0 -27.44474233649168 63.49787302827051 118.5
0 1 -24.872894902958173 59.52386900821547 108.5
1 0 33.079451188941945 -31.77616844245111 -117.5
1 1 30.6761235433764 -27.927773825621255 -108.0
4123
-------------------New----------------
0 0 -5.360776774169516 52.164505719726854 118.5
0 1 -4.472692301846112 48.203492964754204 108.5
1 0 15.566915052597087 -41.292691826933826 -117.5
1 1 14.72780255752067 -37.528360395617106 -108.0
4130
-------------------New----------------
0 0 -117.47937220669928 -100.2137328082117 118.5
0 1 -117.52194077879047 -99.73513422152828 108.5
1 0 -118.48500046479619 -88.89551279867878 -117.5
1 1 -118.44574030085494 -89.35216984268558 -108.0
4137
-------------------New----------------
0 0 66.68554538807865 -21.569394061816826 118.5
0 1 68.8945864909629 -19.382649051913155 108.5
1 0 118.82332228788657 30.038008870660395 -117.5
1 1 116.7248556759303 27.960404898035563 -108.0
4144
-------------------New----------------
0 0 -50.9493317448922 67.89553590548368 118.5
0 1 -53.40137073198086 67.74221252923579 108.5
1 0 -108.83856264766548 64.26226297938695 -117.5
1 1 -106.50782278120091 64.40887736564919 -108.0
4174
-------------------New----------------
0 0 -33.95586609575482 -48.97250065354863 118.5
0 1 -34.674431109985115 -48.22284004814737 108.5
1 0 -50.93390160270439 -31.27402210010673 -117.5
1 1 -50.2493196753322 -31.986326538695824 -108.0
4177
-------------------New----------------
0 0 65.86417961711034 -11.74494656298787 118.5
0 1 62.37073221470041 -10.923214978250506 108.5
1 0 -18.00291915383594 7.853094462226652 -117.5
1 1 -14.563354654766552 7.049016981369746 -108.0
4178
-------------------New----------------
0 0 26.95589501905573 -55.49406247531224 118.5
0 1 24.883631563890226 -53.3341352923073 108.5
1 0 -21.962495885018306 -4.515563229105387 -117.5
1 1 -19.992628823387683 -6.568793740186594 -108.0
4182
-------------------New----------------
0 0 2.0168772979207326 65.16866728173031 118.5
0 1 2.0252867426137913 61.24917516592427 108.5
1 0 2.2364435315878795 -27.334905092923844 -117.5
1 1 2.226136436896929 -23.611588507975103 -108.0
4187
-------------------New----------------
0 0 40.438136618652536 -43.51448801977135 118.5
0 1 36.35615949361525 -46.13570890205544 108.5
1 0 -55.80472421507517 -105.31235045247558 -117.5
1 1 -51.92759737245029 -102.83107164482954 -108.0
4210
-------------------New----------------
0 0 -28.226544010667176 72.78486717768418 118.5
0 1 -24.33133684857323 70.42014833997659 108.5
1 0 63.67603341880091 17.0309533855686 -117.5
1 1 59.9770270062261 19.2757375276391 -108.0
4212
-------------------New----------------
0 0 62.401219909524706 11.258096546124094 118.5
0 1 61.157156137512835 10.397074619011946 108.5
1 0 33.06387448389371 -9.137798709279302 -117.5
1 1 34.24329744339084 -8.314641611423362 -108.0
4230
-------------------New----------------
0 0 35.538386183341835 8.168274746052276 118.5
0 1 33.63560676798768 13.211451958948455 108.5
1 0 -9.539149098515871 127.07063526033429 -117.5
1 1 -7.723287972451824 122.2809246155391 -108.0
4232
-------------------New----------------
0 0 -78.72449176252312 -5.13420961911274 118.5
0 1 -77.49835342842474 -1.295480507637235 108.5
1 0 -49.7888276831449 85.45397780405918 -117.5
1 1 -50.95441865021466 81.80744084024737 -108.0
4237
-------------------New----------------
0 0 109.86078533521068 -39.340818925875666 118.5
0 1 110.55594750213757 -42.45063431454918 108.5
1 0 126.17839392738433 -112.50087671667566 -117.5
1 1 125.52461954705363 -109.5593681498237 -108.0
4238
-------------------New----------------
0 0 94.53050532376103 28.424436250350617 118.5
0 1 93.36898774796788 24.761968719518432 108.5
1 0 67.3310774250141 -57.92175229273579 -117.5
1 1 68.41781018555129 -54.44247956742252 -108.0
4240
-------------------New----------------
0 0 57.68274561742727 -78.23256902216252 118.5
0 1 58.3160637753101 -79.81092594036754 108.5
1 0 72.82687640503981 -115.44592221805604 -117.5
1 1 72.21635606504816 -113.94940826851435 -108.0
4243
-------------------New----------------
0 0 -34.0841083689665 10.910247459643452 118.5
0 1 -31.41200247598214 14.138582448611364 108.5
1 0 28.992888903757 87.10566433834222 -117.5
1 1 26.45389905443268 84.03881337253549 -108.0
4244
-------------------New----------------
0 0 -31.077275869758193 39.78163554325494 118.5
0 1 -29.23342294824019 41.82170573580892 108.5
1 0 12.492194267668292 87.76702150567854 -117.5
1 1 10.740832869131744 85.84480294691643 -108.0
4250
-------------------New----------------
0 0 -40.09330843687358 63.57673494124374 118.5
0 1 -37.943315209688244 62.230942900349916 108.5
1 0 10.647821506136783 31.80487016405238 -117.5
1 1 8.605111423296615 33.08415143701569 -108.0
4260
-------------------New----------------
0 0 68.51705914262713 41.365155839068436 118.5
0 1 68.61035651784519 43.56208201400992 108.5
1 0 70.73441530366351 93.19748839254436 -117.5
1 1 70.64525535164566 91.11066468675594 -108.0
4264
-------------------New----------------
0 0 25.343336881856413 55.092311164393166 118.5
0 1 26.9552956758547 57.25401431833986 108.5
1 0 63.341474321800874 106.2507464154651 -117.5
1 1 61.809123693028006 104.18394312886912 -108.0
4265
-------------------New----------------
0 0 -1.859007175687762 108.84208147643953 118.5
0 1 -5.132223645625032 108.19722443411106 108.5
1 0 -79.1167663830513 93.58698474104801 -117.5
1 1 -76.00464811325136 94.20439298665688 -108.0
4272
-------------------New----------------
0 0 -54.50644031423131 -24.930522589776025 118.5
0 1 -51.62731185681618 -21.416880053414395 108.5
1 0 12.465318962814095 57.996825406041275 -117.5
1 1 9.743305829302583 54.61827659482238 -108.0
4273
-------------------New----------------
0 0 95.06027333266204 18.35167456101234 118.5
0 1 94.39913178037806 16.757791822211257 108.5
1 0 79.56664348671157 -19.301319348220012 -117.5
1 1 80.18736717063146 -17.788550549117993 -108.0
4274
-------------------New----------------
0 0 -66.6003848885445 110.21611817319305 118.5
0 1 -66.10343368848677 110.15985617617011 108.5
1 0 -54.8922065906297 108.92193699824108 -117.5
1 1 -55.363355142707974 108.97285473017511 -108.0
4280
-------------------New----------------
0 0 -25.012206681535154 -64.31879834791724 118.5
0 1 -27.693563959865855 -60.59125936814441 108.5
1 0 -88.26607877290209 23.665687952296935 -117.5
1 1 -85.71582307090372 20.123883654515623 -108.0
4284
-------------------New----------------
0 0 -62.272135375005085 63.46237658493959 118.5
0 1 -64.10104483663115 64.92474320975411 108.5
1 0 -105.38166425857439 98.12248346134669 -117.5
1 1 -103.64481410141404 96.72671927746708 -108.0
4290
-------------------New----------------
0 0 -67.2485600436178 -42.0524609889496 118.5
0 1 -64.80740872831275 -38.56876108967187 108.5
1 0 -10.62691500738693 39.705771335937165 -117.5
1 1 -12.889514150947013 36.40242086428731 -108.0
4291
-------------------New----------------
0 0 61.35195978157533 69.84574751291676 118.5
0 1 63.882003067263 71.78706469982424 108.5
1 0 121.06157630968809 115.66478802270444 -117.5
1 1 118.65815580467165 113.82002734169698 -108.0
4293
-------------------New----------------
0 0 4.820313112719578 69.03983675251888 118.5
0 1 8.012100148458329 71.08154944208228 108.5
1 0 80.16664659888032 117.22459537436904 -117.5
1 1 77.133678141856 115.28448043206667 -108.0
4295
-------------------New----------------
0 0 -96.3215331163386 -73.32599399403946 118.5
0 1 -96.39813725086915 -70.94763155451116 108.5
1 0 -98.11007560886186 -17.16403299387742 -117.5
1 1 -98.03557126281879 -19.43038504144018 -108.0
4298
-------------------New----------------
0 0 -43.651648582114 42.0040096890222 118.5
0 1 -44.37957235743185 43.01391052124521 108.5
1 0 -60.61730972366519 65.5006124624007 -117.5
1 1 -59.9432454218069 64.55382013855255 -108.0
4300
-------------------New----------------
0 0 25.444639784126288 -43.439805567635084 118.5
0 1 22.2098903522078 -45.47739377463123 108.5
1 0 -50.82356209345629 -91.61110936494788 -117.5
1 1 -47.75993706950878 -89.67137146730832 -108.0
4309
-------------------New----------------
0 0 -57.17586827074622 -98.4107323138209 118.5
0 1 -59.68179831687662 -96.84559858887987 108.5
1 0 -116.18178208438194 -61.607437991529856 -117.5
1 1 -113.80619631781799 -63.08585752545899 -108.0
4313
-------------------New----------------
0 0 70.18497942709467 -14.314073186312067 118.5
0 1 66.8747280099061 -15.949287191032619 108.5
1 0 -7.962235301746316 -52.93238609752488 -117.5
1 1 -4.816371017909525 -51.374465249328864 -108.0
4315
-------------------New----------------
0 0 -30.905946009060887 61.43940224138886 118.5
0 1 -28.524935144424774 59.960025039086645 108.5
1 0 25.291330223816917 26.536305640601864 -117.5
1 1 23.024184743023334 27.935625072214712 -108.0
4320
-------------------New----------------
0 0 22.849289479245144 78.86405423328664 118.5
0 1 20.24369089175736 79.99719432330835 108.5
1 0 -38.60572436678167 105.63600558179353 -117.5
1 1 -36.132811328754556 104.5618779023271 -108.0
4321
-------------------New----------------
0 0 -97.85258632049599 86.62768566571319 118.5
0 1 -96.8887274771855 85.20421971793617 108.5
1 0 -75.4265966738405 53.01203167238466 -117.5
1 1 -76.31991162564599 54.356033906090786 -108.0
4323
-------------------New----------------
0 0 -46.365459792417724 79.24460719770303 118.5
0 1 -46.16894502617312 76.10181675975726 108.5
1 0 -41.72881231690417 5.074676049549129 -117.5
1 1 -41.91515890081149 8.060781529793498 -108.0
4329
-------------------New----------------
0 0 104.03361611953316 55.61405634198236 118.5
0 1 103.96815855717273 56.71336655503596 108.5
1 0 102.37049737380693 81.60364072027853 -117.5
1 1 102.44057735513361 80.55534421630007 -108.0
4338
-------------------New----------------
0 0 28.866289250469286 -20.128526674528644 118.5
0 1 28.790988566361243 -23.869516680324843 108.5
1 0 27.053437634220547 -108.30346093473443 -117.5
1 1 27.12708614950867 -104.75585248262014 -108.0
4347
-------------------New----------------
0 0 56.02172879468723 -15.992721000295631 118.5
0 1 54.72984090555783 -20.128469106612705 108.5
1 0 25.567846950340304 -113.56458171365452 -117.5
1 1 26.79431990237478 -109.63582200588345 -108.0
4359
-------------------New----------------
0 0 -21.223749781951053 51.858686965241205 118.5
0 1 -23.20400237607103 48.01506018054184 108.5
1 0 -67.86449945293259 -38.05623058067138 -117.5
1 1 -65.98815852843282 -34.460318057368866 -108.0
4361
-------------------New----------------
0 0 -37.213395115996434 65.76488990921106 118.5
0 1 -31.770046321140704 66.90825912191809 108.5
1 0 92.15235573432068 92.47952790877143 -117.5
1 1 86.90946251305822 91.38054272995815 -108.0
4372
-------------------New----------------
0 0 9.377122447184759 -65.59335545845104 118.5
0 1 5.601435590587392 -68.18966704744925 108.5
1 0 -79.45814782971766 -126.60310786622112 -117.5
1 1 -75.89267860080449 -124.14199100951907 -108.0
4375
-------------------New----------------
0 0 -65.98448596394438 32.70092126431353 118.5
0 1 -64.32486634977468 33.06681275080766 108.5
1 0 -26.830401380990274 41.33689178283822 -117.5
1 1 -28.406423569694926 40.98896278329478 -108.0
4388
-------------------New----------------
0 0 38.62650695320098 -27.890615389789808 118.5
0 1 41.14225134375537 -26.736860942655603 108.5
1 0 98.12887758320227 -0.714575991161826 -117.5
1 1 95.72814270906494 -1.8039674979041123 -108.0
4396
-------------------New----------------
0 0 13.71571076060145 53.54029626787197 118.5
0 1 8.828003583927966 50.509152740087316 108.5
1 0 -101.68112017617061 -18.010647841666454 -117.5
1 1 -97.03564364625663 -15.13103664941759 -108.0
4404
-------------------New----------------
0 0 72.33893352011332 -10.67012185894053 118.5
0 1 73.5659287907145 -5.515480141160572 108.5
1 0 101.28482332477222 110.98203925034447 -117.5
1 1 100.12029982819715 106.08674664370456 -108.0
4410
-------------------New----------------
0 0 39.87534639090383 44.17521731630201 118.5
0 1 33.94236431490651 44.561888839013875 108.5
1 0 -100.31484918976841 53.35718294952543 -117.5
1 1 -94.67048872433071 52.976988715736034 -108.0
4411
-------------------New----------------
0 0 26.692823635847923 75.15272826877003 118.5
0 1 23.500468970340535 74.33522472611494 108.5
1 0 -48.73591467289857 55.856733580668234 -117.5
1 1 -45.69695548193484 56.63078471840881 -108.0
4417
-------------------New----------------
0 0 -89.66008838417751 79.43280695713466 118.5
0 1 -88.05171378570829 79.45725885651697 108.5
1 0 -51.706237295946366 80.00764920646283 -117.5
1 1 -53.23389155374364 79.98476588232435 -108.0
4428
-------------------New----------------
0 0 0.6409055104205919 -99.8101278657004 118.5
0 1 -2.573503373364755 -100.01183352054194 108.5
1 0 -75.16845852630239 -104.57145355896482 -117.5
1 1 -72.11967518012048 -104.38174634241852 -108.0
4434
-------------------New----------------
0 0 26.94553597175719 94.42948231285756 118.5
0 1 26.356523181786947 93.60714527310445 108.5
1 0 13.00784718316746 74.95660817829705 -117.5
1 1 13.571095277297351 75.74433651650651 -108.0
4437
-------------------New----------------
0 0 32.940175166266 -77.9085224828359 118.5
0 1 36.087849041977734 -74.31468879942624 108.5
1 0 106.95894692086956 7.150193915850622 -117.5
1 1 104.00376047713173 3.7172619310754365 -108.0
4439
-------------------New----------------
0 0 -62.64445073190685 -62.517319093591404 118.5
0 1 -60.525506092777654 -61.76405818791794 108.5
1 0 -13.460547246783761 -44.60904198907721 -117.5
1 1 -15.407462100164514 -45.34298481319339 -108.0
4442
-------------------New----------------
0 0 -41.079769363760214 -34.96850014923509 118.5
0 1 -39.29125366171586 -31.437844553896376 108.5
1 0 1.1206792932011127 48.36137683673179 -117.5
1 1 -0.5780926206716513 45.006466503405 -108.0
4444
-------------------New----------------
0 0 -110.99949188919136 36.914801888761424 118.5
0 1 -111.04849591397708 35.06633348868742 108.5
1 0 -112.11784326723503 -6.71687042017025 -117.5
1 1 -112.07248053914141 -4.960528358469484 -108.0
4446
-------------------New----------------
0 0 -47.750139170638384 102.44782907830623 118.5
0 1 -42.90373455339708 102.95791566149202 108.5
1 0 66.24324032852917 114.48877501590343 -117.5
1 1 61.659369992223255 113.99805938162885 -108.0
4458
-------------------New----------------
0 0 -59.526594341988606 0.006631446664398055 118.5
0 1 -60.11027586462793 4.155512167046115 108.5
1 0 -73.39298207539755 97.82955713954627 -117.5
1 1 -72.8322345862766 93.89106620111235 -108.0
4461
-------------------New----------------
0 0 39.75685258785893 51.845519878158505 118.5
0 1 41.28671657875362 51.73294780716749 108.5
1 0 75.86266799055726 49.1799272679785 -117.5
1 1 74.40846901158474 49.28672213150119 -108.0
4462
-------------------New----------------
0 0 -31.01643350668695 -88.72596378070428 118.5
0 1 -33.95439236972091 -89.42262389108711 108.5
1 0 -100.30220337742958 -105.1757673895302 -117.5
1 1 -97.51444612197773 -104.51193313765418 -108.0
4470
-------------------New----------------
0 0 -57.742740693832346 95.7844180980629 118.5
0 1 -57.232533042338936 95.15559555283333 108.5
1 0 -45.72669180301823 81.02644318683855 -117.5
1 1 -46.21024552996355 81.61821539512594 -108.0
4474
-------------------New----------------
0 0 -24.42591807981116 -94.83794843997964 118.5
0 1 -19.412514573133244 -94.15898747759131 108.5
1 0 93.90968251007067 -78.77062532705904 -117.5
1 1 89.14328184922007 -79.42082227130098 -108.0
4475
-------------------New----------------
0 0 -78.14820869325843 15.801743335532748 118.5
0 1 -80.2333625224048 13.14730148518846 108.5
1 0 -127.26867227181015 -46.74820895976625 -117.5
1 1 -125.29718243717107 -44.23226492861124 -108.0
4517
-------------------New----------------
0 0 6.007342681199121 -11.73187478649427 118.5
0 1 3.9629567332495497 -6.266627964305836 108.5
1 0 -42.28854153206906 117.36428685488886 -117.5
1 1 -40.347213578465976 112.16614361893292 -108.0
4522
-------------------New----------------
0 0 112.03326903614754 2.7835188079103474 118.5
0 1 112.08927938239336 1.6838096373539575 108.5
1 0 113.1600742455091 -23.13594049589493 -117.5
1 1 113.12129692672295 -22.091771054546463 -108.0
4534
-------------------New----------------
0 0 -114.86403134707305 19.531510630587103 118.5
0 1 -115.23842185947703 20.142477304807503 108.5
1 0 -123.7392637447166 34.057025120127875 -117.5
1 1 -123.38094605650755 33.471317343485694 -108.0
4549
-------------------New----------------
0 0 -6.887858281402261 -63.35185771036051 118.5
0 1 -9.555208346017535 -58.88589050352491 108.5
1 0 -69.86484812665029 42.07602816027483 -117.5
1 1 -67.32937746729792 37.83121038328454 -108.0
4554
-------------------New----------------
0 0 -87.29090476537525 29.644635370471605 118.5
0 1 -87.92883953336832 29.07574538577262 108.5
1 0 -102.37566611378068 16.062710603410075 -117.5
1 1 -101.76074051748418 16.61063975147702 -108.0
4556
-------------------New----------------
0 0 -65.68196625854368 5.863642848674262 118.5
0 1 -65.742459247896 5.159323745593808 108.5
1 0 -67.01788594360386 -10.83268577080538 -117.5
1 1 -66.96516223580899 -10.157056820131219 -108.0
4558
-------------------New----------------
0 0 22.892271615925548 27.54707928173729 118.5
0 1 20.91943621803741 31.3650463627258 108.5
1 0 -23.662941579502625 117.74988465371739 -117.5
1 1 -21.790357860928523 114.1175823430477 -108.0
4579
-------------------New----------------
0 0 -83.11443362366457 71.80344385531389 118.5
0 1 -80.3521768083693 71.54505441458812 108.5
1 0 -17.91376579705225 65.69995892424376 -117.5
1 1 -20.53921849740727 65.94472052398271 -108.0
4619
-------------------New----------------
0 0 63.42169015151395 6.0832333545177875 118.5
0 1 59.18354908480317 7.557268343856599 108.5
1 0 -36.60831037320825 40.89429240398286 -117.5
1 1 -32.58166934270762 39.489737470294195 -108.0
4620
-------------------New----------------
0 0 39.09916437346487 -102.16518491051669 118.5
0 1 34.949051274651055 -101.95028990013333 108.5
1 0 -58.84670199139303 -97.09557200524564 -117.5
1 1 -54.90379676395713 -97.29967627304725 -108.0
4625
-------------------New----------------
0 0 -1.3900378756828229 -15.370606138217601 118.5
0 1 -0.19789320783928727 -11.184908750004642 108.5
1 0 26.841695603496134 83.32146405701671 -117.5
1 1 25.687911897796585 79.33655323640696 -108.0
4631
-------------------New----------------
0 0 57.30829188302344 -55.89555364428573 118.5
0 1 53.78127908903135 -54.31896071155349 108.5
1 0 -25.977141913525315 -18.752268504698854 -117.5
1 1 -22.62714445021431 -20.240990490253534 -108.0
4634
-------------------New----------------
0 0 38.83604222941377 -113.97856114619113 118.5
0 1 38.66373764797523 -114.46082547129217 108.5
1 0 34.87883450578959 -125.40983036658744 -117.5
1 1 35.033502619433435 -124.94894911066635 -108.0
4635
-------------------New----------------
0 0 -68.99181600963418 -55.715112696205736 118.5
0 1 -69.64059330541983 -55.996285667360794 108.5
1 0 -84.28932118356059 -62.32491113651853 -117.5
1 1 -83.67566070149388 -62.05836897632597 -108.0
4636
-------------------New----------------
0 0 21.81934089521946 115.4095782859526 118.5
0 1 22.77411826953611 115.53774784145105 108.5
1 0 44.34754042752974 118.44543420194115 -117.5
1 1 43.441118916289675 118.32308174662899 -108.0
4637
-------------------New----------------
0 0 -37.78139850130497 58.51693829715953 118.5
0 1 -32.697373046935304 56.226530359412756 108.5
1 0 82.16781838227146 4.464784743526801 -117.5
1 1 77.34027406292043 6.639931038988083 -108.0
4640
-------------------New----------------
0 0 -54.48047956352902 -45.787979939256616 118.5
0 1 -55.320702921043825 -47.11094841791713 108.5
1 0 -74.38683738505692 -76.83627123047174 -117.5
1 1 -73.58962472592552 -75.58910348276207 -108.0
4645
-------------------New----------------
0 0 30.86016614010672 -100.39301943080966 118.5
0 1 25.553392685763367 -101.47156351901553 108.5
1 0 -94.35104228406173 -125.92933961742445 -117.5
1 1 -89.30804386923701 -124.89449573283385 -108.0
4654
-------------------New----------------
0 0 -75.82905393302772 -107.41086389386169 118.5
0 1 -74.99785011335614 -107.06113909477911 108.5
1 0 -55.27410075103175 -98.31921517003038 -117.5
1 1 -56.099652580807835 -98.73242077677334 -108.0
4656
-------------------New----------------
0 0 -33.07302551850749 100.16777391348339 118.5
0 1 -33.22519351840272 101.30447959642098 108.5
1 0 -36.67059043704778 126.99018524910086 -117.5
1 1 -36.52491641698854 125.90957075301056 -108.0
4666
-------------------New----------------
0 0 19.775223628155732 -35.17183138004522 118.5
0 1 17.080221433099233 -33.49375934201005 108.5
1 0 -43.842036445131214 4.415536625586288 -117.5
1 1 -41.28144865942959 2.8228062393023317 -108.0
4674
-------------------New----------------
0 0 47.074512448589516 -62.01440995749535 118.5
0 1 46.40365743018927 -61.57797954690418 108.5
1 0 31.23243197864557 -51.72785298806482 -117.5
1 1 31.87335508230287 -52.143388330293206 -108.0
4676
-------------------New----------------
0 0 -14.474316948643382 -73.80502727194929 118.5
0 1 -9.815438151182173 -70.52124628187237 108.5
1 0 95.53390280426173 3.7072600516673146 -117.5
1 1 91.10059830428544 0.5831055988790309 -108.0
4682
-------------------New----------------
0 0 88.6763818168752 93.90183335028023 118.5
0 1 89.35754794191529 94.00701155782279 108.5
1 0 105.21046436684261 96.18044965462092 -117.5
1 1 104.51630793754241 96.08554590727152 -108.0
4691
-------------------New----------------
0 0 26.41666202658974 74.29666153753465 118.5
0 1 27.402893714945833 75.66319410569591 108.5
1 0 49.77731066311469 106.44759705039726 -117.5
1 1 48.83487511974263 105.15424531738195 -108.0
4692
-------------------New----------------
0 0 -17.35239156481503 59.965285046772465 118.5
0 1 -16.193152634268493 61.20081044104071 108.5
1 0 9.726211812860155 89.06160578562553 -117.5
1 1 8.633696390626168 87.9062512357896 -108.0
4699
-------------------New----------------
0 0 -9.364170336836454 100.8826800811242 118.5
0 1 -9.54996038792024 101.58459215596886 108.5
1 0 -13.70411945252459 117.36900736696585 -117.5
1 1 -13.528107099541254 116.71026408927223 -108.0
4709
-------------------New----------------
0 0 66.45733804772478 -76.06141737976435 118.5
0 1 63.579606765871844 -74.9808641229292 108.5
1 0 -1.2912951163889645 -50.16068300772707 -117.5
1 1 1.4335172135583107 -51.20462354896258 -108.0
4711
-------------------New----------------
0 0 26.657074520371133 57.413608145034445 118.5
0 1 30.823574046221495 59.094218015140484 108.5
1 0 124.98018129741904 97.07572984004388 -117.5
1 1 121.02244564738763 95.4792354160651 -108.0
4712
-------------------New----------------
0 0 -93.5800244851134 -112.01941333877866 118.5
0 1 -93.38613517448951 -111.19738839398103 108.5
1 0 -89.108360267667 -92.68742241818212 -117.5
1 1 -89.28536886590521 -93.46863130910947 -108.0
4748
-------------------New----------------
0 0 -64.56991817404321 -46.827559333318504 118.5
0 1 -62.27028644454409 -46.56939672555687 108.5
1 0 -10.323645958367235 -40.67450373504623 -117.5
1 1 -12.507620968787423 -40.9215537267652 -108.0
4749
-------------------New----------------
0 0 -76.58535578019318 9.328937465733988 118.5
0 1 -74.24506164794666 4.843143565756 108.5
1 0 -21.60009481670537 -96.89127288007818 -117.5
1 1 -23.808665630066464 -92.58486303951088 -108.0
4751
-------------------New----------------
0 0 22.484065526859563 95.45727719173627 118.5
0 1 19.6187307034955 93.60949185349315 108.5
1 0 -45.12894239851497 51.52142307912311 -117.5
1 1 -42.44022099560712 53.3015390138376 -108.0
4752
-------------------New----------------
0 0 -29.62641070570791 7.275177754737425 118.5
0 1 -31.501950798303135 9.897006963930421 108.5
1 0 -74.02205077537586 69.12414050160632 -117.5
1 1 -72.23134246472051 66.63049734874929 -108.0
4754
-------------------New----------------
0 0 -63.78696345990814 -60.65815326084845 118.5
0 1 -62.57223816483535 -59.624839568299606 108.5
1 0 -35.12413697418231 -36.278581663899004 -117.5
1 1 -36.2775310730233 -37.26009224721922 -108.0
4762
-------------------New----------------
0 0 61.843873330207444 -14.36764628816494 118.5
0 1 61.23528542456967 -15.90040864127925 108.5
1 0 47.56943544280968 -50.56221902923106 -117.5
1 1 48.14126586714469 -49.103428891133234 -108.0
4764
-------------------New----------------
0 0 -78.58564387413324 -82.77194516786507 118.5
0 1 -75.27382460473933 -80.49849689456485 108.5
1 0 -0.44778825986317816 -29.15872887930605 -117.5
1 1 -3.5896952511735334 -31.31491090636549 -108.0
4767
-------------------New----------------
0 0 86.82597349971412 -7.720328028686853 118.5
0 1 87.87418251514494 -4.621883671052115 108.5
1 0 111.5763304794416 65.40257886844248 -117.5
1 1 110.57950706877921 62.45578494885048 -108.0
4770
-------------------New----------------
0 0 -62.73458853694088 63.40936450534099 118.5
0 1 -64.61260351347302 64.01830373809466 108.5
1 0 -107.04460495744522 77.78890023532756 -117.5
1 1 -105.26050405238735 77.20651985765963 -108.0
4775
-------------------New----------------
0 0 41.991314395257156 -90.96851039675255 118.5
0 1 36.19689389614864 -88.74274709350621 108.5
1 0 -94.6260409868761 -38.791153661101916 -117.5
1 1 -89.15173899505267 -40.89563526134262 -108.0
4779
-------------------New----------------
0 0 -13.073417116932394 57.38776802278102 118.5
0 1 -13.107322201054606 54.79771065123481 108.5
1 0 -13.971454498063556 -3.6153030998500135 -117.5
1 1 -13.928191534915266 -1.1543956182729171 -108.0
4784
-------------------New----------------
0 0 112.96975826555031 12.0736815974634 118.5
0 1 112.1942290109944 11.097767693209423 108.5
1 0 94.64611264214629 -11.095784757707792 -117.5
1 1 95.39341201605569 -10.15796666617525 -108.0
4787
-------------------New----------------
0 0 -93.56543040784435 -50.07421870342337 118.5
0 1 -93.7201991754847 -49.082015865939596 108.5
1 0 -97.21617318070022 -26.710361906253315 -117.5
1 1 -97.07020998834155 -27.648548434948204 -108.0
4790
-------------------New----------------
0 0 103.93647059963159 41.767057900391244 118.5
0 1 102.7580744080515 39.72981029686579 108.5
1 0 76.15448015787987 -6.2382570146080685 -117.5
1 1 77.2759704006389 -4.305892519599109 -108.0
4793
-------------------New----------------
0 0 26.447131547164446 -19.312576406127988 118.5
0 1 23.332982997375673 -20.38701843055475 108.5
1 0 -46.88550681169283 -44.68681435458476 -117.5
1 1 -43.94206471028068 -43.66791299638681 -108.0
4794
-------------------New----------------
0 0 -68.16868998605176 -43.57145678691565 118.5
0 1 -69.05512811166207 -44.5961550833115 108.5
1 0 -89.12061572041335 -67.70283301391842 -117.5
1 1 -88.27172411104843 -66.73014754783146 -108.0
4797
-------------------New----------------
0 0 -60.48505115372156 112.57374343881557 118.5
0 1 -57.48826579538074 111.5207753120615 108.5
1 0 10.243285395110581 87.7237967218769 -117.5
1 1 7.3954070173115 88.72380845013522 -108.0
4800
-------------------New----------------
0 0 -20.087379672586945 -9.888731314708803 118.5
0 1 -16.947751112022896 -9.500016722797085 108.5
1 0 53.79822387371282 -2.6102403442026807 -117.5
1 1 50.85443836897254 -2.889752611229475 -108.0
4804
-------------------New----------------
0 0 0.5954857762434058 28.845372142065294 118.5
0 1 4.145917407873841 32.262727022245556 108.5
1 0 84.39048550704611 109.60078920011547 -117.5
1 1 81.01755457924997 106.34387478245826 -108.0
4814
-------------------New----------------
0 0 65.57588413516017 37.17786675471083 118.5
0 1 65.61095499190398 38.53159122260172 108.5
1 0 66.39859402645489 69.12701054230422 -117.5
1 1 66.36570385148168 67.8405710033113 -108.0
4820
-------------------New----------------
0 0 -38.82270411575173 14.691085036230927 118.5
0 1 -37.88472442209868 14.308613055489491 108.5
1 0 -16.726764532958235 5.6245363939520505 -117.5
1 1 -17.614168030453953 5.989654616032967 -108.0
4825
-------------------New----------------
0 0 -85.80361780811312 -47.76667089516841 118.5
0 1 -83.75265038479621 -42.759149477683295 108.5
1 0 -37.3984673208059 70.42912727834904 -117.5
1 1 -39.34461401652028 65.67266829404386 -108.0
4840
-------------------New----------------
0 0 -71.26070141132988 -92.82195501997475 118.5
0 1 -70.50134393428404 -93.63452175170896 108.5
1 0 -53.359405074696056 -112.07657478913293 -117.5
1 1 -54.07900586171263 -111.30105493087254 -108.0
4843
-------------------New----------------
0 0 40.766695694867934 -30.553440731605445 118.5
0 1 42.72459246505122 -32.39730798562103 108.5
1 0 87.12340388112652 -74.19459332914468 -117.5
1 1 85.25528623393993 -72.43473579867313 -108.0
4849
-------------------New----------------
0 0 -39.54473940495202 32.992558459736834 118.5
0 1 -41.24588047475059 32.28814090792211 108.5
1 0 -79.01254485216106 16.67653380417636 -117.5
1 1 -77.44471322073075 17.298168913207668 -108.0
4853
-------------------New----------------
0 0 -95.12641035804688 -24.3177361807631 118.5
0 1 -94.67480006869036 -27.026949233300904 108.5
1 0 -84.4446818681991 -88.28836955053154 -117.5
1 1 -84.87895726232327 -85.70634721606667 -108.0
4854
-------------------New----------------
0 0 64.62654255392225 19.48719050535534 118.5
0 1 67.0099920348105 15.408176787666932 108.5
1 0 121.29371885479861 -77.1547049776653 -117.5
1 1 118.98121635851399 -73.24942730668648 -108.0
4856
-------------------New----------------
0 0 92.48074350260168 69.1442095097693 118.5
0 1 92.06021533988707 67.85536014274115 108.5
1 0 82.58828688148886 38.718066992258414 -117.5
1 1 82.98378167609278 39.94153333892183 -108.0
4861
-------------------New----------------
0 0 89.44749615549469 -0.9416635911722949 118.5
0 1 88.3680291676341 0.8741765994893115 108.5
1 0 63.66034987056541 41.89834105896692 -117.5
1 1 64.71041780292141 40.169907851545425 -108.0
4877
-------------------New----------------
0 0 -29.062114033234145 -54.2545846976012 118.5
0 1 -30.48623212372134 -52.31489039334612 108.5
1 0 -62.67143420965484 -8.47087843058247 -117.5
1 1 -61.31792011858263 -10.314586273157385 -108.0
4883
-------------------New----------------
0 0 89.6848491847156 -57.81374422694432 118.5
0 1 89.65397239239266 -55.202312772585856 108.5
1 0 89.0008790219822 3.771084678789328 -117.5
1 1 89.0256910302174 1.2934559339767748 -108.0
4891
-------------------New----------------
0 0 24.529136727430092 -16.677902324900707 118.5
0 1 20.514579585976513 -14.474966031453874 108.5
1 0 -70.2522457764952 35.268642450749326 -117.5
1 1 -66.43175604147642 33.17695226799543 -108.0
4893
-------------------New----------------
0 0 -6.670740908480056 23.4357303536126 118.5
0 1 -4.763761849408833 24.907489302728422 108.5
1 0 38.33771143897764 58.17378019411918 -117.5
1 1 36.526648690014625 56.774871302132944 -108.0
4911
-------------------New----------------
0 0 52.34803001278833 -67.1154142606033 118.5
0 1 52.19949700537999 -67.4542797320403 108.5
1 0 48.829911396732776 -75.14631418623128 -117.5
1 1 48.969532888249134 -74.82377278702027 -108.0
4919
-------------------New----------------
0 0 39.219112752429474 15.750969936006863 118.5
0 1 40.66082404396038 10.257413749800586 108.5
1 0 73.37822567081226 -114.20517447576772 -117.5
1 1 72.02929424554412 -109.1096179093516 -108.0
4920
-------------------New----------------
0 0 -15.85028305969676 107.97947955360867 118.5
0 1 -14.047398896548486 106.97594803262662 108.5
1 0 26.63353335794967 84.28933460588237 -117.5
1 1 24.925541849563523 85.24009170448959 -108.0
4922
-------------------New----------------
0 0 -20.991205738852855 -99.54797632844055 118.5
0 1 -19.089662274629983 -99.07737804881664 108.5
1 0 23.932749883790077 -88.49240583573481 -117.5
1 1 22.124145608208813 -88.93641905204672 -108.0
4925
-------------------New----------------
0 0 82.95179617708916 -25.707259192094632 118.5
0 1 81.63282788678207 -22.840278661192265 108.5
1 0 51.808033330531316 41.9752970288458 -117.5
1 1 53.061496636493544 39.24881259101936 -108.0
4926
-------------------New----------------
0 0 8.387017689000439 12.163792772492698 118.5
0 1 13.126841086056825 7.508808796268883 108.5
1 0 119.44268483020804 -97.43979532040599 -117.5
1 1 115.00050459413335 -93.01520800045373 -108.0
4942
-------------------New----------------
0 0 26.472617588217172 -99.789062211884 118.5
0 1 29.23583029284658 -99.78913588328116 108.5
1 0 91.70160320192034 -99.80244274248511 -117.5
1 1 89.07487211805525 -99.80113396671649 -108.0
4946
-------------------New----------------
0 0 -59.015047561180644 -33.786875024490726 118.5
0 1 -54.49413995420432 -33.49694206056337 108.5
1 0 47.64390600035095 -26.842188814689177 -117.5
1 1 43.34643537039532 -27.12392706651996 -108.0
4956
-------------------New----------------
0 0 -42.74483858312332 -3.3676541378934255 118.5
0 1 -44.66493632665429 -2.750032233292065 108.5
1 0 -88.06439248982576 11.212169951257035 -117.5
1 1 -86.23985865162291 10.625113547856973 -108.0
4961
-------------------New----------------
0 0 -5.283778629749028 -1.2130887781889665 118.5
0 1 -0.6573189607539618 2.9283514522671386 108.5
1 0 103.89422155053782 96.52816028726932 -117.5
1 1 99.50064388197418 92.59276859432981 -108.0
4967
-------------------New----------------
0 0 91.63872899185444 7.345622598608029 118.5
0 1 90.13992612759888 7.017075126359389 108.5
1 0 56.271102211295386 -0.3987270619346016 -117.5
1 1 57.69282838809876 -0.08619642262863891 -108.0
4969
-------------------New----------------
0 0 32.459764189491686 77.82854964825728 118.5
0 1 36.01489433745384 76.7845119384846 108.5
1 0 116.38183554040305 53.14073641080809 -117.5
1 1 113.00538264590269 54.137099520423305 -108.0
4977
-------------------New----------------
0 0 37.30779878687951 -43.765045138073454 118.5
0 1 40.079193097548156 -43.815364811704 108.5
1 0 102.4821004393425 -44.833012231629496 -117.5
1 1 99.86350897892004 -44.78951364115373 -108.0
4980
-------------------New----------------
0 0 -83.53147419481971 21.869984826931706 118.5
0 1 -85.04828376669879 26.361502467240154 108.5
1 0 -119.37703841325545 127.84604775507921 -117.5
1 1 -117.93477334351412 123.58169206032203 -108.0
4995
-------------------New----------------
0 0 46.677292544333625 66.45136122861759 118.5
0 1 48.796411488273506 68.39512470736199 108.5
1 0 96.85397391172584 112.42233320526137 -117.5
1 1 94.83071280149866 110.57065764411473 -108.0
4996
-------------------New----------------
0 0 -32.290849280853294 82.67108976170094 118.5
0 1 -27.216979371736006 80.34298734863286 108.5
1 0 87.4617375540151 27.715938739702644 -117.5
1 1 82.63332129739555 29.927736419234485 -108.0
4999
-------------------New----------------
0 0 90.17814880160803 49.45335775897035 118.5
0 1 90.94543609400156 48.10379599244699 108.5
1 0 108.4595720758036 17.929079959808835 -117.5
1 1 107.73104061843836 19.138502462723622 -108.0
5004
-------------------New----------------
0 0 32.709513908163714 -46.60747404977803 118.5
0 1 35.824390597367014 -47.30783715794418 108.5
1 0 106.22752901099962 -63.20928019550398 -117.5
1 1 103.27112589360095 -62.534820613544454 -108.0
5022
-------------------New----------------
0 0 51.34902388430762 -33.10964764114041 118.5
0 1 49.664304671851184 -33.0091814105785 108.5
1 0 11.564696620383003 -31.033798703506477 -117.5
1 1 13.164102007020375 -31.093697842182905 -108.0
5038
-------------------New----------------
0 0 -10.141680496867892 19.352454838783842 118.5
0 1 -9.002239642624046 17.85399463903985 108.5
1 0 16.907798269789673 -16.785613901969615 -117.5
1 1 15.81444488212534 -15.294808052566093 -108.0
5052
-------------------New----------------
0 0 56.04202304885938 58.01548176062825 118.5
0 1 52.71940829665148 60.84018300152993 108.5
1 0 -22.372098086025666 124.66955137261559 -117.5
1 1 -19.216004004312573 121.98718248939181 -108.0
5060
-------------------New----------------
0 0 15.153735444228058 -95.77005706198679 118.5
0 1 12.506935641459666 -95.19014928747951 108.5
1 0 -47.302501519595516 -82.08382438438028 -117.5
1 1 -44.78833510281275 -82.63477847840821 -108.0
5087
-------------------New----------------
0 0 37.956945207119816 -17.921184488054912 118.5
0 1 36.69386881713876 -17.063380887510384 108.5
1 0 7.936010312544563 2.3612356505584873 -117.5
1 1 9.154438254632598 1.5410771866593511 -108.0
5091
-------------------New----------------
0 0 55.33758986958965 -27.199524854123716 118.5
0 1 57.80370290673794 -30.836476876572767 108.5
1 0 113.54334050900897 -112.98753659894876 -117.5
1 1 111.2005665993701 -109.53652806567095 -108.0
5093
-------------------New----------------
0 0 63.58082407022821 -10.751699667423072 118.5
0 1 59.39258111605824 -6.384771690956732 108.5
1 0 -35.19956056641938 92.29281463075912 -117.5
1 1 -31.246017654793764 88.14694289620532 -108.0
5103
-------------------New----------------
0 0 -89.0838330022739 18.4319944467273 118.5
0 1 -89.20546037185 19.00948903375801 108.5
1 0 -91.957064631128 32.03198097103182 -117.5
1 1 -91.84077435697604 31.485052621079593 -108.0
5104
-------------------New----------------
0 0 -10.213575770377131 102.93720383798106 118.5
0 1 -12.886760924362545 101.14533093838602 108.5
1 0 -73.77690361166276 60.66561659567445 -117.5
1 1 -71.21935549430353 62.35615271563686 -108.0
5108
-------------------New----------------
0 0 73.46636613255023 53.138323230737946 118.5
0 1 74.44974203571664 48.99447733836685 108.5
1 0 96.67826143691258 -44.65791652502217 -117.5
1 1 95.74386377493673 -40.720998526428545 -108.0
5112
-------------------New----------------
0 0 -30.343891541942277 -100.11145017508494 118.5
0 1 -30.805791492530005 -99.56004932713407 108.5
1 0 -41.243305129378975 -87.14391976452049 -117.5
1 1 -40.804284631669276 -87.6647709215574 -108.0
5116
-------------------New----------------
0 0 40.282713009898465 -13.202076834113203 118.5
0 1 41.04967316266878 -16.08809996258142 108.5
1 0 58.285162335491144 -81.28592441105667 -117.5
1 1 57.56000466946587 -78.54556602745383 -108.0
5121
-------------------New----------------
0 0 -81.04866926937328 48.05828932203516 118.5
0 1 -80.3328543075783 47.68915397596319 108.5
1 0 -64.2030525709036 39.48750660075662 -117.5
1 1 -64.8885002318356 39.81960475531193 -108.0
5138
-------------------New----------------
0 0 94.83748671577715 -56.109842429596895 118.5
0 1 93.94863750759 -56.47978462469833 108.5
1 0 73.88922558958068 -64.81559017677164 -117.5
1 1 74.73307619125379 -64.47121512265551 -108.0
5139
-------------------New----------------
0 0 -15.64343567730214 -56.77146849983551 118.5
0 1 -14.978117032674396 -55.9811155833374 108.5
1 0 0.17771047040979218 -38.11560114263311 -117.5
1 1 -0.46109883198518026 -38.86891272968164 -108.0
5148
-------------------New----------------
0 0 82.11297829113019 6.572617579472644 118.5
0 1 79.0975952844785 5.713012966589888 108.5
1 0 10.927967659722968 -13.769328937910936 -117.5
1 1 13.790495702385247 -12.949794593838709 -108.0
5150
-------------------New----------------
0 0 -40.87656938467032 -59.05982632207474 118.5
0 1 -37.1239206764737 -57.88889736909381 108.5
1 0 47.73927525317503 -31.414120537404507 -117.5
1 1 44.16904118598178 -32.528972906773596 -108.0
5156
-------------------New----------------
0 0 -67.28534923197336 -23.99283442108609 118.5
0 1 -68.02816803713998 -26.834863047573702 108.5
1 0 -84.83877829653443 -90.9998354425909 -117.5
1 1 -84.13164551618912 -88.30406606014749 -108.0
5157
-------------------New----------------
0 0 12.17958262860295 -25.009479101655486 118.5
0 1 12.357956659270993 -25.30391131798435 108.5
1 0 16.341655624730254 -31.99640271086061 -117.5
1 1 16.174114738830163 -31.714007931401206 -108.0
5169
-------------------New----------------
0 0 -68.99927210276219 -42.59710021729919 118.5
0 1 -65.30716970239588 -43.11682730870872 108.5
1 0 18.120076678765596 -54.848985868229136 -117.5
1 1 14.613750313859473 -54.35559807037665 -108.0
5172
-------------------New----------------
0 0 79.97190624236345 0.5402194469617598 118.5
0 1 80.05763839905357 -3.579561348037598 108.5
1 0 81.9011422833377 -96.83086789330407 -117.5
1 1 81.83059660363838 -92.90838216115218 -108.0
5179
-------------------New----------------
0 0 36.98304123113009 -59.59576079640256 118.5
0 1 36.0647686959225 -60.92385419953357 108.5
1 0 15.282361849352489 -90.86075447673223 -117.5
1 1 16.157719082519897 -89.60900434241323 -108.0
5180
-------------------New----------------
0 0 19.114876140448153 37.157918995742925 118.5
0 1 17.49237139240074 38.35442867794656 108.5
1 0 -19.112227272844343 65.36685083077934 -117.5
1 1 -17.573213732912983 64.23100227385359 -108.0
5189
-------------------New----------------
0 0 -27.881836895398955 -13.354396668898465 118.5
0 1 -27.35401506930821 -11.056253377715642 108.5
1 0 -15.394201203030988 40.88750875572879 -117.5
1 1 -15.897332428756519 38.70360117213364 -108.0
5192
-------------------New----------------
0 0 -74.65129604730723 -44.870053230285265 118.5
0 1 -74.66206689216348 -42.45541415567799 108.5
1 0 -74.89754489643319 12.141996429344362 -117.5
1 1 -74.89032567866535 9.847117103320597 -108.0
5194
-------------------New----------------
0 0 -12.536696348548519 85.22460948457194 118.5
0 1 -17.047234807551224 86.83147974480917 108.5
1 0 -119.0884487081945 122.82951241099902 -117.5
1 1 -114.8018992808139 121.33159727400114 -108.0
5200
-------------------New----------------
0 0 -51.67160631344524 43.72548385570027 118.5
0 1 -52.51084751431243 44.12857798359096 108.5
1 0 -71.5444840606613 53.194032710191095 -117.5
1 1 -70.73915435338874 52.81506112380369 -108.0
5219
-------------------New----------------
0 0 7.76635619179401 98.70059745842741 118.5
0 1 4.794018524070767 99.68204340118805 108.5
1 0 -63.464749023597655 121.74449163898987 -117.5
1 1 -60.573127406670395 120.8578192111996 -108.0
5223
-------------------New----------------
0 0 69.30827502545135 36.36149517037897 118.5
0 1 68.83927134422606 39.69935449019479 108.5
1 0 58.239890313589264 115.2556343643065 -117.5
1 1 58.686123655024645 112.0732758778123 -108.0
5238
-------------------New----------------
0 0 -3.0417171283976705 15.66463831892944 118.5
0 1 1.5273089880403945 15.24113990564526 108.5
1 0 104.82652446077796 5.690780577926166 -117.5
1 1 100.48048388441103 6.091273838107882 -108.0
5240
-------------------New----------------
0 0 7.229008255718648 35.48597163071945 118.5
0 1 4.916225951344996 34.99793276922071 108.5
1 0 -47.2769939060831 23.968222020867415 -117.5
1 1 -45.083355378735135 24.42672272783678 -108.0
5241
-------------------New----------------
0 0 -15.192132134595738 6.159807024763621 118.5
0 1 -16.599728284938692 5.42775414533575 108.5
1 0 -47.785678032239005 -11.707230987452053 -117.5
1 1 -46.505066237660934 -10.960659238699035 -108.0
5246
-------------------New----------------
0 0 91.06713077166289 57.41285372240376 118.5
0 1 90.877628079473 55.195514389057585 108.5
1 0 86.66427748486673 4.932527203903221 -117.5
1 1 86.84850801250951 7.047268591986452 -108.0
5248
-------------------New----------------
0 0 68.27856334833672 91.05113962395986 118.5
0 1 64.08762958973904 89.30021016109797 108.5
1 0 -30.632937627821473 49.74160476774817 -117.5
1 1 -26.6514231802219 51.404203197458386 -108.0
5250
-------------------New----------------
0 0 -71.4215441402043 31.16521719859523 118.5
0 1 -70.44279304623213 32.794922347494584 108.5
1 0 -48.355771408045385 69.66892023679198 -117.5
1 1 -49.28208962315094 68.11792044284005 -108.0
5256
-------------------New----------------
0 0 -21.26868147256895 21.62439403442432 118.5
0 1 -16.87945044772807 18.51327718178555 108.5
1 0 82.34840008901301 -51.83608973672656 -117.5
1 1 78.17841385759385 -48.87733989709129 -108.0
5263
-------------------New----------------
0 0 94.93108876925207 20.818330614181676 118.5
0 1 94.2530219918426 23.141574731351938 108.5
1 0 78.84101309641389 75.57875471757322 -117.5
1 1 79.4923171711697 73.37748054862433 -108.0
5277
-------------------New----------------
0 0 85.44110224439177 -48.688335641195664 118.5
0 1 82.63081994112233 -49.794004053735705 108.5
1 0 19.096236649489956 -74.79784371631249 -117.5
1 1 21.76772347344654 -73.74668313188619 -108.0
5280
-------------------New----------------
0 0 -79.73783462960586 -73.60390959730145 118.5
0 1 -77.22572037738863 -72.17286900278475 108.5
1 0 -20.51049465245096 -39.83295967061482 -117.5
1 1 -22.891493781640584 -41.19080272293232 -108.0
5285
-------------------New----------------
0 0 103.95306293824788 18.326931723939065 118.5
0 1 102.40104192408985 17.05637620852418 108.5
1 0 67.34827519341584 -11.655372673246614 -117.5
1 1 68.82071041289258 -10.448542169794077 -108.0
5298
-------------------New----------------
0 0 -28.536671717553666 95.47766443387619 118.5
0 1 -24.81100427702372 94.6043514178894 108.5
1 0 59.3620046169119 74.85328439197819 -117.5
1 1 55.82627541117925 75.68414842409084 -108.0
5313
-------------------New----------------
0 0 19.968042815523738 -22.661604658671394 118.5
0 1 20.829622229227454 -21.700373835059473 108.5
1 0 40.33322251704307 0.10985514280260578 -117.5
1 1 39.522129123247765 -0.7995822053855818 -108.0
5316
-------------------New----------------
0 0 -60.47558167404908 1.8799550137372076 118.5
0 1 -62.42678241108423 -0.5261137254281922 108.5
1 0 -106.51922605011748 -54.91319916391363 -117.5
1 1 -104.66520396019436 -52.62639413671186 -108.0
5318
-------------------New----------------
0 0 -108.09765317620284 -59.923474718652265 118.5
0 1 -107.66141700253857 -60.628659264302236 108.5
1 0 -97.96821536995976 -76.63184098437225 -117.5
1 1 -98.38573962716463 -75.97175283785913 -108.0
5329
-------------------New----------------
0 0 -55.90328382034113 -36.91642392614625 118.5
0 1 -57.50757226883972 -39.72274711477848 108.5
1 0 -94.03642974127351 -103.14365367680816 -117.5
1 1 -92.48915066365603 -100.47241448174304 -108.0
5332
-------------------New----------------
0 0 -32.16199493616391 -34.85929635857492 118.5
0 1 -30.373730690804933 -31.562978639287923 108.5
1 0 10.194180962515365 43.0196537891429 -117.5
1 1 8.488783333340923 39.88479111446184 -108.0
5336
-------------------New----------------
0 0 4.953837991873556 -105.32174993665691 118.5
0 1 5.952736995718372 -105.78106497037496 108.5
1 0 28.53569005334282 -116.16679449346478 -117.5
1 1 27.586821305495086 -115.73016619704322 -108.0
5340
-------------------New----------------
0 0 -84.57885892117528 83.7774814574511 118.5
0 1 -85.03138295077135 81.83236937682155 108.5
1 0 -95.62209569920942 38.2944627281225 -117.5
1 1 -95.20538690230906 40.12712107140386 -108.0
5343
-------------------New----------------
0 0 -105.04836941483998 67.57639277201746 118.5
0 1 -105.66511068497724 63.454171651092835 108.5
1 0 -119.59006645408608 -29.705106721483354 -117.5
1 1 -119.00385693043145 -25.78926447150958 -108.0
5349
-------------------New----------------
0 0 -52.7881067369482 -43.62953825824117 118.5
0 1 -55.876022285645014 -45.29172521195336 108.5
1 0 -125.6639083419539 -82.8232922564175 -117.5
1 1 -122.73097666294038 -81.24593982626969 -108.0
5350
-------------------New----------------
0 0 12.968943459358945 80.55204314515021 118.5
0 1 15.445075752771455 78.21376539111932 108.5
1 0 71.35189130303927 25.30835494987038 -117.5
1 1 69.00030550767326 27.531872052465463 -108.0
5358
-------------------New----------------
0 0 -38.63966221447459 105.96963953411193 118.5
0 1 -39.63715903106257 106.05789697807015 108.5
1 0 -62.16160419832583 108.1628746799662 -117.5
1 1 -61.21699199372362 108.08136571892165 -108.0
5361
-------------------New----------------
0 0 59.31352493017878 31.090290109704775 118.5
0 1 59.42224626499918 33.13472967697266 108.5
1 0 61.95162398768019 79.28303051950013 -117.5
1 1 61.844073734098586 77.34297883518352 -108.0
5371
-------------------New----------------
0 0 -53.745669085854004 44.98510350033511 118.5
0 1 -52.39645825507411 41.57700552774434 108.5
1 0 -21.83110390999476 -35.461301341643164 -117.5
1 1 -23.12783895892094 -32.21936557741653 -108.0
5377
-------------------New----------------
0 0 0.871807584958454 -21.691323309010265 118.5
0 1 0.2763903485456244 -18.220657949175642 108.5
1 0 -13.171954889966338 60.21808414983906 -117.5
1 1 -12.607199950150797 56.92098648273797 -108.0
5382
-------------------New----------------
0 0 -104.69598697734736 0.6581579313493936 118.5
0 1 -103.34507982103989 3.655064625896807 108.5
1 0 -72.65294621251726 71.19593069545613 -117.5
1 1 -73.96242248761091 68.35633506285372 -108.0
5384
-------------------New----------------
0 0 90.86577271151313 81.74336692059016 118.5
0 1 92.28961250789963 78.98293852546294 108.5
1 0 124.52454826265341 16.53551192143655 -117.5
1 1 123.16721540522974 19.163186236063485 -108.0
5389
-------------------New----------------
0 0 -9.211508559517664 -77.62911178102395 118.5
0 1 -9.147618478432266 -76.4330860569396 108.5
1 0 -7.677932594465008 -49.3683750507701 -117.5
1 1 -7.74021092876024 -50.50893394435083 -108.0
5396
-------------------New----------------
0 0 54.52015485833705 55.58995714843634 118.5
0 1 53.74279345694739 57.7592785964503 108.5
1 0 36.19440861071422 106.7795028958338 -117.5
1 1 36.93179208738723 104.71961988773835 -108.0
5403
-------------------New----------------
0 0 42.16713029778669 4.722324460890191 118.5
0 1 43.13932534303534 3.147022530787555 108.5
1 0 65.0884509294223 -32.48594186963639 -117.5
1 1 64.16179471260344 -30.986466735988074 -108.0
5414
-------------------New----------------
0 0 -102.25950496989219 36.71802369892078 118.5
0 1 -102.02036985346459 34.61676458653214 108.5
1 0 -96.59017404511454 -12.867684719168988 -117.5
1 1 -96.81928272050081 -10.871578418907045 -108.0
5418
-------------------New----------------
0 0 -29.419384090494656 -9.300023724886785 118.5
0 1 -31.227303454186575 -13.585911211696757 108.5
1 0 -72.0971489576088 -110.45843671468347 -117.5
1 1 -70.37817369858534 -106.3858629515629 -108.0
5429
-------------------New----------------
0 0 -47.68817974419939 105.73204882296054 118.5
0 1 -46.85609056823996 105.64830228266074 108.5
1 0 -27.929439202935065 103.89574753192214 -117.5
1 1 -28.73185140217738 103.95801497525822 -108.0
5433
-------------------New----------------
0 0 -12.903024311242627 -77.53862855230874 118.5
0 1 -16.62241214650891 -75.87976952519351 108.5
1 0 -100.67549494706927 -38.41592039537483 -117.5
1 1 -97.14195090759321 -39.98932054994906 -108.0
5438
-------------------New----------------
0 0 -3.050137241071847 20.119092078482122 118.5
0 1 -8.13832983761397 13.987001991394058 108.5
1 0 -123.16785624066691 -124.57950996614179 -117.5
1 1 -118.33074765821455 -118.7540056660285 -108.0
5440
-------------------New----------------
0 0 51.17878786777258 45.16532560296257 118.5
0 1 54.12369471282866 46.13284680963203 108.5
1 0 120.64774143168356 67.93507785888846 -117.5
1 1 117.85229852099738 67.0209032559686 -108.0
5452
-------------------New----------------
0 0 -71.12533630895874 82.4720077024859 118.5
0 1 -67.78539079180997 82.86494286665481 108.5
1 0 7.719225273032606 91.99365761108305 -117.5
1 1 4.542964626475345 91.59069263187058 -108.0
5457
-------------------New----------------
0 0 -15.463465801734847 63.68022807448053 118.5
0 1 -13.460449764841329 63.05465153177779 108.5
1 0 31.760324205636664 48.94089938168069 -117.5
1 1 29.858220820747608 49.53178019926297 -108.0
5462
-------------------New----------------
0 0 -17.233547491251795 73.50472395324132 118.5
0 1 -16.002426406582394 73.24184299127316 108.5
1 0 11.819503690763867 67.24421053025443 -117.5
1 1 10.648378448802195 67.49345649630916 -108.0
5473
-------------------New----------------
0 0 78.81903862310516 18.333680547707832 118.5
0 1 80.08858036357643 14.637339522773743 108.5
1 0 108.77709614483187 -68.90082526653707 -117.5
1 1 107.5713513222914 -65.38930100668924 -108.0
5475
-------------------New----------------
0 0 -12.776921905822135 115.19355617654071 118.5
0 1 -8.880464535121234 114.69033187311592 108.5
1 0 79.18368383795027 103.3112800825899 -117.5
1 1 75.48206065537687 103.7894912835936 -108.0
5487
-------------------New----------------
0 0 -37.36618023818238 -85.85687303497414 118.5
0 1 -35.96271329346676 -83.68931995386376 108.5
1 0 -4.240112618360414 -34.680342064895406 -117.5
1 1 -5.573813668122769 -36.74113689227656 -108.0
5493
-------------------New----------------
0 0 -85.39542650592418 -85.5861200380795 118.5
0 1 -85.94374175001698 -83.94132349644356 108.5
1 0 -98.35342423852072 -46.7454968301568 -117.5
1 1 -97.83252448368424 -48.312313357418425 -108.0
5495
-------------------New----------------
0 0 -21.91387013374213 -13.402498412755671 118.5
0 1 -20.90025408141402 -15.158942637278116 108.5
1 0 1.9816168772305112 -54.81659426340391 -117.5
1 1 1.0205640466708006 -53.149566754507546 -108.0
5501
-------------------New----------------
0 0 -13.323865476540783 -71.71916402201501 118.5
0 1 -11.556090415589395 -69.26619263642117 108.5
1 0 28.26482945626836 -13.728148428798695 -117.5
1 1 26.59191809385539 -16.06609668396306 -108.0
5503
-------------------New----------------
0 0 -22.537266372369125 -30.952077773081243 118.5
0 1 -24.428051307782788 -32.93835592509761 108.5
1 0 -67.23676684325181 -77.7879519348457 -117.5
1 1 -65.43411486914478 -75.90254785533332 -108.0
5513
-------------------New----------------
0 0 56.32200222051388 -69.69606410066618 118.5
0 1 58.965740279705166 -66.53830140951463 108.5
1 0 118.71537331423488 4.858030788127525 -117.5
1 1 116.20502394903433 1.8563229603428986 -108.0
5514
-------------------New----------------
0 0 49.46823580068091 -51.54463862182458 118.5
0 1 50.19083649313815 -46.743729758180514 108.5
1 0 67.08335612305392 61.78316348595096 -117.5
1 1 66.34033871674364 57.25927988356815 -108.0
5519
-------------------New----------------
0 0 13.805614672811476 -32.53295776562527 118.5
0 1 14.447991886770442 -33.96770016660896 108.5
1 0 28.934986335976344 -66.36529703946005 -117.5
1 1 28.320820777553074 -65.00805643133519 -108.0
5521
-------------------New----------------
0 0 56.0728780065916 100.28764911349448 118.5
0 1 51.65856092842523 98.39761636525553 108.5
1 0 -48.17293014461287 55.68462857256069 -117.5
1 1 -43.97494531144851 57.47990562020159 -108.0
5522
-------------------New----------------
0 0 -43.83667282142379 -22.862375392800278 118.5
0 1 -44.26259198340633 -23.85351499161629 108.5
1 0 -54.230154042787795 -46.84939548304639 -117.5
1 1 -53.79859879090767 -45.884064203305144 -108.0
5526
-------------------New----------------
0 0 -10.406593594975435 47.06614368883036 118.5
0 1 -11.268549243407389 42.314734145207176 108.5
1 0 -30.554613712722585 -63.6474230704369 -117.5
1 1 -29.677987589493608 -59.24392640932838 -108.0
5527
-------------------New----------------
0 0 -102.1903761110978 83.81052908576783 118.5
0 1 -100.70117054576589 81.92304555851246 108.5
1 0 -67.04571049402445 39.27637821237371 -117.5
1 1 -68.46052817337369 41.06819429605961 -108.0
5529
-------------------New----------------
0 0 -98.33127253503281 -49.23801588480735 118.5
0 1 -98.95784605494595 -47.15347134721897 108.5
1 0 -113.0949769187027 -0.05104325693476319 -117.5
1 1 -112.50027514081853 -2.0313609607300553 -108.0
5537
-------------------New----------------
0 0 24.86753984501295 -35.0714690997294 118.5
0 1 29.199966570404523 -30.525102786801106 108.5
1 0 127.07034748407412 72.16748416786807 -117.5
1 1 122.95625851392353 67.85013013175845 -108.0
5542
-------------------New----------------
0 0 -78.6992311132397 38.67083240102628 118.5
0 1 -77.70564398360776 38.608960825862106 108.5
1 0 -55.275084397659874 37.1940406030072 -117.5
1 1 -56.218440443941844 37.254328543025636 -108.0
5545
-------------------New----------------
0 0 -36.95320820324021 63.748041973281204 118.5
0 1 -38.44115115867508 64.74085212793358 108.5
1 0 -72.0655392198714 87.1370028124658 -117.5
1 1 -70.65116807284227 86.19731296510157 -108.0
5546
-------------------New----------------
0 0 16.248381679232526 47.76899342207538 118.5
0 1 10.431698802378824 43.39431449087725 108.5
1 0 -121.00851236029193 -55.56137340477426 -117.5
1 1 -115.48104074964783 -51.39982877779208 -108.0
5556
-------------------New----------------
0 0 -82.2729958689766 2.8217458610762347 118.5
0 1 -79.03137040938279 2.6357708702189764 108.5
1 0 -5.963707068685197 -1.6619124612795475 -117.5
1 1 -9.027003569135688 -1.4899648659163804 -108.0
5561
-------------------New----------------
0 0 -90.49015446461951 43.64723458853167 118.5
0 1 -88.21065526726667 42.24842998953652 108.5
1 0 -36.67706132369782 10.501929536006422 -117.5
1 1 -38.838349941318555 11.841626787243186 -108.0
5563
-------------------New----------------
0 0 -102.89947802629695 35.18616162659646 118.5
0 1 -103.50040462236902 37.715231415298476 108.5
1 0 -116.91824475757907 95.04558320872869 -117.5
1 1 -116.36238204980393 92.63524369639589 -108.0
5565
-------------------New----------------
0 0 -97.86102140281272 12.217511646885963 118.5
0 1 -95.84413189879393 6.394963069947794 108.5
1 0 -50.16366444067238 -125.12956068238312 -117.5
1 1 -52.08590633563855 -119.602154522034 -108.0
5569
-------------------New----------------
0 0 -2.880457791621128 98.34387042466246 118.5
0 1 -3.7705012162241958 96.82851888454857 108.5
1 0 -23.760409508623358 62.589180540327376 -117.5
1 1 -22.93069551491519 64.03304921274999 -108.0
5587
-------------------New----------------
0 0 -29.850036750012965 27.40978573730477 118.5
0 1 -33.35397054169011 27.02268875851766 108.5
1 0 -112.52749773422859 18.24578583730679 -117.5
1 1 -109.19474248349916 18.619870549107713 -108.0
5596
-------------------New----------------
0 0 -93.60030987286417 46.90646967775371 118.5
0 1 -92.98953470863287 43.96026241649295 108.5
1 0 -79.18504715790799 -22.612552424764353 -117.5
1 1 -79.76470166838578 -19.814503491356458 -108.0
5597
-------------------New----------------
0 0 -5.314227589494612 -9.789828467299799 118.5
0 1 -10.21072608369803 -6.855948429583995 108.5
1 0 -120.87394965723351 59.51279605531461 -117.5
1 1 -116.22632104500357 56.72820078008662 -108.0
5607
-------------------New----------------
0 0 71.77379985050256 17.917951839410506 118.5
0 1 71.95572681341544 14.027755988944742 108.5
1 0 76.04035635931879 -73.90679573935344 -117.5
1 1 75.86865023353745 -70.21064221026141 -108.0
5609
-------------------New----------------
0 0 -34.75561157867291 97.92168640204184 118.5
0 1 -31.803869273348788 98.55204229890128 108.5
1 0 34.9273739474403 112.79980454663485 -117.5
1 1 32.12483584045104 112.20050629989264 -108.0
5613
-------------------New----------------
0 0 -9.213517023507396 -28.8490471488871 118.5
0 1 -7.678857833259345 -30.21630332536798 108.5
1 0 28.37547206440301 -61.55712332159919 -117.5
1 1 26.854530580658423 -60.230733609450894 -108.0
5615
-------------------New----------------
0 0 59.23268629147136 99.6468035142227 118.5
0 1 55.235798133971414 98.86527502031612 108.5
1 0 -35.07561440277995 81.17230704436656 -117.5
1 1 -31.27776264946571 81.91709068474869 -108.0
5623
-------------------New----------------
0 0 -60.451769609685506 47.361360350184235 118.5
0 1 -60.007154095319585 47.12792791676552 108.5
1 0 -49.95247676215582 41.84304562805187 -117.5
1 1 -50.37268002661972 42.06098181774972 -108.0
5624
-------------------New----------------
0 0 -19.13353980655183 0.8442328030375943 118.5
0 1 -21.762884198117124 1.3801100538511446 108.5
1 0 -81.18615105344387 13.477035844988936 -117.5
1 1 -78.68882169098028 12.96837783747365 -108.0
5626
-------------------New----------------
0 0 27.911570780760435 25.743804834005765 118.5
0 1 27.674802419015094 24.82863014687616 108.5
1 0 22.535306195960793 3.943777392751978 -117.5
1 1 22.730168182586716 4.821314918508713 -108.0
5629
-------------------New----------------
0 0 -40.104489384914544 -2.5055633659666148 118.5
0 1 -42.43591496187288 -2.196943479743224 108.5
1 0 -95.12340783952337 4.785903586172708 -117.5
1 1 -92.90815288953621 4.491382262605941 -108.0
5636
-------------------New----------------
0 0 -74.4635184925028 -119.43391073953062 118.5
0 1 -76.36427118884585 -119.44092612575052 108.5
1 0 -119.33491175074639 -119.62646423113867 -117.5
1 1 -117.52807615241056 -119.6184436148374 -108.0
5641
-------------------New----------------
0 0 -36.54443574175217 -109.79043879859424 118.5
0 1 -38.481641120070115 -110.05249358634933 108.5
1 0 -82.27363580557419 -115.96295858976093 -117.5
1 1 -80.43238521596196 -115.7119177178998 -108.0
5642
-------------------New----------------
0 0 69.90180232928854 -76.74870058221177 118.5
0 1 71.31372332534218 -73.82560031752544 108.5
1 0 103.23857113548584 -7.758868336866632 -117.5
1 1 101.8967029787794 -10.535608892745827 -108.0
5646
-------------------New----------------
0 0 -80.12943392416494 -34.53633028341778 118.5
0 1 -78.89826881807643 -37.50033929348621 108.5
1 0 -51.20831810304262 -104.4908629710922 -117.5
1 1 -52.37088400543612 -101.67650757982629 -108.0
5649
-------------------New----------------
0 0 -39.58198745618297 28.825846978470555 118.5
0 1 -39.53618220787644 31.321437687614786 108.5
1 0 -38.49130881633315 87.73840201484454 -117.5
1 1 -38.53542310131916 85.36660180114846 -108.0
5655
-------------------New----------------
0 0 62.9119760821241 123.95076238852725 118.5
0 1 64.86207175361716 123.73813196404156 108.5
1 0 108.93570369847905 118.92193784278432 -117.5
1 1 107.08397906766447 119.12468907834815 -108.0
5670
-------------------New----------------
0 0 -20.736234021996616 -67.42873871474532 118.5
0 1 -19.174831871875107 -66.79464629504014 108.5
1 0 16.129665921068895 -52.3812868062232 -117.5
1 1 14.641299546406113 -52.99452917431464 -108.0
5685
-------------------New----------------
0 0 54.388098837722886 -24.629703700625157 118.5
0 1 52.21803070965964 -22.885792549889025 108.5
1 0 3.182682987016039 16.505111054572343 -117.5
1 1 5.243828738252164 14.848995083412444 -108.0
5718
-------------------New----------------
0 0 83.89679964890357 68.30686569444518 118.5
0 1 84.5636828663278 65.11349936427625 108.5
1 0 99.62114412846016 -7.047403935229849 -117.5
1 1 98.9890401622626 -4.014949164184884 -108.0
5725
-------------------New----------------
0 0 -53.8491161469063 45.05794569302411 118.5
0 1 -50.607034896450195 44.63806167267906 108.5
1 0 22.692811609218165 35.21927842212395 -117.5
1 1 19.612879905103473 35.61363576749381 -108.0
5737
-------------------New----------------
0 0 20.17322700832012 -98.02880661548782 118.5
0 1 21.02454275738625 -98.91071599188346 108.5
1 0 40.21897794673456 -118.84768641265114 -117.5
1 1 39.414209097595425 -118.00921981109188 -108.0
5738
-------------------New----------------
0 0 -85.2463745191331 -93.87931706256398 118.5
0 1 -82.42722058217518 -92.9680085846864 108.5
1 0 -18.854533011167064 -71.85296265477416 -117.5
1 1 -21.51447696486119 -72.7299432541586 -108.0
5740
-------------------New----------------
0 0 53.79805143012688 -29.48135414365393 118.5
0 1 56.110352935771594 -25.383298958033414 108.5
1 0 108.5162508921176 67.33578901063404 -117.5
1 1 106.31266156258081 63.43916267586779 -108.0
5767
-------------------New----------------
0 0 17.7616738264447 63.32582370848782 118.5
0 1 19.903650619495668 58.89648832176272 108.5
1 0 68.30230697908152 -41.18213736465076 -117.5
1 1 66.27134133177744 -36.974817561911095 -108.0
5769
-------------------New----------------
0 0 74.80722587073072 32.65439029859452 118.5
0 1 71.87885658369245 28.547819625859113 108.5
1 0 5.679174632179032 -64.25676020124772 -117.5
1 1 8.462940207207389 -60.35550846798975 -108.0
5772
-------------------New----------------
0 0 -54.49346860491958 33.08856427700223 118.5
0 1 -55.79892472346286 32.808817018561676 108.5
1 0 -85.28931358447178 26.48735074919004 -117.5
1 1 -84.04876169141801 26.75262381781231 -108.0
5775
-------------------New----------------
0 0 -111.31399320850183 1.3677397050047368 118.5
0 1 -110.67411686534604 2.491382926036353 108.5
1 0 -96.2838590530738 27.85288164953634 -117.5
1 1 -96.88677861672775 26.78984261077293 -108.0
5778
-------------------New----------------
0 0 -1.4070793031000464 -80.28580408683419 118.5
0 1 -5.819842742188181 -80.11848740991732 108.5
1 0 -105.53205545609676 -76.36966668903722 -117.5
1 1 -101.3426448569746 -76.52673748992214 -108.0
5788
-------------------New----------------
0 0 74.90890779237878 -8.70591110381825 118.5
0 1 76.2666204537572 -10.841046614143178 108.5
1 0 107.2465775332824 -59.65340634567423 -117.5
1 1 105.92433130231811 -57.593430841839925 -108.0
5803
-------------------New----------------
0 0 44.59941825634268 47.070853225471424 118.5
0 1 41.362621089364744 46.238732355444895 108.5
1 0 -32.081334688055584 27.486026152946657 -117.5
1 1 -28.986241215676113 28.279342060628352 -108.0
5806
-------------------New----------------
0 0 -7.05771729864328 -53.29483595717691 118.5
0 1 -8.653605117357229 -54.13785339901661 108.5
1 0 -44.70826949109879 -73.17063153973504 -117.5
1 1 -43.19215946139822 -72.36985801014411 -108.0
5814
-------------------New----------------
0 0 -28.86790980126771 30.97882072260246 118.5
0 1 -27.084675873783812 27.316336240357675 108.5
1 0 13.07563041663522 -55.52164864021618 -117.5
1 1 11.385826672147413 -52.03318691885121 -108.0
5815
-------------------New----------------
0 0 -62.02384526086138 9.384195937315111 118.5
0 1 -62.21481242403512 8.44487786025299 108.5
1 0 -66.48574570236642 -12.794917957398429 -117.5
1 1 -66.3070346216234 -11.902815428315424 -108.0
5817
-------------------New----------------
0 0 -21.08770158970804 0.8658909339647899 118.5
0 1 -16.58735681066745 5.3810474161835815 108.5
1 0 85.11677814988396 107.14327802042453 -117.5
1 1 80.85969134962514 102.91709272824919 -108.0
5818
-------------------New----------------
0 0 -33.656973483055275 -80.99956438254331 118.5
0 1 -37.58257697933123 -78.52095774453485 108.5
1 0 -126.26656646989628 -22.45683198920721 -117.5
1 1 -122.53934682464168 -24.814116020364942 -108.0
5822
-------------------New----------------
0 0 92.59497018472678 -103.70017501015563 118.5
0 1 93.91363831094404 -104.23124915095794 108.5
1 0 123.50397196803803 -116.36677069325151 -117.5
1 1 122.2652482200386 -115.8563604644007 -108.0
5829
-------------------New----------------
0 0 -55.92003676084306 -32.91843177114417 118.5
0 1 -55.2551747785055 -30.92304611331445 108.5
1 0 -40.22574207625614 14.167608917923923 -117.5
1 1 -40.85732112623546 12.272378583466539 -108.0
5833
-------------------New----------------
0 0 -17.57545096983323 55.74014005081026 118.5
0 1 -16.32070207545672 56.368703969874595 108.5
1 0 12.011043825177422 70.57584105514805 -117.5
1 1 10.820421331396023 69.9781767525377 -108.0
5834
-------------------New----------------
0 0 -39.95205888178746 -16.969637675533658 118.5
0 1 -38.78438086480158 -20.82603907503119 108.5
1 0 -12.38105573865004 -107.99490976237549 -117.5
1 1 -13.492998388169045 -104.33029454921125 -108.0
5837
-------------------New----------------
0 0 21.009392769858373 34.35147638262921 118.5
0 1 15.006103763293458 30.556585504960953 108.5
1 0 -120.86428646462318 -55.129606533042534 -117.5
1 1 -115.14679560066966 -51.53100710329353 -108.0
5841
-------------------New----------------
0 0 70.06315802566105 -57.09790376542476 118.5
0 1 70.80354776420366 -56.2457594620786 108.5
1 0 87.67585597778785 -36.82506529409062 -117.5
1 1 86.9770232035268 -37.674384869862365 -108.0
5842
-------------------New----------------
0 0 32.0108459389897 -15.807208018808158 118.5
0 1 32.15445482226293 -17.405113243846923 108.5
1 0 35.52877757085681 -53.464540697670785 -117.5
1 1 35.38765509003478 -51.95434949657931 -108.0
5846
-------------------New----------------
0 0 -31.436894329504334 0.15530388432215148 118.5
0 1 -30.296066719217258 -3.251279278888595 108.5
1 0 -4.669066767341033 -80.14720898277388 -117.5
1 1 -5.742792523919962 -76.91669322001306 -108.0
5848
-------------------New----------------
0 0 -53.837718692293535 -83.62906255084377 118.5
0 1 -51.54750485832881 -82.00994721590908 108.5
1 0 0.18757878777718023 -45.441642675614005 -117.5
1 1 -1.9859294043382483 -46.97743022299189 -108.0
5861
-------------------New----------------
0 0 35.47092943379802 -11.837804578731452 118.5
0 1 36.65624306228366 -13.403887654611566 108.5
1 0 60.1858339927829 -47.02623432631235 -117.5
1 1 59.25274576290233 -45.549315255696925 -108.0
5866
-------------------New----------------
0 0 -98.17726491033407 -37.99308310706215 118.5
0 1 -99.2386423048438 -36.76228301730089 108.5
1 0 -123.199250753651 -8.96571306436143 -117.5
1 1 -122.18849102969594 -10.133069027988364 -108.0
5867
-------------------New----------------
0 0 -75.91781549539638 -98.61503471225492 118.5
0 1 -74.9529477700992 -97.7366969765116 108.5
1 0 -52.6469034571571 -77.67096224131939 -117.5
1 1 -53.60198147587365 -78.51277931168777 -108.0
5872
-------------------New----------------
0 0 -66.02127421256799 -36.597840059841765 118.5
0 1 -63.259355650465636 -36.31516259238859 108.5
1 0 -0.8515245449534881 -29.89756567381901 -117.5
1 1 -3.477047923449174 -30.165894257024114 -108.0
5873
-------------------New----------------
0 0 -22.07482567006421 -3.2335599251166114 118.5
0 1 -22.634601539198837 -2.945355466663691 108.5
1 0 -35.28767859919439 3.562253195561395 -117.5
1 1 -34.7554025105649 3.291236427076572 -108.0
5875
-------------------New----------------
0 0 88.69587116453349 -13.391366445184389 118.5
0 1 89.6410343019194 -11.549769189810545 108.5
1 0 111.0352461523851 30.104247620670815 -117.5
1 1 110.13545926522461 28.35045497327073 -108.0
5881
-------------------New----------------
0 0 49.93164900967038 97.46493130706196 118.5
0 1 52.114852977230306 98.47268374686473 108.5
1 0 101.46174983495936 121.25756060993146 -117.5
1 1 99.38786668929001 120.29933912584893 -108.0
5882
-------------------New----------------
0 0 -27.62129243587417 95.47347119440781 118.5
0 1 -23.947317640004663 93.69551790348181 108.5
1 0 59.08396354227293 53.52877798500085 -117.5
1 1 55.59433520438355 55.21724858790433 -108.0
5883
-------------------New----------------
0 0 33.564107872876235 -51.083331892497576 118.5
0 1 27.779698295624325 -48.50117542805511 108.5
1 0 -102.9728016929993 9.851923016135453 -117.5
1 1 -97.47671245217603 7.399819369179006 -108.0
5887
-------------------New----------------
0 0 53.83217032872619 -66.45609368762032 118.5
0 1 52.78807438569402 -64.55950627402369 108.5
1 0 28.76638908497697 -22.36283298039775 -117.5
1 1 29.813310896047078 -24.116851930453294 -108.0
5900
-------------------New----------------
0 0 -76.38959950588713 78.15757056206385 118.5
0 1 -74.17723794750584 77.07508758435765 108.5
1 0 -24.21822780082716 52.68332267563742 -117.5
1 1 -26.320761732807295 53.71425318983167 -108.0
5905
-------------------New----------------
0 0 35.65252195372699 23.671451237585703 118.5
0 1 31.59187050262359 19.142985761286162 108.5
1 0 -59.726939409604164 -83.25649962947864 -117.5
1 1 -55.90683284227085 -78.95025005412032 -108.0
5912
-------------------New----------------
0 0 -76.68230634198831 -34.59123193872663 118.5
0 1 -75.6739497421715 -38.138756703303734 108.5
1 0 -52.766483322069654 -118.42216752544263 -117.5
1 1 -53.72806074212269 -115.0506709901 -108.0
5916
-------------------New----------------
0 0 -12.24041132042407 -1.6980477036988784 118.5
0 1 -7.316741787897172 2.4115570824869614 108.5
1 0 103.98262189351217 95.27235572253667 -117.5
1 1 99.30083001395967 91.37173382393182 -108.0
5925
-------------------New----------------
0 0 -12.875936496980566 -7.319907026741665 118.5
0 1 -16.435129658527476 -4.084624046202813 108.5
1 0 -97.13845619411003 69.0265589483238 -117.5
1 1 -93.74830542146324 65.9566255016487 -108.0
5929
-------------------New----------------
0 0 21.261602568852556 -60.03399115275907 118.5
0 1 19.759493458544142 -60.25283803396551 108.5
1 0 -14.278308608387173 -65.22678448372106 -117.5
1 1 -12.844089887578747 -65.01696089670718 -108.0
5935
-------------------New----------------
0 0 77.07405075014866 21.788053625977245 118.5
0 1 76.8203936492471 16.904267293281418 108.5
1 0 71.08381107768223 -93.48655903876725 -117.5
1 1 71.32570861846196 -88.84570428520189 -108.0
5937
-------------------New----------------
0 0 -24.44457352413999 36.74012382758825 118.5
0 1 -27.61879148907113 35.90303309258821 108.5
1 0 -99.35707556774912 16.978463534629316 -117.5
1 1 -96.34175693853433 17.77409556066622 -108.0
5946
-------------------New----------------
0 0 21.10328236645859 92.19270185643789 118.5
0 1 20.07545181757441 92.9113006864535 108.5
1 0 -3.2099435003690124 109.15451063737041 -117.5
1 1 -2.228583934793085 108.47011054444302 -108.0
5953
-------------------New----------------
0 0 41.96016497093248 -2.6727815783301603 118.5
0 1 45.50255224334014 -4.314172765469807 108.5
1 0 126.11131626008316 -41.184274429304665 -117.5
1 1 122.71225786427718 -39.597653548905456 -108.0
5955
-------------------New----------------
0 0 19.896894876153688 110.63074290345462 118.5
0 1 22.266760673815163 110.6073780242594 108.5
1 0 75.83188452916997 110.11628700397236 -117.5
1 1 73.58122546568246 110.13760819421888 -108.0
5959
-------------------New----------------
0 0 54.57938637550808 -123.62472445075696 118.5
0 1 57.265471008065845 -123.39227663614611 108.5
1 0 117.24984913134725 -117.73333951714642 -117.5
1 1 114.72218883493251 -117.97344142596037 -108.0
5960
-------------------New----------------
0 0 -40.96037788166654 52.43454851808841 118.5
0 1 -37.3759551179763 49.37465315579142 108.5
1 0 43.5003928490368 -19.82882068879594 -117.5
1 1 40.1104245338003 -16.915093365849522 -108.0
5961
-------------------New----------------
0 0 36.391417533913305 110.72344267111782 118.5
0 1 37.58442994231468 110.54528593936405 108.5
1 0 64.39268210795098 106.44124047838295 -117.5
1 1 63.27386795533388 106.61881207358094 -108.0
5968
-------------------New----------------
0 0 -61.27984284194706 -42.1078222721319 118.5
0 1 -60.03164039028419 -41.33259527311848 108.5
1 0 -32.125181369077595 -22.819322395231584 -117.5
1 1 -33.24911910159318 -23.582090049545112 -108.0
5969
-------------------New----------------
0 0 -1.55323606091096 -12.640606069991959 118.5
0 1 -2.575815158507435 -13.198513665934765 108.5
1 0 -25.686257486543155 -25.818097617590077 -117.5
1 1 -24.715173549954397 -25.287463010650292 -108.0
5979
-------------------New----------------
0 0 -69.51896551376936 -39.266208936749294 118.5
0 1 -70.19835520984955 -35.134061090679204 108.5
1 0 -85.68266883251505 58.18769289453299 -117.5
1 1 -85.03014113803474 54.26683017139716 -108.0
5981
-------------------New----------------
0 0 72.57797808757638 -10.21041872423885 118.5
0 1 72.47091277582268 -10.740375560203669 108.5
1 0 70.05476379495272 -22.724015775868658 -117.5
1 1 70.15604843458979 -22.220175245557094 -108.0
5983
-------------------New----------------
0 0 -22.558609599717673 -30.186358992723928 118.5
0 1 -24.757793132709764 -29.327443130484095 108.5
1 0 -74.26178783754884 -9.650280624464685 -117.5
1 1 -72.1856714536726 -10.486076656363469 -108.0
5987
-------------------New----------------
0 0 81.60572536483616 -36.31390545605718 118.5
0 1 79.34335164595207 -37.62181320972379 108.5
1 0 29.181314344133586 -65.97264535130469 -117.5
1 1 31.27586813983738 -64.77053013328712 -108.0
5997
-------------------New----------------
0 0 -7.683178999111202 84.6623739152204 118.5
0 1 -8.24566917316108 81.78041338104738 108.5
1 0 -21.023899248851272 16.60932153764007 -117.5
1 1 -20.47930199116939 19.350051728145807 -108.0
6000
-------------------New----------------
0 0 115.897765214936 -50.82722159415215 118.5
0 1 115.12789200462915 -46.31956281948109 108.5
1 0 97.72410104754297 55.579294083634025 -117.5
1 1 98.455800337379 51.29579545962861 -108.0
6007
-------------------New----------------
0 0 4.208174063706543 94.37411392749745 118.5
0 1 1.7172078561588555 94.93858620080485 108.5
1 0 -54.578040219631475 107.69414871383125 -117.5
1 1 -52.211903099616485 107.15773874571956 -108.0
6013
-------------------New----------------
0 0 7.402020810605668 -54.71798400337178 118.5
0 1 6.255995787409729 -52.07226544175602 108.5
1 0 -19.64637975338679 7.69842709022596 -117.5
1 1 -18.560530565090065 5.184118965127626 -108.0
6018
-------------------New----------------
0 0 -52.90444586498465 -5.416526791687795 118.5
0 1 -50.394580096619706 -6.606188206661072 108.5
1 0 6.50046309175047 -33.742015918426645 -117.5
1 1 4.125982096066727 -32.55632540258621 -108.0
6020
-------------------New----------------
0 0 -61.61952087888697 -36.48288865194112 118.5
0 1 -58.137431533914516 -32.539704119024655 108.5
1 0 20.482420938083457 56.6155338170607 -117.5
1 1 17.179851815614867 52.86795754045487 -108.0
6023
-------------------New----------------
0 0 27.68061018993435 104.16641479997914 118.5
0 1 25.032737238297102 102.99221234128058 108.5
1 0 -33.56799422239166 78.01256246819717 -117.5
1 1 -31.05751107163468 79.06395843662129 -108.0
6027
-------------------New----------------
0 0 93.30063231923367 73.75567782050749 118.5
0 1 92.3999635230272 74.44281497180923 108.5
1 0 72.04414943727414 89.94770018459702 -117.5
1 1 72.90153547487687 89.29495371956784 -108.0
6029
-------------------New----------------
0 0 -39.84003670086429 -2.1158199273526983 118.5
0 1 -42.61332239808056 -5.231220603559601 108.5
1 0 -105.21577472187171 -75.70248511429125 -117.5
1 1 -102.58394505187194 -72.739509662486 -108.0
6030
-------------------New----------------
0 0 66.86374320026879 2.463639297647865 118.5
0 1 68.1756417513757 -0.676456519728551 108.5
1 0 97.78885416780643 -71.6012793815723 -117.5
1 1 96.54659283715591 -68.62272176367752 -108.0
6032
-------------------New----------------
0 0 24.992348444451604 -11.680044659441227 118.5
0 1 18.560723565577455 -6.272934288147569 108.5
1 0 -126.97549997463031 115.78348637614542 -117.5
1 1 -120.86072825759261 110.66078759052849 -108.0
6035
-------------------New----------------
0 0 -109.3332673443953 -25.374166479407453 118.5
0 1 -113.94112899406045 -22.852144228114305 108.5
1 0 -110.41159413222651 -87.1168527651644 -117.5
1 1 -109.20583605339417 -87.6465509087844 -108.0
6048
-------------------New----------------
0 0 -108.4196497747183 83.642137695853 118.5
0 1 -107.60333362264862 85.25155821427208 108.5
1 0 -89.17409744839316 121.57027667094977 -117.5
1 1 -89.95044486300431 120.0474960053295 -108.0
6051
-------------------New----------------
0 0 45.94820277462078 -107.95803431672739 118.5
0 1 40.31619825985332 -106.95322193699776 108.5
1 0 -86.87972738522976 -84.15848660235325 -117.5
1 1 -81.52083380151751 -85.13089011535308 -108.0
6063
-------------------New----------------
0 0 83.99257973567492 -35.42213239529195 118.5
0 1 81.16190854584816 -31.54968938362806 108.5
1 0 17.18900254973475 55.94797807490268 -117.5
1 1 19.878194332377664 52.269618251179324 -108.0
6065
-------------------New----------------
0 0 34.1358573924716 47.634658364946965 118.5
0 1 35.53139567729736 48.971700194668195 108.5
1 0 67.0917964152691 79.19675115867803 -117.5
1 1 65.76719036560368 77.92682578164681 -108.0
6072
-------------------New----------------
0 0 -56.2381907455039 -23.259196370821456 118.5
0 1 -54.88117486752071 -19.76909339864096 108.5
1 0 -24.16066253048345 59.13131079051476 -117.5
1 1 -25.4535829933364 55.81252632718764 -108.0
6073
-------------------New----------------
0 0 34.296603305930404 -31.29209576069231 118.5
0 1 36.82007295362285 -32.393852435136424 108.5
1 0 93.84400424583869 -57.305872770021594 -117.5
1 1 91.44692634819232 -56.25902474911976 -108.0
6075
-------------------New----------------
0 0 -39.396224278229916 65.85332220623587 118.5
0 1 -33.220343430586695 65.148594217949 108.5
1 0 106.35685418663802 49.2705363842704 -117.5
1 1 100.4931520511446 49.941273428205655 -108.0
6083
-------------------New----------------
0 0 -67.86051647036935 26.317867327992293 118.5
0 1 -68.18451752612552 21.282667491201323 108.5
1 0 -75.49623988194244 -92.62615246242366 -117.5
1 1 -75.18910508824789 -87.8357318964868 -108.0
6084
-------------------New----------------
0 0 -0.6171683495426196 -10.608438708956532 118.5
0 1 -1.4444057035083764 -14.809652493101769 108.5
1 0 -19.948093890492295 -109.42854667017457 -117.5
1 1 -19.171699695782728 -105.45234016461727 -108.0
6087
-------------------New----------------
0 0 -77.76499872547178 56.34156165089452 118.5
0 1 -76.65714523084702 54.74702864997543 108.5
1 0 -51.428539994522374 20.43292480527745 -117.5
1 1 -52.51835204593368 21.680693846179384 -108.0
6099
-------------------New----------------
0 0 61.230332701769406 31.31260071968647 118.5
0 1 63.883048173377404 32.05662389890547 108.5
1 0 123.8394395227806 48.86906353586862 -117.5
1 1 121.31846867553384 48.16231723520795 -108.0
6111
-------------------New----------------
0 0 55.536138098209165 74.98328779834077 118.5
0 1 54.91097916813948 71.81565504929132 108.5
1 0 40.698123091635026 0.25049849622664516 -117.5
1 1 41.302115728463086 3.2577825914010603 -108.0
6121
-------------------New----------------
0 0 -17.75735065441538 -10.72608866934341 118.5
0 1 -22.320081077648318 -11.188198015359477 108.5
1 0 -125.34893761630633 -21.611974748073134 -117.5
1 1 -121.01599273504003 -21.170231828060984 -108.0
6122
-------------------New----------------
0 0 -91.80502674390445 -46.31870468315735 118.5
0 1 -92.22917753708398 -41.52589694346081 108.5
1 0 -101.88162465927516 66.10973314208407 -117.5
1 1 -101.47897089521557 61.61480774612767 -108.0
6130
-------------------New----------------
0 0 57.70032522227287 13.44131791658449 118.5
0 1 59.986261734546964 7.753355429012723 108.5
1 0 111.30682149259053 -120.4565267464786 -117.5
1 1 109.15930843743772 -115.07709419152236 -108.0
6131
-------------------New----------------
0 0 47.22029074788388 6.638743668274978 118.5
0 1 45.5656003772388 9.085344036128138 108.5
1 0 8.14741840945814 64.36451408496805 -117.5
1 1 9.721449068521881 62.04174035522889 -108.0
6134
-------------------New----------------
0 0 102.76119583710154 15.637272317898086 118.5
0 1 101.95873202598494 13.380004572939352 108.5
1 0 83.81658028260352 -37.654516691275674 -117.5
1 1 84.57856018202085 -35.50997722315589 -108.0
6141
-------------------New----------------
0 0 98.83036724518395 70.78117215982421 118.5
0 1 99.19691032290514 70.73378814152976 108.5
1 0 107.59461206857364 69.4776584752 -117.5
1 1 107.23788256037285 69.53551094864216 -108.0
6143
-------------------New----------------
0 0 75.8428879932093 -30.49303917400179 118.5
0 1 73.92101728687224 -34.23688802283836 108.5
1 0 30.4915341615231 -118.84565290665701 -117.5
1 1 32.31706848076464 -115.28988568164797 -108.0
6150
-------------------New----------------
0 0 -17.114874350880207 37.1186494098764 118.5
0 1 -15.446334440398966 40.72529536659689 108.5
1 0 22.49542877742902 122.53101070360208 -117.5
1 1 20.925016046936975 119.12132492067094 -108.0
6151
-------------------New----------------
0 0 77.08381908686673 66.24924505718658 118.5
0 1 74.98800584042392 63.73960016174252 108.5
1 0 27.585948009540193 7.070858269093804 -117.5
1 1 29.573623453089517 9.449071492726365 -108.0
6152
-------------------New----------------
0 0 -0.06863033876805691 19.699593311830647 118.5
0 1 3.7739995228921246 18.643120222926587 108.5
1 0 91.3414543209181 -5.811353239800454 -117.5
1 1 87.66139617502965 -4.781704089388711 -108.0
6156
-------------------New----------------
0 0 -35.10621839609381 51.63896947199977 118.5
0 1 -29.218807388228516 53.66846604354841 108.5
1 0 104.03976744151598 99.42692062576609 -117.5
1 1 98.43771348129414 97.49919744889803 -108.0
6165
-------------------New----------------
0 0 68.65079875180143 79.36474991813802 118.5
0 1 65.37840483076849 80.36503146272592 108.5
1 0 -8.56695984076814 102.97928995395918 -117.5
1 1 -5.451540740630042 102.02957483081732 -108.0
6169
-------------------New----------------
0 0 10.733860337270794 -47.44021240650081 118.5
0 1 12.807597564746866 -43.30380049625425 108.5
1 0 59.66897946797557 50.16843644031315 -117.5
1 1 57.69931244378298 46.239232504338354 -108.0
6177
-------------------New----------------
0 0 -4.007096251639806 61.961985761264444 118.5
0 1 -1.5570371980433027 59.89317245856755 108.5
1 0 53.853134509516295 13.138460495486754 -117.5
1 1 51.52151188618338 15.10318867994285 -108.0
6179
-------------------New----------------
0 0 -21.740882160309177 6.348860654751279 118.5
0 1 -25.62480225087279 6.097869735063361 108.5
1 0 -113.33914174263207 0.5645113805042855 -117.5
1 1 -109.653535873282 0.7912606769431958 -108.0
6189
-------------------New----------------
0 0 -87.50549295411908 -38.55717645674284 118.5
0 1 -88.40193446674903 -35.11995110341956 108.5
1 0 -108.75799824469075 42.48286469325146 -117.5
1 1 -107.90564150561856 39.22619362620604 -108.0
6197
-------------------New----------------
0 0 99.5195648578941 -43.97414283150348 118.5
0 1 100.21005038099543 -42.01437517556997 108.5
1 0 115.74780203379694 2.1624415335258838 -117.5
1 1 115.09412323386807 0.30342135034309736 -108.0
6199
-------------------New----------------
0 0 4.388329223805443 -65.759425140797 118.5
0 1 3.0788258623755906 -67.61119936300126 108.5
1 0 -26.477198822666498 -109.51930304813553 -117.5
1 1 -25.233949728829465 -107.75538800087494 -108.0
6201
-------------------New----------------
0 0 43.593607549607654 36.15364559125828 118.5
0 1 43.51029651991913 33.62112543359287 108.5
1 0 41.62526030009741 -23.58720076483273 -117.5
1 1 41.70454201516582 -21.18086368091713 -108.0
6203
-------------------New----------------
0 0 -16.59890971135963 -40.79290651280575 118.5
0 1 -16.07173468013316 -42.64543210697662 108.5
1 0 -4.250933214660279 -84.5348017275713 -117.5
1 1 -4.747835984367568 -82.77474620186373 -108.0
6214
-------------------New----------------
0 0 -54.97440315841853 -90.48779668386409 118.5
0 1 -55.14567717459405 -88.06668469824427 108.5
1 0 -58.9949279731277 -33.3696834691966 -117.5
1 1 -58.833265923220985 -35.66677719144325 -108.0
6215
-------------------New----------------
0 0 35.086717035481016 15.034360796531661 118.5
0 1 31.111220707862863 15.870765371179479 108.5
1 0 -59.12304106453333 34.68775542416248 -117.5
1 1 -55.314866587840775 33.89920450276121 -108.0
6222
-------------------New----------------
0 0 -21.900037222336323 32.6462631237432 118.5
0 1 -24.43639042430229 33.05290910456454 108.5
1 0 -81.72985192555873 42.32821142488178 -117.5
1 1 -79.32479874898061 41.93374500011805 -108.0
6224
-------------------New----------------
0 0 -38.88331710994895 -41.31858321648419 118.5
0 1 -36.24884581924955 -42.62042423722794 108.5
1 0 23.235511856500498 -71.65725477956329 -117.5
1 1 20.729443681055823 -70.44762347578848 -108.0
6229
-------------------New----------------
0 0 6.127631933739851 86.89502052526419 118.5
0 1 1.615964935094621 87.64662947681703 108.5
1 0 -100.77692237450296 104.76057944505945 -117.5
1 1 -96.46802183530912 104.0288420126133 -108.0
6230
-------------------New----------------
0 0 11.258687260583649 49.16398609202179 118.5
0 1 14.048495944663216 46.708322709147296 108.5
1 0 77.12500090739482 -8.728140334947597 -117.5
1 1 74.47184385843279 -6.397389565855997 -108.0
6244
-------------------New----------------
0 0 26.03475542601742 21.607500326372275 118.5
0 1 27.234508918591764 23.952403532260725 108.5
1 0 54.34762292988161 76.94592227339457 -117.5
1 1 53.20796155214474 74.71834622968512 -108.0
6246
-------------------New----------------
0 0 -64.62587548998441 6.75279096485059 118.5
0 1 -64.79205856094971 5.5078879745782565 108.5
1 0 -68.53155800882382 -22.631330533322785 -117.5
1 1 -68.37429902163731 -21.451666182408236 -108.0
6248
-------------------New----------------
0 0 -24.65957435931649 -33.55335635869186 118.5
0 1 -23.782701399456773 -36.03576238203123 108.5
1 0 -3.965310919099734 -92.1432756929644 -117.5
1 1 -4.797893291436188 -89.78456219712578 -108.0
6249
-------------------New----------------
0 0 103.53414789031436 -110.16030180819921 118.5
0 1 102.56708837931467 -110.21978702897664 108.5
1 0 80.5652327003507 -111.61297544645394 -117.5
1 1 81.48984206672165 -111.55389523261098 -108.0
6253
-------------------New----------------
0 0 -93.05591504287517 -29.163117520186415 118.5
0 1 -91.62696034274332 -24.889302752167293 108.5
1 0 -59.35389877194657 72.43605340638022 -117.5
1 1 -60.73602059615867 68.32089841745308 -108.0
6272
-------------------New----------------
0 0 45.91028595694151 28.49357761544138 118.5
0 1 43.87394039102601 28.299506753565908 108.5
1 0 -2.17045107390404 23.927450263708096 -117.5
1 1 -0.2347774948297225 24.108715762259315 -108.0
6286
-------------------New----------------
0 0 -51.83683899450616 -8.158879697032301 118.5
0 1 -52.25097481797943 -3.6595798564824187 108.5
1 0 -61.470657051065906 97.9102186003449 -117.5
1 1 -61.094517447631176 93.64304437333695 -108.0
6292
-------------------New----------------
0 0 -110.21204973075794 36.03970630858227 118.5
0 1 -110.74881626805777 34.64298072096513 108.5
1 0 -122.94475297624652 2.529324641662231 -117.5
1 1 -122.45018533555485 3.9003712632532115 -108.0
6303
-------------------New----------------
0 0 35.696633948277345 -68.02288121143849 118.5
0 1 35.13450819952966 -69.11002976728331 108.5
1 0 22.3983123928604 -93.70247907935428 -117.5
1 1 22.933349402447394 -92.66704492966718 -108.0
6308
-------------------New----------------
0 0 31.33526560477996 -54.05533785986465 118.5
0 1 33.65490059672588 -49.255623026795035 108.5
1 0 86.0808274879866 59.27548865215059 -117.5
1 1 83.87745412396143 54.71219604778652 -108.0
6311
-------------------New----------------
0 0 40.182684454517975 14.82077274491632 118.5
0 1 39.72902781754991 16.7110385454221 108.5
1 0 29.42161228684616 59.550973136445066 -117.5
1 1 29.856822779566716 57.74291262616164 -108.0
6317
-------------------New----------------
0 0 89.57576026569683 9.335657841752097 118.5
0 1 89.56295704330867 13.326664611029466 108.5
1 0 89.43193293093472 104.12550902776923 -117.5
1 1 89.44986569714956 100.27892889182458 -108.0
6331
-------------------New----------------
0 0 33.83725120448819 55.012483439642494 118.5
0 1 29.53732805101192 51.55630310981577 108.5
1 0 -67.6098447001744 -26.53458793179966 -117.5
1 1 -63.5270511589157 -23.252372396927033 -108.0
6336
-------------------New----------------
0 0 94.05082597129783 66.71951796403943 118.5
0 1 93.7514490830486 62.79475306703445 108.5
1 0 86.98863742612077 -25.905914945122852 -117.5
1 1 87.27331419573505 -22.177266621725828 -108.0
6349
-------------------New----------------
0 0 -5.268473926640395 69.40830156189783 118.5
0 1 -4.450770204356589 69.59653175575188 108.5
1 0 14.05820761111273 73.86294382189594 -117.5
1 1 13.27894635858749 73.68349905558344 -108.0
6351
-------------------New----------------
0 0 -1.4963265423188152 -3.5239917160720813 118.5
0 1 1.1779151065417497 0.26499693442302996 108.5
1 0 61.63216585930636 85.91008779152739 -117.5
1 1 59.090153768154536 82.31007078888989 -108.0
6353
-------------------New----------------
0 0 -57.122358410636004 45.69535249757482 118.5
0 1 -56.036360924534236 41.705717642289834 108.5
1 0 -31.497602841725246 -48.44450492601504 -117.5
1 1 -32.52863423225021 -44.65593638828043 -108.0
6360
-------------------New----------------
0 0 -62.177446332431614 106.29982827913898 118.5
0 1 -62.707629954162336 104.78551764395539 108.5
1 0 -74.64722440641427 70.50719872728074 -117.5
1 1 -74.14622523170091 71.9479141616564 -108.0
6362
-------------------New----------------
0 0 -50.622035512065665 95.07917528911433 118.5
0 1 -49.63013753201359 95.89060083563318 108.5
1 0 -27.220103015572448 114.29196190074815 -117.5
1 1 -28.163057323897988 113.51894101369285 -108.0
6365
-------------------New----------------
0 0 63.3588651147615 34.21442207205577 118.5
0 1 64.44458100961694 32.475369683714725 108.5
1 0 88.87777915428521 -6.821229080353012 -117.5
1 1 87.85771917038822 -5.172493117568866 -108.0
6369
-------------------New----------------
0 0 -50.53279880755037 47.68154218982136 118.5
0 1 -50.64037613953941 46.504975868201065 108.5
1 0 -53.07011688459702 19.913694895702804 -117.5
1 1 -52.96819451204889 21.03129384060847 -108.0
6371
-------------------New----------------
0 0 100.07683109906938 62.243397873329286 118.5
0 1 100.14805189434362 63.30138557578515 108.5
1 0 101.75787414478535 87.21476031528917 -117.5
1 1 101.68991580604856 86.20993526278346 -108.0
6375
-------------------New----------------
0 0 -37.045814764118184 -50.1163242860509 118.5
0 1 -37.852710560599924 -51.25253002885968 108.5
1 0 -56.05758086836933 -76.9402028816773 -117.5
1 1 -55.294133922300375 -75.85877518657561 -108.0
6385
-------------------New----------------
0 0 60.39589532930349 -11.762181087956979 118.5
0 1 60.204982565368574 -9.557509155237662 108.5
1 0 55.904737465666145 40.27584904784712 -117.5
1 1 56.08515377014878 38.179140661097456 -108.0
6387
-------------------New----------------
0 0 91.62624619154259 75.83347826590628 118.5
0 1 92.93267171373076 72.3264242510573 108.5
1 0 122.47144768043161 -6.948384422815427 -117.5
1 1 121.22969922686293 -3.6148132814909752 -108.0
6401
-------------------New----------------
0 0 63.64456208186725 -11.412645767591906 118.5
0 1 65.63108076036507 -8.761448915095722 108.5
1 0 110.43271139366387 51.46801244601778 -117.5
1 1 108.56683829622027 48.900135356799964 -108.0
6403
-------------------New----------------
0 0 -30.9504910785282 -33.63543123692456 118.5
0 1 -28.783447342482766 -31.114400650441745 108.5
1 0 20.182092877942942 25.893203179155705 -117.5
1 1 18.124667463655534 23.497044240998708 -108.0
6409
-------------------New----------------
0 0 -59.14674056192683 -78.49294620943223 118.5
0 1 -59.57633344451567 -76.06332972731576 108.5
1 0 -68.86414917898085 -21.033123271514917 -117.5
1 1 -68.47976151542547 -23.348873607586334 -108.0
6419
-------------------New----------------
0 0 -36.446570890663516 -73.70459895045865 118.5
0 1 -30.262933521363628 -75.0446066548575 108.5
1 0 109.55458208132964 -105.36319464288961 -117.5
1 1 103.67530266337792 -104.08806926487073 -108.0
6428
-------------------New----------------
0 0 8.760997291285687 -26.896271940067738 118.5
0 1 6.7543371888066215 -26.088132140631824 108.5
1 0 -38.643758456537306 -7.937637185071776 -117.5
1 1 -36.72855422883107 -8.696432210255892 -108.0
6439
-------------------New----------------
0 0 -80.4198231704458 15.448108100006184 118.5
0 1 -80.37287572353962 9.894873615267935 108.5
1 0 -79.3201651739783 -115.59901677127368 -117.5
1 1 -79.36509641066323 -110.3246193895917 -108.0
6445
-------------------New----------------
0 0 -75.51330734295321 94.933651548812 118.5
0 1 -74.0642176496491 95.39048380762532 108.5
1 0 -41.33503664812722 105.6876112829921 -117.5
1 1 -42.71265132018566 105.25659179639248 -108.0
6447
-------------------New----------------
0 0 43.615720908989104 -52.74277147958369 118.5
0 1 43.33916146207805 -53.088994386905995 108.5
1 0 37.088113774032976 -60.92440296898242 -117.5
1 1 37.34816740255455 -60.59650432073583 -108.0
6448
-------------------New----------------
0 0 38.29020157468499 -64.47918617903298 118.5
0 1 41.968516915652444 -66.64489539614405 108.5
1 0 124.99949538288513 -115.47226516029862 -117.5
1 1 121.5193042192567 -113.43120271100773 -108.0
6450
-------------------New----------------
0 0 -53.504040054653636 3.886769820983475 118.5
0 1 -53.84919848575565 4.425442986080133 108.5
1 0 -61.61755896315117 16.515644948616973 -117.5
1 1 -61.291538838685504 16.008656739543362 -108.0
6454
-------------------New----------------
0 0 89.82558520854222 77.6286325991878 118.5
0 1 88.07650410954956 78.95022813003935 108.5
1 0 48.48999764912894 108.89292483720052 -117.5
1 1 50.156048650090824 107.63309462428546 -108.0
6468
-------------------New----------------
0 0 -35.90609880217124 -31.315970139759635 118.5
0 1 -34.9800191017258 -28.749906662514302 108.5
1 0 -12.127124462155024 30.164154582503194 -117.5
1 1 -13.172311704130456 27.647547005370747 -108.0
6472
-------------------New----------------
0 0 -72.51433944771281 -48.86580052797073 118.5
0 1 -73.78262044801266 -44.8889878270097 108.5
1 0 -102.39325473757064 45.270252166195924 -117.5
1 1 -101.19026611096402 41.47808949537183 -108.0
6492
-------------------New----------------
0 0 -2.4451212697178115 38.50865979251836 118.5
0 1 -3.6068130324201535 40.19710733509656 108.5
1 0 -29.89735162966366 78.33992126295945 -117.5
1 1 -28.791325454550865 76.73852281354189 -108.0
6495
-------------------New----------------
0 0 82.62739578230409 -26.74612510546394 118.5
0 1 80.46688830488009 -30.912337749091527 108.5
1 0 31.57626286672393 -125.01535590272843 -117.5
1 1 33.6327271431275 -121.06087304178648 -108.0
6504
-------------------New----------------
0 0 8.693900324588732 -15.137041027055465 118.5
0 1 8.643343864768463 -13.405292864759582 108.5
1 0 6.965884291996629 25.702001787442924 -117.5
1 1 7.0586306324124335 24.05926129287544 -108.0
6512
-------------------New----------------
0 0 76.89430460447485 51.065875776528046 118.5
0 1 76.43140094482877 48.91443306054343 108.5
1 0 65.96063624332854 0.2648455904171552 -117.5
1 1 66.40187491885634 2.3105140108970006 -108.0
6514
-------------------New----------------
0 0 -42.18809061884344 98.19302587774106 118.5
0 1 -41.09712028985615 97.47711139419813 108.5
1 0 -16.038352452244805 81.40124395449874 -117.5
1 1 -17.095536279555866 82.06901773523587 -108.0
6535
-------------------New----------------
0 0 -74.83083549706029 67.16106849228893 118.5
0 1 -76.92959842625808 68.3424276542228 108.5
1 0 -124.40375979732312 94.99402199394025 -117.5
1 1 -122.40560190780488 93.87424786774564 -108.0
6545
-------------------New----------------
0 0 -36.158734522551114 -11.791215120983065 118.5
0 1 -35.53445256824692 -14.507760399574437 108.5
1 0 -21.44104951463983 -75.9277324867073 -117.5
1 1 -22.032793360754976 -73.3449809607948 -108.0
6546
-------------------New----------------
0 0 25.119638788946943 -16.771329663403097 118.5
0 1 25.549733879952164 -19.839011659001375 108.5
1 0 35.33268060322705 -89.04054223806894 -117.5
1 1 34.92172507770762 -86.13534419628876 -108.0
6557
-------------------New----------------
0 0 68.32292671958199 12.547925624636488 118.5
0 1 66.00541037837932 12.710470965194366 108.5
1 0 13.582855298624954 16.345322408315003 -117.5
1 1 15.78672891438901 16.19406327611087 -108.0
6558
-------------------New----------------
0 0 28.94256169259417 -0.3740834361889295 118.5
0 1 30.945276225420436 -5.147658070928064 108.5
1 0 76.22330196690207 -113.05533496630683 -117.5
1 1 74.3185298100286 -108.52019860756748 -108.0
6574
-------------------New----------------
0 0 7.748880155650388 51.34591737528315 118.5
0 1 3.106424711378614 48.0118327368075 108.5
1 0 -101.72836568884868 -27.248123602240526 -117.5
1 1 -97.32576373234541 -24.08760733362841 -108.0
6576
-------------------New----------------
0 0 -62.67511588711126 -0.9601187824812119 118.5
0 1 -58.61998145632238 -0.28325048989735774 108.5
1 0 32.738043515751606 14.84138958728948 -117.5
1 1 28.914890318481532 14.212563107533754 -108.0
6578
-------------------New----------------
0 0 63.74939377032265 -75.97461884054799 118.5
0 1 66.12176913020905 -73.94336323721465 108.5
1 0 119.76071655323912 -28.04440043999732 -117.5
1 1 117.50414202251 -29.974083681043304 -108.0
6587
-------------------New----------------
0 0 -72.06984375278775 -63.91910813433486 118.5
0 1 -70.79200566226238 -61.964703875115674 108.5
1 0 -41.61117693739136 -18.5980966541444 -117.5
1 1 -42.83378401618599 -20.41015320566806 -108.0
6593
-------------------New----------------
0 0 -32.840749735822 67.61941510026085 118.5
0 1 -35.110794207459286 69.81305664973306 108.5
1 0 -87.20023352106324 120.36042833451184 -117.5
1 1 -85.00428284404957 118.21524050314329 -108.0
6605
-------------------New----------------
0 0 -107.76013111772579 66.76031698828159 118.5
0 1 -106.3921458401037 67.05786051706565 108.5
1 0 -75.47492714229955 73.80028047450983 -117.5
1 1 -76.77527973220684 73.51663246335838 -108.0
6607
-------------------New----------------
0 0 -47.856749223731654 75.40622105897202 118.5
0 1 -44.91867818241124 76.43431327757031 108.5
1 0 21.480313278584322 99.69772192095508 -117.5
1 1 18.68913386371262 98.71833568904384 -108.0
6613
-------------------New----------------
0 0 86.31727999395336 -49.2145585411763 118.5
0 1 83.69062086661329 -51.48353408580766 108.5
1 0 23.830118618937327 -102.94274001217029 -117.5
1 1 26.36841001727828 -100.77215295145683 -108.0
6618
-------------------New----------------
0 0 -16.41083132801797 69.92269658624672 118.5
0 1 -11.573780195600218 67.6031343503978 108.5
1 0 97.63904626461894 15.106995126689762 -117.5
1 1 93.05286602884064 17.317158648871413 -108.0
6620
-------------------New----------------
0 0 6.755937386870158 -92.28428681032796 118.5
0 1 10.54366546344887 -90.96113329813434 108.5
1 0 96.2206985872288 -61.09415802535739 -117.5
1 1 92.61836618510645 -62.348985968884655 -108.0
6622
-------------------New----------------
0 0 -15.189427789128938 42.30097087512587 118.5
0 1 -10.240625280326714 43.551655123066126 108.5
1 0 101.62100924996602 71.85801654686458 -117.5
1 1 96.91685616518825 70.66659550589516 -108.0
6628
-------------------New----------------
0 0 -29.380448117383622 -28.656707915696966 118.5
0 1 -23.842968499856376 -30.20849121017981 108.5
1 0 101.30514248946403 -65.27828440141711 -117.5
1 1 96.04454607503833 -63.804085044176546 -108.0
6637
-------------------New----------------
0 0 2.9538475544869724 74.41137694293175 118.5
0 1 3.083634555580164 74.1911127813983 108.5
1 0 6.004418407396772 69.20290293430162 -117.5
1 1 5.882644812189221 69.41295720053581 -108.0
6644
-------------------New----------------
0 0 47.89187070137435 -90.35868488431403 118.5
0 1 48.14280798274002 -89.91089331400724 108.5
1 0 53.812384665189505 -79.79368638434295 -117.5
1 1 53.574133880143606 -80.21892718360829 -108.0
6645
-------------------New----------------
0 0 36.32182335316095 65.8976984191311 118.5
0 1 32.840284583479175 62.06986216061598 108.5
1 0 -45.84626326300959 -24.431313928858113 -117.5
1 1 -42.53834159126553 -20.79531571659959 -108.0
6649
-------------------New----------------
0 0 29.534768463151018 56.14910585464251 118.5
0 1 31.86578208845839 53.626126224499714 108.5
1 0 84.60393790650882 -3.3863462107196467 -117.5
1 1 82.38700700006575 -0.9881290679784019 -108.0
6650
-------------------New----------------
0 0 45.433848274499574 73.93093001988873 118.5
0 1 45.8141485268108 84.0421888063413 108.5
1 0 -77.53078206289305 14.880664069025713 -117.5
1 1 -78.5002769857002 11.904240682043987 -108.0
6671
-------------------New----------------
0 0 -33.46496295893314 51.87743953716161 118.5
0 1 -32.09736883203539 49.33293841536219 108.5
1 0 -1.2118543013507883 -8.133166867739874 -117.5
1 1 -2.509936155648019 -5.721381802901872 -108.0
6676
-------------------New----------------
0 0 -75.16620101559313 34.04901230923107 118.5
0 1 -72.05797020703874 36.94916517404617 108.5
1 0 -1.7606030646430226 102.37283878934701 -117.5
1 1 -4.719419410733593 99.62099224757 -108.0
6677
-------------------New----------------
0 0 -10.248307298906115 83.8032092478395 118.5
0 1 -12.587135859134353 82.00269006777731 108.5
1 0 -65.39051192607056 41.327087214542004 -117.5
1 1 -63.174509239552094 43.03603122918172 -108.0
6680
-------------------New----------------
0 0 37.26631660415042 -38.557377884629524 118.5
0 1 33.532802819308436 -38.156047805814794 108.5
1 0 -50.81919695178204 -29.05354210298055 -117.5
1 1 -47.2718728254863 -29.438161651760776 -108.0
6682
-------------------New----------------
0 0 -42.66935732019731 71.85006728052991 118.5
0 1 -45.2504162047007 69.00682556974999 108.5
1 0 -103.64088426198157 4.717423870171079 -117.5
1 1 -101.18479342566675 7.421541249795986 -108.0
6699
-------------------New----------------
0 0 97.66496495123371 -73.94366357011305 118.5
0 1 96.04708120990419 -74.80947712077135 108.5
1 0 59.49883915210334 -94.44733218235456 -117.5
1 1 61.0357507614048 -93.62002739233947 -108.0
6700
-------------------New----------------
0 0 -21.451931591050908 -93.11436737681528 118.5
0 1 -20.9519713820941 -93.83386822709227 108.5
1 0 -9.603324360505312 -110.07932011172491 -117.5
1 1 -10.081203345554883 -109.39733916593919 -108.0
6703
-------------------New----------------
0 0 16.046566424980735 3.9330461151419174 118.5
0 1 17.867750127142102 7.889466687976719 108.5
1 0 59.020174754163236 97.36260341897112 -117.5
1 1 57.291611376719096 93.6009429662769 -108.0
6719
-------------------New----------------
0 0 -48.24842351148987 7.670507379342752 118.5
0 1 -49.05567087109184 7.259691781765184 108.5
1 0 -67.24863549030603 -1.8333456814063624 -117.5
1 1 -66.48809186624734 -1.4563883169996443 -108.0
6727
-------------------New----------------
0 0 77.82167947276331 -35.84959273704566 118.5
0 1 78.22312191760277 -34.66420924189974 108.5
1 0 87.27475537856904 -7.871930690456513 -117.5
1 1 86.89445077621687 -8.998068857022377 -108.0
6733
-------------------New----------------
0 0 58.10362739361388 -67.2595502450969 118.5
0 1 55.88324514889732 -70.84307384020026 108.5
1 0 -27.089046957363927 -82.74699813469829 -117.5
1 1 -25.34646290588103 -78.67697747084489 -108.0
6736
-------------------New----------------
0 0 -39.612009529314385 6.41250245491481 118.5
0 1 -37.892735869035185 3.811642176421608 108.5
1 0 0.9550775840248884 -54.92843849324979 -117.5
1 1 -0.6804519786952448 -52.46344248199847 -108.0
6741
-------------------New----------------
0 0 72.09469792089126 109.40310267626649 118.5
0 1 68.44592245726724 110.14954712659684 108.5
1 0 -13.90038675795331 127.05940112461981 -117.5
1 1 -10.444144000190462 126.34635128886734 -108.0
6744
-------------------New----------------
0 0 -47.5152068159156 -87.85027609568935 118.5
0 1 -49.80477362711214 -86.36076883094302 108.5
1 0 -101.56014345405286 -52.689634878284906 -117.5
1 1 -99.38438067362567 -54.105143405824876 -108.0
6745
-------------------New----------------
0 0 -64.36055942680571 -15.63665190132411 118.5
0 1 -62.73493587535044 -13.750132075899803 108.5
1 0 -26.015172937472283 28.882588747720643 -117.5
1 1 -27.55822760532248 27.090726487327952 -108.0
6752
-------------------New----------------
0 0 -69.73354609930077 -84.31512234202935 118.5
0 1 -67.93510843502173 -81.28359171857512 108.5
1 0 -27.181996678584927 -13.603864208514068 -117.5
1 1 -28.905395302228023 -16.45074168468644 -108.0
6753
-------------------New----------------
0 0 6.883932216214281 -21.936237174102548 118.5
0 1 4.442723854496339 -25.76826434673805 108.5
1 0 -50.65237829063908 -112.40414193054156 -117.5
1 1 -48.34328974084837 -108.76428351418431 -108.0
6762
-------------------New----------------
0 0 8.576589710149536 -30.708086393512197 118.5
0 1 10.968081197898877 -27.474262661914345 108.5
1 0 65.28234849099988 46.52933004661334 -117.5
1 1 63.05718191938988 43.34532106832181 -108.0
6773
-------------------New----------------
0 0 -51.39352023331062 31.408105222518792 118.5
0 1 -54.049902854999594 31.791997322851852 108.5
1 0 -114.26639280735212 40.02533269446083 -117.5
1 1 -111.72991870938093 39.68570625328253 -108.0
6782
-------------------New----------------
0 0 52.34441277214332 -89.07837866317581 118.5
0 1 49.251727882762715 -89.1349971951514 108.5
1 0 -20.5940606398758 -90.59813366611655 -117.5
1 1 -17.65892828186466 -90.52512409979201 -108.0
6788
-------------------New----------------
0 0 79.38867905268971 51.816140567953425 118.5
0 1 76.92756771026494 49.601706264218514 108.5
1 0 21.343367578256995 -0.4365939921610032 -117.5
1 1 23.69139275717156 1.6580824292585135 -108.0
6795
-------------------New----------------
0 0 47.92880801176665 -107.4066946075701 118.5
0 1 44.49604829409593 -107.08621114565013 108.5
1 0 -33.09259456670016 -99.85191245136375 -117.5
1 1 -29.82887549077774 -100.15566303276694 -108.0
6797
-------------------New----------------
0 0 55.71013231377411 72.63074218673599 118.5
0 1 51.47328813942511 72.64628873479185 108.5
1 0 -44.279720408035146 73.00086595750915 -117.5
1 1 -40.25486729626645 72.98598079165515 -108.0
6800
-------------------New----------------
0 0 66.3881957817995 -8.37954222395834 118.5
0 1 66.68914767948189 -4.4537832834274145 108.5
1 0 73.25523405009355 84.3373150237937 -117.5
1 1 72.9863479717955 80.60917779851813 -108.0
6801
-------------------New----------------
0 0 53.10838747940261 -83.25394540788156 118.5
0 1 48.53126310189151 -80.20149819497404 108.5
1 0 -54.959119225260075 -11.208493103725734 -117.5
1 1 -50.60528519668464 -14.110616335018557 -108.0
6834
-------------------New----------------
0 0 -80.30485354018064 -30.27659839538105 118.5
0 1 -80.06085555214943 -27.994536737451426 108.5
1 0 -74.52671985432852 23.743802484238113 -117.5
1 1 -74.75870519248039 21.56795204861819 -108.0
6848
-------------------New----------------
0 0 24.37773263194442 16.711953449227977 118.5
0 1 27.378336565176294 14.07939616016974 108.5
1 0 95.18600103263825 -45.420035712424585 -117.5
1 1 92.33565876568265 -42.91866757780572 -108.0
6866
-------------------New----------------
0 0 -87.76303378632309 2.325761818118731 118.5
0 1 -85.98042930295732 2.417650052553525 108.5
1 0 -45.56024823995433 4.405410146102787 -117.5
1 1 -47.26066229354667 4.325052694099324 -108.0
6869
-------------------New----------------
0 0 48.992576436615806 119.45099364137475 118.5
0 1 47.66767014469283 118.98101121522889 108.5
1 0 17.86132463989341 108.27902440925466 -117.5
1 1 19.11441053178775 108.7294376395109 -108.0
6870
-------------------New----------------
0 0 -107.4450119053962 -51.39327478839922 118.5
0 1 -107.56829044227156 -47.309896697704914 108.5
1 0 -110.45104267230484 45.1125309036383 -117.5
1 1 -110.32585946742351 41.220551953876125 -108.0
6872
-------------------New----------------
0 0 73.1279085169528 33.07579575088663 118.5
0 1 72.82840228514097 36.119769467655516 108.5
1 0 66.05902345523904 104.89957743713379 -117.5
1 1 66.343095438895 102.00882941945379 -108.0
6873
-------------------New----------------
0 0 25.00346441584687 -87.8376216496858 118.5
0 1 23.514463728552208 -84.96001157834131 108.5
1 0 -10.266225754856242 -20.116332763854096 -117.5
1 1 -8.843971581908171 -22.842295111055726 -108.0
6874
-------------------New----------------
0 0 -32.36292719335284 -84.33683406163624 118.5
0 1 -34.99964644115372 -85.29924707982963 108.5
1 0 -94.35473474701885 -107.13871501513222 -117.5
1 1 -91.86840893006081 -106.22063045420836 -108.0
6875
-------------------New----------------
0 0 19.47063717964849 -44.974295281599815 118.5
0 1 15.937499578820404 -43.935525331998825 108.5
1 0 -63.715163599453135 -19.894515833323897 -117.5
1 1 -60.34454303276133 -20.92837071640932 -108.0
6879
-------------------New----------------
0 0 9.425118191981312 63.635022531155855 118.5
0 1 7.653331139557731 65.04347164467926 108.5
1 0 -32.35207593340071 96.85577796708132 -117.5
1 1 -30.670904600213852 95.51832417697565 -108.0
6890
-------------------New----------------
0 0 66.3195305847814 54.6338129353716 118.5
0 1 67.20321424178263 56.23928688387416 108.5
1 0 87.13062991309845 92.48473725953878 -117.5
1 1 86.29848635396795 90.96234077924284 -108.0
6912
-------------------New----------------
0 0 -16.920906501745147 32.265657635659274 118.5
0 1 -19.753596446718166 30.96975316512132 108.5
1 0 -83.77647473421231 1.5824105421857277 -117.5
1 1 -81.08885814926126 2.8187248673041956 -108.0
6916
-------------------New----------------
0 0 90.14272807167 1.0163756154211658 118.5
0 1 89.74792470953267 4.219183860351009 108.5
1 0 80.80249855865202 76.7978084557204 -117.5
1 1 81.19773717614626 73.74414006042515 -108.0
6919
-------------------New----------------
0 0 -61.1276676071451 69.76885519155789 118.5
0 1 -63.06385756702986 69.28621153960776 108.5
1 0 -106.7824459928169 58.372533711625955 -117.5
1 1 -104.94297063261953 58.83401496476464 -108.0
6922
-------------------New----------------
0 0 84.49704761348389 -62.63287796723201 118.5
0 1 82.37060666036932 -59.21349557418394 108.5
1 0 34.152960544938324 18.109776728140766 -117.5
1 1 36.18423515949846 14.85485406038826 -108.0
6925
-------------------New----------------
0 0 -30.925447028989293 20.345548374557332 118.5
0 1 -32.980725474423394 22.912953267419837 108.5
1 0 -79.45504606766733 80.94157123172216 -117.5
1 1 -77.50049402700529 78.50227371486623 -108.0
6926
-------------------New----------------
0 0 -23.202320726643528 -55.98058589202526 118.5
0 1 -21.200889475472017 -58.78422926269369 108.5
1 0 24.02239776379509 -122.18921919853184 -117.5
1 1 22.123626863586136 -119.51814403291273 -108.0
6928
-------------------New----------------
0 0 20.895806834727118 -43.67354680307935 118.5
0 1 23.247923472752813 -44.46861497209998 108.5
1 0 76.32478051969494 -62.32896405216062 -117.5
1 1 74.09765054610855 -61.57920574111345 -108.0
6931
-------------------New----------------
0 0 -36.19525627507274 85.06848222189043 118.5
0 1 -32.76454081166068 85.37772347172016 108.5
1 0 44.7253118856309 92.3846810330873 -117.5
1 1 41.469191432932334 92.09107690156596 -108.0
6934
-------------------New----------------
0 0 51.14308482127625 48.63473876199174 118.5
0 1 50.37677184234252 50.94147615989742 108.5
1 0 33.048712433389156 103.08031889617412 -117.5
1 1 33.779725226768534 100.88841856377574 -108.0
6942
-------------------New----------------
0 0 -56.230934867629244 -74.73036349291758 118.5
0 1 -55.39577554430116 -74.44587098505893 108.5
1 0 -36.45578400060037 -67.89304215990862 -117.5
1 1 -37.25665261471749 -68.17802085321321 -108.0
6943
-------------------New----------------
0 0 3.9863568523002906 -108.33114467752436 118.5
0 1 2.834043361086385 -107.84877679148045 108.5
1 0 -23.142043754841204 -96.99162587958197 -117.5
1 1 -22.044749703586717 -97.44058799422162 -108.0
6944
-------------------New----------------
0 0 58.6446126053357 109.54481328531207 118.5
0 1 57.01788088144502 109.56505506944538 108.5
1 0 20.808539056053085 109.37041998259478 -117.5
1 1 22.328186816217066 109.38758959878878 -108.0
6952
-------------------New----------------
0 0 -21.61054150773571 20.93598043341291 118.5
0 1 -16.97025097228921 23.857436248310172 108.5
1 0 87.86787120219424 89.83634380839246 -117.5
1 1 83.46074464454743 87.06346050885927 -108.0
6953
-------------------New----------------
0 0 92.90300509369615 -73.38642202922455 118.5
0 1 92.67270053452398 -72.19178343552684 108.5
1 0 86.54395861787883 -44.99705427761529 -117.5
1 1 86.8749174478883 -46.13289931866394 -108.0
6956
-------------------New----------------
0 0 50.57510946308783 120.60117393776383 118.5
0 1 44.995282601367194 120.3909656629462 108.5
1 0 -81.06316295555703 115.6884070796004 -117.5
1 1 -75.77109289768985 115.88781290695383 -108.0
6962
-------------------New----------------
0 0 11.074772922028528 -84.32713182488177 118.5
0 1 9.755788131083563 -84.96433623944243 108.5
1 0 -20.06214152462075 -99.36300778966111 -117.5
1 1 -18.808756361380546 -98.75721427583667 -108.0
6969
-------------------New----------------
0 0 -9.785932386236441 -38.00090962826317 118.5
0 1 -11.669544003727452 -37.43823499240121 108.5
1 0 -54.27398204329322 -24.757699820663476 -117.5
1 1 -52.483689531222225 -25.292796831413547 -108.0
6974
-------------------New----------------
0 0 -3.2720549871474534 2.8436907535401885 118.5
0 1 -0.8474100233408983 2.000277573650084 108.5
1 0 53.80988501063698 -17.00470194232431 -117.5
1 1 51.50904960584953 -16.207975270777816 -108.0
6979
-------------------New----------------
0 0 99.23277542996568 47.35117751720772 118.5
0 1 98.19555712711906 42.88000043133348 108.5
1 0 74.74432078759955 -58.15947735899307 -117.5
1 1 75.72996431959074 -53.91292895821342 -108.0
6984
-------------------New----------------
0 0 45.29982583867369 -29.699941542198694 118.5
0 1 43.62142688012121 -27.643568059594052 108.5
1 0 5.614250208363678 18.631962013102086 -117.5
1 1 7.211924349613357 16.688493959064136 -108.0
6987
-------------------New----------------
0 0 86.64572874194067 -104.28201914706453 118.5
0 1 88.26414721598334 -104.47315292681351 108.5
1 0 124.78042976646171 -109.28025074194568 -117.5
1 1 123.26446451340932 -109.07170648747646 -108.0
6991
-------------------New----------------
0 0 112.91604635237127 0.7856730863561907 118.5
0 1 113.24042558095557 -2.3556455818689734 108.5
1 0 120.56184640407028 -73.33712698595723 -117.5
1 1 120.25392611309037 -70.35366332549154 -108.0
6994
-------------------New----------------
0 0 85.26674854733992 -35.34391105325132 118.5
0 1 84.43033087391211 -35.158838323769515 108.5
1 0 65.55286988167778 -30.948118608546707 -117.5
1 1 66.34540673173419 -31.126096418139298 -108.0
6996
-------------------New----------------
0 0 -122.46265531163064 20.171494589572767 118.5
0 1 -122.49722611647148 19.72874009331296 108.5
1 0 -123.25328257148962 9.6416744599798 -117.5
1 1 -123.2222995061095 10.066602231700916 -108.0
6998
-------------------New----------------
0 0 70.37586154009475 -10.163356031378596 118.5
0 1 70.80990964934792 -7.543345407309145 108.5
1 0 80.62718047920914 51.67067529815133 -117.5
1 1 80.21368330419975 49.182127495014285 -108.0
7008
-------------------New----------------
0 0 93.06915881077626 59.740277093112795 118.5
0 1 93.96748864095734 57.676495293637515 108.5
1 0 114.24410455275272 11.071718712557075 -117.5
1 1 113.39202741406896 13.0287746242536 -108.0
7009
-------------------New----------------
0 0 -2.919748510378358 -79.02063923681338 118.5
0 1 0.13913623200553324 -77.3444164004689 108.5
1 0 69.35896302298325 -39.554670227273895 -117.5
1 1 66.4474339890241 -41.14017838110742 -108.0
7012
-------------------New----------------
0 0 -10.369397524792165 28.940553241921474 118.5
0 1 -10.070755581188573 27.807850291774987 108.5
1 0 -3.3069545164989735 2.2344285730772913 -117.5
1 1 -3.592016501357847 3.30715236418445 -108.0
7014
-------------------New----------------
0 0 21.641871254833966 9.179914716821115 118.5
0 1 15.48205165000727 6.689481108396306 108.5
1 0 -124.06957664393451 -49.61853544924712 -117.5
1 1 -118.18970153317312 -47.27343443305797 -108.0
7015
-------------------New----------------
0 0 4.938888385830726 80.30319544321432 118.5
0 1 -0.6470952529428452 78.1169153115894 108.5
1 0 -126.87195025318172 28.70537437045805 -117.5
1 1 -121.56629630254204 30.78239525578793 -108.0
7016
-------------------New----------------
0 0 -22.682878145921997 -1.7224786745836766 118.5
0 1 -16.58421943855905 -4.01885736661927 108.5
1 0 121.27899926187001 -55.90734001235576 -117.5
1 1 115.48309612315514 -53.72624247460285 -108.0
7019
-------------------New----------------
0 0 -59.1170281003201 35.615615221958485 118.5
0 1 -56.49487113565677 37.43762448389146 108.5
1 0 2.6688523914601694 78.36834973082341 -117.5
1 1 0.18877358519295057 76.6560007054681 -108.0
7033
-------------------New----------------
0 0 -90.61351748913827 63.491713291153076 118.5
0 1 -87.94418441153962 62.12723421756512 108.5
1 0 -28.132686869985083 31.45991715339998 -117.5
1 1 -30.62934023818115 32.75745905066662 -108.0
7039
-------------------New----------------
0 0 101.17464909080977 -99.35097303133303 118.5
0 1 99.43321075548043 -100.0798235342386 108.5
1 0 59.93493107045374 -116.6590871841388 -117.5
1 1 61.60753945520976 -115.95673888885224 -108.0
7042
-------------------New----------------
0 0 1.322581620561858 39.98743793888379 118.5
0 1 -3.55005159133452 42.426226205838006 108.5
1 0 -113.72409709694486 97.40035750225555 -117.5
1 1 -109.08974340156267 95.09096598660528 -108.0
7044
-------------------New----------------
0 0 -53.091631610117474 -47.498305278389275 118.5
0 1 -50.730120077284354 -42.428743903295796 108.5
1 0 2.634457355546073 72.18746909014779 -117.5
1 1 0.39350861408966936 67.369683276357 -108.0
7047
-------------------New----------------
0 0 -40.77305558448005 -80.09776055829865 118.5
0 1 -41.62614807463058 -80.73559039214243 108.5
1 0 -60.54996192052037 -95.18020813063148 -117.5
1 1 -59.75963367974068 -94.56847280277874 -108.0
7052
-------------------New----------------
0 0 31.559867259194363 21.506149205037183 118.5
0 1 35.408106298974396 17.209062329629226 108.5
1 0 122.34489841951572 -79.88960285578088 -117.5
1 1 118.68923544763143 -75.80924792621656 -108.0
7054
-------------------New----------------
0 0 64.53782939921619 -37.40038930572598 118.5
0 1 59.993651844443136 -37.47377658272086 108.5
1 0 -42.712517020680814 -39.13095509231756 -117.5
1 1 -38.39493800396078 -39.061508316843074 -108.0
7056
-------------------New----------------
0 0 1.2795224405675463 29.782296577877496 118.5
0 1 -2.100449035099409 28.581094943886853 108.5
1 0 -78.4774068443196 1.3667467226198258 -117.5
1 1 -75.265233095512 2.511649567993993 -108.0
7059
-------------------New----------------
0 0 57.22962949802992 53.28560260022838 118.5
0 1 54.18264364122251 50.79094323733653 108.5
1 0 -14.677124764134817 -5.605412515025606 -117.5
1 1 -11.782400161647095 -3.2326562178290366 -108.0
7060
-------------------New----------------
0 0 4.298687205465134 -16.090742121003913 118.5
0 1 1.4268616153736644 -18.935787831392055 108.5
1 0 -63.55541031844241 -83.2412059531085 -117.5
1 1 -60.82493045120482 -80.53463731604563 -108.0
7065
-------------------New----------------
0 0 37.733545559305654 -57.62958394261766 118.5
0 1 40.26630926799102 -57.238896825364726 108.5
1 0 97.52507482920454 -48.42006646600261 -117.5
1 1 95.11820184563287 -48.791945700628276 -108.0
7076
-------------------New----------------
0 0 -32.775201524399776 73.67179488547688 118.5
0 1 -35.32489404145496 72.47820270869396 108.5
1 0 -92.92313808314097 45.50084782906835 -117.5
1 1 -90.5019701621798 46.635372478208836 -108.0
7080
-------------------New----------------
0 0 -71.11203488486308 98.61852617287215 118.5
0 1 -71.66503197183098 96.83450937395477 108.5
1 0 -84.12650487349099 56.47831700533408 -117.5
1 1 -83.6018600766274 58.189471424088325 -108.0
7087
-------------------New----------------
0 0 39.89051359218903 -29.770921746555423 118.5
0 1 39.45091866263691 -29.830063398342993 108.5
1 0 29.528105560958686 -31.104491782491863 -117.5
1 1 29.944377466416434 -31.05005470454076 -108.0
7096
-------------------New----------------
0 0 66.19581007113587 26.712179467235387 118.5
0 1 67.15830372098188 23.131285176661954 108.5
1 0 88.88065573983428 -57.78164070788603 -117.5
1 1 87.96893118133083 -54.3820587124701 -108.0
7102
-------------------New----------------
0 0 -44.82039134817432 42.06189549084935 118.5
0 1 -42.987752986968786 40.33372993650616 108.5
1 0 -1.528238141467852 1.189880024694253 -117.5
1 1 -3.273840586580289 2.8365317373401764 -108.0
7106
-------------------New----------------
0 0 -45.69650588344663 -16.82667777307659 118.5
0 1 -46.71093484204091 -17.547975247066223 108.5
1 0 -71.26950016945833 -34.26271220144897 -117.5
1 1 -70.13898923277226 -33.552957482209806 -108.0
7109
-------------------New----------------
0 0 -33.92540548553045 17.105066133450972 118.5
0 1 -33.190569775479304 16.904640650587485 108.5
1 0 -16.428142280901785 12.53095993965752 -117.5
1 1 -17.13706320673116 12.716169179646345 -108.0
7112
-------------------New----------------
0 0 -27.729738824734113 -74.46344898253034 118.5
0 1 -31.671374056446858 -75.57206104012837 108.5
1 0 -120.80692612678517 -100.59323098803222 -117.5
1 1 -117.05424457631446 -99.54506141890315 -108.0
7113
-------------------New----------------
0 0 -13.728061400845217 -7.988128561218491 118.5
0 1 -8.089345736803423 -8.946640335716912 108.5
1 0 119.50059370319093 -30.504608742968394 -117.5
1 1 114.11686446534455 -29.618673766295387 -108.0
7126
-------------------New----------------
0 0 24.47193467683113 37.74792041353844 118.5
0 1 25.30303748903582 35.38838276407222 108.5
1 0 43.76152464640215 -17.878478193877175 -117.5
1 1 42.99806768973399 -15.641466780494474 -108.0
7136
-------------------New----------------
0 0 37.818585835803006 1.9643315308227898 118.5
0 1 37.735101299977316 -2.817416441802329 108.5
1 0 36.133984238668084 -111.06914487386514 -117.5
1 1 36.1899410877311 -106.5212759643936 -108.0
7141
-------------------New----------------
0 0 -74.29127127905939 -1.4135338932787103 118.5
0 1 -72.29257643324348 -0.17080286041233717 108.5
1 0 -27.110372559748622 28.20728422544689 -117.5
1 1 -29.00503306781048 27.007545236738725 -108.0
7144
-------------------New----------------
0 0 101.41362889354488 57.7687970564175 118.5
0 1 102.26486791325365 60.13593806912602 108.5
1 0 121.52466876144395 113.65618749147089 -117.5
1 1 120.71463606805139 111.40597543787321 -108.0
7155
-------------------New----------------
0 0 20.804693964954147 64.06333403525059 118.5
0 1 14.526282857869424 61.76535408673634 108.5
1 0 -127.36455757774608 9.836144475460355 -117.5
1 1 -121.40031098587482 12.018003906970375 -108.0
7158
-------------------New----------------
0 0 -19.28543380735059 33.117134998659665 118.5
0 1 -14.99642796447846 36.21829846484002 108.5
1 0 81.80701133294396 106.31099156910443 -117.5
1 1 77.73817608665892 103.36437600043212 -108.0
7163
-------------------New----------------
0 0 -49.62129501670509 30.37988154865556 118.5
0 1 -47.98117455082809 32.030011183536814 108.5
1 0 -11.40138758959824 69.21683872337101 -117.5
1 1 -12.953972373178697 67.60563344444348 -108.0
7169
-------------------New----------------
0 0 38.13057058304543 -0.0334994472785235 118.5
0 1 35.93524894113296 1.5111299711838702 108.5
1 0 -13.780171969166432 35.98924231033844 -117.5
1 1 -11.69538812732065 34.55446611673958 -108.0
7189
-------------------New----------------
0 0 84.8757182484886 16.551545309294426 118.5
0 1 86.20259550923058 19.4342170320461 108.5
1 0 116.33948032084133 84.78655233251688 -117.5
1 1 115.07245504884091 82.03900569606546 -108.0
7196
-------------------New----------------
0 0 -61.62822453457867 -36.31624109799807 118.5
0 1 -58.670309110067514 -36.472056699191306 108.5
1 0 8.048386245156271 -40.07642585685752 -117.5
1 1 5.255362140471128 -39.92298256762313 -108.0
7206
-------------------New----------------
0 0 60.88246371447074 61.11638705625262 118.5
0 1 59.575576257868036 57.88625719346336 108.5
1 0 30.00456098002878 -14.928473382634994 -117.5
1 1 31.230138820651167 -11.870049821436279 -108.0
7208
-------------------New----------------
0 0 11.042313082771653 74.0200697109269 118.5
0 1 9.255110760541177 70.80959262827396 108.5
1 0 -31.11415164417037 -1.680911431654438 -117.5
1 1 -29.41642641956428 1.3658159527607385 -108.0
7212
-------------------New----------------
0 0 -25.128029262404148 -71.24674217547792 118.5
0 1 -26.536966007351158 -68.64362109234995 108.5
1 0 -58.45870965637816 -9.857781893440313 -117.5
1 1 -57.10056436358748 -12.330574450399116 -108.0
7216
-------------------New----------------
0 0 -43.34186964204561 -36.624206366790204 118.5
0 1 -41.54401705628216 -36.35893429098944 108.5
1 0 -0.907859783315428 -30.390339366861063 -117.5
1 1 -2.616428992921793 -30.642287576639156 -108.0
7222
-------------------New----------------
0 0 -43.67342901841262 -92.65562975926947 118.5
0 1 -45.350364090729606 -90.70751544346889 108.5
1 0 -83.31263212948441 -46.59266236114469 -117.5
1 1 -81.7129948881863 -48.447451529318485 -108.0
7223
-------------------New----------------
0 0 -29.749579592239932 95.37280712298534 118.5
0 1 -31.60505522552873 96.59121187598979 108.5
1 0 -73.47560393373809 124.31199792638206 -117.5
1 1 -71.71337988646731 123.14282023925867 -108.0
7232
-------------------New----------------
0 0 44.87597957957692 49.845758196650664 118.5
0 1 42.76788745658745 45.2673847099477 108.5
1 0 -4.866407738547048 -58.10545509556857 -117.5
1 1 -2.8592630461813093 -53.76177344327367 -108.0
7235
-------------------New----------------
0 0 -113.47596715971099 -4.278314599654515 118.5
0 1 -112.68598790581822 -6.369852963732235 108.5
1 0 -94.82792355784798 -53.65146803012033 -117.5
1 1 -95.57823123229034 -51.66365728339421 -108.0
7239
-------------------New----------------
0 0 -60.33968950699953 -20.878542159892085 118.5
0 1 -59.44057729640497 -17.755467224755204 108.5
1 0 -38.775147459179905 52.107722911468535 -117.5
1 1 -39.64550434862194 49.174263250087236 -108.0
7241
-------------------New----------------
0 0 -82.81134791063057 -25.55248924605566 118.5
0 1 -82.40736906529804 -20.524099939976217 108.5
1 0 -73.27770116338613 93.1107500336702 -117.5
1 1 -73.66167188122333 88.33368838007071 -108.0
7245
-------------------New----------------
0 0 -6.749281452168591 85.72865432268378 118.5
0 1 -10.543716917102051 82.78544808736301 108.5
1 0 -96.32973804195316 16.448075742335767 -117.5
1 1 -92.72260082268643 19.234671320127397 -108.0
7251
-------------------New----------------
0 0 101.80541631533107 -7.577825640431106 118.5
0 1 100.75582765505231 -10.404290138171636 108.5
1 0 77.0525872431533 -74.31183810236911 -117.5
1 1 78.0483580905549 -71.62492070912617 -108.0
7253
-------------------New----------------
0 0 -32.57203924867661 -52.69400025998816 118.5
0 1 -33.83625661293688 -52.20021657750294 108.5
1 0 -62.40609604197957 -41.03788570187759 -117.5
1 1 -61.20512288983322 -41.50730309672105 -108.0
7255
-------------------New----------------
0 0 -79.23795900861101 -16.660435279185464 118.5
0 1 -77.29640894996217 -15.82139439334379 108.5
1 0 -33.43952738497815 3.1642037720734226 -117.5
1 1 -35.28037101173713 2.3623197528885718 -108.0
7264
-------------------New----------------
0 0 -7.345240898001691 -10.690966768070828 118.5
0 1 -8.781024289855022 -8.355981649573412 108.5
1 0 -41.26726762450142 44.402094076244566 -117.5
1 1 -39.90229869837365 42.188202075683556 -108.0
7266
-------------------New----------------
0 0 -76.77988955294774 15.796076309159028 118.5
0 1 -75.2124339735119 14.030386040744602 108.5
1 0 -40.046150475569576 -26.133935881573677 -117.5
1 1 -41.52080561988695 -24.44053309927616 -108.0
7280
-------------------New----------------
0 0 69.12238735355712 -44.07589338833279 118.5
0 1 65.28488387950394 -41.81982079919296 108.5
1 0 -21.481237844707138 9.169693567091045 -117.5
1 1 -17.833610837668857 7.026246392114968 -108.0
7294
-------------------New----------------
0 0 -42.4385488143143 27.051908159134264 118.5
0 1 -41.896184515599764 23.917348207218716 108.5
1 0 -29.63507871378031 -46.925664975902926 -117.5
1 1 -30.150490649244052 -43.948459137970715 -108.0
7302
-------------------New----------------
0 0 44.11091011643988 58.40091808314319 118.5
0 1 44.155649772925386 60.757113370163076 108.5
1 0 45.367758089375855 114.04189104653315 -117.5
1 1 45.315254316439116 111.7975732598635 -108.0
7304
-------------------New----------------
0 0 78.41815287400048 -24.86493268242845 118.5
0 1 76.60915845288 -27.94915991528479 108.5
1 0 35.69731670062967 -97.5088787580214 -117.5
1 1 37.41944882132839 -94.58472755029874 -108.0
7307
-------------------New----------------
0 0 -97.25621656379386 -75.33544346157042 118.5
0 1 -95.28638646614114 -77.50178953779698 108.5
1 0 -50.778685136846526 -126.46693567101458 -117.5
1 1 -52.64984676937719 -124.40921784136572 -108.0
7319
-------------------New----------------
0 0 -18.853251268177946 -0.4722149213642937 118.5
0 1 -19.333018528299466 0.5543694478231999 108.5
1 0 -30.15722464361635 23.725809348358077 -117.5
1 1 -29.70173389376805 22.75169223919993 -108.0
7320
-------------------New----------------
0 0 97.71112197460158 43.63087757919579 118.5
0 1 96.01004929766133 41.57823190933376 108.5
1 0 57.540694587348504 -4.807793274399702 -117.5
1 1 59.15821352073755 -2.8591254488407296 -108.0
7322
-------------------New----------------
0 0 -120.15204610574737 91.86720355956147 118.5
0 1 -119.89317854470585 91.1225264654637 108.5
1 0 -114.05205642506766 74.2345530229301 -117.5
1 1 -114.29827344867877 74.94213769032388 -108.0
7331
-------------------New----------------
0 0 -46.48414090111841 -13.214522811138096 118.5
0 1 -44.1787117518965 -9.31320060711423 108.5
1 0 7.782339691768838 78.84807794127735 -117.5
1 1 5.601346686912352 75.1416064698343 -108.0
7335
-------------------New----------------
0 0 -48.53110567988962 -97.31697963368597 118.5
0 1 -48.79252023854672 -98.26310789460624 108.5
1 0 -54.51007755509097 -119.72107323726452 -117.5
1 1 -54.26961506496942 -118.80898428538482 -108.0
7336
-------------------New----------------
0 0 -22.635618377222634 11.01587686832125 118.5
0 1 -24.968164001944423 9.264071227504393 108.5
1 0 -77.73571032341945 -30.277746331011212 -117.5
1 1 -75.51706695734251 -28.61678847020884 -108.0
7339
-------------------New----------------
0 0 -90.76456226265718 -30.612217605976618 118.5
0 1 -90.24467569876819 -32.316263792292055 108.5
1 0 -78.53293955742639 -70.87154807035833 -117.5
1 1 -79.02239950692612 -69.25061356445845 -108.0
7350
-------------------New----------------
0 0 -40.67383412512385 -36.708424717566125 118.5
0 1 -38.70387912724829 -37.85814339180255 108.5
1 0 5.9035995575977385 -63.82833745139519 -117.5
1 1 4.024123234767684 -62.737931721531524 -108.0
7354
-------------------New----------------
0 0 -15.872858347403303 53.71081737956206 118.5
0 1 -10.973327215372777 49.126491924402636 108.5
1 0 99.63839238596161 -54.182619723755934 -117.5
1 1 94.99019911736528 -49.83794324308349 -108.0
7364
-------------------New----------------
0 0 22.85608967218312 -51.59573585469004 118.5
0 1 19.827252762839404 -50.52045501017022 108.5
1 0 -48.37219527884093 -26.113033177398524 -117.5
1 1 -45.509408216814656 -27.144094693505714 -108.0
7366
-------------------New----------------
0 0 90.8708454990456 21.91563324236238 118.5
0 1 88.47068015365419 20.470975348495642 108.5
1 0 34.24374757621921 -12.168151980779204 -117.5
1 1 36.52224732868997 -10.794363738152528 -108.0
7367
-------------------New----------------
0 0 -54.19128065496807 -6.783887616523747 118.5
0 1 -56.53529064418102 -10.832660538872386 108.5
1 0 -110.02675041773053 -101.91696585950721 -117.5
1 1 -107.7433477528177 -98.1125071674459 -108.0
7368
-------------------New----------------
0 0 -32.69046702293961 -45.42055887887712 118.5
0 1 -36.66210590907214 -42.47121561425756 108.5
1 0 -126.2916726566541 24.27225856057463 -117.5
1 1 -122.52807883412888 21.46330305381402 -108.0
7371
-------------------New----------------
0 0 -13.834774642524788 -18.051507660861834 118.5
0 1 -8.797849717209866 -19.614056245324548 108.5
1 0 105.05501381336778 -54.949156828515584 -117.5
1 1 100.26734047375533 -53.46292606788573 -108.0
7375
-------------------New----------------
0 0 -5.397965154939252 -10.319867823509371 118.5
0 1 -7.09041881103428 -8.894193798727398 108.5
1 0 -45.33847697962441 23.33127359098346 -117.5
1 1 -43.73089487103465 21.976190519920955 -108.0
7376
-------------------New----------------
0 0 -61.1991199591234 -7.944170203997129 118.5
0 1 -61.23938407274541 -12.531596530616547 108.5
1 0 -62.153309363575445 -116.1923746461401 -117.5
1 1 -62.113621422603 -111.83815843878112 -108.0
7401
-------------------New----------------
0 0 -113.88378109980968 83.35370467278725 118.5
0 1 -114.06062190838202 83.74371570725798 108.5
1 0 -118.05911668648768 92.44380929544334 -117.5
1 1 -117.89305073459059 92.08023107763037 -108.0
7403
-------------------New----------------
0 0 -20.499076330070125 62.79964617592308 118.5
0 1 -21.18909359019468 62.77787695501911 108.5
1 0 -36.73478261894868 62.31349821075808 -117.5
1 1 -36.081105923227895 62.33284556414338 -108.0
7413
-------------------New----------------
0 0 94.94041885769477 -22.959697230584514 118.5
0 1 93.30168646376713 -19.060224091217464 108.5
1 0 56.372797462800236 68.99378095550394 -117.5
1 1 57.913200914528105 65.30690809871274 -108.0
7414
-------------------New----------------
0 0 -64.65296695222366 34.77565072801459 118.5
0 1 -65.66202024580792 32.638172371564785 108.5
1 0 -88.4840331386999 -15.758430685641724 -117.5
1 1 -87.52663644467974 -13.723504128928209 -108.0
7434
-------------------New----------------
0 0 -106.84474137843965 -78.89415502828271 118.5
0 1 -106.32466651272489 -80.21005617242224 108.5
1 0 -94.5808079812422 -109.93411741713956 -117.5
1 1 -95.074641456361 -108.68430261392783 -108.0
7437
-------------------New----------------
0 0 82.32179334959385 4.634835161655433 118.5
0 1 81.09184136197337 2.3918356800622362 108.5
1 0 53.34264828394389 -48.31117089164555 -117.5
1 1 54.50860282185253 -46.17548232868738 -108.0
7440
-------------------New----------------
0 0 30.178082266794924 -54.22566693773484 118.5
0 1 26.766493066574686 -50.18072029909268 108.5
1 0 -50.35879305623654 41.23818486170222 -117.5
1 1 -47.11860741534769 37.39658800250991 -108.0
7453
-------------------New----------------
0 0 -82.59392800291492 58.49886272007814 118.5
0 1 -80.76192601192142 59.612256989539674 108.5
1 0 -39.418532612175696 84.77210863257275 -117.5
1 1 -41.15384130977565 83.72199614930713 -108.0
7455
-------------------New----------------
0 0 22.158776757639338 -119.6283889917983 118.5
0 1 22.87394436512499 -119.3654652259628 108.5
1 0 39.027147634792755 -113.41939420628952 -117.5
1 1 38.348690234285655 -113.66950114327491 -108.0
7456
-------------------New----------------
0 0 -69.05823257899547 -51.22664052684306 118.5
0 1 -68.28396974877592 -51.76666981271951 108.5
1 0 -50.88090602574082 -63.85775116922697 -117.5
1 1 -51.6062026910008 -63.355337948068474 -108.0
7483
-------------------New----------------
0 0 83.15634995556131 -6.028452269863936 118.5
0 1 81.34987325340205 -8.703014678549389 108.5
1 0 40.694283109920924 -69.15487036122337 -117.5
1 1 42.39223496273682 -66.61354850280271 -108.0
7488
-------------------New----------------
0 0 -2.0018652914646697 24.687702744767225 118.5
0 1 1.3708115218570236 27.495852086786602 108.5
1 0 77.50606280422856 90.6936505410967 -117.5
1 1 74.31076613148385 88.04275140340333 -108.0
7491
-------------------New----------------
0 0 52.66489721725211 63.82643518492481 118.5
0 1 51.85876783129423 65.93703137543723 108.5
1 0 33.692875114249475 113.68200335785191 -117.5
1 1 34.457385443374584 111.67372228589679 -108.0
7500
-------------------New----------------
0 0 -23.748650965034535 -57.131611709255694 118.5
0 1 -25.22963202163781 -54.730260926330196 108.5
1 0 -58.76683312861884 -0.43932402556543737 -117.5
1 1 -57.35535129538188 -2.720188322870409 -108.0
7502
-------------------New----------------
0 0 87.37169283662698 13.907679754267903 118.5
0 1 88.84581164289463 11.162617695971806 108.5
1 0 122.0846640825308 -50.8271436077199 -117.5
1 1 120.69705363321259 -48.22857774333166 -108.0
7506
-------------------New----------------
0 0 22.906815038800026 -25.269116648477937 118.5
0 1 22.563677223819294 -26.110861629304956 108.5
1 0 14.825566487820264 -45.09086979791379 -117.5
1 1 15.15004032431148 -44.294416958286284 -108.0
7507
-------------------New----------------
0 0 38.54801759065462 -12.647625830823785 118.5
0 1 38.95448059308441 -15.709524444561286 108.5
1 0 48.07432080503731 -84.81627737512429 -117.5
1 1 47.69011227006776 -81.91215315369642 -108.0
7509
-------------------New----------------
0 0 31.507757273618665 61.62826644981817 118.5
0 1 31.09730151199787 64.37619483259756 108.5
1 0 21.813578387965695 126.41550246176833 -117.5
1 1 22.208154256115996 123.81546034561993 -108.0
7510
-------------------New----------------
0 0 64.53348246945849 -68.67393180841718 118.5
0 1 65.99833847659329 -70.82744379866217 108.5
1 0 99.16270438739902 -119.53196205592803 -117.5
1 1 97.76554799754578 -117.4784299444962 -108.0
7512
-------------------New----------------
0 0 36.14989555761467 -38.55671474604535 118.5
0 1 38.05742542393981 -41.41551752057589 108.5
1 0 81.18382542551345 -106.02652464320276 -117.5
1 1 79.37089214555996 -103.31121575504167 -108.0
7517
-------------------New----------------
0 0 9.083485125686293 14.22501882364485 118.5
0 1 7.9961330446712635 18.539945883679522 108.5
1 0 -16.578484417235853 116.04602681681754 -117.5
1 1 -15.545462901654924 111.94703601528757 -108.0
7518
-------------------New----------------
0 0 -43.54550983642798 -3.7416714725880964 118.5
0 1 -43.069756619492004 0.2704493557461342 108.5
1 0 -32.37891829197133 90.93764691904599 -117.5
1 1 -32.826775289937146 87.12726555959429 -108.0
7525
-------------------New----------------
0 0 102.55662178758146 -57.50286289611158 118.5
0 1 101.57524703793331 -59.66387162923371 108.5
1 0 79.35231309028359 -107.98981363300183 -117.5
1 1 80.29754454086675 -105.98020693952034 -108.0
7529
-------------------New----------------
0 0 69.36246472280405 51.22520611616145 118.5
0 1 68.00143699946368 49.96936379727074 108.5
1 0 37.3013732405683 21.573563508915832 -117.5
1 1 38.59024235273481 22.76868988756454 -108.0
7535
-------------------New----------------
0 0 -94.97980973499102 -35.663447550267456 118.5
0 1 -94.2069765568306 -35.73793513226677 108.5
1 0 -76.70418386509735 -37.413042914426356 -117.5
1 1 -77.44136860354412 -37.34334465823174 -108.0
7536
-------------------New----------------
0 0 -51.546029625041754 -33.21611724471539 118.5
0 1 -53.34935325046124 -26.60229099773838 108.5
1 0 -93.91399244192883 122.7913558671411 -117.5
1 1 -92.21547466140014 116.51666843904918 -108.0
7539
-------------------New----------------
0 0 12.451388773309024 58.37971410336446 118.5
0 1 14.002853067824196 59.568776921586405 108.5
1 0 49.04307440713182 86.49637696055805 -117.5
1 1 47.5707769489517 85.36097644059228 -108.0
7540
-------------------New----------------
0 0 -9.416174361890404 45.79226009330851 118.5
0 1 -5.374646795584437 42.73764316213088 108.5
1 0 85.96374020078339 -26.334698904520245 -117.5
1 1 82.12543259982085 -23.430787046594833 -108.0
7544
-------------------New----------------
0 0 -9.174571877356522 -102.71340835108462 118.5
0 1 -8.677674219882377 -102.74071387242103 108.5
1 0 2.6269662559100566 -103.4181597340259 -117.5
1 1 2.1865610435711824 -103.36774188850111 -108.0
7547
-------------------New----------------
0 0 -23.139725604290568 20.836884827417066 118.5
0 1 -19.36536354344449 15.176676129817182 108.5
1 0 65.93274427277422 -112.74385890296966 -117.5
1 1 62.34706695117484 -107.36670816890845 -108.0
7549
-------------------New----------------
0 0 61.47045450445027 102.36045580954561 118.5
0 1 63.42487370250602 103.36205683057744 108.5
1 0 107.64568191199892 125.86945346046366 -117.5
1 1 105.79295540983199 124.92877878271081 -108.0
7558
-------------------New----------------
0 0 -81.79447025700799 -5.98889252895602 118.5
0 1 -79.9488046673002 -11.119443793628236 108.5
1 0 -38.26044406681707 -127.04238983837396 -117.5
1 1 -40.01280359099452 -122.17042414142911 -108.0
7559
-------------------New----------------
0 0 86.4990574736017 -37.14195438768428 118.5
0 1 87.79940662946646 -37.05486772753129 108.5
1 0 117.63067304734382 -34.773384040453145 -117.5
1 1 116.37121914949705 -34.82875172217894 -108.0
7569
-------------------New----------------
0 0 52.89691467638811 -69.0241921497023 118.5
0 1 52.76924547928962 -70.30511673155084 108.5
1 0 49.8548827123589 -99.24144482738845 -117.5
1 1 49.97703514123116 -98.02498205447581 -108.0
7576
-------------------New----------------
0 0 -44.44547542276336 -56.939703248473755 118.5
0 1 -40.17090160146894 -53.70046465332317 108.5
1 0 56.919927439129694 19.417397126582614 -117.5
1 1 52.82881813432671 16.340375931737366 -108.0
7577
-------------------New----------------
0 0 34.94028724682558 98.5907200841743 118.5
0 1 34.17801966293355 98.545715248027 108.5
1 0 16.815757669618215 97.64995086542753 -117.5
1 1 17.543391594768572 97.67386530007659 -108.0
7585
-------------------New----------------
0 0 -74.5153619771498 -71.42105301542907 118.5
0 1 -72.03551546021136 -71.76764832281482 108.5
1 0 -15.899087754719185 -79.73942429544778 -117.5
1 1 -18.263764683839714 -79.40482165842835 -108.0
7590
-------------------New----------------
0 0 -92.08262980138268 -41.29163430167135 118.5
0 1 -91.62523048441544 -42.340777885007924 108.5
1 0 -81.2809513720601 -66.0429594938071 -117.5
1 1 -81.7157356704164 -65.04649146485099 -108.0
7594
-------------------New----------------
0 0 49.33718052804231 -4.005392405566708 118.5
0 1 46.7163094421526 -1.9722306621963575 108.5
1 0 -12.53810585451592 44.028799896320365 -117.5
1 1 -10.048280734116105 42.088261071818685 -108.0
7597
-------------------New----------------
0 0 -2.9219211258606066 55.17062267248825 118.5
0 1 -5.256234641112735 57.061366702699424 108.5
1 0 -58.0196116425018 99.7805268819341 -117.5
1 1 -55.801183621313704 97.98297309120343 -108.0
7601
-------------------New----------------
0 0 -20.956108311583854 -81.4996844384001 118.5
0 1 -20.06744907080442 -81.76538472263455 108.5
1 0 0.016659578690501987 -87.80962838876329 -117.5
1 1 -0.8285209255663615 -87.55424020666565 -108.0
7602
-------------------New----------------
0 0 -87.26113448232566 16.69758509191547 118.5
0 1 -86.12497801321194 13.85002908796678 108.5
1 0 -60.361469591519175 -50.427142402136504 -117.5
1 1 -61.447391907961276 -47.72469831983836 -108.0
7611
-------------------New----------------
0 0 -10.24826389304889 -8.527860655775338 118.5
0 1 -15.142934687503896 -6.823630652427971 108.5
1 0 -125.76269319846445 31.690037398630842 -117.5
1 1 -121.11320028804478 30.071484331036128 -108.0
7614
-------------------New----------------
0 0 0.9302047561633657 43.377394586913226 118.5
0 1 2.176289990658194 41.67977296305615 108.5
1 0 30.349645583273787 3.3307361070015498 -117.5
1 1 29.16529037071238 4.942733107971576 -108.0
7620
-------------------New----------------
0 0 -48.8870816594201 -22.395480305474 118.5
0 1 -46.686547501093834 -23.074786343250196 108.5
1 0 2.991163055247413 -38.27549791835913 -117.5
1 1 0.9012889364403065 -37.65191082328262 -108.0
7622
-------------------New----------------
0 0 61.50803739868098 25.74915333766482 118.5
0 1 59.71256159137624 29.99563477998347 108.5
1 0 19.136830457695876 125.94697917678873 -117.5
1 1 20.84201511910777 121.91814523989993 -108.0
7628
-------------------New----------------
0 0 -57.42138280921323 -89.08375406781407 118.5
0 1 -56.08794741912212 -87.69987535466876 108.5
1 0 -25.967060497631024 -56.268227889332934 -117.5
1 1 -27.2339629087325 -57.590656995346535 -108.0
7636
-------------------New----------------
0 0 -55.56894927779079 -65.54530356106535 118.5
0 1 -58.332321332009066 -66.7753521467477 108.5
1 0 -120.8847662010395 -94.64561393771447 -117.5
1 1 -118.25011602276456 -93.47111004900952 -108.0
7638
-------------------New----------------
0 0 27.9998368580724 -75.9743440407428 118.5
0 1 31.705824261854673 -75.90484265294587 108.5
1 0 115.97357633476781 -74.69147672394931 -117.5
1 1 112.47513080637641 -74.73327295474095 -108.0
7654
-------------------New----------------
0 0 6.64307565086439 44.94569815286414 118.5
0 1 9.031425938996646 41.11077294888346 108.5
1 0 63.14452474422516 -45.94680207171784 -117.5
1 1 60.861872066010974 -42.26906895875443 -108.0
7671
-------------------New----------------
0 0 87.03681238438294 96.61523185537767 118.5
0 1 86.21053144692266 97.22229311823754 108.5
1 0 67.61821950633626 111.01038191485077 -117.5
1 1 68.40510526804682 110.42961512344857 -108.0
7680
-------------------New----------------
0 0 -12.2085271683245 -81.72510078817147 118.5
0 1 -10.929361986628459 -80.78567625255889 108.5
1 0 17.944249109657726 -59.49773797597466 -117.5
1 1 16.729613128262347 -60.39292662911383 -108.0
7684
-------------------New----------------
0 0 6.467078175235183 43.75665664416296 118.5
0 1 8.07268596427087 46.134394924578984 108.5
1 0 44.03048413987187 100.23114879433778 -117.5
1 1 42.525002931338335 97.96289547138643 -108.0
7691
-------------------New----------------
0 0 7.039666686974764 56.0749097568265 118.5
0 1 1.81026012993432 54.7767527255582 108.5
1 0 -116.54193716228761 25.557615302903127 -117.5
1 1 -111.57502005560079 26.784386002479426 -108.0
7707
-------------------New----------------
0 0 49.34682596576054 34.21484774815322 118.5
0 1 44.437408947890205 28.37338571706844 108.5
1 0 -66.08017278403264 -103.84834903766087 -117.5
1 1 -61.44566953130378 -98.2397424685352 -108.0
7715
-------------------New----------------
0 0 -46.457839309818404 12.228706276510284 118.5
0 1 -46.07559811597968 6.347275201054898 108.5
1 0 -37.448815127413994 -126.57347290349496 -117.5
1 1 -37.81178945482104 -120.98597753712718 -108.0
7716
-------------------New----------------
0 0 64.5974538690412 -43.68703597028852 118.5
0 1 62.988792626628346 -46.27780838567353 108.5
1 0 26.635259297949112 -104.84272162070768 -117.5
1 1 28.164222544011533 -102.38058723707675 -108.0
7723
-------------------New----------------
0 0 0.5636875832432888 5.626589272184499 118.5
0 1 0.4803451199820593 6.639407942112541 108.5
1 0 -1.3987717705296157 29.534786435789755 -117.5
1 1 -1.3201507444720282 28.572322636584182 -108.0
7727
-------------------New----------------
0 0 2.519035098465145 -81.27682249230065 118.5
0 1 0.5789039421058064 -78.19658398169216 108.5
1 0 -43.29335404738123 -8.675253220398114 -117.5
1 1 -41.450077166386045 -11.588737192331747 -108.0
7730
-------------------New----------------
0 0 50.07112950388792 -56.77796536878357 118.5
0 1 51.211792370409476 -52.924528948548 108.5
1 0 77.01828296672562 34.114019572383285 -117.5
1 1 75.9340749786043 30.457136063321705 -108.0
7731
-------------------New----------------
0 0 71.33013089427378 16.87240802972982 118.5
0 1 68.45291542660307 12.978514617020377 108.5
1 0 3.4647917248007767 -75.0826221247248 -117.5
1 1 6.192147229634123 -71.39246559227672 -108.0
7741
-------------------New----------------
0 0 14.934083719292303 -29.928079853992664 118.5
0 1 17.76219076535088 -25.877155871586137 108.5
1 0 81.69515655116162 65.66544029850935 -117.5
1 1 79.00735665838558 61.81850441462249 -108.0
7742
-------------------New----------------
0 0 13.740519378578409 23.380744676884987 118.5
0 1 12.950828815627165 23.945963090401754 108.5
1 0 -4.743164389440148 36.9689170155324 -117.5
1 1 -4.009415867520781 36.42360658955307 -108.0
7744
-------------------New----------------
0 0 -8.748030968932005 -40.56662098517526 118.5
0 1 -9.380186033266348 -37.362010164872075 108.5
1 0 -23.550516733794275 34.895494436262865 -117.5
1 1 -22.95409725135578 31.859198019826334 -108.0
7747
-------------------New----------------
0 0 113.49268211015483 -59.95590028348435 118.5
0 1 113.59217155376976 -60.946068391010314 108.5
1 0 115.8714224847156 -83.32207205774606 -117.5
1 1 115.77672406681543 -82.38213282789428 -108.0
7753
-------------------New----------------
0 0 62.41949176283371 74.39729464469971 118.5
0 1 63.31325875444501 74.80184462063303 108.5
1 0 83.67719293583265 84.19659300218464 -117.5
1 1 82.82432538958194 83.8065464153533 -108.0
7766
-------------------New----------------
0 0 -22.108445986815962 22.00523095134337 118.5
0 1 -22.580760174430928 18.73840935103121 108.5
1 0 -33.325469350180384 -55.18964719431475 -117.5
1 1 -32.868401771483946 -52.07561779501223 -108.0
7774
-------------------New----------------
0 0 -8.577766465021634 57.267211374841885 118.5
0 1 -11.101514366860354 52.6328153934326 108.5
1 0 -67.91296570329271 -51.795823572989036 -117.5
1 1 -65.53010195417525 -47.415885488840736 -108.0
7781
-------------------New----------------
0 0 5.819539099616962 -79.39129221736252 118.5
0 1 1.5275385863355815 -80.39961883447168 108.5
1 0 -95.5273534367907 -103.01224182605704 -117.5
1 1 -91.44551089818208 -102.06889311014478 -108.0
7796
-------------------New----------------
0 0 -67.44796312682313 -18.228710354797194 118.5
0 1 -66.1556951030103 -16.683135977458868 108.5
1 0 -37.070657352314655 18.293213085075216 -117.5
1 1 -38.290489915290365 16.81975351626972 -108.0
7800
-------------------New----------------
0 0 -74.09064227929332 57.95250422244809 118.5
0 1 -76.0275352103225 53.80970901704543 108.5
1 0 -119.80300031679164 -39.792089475949425 -117.5
1 1 -117.9642915820609 -35.85928601579436 -108.0
7813
-------------------New----------------
0 0 -39.822147471861335 -11.134851534584175 118.5
0 1 -41.6656526771392 -8.142821716254293 108.5
1 0 -83.1596808612806 59.57381976112229 -117.5
1 1 -81.4121377742766 56.71816489574819 -108.0
7819
-------------------New----------------
0 0 -11.37377016424256 -21.66981612995402 118.5
0 1 -11.27968662537672 -16.356660076098702 108.5
1 0 -9.113071012711174 103.7256244304286 -117.5
1 1 -9.205972032673053 98.67987716665938 -108.0
7827
-------------------New----------------
0 0 -44.619286267975454 -33.83038260138728 118.5
0 1 -47.67516901443163 -28.00718896391449 108.5
1 0 -116.87697773244938 103.60135882552545 -117.5
1 1 -113.95851450348417 98.0733527269561 -108.0
7832
-------------------New----------------
0 0 -55.091139045266814 -18.96292970101828 118.5
0 1 -54.13252068886779 -20.824445874995504 108.5
1 0 -32.483031604587474 -62.85034355637282 -117.5
1 1 -33.39201616111584 -61.08792109574726 -108.0
7835
-------------------New----------------
0 0 -52.17321177200781 44.87602762699868 118.5
0 1 -48.87576295534446 43.89533979962549 108.5
1 0 25.434606137165257 21.846164482430915 -117.5
1 1 22.31608357381406 22.766536064355346 -108.0
7836
-------------------New----------------
0 0 -43.227476646005684 -62.6903328497192 118.5
0 1 -43.31700385146904 -64.9482660915942 108.5
1 0 -45.403415888687576 -115.94646879428039 -117.5
1 1 -45.31206282482269 -113.80120268230664 -108.0
7854
-------------------New----------------
0 0 76.99490426143716 -56.62790888744896 118.5
0 1 77.58971774832955 -59.61474432170629 108.5
1 0 91.08682887006083 -127.15181042665196 -117.5
1 1 90.51917246963163 -124.30916380202339 -108.0
7855
-------------------New----------------
0 0 33.606948241950555 -39.37154614658543 118.5
0 1 37.0162556042792 -35.414340153660234 108.5
1 0 114.06376746716467 54.02693274698625 -117.5
1 1 110.82527308199492 50.267456342032624 -108.0
7866
-------------------New----------------
0 0 44.745963099411654 -27.560329453144085 118.5
0 1 42.43731196382144 -28.469589832197123 108.5
1 0 -9.38102032339616 -48.61652125942741 -117.5
1 1 -7.206655438408409 -47.77765660677236 -108.0
7867
-------------------New----------------
0 0 -42.28854097075541 -53.08235811155127 118.5
0 1 -42.80735748480744 -49.94828687263103 108.5
1 0 -54.57515000089025 20.859991472181655 -117.5
1 1 -54.07993745076592 17.883505256105614 -108.0
7871
-------------------New----------------
0 0 -47.651881409022764 -20.872938516043337 118.5
0 1 -49.584675985643656 -22.83352665031712 108.5
1 0 -94.20791737633088 -67.68566302643016 -117.5
1 1 -92.32885411628811 -65.78852700841355 -108.0
7882
-------------------New----------------
0 0 -28.710626169088307 -75.52269069423377 118.5
0 1 -29.494634787963598 -72.15684421581828 108.5
1 0 -47.22289772830199 3.898667331014033 -117.5
1 1 -46.46964027088793 0.702852582047905 -108.0
7892
-------------------New----------------
0 0 -119.38769168050446 -93.20320943883435 118.5
0 1 -119.17243398108917 -91.17972609769616 108.5
1 0 -114.25822091039251 -45.533696595570774 -117.5
1 1 -114.46611315695634 -47.45248513126364 -108.0
7895
-------------------New----------------
0 0 -31.49193935935626 -14.195853401173846 118.5
0 1 -34.747292480130156 -15.62384546078699 108.5
1 0 -108.4696436777651 -47.90267189784073 -117.5
1 1 -105.36186378189079 -46.55029098466676 -108.0
7897
-------------------New----------------
0 0 44.52702935213017 9.338978274293963 118.5
0 1 44.81835437922975 7.96902192934119 108.5
1 0 51.38599863171079 -22.97521866695904 -117.5
1 1 51.110995570034866 -21.67541443139639 -108.0
7905
-------------------New----------------
0 0 -31.42862329693053 -45.20127729584898 118.5
0 1 -35.42020517677641 -41.21564685044709 108.5
1 0 -125.8102914254188 49.097390178494635 -117.5
1 1 -122.0109053088757 45.29336574282333 -108.0
7915
-------------------New----------------
0 0 -85.93338193830515 -10.415341734575417 118.5
0 1 -83.56542908458053 -7.492688574881342 108.5
1 0 -30.0900726630029 58.40504227308516 -117.5
1 1 -32.33779465236357 55.63563033018147 -108.0
7916
-------------------New----------------
0 0 -5.335422294858384 24.086543848654287 118.5
0 1 -5.466712530141448 27.609865540415477 108.5
1 0 -8.464670386081357 107.24856700101991 -117.5
1 1 -8.338256362939008 103.89846842137422 -108.0
7926
-------------------New----------------
0 0 56.43266754674926 53.446249735536114 118.5
0 1 57.35520596426979 55.31979519772585 108.5
1 0 78.20229844416289 97.68470071049407 -117.5
1 1 77.3259953540545 95.90331063247199 -108.0
7928
-------------------New----------------
0 0 -40.57113617225794 -14.622971411925082 118.5
0 1 -35.00819657981263 -10.58055806684494 108.5
1 0 90.6225344704439 80.75406714244738 -117.5
1 1 85.3442231128702 76.91847655843472 -108.0
7929
-------------------New----------------
0 0 -72.99573054501869 -93.96228094029775 118.5
0 1 -69.48154683005177 -93.03348200514246 108.5
1 0 10.045434223878658 -72.06988730656516 -117.5
1 1 6.700887823671986 -72.95399303475646 -108.0
7937
-------------------New----------------
0 0 68.71657116961754 -67.35672819557115 118.5
0 1 69.58492471607369 -68.93927908741958 108.5
1 0 89.2422438360668 -104.71475148979616 -117.5
1 1 88.41495208871865 -103.210875164275 -108.0
7938
-------------------New----------------
0 0 -82.9216578013487 2.237846786768425 118.5
0 1 -81.79559081571236 1.2221163850246197 108.5
1 0 -57.63240587436292 -22.398609234684322 -117.5
1 1 -58.64945386962794 -21.39484281995077 -108.0
7948
-------------------New----------------
0 0 43.54411860546196 66.14139118675544 118.5
0 1 43.00348434111151 66.68303005078096 108.5
1 0 30.756534649672773 78.93599170788144 -117.5
1 1 31.272620025917796 78.42047190154197 -108.0
7954
-------------------New----------------
0 0 49.00178513068311 -51.799100946476486 118.5
0 1 51.359037672502936 -50.68129419962698 108.5
1 0 104.73415686436454 -25.49520809738408 -117.5
1 1 102.48636866067982 -26.554938804601896 -108.0
7966
-------------------New----------------
0 0 78.07787952363608 14.910037135082618 118.5
0 1 75.34912290717696 12.81011710352798 108.5
1 0 13.549970783360816 -34.764185982833055 -117.5
1 1 16.155758888176216 -32.758093399307555 -108.0
7971
-------------------New----------------
0 0 -95.81101125542907 20.860531855146096 118.5
0 1 -94.31714259814099 20.61409408869649 108.5
1 0 -60.0355647249923 16.973869139869855 -117.5
1 1 -61.48499913675064 17.12736783319972 -108.0
7986
-------------------New----------------
0 0 69.97066531177572 18.02216904517845 118.5
0 1 67.58144022872474 15.250923713082443 108.5
1 0 13.579731279391646 -47.37674909306288 -117.5
1 1 15.849758686528535 -44.74432699802326 -108.0
7990
-------------------New----------------
0 0 22.16542454136926 -62.1860190901254 118.5
0 1 21.768876062869953 -64.9296475835334 108.5
1 0 12.744629915160646 -126.98158473862217 -117.5
1 1 13.124986334146431 -124.36722182338899 -108.0
7991
-------------------New----------------
0 0 -64.01303907622295 -16.012060012477217 118.5
0 1 -62.922411455497034 -15.479759162993236 108.5
1 0 -38.136016005198314 -3.5354537133593644 -117.5
1 1 -39.179824181778415 -4.036679607163642 -108.0
7999
-------------------New----------------
0 0 -79.16331420693052 -105.32925361046209 118.5
0 1 -78.62404418697895 -104.61261324229804 108.5
1 0 -66.49410393490288 -88.4299111429093 -117.5
1 1 -66.9986765178848 -89.10984497184265 -108.0
8000
-------------------New----------------
0 0 -14.734335203308323 -32.73046374081213 118.5
0 1 -13.014293167993495 -36.19814502673053 108.5
1 0 25.845688888346785 -114.6315332020612 -117.5
1 1 24.21358764789791 -111.33459487700858 -108.0
8002
-------------------New----------------
0 0 56.06833150908268 14.384362170796052 118.5
0 1 52.13345321600841 16.09545932720004 108.5
1 0 -36.595094557254534 54.78083089328775 -117.5
1 1 -32.87113507420581 53.160756176466826 -108.0
8015
-------------------New----------------
0 0 58.79193352859519 55.73260448522058 118.5
0 1 55.47967099867399 55.27549092107872 108.5
1 0 -19.376933497032905 44.94027200857938 -117.5
1 1 -16.23039257752118 45.37460578099491 -108.0
8032
-------------------New----------------
0 0 -47.46199941817079 28.092143831948487 118.5
0 1 -45.19795387532845 31.138644585705766 108.5
1 0 5.968302610809539 99.9851528910923 -117.5
1 1 3.8174371301968604 97.09116381295456 -108.0
8041
-------------------New----------------
0 0 -64.26307416748455 70.14775873093815 118.5
0 1 -64.73731858306051 69.1943062907476 108.5
1 0 -75.47066712086676 47.61470214522289 -117.5
1 1 -75.01835216006819 48.52472495356734 -108.0
8044
-------------------New----------------
0 0 -34.94717918240335 51.68816056204355 118.5
0 1 -33.81637439182138 51.85247810923105 108.5
1 0 -8.220997114425849 55.52441357508955 -117.5
1 1 -9.299180644219671 55.37101144598283 -108.0
8055
-------------------New----------------
0 0 -3.8269328434194727 44.14374710766124 118.5
0 1 0.30765725270499045 47.57281860791109 108.5
1 0 93.74698198366028 125.23097611868882 -117.5
1 1 89.81771663201133 121.96230493147354 -108.0
8061
-------------------New----------------
0 0 7.833117394271932 -54.09405246450829 118.5
0 1 7.909987622664386 -53.4480414384365 108.5
1 0 9.665700312204002 -38.814646252348226 -117.5
1 1 9.593723271707475 -39.43145270873239 -108.0
8062
-------------------New----------------
0 0 -107.1028073940715 -46.360670610411134 118.5
0 1 -106.1583031993827 -45.26021941075428 108.5
1 0 -85.45659771313119 -19.59991717258881 -117.5
1 1 -86.31645588026434 -20.67216443740174 -108.0
8067
-------------------New----------------
0 0 88.20819890144779 89.1126284413982 118.5
0 1 85.34695803604295 90.68096643371105 108.5
1 0 20.674892250216953 126.12920910241535 -117.5
1 1 23.393417659433883 124.63912755519323 -108.0
8074
-------------------New----------------
0 0 -51.7979143044407 91.44742303959235 118.5
0 1 -52.441054660357544 92.042486496697 108.5
1 0 -66.97690889969299 105.55497944293067 -117.5
1 1 -66.3630244556152 104.98092345736177 -108.0
8075
-------------------New----------------
0 0 27.123486417644482 97.93280441664054 118.5
0 1 30.735331794357485 96.50233555501576 108.5
1 0 112.32473470595076 64.20662675596063 -117.5
1 1 108.89769437811421 65.56303272074697 -108.0
8086
-------------------New----------------
0 0 -2.5053380820290787 64.9904496963079 118.5
0 1 -1.208181651122229 65.21718044216229 108.5
1 0 28.11204214373339 70.34615823155988 -117.5
1 1 26.87852068227206 70.1305850349937 -108.0
8090
-------------------New----------------
0 0 -79.0922410429359 -0.5894984046129456 118.5
0 1 -77.07194595765594 0.6712235561078261 108.5
1 0 -31.409802434452985 29.11584061149791 -117.5
1 1 -33.330125469178114 27.92011508593826 -108.0
8099
-------------------New----------------
0 0 -34.03429169877526 -20.027952484880327 118.5
0 1 -34.86371661975289 -19.961021387028904 108.5
1 0 -53.58977263512787 -18.448928216546726 -117.5
1 1 -52.802662820301634 -18.51316919191457 -108.0
8102
-------------------New----------------
0 0 -52.92412731246391 114.58907711400022 118.5
0 1 -53.708277418172614 113.82176204439645 108.5
1 0 -71.49166362699356 96.61375859653377 -117.5
1 1 -70.74324414221611 97.33620636603703 -108.0
8109
-------------------New----------------
0 0 62.38792811453222 17.424542965824102 118.5
0 1 61.50387367255005 19.674769086816678 108.5
1 0 41.6180399223232 70.63190776176415 -117.5
1 1 42.449720580841266 68.4839160672067 -108.0
8112
-------------------New----------------
0 0 40.43631703668488 -44.03965387902162 118.5
0 1 36.92616445269154 -41.15373630849873 108.5
1 0 -42.30219808475074 25.08345976554091 -117.5
1 1 -38.97577481846926 22.253182093438603 -108.0
8120
-------------------New----------------
0 0 105.77533791944555 -76.91856417068163 118.5
0 1 106.07010597318501 -77.78214793198688 108.5
1 0 112.77821403718994 -96.94827170869827 -117.5
1 1 112.48545273052507 -96.14678307447545 -108.0
8128
-------------------New----------------
0 0 24.60091170199361 39.35766953241476 118.5
0 1 20.340706534556077 41.98272165647314 108.5
1 0 -75.93468665416796 101.30616872048867 -117.5
1 1 -71.8875224909237 98.81252239170483 -108.0
8130
-------------------New----------------
0 0 -91.01243434882507 -86.34958216776664 118.5
0 1 -92.2572516224049 -84.31329881592606 108.5
1 0 -120.38987444219508 -38.30348079609362 -117.5
1 1 -119.20677050921734 -40.23711353861999 -108.0
8134
-------------------New----------------
0 0 -78.52477211505347 71.48189635259831 118.5
0 1 -76.56421998293835 69.25233107320199 108.5
1 0 -32.27238781183377 18.833670684105066 -117.5
1 1 -34.13348755477041 20.953578606312686 -108.0
8135
-------------------New----------------
0 0 60.66972712049865 27.13294453794095 118.5
0 1 58.49386971804548 29.096312043550576 108.5
1 0 9.277181335427773 73.77291565268371 -117.5
1 1 11.349580881096236 71.88917854164745 -108.0
8149
-------------------New----------------
0 0 -15.40028218825806 122.92862257919526 118.5
0 1 -13.385718111474171 122.83540371379529 108.5
1 0 32.12339656456033 120.72099181472102 -117.5
1 1 30.212123330747126 120.80962345155908 -108.0
8151
-------------------New----------------
0 0 59.715969476683675 -72.11518221833607 118.5
0 1 55.92081963171537 -70.07987869600387 108.5
1 0 -29.854758112069447 -24.078116165348597 -117.5
1 1 -26.248929096392835 -26.01274905832589 -108.0
8155
-------------------New----------------
0 0 102.4098778745353 -60.30672349767893 118.5
0 1 103.1714837315665 -61.196477234365695 108.5
1 0 120.55645102105237 -81.26901797585744 -117.5
1 1 119.80418303384606 -80.43106826518955 -108.0
8159
-------------------New----------------
0 0 62.80006056573728 53.20005764180347 118.5
0 1 58.35138899168038 54.94333739457013 108.5
1 0 -42.14199202667545 94.34934008408501 -117.5
1 1 -37.922140540412485 92.69091599624932 -108.0
8170
-------------------New----------------
0 0 63.24935842585448 20.58516869130638 118.5
0 1 60.29298652455098 16.704281585488356 108.5
1 0 -6.472197526082279 -70.9528261464838 -117.5
1 1 -3.665334403312785 -67.26802336777743 -108.0
8172
-------------------New----------------
0 0 -119.15410362380541 111.53470089326143 118.5
0 1 -118.53007733781678 111.50103847496992 108.5
1 0 -104.40637880932948 110.64313305089495 -117.5
1 1 -105.00292957746333 110.68288704429096 -108.0
8178
-------------------New----------------
0 0 -82.61935399521272 63.19171501451452 118.5
0 1 -82.41575138084255 59.1888417778127 108.5
1 0 -77.56777095543404 -30.554728424516355 -117.5
1 1 -77.7761839138476 -26.807852699793518 -108.0
8187
-------------------New----------------
0 0 -85.11252605841563 61.030703862262285 118.5
0 1 -85.07722200361107 56.466008421221105 108.5
1 0 -84.31003368865302 -46.706822022677635 -117.5
1 1 -84.35355320868248 -42.36138573728911 -108.0
8189
-------------------New----------------
0 0 -52.034977043731 68.86310053828453 118.5
0 1 -55.01253387198507 66.29846614564208 108.5
1 0 -122.3191727228907 8.318676659879689 -117.5
1 1 -119.48934440994049 10.756666359408417 -108.0
8195
-------------------New----------------
0 0 -63.02610286697761 -110.17039168807347 118.5
0 1 -63.05820220092983 -110.38527773883477 108.5
1 0 -63.78636279193263 -115.24385023514614 -117.5
1 1 -63.755229092309506 -115.03948944718108 -108.0
8207
-------------------New----------------
0 0 0.6989171609140208 -86.61762335906323 118.5
0 1 -2.9623064394760132 -87.7272859417338 108.5
1 0 -85.68084035290667 -112.93083388075911 -117.5
1 1 -82.20186530545973 -111.86414718149292 -108.0
8210
-------------------New----------------
0 0 -68.34911871892966 -25.742844178855147 118.5
0 1 -68.75618749101918 -25.64393153655559 108.5
1 0 -78.01992438342081 -23.29534877141557 -117.5
1 1 -77.62372507690843 -23.403058667730342 -108.0
8211
-------------------New----------------
0 0 -78.05177849473786 -113.9689428582542 118.5
0 1 -80.1278811350105 -112.94821228162179 108.5
1 0 -126.94409454394906 -90.03917994688646 -117.5
1 1 -124.97886264388781 -90.99887513144273 -108.0
8219
-------------------New----------------
0 0 48.13812508092715 -27.133976136298337 118.5
0 1 43.3086504474667 -24.05600464849791 108.5
1 0 -65.81473059078648 45.3675173897589 -117.5
1 1 -61.234534568926485 42.452125227353434 -108.0
8225
-------------------New----------------
0 0 -10.72034411240587 -80.12900105994382 118.5
0 1 -11.793116145057903 -81.35594917779545 108.5
1 0 -36.24511776419137 -108.991923026198 -117.5
1 1 -35.21819498358244 -107.82837047268738 -108.0
8226
-------------------New----------------
0 0 -8.32871873842412 -19.579815819029854 118.5
0 1 -2.9701467345203008 -20.640292914809287 108.5
1 0 117.9862440201124 -44.565085197213435 -117.5
1 1 112.89833955945478 -43.56052337488222 -108.0
8232
-------------------New----------------
0 0 -75.97160542461232 -75.67189259982867 118.5
0 1 -76.92120911774443 -76.10477563971605 108.5
1 0 -98.32523301649196 -85.89471131192691 -117.5
1 1 -97.43030030050127 -85.48959646558485 -108.0
8235
-------------------New----------------
0 0 -17.18116893573316 38.35562032348559 118.5
0 1 -16.005385694321745 35.04226515103879 108.5
1 0 10.528647830331888 -39.9242695776393 -117.5
1 1 9.413852409707573 -36.77099543479436 -108.0
8247
-------------------New----------------
0 0 -20.038366295306616 -95.36777672650757 118.5
0 1 -22.553377033207344 -95.28102543021141 108.5
1 0 -79.37985124922943 -93.30609714467984 -117.5
1 1 -76.99398172192915 -93.38757867395279 -108.0
8257
-------------------New----------------
0 0 -20.136533415589984 -46.53246676511451 118.5
0 1 -16.598791206610453 -47.23281584244076 108.5
1 0 63.30899611960001 -63.08758509799776 -117.5
1 1 59.93034647809255 -62.433169412924656 -108.0
8273
-------------------New----------------
0 0 86.58752608250089 -46.21533234684914 118.5
0 1 84.3583619244804 -43.873203596669455 108.5
1 0 33.95382144503799 9.136563981476334 -117.5
1 1 36.072808476349074 6.903516006304161 -108.0
8281
-------------------New----------------
0 0 -33.70295290253167 -41.05126812805767 118.5
0 1 -28.47824882881064 -43.85028043147954 108.5
1 0 89.69034718515846 -107.22865487990171 -117.5
1 1 84.71881501871829 -104.56846394141489 -108.0
8284
-------------------New----------------
0 0 0.1702758651792827 -52.51914352092348 118.5
0 1 3.6784585571498063 -50.52551479119552 108.5
1 0 83.04363876823454 -5.44300116301135 -117.5
1 1 79.704294528713 -7.335763536379597 -108.0
8285
-------------------New----------------
0 0 -85.326093705817 -20.764748314581702 118.5
0 1 -84.6181496419661 -20.010311601196985 108.5
1 0 -68.60861890917066 -3.026304830342048 -117.5
1 1 -69.28048189328359 -3.7383958426355774 -108.0
8286
-------------------New----------------
0 0 -28.298130145723043 30.405825100059623 118.5
0 1 -28.43790595522712 29.81479966330243 108.5
1 0 -31.591860658937435 16.442842930993134 -117.5
1 1 -31.459593089581993 17.005310606970617 -108.0
8288
-------------------New----------------
0 0 -30.376991070520024 105.66554893817506 118.5
0 1 -25.111550185321438 104.42039075929532 108.5
1 0 93.81783678333156 76.13037570545814 -117.5
1 1 88.81461876983403 77.32163406685281 -108.0
8290
-------------------New----------------
0 0 -8.357555749041385 23.91332995024354 118.5
0 1 -11.714851470216889 23.62995009066334 108.5
1 0 -87.74175970349644 17.396793028998804 -117.5
1 1 -84.54660612389492 17.65111714581515 -108.0
8294
-------------------New----------------
0 0 37.333919785081136 13.324760163667912 118.5
0 1 31.900794984922623 9.322103069267293 108.5
1 0 -90.90748288528835 -81.11294172984728 -117.5
1 1 -85.74671747126874 -77.31182444489865 -108.0
8301
-------------------New----------------
0 0 -46.02267556606195 64.63769886305833 118.5
0 1 -45.00267572428493 66.58466955745808 108.5
1 0 -21.96834302524708 110.62517887219428 -117.5
1 1 -22.931748701543007 108.78056322017747 -108.0
8306
-------------------New----------------
0 0 -107.0216033219838 -42.248866631078705 118.5
0 1 -106.96782989724761 -41.574623386131144 108.5
1 0 -105.74622156224686 -26.333851995358486 -117.5
1 1 -105.79782230810221 -26.9725469348564 -108.0
8311
-------------------New----------------
0 0 -54.738668308408236 52.67913601534186 118.5
0 1 -54.93319765443512 47.39380851441153 108.5
1 0 -59.29114335593977 -72.02030583827613 -117.5
1 1 -59.10802739518992 -67.00098417084615 -108.0
8312
-------------------New----------------
0 0 64.2063957906651 12.706138725850566 118.5
0 1 64.74447973968452 10.481242790548011 108.5
1 0 76.89846095151422 -39.74262617465744 -117.5
1 1 76.389505140294 -37.632722129948 -108.0
8342
-------------------New----------------
0 0 62.9519592377428 50.56400067434468 118.5
0 1 62.401693305090376 51.298214411744276 108.5
1 0 49.93349300251238 68.02583111583223 -117.5
1 1 50.45975221121919 67.31600554339596 -108.0
8343
-------------------New----------------
0 0 -34.80204671205572 55.933291906803404 118.5
0 1 -35.32886782590052 54.75924691369278 108.5
1 0 -46.90741202148811 28.209640899191946 -117.5
1 1 -46.40786304546056 29.336359407178684 -108.0
8345
-------------------New----------------
0 0 -46.62599742182061 121.79333990550461 118.5
0 1 -41.14135591720826 121.91194142784418 108.5
1 0 82.81256817772908 124.59265221842551 -117.5
1 1 77.60208173715594 124.47997233148162 -108.0
8350
-------------------New----------------
0 0 -39.02831269524551 78.8193777741958 118.5
0 1 -41.02378267337038 79.08742380127391 108.5
1 0 -86.11465418942946 85.14079089791437 -117.5
1 1 -84.21896926969896 84.88724758538447 -108.0
8354
-------------------New----------------
0 0 114.62622230817007 44.22599941114848 118.5
0 1 113.79954890804133 44.66819255018607 108.5
1 0 95.08056919834347 54.836649971031235 -117.5
1 1 95.86725083790617 54.407112419111414 -108.0
8363
-------------------New----------------
0 0 29.102555831224226 15.22794683658825 118.5
0 1 22.622111032862797 14.749246264968681 108.5
1 0 -123.72470139910115 3.790833806023753 -117.5
1 1 -117.54228987208072 4.25064328932396 -108.0
8372
-------------------New----------------
0 0 -34.3589364029303 41.44901487225992 118.5
0 1 -27.781261633876944 41.320976674706955 108.5
1 0 120.8256931970797 38.386866161194455 -117.5
1 1 114.5795525310403 38.51205893881212 -108.0
8382
-------------------New----------------
0 0 47.153719230709335 -40.4021244868239 118.5
0 1 47.75950402183596 -38.634174093244454 108.5
1 0 63.112656223907514 0.5192575498925474 -117.5
1 1 62.373145421686424 -1.1263123426695603 -108.0
8384
-------------------New----------------
0 0 67.77888264192379 -108.71388881042705 118.5
0 1 66.09598000398077 -108.70709842976312 108.5
1 0 28.08479741208372 -108.55654146466968 -117.5
1 1 29.68171696367667 -108.56361021708938 -108.0
8386
-------------------New----------------
0 0 14.004115678754857 -120.81116518104662 118.5
0 1 18.572679382536585 -120.46754221948429 108.5
1 0 121.88505547059235 -112.70225649081627 -117.5
1 1 117.538833037792 -113.02622265017348 -108.0
8392
-------------------New----------------
0 0 23.865981219410145 68.55426246025279 118.5
0 1 27.806281764365753 66.16705174624977 108.5
1 0 116.86153522792783 12.209539835903657 -117.5
1 1 113.11789118475356 14.477746767973247 -108.0
8395
-------------------New----------------
0 0 97.7082154173459 -48.87719947141416 118.5
0 1 97.52161074411846 -50.43277487029264 108.5
1 0 93.82266307068805 -86.03278038182516 -117.5
1 1 93.97997116665155 -84.53748153363345 -108.0
8400
-------------------New----------------
0 0 -49.65412499971951 54.42232719280486 118.5
0 1 -50.56894193773386 49.37150176432491 108.5
1 0 -72.2941006435775 -64.91630722929985 -117.5
1 1 -71.35711637072359 -60.08404247539816 -108.0
8415
-------------------New----------------
0 0 59.741252911101675 69.48109867566788 118.5
0 1 60.46408466872735 69.06765052200413 108.5
1 0 76.96830333950113 59.627458253107974 -117.5
1 1 76.26317888593974 60.02072091927848 -108.0
8422
-------------------New----------------
0 0 45.74159814532463 -74.88050942211306 118.5
0 1 44.64021842497907 -76.48081526562578 108.5
1 0 19.83544332791969 -112.58657726773512 -117.5
1 1 20.876428122049813 -111.06785591229061 -108.0
8427
-------------------New----------------
0 0 -92.93822085020835 -16.916523600272647 118.5
0 1 -94.33050788922074 -16.55146642865437 108.5
1 0 -125.80768050453048 -8.309516864621227 -117.5
1 1 -124.48422188970035 -8.655684069021389 -108.0
8437
-------------------New----------------
0 0 39.76517129996958 -70.19406960934892 118.5
0 1 42.64110935650335 -69.56084286812538 108.5
1 0 107.62668952274552 -55.265015272529396 -117.5
1 1 104.89262089923258 -55.86604736602963 -108.0
8453
-------------------New----------------
0 0 16.082372084721616 10.188441363019024 118.5
0 1 20.79526402079008 6.366110953231817 108.5
1 0 127.33209677094571 -80.0197455785599 -117.5
1 1 122.85618003578134 -76.38655069952686 -108.0
8454
-------------------New----------------
0 0 48.054435225348456 11.254410291674805 118.5
0 1 48.075062855620686 16.09256674328078 108.5
1 0 48.706168199309325 125.39533493192837 -117.5
1 1 48.67738228162059 120.80157116838033 -108.0
8477
-------------------New----------------
0 0 -8.03200551976075 74.44497228773699 118.5
0 1 -5.39609494479935 75.06277829803744 108.5
1 0 54.536100726299786 89.45135748669738 -117.5
1 1 52.0089206995998 88.83197707232574 -108.0
8479
-------------------New----------------
0 0 -75.06833075347738 -52.07063589322881 118.5
0 1 -76.12322376598475 -46.85041400203473 108.5
1 0 -99.95483694678785 71.14556526759176 -117.5
1 1 -98.95244781890607 66.18475917165527 -108.0
8480
-------------------New----------------
0 0 -58.19524256734094 37.320705353764424 118.5
0 1 -55.09165221393963 32.884748534628436 108.5
1 0 15.076596824252672 -67.2931479866566 -117.5
1 1 12.124229586721373 -63.08479817680025 -108.0
8488
-------------------New----------------
0 0 2.344806173995989 -33.086058314691954 118.5
0 1 -0.6447234445946431 -27.875525568063146 108.5
1 0 -68.21098332886042 89.88482636846496 -117.5
1 1 -65.37097681491933 84.93470742133756 -108.0
8495
-------------------New----------------
0 0 61.0891060151165 -51.80456718115494 118.5
0 1 58.36351807550078 -49.0736405742425 108.5
1 0 -1.8149069250102325 11.91386818946518 -117.5
1 1 0.6771409579659308 9.316608246785288 -108.0
8500
-------------------New----------------
0 0 -2.4512362421560363 16.594966211367087 118.5
0 1 -3.534746372453995 17.704105255003945 108.5
1 0 -28.023574842771005 42.77315694586556 -117.5
1 1 -26.994222854660382 41.71923832200333 -108.0
8503
-------------------New----------------
0 0 -46.1121127323314 -47.34037155785456 118.5
0 1 -47.20715502071663 -48.47643956859102 108.5
1 0 -71.84183706506424 -74.33985311316367 -117.5
1 1 -70.80826526815302 -73.25746020559919 -108.0
8512
-------------------New----------------
0 0 -18.380879189841103 -88.61274437717492 118.5
0 1 -21.938097719630804 -87.63759879673033 108.5
1 0 -102.3066059828967 -65.44524981684575 -117.5
1 1 -98.93328316666936 -66.37909692742252 -108.0
8526
-------------------New----------------
0 0 34.536809978048474 98.65702967466973 118.5
0 1 32.9652974354074 97.91537772917755 108.5
1 0 -2.470188758204795 81.08115256095206 -117.5
1 1 -0.9822326003590872 81.79428728494109 -108.0
8532
-------------------New----------------
0 0 40.52874643789762 -44.815153142533305 118.5
0 1 41.45948672225656 -46.331521386325434 108.5
1 0 62.465671306161916 -80.58272165807801 -117.5
1 1 61.58246709833092 -79.1393463012112 -108.0
8538
-------------------New----------------
0 0 67.6973788035053 44.066864027801344 118.5
0 1 69.94122018246226 45.91885413520057 108.5
1 0 121.01028697290903 87.70248983732607 -117.5
1 1 118.85153106758477 85.94458693092048 -108.0
8547
-------------------New----------------
0 0 -4.432538177072196 54.35400902931034 118.5
0 1 -0.03712799013875952 56.68081032484935 108.5
1 0 99.22162145758047 109.19862315262597 -117.5
1 1 95.05236870357675 106.99393601659779 -108.0
8558
-------------------New----------------
0 0 63.675656167730494 -42.13808133724682 118.5
0 1 64.11922606959828 -43.398239954187765 108.5
1 0 74.09353957439741 -71.97195844400795 -117.5
1 1 73.67436364268625 -70.7769694634442 -108.0
8559
-------------------New----------------
0 0 20.742003123182577 -80.25009440445177 118.5
0 1 22.263078272538532 -77.26081040699658 108.5
1 0 56.668331529669956 -9.693112944146645 -117.5
1 1 55.221513367651234 -12.536435850435634 -108.0
8560
-------------------New----------------
0 0 -3.422796708590429 8.001382204237967 118.5
0 1 -2.5205936247800897 7.0454755871898085 108.5
1 0 17.89407761145333 -14.581358639912906 -117.5
1 1 17.036155081631403 -13.670901428866415 -108.0
8569
-------------------New----------------
0 0 -43.258527342478764 71.01039342684787 118.5
0 1 -39.78664114352004 68.84741736856314 108.5
1 0 38.63458788607875 19.98382540435602 -117.5
1 1 35.33868725880761 22.037705343099553 -108.0
8570
-------------------New----------------
0 0 -38.35889517338998 -43.76126730583153 118.5
0 1 -38.34999896043915 -41.4676441262356 108.5
1 0 -37.88564765503999 10.639145334983894 -117.5
1 1 -37.90686078516565 8.425561557063208 -108.0
8589
-------------------New----------------
0 0 40.80323895643492 90.39121139680152 118.5
0 1 43.705674534007905 90.25081293008272 108.5
1 0 109.43887621118945 87.09968276400943 -117.5
1 1 106.67923581825252 87.24453338510668 -108.0
8592
-------------------New----------------
0 0 11.329836334614736 16.880682034592184 118.5
0 1 7.552492756957582 13.167216578004078 108.5
1 0 -77.7948303436439 -70.77209265967198 -117.5
1 1 -74.20807293921528 -67.2434313527962 -108.0
8606
-------------------New----------------
0 0 -58.83796882074121 -86.47994220676071 118.5
0 1 -57.855405754940136 -85.29621900011907 108.5
1 0 -35.58684353143755 -58.09870976587238 -117.5
1 1 -36.54103061872477 -59.293951325049136 -108.0
8614
-------------------New----------------
0 0 39.56678422975518 46.14253351395575 118.5
0 1 38.34412796362581 42.4380295309866 108.5
1 0 10.74926926988087 -41.275683634760036 -117.5
1 1 11.907407866936115 -37.75915246408526 -108.0
8622
-------------------New----------------
0 0 -44.75690390226109 50.23333320522653 118.5
0 1 -44.91405540135273 51.437053621794064 108.5
1 0 -48.463029758594836 78.63264286729016 -117.5
1 1 -48.3139114453918 77.49096516894713 -108.0
8623
-------------------New----------------
0 0 -63.10873566883214 -0.011266913445852155 118.5
0 1 -59.66623545926941 0.2584564640931692 108.5
1 0 15.919212355773421 7.5451091409279325 -117.5
1 1 12.840089471430627 7.195056358572319 -108.0
8628
-------------------New----------------
0 0 8.17816558042327 38.967243876403884 118.5
0 1 12.607413872338077 40.701603936653854 108.5
1 0 112.94637005633533 79.91773579488151 -117.5
1 1 108.72047320966267 78.27766649024157 -108.0
8630
-------------------New----------------
0 0 -15.95771966048155 -10.453354577416869 118.5
0 1 -15.988312282139123 -9.227611336183788 108.5
1 0 -16.70829094084309 18.48705117815571 -117.5
1 1 -16.678095972047338 17.322174081580886 -108.0
8633
-------------------New----------------
0 0 -56.88355703876927 -38.96459314817065 118.5
0 1 -57.016967680565884 -33.496852034219984 108.5
1 0 -60.04307780187103 89.99270662244221 -117.5
1 1 -59.91221689154914 84.80796663433495 -108.0
8643
-------------------New----------------
0 0 69.19725087923786 -72.58926290302179 118.5
0 1 69.2058292084325 -74.04362866694903 108.5
1 0 69.36350311802738 -106.99913078034633 -117.5
1 1 69.34717551271937 -105.6049614413901 -108.0
8648
-------------------New----------------
0 0 68.30806742193627 25.495637523256878 118.5
0 1 69.97501570966507 21.607845380226443 108.5
1 0 107.7079349025616 -66.43382496159309 -117.5
1 1 106.12757704526602 -62.73676475971837 -108.0
8649
-------------------New----------------
0 0 -13.114020031189943 72.41592452804821 118.5
0 1 -14.133826758037221 73.40095923844292 108.5
1 0 -37.26199191540981 95.62145876299056 -117.5
1 1 -36.28978167105149 94.69521274825107 -108.0
8652
-------------------New----------------
0 0 -63.73737212465322 -7.662662488412233 118.5
0 1 -61.48803808371874 -9.795971538152427 108.5
1 0 -10.741368398974801 -58.08849387791601 -117.5
1 1 -12.863673067539057 -56.05156751106942 -108.0
8665
-------------------New----------------
0 0 -23.814701101417352 76.21154630059871 118.5
0 1 -23.03868159314996 75.35289847040788 108.5
1 0 -5.458772045121083 56.050812577409644 -117.5
1 1 -6.195902459380386 56.86042709711124 -108.0
8672
-------------------New----------------
0 0 109.27712507064378 17.819961660785488 118.5
0 1 108.71229241389722 15.888568561854333 108.5
1 0 95.90388534368334 -27.912016541942457 -117.5
1 1 96.43590642892892 -26.068318295975466 -108.0
8674
-------------------New----------------
0 0 20.95382557479906 0.19289171122355722 118.5
0 1 23.19843384865792 -1.560250536440432 108.5
1 0 73.92437495532474 -41.185906704355624 -117.5
1 1 71.79237381572824 -39.52072090703236 -108.0
8676
-------------------New----------------
0 0 55.61757761136962 -88.46324532096034 118.5
0 1 52.71663511000052 -89.8165606026551 108.5
1 0 -12.812775186445231 -120.38042098943181 -117.5
1 1 -10.05982037913559 -119.09618993224805 -108.0
8679
-------------------New----------------
0 0 -41.01463752771408 -42.26748516058144 118.5
0 1 -38.92297960901301 -41.950590589569835 108.5
1 0 8.51627197233559 -34.473205413997434 -117.5
1 1 6.520251956792677 -34.79395975385342 -108.0
8683
-------------------New----------------
0 0 82.97864079277979 106.00265322475357 118.5
0 1 80.08433877205461 106.21617244936822 108.5
1 0 14.795270958752985 111.39689862622838 -117.5
1 1 17.5341589927041 111.16507222491339 -108.0
8691
-------------------New----------------
0 0 24.052646829389722 9.823589437910096 118.5
0 1 24.571421414196937 5.806781383986468 108.5
1 0 36.46246598455514 -85.85208142776459 -117.5
1 1 35.963592857536334 -81.97861124139716 -108.0
8705
-------------------New----------------
0 0 -52.92942665844987 -23.632807284158403 118.5
0 1 -51.90387900353187 -23.726759019827952 108.5
1 0 -28.71706736752252 -25.83487855529007 -117.5
1 1 -29.691699233007274 -25.745904609095163 -108.0
8708
-------------------New----------------
0 0 45.71003444087595 46.17942158225407 118.5
0 1 39.795976163795004 45.581056942696435 108.5
1 0 -93.8786649974555 32.015401982649706 -117.5
1 1 -88.260479640576 32.587533219615565 -108.0
8713
-------------------New----------------
0 0 90.62676021214905 -95.58692223501531 118.5
0 1 89.84943080413821 -96.66953220989286 108.5
1 0 71.9120480507303 -120.9287458067295 -117.5
1 1 72.68230278428783 -119.89762032389838 -108.0
8724
-------------------New----------------
0 0 76.98163735768597 4.524503569624697 118.5
0 1 77.08919013608403 1.3908802048333204 108.5
1 0 79.51973834957116 -69.24091317118977 -117.5
1 1 79.4184050106905 -66.27615343545031 -108.0
8726
-------------------New----------------
0 0 13.718078772761322 3.4827958186204135 118.5
0 1 13.788386386305877 4.660801256456731 108.5
1 0 15.361163009272497 31.312007802482196 -117.5
1 1 15.294793492713666 30.190561829543828 -108.0
8738
-------------------New----------------
0 0 -22.397674055154816 87.247912151098 118.5
0 1 -21.547921188878146 84.41436637045679 108.5
1 0 -2.349749126170699 20.371916096107718 -117.5
1 1 -3.1557348343524985 23.063608826793125 -108.0
8760
-------------------New----------------
0 0 50.7555859275076 36.11245910733545 118.5
0 1 50.94811310045672 35.40937027571296 108.5
1 0 55.32698828210895 19.417403517188102 -117.5
1 1 55.14246356814634 20.09276070528885 -108.0
8763
-------------------New----------------
0 0 71.29447759508557 57.63463661847019 118.5
0 1 71.03344085590632 56.694770798219835 108.5
1 0 65.1209206283339 35.44943578714723 -117.5
1 1 65.36921439964439 36.34319014185559 -108.0
8764
-------------------New----------------
0 0 -33.80336560726941 77.16959229198902 118.5
0 1 -33.31685479844754 79.06199268072193 108.5
1 0 -22.33460275900879 121.84830314418582 -117.5
1 1 -22.79759723004918 120.0483626867732 -108.0
8774
-------------------New----------------
0 0 -34.09075059115621 -50.413674911729075 118.5
0 1 -36.783235737995746 -45.84012508129271 108.5
1 0 -97.62671604286291 57.50716257921492 -117.5
1 1 -95.06898071773674 53.16327188641535 -108.0
8782
-------------------New----------------
0 0 -3.539179745181181 64.90099068927655 118.5
0 1 -3.8829099371081455 65.70606970755225 108.5
1 0 -11.647124460986877 83.8953520443148 -117.5
1 1 -11.32146019282732 83.13088459601073 -108.0
8786
-------------------New----------------
0 0 32.97575655599586 50.20526682515689 118.5
0 1 35.497193478618385 49.686885825900745 108.5
1 0 92.48099192696571 38.01091306283135 -117.5
1 1 90.08677158829602 38.50175245486999 -108.0
8791
-------------------New----------------
0 0 94.11102837107342 59.767413018649144 118.5
0 1 92.22279525663214 59.24819422040614 108.5
1 0 49.50043449508403 47.51620120408461 -117.5
1 1 51.297197698635614 48.01002975738484 -108.0
8792
-------------------New----------------
0 0 -74.42283924091751 24.277695073639443 118.5
0 1 -73.49549776816431 26.887762566699024 108.5
1 0 -52.47511008477655 85.86090659889878 -117.5
1 1 -53.35910308110276 83.38212239256356 -108.0
8816
-------------------New----------------
0 0 36.524289006028944 -24.530366945656844 118.5
0 1 36.908112132180975 -24.238643998266234 108.5
1 0 45.59651677870151 -17.55241102416603 -117.5
1 1 45.23282914854579 -17.837530145371648 -108.0
8820
-------------------New----------------
0 0 -38.98812203495968 29.195025926257237 118.5
0 1 -40.97656502059742 29.89278058590864 108.5
1 0 -85.8381872545891 45.58166024390553 -117.5
1 1 -83.95425936112551 44.92398065824713 -108.0
8829
-------------------New----------------
0 0 -38.32878328947065 -22.507194736836354 118.5
0 1 -35.28442146425614 -20.621948212730107 108.5
1 0 21.889921976526985 30.793489780491946 -117.5
1 1 19.994111956573306 28.248151959163277 -108.0
8833
-------------------New----------------
0 0 109.62167007433166 96.80090621632843 118.5
0 1 109.71295179298602 98.09600876938347 108.5
1 0 111.76130469977946 127.39032008234669 -117.5
1 1 111.67660415662922 126.15702106575452 -108.0
8834
-------------------New----------------
0 0 -84.81630034372101 -102.80981217779313 118.5
0 1 -83.143413160433 -102.76367426273575 108.5
1 0 -45.18705616449102 -101.5903224327322 -117.5
1 1 -46.776378820929146 -101.65566894857861 -108.0
8836
-------------------New----------------
0 0 15.209095340786789 -43.38437163985712 118.5
0 1 17.895466450762395 -44.69219250902102 108.5
1 0 78.59194822162574 -74.24327314312914 -117.5
1 1 76.04138880951754 -73.00164610808687 -108.0
8840
-------------------New----------------
0 0 -69.30562700571723 -28.13812069737954 118.5
0 1 -67.68035941981915 -26.12296371062687 108.5
1 0 -30.961078796559047 19.39739219370008 -117.5
1 1 -32.504811982531166 17.483471511758708 -108.0
8872
-------------------New----------------
0 0 15.08820977361446 -94.6897015681271 118.5
0 1 9.731025528753701 -95.84991047568705 108.5
1 0 -111.34672159741606 -122.05702405699091 -117.5
1 1 -106.2570579524659 -120.95567190456052 -108.0
8878
-------------------New----------------
0 0 -79.92022247405255 49.650285662936575 118.5
0 1 -81.07547739222744 47.8145883774036 108.5
1 0 -107.11215167748894 6.369260304900351 -117.5
1 1 -106.01435066243293 8.106605834267505 -108.0
8882
-------------------New----------------
0 0 -80.18016777878795 24.52128048522284 118.5
0 1 -79.63254566653706 18.71823688429908 108.5
1 0 -67.26001051553848 -112.4326315810926 -117.5
1 1 -67.77989872242924 -106.9195240370126 -108.0
8884
-------------------New----------------
0 0 72.41254190283948 28.30383817171388 118.5
0 1 74.65962690150856 32.010096454469945 108.5
1 0 125.44094916717236 115.77081075971873 -117.5
1 1 123.30639085096156 112.24985460468365 -108.0
8888
-------------------New----------------
0 0 17.96321564940697 -65.11408519092289 118.5
0 1 18.21712460429831 -62.48261927784811 108.5
1 0 23.957196061547673 -3.0068923565645167 -117.5
1 1 23.715888076879445 -5.507157794560768 -108.0
8891
-------------------New----------------
0 0 45.517965727543675 35.40917984719493 118.5
0 1 47.04200134359126 38.135567233986116 108.5
1 0 81.42311089767993 99.7185523445965 -117.5
1 1 79.97897375365528 97.12915788741172 -108.0
8895
-------------------New----------------
0 0 51.878814920399215 -33.36788257534005 118.5
0 1 54.33591687892007 -28.421163685500538 108.5
1 0 109.87975611265594 83.28251791240169 -117.5
1 1 107.54845052124467 78.58835102763689 -108.0
8902
-------------------New----------------
0 0 89.88984623076536 -23.880233552206104 118.5
0 1 88.4586904418211 -25.52564031254204 108.5
1 0 56.19916018600369 -62.71233780604541 -117.5
1 1 57.55656053268916 -61.14792200549407 -108.0
8904
-------------------New----------------
0 0 16.022847113753535 16.556114345004605 118.5
0 1 13.701770251615708 13.238475402187229 108.5
1 0 -38.81751266295078 -61.800622719893816 -117.5
1 1 -36.606992114912906 -58.641571297995974 -108.0
8908
-------------------New----------------
0 0 6.622964334551571 -52.47424617453818 118.5
0 1 8.242287005194248 -54.57473618515512 108.5
1 0 44.78395425996274 -101.8723397935449 -117.5
1 1 43.26168879120193 -99.88733616112731 -108.0
8909
-------------------New----------------
0 0 -45.826774067487975 54.809751090060715 118.5
0 1 -44.88216224903354 49.6668671297973 108.5
1 0 -23.2347884031957 -66.11957792628257 -117.5
1 1 -24.138428545316405 -61.25914156380749 -108.0
8910
-------------------New----------------
0 0 72.1682493414074 42.960412839620645 118.5
0 1 72.42877002534628 41.36658855173506 108.5
1 0 78.31933431497558 5.348524398178088 -117.5
1 1 78.07173654153246 6.8626359811475 -108.0
8927
-------------------New----------------
0 0 34.518628513283346 85.56338289754304 118.5
0 1 34.20445779191265 87.0240856882442 108.5
1 0 27.0916437236974 120.0847037157788 -117.5
1 1 27.39087505093368 118.6952012081393 -108.0
8929
-------------------New----------------
0 0 26.268232417324423 -80.4759572660382 118.5
0 1 21.148771797455588 -77.44371426431073 108.5
1 0 -94.64458685070886 -8.810300033731115 -117.5
1 1 -89.7764846560594 -11.697867661496687 -108.0
8933
-------------------New----------------
0 0 -19.81014286672117 44.20304502691486 118.5
0 1 -23.421055623115002 44.88312890852118 108.5
1 0 -105.16898478159695 60.142884857923185 -117.5
1 1 -101.72928701434275 59.50571041090858 -108.0
8942
-------------------New----------------
0 0 -19.125536732525504 -10.94018862209678 118.5
0 1 -20.71949444150792 -12.25459495873032 108.5
1 0 -56.806134041793335 -42.02387978855275 -117.5
1 1 -55.27027105726664 -40.762987770788506 -108.0
8950
-------------------New----------------
0 0 -53.01941794642637 14.311028755059791 118.5
0 1 -53.313885870054285 11.975951441026703 108.5
1 0 -60.02585512156404 -41.242422177171754 -117.5
1 1 -59.73216977742281 -39.0091083669496 -108.0
8954
-------------------New----------------
0 0 -90.65902726748064 5.909510493505152 118.5
0 1 -90.34947697958927 8.677063281480256 108.5
1 0 -83.54573110616143 71.31814953121578 -117.5
1 1 -83.83291722638873 68.66058730347453 -108.0
8958
-------------------New----------------
0 0 -4.307797877592458 84.67313526217312 118.5
0 1 -8.363852779825583 81.75320199116359 108.5
1 0 -100.02633222605098 15.839374833211494 -117.5
1 1 -96.14968450976413 18.623514495339087 -108.0
8966
-------------------New----------------
0 0 47.92569394915372 58.4575689823312 118.5
0 1 47.46173603640926 57.7003208820577 108.5
1 0 36.9745751955998 40.57593972052381 -117.5
1 1 37.415077311479315 41.296130372240086 -108.0
8987
-------------------New----------------
0 0 -3.6165919932682487 75.41999999055477 118.5
0 1 1.3410678567103465 71.86934390045539 108.5
1 0 113.29171911480167 -8.43604703963462 -117.5
1 1 108.5874718808802 -5.058922880435499 -108.0
8988
-------------------New----------------
0 0 74.83274141767328 36.15484293763052 118.5
0 1 76.22031245844275 33.740233594068506 108.5
1 0 107.7637164863028 -20.764726358097587 -117.5
1 1 106.42743624339455 -18.456471718505107 -108.0
8991
-------------------New----------------
0 0 -68.55358116698797 -108.28020062423775 118.5
0 1 -65.97113987621667 -106.89826067897059 108.5
1 0 -7.755455183244292 -75.17550800668491 -117.5
1 1 -10.211914296931997 -76.52703656962044 -108.0
8994
-------------------New----------------
0 0 13.115308592184366 -53.35070671083254 118.5
0 1 12.227471327334307 -54.056564947180085 108.5
1 0 -7.829126927118212 -70.03866373380335 -117.5
1 1 -6.986819121523496 -69.36607283359682 -108.0
8997
-------------------New----------------
0 0 12.163015949800961 33.33095289108524 118.5
0 1 8.879255111483072 35.22084034459807 108.5
1 0 -65.37826769413803 77.89507006089 -117.5
1 1 -62.25508612403222 76.10107504701331 -108.0
9001
-------------------New----------------
0 0 76.45147151246749 -20.963753500694736 118.5
0 1 77.39862452958758 -15.83460760649088 108.5
1 0 98.76177192442296 100.16535158042895 -117.5
1 1 97.8621409377175 95.28418573534529 -108.0
9013
-------------------New----------------
0 0 -82.08331559763545 -106.45320885165381 118.5
0 1 -82.01280683287906 -105.85614442403626 108.5
1 0 -80.4407834948343 -92.42845403932617 -117.5
1 1 -80.51064113198228 -92.98969149137712 -108.0
9014
-------------------New----------------
0 0 65.05790908563202 45.755377393146674 118.5
0 1 66.3126599231079 44.439605160669416 108.5
1 0 94.64710638602337 14.73086340517429 -117.5
1 1 93.45663270063321 15.978925631384786 -108.0
9016
-------------------New----------------
0 0 -41.19204991089022 67.82502718530185 118.5
0 1 -43.72419541899663 68.48067639453814 108.5
1 0 -101.03350815876614 83.2832917742767 -117.5
1 1 -98.62082078092847 82.66207653479611 -108.0
9029
-------------------New----------------
0 0 97.27586709709558 37.20165318558214 118.5
0 1 97.94377778848177 48.42331096307361 108.5
1 0 -41.749229801471564 84.95852909460322 -117.5
1 1 -39.11959969847901 84.72312695727149 -108.0
9036
-------------------New----------------
0 0 81.00154769954979 -24.355333874598248 118.5
0 1 81.12723387260101 -26.237564522321225 108.5
1 0 83.95947478494345 -68.7708235050356 -117.5
1 1 83.84028718810748 -66.98288256970545 -108.0
9037
-------------------New----------------
0 0 -11.842886344875028 8.871743736156086 118.5
0 1 -11.14743676228452 7.646899912165226 108.5
1 0 14.11740757163038 0.49368876112882887 -117.5
1 1 12.630794700303959 -0.11241402171487014 -108.0
9040
-------------------New----------------
0 0 61.301393421992564 37.40500499584866 118.5
0 1 60.89853429573187 38.853105123179084 108.5
1 0 51.75484864222517 71.58302230870655 -117.5
1 1 52.14064762144051 70.20733860857283 -108.0
9044
-------------------New----------------
0 0 -2.820517935178766 0.7358487854683503 118.5
0 1 -2.058196480970952 2.519920057844837 108.5
1 0 15.240285648887184 42.742672296245516 -117.5
1 1 14.511711861009886 41.052077013988445 -108.0
9051
-------------------New----------------
0 0 15.059235221824949 -76.47047335410306 118.5
0 1 10.673613904305197 -78.52377178910112 108.5
1 0 -88.44456664780151 -124.94605216737386 -117.5
1 1 -84.27836230346603 -122.99399237360494 -108.0
9055
-------------------New----------------
0 0 117.29014052066043 -51.13960647742484 118.5
0 1 117.28594313571918 -51.369026565494345 108.5
1 0 117.24779397074715 -56.464573228889606 -117.5
1 1 117.25296981749531 -56.256092497231734 -108.0
9056
-------------------New----------------
0 0 29.697888496698805 -51.50212430596952 118.5
0 1 25.018594471073467 -48.68025979858661 108.5
1 0 -81.07804358657707 14.757315211243201 -117.5
1 1 -76.56858813828937 12.080851122552414 -108.0
9057
-------------------New----------------
0 0 -33.94716707738102 20.91354990471469 118.5
0 1 -36.36701323083906 23.90928861707711 108.5
1 0 -91.09100859568753 91.67702540360897 -117.5
1 1 -88.79113792079065 88.82724531186389 -108.0
9060
-------------------New----------------
0 0 -27.85234840248455 -85.55888558029557 118.5
0 1 -28.828325849339308 -86.9468816539271 108.5
1 0 -50.84609275983984 -118.26569616676643 -117.5
1 1 -49.91802347150021 -116.94533534677252 -108.0
9061
-------------------New----------------
0 0 -65.81570266026827 -66.31875972282532 118.5
0 1 -62.37820263825573 -68.18187749844142 108.5
1 0 15.313853554285615 -110.28649268442821 -117.5
1 1 12.048453878139208 -108.51788238897777 -108.0
9062
-------------------New----------------
0 0 -83.61042018959583 -13.944646768137625 118.5
0 1 -81.59427889309593 -12.486503948801277 108.5
1 0 -35.98127050284885 20.514197742725074 -117.5
1 1 -37.899048237113945 19.12670582485078 -108.0
9085
-------------------New----------------
0 0 -53.60825815549991 -65.25274029573883 118.5
0 1 -48.672738008093354 -62.72895950227829 108.5
1 0 62.81645700540891 -5.759715816327157 -117.5
1 1 58.12908507273359 -8.153464948738437 -108.0
9103
-------------------New----------------
0 0 -67.7075763348959 -92.7874024647243 118.5
0 1 -65.65327969936463 -91.30669526247752 108.5
1 0 -19.074933873059926 -57.57357111833717 -117.5
1 1 -21.035697842905375 -58.99129246396329 -108.0
9108
-------------------New----------------
0 0 113.44925293324386 12.696780689356794 118.5
0 1 112.62659190584743 14.248242114556414 108.5
1 0 93.9293359294817 49.32666751197384 -117.5
1 1 94.71513256682348 47.851621222972355 -108.0
9118
-------------------New----------------
0 0 38.126637701104755 10.755838948448533 118.5
0 1 35.050749201587294 8.258866729305886 108.5
1 0 -34.43629253774989 -48.20973008975507 -117.5
1 1 -31.51823815600805 -45.83243994997269 -108.0
9122
-------------------New----------------
0 0 23.13363983236489 -0.2178721918992803 118.5
0 1 24.20018595087729 3.45517089518525 108.5
1 0 48.252410031223455 86.44569045182935 -117.5
1 1 47.2368118598558 82.95770856099404 -108.0
9131
-------------------New----------------
0 0 3.1009054778530123 9.10332482333275 118.5
0 1 2.260208281761314 10.452303085410055 108.5
1 0 -16.76611326244055 40.92111814767863 -117.5
1 1 -15.965506584253458 39.64165046861848 -108.0
9150
-------------------New----------------
0 0 -28.49210283064351 -76.96341843376543 118.5
0 1 -22.94632946836085 -74.15389803393978 108.5
1 0 102.17815507641217 -10.800296450372382 -117.5
1 1 96.91973350372655 -13.464839739074838 -108.0
9159
-------------------New----------------
0 0 66.87275707465206 -92.7090777047291 118.5
0 1 68.1804213329032 -90.41052186567443 108.5
1 0 96.73257812557833 -38.37639993946471 -117.5
1 1 95.59484665732576 -40.549726075677015 -108.0
9165
-------------------New----------------
0 0 118.4233081890573 6.399696654271201 118.5
0 1 118.51999493080832 7.0022123509784935 108.5
1 0 120.68695236605576 20.631545531844598 -117.5
1 1 120.59585194935705 20.05920859555903 -108.0
9168
-------------------New----------------
0 0 35.65566481939661 118.34504829032267 118.5
0 1 35.33625675972717 118.12502388020357 108.5
1 0 28.121213933230724 113.15320892261919 -117.5
1 1 28.425303339112407 113.36340451542105 -108.0
9172
-------------------New----------------
0 0 18.734601806453234 -55.7158639767253 118.5
0 1 21.254075339603308 -55.258024302872876 108.5
1 0 78.29673712082888 -44.9545822605967 -117.5
1 1 75.89626282877288 -45.384306863918866 -108.0
9173
-------------------New----------------
0 0 79.28097436269113 96.48874447197007 118.5
0 1 80.64640266273167 95.18792154257224 108.5
1 0 111.49569084508633 65.79338736295762 -117.5
1 1 110.19878618771682 67.02942118571355 -108.0
9180
-------------------New----------------
0 0 -32.33008531026389 -7.863708403983931 118.5
0 1 -30.7597082353145 -10.376438369036824 108.5
1 0 4.813529124397854 -67.15703656567703 -117.5
1 1 3.3166444269986917 -64.76974151527311 -108.0
9196
-------------------New----------------
0 0 30.52620532586664 -30.686159075994187 118.5
0 1 29.188815184227394 -33.88599644192632 108.5
1 0 -1.0232755386531411 -106.2102516359708 -117.5
1 1 0.24598261127307347 -103.17008521010716 -108.0
9200
-------------------New----------------
0 0 -6.85102414697346 46.7154550742593 118.5
0 1 -1.9364301644922821 47.42729313779895 108.5
1 0 109.11630934991277 63.52191013677585 -117.5
1 1 104.4484396960552 62.84493446635382 -108.0
9203
-------------------New----------------
0 0 -98.26255000414196 -38.66774754013281 118.5
0 1 -97.79170065069177 -42.131164003080606 108.5
1 0 -87.20293918745928 -120.37861657067359 -117.5
1 1 -87.64855662041516 -117.08912369170234 -108.0
9207
-------------------New----------------
0 0 -18.23488156443864 -26.28439698585617 118.5
0 1 -17.427190387764607 -24.67268941149893 108.5
1 0 -1.4805443011221566 10.26404977925305 -117.5
1 1 -2.047186064324798 8.864272998703148 -108.0
9211
-------------------New----------------
0 0 -40.487288022903364 13.825434216143401 118.5
0 1 -39.486772967800995 14.414566105489062 108.5
1 0 -16.888045209937097 27.7553997996824 -117.5
1 1 -17.83471093172573 27.191023566188086 -108.0
9215
-------------------New----------------
0 0 107.83671383381218 -67.29506328789151 118.5
0 1 108.51901759874815 -65.6981650028514 108.5
1 0 124.00962663660819 -29.636329957348146 -117.5
1 1 123.35935144529779 -31.153964119476278 -108.0
9225
-------------------New----------------
0 0 15.434619819973381 95.99249311247652 118.5
0 1 15.89355336572618 96.45351473753111 108.5
1 0 26.223902786438817 106.84372642599494 -117.5
1 1 25.79326317591343 106.41388513222475 -108.0
9226
-------------------New----------------
0 0 33.23325299381362 -24.034860080043924 118.5
0 1 28.838301930739068 -22.542148468212446 108.5
1 0 -70.46432710960171 11.222524012093093 -117.5
1 1 -66.29037655870303 9.803616507582495 -108.0
9232
-------------------New----------------
0 0 -92.35274835990856 39.73907837613576 118.5
0 1 -90.3849717329091 37.994148634919526 108.5
1 0 -45.87464028218021 -1.4623358675880445 -117.5
1 1 -47.74739393109009 0.19029004571508565 -108.0
9245
-------------------New----------------
0 0 -62.208798252476925 -56.053746055565 118.5
0 1 -63.2281236465465 -54.32048534234343 108.5
1 0 -86.2616512532219 -15.145999704667535 -117.5
1 1 -85.29358983885403 -16.793103904444315 -108.0
9250
-------------------New----------------
0 0 2.2235116453803845 34.17848839668196 118.5
0 1 2.1150346550505903 32.33853689757859 108.5
1 0 -0.3210236699053861 -9.3154053632169 -117.5
1 1 -0.21949004706795056 -7.559783641124362 -108.0
9251
-------------------New----------------
0 0 -57.552036438100345 24.73533102855697 118.5
0 1 -53.916131517183636 23.818148576697347 108.5
1 0 28.2141114244273 3.138845692741511 -117.5
1 1 24.75997487579037 4.006785131725359 -108.0
9259
-------------------New----------------
0 0 -61.99722868690841 76.68036715508096 118.5
0 1 -61.44345219758318 77.65214911766864 108.5
1 0 -48.91149393514382 99.61423100824318 -117.5
1 1 -49.43872208208498 98.69298881874951 -108.0
9261
-------------------New----------------
0 0 63.90901184822816 18.518653493927502 118.5
0 1 64.49835644990002 18.227470907298304 108.5
1 0 77.76652336525689 11.6344177141731 -117.5
1 1 77.23179916937877 11.92085917473828 -108.0
9263
-------------------New----------------
0 0 -31.592369914157608 -81.78633076149742 118.5
0 1 -31.83034260710611 -80.52385758259962 108.5
1 0 -37.41526898025132 -51.99926195221569 -117.5
1 1 -37.173562970551785 -53.19898432895386 -108.0
9265
-------------------New----------------
0 0 40.302250605674 -17.552933822091884 118.5
0 1 40.233824466082424 -14.163561104703337 108.5
1 0 38.685967499623374 62.433279521973546 -117.5
1 1 38.751065775661885 59.2135554537517 -108.0
9268
-------------------New----------------
0 0 -53.6269213046174 56.487403540745994 118.5
0 1 -49.812127270928286 57.26598329537202 108.5
1 0 36.42431637989243 74.98192953258385 -117.5
1 1 32.802580735763506 74.23348358617982 -108.0
9270
-------------------New----------------
0 0 12.393874252895971 -82.52750313719734 118.5
0 1 14.267605195802043 -84.20318317771923 108.5
1 0 56.513336813522564 -121.88207645551572 -117.5
1 1 54.73890284612887 -120.29717051059477 -108.0
9275
-------------------New----------------
0 0 4.7937269120238835 -19.22970126092409 118.5
0 1 1.4319964619648593 -19.347705921609016 108.5
1 0 -74.28039102298843 -21.9902572099529 -117.5
1 1 -71.10376891775168 -21.877911538815848 -108.0
9277
-------------------New----------------
0 0 -39.82555005029887 -20.463704500468985 118.5
0 1 -33.858268255307124 -23.52648766734558 108.5
1 0 100.9576586860766 -92.67950211562334 -117.5
1 1 95.29048774507908 -89.77522607462046 -108.0
9281
-------------------New----------------
0 0 18.07765855348967 -11.376528414575874 118.5
0 1 18.08664530951265 -14.596834445391059 108.5
1 0 18.452604663186186 -87.37617565436581 -117.5
1 1 18.42938569979609 -84.3088283869862 -108.0
9284
-------------------New----------------
0 0 55.79451097839326 67.19314082609772 118.5
0 1 50.666789092721004 65.7200565683139 108.5
1 0 -65.11339026989869 32.515736818792185 -117.5
1 1 -60.25355939297826 33.91443854260511 -108.0
9298
-------------------New----------------
0 0 -41.670952934413734 -8.485860238889012 118.5
0 1 -39.48228279319515 -5.48203464052755 108.5
1 0 9.933624850558829 62.451899447896174 -117.5
1 1 7.855823595304402 59.59716183508863 -108.0
9301
-------------------New----------------
0 0 99.90780532760121 -51.56261650768296 118.5
0 1 98.31905707345618 -50.839446490002146 108.5
1 0 62.48111423202488 -34.722402985213314 -117.5
1 1 63.97517498938055 -35.3971803330724 -108.0
9302
-------------------New----------------
0 0 17.94437798218907 -22.38426021446694 118.5
0 1 16.73924322555917 -21.224477855764793 108.5
1 0 -10.273358695475988 5.038080969890448 -117.5
1 1 -9.139179446423835 3.9323197360614706 -108.0
9303
-------------------New----------------
0 0 57.82171532164885 -85.24986018970486 118.5
0 1 58.962674302323975 -85.36604174337869 108.5
1 0 85.22371729920545 -87.5410591787485 -117.5
1 1 84.09674783226396 -87.46950383683205 -108.0
9305
-------------------New----------------
0 0 -39.357325560061646 -57.894238040863115 118.5
0 1 -36.63052215333546 -60.25532818535356 108.5
1 0 25.037544338272852 -113.60436865106499 -117.5
1 1 22.444197151015224 -111.36236598662421 -108.0
9307
-------------------New----------------
0 0 -55.39347732737807 75.42055158699858 118.5
0 1 -52.59081844045791 72.82721599328872 108.5
1 0 10.71645237701078 14.154403263452346 -117.5
1 1 8.057591521335823 16.62104797186381 -108.0
9309
-------------------New----------------
0 0 -45.87908345562801 -61.03593519438594 118.5
0 1 -43.68878975652323 -56.92670091257005 108.5
1 0 5.868677658632542 35.93615033113659 -117.5
1 1 3.7839032200796616 32.03311374788005 -108.0
9312
-------------------New----------------
0 0 -5.7554854490716325 10.863941803190462 118.5
0 1 -10.734199838933574 10.303851851140548 108.5
1 0 -122.33359582967526 -2.219412069163703 -117.5
1 1 -117.62160307606852 -1.7442167799383825 -108.0
9317
-------------------New----------------
0 0 -37.04040424123143 -78.87244760167513 118.5
0 1 -35.87485301608291 -80.00395517245356 108.5
1 0 -9.54123054705875 -105.5328944535307 -117.5
1 1 -10.646724187329983 -104.46057779704843 -108.0
9327
-------------------New----------------
0 0 -86.88975143554441 16.887797066558825 118.5
0 1 -84.09471161386075 13.979655545917314 108.5
1 0 -20.92414267287194 -51.70089062917041 -117.5
1 1 -23.578042685230287 -48.939825961115304 -108.0
9335
-------------------New----------------
0 0 13.156943004618924 19.177537859173842 118.5
0 1 13.198870331271772 20.13775570107372 108.5
1 0 14.126227578970191 41.86878205681297 -117.5
1 1 14.08375640688116 40.95540757159737 -108.0
9336
-------------------New----------------
0 0 -3.030007684075755 -3.2643744011069438 118.5
0 1 -6.813287854257473 -7.733364868023249 108.5
1 0 -92.3261436668866 -108.74229926780006 -117.5
1 1 -88.7310691030046 -104.49592294360498 -108.0
9337
-------------------New----------------
0 0 90.52327994249228 -16.67571823248543 118.5
0 1 90.05456658909917 -15.685418246150968 108.5
1 0 79.53091115043902 6.8159673755265215 -117.5
1 1 79.97201933322812 5.871444708408671 -108.0
9343
-------------------New----------------
0 0 34.67242539106629 -52.197789450145706 118.5
0 1 36.281424057043466 -47.022865135104084 108.5
1 0 72.63104897198342 69.94366561867287 -117.5
1 1 71.10387093494484 65.02761975923764 -108.0
9345
-------------------New----------------
0 0 -78.69965960977892 -40.678491891697185 118.5
0 1 -77.51855246514724 -42.018924771326496 108.5
1 0 -50.82780203846018 -72.30884739283148 -117.5
1 1 -51.9497560630614 -71.03611413755144 -108.0
9352
-------------------New----------------
0 0 14.095149963571924 -46.57471139284665 118.5
0 1 13.72794430118114 -45.906597554853526 108.5
1 0 5.4468303785789685 -30.817481225869805 -117.5
1 1 5.793279994228277 -31.451907537729532 -108.0
9353
-------------------New----------------
0 0 43.95874811823338 67.25441071442502 118.5
0 1 46.52080855549546 66.70743887346889 108.5
1 0 104.41154662147437 54.36864060536792 -117.5
1 1 101.97871689537753 54.88632899777765 -108.0
9356
-------------------New----------------
0 0 39.89362117072083 -31.42832068433176 118.5
0 1 40.29752677170073 -29.679132928041298 108.5
1 0 49.42632874660008 9.854891279205521 -117.5
1 1 49.04264337622748 8.193154559182565 -108.0
9360
-------------------New----------------
0 0 -69.24984795701292 1.0308010447119826 118.5
0 1 -69.10723246344294 6.051129189609686 108.5
1 0 -65.89659599244088 119.4294763498772 -117.5
1 1 -66.03020159141512 114.68061308695174 -108.0
9368
-------------------New----------------
0 0 117.39287757065638 -32.31916535718336 118.5
0 1 117.3223305718756 -31.147559579623696 108.5
1 0 115.6254126199486 -4.570877153898887 -117.5
1 1 115.71030816555779 -5.69796371287792 -108.0
9369
-------------------New----------------
0 0 -42.607307963892 43.92022635359891 118.5
0 1 -42.13961111946621 46.10422603372465 108.5
1 0 -31.550509748378914 95.95339030134387 -117.5
1 1 -32.016675765659286 93.83332965996489 -108.0
9375
-------------------New----------------
0 0 -56.86974650935889 61.728407709737745 118.5
0 1 -58.01157310637509 59.863358387713745 108.5
1 0 -83.85718020365334 17.675354781062897 -117.5
1 1 -82.76959898056043 19.448766203345336 -108.0
9378
-------------------New----------------
0 0 3.0841335338807254 72.48214439372317 118.5
0 1 5.660475885818204 73.08793214995417 108.5
1 0 63.99921670744355 86.79459526326887 -117.5
1 1 61.542060213072965 86.21651434711168 -108.0
9379
-------------------New----------------
0 0 34.280370620211606 -57.76779883732835 118.5
0 1 35.413392342298664 -55.952959427139184 108.5
1 0 61.08693466450556 -15.11416671708019 -117.5
1 1 60.01593867171804 -16.82641173042298 -108.0
9382
-------------------New----------------
0 0 13.56653672764325 -97.72470592687043 118.5
0 1 7.902821465120516 -97.59478789748421 108.5
1 0 -120.08435695157615 -94.63093716815146 -117.5
1 1 -114.70491257236378 -94.75515829929725 -108.0
9397
-------------------New----------------
0 0 49.354338676292784 15.922119176307694 118.5
0 1 47.18457663627875 14.127601661656183 108.5
1 0 -2.0663818146361517 -26.543494208965605 -117.5
1 1 0.006009992904433404 -24.820831502856915 -108.0
9403
-------------------New----------------
0 0 39.2687349922091 -50.80476455400073 118.5
0 1 41.54771907452059 -48.11694573246466 108.5
1 0 93.00774992274994 12.640295713410257 -117.5
1 1 90.84129840919411 10.086405598683596 -108.0
9406
-------------------New----------------
0 0 -78.83231169184135 -71.21910456012571 118.5
0 1 -80.48168997778025 -71.93937217390041 108.5
1 0 -117.81111667904463 -88.28421783493448 -117.5
1 1 -116.23859093305505 -87.59187269025452 -108.0
9415
-------------------New----------------
0 0 -82.43079060408418 47.553811935117196 118.5
0 1 -81.97356890451846 47.685825338920246 108.5
1 0 -71.6431914484193 50.41373642132437 -117.5
1 1 -72.06237955198482 50.30059835190585 -108.0
9423
-------------------New----------------
0 0 83.66652288132352 23.240412873494073 118.5
0 1 84.27636476196099 27.331450349391663 108.5
1 0 99.07014292053536 114.28823183524705 -117.5
1 1 98.37535271879034 110.76158622288033 -108.0
9431
-------------------New----------------
0 0 22.976275412795466 -4.195347597850208 118.5
0 1 25.076293094038853 -8.54616225344716 108.5
1 0 72.56726863075639 -106.83114773312079 -117.5
1 1 70.56728321224766 -102.70061416963958 -108.0
9432
-------------------New----------------
0 0 27.22874519359969 21.67455151461896 118.5
0 1 29.240810728865473 22.64591825451221 108.5
1 0 74.86049372808937 44.81786722313263 -117.5
1 1 72.94131767669816 43.89098544954831 -108.0
9440
-------------------New----------------
0 0 9.203368263705196 -51.06131512015676 118.5
0 1 7.698729193324276 -46.084169830512 108.5
1 0 -26.30213207567125 66.36075161972475 -117.5
1 1 -24.874314387209658 61.63407892548461 -108.0
9449
-------------------New----------------
0 0 -30.93114215883859 -105.43301168348042 118.5
0 1 -34.23804139526184 -104.78988810574462 108.5
1 0 -108.98479617518163 -90.25633135769428 -117.5
1 1 -105.84293455145344 -90.86760241111934 -108.0
9464
-------------------New----------------
0 0 -4.609157660309348 65.49990834168075 118.5
0 1 -9.162015344269554 65.85503036828847 108.5
1 0 -111.99529494029316 73.81703759110566 -117.5
1 1 -107.67176728252366 73.48413780489953 -108.0
9474
-------------------New----------------
0 0 -33.38412583763751 -11.079501566107899 118.5
0 1 -28.83038153539307 -15.053143676045437 108.5
1 0 74.08942973270062 -104.85544566176523 -117.5
1 1 69.76258885707293 -101.0818108084978 -108.0
9475
-------------------New----------------
0 0 96.74210814519654 -5.4337204894091995 118.5
0 1 97.93124087850723 -9.306748615857128 108.5
1 0 124.78359794165299 -96.98031077467905 -117.5
1 1 123.657112661713 -93.29546811733537 -108.0
9478
-------------------New----------------
0 0 34.50134405472303 48.43180108363906 118.5
0 1 36.342037186644504 46.51093016029664 108.5
1 0 77.93447841657446 3.13123295541866 -117.5
1 1 76.18449564502761 4.953490611020517 -108.0
9481
-------------------New----------------
0 0 -29.085760477182767 38.528492068582075 118.5
0 1 -26.47197980479986 38.482772324407804 108.5
1 0 32.588620842308735 37.44423632168356 -117.5
1 1 30.106676867017534 37.48798920159379 -108.0
9483
-------------------New----------------
0 0 100.17726799821912 23.961532849487337 118.5
0 1 98.7311555144017 23.501004252904035 108.5
1 0 66.67625613800168 13.31128032802522 -117.5
1 1 68.01955463819083 13.748269699794553 -108.0
9485
-------------------New----------------
0 0 -77.89942234138482 71.05821326832611 118.5
0 1 -78.5061120200309 71.99624310853058 108.5
1 0 -92.26255839813093 93.21950062981992 -117.5
1 1 -91.68296948142833 92.32482276161677 -108.0
9488
-------------------New----------------
0 0 66.82462944309367 -58.60141107791874 118.5
0 1 66.33890482160207 -56.364973074714655 108.5
1 0 55.37929433148423 -5.81703108396985 -117.5
1 1 55.83927929349299 -7.941709940569953 -108.0
9493
-------------------New----------------
0 0 -18.500283826090666 27.79197006994648 118.5
0 1 -12.905542546814099 26.729288163987757 108.5
1 0 113.39416188864227 2.6507216771965125 -117.5
1 1 108.10069911192429 3.6664769379808875 -108.0
9497
-------------------New----------------
0 0 -87.05377856272328 -39.36244615719866 118.5
0 1 -84.48894989220726 -35.17315540584309 108.5
1 0 -26.52240277868332 59.499604629262365 -117.5
1 1 -28.959621975094507 55.520127414664124 -108.0
9504
-------------------New----------------
0 0 14.702860586470042 -31.431028142947866 118.5
0 1 19.120469170821103 -26.94856675337271 108.5
1 0 118.97593016473282 74.4559156758385 -117.5
1 1 114.77925494524757 70.18929537901843 -108.0
9508
-------------------New----------------
0 0 -51.382592237776905 -7.788880773131122 118.5
0 1 -50.27767225051145 -9.339065518237728 108.5
1 0 -25.3022362681701 -44.37762737953848 -117.5
1 1 -26.352236883499028 -42.90455947516632 -108.0
9511
-------------------New----------------
0 0 32.574559835047424 61.24748214487507 118.5
0 1 33.938491972224924 56.54242716759605 108.5
1 0 64.75107921450714 -49.76648938359208 -117.5
1 1 63.45646594082219 -45.2989033158811 -108.0
9517
-------------------New----------------
0 0 13.312109341527355 96.23365279291957 118.5
0 1 9.356431529649042 95.6196470963077 108.5
1 0 -79.84649511006893 81.87138516453032 -117.5
1 1 -76.09602100079721 82.44535287336294 -108.0
9523
-------------------New----------------
0 0 -19.500784386790396 -64.13808773899567 118.5
0 1 -22.102732494684396 -63.79142272959179 108.5
1 0 -80.88912298707194 -55.95593768224711 -117.5
1 1 -78.418938132281 -56.284304528554244 -108.0
9525
-------------------New----------------
0 0 -57.139091890186116 11.703728412252392 118.5
0 1 -55.57451462620945 12.557880181685135 108.5
1 0 -20.243148957510634 31.91278406555922 -117.5
1 1 -21.719440379868953 31.091619103041342 -108.0
9532
-------------------New----------------
0 0 -13.210655382336816 19.137285558372998 118.5
0 1 -11.49861305640591 21.998178973892035 108.5
1 0 27.258023080306337 86.66834915089777 -117.5
1 1 25.62825414506732 83.94993935745201 -108.0
9536
-------------------New----------------
0 0 -107.07040749458888 -79.6815079702558 118.5
0 1 -107.51306398052463 -78.69440378409527 108.5
1 0 -117.57508989441007 -56.23397679522445 -117.5
1 1 -117.15375845616138 -57.18388071633517 -108.0
9538
-------------------New----------------
0 0 17.37290670771489 15.694374982683746 118.5
0 1 21.749877530843527 11.760376619711955 108.5
1 0 120.62401120871009 -77.10643485436884 -117.5
1 1 116.46820631979737 -73.3712703959116 -108.0
9540
-------------------New----------------
0 0 -112.57718239939823 -35.416091171614646 118.5
0 1 -112.48797186633301 -37.96483706086482 108.5
1 0 -110.45629819424593 -95.54654033641745 -117.5
1 1 -110.54132866559647 -93.12616099921188 -108.0
9544
-------------------New----------------
0 0 -1.854872823262593 29.57171178994962 118.5
0 1 -1.903509069745155 24.021649067538057 108.5
1 0 -3.0004200207525593 -101.36068581286442 -117.5
1 1 -2.9529418634256084 -96.09331700266928 -108.0
9545
-------------------New----------------
0 0 -2.9281281895892874 81.79795120437655 118.5
0 1 -2.010901557039038 80.00557927099578 108.5
1 0 18.695493745151754 39.498523110143694 -117.5
1 1 17.824162921961154 41.19973319630286 -108.0
9546
-------------------New----------------
0 0 11.862829117460267 -62.422310000175344 118.5
0 1 8.12923669852633 -60.23379123205608 108.5
1 0 -76.23228013157197 -10.660349685177199 -117.5
1 1 -72.68428852073218 -12.740617131601232 -108.0
9549
-------------------New----------------
0 0 -50.213048969331375 -16.102159439696784 118.5
0 1 -50.657305963257535 -15.670746032721272 108.5
1 0 -60.697808175176135 -5.9189421333224645 -117.5
1 1 -60.27575816499753 -6.328747549485962 -108.0
9553
-------------------New----------------
0 0 -81.4044491268019 32.33596641429318 118.5
0 1 -81.26681742392036 28.215873831746755 108.5
1 0 -78.14854786569683 -64.88325182699919 -117.5
1 1 -78.28021899684525 -60.97183117530112 -108.0
9570
-------------------New----------------
0 0 84.0396002241694 -0.04594384791042501 118.5
0 1 83.09256156587723 4.540127226090381 108.5
1 0 61.72368596141248 108.17765913123098 -117.5
1 1 62.615621783277696 103.82672471608589 -108.0
9573
-------------------New----------------
0 0 90.81335686137922 38.51651023380134 118.5
0 1 91.07247125505403 35.38106903401093 108.5
1 0 96.57256877691908 -35.396374991402276 -117.5
1 1 96.35850296818944 -32.423768092615404 -108.0
9579
-------------------New----------------
0 0 36.56209343844459 28.400260551317665 118.5
0 1 36.86133076642552 24.342263116067098 108.5
1 0 43.6109945744718 -67.41860311142435 -117.5
1 1 43.32840875409265 -63.56117548792101 -108.0
9583
-------------------New----------------
0 0 4.040358754490759 -19.428540597951333 118.5
0 1 2.0925359686424487 -17.671178985605657 108.5
1 0 -43.30283682969083 19.9325430031319 -117.5
1 1 -41.326157849580326 18.431264235305434 -108.0
9587
-------------------New----------------
0 0 119.53566612229604 -2.5402652031414403 118.5
0 1 119.76017226069598 -6.426715401584727 108.5
1 0 124.86116343034291 -94.23264990542538 -117.5
1 1 124.64403131739422 -90.54183967375656 -108.0
9591
-------------------New----------------
0 0 -89.48830346874516 82.5436494779265 118.5
0 1 -88.6773771700292 81.19488625155077 108.5
1 0 -70.34813221260568 50.69794518591239 -117.5
1 1 -71.11830976987463 51.97974878030834 -108.0
9602
-------------------New----------------
0 0 88.64134472357834 49.24289428872344 118.5
0 1 89.00344325661473 51.29084063595586 108.5
1 0 96.57498289170579 97.88767796020598 -117.5
1 1 96.26545553534665 95.92372033504967 -108.0
9609
-------------------New----------------
0 0 -120.02275268246879 -16.373098912739373 118.5
0 1 -120.04747639740717 -10.401622485677933 108.5
1 0 -120.61285333777514 124.54857153485405 -117.5
1 1 -120.58922642046056 118.87574267915844 -108.0
9612
-------------------New----------------
0 0 70.840406949018 -24.64392430520902 118.5
0 1 70.0972212867724 -21.097820963411607 108.5
1 0 53.306602436902246 59.08285772374486 -117.5
1 1 54.01103316032883 55.71159802684302 -108.0
9613
-------------------New----------------
0 0 54.480667761032905 42.02702342917159 118.5
0 1 53.86151594372434 37.86771056487751 108.5
1 0 39.8830193412266 -56.26602430267352 -117.5
1 1 40.470686052373686 -52.304206854329664 -108.0
9626
-------------------New----------------
0 0 -4.900927590841393 -10.669883183917618 118.5
0 1 -3.372184470111937 -9.950261046202945 108.5
1 0 31.209738198231314 6.800635351665666 -117.5
1 1 29.746235108346763 6.084991070905872 -108.0
9635
-------------------New----------------
0 0 -29.241985059992686 101.31113768060081 118.5
0 1 -31.014047780107877 100.628456936731 108.5
1 0 -71.05763411648587 85.19612133773144 -117.5
1 1 -69.37479768286595 85.84434641726152 -108.0
9639
-------------------New----------------
0 0 39.02709877437795 61.175745652566924 118.5
0 1 39.8209660256209 59.75592343108551 108.5
1 0 57.83521526519254 27.675685904125494 -117.5
1 1 57.07255489484925 29.023377574697854 -108.0
9644
-------------------New----------------
0 0 -103.93693285872477 -33.58940144864255 118.5
0 1 -104.63047086662732 -32.08849063389381 108.5
1 0 -120.4486381320449 1.4323949393879059 -117.5
1 1 -119.78060211994162 0.032155800090685104 -108.0
9647
-------------------New----------------
0 0 27.559751966236945 -24.274766451142064 118.5
0 1 29.4576727523068 -22.9667040005643 108.5
1 0 72.31444931397218 6.443017662463225 -117.5
1 1 70.50760532043064 5.203022545457619 -108.0
9655
-------------------New----------------
0 0 63.403726649268286 33.803841174899134 118.5
0 1 63.40216727650945 33.87447306762874 108.5
1 0 63.38191074941773 35.45524714733367 -117.5
1 1 63.381877907487606 35.38989567134854 -108.0
9656
-------------------New----------------
0 0 107.1281272220926 -81.8630779516537 118.5
0 1 106.56391836366262 -82.90387488150708 108.5
1 0 93.788413421667 -106.41936811676135 -117.5
1 1 94.32623415998887 -105.43021911879836 -108.0
9663
-------------------New----------------
0 0 -6.269273146452714 -11.470316231620256 118.5
0 1 -1.0996710930808693 -12.917195413219858 108.5
1 0 115.73794965496322 -45.676496244747696 -117.5
1 1 110.82743420412889 -44.299274203756696 -108.0
9666
-------------------New----------------
0 0 -116.97113198987446 -83.59859347361224 118.5
0 1 -116.22921021281734 -83.4356096722336 108.5
1 0 -99.60677138173861 -79.84342050297855 -117.5
1 1 -100.30660113350665 -79.96931212701578 -108.0
9675
-------------------New----------------
0 0 92.95370594424574 -2.7045940994823523 118.5
0 1 92.97184595169811 0.8557632441826237 108.5
1 0 93.40038554446758 81.02598497284308 -117.5
1 1 93.38365486574295 77.66433209943112 -108.0
9678
-------------------New----------------
0 0 -14.969728936275555 4.934251930124246 118.5
0 1 -13.065902141904454 4.57211889330715 108.5
1 0 29.936731119246076 -3.5575731938499473 -117.5
1 1 28.129706511843967 -3.2170115977119513 -108.0
9681
-------------------New----------------
0 0 -51.48830216930679 97.95358218435116 118.5
0 1 -47.93164534614226 98.75521305228753 108.5
1 0 32.42407996321557 116.86887974458425 -117.5
1 1 29.04597886295385 116.10675136585635 -108.0
9684
-------------------New----------------
0 0 -42.96594190543511 1.560405482986011 118.5
0 1 -39.96602215257285 4.9965389191132346 108.5
1 0 28.340334720410247 81.91624426900721 -117.5
1 1 25.447240413242334 78.70147842292826 -108.0
9699
-------------------New----------------
0 0 26.090612396686346 -46.265316264422744 118.5
0 1 26.945883358237296 -40.99504772461504 108.5
1 0 46.50387576519793 78.0405103476116 -117.5
1 1 45.67249157819761 73.04731962287988 -108.0
9702
-------------------New----------------
0 0 0.6132612146682543 -90.97270256106972 118.5
0 1 2.3002413610272594 -90.85647751307694 108.5
1 0 40.4144775096201 -88.22980729524274 -117.5
1 1 38.81290712282379 -88.3406255309753 -108.0
9703
-------------------New----------------
0 0 61.096056112954045 -9.827803907397602 118.5
0 1 60.636287348898676 -7.55962745993065 108.5
1 0 50.24243470474009 43.73873501305941 -117.5
1 1 50.68086526300321 41.583329987974494 -108.0
9707
-------------------New----------------
0 0 61.99498302143748 -45.65983214624298 118.5
0 1 60.46304274830678 -41.37601247711403 108.5
1 0 25.697414968593925 55.366251941007235 -117.5
1 1 27.163872781146996 51.30423434409032 -108.0
9708
-------------------New----------------
0 0 77.09141153185024 -63.030294316344396 118.5
0 1 75.81204715469957 -61.630782343460204 108.5
1 0 46.83425676896046 -29.974798415017 -117.5
1 1 48.059179425275374 -31.303381063998938 -108.0
9716
-------------------New----------------
0 0 13.751268261790582 77.13340267322889 118.5
0 1 12.550545203619206 77.94711951016436 108.5
1 0 -14.650272347462533 96.2916134350046 -117.5
1 1 -13.506255177615913 95.52578131631917 -108.0
9733
-------------------New----------------
0 0 9.269006713507006 -48.67991791531635 118.5
0 1 3.514438892703867 -48.930403438072844 108.5
1 0 -126.51799056681861 -54.6057246154587 -117.5
1 1 -121.04807224310136 -54.3684023513441 -108.0
9739
-------------------New----------------
0 0 -52.20214254776116 -67.31305623315156 118.5
0 1 -52.83144112480593 -69.63078405942161 108.5
1 0 -67.08171186404768 -122.07139762002728 -117.5
1 1 -66.48229806278022 -119.86450841388537 -108.0
9748
-------------------New----------------
0 0 8.836063534125982 60.543191564833236 118.5
0 1 7.648807109128462 59.01379345275816 108.5
1 0 -19.208008483754156 24.41580298660911 -117.5
1 1 -18.07707338646314 25.86312746973092 -108.0
9751
-------------------New----------------
0 0 -62.877977712733035 -67.11213661480951 118.5
0 1 -63.9216906527933 -67.39098501834864 108.5
1 0 -87.34846217838415 -73.67608894976416 -117.5
1 1 -86.36218083288033 -73.40101000120629 -108.0
9757
-------------------New----------------
0 0 43.17392121445904 -8.618405025489214 118.5
0 1 45.712670731606664 -9.115009036376232 108.5
1 0 103.2433159237333 -19.68922615662998 -117.5
1 1 100.83459156864328 -19.272981369305278 -108.0
9758
-------------------New----------------
0 0 76.36082095192572 45.068640467606485 118.5
0 1 77.3294655305701 45.54375760621078 108.5
1 0 99.25452381693796 56.23090528188989 -117.5
1 1 98.33347678627652 55.782018131926314 -108.0
9759
-------------------New----------------
0 0 84.50936502852701 85.21081884632706 118.5
0 1 83.02804747635591 83.34433582376622 108.5
1 0 49.62886284395878 41.131081776617094 -117.5
1 1 51.03254990326696 42.906484222049265 -108.0
9762
-------------------New----------------
0 0 -35.03638426592786 82.97667697208631 118.5
0 1 -38.78914980000852 84.73405736904796 108.5
1 0 -123.6041004460074 124.38816661611315 -117.5
1 1 -120.03863409354626 122.7233429209354 -108.0
9768
-------------------New----------------
0 0 78.49100413825462 36.99482094752821 118.5
0 1 75.84436332595338 31.700100082108555 108.5
1 0 16.102646438563763 -88.04431491920059 -117.5
1 1 18.609879250198755 -83.00646636390759 -108.0
9770
-------------------New----------------
0 0 -4.204726519137837 54.57533969989216 118.5
0 1 1.1001926731623353 51.86481877297207 108.5
1 0 120.978912761221 -9.404216527039347 -117.5
1 1 115.93986376508084 -6.824943356737686 -108.0
9775
-------------------New----------------
0 0 -37.51550448083424 -18.821366126363408 118.5
0 1 -33.719874193915665 -15.19704575133143 108.5
1 0 52.064922940780356 66.71510967930257 -117.5
1 1 48.458723543393674 63.27160928163958 -108.0
9777
-------------------New----------------
0 0 71.95263582885339 95.10232361142542 118.5
0 1 72.83119668725061 93.67749223606249 108.5
1 0 93.41402574317259 61.53784228985626 -117.5
1 1 92.53752079434118 62.88239439665671 -108.0
9792
-------------------New----------------
0 0 38.631607501710945 -29.20957752473749 118.5
0 1 40.74868278261875 -26.447439144346056 108.5
1 0 88.58283931063421 36.0110742985368 -117.5
1 1 86.57203038549068 33.38521905398855 -108.0
9793
-------------------New----------------
0 0 96.50191203229562 -54.255601455675034 118.5
0 1 94.59373310179907 -51.40762813492212 108.5
1 0 51.4767082786788 13.02770025416296 -117.5
1 1 53.29021793526689 10.314868540049849 -108.0
9794
-------------------New----------------
0 0 -24.072879874564585 24.69358659898241 118.5
0 1 -23.77893907629336 19.673358104063126 108.5
1 0 -17.102954549727354 -93.82612860900015 -117.5
1 1 -17.381200986437292 -89.05021343397586 -108.0
9812
-------------------New----------------
0 0 -65.19623770706211 -62.05687876930382 118.5
0 1 -65.59734567784139 -60.51427015694632 108.5
1 0 -74.63405121312736 -25.62860012396976 -117.5
1 1 -74.25550202665111 -27.095566440157068 -108.0
9816
-------------------New----------------
0 0 13.740670227791526 -95.4577381887336 118.5
0 1 9.677728993416965 -94.61212522365305 108.5
1 0 -82.11710366039304 -75.39321629748386 -117.5
1 1 -78.25577871208367 -76.20498301674202 -108.0
9823
-------------------New----------------
0 0 -76.47413144811676 -7.683789989942165 118.5
0 1 -77.59235204818262 -2.3127094064235667 108.5
1 0 -102.88368505294002 119.10610481135436 -117.5
1 1 -101.82081479637861 113.99861545910385 -108.0
9832
-------------------New----------------
0 0 -66.94001718876964 -85.72364005203097 118.5
0 1 -65.82252360810654 -86.85980549221718 108.5
1 0 -40.527462393304994 -112.47995335708251 -117.5
1 1 -41.59243007252507 -111.40565231560606 -108.0
9835
-------------------New----------------
0 0 -29.661498433870435 102.08909356019227 118.5
0 1 -32.38435120414506 102.22153083372174 108.5
1 0 -93.93144365493303 105.27540794952021 -117.5
1 1 -91.3453365328785 105.14526492002958 -108.0
9836
-------------------New----------------
0 0 -13.59032456832534 -41.30180110276729 118.5
0 1 -12.756460353684048 -41.62972198276068 108.5
1 0 6.086262075308108 -49.19600815314057 -117.5
1 1 5.294701634079685 -48.87411639605889 -108.0
9837
-------------------New----------------
0 0 55.351942660580605 -2.506776611945323 118.5
0 1 54.05240430127666 -3.189976001666088 108.5
1 0 24.708114607440827 -18.733784422109633 -117.5
1 1 25.94302356527926 -18.080415802679738 -108.0
9855
-------------------New----------------
0 0 54.856619998562756 65.30741771081715 118.5
0 1 53.69634003649624 66.50820066030317 108.5
1 0 27.4732575664054 93.66154986188167 -117.5
1 1 28.57606391586799 92.51960762343046 -108.0
9857
-------------------New----------------
0 0 -62.12658439374913 -51.43598643182268 118.5
0 1 -61.09376944913962 -46.32391190939194 108.5
1 0 -37.7235404974722 69.20425929684332 -117.5
1 1 -38.70259924818457 64.35165490734687 -108.0
9867
-------------------New----------------
0 0 25.059398386845665 32.50471885299986 118.5
0 1 22.943201163561387 33.82552184537981 108.5
1 0 -24.868711910444432 63.526114207297425 -117.5
1 1 -22.862412573250587 62.27901739403372 -108.0
9877
-------------------New----------------
0 0 -70.89817969740538 -32.48897575875682 118.5
0 1 -69.6888812232851 -31.360498099449956 108.5
1 0 -42.41993843541938 -5.771233006874207 -117.5
1 1 -43.56062116389009 -6.845105941778091 -108.0
9879
-------------------New----------------
0 0 53.84753330525537 -37.07908163709492 118.5
0 1 54.38700102965489 -33.33656801575556 108.5
1 0 66.12322951049117 51.345144628191406 -117.5
1 1 65.65073927844264 47.78830039196446 -108.0
9882
-------------------New----------------
0 0 -58.533826559450475 -51.38897901389748 118.5
0 1 -57.790238068894745 -45.83280762885351 108.5
1 0 -41.00468986958027 79.734131215037 -117.5
1 1 -41.710429164005156 74.45599114390139 -108.0
9884
-------------------New----------------
0 0 15.633323230208608 -73.04161910489137 118.5
0 1 10.15388284756058 -70.74361732476473 108.5
1 0 -113.65802754026174 -18.66160110831322 -117.5
1 1 -108.4353995594297 -20.87016487352322 -108.0
9889
-------------------New----------------
0 0 8.757254910672646 -50.72621038557203 118.5
0 1 11.517425413962084 -52.06829867750315 108.5
1 0 73.8011457620445 -82.4812679798454 -117.5
1 1 71.18400345665029 -81.19931474652509 -108.0
9890
-------------------New----------------
0 0 61.91199673362583 -48.75972828630118 118.5
0 1 64.59450254566107 -46.62126796067061 108.5
1 0 125.11074700179788 1.6118748820412947 -117.5
1 1 122.55276613547491 -0.41578098508267275 -108.0
9891
-------------------New----------------
0 0 39.556235982460514 -20.058503145959246 118.5
0 1 41.02017562794343 -19.88555202126539 108.5
1 0 74.12840009221323 -15.91566635620039 -117.5
1 1 72.73489263894665 -16.083165491321914 -108.0
9896
-------------------New----------------
0 0 114.86422057526087 -9.82627673927456 118.5
0 1 114.77197824239313 -10.547362620526957 108.5
1 0 112.7000184715394 -26.860888636479824 -117.5
1 1 112.78756944924051 -26.171593109137092 -108.0
9899
-------------------New----------------
0 0 -29.014098987403923 -73.07064217689701 118.5
0 1 -22.59277968167282 -70.52651447271244 108.5
1 0 122.58486779802442 -13.054664582720864 -117.5
1 1 116.47697229217746 -15.471795675140559 -108.0
9900
-------------------New----------------
0 0 21.866974997982844 5.773739108040177 118.5
0 1 25.27810817983574 1.7970395415942135 108.5
1 0 102.35490471369266 -88.03430542738059 -117.5
1 1 99.11651626737785 -84.25957969403116 -108.0
9906
-------------------New----------------
0 0 23.727293901169844 -39.69404849019565 118.5
0 1 22.57986163738387 -38.69654819991153 108.5
1 0 -3.407882355144781 -16.179719909398614 -117.5
1 1 -2.3135641724896243 -17.12483131875211 -108.0
9907
-------------------New----------------
0 0 -82.03057078637477 -20.254004138197608 118.5
0 1 -82.50333964490572 -21.08960292407605 108.5
1 0 -93.20647885868254 -39.92439644391395 -117.5
1 1 -92.75671413349818 -39.134791265929884 -108.0
9922
-------------------New----------------
0 0 45.854953082079575 -37.229095425185974 118.5
0 1 42.23852531187073 -34.55616818159017 108.5
1 0 -39.54931872226337 25.86807635837219 -117.5
1 1 -36.10825550018605 23.33238504043614 -108.0
9938
-------------------New----------------
0 0 -72.37562178395761 39.958095571974546 118.5
0 1 -70.58972776908888 40.14087223350425 108.5
1 0 -30.73703997715428 44.64884639684932 -117.5
1 1 -32.417735278516965 44.450329859138535 -108.0
9954
-------------------New----------------
0 0 44.055531785343646 -105.6930570539956 118.5
0 1 38.73552602561 -105.1030580088964 108.5
1 0 -81.50964644206059 -91.757671417836 -117.5
1 1 -76.45438422237225 -92.31908431425644 -108.0
9976
-------------------New----------------
0 0 -61.412110131327424 58.702440429276166 118.5
0 1 -60.64078847060356 61.06991573204169 108.5
1 0 -43.20326938605636 114.57338704677 -117.5
1 1 -43.93643309023342 112.32449923404913 -108.0
9981
-------------------New----------------
0 0 1.2015934853655048 -95.12689095996217 118.5
0 1 5.1117690488646685 -93.67912832807139 108.5
1 0 93.4082586493663 -60.981996616447795 -117.5
1 1 89.6995195953211 -62.353821709307354 -108.0
9986
-------------------New----------------
0 0 82.3877724604474 -33.1552241716087 118.5
0 1 80.1410203541492 -36.976178035420695 108.5
1 0 29.29180313401746 -123.30071605663247 -117.5
1 1 31.431224521818905 -119.66977520329672 -108.0
9994
-------------------New----------------
0 0 -117.8241216109298 49.37631863318879 118.5
0 1 -117.27450308381906 50.715207258972995 108.5
1 0 -104.89370529753005 80.9218302703391 -117.5
1 1 -105.41348310977901 79.65566719249867 -108.0
5699 events has been processed trough the script makeHLTuple.py
[CORRECT] makeHLTuple done.
[INFO] Running POCA...
Iniciando POCA (python entered)
basic libraries imported
importing ROOT...
ROOT successfully imported
importing numpy...
numpy successfully imported
importing argparse ...
[CORRECT] ----- ALL LIBRARIES successfully imported
ALL IMPORTS DONE
Libraries imported... [CORRECT]
Volume: [-128.0,128.0] x [-128.0,128.0] x [-128.0,128.0] cm
Grid:   128 x 128 x 128 voxels
Voxel size: 2.000 x 2.000 x 2.000 cm

Starting POCA computation...
Executing RDataFrame graph...
POCA applied. Events after volume filter: 304

Done. Results saved to /gpfs/users/dominguezs/Muography_Denoising/MuonGeneration/data/post_POCA_data/POCA_2D_Lpx256_Lpy256_Lpz256_npx128_npy128_npz128_zTop118_zBot-118_spacing1_ratio1_FontX8_FontY8_matlead_wordMUON_stroke1_seed4.npy
[CORRECT] POCA done.
[CORRECT] Job finished: 2D_Lpx256_Lpy256_Lpz256_npx128_npy128_npz128_zTop118_zBot-118_spacing1_ratio1_FontX8_FontY8_matlead_wordMUON_stroke1 | seed=4
