[INFO] Job started: 2D_Lpx256_Lpy256_Lpz256_npx128_npy128_npz128_zTop118_zBot-118_spacing1_ratio1_FontX8_FontY8_matlead_wordMUON_stroke1 | seed=6
[INFO] Running Geant4 simulation...
[1;34m ____  _____  __  __  __  __  __    ___    __    ____     ___  ____  __  __  __  __  __      __   ____  _____  ____   
(_  _)(  _  )(  \/  )(  )(  )(  )  / __)  /__\  (  _ \   / __)(_  _)(  \/  )(  )(  )(  )    /__\ (_  _)(  _  )(  _ \  
  )(   )(_)(  )    (  )(__)(  )(__( (_-. /(__)\  )(_) )  \__ \ _)(_  )    (  )(__)(  )(__  /(__)\  )(   )(_)(  )   /  
 (__) (_____)(_/\/\_)(______)(____)\___/(__)(__)(____/   (___/(____)(_/\/\_)(______)(____)(__)(__)(__) (_____)(_)\_)  
[0m

**************************************************************
 Geant4 version Name: geant4-11-02-patch-01 [MT]   (16-February-2024)
                       Copyright : Geant4 Collaboration
                      References : NIM A 506 (2003), 250-303
                                 : IEEE-TNS 53 (2006), 270-278
                                 : NIM A 835 (2016), 186-225
                             WWW : http://geant4.org/
**************************************************************

DEBUG: Lectura de archivo completada. Iniciando parser...
DEBUG: Parser exitoso. Accediendo a los datos...
DEBUG: Mundo y detectores cargados correctamente.
[1;34mLoaded 88 voxels from JSON configuration file.[0m
DEBUG: Constructor finalizado con éxito.
[1;34m---------------------------------------Geometry information-----------------------------------[0m
[1;34mThe loaded geometry is as follows: 
[1;34mThe world is contained in [-128, 128]x[-128, 128]x[-256, 256]
[1;34mDetector[0m
[1;34mLocation x: 0, y: 0, z: 118
[1;34mRotation x: 0, y: 0, z: 0
[1;34mSizes x: 256, y: 256, z: 20
[1;34mNumber of layers 2
[1;34mLayer[0m
[1;34mLocation x: 0, y: 0, z: 0
[1;34mRotation x: 0, y: 0, z: 0
[1;34mSizes x: 256, y: 256, z: 1
[0m
[1;34mLayer[0m
[1;34mLocation x: 0, y: 0, z: -10
[1;34mRotation x: 0, y: 0, z: 0
[1;34mSizes x: 256, y: 256, z: 1
[0m
[0m
[1;34mDetector[0m
[1;34mLocation x: 0, y: 0, z: -118
[1;34mRotation x: 0, y: 0, z: 0
[1;34mSizes x: 256, y: 256, z: 20
[1;34mNumber of layers 2
[1;34mLayer[0m
[1;34mLocation x: 0, y: 0, z: 0
[1;34mRotation x: 0, y: 0, z: 0
[1;34mSizes x: 256, y: 256, z: 1
[0m
[1;34mLayer[0m
[1;34mLocation x: 0, y: 0, z: 10
[1;34mRotation x: 0, y: 0, z: 0
[1;34mSizes x: 256, y: 256, z: 1
[0m
[0m
[1;34mNumber of voxels: 88[0m
  Voxel 0  pos=(-33, -7, -6) cm  xSize=2 cm  ySize=2 cm  zSize=4 cm  mat=lead
  Voxel 1  pos=(-33, -5, -6) cm  xSize=2 cm  ySize=2 cm  zSize=4 cm  mat=lead
  Voxel 2  pos=(-33, -3, -6) cm  xSize=2 cm  ySize=2 cm  zSize=4 cm  mat=lead
  Voxel 3  pos=(-33, -1, -6) cm  xSize=2 cm  ySize=2 cm  zSize=4 cm  mat=lead
  Voxel 4  pos=(-33, 1, -6) cm  xSize=2 cm  ySize=2 cm  zSize=4 cm  mat=lead
  Voxel 5  pos=(-33, 3, -6) cm  xSize=2 cm  ySize=2 cm  zSize=4 cm  mat=lead
  Voxel 6  pos=(-33, 5, -6) cm  xSize=2 cm  ySize=2 cm  zSize=4 cm  mat=lead
  Voxel 7  pos=(-33, 7, -6) cm  xSize=2 cm  ySize=2 cm  zSize=4 cm  mat=lead
  Voxel 8  pos=(-31, 5, -6) cm  xSize=2 cm  ySize=2 cm  zSize=4 cm  mat=lead
  Voxel 9  pos=(-29, 3, -6) cm  xSize=2 cm  ySize=2 cm  zSize=4 cm  mat=lead
  Voxel 10  pos=(-27, 1, -6) cm  xSize=2 cm  ySize=2 cm  zSize=4 cm  mat=lead
  Voxel 11  pos=(-25, 1, -6) cm  xSize=2 cm  ySize=2 cm  zSize=4 cm  mat=lead
  Voxel 12  pos=(-23, 3, -6) cm  xSize=2 cm  ySize=2 cm  zSize=4 cm  mat=lead
  Voxel 13  pos=(-21, 5, -6) cm  xSize=2 cm  ySize=2 cm  zSize=4 cm  mat=lead
  Voxel 14  pos=(-19, -7, -6) cm  xSize=2 cm  ySize=2 cm  zSize=4 cm  mat=lead
  Voxel 15  pos=(-19, -5, -6) cm  xSize=2 cm  ySize=2 cm  zSize=4 cm  mat=lead
  Voxel 16  pos=(-19, -3, -6) cm  xSize=2 cm  ySize=2 cm  zSize=4 cm  mat=lead
  Voxel 17  pos=(-19, -1, -6) cm  xSize=2 cm  ySize=2 cm  zSize=4 cm  mat=lead
  Voxel 18  pos=(-19, 1, -6) cm  xSize=2 cm  ySize=2 cm  zSize=4 cm  mat=lead
  Voxel 19  pos=(-19, 3, -6) cm  xSize=2 cm  ySize=2 cm  zSize=4 cm  mat=lead
  Voxel 20  pos=(-19, 5, -6) cm  xSize=2 cm  ySize=2 cm  zSize=4 cm  mat=lead
  Voxel 21  pos=(-19, 7, -6) cm  xSize=2 cm  ySize=2 cm  zSize=4 cm  mat=lead
  Voxel 22  pos=(-15, -5, -6) cm  xSize=2 cm  ySize=2 cm  zSize=4 cm  mat=lead
  Voxel 23  pos=(-15, -3, -6) cm  xSize=2 cm  ySize=2 cm  zSize=4 cm  mat=lead
  Voxel 24  pos=(-15, -1, -6) cm  xSize=2 cm  ySize=2 cm  zSize=4 cm  mat=lead
  Voxel 25  pos=(-15, 1, -6) cm  xSize=2 cm  ySize=2 cm  zSize=4 cm  mat=lead
  Voxel 26  pos=(-15, 3, -6) cm  xSize=2 cm  ySize=2 cm  zSize=4 cm  mat=lead
  Voxel 27  pos=(-15, 5, -6) cm  xSize=2 cm  ySize=2 cm  zSize=4 cm  mat=lead
  Voxel 28  pos=(-15, 7, -6) cm  xSize=2 cm  ySize=2 cm  zSize=4 cm  mat=lead
  Voxel 29  pos=(-13, -7, -6) cm  xSize=2 cm  ySize=2 cm  zSize=4 cm  mat=lead
  Voxel 30  pos=(-11, -7, -6) cm  xSize=2 cm  ySize=2 cm  zSize=4 cm  mat=lead
  Voxel 31  pos=(-9, -7, -6) cm  xSize=2 cm  ySize=2 cm  zSize=4 cm  mat=lead
  Voxel 32  pos=(-7, -7, -6) cm  xSize=2 cm  ySize=2 cm  zSize=4 cm  mat=lead
  Voxel 33  pos=(-5, -7, -6) cm  xSize=2 cm  ySize=2 cm  zSize=4 cm  mat=lead
  Voxel 34  pos=(-3, -7, -6) cm  xSize=2 cm  ySize=2 cm  zSize=4 cm  mat=lead
  Voxel 35  pos=(-1, -5, -6) cm  xSize=2 cm  ySize=2 cm  zSize=4 cm  mat=lead
  Voxel 36  pos=(-1, -3, -6) cm  xSize=2 cm  ySize=2 cm  zSize=4 cm  mat=lead
  Voxel 37  pos=(-1, -1, -6) cm  xSize=2 cm  ySize=2 cm  zSize=4 cm  mat=lead
  Voxel 38  pos=(-1, 1, -6) cm  xSize=2 cm  ySize=2 cm  zSize=4 cm  mat=lead
  Voxel 39  pos=(-1, 3, -6) cm  xSize=2 cm  ySize=2 cm  zSize=4 cm  mat=lead
  Voxel 40  pos=(-1, 5, -6) cm  xSize=2 cm  ySize=2 cm  zSize=4 cm  mat=lead
  Voxel 41  pos=(-1, 7, -6) cm  xSize=2 cm  ySize=2 cm  zSize=4 cm  mat=lead
  Voxel 42  pos=(3, -5, -6) cm  xSize=2 cm  ySize=2 cm  zSize=4 cm  mat=lead
  Voxel 43  pos=(3, -3, -6) cm  xSize=2 cm  ySize=2 cm  zSize=4 cm  mat=lead
  Voxel 44  pos=(3, -1, -6) cm  xSize=2 cm  ySize=2 cm  zSize=4 cm  mat=lead
  Voxel 45  pos=(3, 1, -6) cm  xSize=2 cm  ySize=2 cm  zSize=4 cm  mat=lead
  Voxel 46  pos=(3, 3, -6) cm  xSize=2 cm  ySize=2 cm  zSize=4 cm  mat=lead
  Voxel 47  pos=(3, 5, -6) cm  xSize=2 cm  ySize=2 cm  zSize=4 cm  mat=lead
  Voxel 48  pos=(5, -7, -6) cm  xSize=2 cm  ySize=2 cm  zSize=4 cm  mat=lead
  Voxel 49  pos=(5, 7, -6) cm  xSize=2 cm  ySize=2 cm  zSize=4 cm  mat=lead
  Voxel 50  pos=(7, -7, -6) cm  xSize=2 cm  ySize=2 cm  zSize=4 cm  mat=lead
  Voxel 51  pos=(7, 7, -6) cm  xSize=2 cm  ySize=2 cm  zSize=4 cm  mat=lead
  Voxel 52  pos=(9, -7, -6) cm  xSize=2 cm  ySize=2 cm  zSize=4 cm  mat=lead
  Voxel 53  pos=(9, 7, -6) cm  xSize=2 cm  ySize=2 cm  zSize=4 cm  mat=lead
  Voxel 54  pos=(11, -7, -6) cm  xSize=2 cm  ySize=2 cm  zSize=4 cm  mat=lead
  Voxel 55  pos=(11, 7, -6) cm  xSize=2 cm  ySize=2 cm  zSize=4 cm  mat=lead
  Voxel 56  pos=(13, -7, -6) cm  xSize=2 cm  ySize=2 cm  zSize=4 cm  mat=lead
  Voxel 57  pos=(13, 7, -6) cm  xSize=2 cm  ySize=2 cm  zSize=4 cm  mat=lead
  Voxel 58  pos=(15, -7, -6) cm  xSize=2 cm  ySize=2 cm  zSize=4 cm  mat=lead
  Voxel 59  pos=(15, 7, -6) cm  xSize=2 cm  ySize=2 cm  zSize=4 cm  mat=lead
  Voxel 60  pos=(17, -5, -6) cm  xSize=2 cm  ySize=2 cm  zSize=4 cm  mat=lead
  Voxel 61  pos=(17, -3, -6) cm  xSize=2 cm  ySize=2 cm  zSize=4 cm  mat=lead
  Voxel 62  pos=(17, -1, -6) cm  xSize=2 cm  ySize=2 cm  zSize=4 cm  mat=lead
  Voxel 63  pos=(17, 1, -6) cm  xSize=2 cm  ySize=2 cm  zSize=4 cm  mat=lead
  Voxel 64  pos=(17, 3, -6) cm  xSize=2 cm  ySize=2 cm  zSize=4 cm  mat=lead
  Voxel 65  pos=(17, 5, -6) cm  xSize=2 cm  ySize=2 cm  zSize=4 cm  mat=lead
  Voxel 66  pos=(21, -7, -6) cm  xSize=2 cm  ySize=2 cm  zSize=4 cm  mat=lead
  Voxel 67  pos=(21, -5, -6) cm  xSize=2 cm  ySize=2 cm  zSize=4 cm  mat=lead
  Voxel 68  pos=(21, -3, -6) cm  xSize=2 cm  ySize=2 cm  zSize=4 cm  mat=lead
  Voxel 69  pos=(21, -1, -6) cm  xSize=2 cm  ySize=2 cm  zSize=4 cm  mat=lead
  Voxel 70  pos=(21, 1, -6) cm  xSize=2 cm  ySize=2 cm  zSize=4 cm  mat=lead
  Voxel 71  pos=(21, 3, -6) cm  xSize=2 cm  ySize=2 cm  zSize=4 cm  mat=lead
  Voxel 72  pos=(21, 5, -6) cm  xSize=2 cm  ySize=2 cm  zSize=4 cm  mat=lead
  Voxel 73  pos=(21, 7, -6) cm  xSize=2 cm  ySize=2 cm  zSize=4 cm  mat=lead
  Voxel 74  pos=(23, 5, -6) cm  xSize=2 cm  ySize=2 cm  zSize=4 cm  mat=lead
  Voxel 75  pos=(25, 3, -6) cm  xSize=2 cm  ySize=2 cm  zSize=4 cm  mat=lead
  Voxel 76  pos=(27, 1, -6) cm  xSize=2 cm  ySize=2 cm  zSize=4 cm  mat=lead
  Voxel 77  pos=(29, -1, -6) cm  xSize=2 cm  ySize=2 cm  zSize=4 cm  mat=lead
  Voxel 78  pos=(31, -3, -6) cm  xSize=2 cm  ySize=2 cm  zSize=4 cm  mat=lead
  Voxel 79  pos=(33, -5, -6) cm  xSize=2 cm  ySize=2 cm  zSize=4 cm  mat=lead
  Voxel 80  pos=(35, -7, -6) cm  xSize=2 cm  ySize=2 cm  zSize=4 cm  mat=lead
  Voxel 81  pos=(35, -5, -6) cm  xSize=2 cm  ySize=2 cm  zSize=4 cm  mat=lead
  Voxel 82  pos=(35, -3, -6) cm  xSize=2 cm  ySize=2 cm  zSize=4 cm  mat=lead
  Voxel 83  pos=(35, -1, -6) cm  xSize=2 cm  ySize=2 cm  zSize=4 cm  mat=lead
  Voxel 84  pos=(35, 1, -6) cm  xSize=2 cm  ySize=2 cm  zSize=4 cm  mat=lead
  Voxel 85  pos=(35, 3, -6) cm  xSize=2 cm  ySize=2 cm  zSize=4 cm  mat=lead
  Voxel 86  pos=(35, 5, -6) cm  xSize=2 cm  ySize=2 cm  zSize=4 cm  mat=lead
  Voxel 87  pos=(35, 7, -6) cm  xSize=2 cm  ySize=2 cm  zSize=4 cm  mat=lead
[0m
G4VUserPhysicsList::SetVerboseLevel  : Verbose level is set to 3
List of instantiated particles ============================================
GenericIon He3 alpha anti_He3 anti_alpha anti_deuteron anti_doublehyperH4 anti_doublehyperdoubleneutron anti_hyperH4 anti_hyperHe5 
anti_hyperalpha anti_hypertriton anti_kaon0 anti_lambda anti_neutron anti_nu_e anti_nu_mu anti_omega- anti_proton anti_sigma0 
anti_triton anti_xi- anti_xi0 chargedgeantino deuteron doublehyperH4 doublehyperdoubleneutron e+ e- eta 
eta_prime gamma geantino hyperH4 hyperHe5 hyperalpha hypertriton kaon+ kaon- kaon0 
kaon0L kaon0S lambda mu+ mu- neutron nu_e nu_mu omega- pi+ 
pi- pi0 proton sigma+ sigma- sigma0 triton xi- xi0 
CRY::CRYSetup: Setting returnNeutrons to 0
CRY::CRYSetup: Setting returnProtons to 0
CRY::CRYSetup: Setting returnGammas to 0
CRY::CRYSetup: Setting date to 7-1-2012 (month-day-year)
CRY::CRYSetup: Setting latitude to 90
CRY::CRYSetup: Setting altitude to 0
CRY::CRYSetup: Setting subboxLength to 2.56
userDetector->Construct() start.
Creando los objetos
Checking overlaps for volume layerPhys_0_0:0 (G4Box) ... OK! 
Checking overlaps for volume layerPhys_0_1:0 (G4Box) ... 
-------- WWWW ------- G4Exception-START -------- WWWW -------
*** G4Exception : GeomVol1002
      issued by : G4PVPlacement::CheckOverlaps()
Overlap with mother volume !
          Overlap is detected for volume layerPhys_0_1:0 (G4Box) with its mother volume detector_0 (G4Box)
          protrusion at mother local point (833.379,-284.345,-105) by 5 mm  (max of 517 cases)
NOTE: Reached maximum fixed number -1- of overlaps reports for this volume !
*** This is just a warning message. ***
-------- WWWW -------- G4Exception-END --------- WWWW -------

Checking overlaps for volume detectorPhys_0:0 (G4Box) ... OK! 
Checking overlaps for volume layerPhys_1_0:0 (G4Box) ... OK! 
Checking overlaps for volume layerPhys_1_1:0 (G4Box) ... 
-------- WWWW ------- G4Exception-START -------- WWWW -------
*** G4Exception : GeomVol1002
      issued by : G4PVPlacement::CheckOverlaps()
Overlap with mother volume !
          Overlap is detected for volume layerPhys_1_1:0 (G4Box) with its mother volume detector_1 (G4Box)
          protrusion at mother local point (-950.771,574.296,105) by 5 mm  (max of 502 cases)
NOTE: Reached maximum fixed number -1- of overlaps reports for this volume !
*** This is just a warning message. ***
-------- WWWW -------- G4Exception-END --------- WWWW -------

Checking overlaps for volume detectorPhys_1:0 (G4Box) ... OK! 
worldLogical is registered to the default region.
physicsList->Construct() start.
G4VUserPhysicsList::Construct()
G4VUserPhysicsList::InitializeProcessManager: creating ProcessManager to GenericIon
G4VUserPhysicsList::InitializeProcessManager: creating ProcessManager to He3
G4VUserPhysicsList::InitializeProcessManager: creating ProcessManager to alpha
G4VUserPhysicsList::InitializeProcessManager: creating ProcessManager to anti_He3
G4VUserPhysicsList::InitializeProcessManager: creating ProcessManager to anti_alpha
G4VUserPhysicsList::InitializeProcessManager: creating ProcessManager to anti_deuteron
G4VUserPhysicsList::InitializeProcessManager: creating ProcessManager to anti_doublehyperH4
G4VUserPhysicsList::InitializeProcessManager: creating ProcessManager to anti_doublehyperdoubleneutron
G4VUserPhysicsList::InitializeProcessManager: creating ProcessManager to anti_hyperH4
G4VUserPhysicsList::InitializeProcessManager: creating ProcessManager to anti_hyperHe5
G4VUserPhysicsList::InitializeProcessManager: creating ProcessManager to anti_hyperalpha
G4VUserPhysicsList::InitializeProcessManager: creating ProcessManager to anti_hypertriton
G4VUserPhysicsList::InitializeProcessManager: creating ProcessManager to anti_kaon0
G4VUserPhysicsList::InitializeProcessManager: creating ProcessManager to anti_lambda
G4VUserPhysicsList::InitializeProcessManager: creating ProcessManager to anti_neutron
G4VUserPhysicsList::InitializeProcessManager: creating ProcessManager to anti_nu_e
G4VUserPhysicsList::InitializeProcessManager: creating ProcessManager to anti_nu_mu
G4VUserPhysicsList::InitializeProcessManager: creating ProcessManager to anti_omega-
G4VUserPhysicsList::InitializeProcessManager: creating ProcessManager to anti_proton
G4VUserPhysicsList::InitializeProcessManager: creating ProcessManager to anti_sigma0
G4VUserPhysicsList::InitializeProcessManager: creating ProcessManager to anti_triton
G4VUserPhysicsList::InitializeProcessManager: creating ProcessManager to anti_xi-
G4VUserPhysicsList::InitializeProcessManager: creating ProcessManager to anti_xi0
G4VUserPhysicsList::InitializeProcessManager: creating ProcessManager to chargedgeantino
G4VUserPhysicsList::InitializeProcessManager: creating ProcessManager to deuteron
G4VUserPhysicsList::InitializeProcessManager: creating ProcessManager to doublehyperH4
G4VUserPhysicsList::InitializeProcessManager: creating ProcessManager to doublehyperdoubleneutron
G4VUserPhysicsList::InitializeProcessManager: creating ProcessManager to e+
G4VUserPhysicsList::InitializeProcessManager: creating ProcessManager to e-
G4VUserPhysicsList::InitializeProcessManager: creating ProcessManager to eta
G4VUserPhysicsList::InitializeProcessManager: creating ProcessManager to eta_prime
G4VUserPhysicsList::InitializeProcessManager: creating ProcessManager to gamma
G4VUserPhysicsList::InitializeProcessManager: creating ProcessManager to geantino
G4VUserPhysicsList::InitializeProcessManager: creating ProcessManager to hyperH4
G4VUserPhysicsList::InitializeProcessManager: creating ProcessManager to hyperHe5
G4VUserPhysicsList::InitializeProcessManager: creating ProcessManager to hyperalpha
G4VUserPhysicsList::InitializeProcessManager: creating ProcessManager to hypertriton
G4VUserPhysicsList::InitializeProcessManager: creating ProcessManager to kaon+
G4VUserPhysicsList::InitializeProcessManager: creating ProcessManager to kaon-
G4VUserPhysicsList::InitializeProcessManager: creating ProcessManager to kaon0
G4VUserPhysicsList::InitializeProcessManager: creating ProcessManager to kaon0L
G4VUserPhysicsList::InitializeProcessManager: creating ProcessManager to kaon0S
G4VUserPhysicsList::InitializeProcessManager: creating ProcessManager to lambda
G4VUserPhysicsList::InitializeProcessManager: creating ProcessManager to mu+
G4VUserPhysicsList::InitializeProcessManager: creating ProcessManager to mu-
G4VUserPhysicsList::InitializeProcessManager: creating ProcessManager to neutron
G4VUserPhysicsList::InitializeProcessManager: creating ProcessManager to nu_e
G4VUserPhysicsList::InitializeProcessManager: creating ProcessManager to nu_mu
G4VUserPhysicsList::InitializeProcessManager: creating ProcessManager to omega-
G4VUserPhysicsList::InitializeProcessManager: creating ProcessManager to pi+
G4VUserPhysicsList::InitializeProcessManager: creating ProcessManager to pi-
G4VUserPhysicsList::InitializeProcessManager: creating ProcessManager to pi0
G4VUserPhysicsList::InitializeProcessManager: creating ProcessManager to proton
G4VUserPhysicsList::InitializeProcessManager: creating ProcessManager to sigma+
G4VUserPhysicsList::InitializeProcessManager: creating ProcessManager to sigma-
G4VUserPhysicsList::InitializeProcessManager: creating ProcessManager to sigma0
G4VUserPhysicsList::InitializeProcessManager: creating ProcessManager to triton
G4VUserPhysicsList::InitializeProcessManager: creating ProcessManager to xi-
G4VUserPhysicsList::InitializeProcessManager: creating ProcessManager to xi0
Construct processes 
G4PhysicsListHelper::AddTransportation()  
physicsList->CheckParticleList() start.
physicsList->setCut() start.
G4VUserPhysicsList::SetParticleCuts:   :1[mm] for gamma
G4VUserPhysicsList::SetParticleCuts:   :1[mm] for e-
G4VUserPhysicsList::SetParticleCuts:   :1[mm] for e+
G4VUserPhysicsList::SetParticleCuts:   :1[mm] for proton
G4VUserPhysicsList::SetDefaultCutValue:default cut value is changed to   :1[mm]
G4VUserPhysicsList::SetCuts:   
Cut for gamma: 1[mm]
Cut  for e-: 1[mm]
Cut  for e+: 1[mm]
Cut  for proton: 1[mm]
/
/layer_0_0   *** Active 
/layer_0_1   *** Active 
/layer_1_0   *** Active 
/layer_1_1   *** Active 
Visualization Manager instantiating with verbosity "warnings (3)"...
Visualization Manager initialising...
Registering graphics systems...

You have successfully registered the following graphics systems.
Registered graphics systems are:
  ASCIITree (ATree)
  DAWNFILE (DAWNFILE)
  G4HepRepFile (HepRepFile)
  RayTracer (RayTracer)
  VRML2FILE (VRML2FILE)
  gMocrenFile (gMocrenFile)
  TOOLSSG_OFFSCREEN (TSG_OFFSCREEN)
  TOOLSSG_OFFSCREEN (TSG_OFFSCREEN, TSG_FILE, TSG)
Default graphics system is: TSG_OFFSCREEN (based on batch session).
Default window size hint is: 600x600-0+0 (based on G4VisManager initialisation).
Note: Parameters specified on the command line will override these defaults.
      Use "vis/open" without parameters to get these defaults.

Registering model factories...

You have successfully registered the following model factories.
Registered model factories:
  generic
  drawByAttribute
  drawByCharge
  drawByOriginVolume
  drawByParticleID
  drawByEncounteredVolume

Registered models:
  None

Registered filter factories:
  attributeFilter
  chargeFilter
  originVolumeFilter
  particleFilter
  encounteredVolumeFilter

Registered filters:
  None

You have successfully registered the following user vis actions.
Run Duration User Vis Actions: none
End of Event User Vis Actions: none
End of Run User Vis Actions: none

Some /vis commands (optionally) take a string to specify colour.
"/vis/list" to see available colours.
Starging the party joder
Starging the party
G4ProductionCutsTable::UpdateCoupleTable() - Elapsed time for calculation of energy cuts: 
User=0.000000s Real=0.000067s Sys=0.000000s [Cpu=0.0%]
=======================================================================
======                 Electromagnetic Physics Parameters      ========
=======================================================================
LPM effect enabled                                 1
Enable creation and use of sampling tables         0
Apply cuts on all EM processes                     0
Use combined TransportationWithMsc                 Disabled
Use general process                                0
Enable linear polarisation for gamma               0
Enable photoeffect sampling below K-shell          1
Enable sampling of quantum entanglement            0
X-section factor for integral approach             0.8
Min kinetic energy for tables                      100 eV 
Max kinetic energy for tables                      100 TeV
Number of bins per decade of a table               7
Verbose level                                      1
Verbose level for worker thread                    0
Bremsstrahlung energy threshold above which 
  primary e+- is added to the list of secondary    100 TeV
Bremsstrahlung energy threshold above which primary
  muon/hadron is added to the list of secondary    100 TeV
Lowest triplet kinetic energy                      1 MeV
Enable sampling of gamma linear polarisation       0
5D gamma conversion model type                     0
5D gamma conversion model on isolated ion          0
Livermore data directory                           epics_2017
=======================================================================
======                 Ionisation Parameters                   ========
=======================================================================
Step function for e+-                              (0.2, 1 mm)
Step function for muons/hadrons                    (0.2, 0.1 mm)
Step function for light ions                       (0.2, 0.1 mm)
Step function for general ions                     (0.2, 0.1 mm)
Lowest e+e- kinetic energy                         1 keV
Lowest muon/hadron kinetic energy                  1 keV
Use ICRU90 data                                    0
Fluctuations of dE/dx are enabled                  1
Type of fluctuation model for leptons and hadrons  Universal
Use built-in Birks satuaration                     0
Build CSDA range enabled                           0
Use cut as a final range enabled                   0
Enable angular generator interface                 0
Max kinetic energy for CSDA tables                 1 GeV
Max kinetic energy for NIEL computation            0 eV 
Linear loss limit                                  0.01
Read data from file for e+e- pair production by mu 0
=======================================================================
======                 Multiple Scattering Parameters          ========
=======================================================================
Type of msc step limit algorithm for e+-           1
Type of msc step limit algorithm for muons/hadrons 0
Msc lateral displacement for e+- enabled           1
Msc lateral displacement for muons and hadrons     0
Urban msc model lateral displacement alg96         1
Range factor for msc step limit for e+-            0.04
Range factor for msc step limit for muons/hadrons  0.2
Geometry factor for msc step limitation of e+-     2.5
Safety factor for msc step limit for e+-           0.6
Skin parameter for msc step limitation of e+-      1
Lambda limit for msc step limit for e+-            1 mm
Use Mott correction for e- scattering              0
Factor used for dynamic computation of angular 
  limit between single and multiple scattering     1
Fixed angular limit between single 
  and multiple scattering                          3.1416 rad
Upper energy limit for e+- multiple scattering     100 MeV
Type of electron single scattering model           0
Type of nuclear form-factor                        1
Screening factor                                   1
=======================================================================
G4VUserPhysicsList::BuildPhysicsTable does not retrieve Cut Table but calculate 
G4VUserPhysicsList::BuildPhysicsTable  Calculate Physics Table for gamma
G4VUserPhysicsList::BuildPhysicsTable %%%%%% gamma
 ProcessManager : 0x2c04eb0 ProcessManagerShadow : 0x2c04eb0
  0 - Transportation
  1 - phot
  2 - compt
  3 - pol-compt
  4 - conv
--------------------------------------------------------------
  0 - Transportation
  1 - phot
  2 - compt
  3 - pol-compt
  4 - conv

phot:  for gamma SubType=12 BuildTable=0
      LambdaPrime table from 200 keV to 100 TeV in 61 bins 
      ===== EM models for the G4Region  DefaultRegionForTheWorld ======
       PhotoElectric : Emin=    0 eV  Emax=  100 TeV  SauterGavrila

compt:  for gamma SubType=13 BuildTable=1
      Lambda table from 100 eV  to 1 MeV, 7 bins/decade, spline: 1
      LambdaPrime table from 1 MeV to 100 TeV in 56 bins 
      ===== EM models for the G4Region  DefaultRegionForTheWorld ======
       Klein-Nishina : Emin=    0 eV  Emax=  100 TeV

pol-compt:  for gamma SubType=13 BuildTable=1
      Lambda table from 100 eV  to 1 MeV, 7 bins/decade, spline: 1
      LambdaPrime table from 1 MeV to 100 TeV in 56 bins 
      ===== EM models for the G4Region  DefaultRegionForTheWorld ======
   Polarized-Compton : Emin=    0 eV  Emax=  100 TeV

conv:  for gamma SubType=14 BuildTable=1
      Lambda table from 1.022 MeV to 100 TeV, 18 bins/decade, spline: 1
      ===== EM models for the G4Region  DefaultRegionForTheWorld ======
     BetheHeitlerLPM : Emin=    0 eV  Emax=  100 TeV  ModifiedTsai
G4VUserPhysicsList::BuildPhysicsTable  Calculate Physics Table for e-
G4VUserPhysicsList::BuildPhysicsTable %%%%%% e-
 ProcessManager : 0x2c047c0 ProcessManagerShadow : 0x2c047c0
  0 - Transportation
  1 - msc
  2 - eIoni
  3 - eBrem
--------------------------------------------------------------
  0 - Transportation
  1 - msc
  2 - eIoni
  3 - eBrem

msc:  for e-  SubType= 10
      ===== EM models for the G4Region  DefaultRegionForTheWorld ======
            UrbanMsc : Emin=    0 eV  Emax=  100 TeV Nbins=84 100 eV  - 100 TeV
          StepLim=UseSafety Rfact=0.04 Gfact=2.5 Sfact=0.6 DispFlag:1 Skin=1 Llim=1 mm

eIoni:  for e-  XStype:3  SubType=2
      dE/dx and range tables from 100 eV  to 100 TeV in 84 bins
      Lambda tables from threshold to 100 TeV, 7 bins/decade, spline: 1
      StepFunction=(0.2, 1 mm), integ: 3, fluct: 1, linLossLim= 0.01
      ===== EM models for the G4Region  DefaultRegionForTheWorld ======
        MollerBhabha : Emin=    0 eV  Emax=  100 TeV

eBrem:  for e-  XStype:4  SubType=3
      dE/dx and range tables from 100 eV  to 100 TeV in 84 bins
      Lambda tables from threshold to 100 TeV, 7 bins/decade, spline: 1
      LPM flag: 1 for E > 1 GeV,  VertexHighEnergyTh(GeV)= 100000
      ===== EM models for the G4Region  DefaultRegionForTheWorld ======
             eBremSB : Emin=    0 eV  Emax=    1 GeV  ModifiedTsai
            eBremLPM : Emin=    1 GeV Emax=  100 TeV  ModifiedTsai
G4VUserPhysicsList::BuildPhysicsTable  Calculate Physics Table for e+
G4VUserPhysicsList::BuildPhysicsTable %%%%%% e+
 ProcessManager : 0x2c04570 ProcessManagerShadow : 0x2c04570
  0 - Transportation
  1 - msc
  2 - eIoni
  3 - eBrem
  4 - annihil
--------------------------------------------------------------
  0 - Transportation
  1 - msc
  2 - eIoni
  3 - eBrem
  4 - annihil

msc:  for e+  SubType= 10
      ===== EM models for the G4Region  DefaultRegionForTheWorld ======
            UrbanMsc : Emin=    0 eV  Emax=  100 TeV Nbins=84 100 eV  - 100 TeV
          StepLim=UseSafety Rfact=0.04 Gfact=2.5 Sfact=0.6 DispFlag:1 Skin=1 Llim=1 mm

eIoni:  for e+  XStype:3  SubType=2
      dE/dx and range tables from 100 eV  to 100 TeV in 84 bins
      Lambda tables from threshold to 100 TeV, 7 bins/decade, spline: 1
      StepFunction=(0.2, 1 mm), integ: 3, fluct: 1, linLossLim= 0.01
      ===== EM models for the G4Region  DefaultRegionForTheWorld ======
        MollerBhabha : Emin=    0 eV  Emax=  100 TeV

eBrem:  for e+  XStype:4  SubType=3
      dE/dx and range tables from 100 eV  to 100 TeV in 84 bins
      Lambda tables from threshold to 100 TeV, 7 bins/decade, spline: 1
      LPM flag: 1 for E > 1 GeV,  VertexHighEnergyTh(GeV)= 100000
      ===== EM models for the G4Region  DefaultRegionForTheWorld ======
             eBremSB : Emin=    0 eV  Emax=    1 GeV  ModifiedTsai
            eBremLPM : Emin=    1 GeV Emax=  100 TeV  ModifiedTsai

annihil:  for e+ XStype:2 SubType=5 BuildTable=0
      ===== EM models for the G4Region  DefaultRegionForTheWorld ======
            eplus2gg : Emin=    0 eV  Emax=  100 TeV
G4VUserPhysicsList::BuildPhysicsTable  Calculate Physics Table for proton
G4VUserPhysicsList::BuildPhysicsTable %%%%%% proton
 ProcessManager : 0x2c07f40 ProcessManagerShadow : 0x2c07f40
  0 - Transportation
  1 - msc
  2 - hIoni
--------------------------------------------------------------
  0 - Transportation
  1 - msc
  2 - hIoni

msc:  for proton  SubType= 10
      ===== EM models for the G4Region  DefaultRegionForTheWorld ======
            UrbanMsc : Emin=    0 eV  Emax=  100 TeV Nbins=84 100 eV  - 100 TeV
          StepLim=Minimal Rfact=0.2 Gfact=2.5 Sfact=0.6 DispFlag:0 Skin=1 Llim=1 mm

hIoni:  for proton  XStype:3  SubType=2
      dE/dx and range tables from 100 eV  to 100 TeV in 84 bins
      Lambda tables from threshold to 100 TeV, 7 bins/decade, spline: 1
      StepFunction=(0.2, 0.1 mm), integ: 3, fluct: 1, linLossLim= 0.01
      ===== EM models for the G4Region  DefaultRegionForTheWorld ======
               Bragg : Emin=    0 eV  Emax=    2 MeV
          BetheBloch : Emin=    2 MeV Emax=  100 TeV
G4VUserPhysicsList::BuildPhysicsTable  Calculate Physics Table for GenericIon
G4VUserPhysicsList::BuildPhysicsTable %%%%%% GenericIon
 ProcessManager : 0x2bfc5e0 ProcessManagerShadow : 0x2bfc5e0
  0 - Transportation
  1 - msc
  2 - hIoni
--------------------------------------------------------------
  0 - Transportation
  1 - msc
  2 - hIoni

msc:  for GenericIon  SubType= 10
      ===== EM models for the G4Region  DefaultRegionForTheWorld ======
            UrbanMsc : Emin=    0 eV  Emax=  100 TeV
          StepLim=Minimal Rfact=0.2 Gfact=2.5 Sfact=0.6 DispFlag:0 Skin=1 Llim=1 mm

hIoni:  for GenericIon  XStype:3  SubType=2
      dE/dx and range tables from 100 eV  to 100 TeV in 84 bins
      Lambda tables from threshold to 100 TeV, 7 bins/decade, spline: 1
      StepFunction=(0.2, 0.1 mm), integ: 3, fluct: 1, linLossLim= 0.01
      ===== EM models for the G4Region  DefaultRegionForTheWorld ======
               Bragg : Emin=    0 eV  Emax=    2 MeV
          BetheBloch : Emin=    2 MeV Emax=  100 TeV
G4VUserPhysicsList::BuildPhysicsTable  Calculate Physics Table for He3
G4VUserPhysicsList::BuildPhysicsTable %%%%%% He3
 ProcessManager : 0x2c00a10 ProcessManagerShadow : 0x2c00a10
  0 - Transportation
  1 - msc
  2 - hIoni
--------------------------------------------------------------
  0 - Transportation
  1 - msc
  2 - hIoni
G4VUserPhysicsList::BuildPhysicsTable  Calculate Physics Table for alpha
G4VUserPhysicsList::BuildPhysicsTable %%%%%% alpha
 ProcessManager : 0x2c00ba0 ProcessManagerShadow : 0x2c00ba0
  0 - Transportation
  1 - msc
  2 - hIoni
--------------------------------------------------------------
  0 - Transportation
  1 - msc
  2 - hIoni

msc:  for alpha  SubType= 10
      ===== EM models for the G4Region  DefaultRegionForTheWorld ======
            UrbanMsc : Emin=    0 eV  Emax=  100 TeV
          StepLim=Minimal Rfact=0.2 Gfact=2.5 Sfact=0.6 DispFlag:0 Skin=1 Llim=1 mm

hIoni:  for alpha  XStype:3  SubType=2
      dE/dx and range tables from 100 eV  to 100 TeV in 84 bins
      Lambda tables from threshold to 100 TeV, 7 bins/decade, spline: 1
      StepFunction=(0.2, 0.1 mm), integ: 3, fluct: 1, linLossLim= 0.01
      ===== EM models for the G4Region  DefaultRegionForTheWorld ======
               Bragg : Emin=    0 eV  Emax=7.9452 MeV
          BetheBloch : Emin=7.9452 MeV Emax=  100 TeV
G4VUserPhysicsList::BuildPhysicsTable  Calculate Physics Table for anti_He3
G4VUserPhysicsList::BuildPhysicsTable %%%%%% anti_He3
 ProcessManager : 0x2c00df0 ProcessManagerShadow : 0x2c00df0
  0 - Transportation
  1 - msc
  2 - hIoni
--------------------------------------------------------------
  0 - Transportation
  1 - msc
  2 - hIoni
G4VUserPhysicsList::BuildPhysicsTable  Calculate Physics Table for anti_alpha
G4VUserPhysicsList::BuildPhysicsTable %%%%%% anti_alpha
 ProcessManager : 0x2c01040 ProcessManagerShadow : 0x2c01040
  0 - Transportation
  1 - msc
  2 - hIoni
--------------------------------------------------------------
  0 - Transportation
  1 - msc
  2 - hIoni
G4VUserPhysicsList::BuildPhysicsTable  Calculate Physics Table for anti_deuteron
G4VUserPhysicsList::BuildPhysicsTable %%%%%% anti_deuteron
 ProcessManager : 0x2c01290 ProcessManagerShadow : 0x2c01290
  0 - Transportation
  1 - msc
  2 - hIoni
--------------------------------------------------------------
  0 - Transportation
  1 - msc
  2 - hIoni
G4VUserPhysicsList::BuildPhysicsTable  Calculate Physics Table for anti_doublehyperH4
G4VUserPhysicsList::BuildPhysicsTable %%%%%% anti_doublehyperH4
 ProcessManager : 0x2c014e0 ProcessManagerShadow : 0x2c014e0
  0 - Transportation
  1 - Decay
  2 - msc
  3 - hIoni
--------------------------------------------------------------
  0 - Transportation
  1 - Decay
  2 - msc
  3 - hIoni
G4VUserPhysicsList::BuildPhysicsTable  Calculate Physics Table for anti_doublehyperdoubleneutron
G4VUserPhysicsList::BuildPhysicsTable %%%%%% anti_doublehyperdoubleneutron
 ProcessManager : 0x2c01730 ProcessManagerShadow : 0x2c01730
  0 - Transportation
  1 - Decay
--------------------------------------------------------------
  0 - Transportation
  1 - Decay
G4VUserPhysicsList::BuildPhysicsTable  Calculate Physics Table for anti_hyperH4
G4VUserPhysicsList::BuildPhysicsTable %%%%%% anti_hyperH4
 ProcessManager : 0x2c01980 ProcessManagerShadow : 0x2c01980
  0 - Transportation
  1 - Decay
  2 - msc
  3 - hIoni
--------------------------------------------------------------
  0 - Transportation
  1 - Decay
  2 - msc
  3 - hIoni
G4VUserPhysicsList::BuildPhysicsTable  Calculate Physics Table for anti_hyperHe5
G4VUserPhysicsList::BuildPhysicsTable %%%%%% anti_hyperHe5
 ProcessManager : 0x2c01bd0 ProcessManagerShadow : 0x2c01bd0
  0 - Transportation
  1 - Decay
  2 - msc
  3 - hIoni
--------------------------------------------------------------
  0 - Transportation
  1 - Decay
  2 - msc
  3 - hIoni
G4VUserPhysicsList::BuildPhysicsTable  Calculate Physics Table for anti_hyperalpha
G4VUserPhysicsList::BuildPhysicsTable %%%%%% anti_hyperalpha
 ProcessManager : 0x2c01e20 ProcessManagerShadow : 0x2c01e20
  0 - Transportation
  1 - Decay
  2 - msc
  3 - hIoni
--------------------------------------------------------------
  0 - Transportation
  1 - Decay
  2 - msc
  3 - hIoni
G4VUserPhysicsList::BuildPhysicsTable  Calculate Physics Table for anti_hypertriton
G4VUserPhysicsList::BuildPhysicsTable %%%%%% anti_hypertriton
 ProcessManager : 0x2c02070 ProcessManagerShadow : 0x2c02070
  0 - Transportation
  1 - Decay
  2 - msc
  3 - hIoni
--------------------------------------------------------------
  0 - Transportation
  1 - Decay
  2 - msc
  3 - hIoni
G4VUserPhysicsList::BuildPhysicsTable  Calculate Physics Table for anti_kaon0
G4VUserPhysicsList::BuildPhysicsTable %%%%%% anti_kaon0
 ProcessManager : 0x2c022c0 ProcessManagerShadow : 0x2c022c0
  0 - Transportation
  1 - Decay
--------------------------------------------------------------
  0 - Transportation
  1 - Decay
G4VUserPhysicsList::BuildPhysicsTable  Calculate Physics Table for anti_lambda
G4VUserPhysicsList::BuildPhysicsTable %%%%%% anti_lambda
 ProcessManager : 0x2c02510 ProcessManagerShadow : 0x2c02510
  0 - Transportation
  1 - Decay
--------------------------------------------------------------
  0 - Transportation
  1 - Decay
G4VUserPhysicsList::BuildPhysicsTable  Calculate Physics Table for anti_neutron
G4VUserPhysicsList::BuildPhysicsTable %%%%%% anti_neutron
 ProcessManager : 0x2c02760 ProcessManagerShadow : 0x2c02760
  0 - Transportation
  1 - Decay
--------------------------------------------------------------
  0 - Transportation
  1 - Decay
G4VUserPhysicsList::BuildPhysicsTable  Calculate Physics Table for anti_nu_e
G4VUserPhysicsList::BuildPhysicsTable %%%%%% anti_nu_e
 ProcessManager : 0x2c029b0 ProcessManagerShadow : 0x2c029b0
  0 - Transportation
--------------------------------------------------------------
  0 - Transportation
G4VUserPhysicsList::BuildPhysicsTable  Calculate Physics Table for anti_nu_mu
G4VUserPhysicsList::BuildPhysicsTable %%%%%% anti_nu_mu
 ProcessManager : 0x2c02c00 ProcessManagerShadow : 0x2c02c00
  0 - Transportation
--------------------------------------------------------------
  0 - Transportation
G4VUserPhysicsList::BuildPhysicsTable  Calculate Physics Table for anti_omega-
G4VUserPhysicsList::BuildPhysicsTable %%%%%% anti_omega-
 ProcessManager : 0x2c02e50 ProcessManagerShadow : 0x2c02e50
  0 - Transportation
  1 - Decay
  2 - msc
  3 - hIoni
--------------------------------------------------------------
  0 - Transportation
  1 - Decay
  2 - msc
  3 - hIoni
G4VUserPhysicsList::BuildPhysicsTable  Calculate Physics Table for anti_proton
G4VUserPhysicsList::BuildPhysicsTable %%%%%% anti_proton
 ProcessManager : 0x2c030a0 ProcessManagerShadow : 0x2c030a0
  0 - Transportation
  1 - msc
  2 - hIoni
--------------------------------------------------------------
  0 - Transportation
  1 - msc
  2 - hIoni

msc:  for anti_proton  SubType= 10
      ===== EM models for the G4Region  DefaultRegionForTheWorld ======
            UrbanMsc : Emin=    0 eV  Emax=  100 TeV Nbins=84 100 eV  - 100 TeV
          StepLim=Minimal Rfact=0.2 Gfact=2.5 Sfact=0.6 DispFlag:0 Skin=1 Llim=1 mm

hIoni:  for anti_proton  XStype:3  SubType=2
      dE/dx and range tables from 100 eV  to 100 TeV in 84 bins
      Lambda tables from threshold to 100 TeV, 7 bins/decade, spline: 1
      StepFunction=(0.2, 0.1 mm), integ: 3, fluct: 1, linLossLim= 0.01
      ===== EM models for the G4Region  DefaultRegionForTheWorld ======
            ICRU73QO : Emin=    0 eV  Emax=    2 MeV
          BetheBloch : Emin=    2 MeV Emax=  100 TeV
G4VUserPhysicsList::BuildPhysicsTable  Calculate Physics Table for anti_sigma0
G4VUserPhysicsList::BuildPhysicsTable %%%%%% anti_sigma0
 ProcessManager : 0x2c032f0 ProcessManagerShadow : 0x2c032f0
  0 - Transportation
  1 - Decay
--------------------------------------------------------------
  0 - Transportation
  1 - Decay
G4VUserPhysicsList::BuildPhysicsTable  Calculate Physics Table for anti_triton
G4VUserPhysicsList::BuildPhysicsTable %%%%%% anti_triton
 ProcessManager : 0x2c03540 ProcessManagerShadow : 0x2c03540
  0 - Transportation
  1 - Decay
  2 - msc
  3 - hIoni
--------------------------------------------------------------
  0 - Transportation
  1 - Decay
  2 - msc
  3 - hIoni
G4VUserPhysicsList::BuildPhysicsTable  Calculate Physics Table for anti_xi-
G4VUserPhysicsList::BuildPhysicsTable %%%%%% anti_xi-
 ProcessManager : 0x2c03790 ProcessManagerShadow : 0x2c03790
  0 - Transportation
  1 - Decay
  2 - msc
  3 - hIoni
--------------------------------------------------------------
  0 - Transportation
  1 - Decay
  2 - msc
  3 - hIoni
G4VUserPhysicsList::BuildPhysicsTable  Calculate Physics Table for anti_xi0
G4VUserPhysicsList::BuildPhysicsTable %%%%%% anti_xi0
 ProcessManager : 0x2c039e0 ProcessManagerShadow : 0x2c039e0
  0 - Transportation
  1 - Decay
--------------------------------------------------------------
  0 - Transportation
  1 - Decay
G4VUserPhysicsList::BuildPhysicsTable  Calculate Physics Table for chargedgeantino
G4VUserPhysicsList::BuildPhysicsTable %%%%%% chargedgeantino
 ProcessManager : 0x2c03c30 ProcessManagerShadow : 0x2c03c30
  0 - Transportation
--------------------------------------------------------------
  0 - Transportation
G4VUserPhysicsList::BuildPhysicsTable  Calculate Physics Table for deuteron
G4VUserPhysicsList::BuildPhysicsTable %%%%%% deuteron
 ProcessManager : 0x2c03e80 ProcessManagerShadow : 0x2c03e80
  0 - Transportation
  1 - msc
  2 - hIoni
--------------------------------------------------------------
  0 - Transportation
  1 - msc
  2 - hIoni
G4VUserPhysicsList::BuildPhysicsTable  Calculate Physics Table for doublehyperH4
G4VUserPhysicsList::BuildPhysicsTable %%%%%% doublehyperH4
 ProcessManager : 0x2c040d0 ProcessManagerShadow : 0x2c040d0
  0 - Transportation
  1 - Decay
  2 - msc
  3 - hIoni
--------------------------------------------------------------
  0 - Transportation
  1 - Decay
  2 - msc
  3 - hIoni
G4VUserPhysicsList::BuildPhysicsTable  Calculate Physics Table for doublehyperdoubleneutron
G4VUserPhysicsList::BuildPhysicsTable %%%%%% doublehyperdoubleneutron
 ProcessManager : 0x2c04320 ProcessManagerShadow : 0x2c04320
  0 - Transportation
  1 - Decay
--------------------------------------------------------------
  0 - Transportation
  1 - Decay
G4VUserPhysicsList::BuildPhysicsTable  Calculate Physics Table for eta
G4VUserPhysicsList::BuildPhysicsTable %%%%%% eta
 ProcessManager : 0x2c04a10 ProcessManagerShadow : 0x2c04a10
  0 - Transportation
  1 - Decay
--------------------------------------------------------------
  0 - Transportation
  1 - Decay
G4VUserPhysicsList::BuildPhysicsTable  Calculate Physics Table for eta_prime
G4VUserPhysicsList::BuildPhysicsTable %%%%%% eta_prime
 ProcessManager : 0x2c04c60 ProcessManagerShadow : 0x2c04c60
  0 - Transportation
  1 - Decay
--------------------------------------------------------------
  0 - Transportation
  1 - Decay
G4VUserPhysicsList::BuildPhysicsTable  Calculate Physics Table for geantino
G4VUserPhysicsList::BuildPhysicsTable %%%%%% geantino
 ProcessManager : 0x2c05100 ProcessManagerShadow : 0x2c05100
  0 - Transportation
--------------------------------------------------------------
  0 - Transportation
G4VUserPhysicsList::BuildPhysicsTable  Calculate Physics Table for hyperH4
G4VUserPhysicsList::BuildPhysicsTable %%%%%% hyperH4
 ProcessManager : 0x2c05350 ProcessManagerShadow : 0x2c05350
  0 - Transportation
  1 - Decay
  2 - msc
  3 - hIoni
--------------------------------------------------------------
  0 - Transportation
  1 - Decay
  2 - msc
  3 - hIoni
G4VUserPhysicsList::BuildPhysicsTable  Calculate Physics Table for hyperHe5
G4VUserPhysicsList::BuildPhysicsTable %%%%%% hyperHe5
 ProcessManager : 0x2c055a0 ProcessManagerShadow : 0x2c055a0
  0 - Transportation
  1 - Decay
  2 - msc
  3 - hIoni
--------------------------------------------------------------
  0 - Transportation
  1 - Decay
  2 - msc
  3 - hIoni
G4VUserPhysicsList::BuildPhysicsTable  Calculate Physics Table for hyperalpha
G4VUserPhysicsList::BuildPhysicsTable %%%%%% hyperalpha
 ProcessManager : 0x2c057f0 ProcessManagerShadow : 0x2c057f0
  0 - Transportation
  1 - Decay
  2 - msc
  3 - hIoni
--------------------------------------------------------------
  0 - Transportation
  1 - Decay
  2 - msc
  3 - hIoni
G4VUserPhysicsList::BuildPhysicsTable  Calculate Physics Table for hypertriton
G4VUserPhysicsList::BuildPhysicsTable %%%%%% hypertriton
 ProcessManager : 0x2c05a40 ProcessManagerShadow : 0x2c05a40
  0 - Transportation
  1 - Decay
  2 - msc
  3 - hIoni
--------------------------------------------------------------
  0 - Transportation
  1 - Decay
  2 - msc
  3 - hIoni
G4VUserPhysicsList::BuildPhysicsTable  Calculate Physics Table for kaon+
G4VUserPhysicsList::BuildPhysicsTable %%%%%% kaon+
 ProcessManager : 0x2c05c90 ProcessManagerShadow : 0x2c05c90
  0 - Transportation
  1 - Decay
  2 - msc
  3 - hIoni
--------------------------------------------------------------
  0 - Transportation
  1 - Decay
  2 - msc
  3 - hIoni

msc:  for kaon+  SubType= 10
      ===== EM models for the G4Region  DefaultRegionForTheWorld ======
            UrbanMsc : Emin=    0 eV  Emax=  100 TeV Nbins=84 100 eV  - 100 TeV
          StepLim=Minimal Rfact=0.2 Gfact=2.5 Sfact=0.6 DispFlag:0 Skin=1 Llim=1 mm

hIoni:  for kaon+  XStype:3  SubType=2
      dE/dx and range tables from 100 eV  to 100 TeV in 84 bins
      Lambda tables from threshold to 100 TeV, 7 bins/decade, spline: 1
      StepFunction=(0.2, 0.1 mm), integ: 3, fluct: 1, linLossLim= 0.01
      ===== EM models for the G4Region  DefaultRegionForTheWorld ======
               Bragg : Emin=    0 eV  Emax=1.05231 MeV
          BetheBloch : Emin=1.05231 MeV Emax=  100 TeV
G4VUserPhysicsList::BuildPhysicsTable  Calculate Physics Table for kaon-
G4VUserPhysicsList::BuildPhysicsTable %%%%%% kaon-
 ProcessManager : 0x2c05ee0 ProcessManagerShadow : 0x2c05ee0
  0 - Transportation
  1 - Decay
  2 - msc
  3 - hIoni
--------------------------------------------------------------
  0 - Transportation
  1 - Decay
  2 - msc
  3 - hIoni

msc:  for kaon-  SubType= 10
      ===== EM models for the G4Region  DefaultRegionForTheWorld ======
            UrbanMsc : Emin=    0 eV  Emax=  100 TeV Nbins=84 100 eV  - 100 TeV
          StepLim=Minimal Rfact=0.2 Gfact=2.5 Sfact=0.6 DispFlag:0 Skin=1 Llim=1 mm

hIoni:  for kaon-  XStype:3  SubType=2
      dE/dx and range tables from 100 eV  to 100 TeV in 84 bins
      Lambda tables from threshold to 100 TeV, 7 bins/decade, spline: 1
      StepFunction=(0.2, 0.1 mm), integ: 3, fluct: 1, linLossLim= 0.01
      ===== EM models for the G4Region  DefaultRegionForTheWorld ======
            ICRU73QO : Emin=    0 eV  Emax=1.05231 MeV
          BetheBloch : Emin=1.05231 MeV Emax=  100 TeV
G4VUserPhysicsList::BuildPhysicsTable  Calculate Physics Table for kaon0
G4VUserPhysicsList::BuildPhysicsTable %%%%%% kaon0
 ProcessManager : 0x2c06130 ProcessManagerShadow : 0x2c06130
  0 - Transportation
  1 - Decay
--------------------------------------------------------------
  0 - Transportation
  1 - Decay
G4VUserPhysicsList::BuildPhysicsTable  Calculate Physics Table for kaon0L
G4VUserPhysicsList::BuildPhysicsTable %%%%%% kaon0L
 ProcessManager : 0x2c06380 ProcessManagerShadow : 0x2c06380
  0 - Transportation
  1 - Decay
--------------------------------------------------------------
  0 - Transportation
  1 - Decay
G4VUserPhysicsList::BuildPhysicsTable  Calculate Physics Table for kaon0S
G4VUserPhysicsList::BuildPhysicsTable %%%%%% kaon0S
 ProcessManager : 0x2c065d0 ProcessManagerShadow : 0x2c065d0
  0 - Transportation
  1 - Decay
--------------------------------------------------------------
  0 - Transportation
  1 - Decay
G4VUserPhysicsList::BuildPhysicsTable  Calculate Physics Table for lambda
G4VUserPhysicsList::BuildPhysicsTable %%%%%% lambda
 ProcessManager : 0x2c06820 ProcessManagerShadow : 0x2c06820
  0 - Transportation
  1 - Decay
--------------------------------------------------------------
  0 - Transportation
  1 - Decay
G4VUserPhysicsList::BuildPhysicsTable  Calculate Physics Table for mu+
G4VUserPhysicsList::BuildPhysicsTable %%%%%% mu+
 ProcessManager : 0x2c06a70 ProcessManagerShadow : 0x2c06a70
  0 - Transportation
  1 - Decay
  2 - msc
  3 - muIoni
  4 - muBrems
  5 - muPairProd
--------------------------------------------------------------
  0 - Transportation
  1 - Decay
  2 - msc
  3 - muIoni
  4 - muBrems
  5 - muPairProd

msc:  for mu+  SubType= 10
      ===== EM models for the G4Region  DefaultRegionForTheWorld ======
            UrbanMsc : Emin=    0 eV  Emax=  100 TeV Nbins=84 100 eV  - 100 TeV
          StepLim=Minimal Rfact=0.2 Gfact=2.5 Sfact=0.6 DispFlag:0 Skin=1 Llim=1 mm

muIoni:  for mu+  XStype:3  SubType=2
      dE/dx and range tables from 100 eV  to 100 TeV in 84 bins
      Lambda tables from threshold to 100 TeV, 7 bins/decade, spline: 1
      StepFunction=(0.2, 0.1 mm), integ: 3, fluct: 1, linLossLim= 0.01
      ===== EM models for the G4Region  DefaultRegionForTheWorld ======
               Bragg : Emin=    0 eV  Emax=  200 keV
        MuBetheBloch : Emin=  200 keV Emax=  100 TeV

muBrems:  for mu+  XStype:1  SubType=3
      dE/dx and range tables from 100 eV  to 100 TeV in 84 bins
      Lambda tables from threshold to 100 TeV, 7 bins/decade, spline: 1
      ===== EM models for the G4Region  DefaultRegionForTheWorld ======
              MuBrem : Emin=    0 eV  Emax=  100 TeV  ModifiedMephi

muPairProd:  for mu+  XStype:1  SubType=4
      dE/dx and range tables from 100 eV  to 100 TeV in 84 bins
      Lambda tables from threshold to 100 TeV, 7 bins/decade, spline: 1
      Sampling table 21x1001; from 0.85 GeV to 100 TeV 
      ===== EM models for the G4Region  DefaultRegionForTheWorld ======
          muPairProd : Emin=    0 eV  Emax=  100 TeV  ModifiedMephi
G4VUserPhysicsList::BuildPhysicsTable  Calculate Physics Table for mu-
G4VUserPhysicsList::BuildPhysicsTable %%%%%% mu-
 ProcessManager : 0x2c06cc0 ProcessManagerShadow : 0x2c06cc0
  0 - Transportation
  1 - Decay
  2 - msc
  3 - muIoni
  4 - muBrems
  5 - muPairProd
--------------------------------------------------------------
  0 - Transportation
  1 - Decay
  2 - msc
  3 - muIoni
  4 - muBrems
  5 - muPairProd

msc:  for mu-  SubType= 10
      ===== EM models for the G4Region  DefaultRegionForTheWorld ======
            UrbanMsc : Emin=    0 eV  Emax=  100 TeV Nbins=84 100 eV  - 100 TeV
          StepLim=Minimal Rfact=0.2 Gfact=2.5 Sfact=0.6 DispFlag:0 Skin=1 Llim=1 mm

muIoni:  for mu-  XStype:3  SubType=2
      dE/dx and range tables from 100 eV  to 100 TeV in 84 bins
      Lambda tables from threshold to 100 TeV, 7 bins/decade, spline: 1
      StepFunction=(0.2, 0.1 mm), integ: 3, fluct: 1, linLossLim= 0.01
      ===== EM models for the G4Region  DefaultRegionForTheWorld ======
            ICRU73QO : Emin=    0 eV  Emax=  200 keV
        MuBetheBloch : Emin=  200 keV Emax=  100 TeV

muBrems:  for mu-  XStype:1  SubType=3
      dE/dx and range tables from 100 eV  to 100 TeV in 84 bins
      Lambda tables from threshold to 100 TeV, 7 bins/decade, spline: 1
      ===== EM models for the G4Region  DefaultRegionForTheWorld ======
              MuBrem : Emin=    0 eV  Emax=  100 TeV  ModifiedMephi

muPairProd:  for mu-  XStype:1  SubType=4
      dE/dx and range tables from 100 eV  to 100 TeV in 84 bins
      Lambda tables from threshold to 100 TeV, 7 bins/decade, spline: 1
      Sampling table 21x1001; from 0.85 GeV to 100 TeV 
      ===== EM models for the G4Region  DefaultRegionForTheWorld ======
          muPairProd : Emin=    0 eV  Emax=  100 TeV  ModifiedMephi
G4VUserPhysicsList::BuildPhysicsTable  Calculate Physics Table for neutron
G4VUserPhysicsList::BuildPhysicsTable %%%%%% neutron
 ProcessManager : 0x2c06f10 ProcessManagerShadow : 0x2c06f10
  0 - Transportation
  1 - Decay
--------------------------------------------------------------
  0 - Transportation
  1 - Decay
G4VUserPhysicsList::BuildPhysicsTable  Calculate Physics Table for nu_e
G4VUserPhysicsList::BuildPhysicsTable %%%%%% nu_e
 ProcessManager : 0x2c07160 ProcessManagerShadow : 0x2c07160
  0 - Transportation
--------------------------------------------------------------
  0 - Transportation
G4VUserPhysicsList::BuildPhysicsTable  Calculate Physics Table for nu_mu
G4VUserPhysicsList::BuildPhysicsTable %%%%%% nu_mu
 ProcessManager : 0x2c073b0 ProcessManagerShadow : 0x2c073b0
  0 - Transportation
--------------------------------------------------------------
  0 - Transportation
G4VUserPhysicsList::BuildPhysicsTable  Calculate Physics Table for omega-
G4VUserPhysicsList::BuildPhysicsTable %%%%%% omega-
 ProcessManager : 0x2c07600 ProcessManagerShadow : 0x2c07600
  0 - Transportation
  1 - Decay
  2 - msc
  3 - hIoni
--------------------------------------------------------------
  0 - Transportation
  1 - Decay
  2 - msc
  3 - hIoni
G4VUserPhysicsList::BuildPhysicsTable  Calculate Physics Table for pi+
G4VUserPhysicsList::BuildPhysicsTable %%%%%% pi+
 ProcessManager : 0x2c07850 ProcessManagerShadow : 0x2c07850
  0 - Transportation
  1 - Decay
  2 - msc
  3 - hIoni
--------------------------------------------------------------
  0 - Transportation
  1 - Decay
  2 - msc
  3 - hIoni

msc:  for pi+  SubType= 10
      ===== EM models for the G4Region  DefaultRegionForTheWorld ======
            UrbanMsc : Emin=    0 eV  Emax=  100 TeV Nbins=84 100 eV  - 100 TeV
          StepLim=Minimal Rfact=0.2 Gfact=2.5 Sfact=0.6 DispFlag:0 Skin=1 Llim=1 mm

hIoni:  for pi+  XStype:3  SubType=2
      dE/dx and range tables from 100 eV  to 100 TeV in 84 bins
      Lambda tables from threshold to 100 TeV, 7 bins/decade, spline: 1
      StepFunction=(0.2, 0.1 mm), integ: 3, fluct: 1, linLossLim= 0.01
      ===== EM models for the G4Region  DefaultRegionForTheWorld ======
               Bragg : Emin=    0 eV  Emax=297.505 keV
          BetheBloch : Emin=297.505 keV Emax=  100 TeV
G4VUserPhysicsList::BuildPhysicsTable  Calculate Physics Table for pi-
G4VUserPhysicsList::BuildPhysicsTable %%%%%% pi-
 ProcessManager : 0x2c07aa0 ProcessManagerShadow : 0x2c07aa0
  0 - Transportation
  1 - Decay
  2 - msc
  3 - hIoni
--------------------------------------------------------------
  0 - Transportation
  1 - Decay
  2 - msc
  3 - hIoni

msc:  for pi-  SubType= 10
      ===== EM models for the G4Region  DefaultRegionForTheWorld ======
            UrbanMsc : Emin=    0 eV  Emax=  100 TeV Nbins=84 100 eV  - 100 TeV
          StepLim=Minimal Rfact=0.2 Gfact=2.5 Sfact=0.6 DispFlag:0 Skin=1 Llim=1 mm

hIoni:  for pi-  XStype:3  SubType=2
      dE/dx and range tables from 100 eV  to 100 TeV in 84 bins
      Lambda tables from threshold to 100 TeV, 7 bins/decade, spline: 1
      StepFunction=(0.2, 0.1 mm), integ: 3, fluct: 1, linLossLim= 0.01
      ===== EM models for the G4Region  DefaultRegionForTheWorld ======
            ICRU73QO : Emin=    0 eV  Emax=297.505 keV
          BetheBloch : Emin=297.505 keV Emax=  100 TeV
G4VUserPhysicsList::BuildPhysicsTable  Calculate Physics Table for pi0
G4VUserPhysicsList::BuildPhysicsTable %%%%%% pi0
 ProcessManager : 0x2c07cf0 ProcessManagerShadow : 0x2c07cf0
  0 - Transportation
  1 - Decay
--------------------------------------------------------------
  0 - Transportation
  1 - Decay
G4VUserPhysicsList::BuildPhysicsTable  Calculate Physics Table for sigma+
G4VUserPhysicsList::BuildPhysicsTable %%%%%% sigma+
 ProcessManager : 0x2c08190 ProcessManagerShadow : 0x2c08190
  0 - Transportation
  1 - Decay
  2 - msc
  3 - hIoni
--------------------------------------------------------------
  0 - Transportation
  1 - Decay
  2 - msc
  3 - hIoni
G4VUserPhysicsList::BuildPhysicsTable  Calculate Physics Table for sigma-
G4VUserPhysicsList::BuildPhysicsTable %%%%%% sigma-
 ProcessManager : 0x2c083e0 ProcessManagerShadow : 0x2c083e0
  0 - Transportation
  1 - Decay
  2 - msc
  3 - hIoni
--------------------------------------------------------------
  0 - Transportation
  1 - Decay
  2 - msc
  3 - hIoni
G4VUserPhysicsList::BuildPhysicsTable  Calculate Physics Table for sigma0
G4VUserPhysicsList::BuildPhysicsTable %%%%%% sigma0
 ProcessManager : 0x2c08630 ProcessManagerShadow : 0x2c08630
  0 - Transportation
  1 - Decay
--------------------------------------------------------------
  0 - Transportation
  1 - Decay
G4VUserPhysicsList::BuildPhysicsTable  Calculate Physics Table for triton
G4VUserPhysicsList::BuildPhysicsTable %%%%%% triton
 ProcessManager : 0x2c08880 ProcessManagerShadow : 0x2c08880
  0 - Transportation
  1 - Decay
  2 - msc
  3 - hIoni
--------------------------------------------------------------
  0 - Transportation
  1 - Decay
  2 - msc
  3 - hIoni
G4VUserPhysicsList::BuildPhysicsTable  Calculate Physics Table for xi-
G4VUserPhysicsList::BuildPhysicsTable %%%%%% xi-
 ProcessManager : 0x2c08ad0 ProcessManagerShadow : 0x2c08ad0
  0 - Transportation
  1 - Decay
  2 - msc
  3 - hIoni
--------------------------------------------------------------
  0 - Transportation
  1 - Decay
  2 - msc
  3 - hIoni
G4VUserPhysicsList::BuildPhysicsTable  Calculate Physics Table for xi0
G4VUserPhysicsList::BuildPhysicsTable %%%%%% xi0
 ProcessManager : 0x2c08d20 ProcessManagerShadow : 0x2c08d20
  0 - Transportation
  1 - Decay
--------------------------------------------------------------
  0 - Transportation
  1 - Decay

Region <DefaultRegionForTheWorld> --  -- appears in <worldPhysical> world volume
 This region is in the mass world.
 Root logical volume(s) : worldLogical 
 Pointers : G4VUserRegionInformation[0], G4UserLimits[0], G4FastSimulationManager[0], G4UserSteppingAction[0]
 Materials : G4_AIR G4_Pb 
 Production cuts :   gamma 1 mm      e- 1 mm      e+ 1 mm  proton 1 mm 

Region <DefaultRegionForParallelWorld> --  -- is not associated to any world.
 Root logical volume(s) : 
 Pointers : G4VUserRegionInformation[0], G4UserLimits[0], G4FastSimulationManager[0], G4UserSteppingAction[0]
 Materials : 
 Production cuts :   gamma 1 mm      e- 1 mm      e+ 1 mm  proton 1 mm 

========= Table of registered couples ============================

Index : 0     used in the geometry : Yes
 Material : G4_AIR
 Range cuts        :  gamma  1 mm     e-  1 mm     e+  1 mm  proton 1 mm 
 Energy thresholds :  gamma  990 eV     e-  990 eV     e+  990 eV  proton 100 keV
 Region(s) which use this couple : 
    DefaultRegionForTheWorld

Index : 1     used in the geometry : Yes
 Material : G4_Pb
 Range cuts        :  gamma  1 mm     e-  1 mm     e+  1 mm  proton 1 mm 
 Energy thresholds :  gamma  101.797 keV    e-  1.37158 MeV    e+  1.2826 MeV proton 100 keV
 Region(s) which use this couple : 
    DefaultRegionForTheWorld

==================================================================

Start closing geometry.
G4GeometryManager::ReportVoxelStats -- Voxel Statistics

    Total memory consumed for geometry optimisation:   37 kByte
    Total CPU time elapsed for geometry optimisation: 0 seconds

    Voxelisation: top CPU users:
    Percent   Total CPU    System CPU       Memory  Volume
    -------   ----------   ----------     --------  ----------
       0.00         0.00         0.00           37k worldLogical
       0.00         0.00         0.00            0k detector_0
       0.00         0.00         0.00            0k detector_1

    Voxelisation: top memory users:
    Percent     Memory      Heads    Nodes   Pointers    Total CPU    Volume
    -------   --------     ------   ------   --------   ----------    ----------
      98.69         36k        83      453       1220         0.00    worldLogical
       0.65          0k         1        3          4         0.00    detector_0
       0.65          0k         1        3          4         0.00    detector_1
G4VisManager: Using G4TrajectoryDrawByCharge as fallback trajectory model.
See commands in /vis/modeling/trajectories/ for other options.
### Run 0 starts.
 Run terminated.
Run Summary
  Number of events processed : 10000
  User=1.850000s Real=1.868229s Sys=0.000000s [Cpu=99.0%]
Graphics systems deleted.
Visualization Manager deleting...
G4 kernel has come to Quit state.
UserDetectorConstruction deleted.
G4VUserPhysicsList::RemoveProcessManager: remove ProcessManager from GenericIon
G4VUserPhysicsList::RemoveProcessManager: remove ProcessManager from He3
G4VUserPhysicsList::RemoveProcessManager: remove ProcessManager from alpha
G4VUserPhysicsList::RemoveProcessManager: remove ProcessManager from anti_He3
G4VUserPhysicsList::RemoveProcessManager: remove ProcessManager from anti_alpha
G4VUserPhysicsList::RemoveProcessManager: remove ProcessManager from anti_deuteron
G4VUserPhysicsList::RemoveProcessManager: remove ProcessManager from anti_doublehyperH4
G4VUserPhysicsList::RemoveProcessManager: remove ProcessManager from anti_doublehyperdoubleneutron
G4VUserPhysicsList::RemoveProcessManager: remove ProcessManager from anti_hyperH4
G4VUserPhysicsList::RemoveProcessManager: remove ProcessManager from anti_hyperHe5
G4VUserPhysicsList::RemoveProcessManager: remove ProcessManager from anti_hyperalpha
G4VUserPhysicsList::RemoveProcessManager: remove ProcessManager from anti_hypertriton
G4VUserPhysicsList::RemoveProcessManager: remove ProcessManager from anti_kaon0
G4VUserPhysicsList::RemoveProcessManager: remove ProcessManager from anti_lambda
G4VUserPhysicsList::RemoveProcessManager: remove ProcessManager from anti_neutron
G4VUserPhysicsList::RemoveProcessManager: remove ProcessManager from anti_nu_e
G4VUserPhysicsList::RemoveProcessManager: remove ProcessManager from anti_nu_mu
G4VUserPhysicsList::RemoveProcessManager: remove ProcessManager from anti_omega-
G4VUserPhysicsList::RemoveProcessManager: remove ProcessManager from anti_proton
G4VUserPhysicsList::RemoveProcessManager: remove ProcessManager from anti_sigma0
G4VUserPhysicsList::RemoveProcessManager: remove ProcessManager from anti_triton
G4VUserPhysicsList::RemoveProcessManager: remove ProcessManager from anti_xi-
G4VUserPhysicsList::RemoveProcessManager: remove ProcessManager from anti_xi0
G4VUserPhysicsList::RemoveProcessManager: remove ProcessManager from chargedgeantino
G4VUserPhysicsList::RemoveProcessManager: remove ProcessManager from deuteron
G4VUserPhysicsList::RemoveProcessManager: remove ProcessManager from doublehyperH4
G4VUserPhysicsList::RemoveProcessManager: remove ProcessManager from doublehyperdoubleneutron
G4VUserPhysicsList::RemoveProcessManager: remove ProcessManager from e+
G4VUserPhysicsList::RemoveProcessManager: remove ProcessManager from e-
G4VUserPhysicsList::RemoveProcessManager: remove ProcessManager from eta
G4VUserPhysicsList::RemoveProcessManager: remove ProcessManager from eta_prime
G4VUserPhysicsList::RemoveProcessManager: remove ProcessManager from gamma
G4VUserPhysicsList::RemoveProcessManager: remove ProcessManager from geantino
G4VUserPhysicsList::RemoveProcessManager: remove ProcessManager from hyperH4
G4VUserPhysicsList::RemoveProcessManager: remove ProcessManager from hyperHe5
G4VUserPhysicsList::RemoveProcessManager: remove ProcessManager from hyperalpha
G4VUserPhysicsList::RemoveProcessManager: remove ProcessManager from hypertriton
G4VUserPhysicsList::RemoveProcessManager: remove ProcessManager from kaon+
G4VUserPhysicsList::RemoveProcessManager: remove ProcessManager from kaon-
G4VUserPhysicsList::RemoveProcessManager: remove ProcessManager from kaon0
G4VUserPhysicsList::RemoveProcessManager: remove ProcessManager from kaon0L
G4VUserPhysicsList::RemoveProcessManager: remove ProcessManager from kaon0S
G4VUserPhysicsList::RemoveProcessManager: remove ProcessManager from lambda
G4VUserPhysicsList::RemoveProcessManager: remove ProcessManager from mu+
G4VUserPhysicsList::RemoveProcessManager: remove ProcessManager from mu-
G4VUserPhysicsList::RemoveProcessManager: remove ProcessManager from neutron
G4VUserPhysicsList::RemoveProcessManager: remove ProcessManager from nu_e
G4VUserPhysicsList::RemoveProcessManager: remove ProcessManager from nu_mu
G4VUserPhysicsList::RemoveProcessManager: remove ProcessManager from omega-
G4VUserPhysicsList::RemoveProcessManager: remove ProcessManager from pi+
G4VUserPhysicsList::RemoveProcessManager: remove ProcessManager from pi-
G4VUserPhysicsList::RemoveProcessManager: remove ProcessManager from pi0
G4VUserPhysicsList::RemoveProcessManager: remove ProcessManager from proton
G4VUserPhysicsList::RemoveProcessManager: remove ProcessManager from sigma+
G4VUserPhysicsList::RemoveProcessManager: remove ProcessManager from sigma-
G4VUserPhysicsList::RemoveProcessManager: remove ProcessManager from sigma0
G4VUserPhysicsList::RemoveProcessManager: remove ProcessManager from triton
G4VUserPhysicsList::RemoveProcessManager: remove ProcessManager from xi-
G4VUserPhysicsList::RemoveProcessManager: remove ProcessManager from xi0
UserPhysicsList deleted.
UserActionInitialization deleted.
UserWorkerInitialization deleted.
UserWorkerThreadInitialization deleted.
UserRunAction deleted.
Time simulated: 10.6363
UserPrimaryGenerator deleted.
RunManager is deleting RunManagerKernel.
G4SDManager deleted.
EventManager deleted.
Units table cleared.
TransportationManager deleted.
Total navigation history collections cleaned: 17
G4RNGHelper object is deleted.
================== Deleting memory pools ===================
Pool ID '20G4NavigationLevelRep', size : 0.026 MB
Pool ID '24G4ReferenceCountedHandleIvE', size : 0.000961 MB
Pool ID '16G4SmartVoxelNode', size : 0.0154 MB
Pool ID '17G4SmartVoxelProxy', size : 0.00865 MB
Pool ID '7G4Event', size : 0.000961 MB
Pool ID '15G4PrimaryVertex', size : 0.000961 MB
Pool ID '17G4PrimaryParticle', size : 0.000961 MB
Pool ID '15G4HCofThisEvent', size : 0.000961 MB
Pool ID '16G4HitsCollection', size : 0.000961 MB
Pool ID '17G4DynamicParticle', size : 0.026 MB
Pool ID '7G4Track', size : 0.0509 MB
Pool ID '18G4TouchableHistory', size : 0.00192 MB
Pool ID '15G4CountedObjectIvE', size : 0.000961 MB
Number of memory pools allocated: 14; of which, static: 1
Dynamic pools deleted: 13 / Total memory freed: 0.14 MB
============================================================
G4Allocator objects are deleted.
UImanager deleted.
StateManager deleted.
RunManagerKernel is deleted. Good bye :)
RunManager is deleted.
The program finished successfully
[CORRECT] Geant4 done.
[INFO] Running makeHLTuple...
Number of events 5569
3
-------------------New----------------
0 0 49.68764886930926 -43.647518324424865 118.5
0 1 47.835925018918445 -46.89194399577432 108.5
1 0 6.0430700600811855 -120.27445526679408 -117.5
1 1 7.795507702696469 -117.19221552775316 -108.0
6
-------------------New----------------
0 0 -28.170513101898912 -81.14156076864589 118.5
0 1 -31.89491249882959 -77.77396591235008 108.5
1 0 -116.0594673680069 -1.6807202835999597 -117.5
1 1 -112.52231200562485 -4.878543906926876 -108.0
8
-------------------New----------------
0 0 44.652690690429026 -64.747247325874 118.5
0 1 44.95409699156156 -65.7805211641491 108.5
1 0 51.84557847386873 -89.19589519966885 -117.5
1 1 51.55072630247886 -88.20984745408946 -108.0
14
-------------------New----------------
0 0 31.81056303723354 -45.8586882542251 118.5
0 1 26.98292571460699 -48.95333532685578 108.5
1 0 -82.09782628890312 -118.96482036189141 -117.5
1 1 -77.51472059077979 -116.01950533500454 -108.0
33
-------------------New----------------
0 0 -39.002084246591835 45.18646421992324 118.5
0 1 -36.26249007917447 41.202175099189205 108.5
1 0 25.587989944173664 -48.742611719236464 -117.5
1 1 22.98702362321094 -44.96568271652836 -108.0
34
-------------------New----------------
0 0 -31.006008367557264 35.96616260884417 118.5
0 1 -31.028693153757047 34.356583385188586 108.5
1 0 -31.43806646571594 -2.0044611328852433 -117.5
1 1 -31.42623420328847 -0.48256970567129576 -108.0
44
-------------------New----------------
0 0 -85.10775540636732 41.34883177496114 118.5
0 1 -84.52484656848976 38.657891921884286 108.5
1 0 -71.31985395368407 -22.163107214345622 -117.5
1 1 -71.87588120013373 -19.605024943927805 -108.0
46
-------------------New----------------
0 0 47.6537129142731 -74.42993714697259 118.5
0 1 42.67833376912984 -72.36280906871292 108.5
1 0 -69.80202678364651 -25.623515689490954 -117.5
1 1 -65.07348162241263 -27.593137519802006 -108.0
53
-------------------New----------------
0 0 -3.320571392040513 5.303668735876934 118.5
0 1 -4.098402554161291 7.241277598094804 108.5
1 0 -21.673694766254798 51.03836831278461 -117.5
1 1 -20.934881683873517 49.197113711081634 -108.0
55
-------------------New----------------
0 0 65.08411742437791 22.775345724239777 118.5
0 1 65.30474425250713 26.37802092154671 108.5
1 0 70.29255898527728 107.7156289504268 -117.5
1 1 70.08429012604086 104.30038426955522 -108.0
60
-------------------New----------------
0 0 -23.950473368607554 -41.59473763942249 118.5
0 1 -21.671839516004987 -38.44084305965755 108.5
1 0 30.398712002732317 32.672149277311426 -117.5
1 1 28.187399399899856 29.689958975277488 -108.0
63
-------------------New----------------
0 0 11.24832282478104 -37.36674815227754 118.5
0 1 6.559387186840621 -38.64719274974938 108.5
1 0 -99.41985141438462 -67.5440873333264 -117.5
1 1 -94.96423399697825 -66.32962497281922 -108.0
68
-------------------New----------------
0 0 -83.74925189397263 -62.18182401346168 118.5
0 1 -82.14014298438488 -59.960571872191544 108.5
1 0 -45.92892799012553 -9.654942988978764 -117.5
1 1 -47.44193790211959 -11.772777029638963 -108.0
73
-------------------New----------------
0 0 33.826966548409274 -0.3714726114487104 118.5
0 1 31.794270460060925 3.016885730705109 108.5
1 0 -13.81045794399915 79.56359759860753 -117.5
1 1 -11.903658165330732 76.36423061498932 -108.0
76
-------------------New----------------
0 0 51.45462830848876 -12.17297941955199 118.5
0 1 48.177512399345495 -16.986873230758395 108.5
1 0 -25.922756171358383 -125.79020130222743 -117.5
1 1 -22.804272636055973 -121.21704425355469 -108.0
78
-------------------New----------------
0 0 -27.968571192794933 34.57143685342475 118.5
0 1 -29.336494246991236 38.41840144714254 108.5
1 0 -60.33080587260455 125.4512224685524 -117.5
1 1 -59.02410115875686 121.78525617118328 -108.0
79
-------------------New----------------
0 0 -19.240112281061535 4.2178646754707945 118.5
0 1 -23.447275634564217 4.93837537383887 108.5
1 0 -118.44638755598803 21.245114400102235 -117.5
1 1 -114.45320209613851 20.562335076337526 -108.0
81
-------------------New----------------
0 0 33.73938639093225 27.33830958134929 118.5
0 1 35.187037234438755 27.577800806626954 108.5
1 0 68.09480861975516 33.55280159583113 -117.5
1 1 66.5804734259925 33.35365239275616 -108.0
91
-------------------New----------------
0 0 -46.46604386745312 118.37108510411095 118.5
0 1 -41.59430009316301 118.88970311028898 108.5
1 0 -26.727626879255915 65.76109273700243 -117.5
1 1 -23.04658769425811 66.0965052564744 -108.0
97
-------------------New----------------
0 0 15.052922605648888 31.489425167819697 118.5
0 1 17.410325355984362 30.90472439353315 108.5
1 0 70.72923985136636 17.693155605741104 -117.5
1 1 68.48586735054377 18.249360950195268 -108.0
116
-------------------New----------------
0 0 34.155532460992895 -33.77017012130544 118.5
0 1 35.449555617803526 -28.224333431438204 108.5
1 0 64.7821555460549 96.99654882246446 -117.5
1 1 63.552404947946414 91.73171180826508 -108.0
118
-------------------New----------------
0 0 -64.39860232477541 -115.99607123853136 118.5
0 1 -62.1443465536082 -116.24064153690588 108.5
1 0 -11.17961314424476 -121.77378059054797 -117.5
1 1 -13.32122470866292 -121.54072068005057 -108.0
124
-------------------New----------------
0 0 -41.251231997914985 25.83956904741773 118.5
0 1 -40.04795248722117 29.91558970509352 108.5
1 0 -12.862495524154221 122.04512885516837 -117.5
1 1 -14.005958150976786 118.17210410753576 -108.0
130
-------------------New----------------
0 0 88.4054815253949 14.424381854953745 118.5
0 1 85.61842164650976 18.499131519680937 108.5
1 0 22.631244495135466 110.61587290046646 -117.5
1 1 25.277114055970152 106.74162464033743 -108.0
141
-------------------New----------------
0 0 91.00682648879423 27.314757733579988 118.5
0 1 91.6029083464728 30.076954615007924 108.5
1 0 104.97429664805341 92.67759872202691 -117.5
1 1 104.41505655839 90.0446153742609 -108.0
145
-------------------New----------------
0 0 18.533201691354485 51.18237175471096 118.5
0 1 19.81270787650311 51.33545638497161 108.5
1 0 48.73475932498049 54.7971993020574 -117.5
1 1 47.51889810577553 54.65148236842144 -108.0
161
-------------------New----------------
0 0 -43.29449432850696 29.131422540607737 118.5
0 1 -41.21028079698574 30.503381487497478 108.5
1 0 5.9702033825552565 61.478171484895654 -117.5
1 1 3.9852666773479632 60.179372959918624 -108.0
168
-------------------New----------------
0 0 -1.0972685086519378 44.61135271955264 118.5
0 1 -0.7257453364409914 41.30148499307988 108.5
1 0 19.055859394885626 -32.15677676020858 -117.5
1 1 17.71960665157539 -29.132723452233982 -108.0
174
-------------------New----------------
0 0 44.10817902195642 -44.19302304451945 118.5
0 1 45.3550224122947 -40.42598275315318 108.5
1 0 73.45470593342979 44.73223394428498 -117.5
1 1 72.27747573570363 41.15293653418718 -108.0
195
-------------------New----------------
0 0 41.150405609546326 30.078448701545575 118.5
0 1 41.00835105448028 28.320523513006663 108.5
1 0 37.953243223838115 -10.675920207187314 -117.5
1 1 38.06722535031824 -9.05009254610095 -108.0
202
-------------------New----------------
0 0 -50.896513692983305 -29.02806137821502 118.5
0 1 -45.405426334125664 -26.939719607630348 108.5
1 0 70.0791760801621 15.935446129772036 -117.5
1 1 65.59639474102605 14.314683955638595 -108.0
207
-------------------New----------------
0 0 -11.927383716652022 10.056286563374742 118.5
0 1 -12.34150453330228 7.71925759473884 108.5
1 0 -21.671339335565712 -45.11612913937055 -117.5
1 1 -21.281104881365216 -42.895148577119315 -108.0
211
-------------------New----------------
0 0 -53.881148795929015 25.220337182749187 118.5
0 1 -55.74605287286187 23.38261882474414 108.5
1 0 -97.84043035065125 -18.223291664388963 -117.5
1 1 -96.07354940057292 -16.472633102656676 -108.0
217
-------------------New----------------
0 0 81.61704821083117 -21.238511660662656 118.5
0 1 82.12282109370008 -20.33876727120049 108.5
1 0 93.49690011356901 0.07961475950078603 -117.5
1 1 93.02285664255098 -0.7836698750552757 -108.0
230
-------------------New----------------
0 0 1.5407722571856985 -6.724668790442243 118.5
0 1 0.36511127765458296 -1.4191905174440826 108.5
1 0 -26.079045564031865 118.4757929675427 -117.5
1 1 -24.97359936677804 113.43728140294027 -108.0
235
-------------------New----------------
0 0 -30.64106057188983 -42.46170441750119 118.5
0 1 -27.470147052734063 -42.15705266082442 108.5
1 0 44.21270159411533 -35.28393821768701 -117.5
1 1 41.199137182139154 -35.57227686534104 -108.0
238
-------------------New----------------
0 0 8.601529545569168 47.545169871781496 118.5
0 1 9.61270518773134 43.903180336258615 108.5
1 0 33.305778003485486 -35.9750492009377 -117.5
1 1 32.28466276757702 -32.72432650953415 -108.0
239
-------------------New----------------
0 0 29.576616667130956 22.48000812242307 118.5
0 1 30.566710778889995 26.82100671336057 108.5
1 0 52.84219013043626 124.93450226173577 -117.5
1 1 51.90885697289161 120.8121421376707 -108.0
243
-------------------New----------------
0 0 -41.043851982375834 -34.47348741167061 118.5
0 1 -35.341222631395574 -36.00306274346362 108.5
1 0 93.55264288652442 -70.56784175515942 -117.5
1 1 88.13233316811966 -69.1131210127663 -108.0
244
-------------------New----------------
0 0 4.546483670229757 62.41033197465506 118.5
0 1 -0.2303539117106709 60.35068880034587 108.5
1 0 -108.10760167816474 13.946630421782029 -117.5
1 1 -103.57749314810496 15.894784565979498 -108.0
248
-------------------New----------------
0 0 82.26128733160154 11.334099134070355 118.5
0 1 84.11088581604326 9.775315847973408 108.5
1 0 125.95476263138525 -25.50965779721052 -117.5
1 1 124.19379853355868 -24.025893594296093 -108.0
265
-------------------New----------------
0 0 -2.204737915405888 110.86486321821594 118.5
0 1 -1.903917876206198 110.6666884770123 108.5
1 0 4.854466055090432 106.42520173312982 -117.5
1 1 4.572964493954165 106.59986903895057 -108.0
269
-------------------New----------------
0 0 4.834303417588986 5.828926212242519 118.5
0 1 -0.40663320778383466 10.47431256300663 108.5
1 0 -118.87881640424636 115.43767860501244 -117.5
1 1 -113.89964372849644 111.0253637718948 -108.0
275
-------------------New----------------
0 0 26.812460155856463 10.684154602196134 118.5
0 1 25.061271342332695 12.244675522603156 108.5
1 0 -14.749347233117684 47.623834190713424 -117.5
1 1 -13.072451025213184 46.140321134528506 -108.0
280
-------------------New----------------
0 0 50.740977727323965 -79.37318253377323 118.5
0 1 53.44681979171372 -76.4270072270912 108.5
1 0 114.58050534280872 -9.825630615411573 -117.5
1 1 112.01148794995981 -12.62691323642864 -108.0
294
-------------------New----------------
0 0 -71.11641387166082 -17.37773838883173 118.5
0 1 -67.3262208927364 -13.864090338248648 108.5
1 0 18.197706252116916 65.78362605887978 -117.5
1 1 14.614644272360866 62.43585821840726 -108.0
302
-------------------New----------------
0 0 53.73593042378068 45.23681506217049 118.5
0 1 56.2211089737032 46.86779509080067 108.5
1 0 112.19236590516428 83.80702597486663 -117.5
1 1 109.8469517527481 82.24855192987275 -108.0
329
-------------------New----------------
0 0 -62.11878836362482 77.6128932234763 118.5
0 1 -59.25437077272494 79.07610490828674 108.5
1 0 5.513967759514912 112.14870483077713 -117.5
1 1 2.790994779032424 110.75909108650583 -108.0
334
-------------------New----------------
0 0 -101.51801975986152 28.137389138703515 118.5
0 1 -101.7644777137773 22.10163144220104 108.5
1 0 -108.04849431068904 -113.31160295641571 -117.5
1 1 -107.74727063778357 -107.6415988877696 -108.0
344
-------------------New----------------
0 0 51.845631986705676 7.410743140039753 118.5
0 1 51.11418818475228 3.506759729954296 108.5
1 0 34.61011131840771 -84.82695282052694 -117.5
1 1 35.30142398359079 -81.10551235911194 -108.0
350
-------------------New----------------
0 0 -80.29539832487727 76.0706103859645 118.5
0 1 -81.00607070670291 75.63413588850554 108.5
1 0 -97.10149256041015 65.78405618693665 -117.5
1 1 -96.42527948773828 66.19580039928799 -108.0
354
-------------------New----------------
0 0 -0.8883356401016768 -1.445462507661705 118.5
0 1 -2.689249754518037 0.41890189694037633 108.5
1 0 -43.36596019899782 42.60576826764843 -117.5
1 1 -41.65826371796716 40.830167147110096 -108.0
358
-------------------New----------------
0 0 20.702195534525725 50.6487356864917 118.5
0 1 19.77017826756872 51.89080683238442 108.5
1 0 -1.2930750091447922 79.96176264549206 -117.5
1 1 -0.4077201504541611 78.78188617832353 -108.0
359
-------------------New----------------
0 0 77.87111455688193 66.94912473980915 118.5
0 1 76.7295214488367 69.05291040095916 108.5
1 0 50.83791391968843 116.11720956039717 -117.5
1 1 51.91715989035988 114.15972176596588 -108.0
363
-------------------New----------------
0 0 -75.3648650301156 -28.330436079062036 118.5
0 1 -76.49540425265677 -27.31009547915417 108.5
1 0 -101.92482191005348 -4.140966290272319 -117.5
1 1 -100.86056997226021 -5.112404057592138 -108.0
378
-------------------New----------------
0 0 5.177024453158767 9.494741169714478 118.5
0 1 1.8131391840141073 10.800691702957156 108.5
1 0 -74.22293227130567 40.566677126659485 -117.5
1 1 -71.03837221746616 39.31587872675262 -108.0
379
-------------------New----------------
0 0 47.521498153104694 -95.04129392354795 118.5
0 1 43.32300092007106 -94.19190699397186 108.5
1 0 -51.560154555411216 -75.05994700874399 -117.5
1 1 -47.569092807451675 -75.86352712258292 -108.0
404
-------------------New----------------
0 0 -22.483631644777255 81.73907503949977 118.5
0 1 -23.505238028323962 81.60526764359336 108.5
1 0 -46.336715167335186 78.58175427498941 -117.5
1 1 -45.405310218364306 78.71437344734915 -108.0
418
-------------------New----------------
0 0 -78.94558708668777 13.969917518823603 118.5
0 1 -76.52791469948671 15.029821974657992 108.5
1 0 -21.913461953370682 38.97931863417329 -117.5
1 1 -24.21028191713839 37.975190082594324 -108.0
421
-------------------New----------------
0 0 -38.1920563994307 -11.906621603926038 118.5
0 1 -37.485284585856576 -14.634361919189894 108.5
1 0 -21.514318020731892 -76.27955419407542 -117.5
1 1 -22.185177603372818 -73.6879655867442 -108.0
432
-------------------New----------------
0 0 -2.3114239311179885 26.216466250963787 118.5
0 1 -3.702383380638364 24.865272406632428 108.5
1 0 -34.90856969524881 -6.233646145287139 -117.5
1 1 -33.57321537224364 -4.920586522763566 -108.0
438
-------------------New----------------
0 0 24.923852112726628 -25.736321242524753 118.5
0 1 20.24795791960927 -27.640404386182933 108.5
1 0 -85.38178694570432 -70.78011465725089 -117.5
1 1 -80.94473854090056 -68.96757544380615 -108.0
441
-------------------New----------------
0 0 26.53169793611309 -0.7988626874524904 118.5
0 1 26.429135997697408 3.662423859276777 108.5
1 0 24.094423023086584 104.47367660879831 -117.5
1 1 24.192834230993313 100.23618453427062 -108.0
462
-------------------New----------------
0 0 33.85272330481373 -1.1857402206270153 118.5
0 1 35.680840631021375 -3.6842695537150463 108.5
1 0 76.96832631385277 -60.14899545905048 -117.5
1 1 75.23289526365501 -57.776169493713645 -108.0
463
-------------------New----------------
0 0 12.509001342765298 -43.62642431624943 118.5
0 1 9.08507937284215 -44.74907148348966 108.5
1 0 -68.27521534183074 -70.04908652967077 -117.5
1 1 -65.02500482926915 -68.98507564463041 -108.0
466
-------------------New----------------
0 0 -6.355912076794681 -71.35178508153382 118.5
0 1 -6.903816171478136 -69.5318480612605 108.5
1 0 -19.292519104243183 -28.147822409402515 -117.5
1 1 -18.773841944326694 -29.890204087753936 -108.0
479
-------------------New----------------
0 0 8.530771169723241 19.397219907199567 118.5
0 1 6.635989055919015 16.379007118753584 108.5
1 0 -35.92079699736645 -51.96991914603766 -117.5
1 1 -34.12795234903441 -49.082633836447705 -108.0
490
-------------------New----------------
0 0 19.687085425378115 -38.32605534802465 118.5
0 1 20.353604099953003 -36.159616855949295 108.5
1 0 35.37168097730529 12.740423761195533 -117.5
1 1 34.74352152059161 10.683266580658048 -108.0
494
-------------------New----------------
0 0 60.44303773332738 53.785641487241364 118.5
0 1 57.045125526557136 53.544273396177495 108.5
1 0 -19.750536071758408 48.095301636252955 -117.5
1 1 -16.525009345065097 48.32282983870191 -108.0
496
-------------------New----------------
0 0 -37.33904183133482 93.0326888874923 118.5
0 1 -34.89141537974373 91.99021457150684 108.5
1 0 20.30191957044696 68.35666899603244 -117.5
1 1 17.989202933510686 69.35261800445221 -108.0
499
-------------------New----------------
0 0 30.99127131135133 -85.1034424809026 118.5
0 1 32.296119888740996 -86.2227107624201 108.5
1 0 61.81936394158737 -111.47286626496336 -117.5
1 1 60.5776268050843 -110.41287240695229 -108.0
501
-------------------New----------------
0 0 44.624282081653675 -42.75141059894997 118.5
0 1 46.992060402758106 -41.43770876115089 108.5
1 0 100.48698662893756 -11.762061176896694 -117.5
1 1 98.2379038501222 -13.007738883281169 -108.0
505
-------------------New----------------
0 0 -52.854176162877124 10.24026535858287 118.5
0 1 -53.322022321718535 11.093758603827116 108.5
1 0 -63.88634581552911 30.37901948329657 -117.5
1 1 -63.44216035100885 29.568177279600906 -108.0
506
-------------------New----------------
0 0 56.64818750111003 -37.158748749560026 118.5
0 1 56.885305772497645 -30.94467869325274 108.5
1 0 62.23997331844048 109.4841888333237 -117.5
1 1 62.01497345296067 103.58140460510128 -108.0
513
-------------------New----------------
0 0 -117.01673879195683 51.87942738089536 118.5
0 1 -116.3649046316305 50.35636611132043 108.5
1 0 -101.64573028364023 15.906767924466738 -117.5
1 1 -102.26404830746608 17.3552104851814 -108.0
516
-------------------New----------------
0 0 22.332524368786313 -6.334768966035374 118.5
0 1 23.938196218456163 -5.56245787001497 108.5
1 0 60.253975599186575 11.744047739785398 -117.5
1 1 58.72156668600847 11.021677399081096 -108.0
518
-------------------New----------------
0 0 2.758279713250821 28.545507957696977 118.5
0 1 2.7922354861364473 29.88686049810648 108.5
1 0 3.542741916552997 60.22312557955106 -117.5
1 1 3.51436016598874 58.9460175919333 -108.0
526
-------------------New----------------
0 0 -30.816706999197834 42.00768217599263 118.5
0 1 -30.32533336277819 45.3711596260311 108.5
1 0 -18.75557183957553 121.38085076997709 -117.5
1 1 -19.2408511016609 118.18665682217643 -108.0
527
-------------------New----------------
0 0 -36.87714382321569 -29.23733792722164 118.5
0 1 -37.84556644719475 -33.230639800886294 108.5
1 0 -59.80915231050508 -123.48815201206244 -117.5
1 1 -58.88322458736051 -119.68439166644058 -108.0
531
-------------------New----------------
0 0 43.140359642967034 66.35218756018168 118.5
0 1 45.8811206882311 64.35547661676021 108.5
1 0 107.87622221209658 19.27021841833104 -117.5
1 1 105.2692764647903 21.164533715935494 -108.0
542
-------------------New----------------
0 0 68.97633974820107 -17.852695206254626 118.5
0 1 67.9158904200185 -19.475406308148415 108.5
1 0 43.95122269714207 -56.159299422806825 -117.5
1 1 44.95974141444578 -54.61837992551862 -108.0
548
-------------------New----------------
0 0 -50.24196447549253 -41.84281947155374 118.5
0 1 -49.03158613728051 -37.75383348263425 108.5
1 0 -22.867133839926414 54.3483672446233 -117.5
1 1 -23.901242840007324 50.450801645826154 -108.0
551
-------------------New----------------
0 0 21.41347474512138 21.852880320984074 118.5
0 1 23.259205642314207 20.945989273831028 108.5
1 0 64.90903346692997 0.3948968670216265 -117.5
1 1 63.159339073781766 1.2589661530222922 -108.0
562
-------------------New----------------
0 0 64.86537125721546 28.478322159423765 118.5
0 1 61.67848943608084 30.545011459213423 108.5
1 0 -10.355258780227459 77.27235275545286 -117.5
1 1 -7.3271602722440194 75.3068982602139 -108.0
568
-------------------New----------------
0 0 55.49952744812053 44.513455285177834 118.5
0 1 51.54962483117255 41.96237543687335 108.5
1 0 -37.7088019554033 -15.732418334998645 -117.5
1 1 -33.94117858426854 -13.30296429994338 -108.0
572
-------------------New----------------
0 0 -24.39026810720795 40.85831263150523 118.5
0 1 -21.00417441023753 35.394672265819864 108.5
1 0 55.468720308406986 -88.01944508178262 -117.5
1 1 52.254563717897724 -82.8333758020219 -108.0
577
-------------------New----------------
0 0 63.1712767141511 31.98342276362598 118.5
0 1 60.329278343852174 30.86501401684153 108.5
1 0 -3.8081848980800275 5.602175970683512 -117.5
1 1 -1.1154366433519205 6.661628841646236 -108.0
579
-------------------New----------------
0 0 32.55744230549861 43.819794997190776 118.5
0 1 28.500670537962133 38.21926368613027 108.5
1 0 -63.07498128920906 -88.35790194384909 -117.5
1 1 -59.23042153348391 -83.03947826525742 -108.0
580
-------------------New----------------
0 0 120.19462637349561 -5.778513140320295 118.5
0 1 119.75489777253692 -6.591282483517328 108.5
1 0 110.00187178856636 -25.06395253001123 -117.5
1 1 110.41195349752415 -24.28659617517352 -108.0
595
-------------------New----------------
0 0 -45.578383361465136 -95.08951802173058 118.5
0 1 -40.460305643404396 -96.06561229187919 108.5
1 0 75.15676789666495 -118.19666179804412 -117.5
1 1 70.30206882012058 -117.26262449885876 -108.0
596
-------------------New----------------
0 0 38.6551797735768 -101.35101733986377 118.5
0 1 34.3323056565044 -101.77177335776261 108.5
1 0 -63.35620789183609 -111.31144543156799 -117.5
1 1 -59.24983865684324 -110.91018804349548 -108.0
598
-------------------New----------------
0 0 97.31908444021707 50.39921524802669 118.5
0 1 96.70556309712839 48.270895209410355 108.5
1 0 82.94118271094442 0.1413170231440823 -117.5
1 1 83.51303076446257 2.162975549437938 -108.0
600
-------------------New----------------
0 0 45.48956410116673 -12.412717873528072 118.5
0 1 42.850211399336445 -8.929653558285088 108.5
1 0 -16.817443033311566 69.84682861174578 -117.5
1 1 -14.309217293722625 66.53425991451977 -108.0
608
-------------------New----------------
0 0 -15.900044137473666 26.175021193992734 118.5
0 1 -11.927603944294043 24.817117345158888 108.5
1 0 78.57072853546747 -5.578323625713361 -117.5
1 1 74.75644287161228 -4.311297343515269 -108.0
609
-------------------New----------------
0 0 2.407690433398122 54.5945025965262 118.5
0 1 5.115912125439691 53.56538989499992 108.5
1 0 66.20358399192096 30.108155001475524 -117.5
1 1 63.63586268028955 31.09951049703374 -108.0
611
-------------------New----------------
0 0 -38.145839405609664 -60.53720774921678 118.5
0 1 -32.4412734424526 -62.17479575434728 108.5
1 0 96.45472382256874 -99.1626837890561 -117.5
1 1 91.0379916179497 -97.60772224519349 -108.0
622
-------------------New----------------
0 0 98.86126869944016 69.44119676778615 118.5
0 1 99.1011026358169 69.19873057211512 108.5
1 0 104.60591156811367 63.733653819743644 -117.5
1 1 104.36913810453716 63.959616860384266 -108.0
624
-------------------New----------------
0 0 -57.52636311421436 72.49460202086655 118.5
0 1 -60.04989154385547 72.23497935982883 108.5
1 0 -117.14885023904529 66.34824512724 -117.5
1 1 -114.74772547506245 66.5971758731228 -108.0
631
-------------------New----------------
0 0 32.04023934720154 53.47422649976172 118.5
0 1 29.037393955624076 56.37200528545914 108.5
1 0 -38.8172131331459 121.86634215831748 -117.5
1 1 -35.964831261732016 119.11340274587099 -108.0
634
-------------------New----------------
0 0 59.342966291277925 -53.10784863490768 118.5
0 1 57.720595151574436 -48.91111330556706 108.5
1 0 20.68194548623591 45.81289122903054 -117.5
1 1 22.17102798336243 41.88192272306519 -108.0
635
-------------------New----------------
0 0 -6.813562378703104 92.84946429396817 118.5
0 1 -8.253975900009527 92.79176962800172 108.5
1 0 -40.79882025498462 91.48775084909641 -117.5
1 1 -39.42997404175339 91.5435179066332 -108.0
637
-------------------New----------------
0 0 68.56532902728756 81.3350409655476 118.5
0 1 70.27442960631535 79.4480883208391 108.5
1 0 108.9503968085259 36.75720849290246 -117.5
1 1 107.32944251091457 38.55107793487812 -108.0
640
-------------------New----------------
0 0 -48.33507870240659 15.351349416726382 118.5
0 1 -46.40125628721147 13.70950378610508 108.5
1 0 -2.6746030487152863 -23.398831791207723 -117.5
1 1 -4.512355458605743 -21.839043933869966 -108.0
643
-------------------New----------------
0 0 9.55538672683527 97.02482041060709 118.5
0 1 4.872499891221546 97.07115741914555 108.5
1 0 -101.08080952778613 98.44519555902721 -117.5
1 1 -96.61536487477109 98.37900217321658 -108.0
645
-------------------New----------------
0 0 86.51096066908771 71.1769444621686 118.5
0 1 86.06196118951031 69.14488401893993 108.5
1 0 75.71997495382273 23.191991136740008 -117.5
1 1 76.15905064875535 25.13101641738661 -108.0
650
-------------------New----------------
0 0 25.868399997269012 15.25927157894733 118.5
0 1 24.94103795275232 12.58676875668952 108.5
1 0 3.9881495080304283 -47.80051998888051 -117.5
1 1 4.868582621727272 -45.26237306911219 -108.0
651
-------------------New----------------
0 0 -29.464440880221417 -64.35604278317584 118.5
0 1 -29.934100782804848 -66.11015957565442 108.5
1 0 -41.25858826314019 -106.21423491885358 -117.5
1 1 -40.770046516557336 -104.52678377373643 -108.0
654
-------------------New----------------
0 0 46.65731299019695 1.8251965710900173 118.5
0 1 46.50650630010358 4.0458271968476796 108.5
1 0 43.101328266591466 54.23820104797001 -117.5
1 1 43.24443901488202 52.128444405778666 -108.0
662
-------------------New----------------
0 0 -81.26251734947974 71.15898799307368 118.5
0 1 -81.52939879370614 71.86974601433079 108.5
1 0 -87.51926182291105 87.92939997668661 -117.5
1 1 -87.26956614999536 87.25404666410063 -108.0
673
-------------------New----------------
0 0 36.0726170758196 10.093080167132102 118.5
0 1 36.579618992737835 14.440069096778128 108.5
1 0 48.17867994465308 112.85901728798922 -117.5
1 1 47.68154644098692 108.71237473109343 -108.0
704
-------------------New----------------
0 0 -42.88120093909542 -3.471319219303343 118.5
0 1 -44.16778991714922 -6.625723903383019 108.5
1 0 -73.24600049019843 -77.9101083589718 -117.5
1 1 -72.02477565568411 -74.9136525845648 -108.0
706
-------------------New----------------
0 0 -28.845300180942594 -6.476514059311379 118.5
0 1 -27.080258686243774 -10.87762993659409 108.5
1 0 12.661661227382229 -110.61133528483711 -117.5
1 1 10.99424674050355 -106.41232403643906 -108.0
710
-------------------New----------------
0 0 58.99451382283004 25.393415349769242 118.5
0 1 58.66617427780361 23.446493993231154 108.5
1 0 51.16360288198483 -20.418336925080386 -117.5
1 1 51.47875821769641 -18.576499038784267 -108.0
716
-------------------New----------------
0 0 105.45272468620294 39.694488595711846 118.5
0 1 106.37028248571384 38.56338973221245 108.5
1 0 127.09924463001357 13.044943958104799 -117.5
1 1 126.22742172135369 14.117498484910845 -108.0
729
-------------------New----------------
0 0 -13.567394617833553 -30.154050855195244 118.5
0 1 -8.257143318033838 -27.53224966479084 108.5
1 0 111.72201445220735 31.75154817219781 -117.5
1 1 106.68001119599164 29.25880947508066 -108.0
731
-------------------New----------------
0 0 79.7933438797611 25.48458472085897 118.5
0 1 81.62409389954004 26.033083826772145 108.5
1 0 122.9938027185606 38.42280929931597 -117.5
1 1 121.2540729787693 37.902571627845774 -108.0
750
-------------------New----------------
0 0 10.871726676753662 -2.323227343135407 118.5
0 1 8.263566034295922 -1.6858954610785595 108.5
1 0 -51.24074229935489 14.926570432533813 -117.5
1 1 -48.717128292005654 14.130205707863945 -108.0
756
-------------------New----------------
0 0 -65.12428546251866 12.671563215116958 118.5
0 1 -67.51227773528477 14.277571389844535 108.5
1 0 -121.47358258456252 50.55263475097906 -117.5
1 1 -119.20561501055022 49.02833017095153 -108.0
776
-------------------New----------------
0 0 -100.7578252975937 -6.380819160640938 118.5
0 1 -99.54313669183948 -3.4324453161280255 108.5
1 0 -72.08318146439113 63.210362283850635 -117.5
1 1 -73.2354375882131 60.409113546036416 -108.0
790
-------------------New----------------
0 0 -57.07246999972303 -21.327787978723244 118.5
0 1 -56.558948838879324 -23.626027012065308 108.5
1 0 -44.97290381441095 -75.5499035182481 -117.5
1 1 -45.46227314266954 -73.36656998408822 -108.0
794
-------------------New----------------
0 0 -54.30882402381925 -27.312262835396854 118.5
0 1 -53.28159853959264 -30.49889324896784 108.5
1 0 -30.092633608699135 -102.46504313415934 -117.5
1 1 -31.066431869802067 -99.44478444162718 -108.0
795
-------------------New----------------
0 0 -37.35832427046769 0.7235282195605788 118.5
0 1 -41.1371205670381 -2.292895473565239 108.5
1 0 -126.65544260145768 -70.29411656607613 -117.5
1 1 -123.05948491234612 -67.44060855588586 -108.0
817
-------------------New----------------
0 0 65.09073542540867 -76.8062134830087 118.5
0 1 62.838166526278634 -78.04291009695127 108.5
1 0 11.95549605348755 -106.08747289689673 -117.5
1 1 14.09384576268765 -104.9052207945153 -108.0
820
-------------------New----------------
0 0 -12.011026388150434 -69.33716067903815 118.5
0 1 -9.805185363806952 -68.91469194848612 108.5
1 0 40.036775805356974 -59.364321048435855 -117.5
1 1 37.942243099477196 -59.766264002713946 -108.0
824
-------------------New----------------
0 0 -87.37552686133175 -13.144556715521858 118.5
0 1 -87.45220065805188 -7.831203141562146 108.5
1 0 -89.42560970684217 112.02864492099297 -117.5
1 1 -89.3469238002549 107.00112793074416 -108.0
826
-------------------New----------------
0 0 -60.29482880336583 59.02699889834084 118.5
0 1 -56.65552789732972 59.98169486754366 108.5
1 0 25.56716295829943 81.65439373633583 -117.5
1 1 22.11695974956892 80.74162339941867 -108.0
829
-------------------New----------------
0 0 -68.05851845078385 57.233402063437765 118.5
0 1 -68.04231881176584 55.94594023809384 108.5
1 0 -67.71296346421659 26.872377058939797 -117.5
1 1 -67.73140557177055 28.096165480767873 -108.0
832
-------------------New----------------
0 0 11.316574865424887 86.69989323482486 118.5
0 1 9.394783581078531 85.16527353345784 108.5
1 0 -34.05614755519349 50.49456394261433 -117.5
1 1 -32.229381092737164 51.95205433254439 -108.0
840
-------------------New----------------
0 0 83.31136780407192 -11.41850971657391 118.5
0 1 81.19365968200734 -12.734886965194747 108.5
1 0 33.31999864550137 -42.51600940403139 -117.5
1 1 35.33113481989868 -41.265621666272814 -108.0
851
-------------------New----------------
0 0 -15.602402821295815 -40.04495580788654 118.5
0 1 -20.175979463290307 -38.38665949855666 108.5
1 0 -123.65504929338515 -0.8560574957696913 -117.5
1 1 -119.30313831853285 -2.43511714921707 -108.0
855
-------------------New----------------
0 0 34.10747222912243 -89.51019977494767 118.5
0 1 27.92444535517389 -89.09010070176369 108.5
1 0 -111.80380973186338 -79.59776327801134 -117.5
1 1 -105.93055335921296 -79.9968357620703 -108.0
856
-------------------New----------------
0 0 -16.92398138183908 2.0504510174872044 118.5
0 1 -16.53085111488942 5.101354615529116 108.5
1 0 -7.72653090445372 73.93544272657692 -117.5
1 1 -8.09667506903201 71.04342706940237 -108.0
862
-------------------New----------------
0 0 -22.27316724701629 -57.17818784624963 118.5
0 1 -24.668042039152503 -59.74096148431475 108.5
1 0 -78.98555855806073 -117.64554844965267 -117.5
1 1 -76.70125036279235 -115.21280046296533 -108.0
863
-------------------New----------------
0 0 62.29790328004833 -71.84338674657032 118.5
0 1 59.58567602585124 -71.06801090276632 108.5
1 0 -1.8034138359581469 -54.0366746653376 -117.5
1 1 0.7713877155789414 -54.73826493952905 -108.0
872
-------------------New----------------
0 0 -57.5118839260504 107.84290039901111 118.5
0 1 -55.10422688797574 106.83058766121762 108.5
1 0 -0.7900032104693677 83.87282619001351 -117.5
1 1 -3.0699127958849495 84.8527569789903 -108.0
873
-------------------New----------------
0 0 -46.29641211137322 39.06736628338881 118.5
0 1 -43.159321044403484 38.67682667680346 108.5
1 0 27.760391050876514 29.859914730627196 -117.5
1 1 24.77832103602091 30.22830580180251 -108.0
876
-------------------New----------------
0 0 -17.85523264105317 -31.76819400735642 118.5
0 1 -13.67558416687784 -30.3149262818276 108.5
1 0 80.78553631801167 2.529781833784889 -117.5
1 1 76.81459885359291 1.1489538891441575 -108.0
890
-------------------New----------------
0 0 79.07068546045454 47.61082205099227 118.5
0 1 78.60693583117492 43.22142715190846 108.5
1 0 68.24433742996672 -55.89919336126724 -117.5
1 1 68.67642671491463 -51.73256594963485 -108.0
891
-------------------New----------------
0 0 57.839896238897396 90.76113610924241 118.5
0 1 55.549644267283306 92.02359184317852 108.5
1 0 3.522165662708838 120.59851967855919 -117.5
1 1 5.717831137487327 119.38266139917111 -108.0
894
-------------------New----------------
0 0 41.34940041537289 70.50062092585208 118.5
0 1 41.84735864156978 71.4969339816666 108.5
1 0 53.08550651610352 94.0391595616272 -117.5
1 1 52.61325379122187 93.09152515065777 -108.0
900
-------------------New----------------
0 0 -83.42391464428678 40.70065753386929 118.5
0 1 -84.95824676806117 37.57274095910162 108.5
1 0 -119.64438612917056 -33.123469093221686 -117.5
1 1 -118.18503676752869 -30.152053893613147 -108.0
908
-------------------New----------------
0 0 51.97997275400045 -41.871927843187294 118.5
0 1 49.94597580651085 -39.64385732255817 108.5
1 0 3.8988431401387076 10.999718996794964 -117.5
1 1 5.8409709613923715 8.879851373386515 -108.0
916
-------------------New----------------
0 0 -17.338018589684822 -104.9701080937995 118.5
0 1 -11.752367635235542 -103.82035396455603 108.5
1 0 114.50106449375076 -77.71223179086437 -117.5
1 1 109.19272809548961 -78.80733801641982 -108.0
917
-------------------New----------------
0 0 58.20671148394206 13.21591622092115 118.5
0 1 57.512861535528614 12.671161413375206 108.5
1 0 41.679029698981786 -0.049668785387420276 -117.5
1 1 42.348858245744374 0.5041021704227946 -108.0
920
-------------------New----------------
0 0 25.98820378382957 1.3367714752606807 118.5
0 1 29.47976000539918 3.477952750087078 108.5
1 0 108.18129658088996 51.93634500233951 -117.5
1 1 104.87893791935296 49.8956487448399 -108.0
927
-------------------New----------------
0 0 -55.7138916870094 2.3526927209102317 118.5
0 1 -54.88711380970468 -1.9644049796186387 108.5
1 0 -35.24597414506138 -98.90974580761564 -117.5
1 1 -36.079324346986944 -94.83117388775392 -108.0
930
-------------------New----------------
0 0 12.1332186000879 -41.97417881030832 118.5
0 1 11.281919634858253 -38.93100339694425 108.5
1 0 -8.406023976004127 29.405864488771055 -117.5
1 1 -7.5426954926228 26.548063444757865 -108.0
931
-------------------New----------------
0 0 78.10043737357861 -39.96732218571482 118.5
0 1 76.56259672469153 -38.125172327652834 108.5
1 0 41.802996307052574 3.5016665471519723 -117.5
1 1 43.26424549923698 1.752725988187882 -108.0
934
-------------------New----------------
0 0 -21.274056970872433 -75.94837518109513 118.5
0 1 -16.81361126294155 -73.38103918029563 108.5
1 0 83.99549081469578 -15.360402743573307 -117.5
1 1 79.75789561495708 -17.799302720070823 -108.0
935
-------------------New----------------
0 0 -5.337354661946959 -19.277073273490593 118.5
0 1 -7.329017209727965 -15.498062014122729 108.5
1 0 -52.377365639336496 69.8068079125658 -117.5
1 1 -50.47992248650627 66.21888925379014 -108.0
939
-------------------New----------------
0 0 12.989951720695917 91.15882965652939 118.5
0 1 8.52003582896764 90.251413896772 108.5
1 0 -92.56261481758058 69.71835242276602 -117.5
1 1 -88.31382073011613 70.58058886606396 -108.0
940
-------------------New----------------
0 0 98.39059526531408 90.6151925693085 118.5
0 1 98.46720872039634 90.94576693849051 108.5
1 0 100.09009429248633 98.56866644681517 -117.5
1 1 100.03082470181974 98.24853799396658 -108.0
942
-------------------New----------------
0 0 -47.1331905809317 -72.48988833165257 118.5
0 1 -50.2558582845201 -68.53761951499406 108.5
1 0 -120.83516512309693 20.789287191940467 -117.5
1 1 -117.8682407705124 17.034554955471872 -108.0
944
-------------------New----------------
0 0 38.14523242798412 -29.377094790359138 118.5
0 1 39.61757939002256 -30.083896246238034 108.5
1 0 72.87368733819996 -46.18228241736667 -117.5
1 1 71.47726556605124 -45.498794589739255 -108.0
960
-------------------New----------------
0 0 -34.20876233069351 54.08960560267868 118.5
0 1 -31.236023863333646 54.44119623100069 108.5
1 0 35.94296716986362 62.399792853493736 -117.5
1 1 33.11931977353255 62.06408437557669 -108.0
962
-------------------New----------------
0 0 13.367003098574386 -22.3269204555983 118.5
0 1 10.758810290286819 -23.152140847467876 108.5
1 0 -48.18835318476068 -41.80471729930438 -117.5
1 1 -45.710405185807645 -41.020554961113966 -108.0
968
-------------------New----------------
0 0 17.70939332024512 -54.25293572072227 118.5
0 1 18.59442943930542 -53.907482827005765 108.5
1 0 38.60215034525513 -46.086372821743105 -117.5
1 1 37.76020830139183 -46.41507261030163 -108.0
989
-------------------New----------------
0 0 2.846506778783624 -88.89019475246357 118.5
0 1 5.016190114219258 -87.89961049597983 108.5
1 0 54.04481620049576 -65.51753192050333 -117.5
1 1 51.98480580254203 -66.45924826044173 -108.0
1002
-------------------New----------------
0 0 -75.83947070910763 -49.84132765318735 118.5
0 1 -76.98755646905458 -49.922865351337215 108.5
1 0 -102.93678067241493 -51.761189056776345 -117.5
1 1 -101.8455521212194 -51.68347691812962 -108.0
1003
-------------------New----------------
0 0 -44.69557720048108 -89.08435849918583 118.5
0 1 -45.46460668835447 -87.10464278534371 108.5
1 0 -62.82974365178787 -42.37825520175993 -117.5
1 1 -62.10051167213146 -44.258017717365234 -108.0
1011
-------------------New----------------
0 0 47.75996659673748 19.18235536814401 118.5
0 1 50.797761102104126 17.22308340316722 108.5
1 0 119.32490608287605 -27.103730611225775 -117.5
1 1 116.44403033005953 -25.240978651939358 -108.0
1013
-------------------New----------------
0 0 70.75008554630176 -36.68388098402338 118.5
0 1 72.702341791604 -35.75523215089638 108.5
1 0 116.78944441341685 -14.764238097142883 -117.5
1 1 114.9366233196979 -15.647685250080325 -108.0
1021
-------------------New----------------
0 0 -35.738170267875326 -48.49921646058253 118.5
0 1 -36.98399963735264 -50.03506587150134 108.5
1 0 -65.13363385780735 -84.7437651422484 -117.5
1 1 -63.95051739687875 -83.28477370217236 -108.0
1023
-------------------New----------------
0 0 -3.0929469451815006 -107.79934944226791 118.5
0 1 -1.0471886990357644 -107.8573645103758 108.5
1 0 45.5698439443753 -109.41131402201435 -117.5
1 1 43.60206289163504 -109.34095151287379 -108.0
1024
-------------------New----------------
0 0 -69.20261726950851 -53.75054136183188 118.5
0 1 -66.40845874300467 -56.68269757901172 108.5
1 0 -3.1929909046271803 -122.93600733617673 -117.5
1 1 -5.854881200737759 -120.14992427613849 -108.0
1032
-------------------New----------------
0 0 -64.14003156504607 66.76381352319518 118.5
0 1 -64.8006305521038 65.3278412034351 108.5
1 0 -79.71640619834757 32.80494072459642 -117.5
1 1 -79.0921289831094 34.172191219786704 -108.0
1039
-------------------New----------------
0 0 22.099974086700833 39.69626597174337 118.5
0 1 22.37889092414236 42.63329581986484 108.5
1 0 28.72404333643531 109.07319317076926 -117.5
1 1 28.45788734707393 106.2782476098769 -108.0
1043
-------------------New----------------
0 0 38.98126743686663 -69.36874691662211 118.5
0 1 40.20034521917263 -65.27807897101624 108.5
1 0 67.70632572275598 27.02569997939197 -117.5
1 1 66.55310791936766 23.15735300549199 -108.0
1044
-------------------New----------------
0 0 -25.685213713607123 -22.855639467834667 118.5
0 1 -24.011953122015296 -20.471038714230694 108.5
1 0 13.788882037081635 33.42046189794034 -117.5
1 1 12.200147505534355 31.154666325424593 -108.0
1053
-------------------New----------------
0 0 -4.909482380776233 -64.05839082710982 118.5
0 1 -3.1359561877835884 -63.46010072608868 108.5
1 0 36.984049521751864 -49.95405694485161 -117.5
1 1 35.29735299703142 -50.519971432410344 -108.0
1059
-------------------New----------------
0 0 -13.285553408093582 -65.00470081441276 118.5
0 1 -15.135462260077215 -65.22331356240441 108.5
1 0 -56.942839126135276 -70.1718603218491 -117.5
1 1 -55.18476891036835 -69.96376888778491 -108.0
1062
-------------------New----------------
0 0 -13.637996089975303 80.01111881091701 118.5
0 1 -12.747495549332928 76.7401898644611 108.5
1 0 7.7351841057623805 3.0614025665193942 -117.5
1 1 6.864233390470702 6.137633319646918 -108.0
1065
-------------------New----------------
0 0 -60.36541355387095 -68.88745676011158 118.5
0 1 -59.78923466417433 -70.5635618832236 108.5
1 0 -46.76185086742924 -108.44156004373613 -117.5
1 1 -47.30968087732873 -106.84954860735184 -108.0
1071
-------------------New----------------
0 0 -43.88954802228535 -65.8375929197534 118.5
0 1 -42.5581570817411 -62.27395931242008 108.5
1 0 -12.457528286471005 18.275152971185232 -117.5
1 1 -13.723635815598579 14.88817817510684 -108.0
1073
-------------------New----------------
0 0 6.772480595061339 -80.03685201164734 118.5
0 1 8.613765015735957 -78.54126981145845 108.5
1 0 50.23715967041702 -44.74751125489656 -117.5
1 1 48.48706332113648 -46.16966712981745 -108.0
1078
-------------------New----------------
0 0 123.3237394703629 -29.09988852729556 118.5
0 1 123.22430690899994 -33.19143628237795 108.5
1 0 120.838754309254 -125.69580558330226 -117.5
1 1 120.87300992459234 -121.77042758395973 -108.0
1090
-------------------New----------------
0 0 72.31754872368941 18.27311686338265 118.5
0 1 72.57569816968598 16.00362778370181 108.5
1 0 78.41229779049529 -35.28701168817741 -117.5
1 1 78.16682331406834 -33.131012861966454 -108.0
1091
-------------------New----------------
0 0 -7.735376772931476 44.47012529375098 118.5
0 1 -5.40246894177584 39.73543576801357 108.5
1 0 47.24143636652918 -67.16480105603969 -117.5
1 1 45.028864686471984 -62.67297561865414 -108.0
1095
-------------------New----------------
0 0 55.20523956141685 -25.457185690875022 118.5
0 1 56.08896383184892 -24.85142380461763 108.5
1 0 76.05015462785634 -11.162323777372354 -117.5
1 1 75.21118366011503 -11.737700845432292 -108.0
1098
-------------------New----------------
0 0 -25.09408805701393 -85.60804167812036 118.5
0 1 -22.224786768645952 -84.33907194651495 108.5
1 0 42.97016734672945 -56.07413065851132 -117.5
1 1 40.22994431602361 -57.235654537297535 -108.0
1100
-------------------New----------------
0 0 61.893018877699646 -44.140719731636345 118.5
0 1 63.802765689862916 -45.96593824015831 108.5
1 0 107.19134733158505 -87.21542440149979 -117.5
1 1 105.35791751545374 -85.4768435485581 -108.0
1101
-------------------New----------------
0 0 4.67620325313398 -20.93165783331616 118.5
0 1 3.569836737183487 -23.62067240872276 108.5
1 0 -21.613614834002316 -84.35484180566594 -117.5
1 1 -20.551473527542644 -81.80630759243428 -108.0
1117
-------------------New----------------
0 0 56.61068957841005 -73.84063283833662 118.5
0 1 57.84339747628676 -71.24051345181061 108.5
1 0 85.71723907003947 -12.466749650352678 -117.5
1 1 84.54457195185799 -14.938395485685419 -108.0
1118
-------------------New----------------
0 0 74.46168795903327 -46.25453344050227 118.5
0 1 75.20060298806256 -48.89043894686859 108.5
1 0 91.91738470455161 -108.41391557120042 -117.5
1 1 91.21188972213723 -105.91582172493372 -108.0
1128
-------------------New----------------
0 0 -74.89904727745088 -64.59930472911836 118.5
0 1 -75.0428961789095 -63.334296330285255 108.5
1 0 -78.64533737780992 -34.740447565873254 -117.5
1 1 -78.48838793341136 -35.94157499951536 -108.0
1137
-------------------New----------------
0 0 71.11352849165999 48.195540352044176 118.5
0 1 72.91602554344784 44.78908097791867 108.5
1 0 113.4828946984081 -32.54525134630593 -117.5
1 1 111.78758548368617 -29.293624860954697 -108.0
1147
-------------------New----------------
0 0 38.95118164802836 -49.55095867634318 118.5
0 1 35.28470056505534 -47.74378982273133 108.5
1 0 -47.53567119552078 -6.934822518475873 -117.5
1 1 -44.055773843351666 -8.647362709907672 -108.0
1163
-------------------New----------------
0 0 -28.117859758725366 43.0298964080207 118.5
0 1 -22.2734343962452 42.78304478111146 108.5
1 0 109.80237776243152 37.21232516179373 -117.5
1 1 104.25194785559681 37.44583867315702 -108.0
1164
-------------------New----------------
0 0 39.309891300794504 58.62979358666244 118.5
0 1 37.32910631699828 58.43526196522056 108.5
1 0 -7.363048250342052 54.07251766835594 -117.5
1 1 -5.485595287917159 54.255161330824 -108.0
1165
-------------------New----------------
0 0 -36.378105525864896 -87.95261627269664 118.5
0 1 -39.37800227209307 -85.6419370219433 108.5
1 0 -107.17322320940893 -33.41345945399375 -117.5
1 1 -104.32319862871051 -35.60906436237809 -108.0
1171
-------------------New----------------
0 0 -65.46586697293108 11.070063508777782 118.5
0 1 -61.884423182753395 7.642254128740741 108.5
1 0 18.613532945876347 -69.79758773093106 -117.5
1 1 15.233286657519738 -66.54211261389315 -108.0
1172
-------------------New----------------
0 0 25.928504835184118 37.852676863476084 118.5
0 1 19.730242273916954 39.735006616957925 108.5
1 0 -120.35112728524226 82.24270886601462 -117.5
1 1 -114.4655828207638 80.45878028095522 -108.0
1174
-------------------New----------------
0 0 12.737603554214664 1.7572831816576773 118.5
0 1 12.080825842717761 2.438959804295502 108.5
1 0 -2.8258507119461824 17.621639944866953 -117.5
1 1 -2.1957478830789556 16.990865111264306 -108.0
1182
-------------------New----------------
0 0 94.25445498070685 -0.30813761870496315 118.5
0 1 94.29443400433146 -3.276407670209758 108.5
1 0 95.22600379423807 -70.43755925088966 -117.5
1 1 95.1871425290199 -67.61177658335762 -108.0
1185
-------------------New----------------
0 0 -29.746241612078087 -117.09566520718731 118.5
0 1 -30.849767722693024 -116.48569330182116 108.5
1 0 -55.983295207508775 -103.44900584315569 -117.5
1 1 -54.90563670573804 -103.98588864171491 -108.0
1195
-------------------New----------------
0 0 -73.03227599970216 59.337390062490115 118.5
0 1 -74.572396197842 58.74865467272324 108.5
1 0 -109.29644533919611 45.32054322724632 -117.5
1 1 -107.85016917959426 45.90027674695811 -108.0
1198
-------------------New----------------
0 0 -2.8015841875694654 51.56998871475143 118.5
0 1 -5.165558460415607 48.58743701857266 108.5
1 0 -58.56838153916192 -18.8136121015311 -117.5
1 1 -56.32374192508051 -15.9801550713733 -108.0
1203
-------------------New----------------
0 0 95.68678666623298 80.60930222560447 118.5
0 1 95.37083723343721 77.95798935465427 108.5
1 0 88.18079014707288 18.065472179582855 -117.5
1 1 88.48719193981067 20.584505108180835 -108.0
1211
-------------------New----------------
0 0 -98.20895418096103 45.54196559842551 118.5
0 1 -99.18501167529651 41.697634108498285 108.5
1 0 -121.18692255093644 -45.0948161534541 -117.5
1 1 -120.26461683068278 -41.45650115009982 -108.0
1213
-------------------New----------------
0 0 48.240430486605504 19.985313009220583 118.5
0 1 48.209981289418316 14.593411527695284 108.5
1 0 47.50065615982012 -107.36992085602321 -117.5
1 1 47.52176685381493 -102.24202635020333 -108.0
1228
-------------------New----------------
0 0 -28.66767120223899 50.21616542671478 118.5
0 1 -26.09074406459938 52.22970268026463 108.5
1 0 32.13210392659747 97.74505832111866 -117.5
1 1 29.682041753436316 95.8294126379771 -108.0
1231
-------------------New----------------
0 0 10.463864896691774 58.23236984118597 118.5
0 1 6.6889045187478 54.34166222329685 108.5
1 0 -78.6436491645043 -33.62295100995531 -117.5
1 1 -75.05849178272874 -29.922710874644487 -108.0
1236
-------------------New----------------
0 0 -71.7515694043249 -47.69802570739189 118.5
0 1 -72.34754605107926 -45.83060247244166 108.5
1 0 -86.97819522553333 -3.7355073826536818 -117.5
1 1 -86.32117623861826 -5.498432350204354 -108.0
1243
-------------------New----------------
0 0 14.367675283522114 -26.176612914446935 118.5
0 1 17.6502243228418 -19.748537142485517 108.5
1 0 91.80415563504532 125.51583612784425 -117.5
1 1 88.69038982132854 119.41082810319858 -108.0
1267
-------------------New----------------
0 0 -38.68590472555219 -35.60018886860372 118.5
0 1 -41.75105189432636 -29.902668191667345 108.5
1 0 -110.98108747904648 98.95418530728737 -117.5
1 1 -108.0762314226229 93.53724936749374 -108.0
1270
-------------------New----------------
0 0 6.14397843622397 105.91346238354716 118.5
0 1 5.426744779916403 106.60142586749657 108.5
1 0 -10.736031731048794 122.15771953500087 -117.5
1 1 -10.05670987936372 121.49813210507223 -108.0
1271
-------------------New----------------
0 0 54.28093533865022 21.103710398894442 118.5
0 1 56.779820449289105 24.188622050226595 108.5
1 0 113.30211691438645 93.90432617984729 -117.5
1 1 110.92546093410643 90.97311563179558 -108.0
1277
-------------------New----------------
0 0 -87.42482504217989 -83.25349393631296 118.5
0 1 -86.23160853838795 -84.13567808650667 108.5
1 0 -59.24959280748459 -104.06800327293718 -117.5
1 1 -60.38405960012485 -103.23034009588321 -108.0
1307
-------------------New----------------
0 0 -83.86280198250526 56.595591286928695 118.5
0 1 -83.69939447445752 52.720908274470546 108.5
1 0 -79.89802724861785 -34.80703148039491 -117.5
1 1 -80.05937202626336 -31.124910217987043 -108.0
1308
-------------------New----------------
0 0 -8.403726434871492 73.31796611702826 118.5
0 1 -13.378497838723572 69.5574275627311 108.5
1 0 -125.36070926111006 -15.365036847308271 -117.5
1 1 -120.67014380353399 -11.799136423595789 -108.0
1313
-------------------New----------------
0 0 -41.1157545524704 -36.92530672615213 118.5
0 1 -43.97770633408181 -38.37605332369509 108.5
1 0 -108.49721753620676 -70.89422048907838 -117.5
1 1 -105.78721055754815 -69.52960739016774 -108.0
1325
-------------------New----------------
0 0 78.40888081129549 76.21062802247515 118.5
0 1 77.58856584875112 78.30345311758687 108.5
1 0 59.02286330116097 125.6277766808814 -117.5
1 1 59.8024216005458 123.63714391139138 -108.0
1327
-------------------New----------------
0 0 -104.09501961189774 -92.81800805545501 118.5
0 1 -102.37099252572241 -90.5860109095643 108.5
1 0 -63.42343778388912 -40.112339602127214 -117.5
1 1 -65.05740450319266 -42.23019792014549 -108.0
1333
-------------------New----------------
0 0 73.27090394295803 15.288719497812725 118.5
0 1 73.91707303207706 14.842554123684277 108.5
1 0 88.41158972891803 5.012147317034824 -117.5
1 1 87.80469158643531 5.416926675707552 -108.0
1334
-------------------New----------------
0 0 -43.29627170659039 71.09132170041435 118.5
0 1 -42.00369539045405 71.19900565693405 108.5
1 0 -12.939756342043136 73.62290577738449 -117.5
1 1 -14.15641239846094 73.52437301861745 -108.0
1338
-------------------New----------------
0 0 68.28487107351961 -50.075244265871355 118.5
0 1 68.02519510391303 -45.48426619066983 108.5
1 0 62.12892667018563 58.24318251034826 -117.5
1 1 62.376108627475205 53.8807741499932 -108.0
1339
-------------------New----------------
0 0 -18.35469347435651 108.87070170621448 118.5
0 1 -21.16047305412993 108.80728942479632 108.5
1 0 -84.68125183037864 107.27989031327643 -117.5
1 1 -82.00273193747205 107.34527561821218 -108.0
1341
-------------------New----------------
0 0 -23.62438225456176 -119.62261105923804 118.5
0 1 -21.622369856983816 -119.23977819691326 108.5
1 0 23.615842424933145 -110.55898311729536 -117.5
1 1 21.714621212025033 -110.92491807319932 -108.0
1343
-------------------New----------------
0 0 52.75891073164172 22.461813494326577 118.5
0 1 50.62813039502084 21.072144679103154 108.5
1 0 2.4075940282964354 -10.278029814670942 -117.5
1 1 4.431255840262036 -8.953201712341704 -108.0
1351
-------------------New----------------
0 0 56.273960090527474 -94.00755390311983 118.5
0 1 52.078823121529865 -95.12632896934298 108.5
1 0 -42.71561135587997 -120.4606917172323 -117.5
1 1 -38.73112400541964 -119.39272981703974 -108.0
1362
-------------------New----------------
0 0 -93.97796119864823 -10.18533048819819 118.5
0 1 -93.6672247484477 -9.218280381613592 108.5
1 0 -86.33481695693277 12.06047194236553 -117.5
1 1 -86.64210784731026 11.161049510135326 -108.0
1367
-------------------New----------------
0 0 -62.24220726955167 -70.16808294403958 118.5
0 1 -62.397098059548036 -70.24126730255644 108.5
1 0 -65.88447053330827 -71.89401812780784 -117.5
1 1 -65.7383570664765 -71.82533301538024 -108.0
1373
-------------------New----------------
0 0 65.51155242580047 -22.28186125131811 118.5
0 1 64.21590264651113 -24.39581419378313 108.5
1 0 35.35907600319011 -70.83174642790411 -117.5
1 1 36.516611564903755 -68.9528486485917 -108.0
1388
-------------------New----------------
0 0 104.60570630427291 -56.24623770352961 118.5
0 1 103.78151331136851 -52.60814459419824 108.5
1 0 84.99992023810432 29.51143724339521 -117.5
1 1 85.79362190475061 26.06350880755998 -108.0
1402
-------------------New----------------
0 0 -59.92169646708847 -54.81980667571154 118.5
0 1 -58.21211795963073 -57.19438450378347 108.5
1 0 -19.55397529568632 -110.86068798975342 -117.5
1 1 -21.17915677227391 -108.6041725216049 -108.0
1427
-------------------New----------------
0 0 -85.14250816661195 20.27670030393336 118.5
0 1 -84.30205436106549 22.44047202125676 108.5
1 0 -65.41098098980828 71.65836458848646 -117.5
1 1 -66.20688373301003 69.58436482954872 -108.0
1432
-------------------New----------------
0 0 -104.47911709951532 -43.677595902572385 118.5
0 1 -104.55614584786808 -40.986175894696444 108.5
1 0 -106.34266263016802 19.835542564626063 -117.5
1 1 -106.26648913523846 17.27965732628953 -108.0
1437
-------------------New----------------
0 0 -21.944627447321587 80.10185212211279 118.5
0 1 -23.311835141459376 80.70455911633003 108.5
1 0 -54.20806260245935 94.34510939441364 -117.5
1 1 -52.90885053063179 93.76925093995862 -108.0
1442
-------------------New----------------
0 0 34.05784076709285 58.05907279005288 118.5
0 1 30.820965265034953 53.83312167129047 108.5
1 0 -42.32979089789059 -41.6784913163062 -117.5
1 1 -39.25469052523172 -37.663589810004325 -108.0
1451
-------------------New----------------
0 0 4.910122933616228 -47.85181837124935 118.5
0 1 1.497775918409556 -47.2025184954509 108.5
1 0 -75.71783822564808 -32.54729664327855 -117.5
1 1 -72.46654826276635 -33.16576449687115 -108.0
1460
-------------------New----------------
0 0 12.657885314874267 -84.26126864944044 118.5
0 1 7.3660349168900225 -82.00603174688288 108.5
1 0 -112.23391841226672 -31.04242262428311 -117.5
1 1 -107.20655772677405 -33.184931586249675 -108.0
1465
-------------------New----------------
0 0 -27.541528408418024 -27.154926986536502 118.5
0 1 -27.891737533308664 -31.05182122424558 108.5
1 0 -35.80756270744353 -119.14537706178528 -117.5
1 1 -35.47415422085928 -115.44189742672934 -108.0
1475
-------------------New----------------
0 0 19.480604565350852 -46.559331655593994 118.5
0 1 17.34224104643527 -42.943596242363256 108.5
1 0 -30.895476642339986 38.7130852984933 -117.5
1 1 -28.879351525964204 35.27783166928921 -108.0
1488
-------------------New----------------
0 0 63.36635088446688 -21.885868517836553 118.5
0 1 60.45450962672747 -25.309551613730296 108.5
1 0 -5.3809499129274005 -102.70097806028636 -117.5
1 1 -2.613535058102955 -99.44823875119292 -108.0
1500
-------------------New----------------
0 0 9.10560896254884 -78.70964923868779 118.5
0 1 4.247305045340731 -78.37741259898488 108.5
1 0 -105.54910194949525 -70.82740241895706 -117.5
1 1 -100.93080005619228 -71.14577701304546 -108.0
1502
-------------------New----------------
0 0 -61.05244175459113 10.233370143812518 118.5
0 1 -60.73251806385851 14.497461867323286 108.5
1 0 -53.52572054471326 110.90673178585446 -117.5
1 1 -53.828578774956 106.85384888605806 -108.0
1506
-------------------New----------------
0 0 53.991106199534514 -91.21828957894334 118.5
0 1 51.11875540233853 -90.51562488950945 108.5
1 0 -13.781830453403074 -74.53671373998125 -117.5
1 1 -11.059798096725073 -75.2146908170021 -108.0
1507
-------------------New----------------
0 0 32.12506702624101 33.81058769039377 118.5
0 1 35.65228824230927 35.6508493581299 108.5
1 0 115.39930454348205 77.25166284555418 -117.5
1 1 112.04750821685332 75.5017052543668 -108.0
1522
-------------------New----------------
0 0 -48.76881343625557 -25.71647522855701 118.5
0 1 -50.50349752436338 -26.599243057528145 108.5
1 0 -89.74539080076332 -46.49890924216599 -117.5
1 1 -88.10177101395745 -45.664092212915456 -108.0
1530
-------------------New----------------
0 0 -22.317195731692493 75.50126192211212 118.5
0 1 -19.428409734581194 75.31943242423873 108.5
1 0 45.86366833639275 71.20831653116652 -117.5
1 1 43.118946492924216 71.38098467024328 -108.0
1541
-------------------New----------------
0 0 -62.58193991891985 -93.55104154875679 118.5
0 1 -64.86687119061745 -92.38478098290254 108.5
1 0 -116.57269176523182 -66.01901246678018 -117.5
1 1 -114.39706985334412 -67.12609312369808 -108.0
1544
-------------------New----------------
0 0 -90.86919063477075 -14.019449560089223 118.5
0 1 -90.21324571641959 -13.43799996751082 108.5
1 0 -75.35814719412618 -0.29578726613850315 -117.5
1 1 -75.98539168075469 -0.8468057264976812 -108.0
1566
-------------------New----------------
0 0 -94.65165392344394 -117.04664055159883 118.5
0 1 -94.44150648915198 -117.29206330823656 108.5
1 0 -89.67932018091219 -122.84842251798545 -117.5
1 1 -89.88036456934313 -122.61429355250911 -108.0
1568
-------------------New----------------
0 0 -75.62857556765216 -71.66318233732451 118.5
0 1 -76.45640567961473 -73.2481046191889 108.5
1 0 -95.16945449805391 -109.05703994146211 -117.5
1 1 -94.38190137637181 -107.55138659974531 -108.0
1572
-------------------New----------------
0 0 -4.261338363291992 21.120220672988467 118.5
0 1 -3.8337267450549675 16.56070380559483 108.5
1 0 5.747150344694209 -86.49337634785465 -117.5
1 1 5.347896187996014 -82.16099592790904 -108.0
1579
-------------------New----------------
0 0 -21.706074138616668 119.56714092330154 118.5
0 1 -18.017359782468915 119.40314008400173 108.5
1 0 65.32335085139954 115.68299730895023 -117.5
1 1 61.822057737184835 115.83845297404392 -108.0
1582
-------------------New----------------
0 0 28.120882921594717 -56.972485168417016 118.5
0 1 30.667559530317277 -58.12426730023973 108.5
1 0 88.23068399028898 -84.16311846513545 -117.5
1 1 85.80436759496374 -83.06713583885445 -108.0
1589
-------------------New----------------
0 0 -47.75668714596215 -9.241811886008618 118.5
0 1 -45.37844661613072 -8.254772515117903 108.5
1 0 9.646417612168449 7.26796364143015 -117.5
1 1 7.265317488244186 6.907861810223986 -108.0
1592
-------------------New----------------
0 0 21.617930220257218 -9.555977612065382 118.5
0 1 17.20135108410964 -6.022956826583872 108.5
1 0 -82.59637329948002 73.79957220077898 -117.5
1 1 -78.40183492824511 70.445853568588 -108.0
1599
-------------------New----------------
0 0 68.01485230572685 44.8018494277513 118.5
0 1 66.74923384889335 42.87118820879814 108.5
1 0 38.11382271752142 -0.7448578831459709 -117.5
1 1 39.318684187314545 1.0834308086808853 -108.0
1601
-------------------New----------------
0 0 92.8765113424716 -54.37163220980485 118.5
0 1 94.30048241989523 -53.36561317908702 108.5
1 0 126.47135567493766 -30.64073475378995 -117.5
1 1 125.11833361937238 -31.59528032382699 -108.0
1602
-------------------New----------------
0 0 81.10961432148213 33.39735496100826 118.5
0 1 80.68993873049706 31.32874607176235 108.5
1 0 71.18479473749787 -15.395212443998679 -117.5
1 1 71.58706542546068 -13.431856751978803 -108.0
1617
-------------------New----------------
0 0 84.17807320018319 37.06714968442095 118.5
0 1 83.10483979207312 34.49333242991765 108.5
1 0 58.88580116353107 -23.642723329460328 -117.5
1 1 59.90297563726669 -21.19847139009969 -108.0
1620
-------------------New----------------
0 0 39.13507017499653 30.955324541494292 118.5
0 1 37.06509891743909 25.831395530142828 108.5
1 0 -10.046277161175459 -89.9965607684871 -117.5
1 1 -8.055368081137889 -85.12484856613288 -108.0
1623
-------------------New----------------
0 0 28.630872659956584 -61.987781261132284 118.5
0 1 31.898673257757586 -58.274564202369596 108.5
1 0 105.76709585560211 25.662691331959223 -117.5
1 1 102.65739553686016 22.133771539553557 -108.0
1629
-------------------New----------------
0 0 -84.01811384213414 18.505774610674372 118.5
0 1 -83.26699139106657 22.68375365942945 108.5
1 0 -66.19702063396967 117.17065311973681 -117.5
1 1 -66.92077703470268 113.18928573338852 -108.0
1632
-------------------New----------------
0 0 38.8810099565831 -67.7840756323234 118.5
0 1 34.361028338846594 -69.12948726175618 108.5
1 0 -68.03061728235505 -99.47323592534498 -117.5
1 1 -63.71938218600529 -98.1965505333028 -108.0
1633
-------------------New----------------
0 0 -48.030571488376275 111.18634074294839 118.5
0 1 -50.12437206160852 111.7921426347531 108.5
1 0 -97.44145542786009 125.48090445303731 -117.5
1 1 -95.45262019392193 124.90556922869182 -108.0
1638
-------------------New----------------
0 0 -85.19915324497877 15.983679279516192 118.5
0 1 -82.44950912357436 16.232104439737533 108.5
1 0 -20.338183026322444 21.815961295817665 -117.5
1 1 -22.950927304684594 21.58198284081808 -108.0
1646
-------------------New----------------
0 0 -23.896966376831152 -77.153042386326 118.5
0 1 -23.9953107515562 -75.01057936833593 108.5
1 0 -26.223515611173447 -26.592223454268556 -117.5
1 1 -26.1300685112285 -28.627324718911076 -108.0
1647
-------------------New----------------
0 0 0.6161062695384294 10.262918070376713 118.5
0 1 0.1465007785159898 7.307110839543057 108.5
1 0 -10.115722135003965 -59.21086220555552 -117.5
1 1 -9.696785090484713 -56.44558956765193 -108.0
1649
-------------------New----------------
0 0 -23.69004694506862 2.479807868958723 118.5
0 1 -23.846478018639807 -1.781938128362858 108.5
1 0 -26.72050768342233 -98.03802408360967 -117.5
1 1 -26.628579798388074 -93.977546028217 -108.0
1654
-------------------New----------------
0 0 54.89782363592205 -65.90138967748447 118.5
0 1 52.27679449092958 -64.83139925890373 108.5
1 0 -6.934043038444351 -40.6337819126597 -117.5
1 1 -4.444761526613828 -41.650489246022936 -108.0
1673
-------------------New----------------
0 0 -100.68831805111463 -29.771385086212046 118.5
0 1 -99.6547931998206 -32.570195087322894 108.5
1 0 -76.60285809103031 -95.87572534327437 -117.5
1 1 -77.58385561276852 -93.22149866435844 -108.0
1675
-------------------New----------------
0 0 -52.98347997312307 -10.846381934877352 118.5
0 1 -53.03445010952515 -7.082134977700579 108.5
1 0 -54.207259333375404 77.96462838312311 -117.5
1 1 -54.15775887828064 74.3913088524287 -108.0
1680
-------------------New----------------
0 0 23.82954230425096 37.16885960349712 118.5
0 1 27.768961134769324 36.745365248178715 108.5
1 0 116.800124833567 27.212812260909367 -117.5
1 1 113.05585071136689 27.613287847885573 -108.0
1693
-------------------New----------------
0 0 -29.151284535561338 -97.7353828275541 118.5
0 1 -31.475549131001237 -97.53730846705719 108.5
1 0 -84.2311789117241 -93.1526035199702 -117.5
1 1 -82.01131210059674 -93.33733913753669 -108.0
1696
-------------------New----------------
0 0 -32.98325175824679 -55.60672563613186 118.5
0 1 -32.2782321763485 -52.68029558608619 108.5
1 0 -16.352373817895163 13.482433260862146 -117.5
1 1 -17.021900519601314 10.701941872670307 -108.0
1697
-------------------New----------------
0 0 -23.503489058004167 -30.46817165947777 118.5
0 1 -26.019378908783683 -26.107322765210807 108.5
1 0 -82.92483616784631 72.55136060353453 -117.5
1 1 -80.53305100034906 68.39821060497059 -108.0
1703
-------------------New----------------
0 0 122.03446144963391 98.50027861587377 118.5
0 1 121.72902102235658 97.82273357076824 108.5
1 0 114.8353775564193 82.48675440437579 -117.5
1 1 115.12572641578234 83.13249634900401 -108.0
1708
-------------------New----------------
0 0 -35.872742529902276 33.232175491379486 118.5
0 1 -37.47515261413517 31.77276262270528 108.5
1 0 -73.6868880406897 -1.2132473139664972 -117.5
1 1 -72.16498418054687 0.1735707343570093 -108.0
1709
-------------------New----------------
0 0 16.25033145155304 -39.562072007119006 118.5
0 1 14.372259397704116 -38.82739927301724 108.5
1 0 -27.99355849365947 -22.18303419753297 -117.5
1 1 -26.21423807999157 -22.879915501053755 -108.0
1710
-------------------New----------------
0 0 -45.99914400471478 -11.49080854687891 118.5
0 1 -43.04438682704866 -13.580178410671206 108.5
1 0 23.742201622351295 -60.79707657200637 -117.5
1 1 20.934615793794887 -58.81209223617854 -108.0
1718
-------------------New----------------
0 0 -84.22130823453455 -26.824549295162722 118.5
0 1 -85.49689437791605 -30.83155174730207 108.5
1 0 -114.23874973948011 -121.41125951738101 -117.5
1 1 -113.03267090079814 -117.60381556195316 -108.0
1719
-------------------New----------------
0 0 -37.01207167907749 34.57743670186223 118.5
0 1 -37.34705818137546 36.16673321618721 108.5
1 0 -44.9539313252581 72.04983970500237 -117.5
1 1 -44.63362348756196 70.54302484751881 -108.0
1730
-------------------New----------------
0 0 82.78769619426302 -69.45183991626428 118.5
0 1 80.08142183095661 -69.46130056472592 108.5
1 0 18.854571143513283 -69.50769885821013 -117.5
1 1 21.43322434555357 -69.51271309146112 -108.0
1746
-------------------New----------------
0 0 -42.33815428740158 58.87144161416929 118.5
0 1 -38.76585864213163 54.50981480839052 108.5
1 0 40.73408156480307 -44.95713546337085 -117.5
1 1 37.44616861046527 -40.73875703068967 -108.0
1759
-------------------New----------------
0 0 82.36363154570722 -34.286157789035265 118.5
0 1 79.90353132690886 -30.412019787893957 108.5
1 0 24.29086552845228 57.16651405188022 -117.5
1 1 26.62888401117749 53.4858189367596 -108.0
1764
-------------------New----------------
0 0 65.4704316889224 76.43128267896948 118.5
0 1 61.56107050527485 75.74459379579113 108.5
1 0 -26.803010175502987 60.36284659299891 -117.5
1 1 -23.087214021110086 61.00595497812354 -108.0
1766
-------------------New----------------
0 0 31.880884571781603 95.84500756965205 118.5
0 1 33.35086730234349 94.44371791186077 108.5
1 0 66.49108062952092 62.79119342531673 -117.5
1 1 65.09771872873428 64.12453557441624 -108.0
1774
-------------------New----------------
0 0 51.9354929856667 83.44533362518203 118.5
0 1 52.8715691592129 83.12948667105104 108.5
1 0 74.07040956498597 75.95513118821836 -117.5
1 1 73.17903110070189 76.25893848934497 -108.0
1782
-------------------New----------------
0 0 -14.2281944743708 95.7788724940618 118.5
0 1 -14.251376445741545 95.20507720227525 108.5
1 0 -14.825154873406566 82.35649090113375 -117.5
1 1 -14.800856832847293 82.89289794699465 -108.0
1787
-------------------New----------------
0 0 6.279391775088907 5.670120679515109 118.5
0 1 4.0270011132604955 9.820762591455544 108.5
1 0 -46.825227819360414 103.69653881992868 -117.5
1 1 -44.682359620388425 99.74969542125316 -108.0
1789
-------------------New----------------
0 0 23.847193563015093 0.9921545501138965 118.5
0 1 27.384485537387043 -2.9004468746842793 108.5
1 0 107.17593622903885 -90.87896698651113 -117.5
1 1 103.82577378728578 -87.17935612297856 -108.0
1813
-------------------New----------------
0 0 32.54625769460692 26.92582616009698 118.5
0 1 31.108516932367387 21.187689257683644 108.5
1 0 -1.4729297271825323 -108.61314542806853 -117.5
1 1 -0.10013878440090256 -103.1573765187783 -108.0
1819
-------------------New----------------
0 0 65.31643611638552 0.37238168379387204 118.5
0 1 63.05097804887123 4.911575495934503 108.5
1 0 11.91802838069685 107.42314143976458 -117.5
1 1 14.065894899767079 103.11344027092412 -108.0
1834
-------------------New----------------
0 0 -103.83406727510203 9.16584479036123 118.5
0 1 -103.2610571800573 11.482088944121047 108.5
1 0 -90.36513024618708 63.86351979908454 -117.5
1 1 -90.90336659137527 61.663004551471396 -108.0
1838
-------------------New----------------
0 0 -73.04454425193397 71.9160719855684 118.5
0 1 -74.06012113604693 72.16967783601409 108.5
1 0 -97.02736313324479 77.90879144991078 -117.5
1 1 -96.06104408415837 77.66760323398297 -108.0
1856
-------------------New----------------
0 0 65.60491252853565 -28.128431529586727 118.5
0 1 63.67309007563904 -25.728007951611477 108.5
1 0 20.001387378528072 28.47862739181027 -117.5
1 1 21.837919916604697 26.200012990194733 -108.0
1858
-------------------New----------------
0 0 -14.307603691371645 -1.513003920304135 118.5
0 1 -13.61150692367275 -3.173114324674952 108.5
1 0 2.1730170646544966 -40.724437203160974 -117.5
1 1 1.5062128221527455 -39.14351005487797 -108.0
1868
-------------------New----------------
0 0 -36.2988249607722 82.54758062911732 118.5
0 1 -36.269042028259435 83.46063731706181 108.5
1 0 -35.592395002140734 104.10060127970007 -117.5
1 1 -35.62081670999163 103.23246639160587 -108.0
1893
-------------------New----------------
0 0 -30.198168341515164 -65.43198454444646 118.5
0 1 -26.198826164595108 -64.85999383113764 108.5
1 0 64.15856645526739 -51.98755233189537 -117.5
1 1 60.36098296559286 -52.52674732325713 -108.0
1896
-------------------New----------------
0 0 91.49730425956497 -81.08224224022577 118.5
0 1 91.53699465868877 -81.54975131969256 108.5
1 0 92.27450993623175 -92.18857828828699 -117.5
1 1 92.24022855838327 -91.73891424557415 -108.0
1897
-------------------New----------------
0 0 119.30314160326745 -61.10393967603221 118.5
0 1 119.07340754196932 -63.166715717657326 108.5
1 0 113.8847173360178 -109.77101636534937 -117.5
1 1 114.10308497902145 -107.8142056591536 -108.0
1908
-------------------New----------------
0 0 7.376889486060288 31.542498031948035 118.5
0 1 11.719706389111916 31.375592487198077 108.5
1 0 109.84554999578461 27.596319263108967 -117.5
1 1 105.72096148728562 27.75548992257695 -108.0
1909
-------------------New----------------
0 0 93.20543418077627 54.11875332574182 118.5
0 1 91.91996161433829 51.00178505257774 108.5
1 0 62.929481102299256 -19.31529709403389 -117.5
1 1 64.143364901273 -16.36574282055231 -108.0
1912
-------------------New----------------
0 0 61.991611675808954 14.043712805913923 118.5
0 1 63.70311565134064 16.143751343944402 108.5
1 0 102.37132803670701 63.706135266872344 -117.5
1 1 100.74564894059564 61.70104913942747 -108.0
1927
-------------------New----------------
0 0 52.07302954448776 -43.755793720915555 118.5
0 1 50.09375418127699 -44.90490091136373 108.5
1 0 5.372743190854118 -70.88131664798279 -117.5
1 1 7.252534237324639 -69.78947190561955 -108.0
1951
-------------------New----------------
0 0 30.479273543757824 -18.98004683706693 118.5
0 1 29.010133000564537 -17.72855124453205 108.5
1 0 -4.089638684042092 10.55428379897289 -117.5
1 1 -2.7010405176764274 9.363394841434197 -108.0
1953
-------------------New----------------
0 0 -64.80227537016391 -60.48289936867864 118.5
0 1 -64.57514412750774 -63.059660653801 108.5
1 0 -59.44199732485731 -121.30816392818448 -117.5
1 1 -59.65827850754921 -118.85691694760753 -108.0
1956
-------------------New----------------
0 0 -79.46508645543875 -82.80767477174604 118.5
0 1 -80.44214523850326 -80.83956862989861 108.5
1 0 -102.61755004175907 -36.285872171723284 -117.5
1 1 -101.6838633594785 -38.15921445919462 -108.0
1969
-------------------New----------------
0 0 59.99162244605545 -53.125436948787794 118.5
0 1 60.02403830022426 -54.51192014315434 108.5
1 0 60.70112228584044 -85.8960708935236 -117.5
1 1 60.67200341371455 -84.57707679382953 -108.0
1970
-------------------New----------------
0 0 -17.35629294933046 46.6040350735735 118.5
0 1 -20.72095508966006 44.346643521285316 108.5
1 0 -96.6965545440993 -6.790464594638704 -117.5
1 1 -93.50350380610328 -4.647686144942063 -108.0
1976
-------------------New----------------
0 0 -43.211190256795476 119.69497284806592 118.5
0 1 -45.00346626221855 119.59174196648344 108.5
1 0 -85.50132765018033 117.25597186367627 -117.5
1 1 -83.7995940588265 117.3538458800247 -108.0
1977
-------------------New----------------
0 0 46.42473301479958 13.598936651557324 118.5
0 1 41.19551217127757 17.233479437883553 108.5
1 0 -76.90924297099363 99.44174870896724 -117.5
1 1 -71.94805267075505 95.98433768945779 -108.0
1984
-------------------New----------------
0 0 -25.547682358347537 -8.537947721364485 118.5
0 1 -29.59336268578865 -11.071385142044402 108.5
1 0 -120.97837934334488 -68.1280921540708 -117.5
1 1 -117.14477579425252 -65.73021157565424 -108.0
1988
-------------------New----------------
0 0 -63.68215852447349 29.92596506294729 118.5
0 1 -62.9729711213068 25.14243248701191 108.5
1 0 -46.93080574438967 -82.93373885305536 -117.5
1 1 -47.60625632190193 -78.39215621305965 -108.0
1994
-------------------New----------------
0 0 -51.890649138195 -48.44348958334245 118.5
0 1 -48.60577180119358 -49.33545419315467 108.5
1 0 25.42033157314456 -69.4516819193234 -117.5
1 1 22.33102803289474 -68.60934307559579 -108.0
1996
-------------------New----------------
0 0 11.06707367012695 -1.0803370655832958 118.5
0 1 12.275830897602502 -4.122439594694129 108.5
1 0 39.58590516247677 -72.85367384847304 -117.5
1 1 38.43788716250089 -69.96517302912562 -108.0
1999
-------------------New----------------
0 0 -108.70296566818897 -52.62973583323966 118.5
0 1 -107.41869981723009 -53.13302066498635 108.5
1 0 -78.41133033316235 -64.52280404927527 -117.5
1 1 -79.63003389439822 -64.04333703536894 -108.0
2003
-------------------New----------------
0 0 49.03479953201932 -69.03619603159453 118.5
0 1 46.71807209281832 -64.99353710323612 108.5
1 0 -5.587497998596793 26.16046150892305 -117.5
1 1 -3.4021111684019067 22.33170829431282 -108.0
2004
-------------------New----------------
0 0 -18.463831500982103 -54.127154944611064 118.5
0 1 -15.312062144530282 -50.595163829411604 108.5
1 0 55.96477932941217 29.227891119866694 -117.5
1 1 52.96774390928224 25.87011789212599 -108.0
2008
-------------------New----------------
0 0 -79.97189689263124 -106.36356729698034 118.5
0 1 -79.81395125184879 -105.39007913246787 108.5
1 0 -75.49470644583761 -83.25680499829737 -117.5
1 1 -75.69272278849239 -84.20714469830685 -108.0
2014
-------------------New----------------
0 0 -100.83398091089074 -66.89150290720832 118.5
0 1 -99.22497196671529 -66.59975119760287 108.5
1 0 -63.02854330327127 -60.05970888060093 -117.5
1 1 -64.54441679060685 -60.33218342625323 -108.0
2023
-------------------New----------------
0 0 93.38272053251804 57.5210435738109 118.5
0 1 93.68329734600245 56.1048386545771 108.5
1 0 100.47563684082073 24.107174765937426 -117.5
1 1 100.19027728171258 25.45162967750333 -108.0
2028
-------------------New----------------
0 0 56.7286354439334 -99.78429305267481 118.5
0 1 57.22374320384559 -100.13113807479735 108.5
1 0 68.44130826525827 -107.92287897355443 -117.5
1 1 67.96957354222204 -107.59627834705239 -108.0
2029
-------------------New----------------
0 0 50.131309065311044 94.86441761975377 118.5
0 1 46.78241902373652 94.5169733826391 108.5
1 0 -28.798267035378984 86.76448775169081 -117.5
1 1 -25.623700858095468 87.0857139909308 -108.0
2039
-------------------New----------------
0 0 -21.43835000207776 -45.230014414359815 118.5
0 1 -15.586861608712118 -42.28585445550818 108.5
1 0 116.6787184009451 24.2211405210314 -117.5
1 1 111.11602694873523 21.423524076032333 -108.0
2043
-------------------New----------------
0 0 102.15752846943346 60.788471750361246 118.5
0 1 100.84489081053594 56.790801851403025 108.5
1 0 71.08806932778012 -33.448237548491655 -117.5
1 1 72.34100827068191 -29.666772249065225 -108.0
2045
-------------------New----------------
0 0 68.18579083111572 21.08695061016373 118.5
0 1 70.29425604445952 21.613169374788416 108.5
1 0 117.95480239749085 33.54333235878229 -117.5
1 1 115.95126995801135 33.040837207205975 -108.0
2046
-------------------New----------------
0 0 59.08593939493272 -43.7302143648089 118.5
0 1 57.70132745706405 -41.04624846244045 108.5
1 0 26.387236813679266 19.604681573207277 -117.5
1 1 27.703777397998373 17.055990684343346 -108.0
2047
-------------------New----------------
0 0 -74.3870346821294 32.88043310220125 118.5
0 1 -72.47805308092953 34.68675478519621 108.5
1 0 -29.328206874274684 75.48900351766524 -117.5
1 1 -31.141367000721722 73.77540885651015 -108.0
2050
-------------------New----------------
0 0 72.35223896110966 16.86578728355174 118.5
0 1 71.18666402038376 15.483758938448242 108.5
1 0 44.8453656057667 -15.752295743713642 -117.5
1 1 45.95265054239123 -14.439241781364615 -108.0
2052
-------------------New----------------
0 0 -38.19021747903743 -32.20412986401424 118.5
0 1 -40.199946532090884 -35.49082684193521 108.5
1 0 -85.62720705056174 -109.76610930232675 -117.5
1 1 -83.71740634323132 -106.64403977196908 -108.0
2053
-------------------New----------------
0 0 45.79395392499911 -5.367956553220739 118.5
0 1 47.941375242140055 -6.183938308002321 108.5
1 0 96.42677209692542 -24.630156561946258 -117.5
1 1 94.38814749829322 -23.856704287310826 -108.0
2062
-------------------New----------------
0 0 77.03092356792367 -63.524688696729655 118.5
0 1 75.50151761731031 -62.2096715614047 108.5
1 0 40.86148475210307 -32.73169586081714 -117.5
1 1 42.31403556060347 -33.967859710813634 -108.0
2068
-------------------New----------------
0 0 37.17853312111461 45.43674365711691 118.5
0 1 32.102758292902934 47.63992152352905 108.5
1 0 -83.00471679662698 97.50673752846562 -117.5
1 1 -78.16445453975467 95.41368115723765 -108.0
2069
-------------------New----------------
0 0 18.278914312994214 3.557774345001228 118.5
0 1 20.361330272487283 1.76523521332406 108.5
1 0 67.42507348996205 -38.74647931013275 -117.5
1 1 65.44641266323299 -37.04314057242702 -108.0
2072
-------------------New----------------
0 0 55.36111103239889 3.9981125664966775 118.5
0 1 57.56336320048412 0.6838871910558233 108.5
1 0 107.30475127764957 -74.2408560132309 -117.5
1 1 105.215031509397 -71.08978852386733 -108.0
2081
-------------------New----------------
0 0 -66.3221663873897 -25.90044372304565 118.5
0 1 -67.69457487399038 -29.60291357222938 108.5
1 0 -98.70972774562566 -113.26317883036279 -117.5
1 1 -97.40660331559775 -109.74917110278629 -108.0
2092
-------------------New----------------
0 0 -95.74447831797337 -55.39797517291059 118.5
0 1 -95.4531849774258 -56.80983872478256 108.5
1 0 -88.95472024328743 -88.79679803139165 -117.5
1 1 -89.22874096012512 -87.45357721716317 -108.0
2096
-------------------New----------------
0 0 71.6847193804897 -50.34984954162575 118.5
0 1 67.63908261943837 -53.045931012716565 108.5
1 0 -23.425448154383268 -112.5071321899577 -117.5
1 1 -19.629837056927986 -110.02325350070726 -108.0
2100
-------------------New----------------
0 0 42.96370929419673 -17.678272657623822 118.5
0 1 41.28618970943525 -14.49972505112783 108.5
1 0 3.3743473703296303 57.3410671288603 -117.5
1 1 4.968004025617842 54.32120186736249 -108.0
2104
-------------------New----------------
0 0 -84.14340214449109 -35.512829618327565 118.5
0 1 -85.11552095292267 -35.259862194361915 108.5
1 0 -107.03559934072261 -29.542178640427817 -117.5
1 1 -106.11626906666008 -29.783907388243033 -108.0
2109
-------------------New----------------
0 0 16.748966453120318 24.164563047850343 118.5
0 1 12.711417430139466 21.874557335993735 108.5
1 0 -70.53791602866492 -17.67921623858026 -117.5
1 1 -67.37988143620575 -16.519788059485155 -108.0
2110
-------------------New----------------
0 0 35.918121615658706 -49.72180235853972 118.5
0 1 35.63809969248136 -50.382365435624976 108.5
1 0 29.268154897715966 -65.14476697321865 -117.5
1 1 29.542002916683394 -64.52661537680545 -108.0
2113
-------------------New----------------
0 0 28.191873506859963 -33.402425336487696 118.5
0 1 32.23852488341418 -29.95531087347054 108.5
1 0 123.63993543112579 47.907395167298446 -117.5
1 1 119.8020311534768 44.637159546989324 -108.0
2114
-------------------New----------------
0 0 -71.23690109097002 7.844816060491122 118.5
0 1 -68.99208960682225 5.081902566381129 108.5
1 0 -18.279291089886684 -57.38272835919348 -117.5
1 1 -20.410375147732655 -54.755648099714946 -108.0
2126
-------------------New----------------
0 0 -35.50536490786364 -102.612517416888 118.5
0 1 -30.940965941483704 -101.45102855045175 108.5
1 0 72.21010636125328 -75.20030247192095 -117.5
1 1 67.8744716272424 -76.30376515569276 -108.0
2131
-------------------New----------------
0 0 -44.103441003954664 -63.39036333769909 118.5
0 1 -45.27999390577407 -61.95039689192993 108.5
1 0 -71.84881358620639 -29.44573287747363 -117.5
1 1 -70.73094625096593 -30.810815425446123 -108.0
2133
-------------------New----------------
0 0 -23.484579622349564 -69.0599329626993 118.5
0 1 -22.41948076276488 -69.33912011341658 108.5
1 0 1.6312235741115149 -75.70211683914233 -117.5
1 1 0.6245513015248297 -75.4330134461179 -108.0
2143
-------------------New----------------
0 0 -96.90638241932442 -26.66557959054695 118.5
0 1 -95.47255664451713 -22.864481828233483 108.5
1 0 -63.0636821954292 63.00885383450433 -117.5
1 1 -64.42512335904826 59.399092963582326 -108.0
2151
-------------------New----------------
0 0 -95.58018468225796 47.1785447295555 118.5
0 1 -93.85631027738171 46.35628117947927 108.5
1 0 -54.86066450388451 27.692018928803936 -117.5
1 1 -56.500228160566564 28.476212368917935 -108.0
2154
-------------------New----------------
0 0 3.6942536649660624 -1.4397004649949445 118.5
0 1 5.874871135536077 -4.197249610315415 108.5
1 0 55.668077548651844 -67.58674871696385 -117.5
1 1 53.57483817942684 -64.91854011038444 -108.0
2163
-------------------New----------------
0 0 -8.542050150960996 8.83177203408454 118.5
0 1 -11.848988651238717 13.131036053597768 108.5
1 0 -86.53397217831346 110.55618752274589 -117.5
1 1 -83.38915474382448 106.46421325246419 -108.0
2165
-------------------New----------------
0 0 41.6863421031833 12.494786270153579 118.5
0 1 36.86896134752951 16.889806564822358 108.5
1 0 -71.93061177402402 116.30050599735232 -117.5
1 1 -67.36435379411962 112.1218311316467 -108.0
2166
-------------------New----------------
0 0 -118.22232327420167 -65.62887924415946 118.5
0 1 -117.78115050984334 -66.96277866778557 108.5
1 0 -107.85123023742185 -97.13008759740998 -117.5
1 1 -108.2645280119669 -95.86500654187344 -108.0
2179
-------------------New----------------
0 0 7.3456094968764605 -54.4561916155651 118.5
0 1 8.240169783601761 -55.260255611354445 108.5
1 0 28.247688056046474 -73.4325703578659 -117.5
1 1 27.407767824375174 -72.67159618946123 -108.0
2180
-------------------New----------------
0 0 33.75606006282014 -58.24884269501105 118.5
0 1 27.289391385728663 -60.29487645876378 108.5
1 0 -118.96337566483217 -106.35465165678158 -117.5
1 1 -112.81552562585561 -104.41921657141813 -108.0
2187
-------------------New----------------
0 0 7.088933892001148 -20.958144751142747 118.5
0 1 4.514370272672739 -19.259404385559336 108.5
1 0 -54.370269832341236 19.628489451889237 -117.5
1 1 -51.862862081768014 17.971049157269356 -108.0
2189
-------------------New----------------
0 0 39.530161947634056 -68.52688406112252 118.5
0 1 39.391888841780535 -65.79019836102181 108.5
1 0 36.260012350929145 -4.042969502463753 -117.5
1 1 36.37989050497962 -6.642127138729006 -108.0
2192
-------------------New----------------
0 0 -95.98439065249725 -54.35797637336724 118.5
0 1 -94.36700949675861 -55.55012795674243 108.5
1 0 -57.59548160552968 -82.98382316798128 -117.5
1 1 -59.143950369382154 -81.83192556831717 -108.0
2197
-------------------New----------------
0 0 -4.461625861230688 -39.697826180282696 118.5
0 1 -4.5114106019009155 -43.31335226708686 108.5
1 0 -5.646372999991855 -125.0068752064365 -117.5
1 1 -5.6005937481500165 -121.57081470253357 -108.0
2199
-------------------New----------------
0 0 -29.49236965286758 -5.686251006788828 118.5
0 1 -26.521161169878535 -9.517571376239207 108.5
1 0 40.65057420861697 -96.03525809727753 -117.5
1 1 37.8207666840439 -92.40439221019693 -108.0
2200
-------------------New----------------
0 0 -39.36589298277744 73.29997462978702 118.5
0 1 -36.33220398244268 70.73674986723766 108.5
1 0 32.26600354870134 12.862792623961772 -117.5
1 1 29.381256219586987 15.290588390044709 -108.0
2201
-------------------New----------------
0 0 33.53868462689003 88.29874651077934 118.5
0 1 34.823041703879454 85.8919201655227 108.5
1 0 63.82058567607773 31.506839272295025 -117.5
1 1 62.60181089441985 33.79325661660781 -108.0
2202
-------------------New----------------
0 0 -33.010181746860965 -1.6926642959780047 118.5
0 1 -33.81452764668164 -6.3186219039208735 108.5
1 0 -52.12233070965416 -110.90443189254415 -117.5
1 1 -51.351957808664075 -106.50898122253462 -108.0
2203
-------------------New----------------
0 0 -19.003347558359085 -48.7068621579392 118.5
0 1 -18.60227214508801 -48.34158114596434 108.5
1 0 -9.86710967746361 -40.19407829221246 -117.5
1 1 -10.216539000448725 -40.54051797379987 -108.0
2204
-------------------New----------------
0 0 -2.9163042321017394 92.67091338333138 118.5
0 1 -0.4884905445320033 94.1573373437133 108.5
1 0 54.377979545167705 127.72506048292959 -117.5
1 1 52.07219185768611 126.31567081117691 -108.0
2205
-------------------New----------------
0 0 -45.50377125093628 -90.39361155096822 118.5
0 1 -46.01815994512835 -89.30196519310593 108.5
1 0 -57.6493992382521 -64.66398188011667 -117.5
1 1 -57.1594554475127 -65.7015681778023 -108.0
2216
-------------------New----------------
0 0 -11.097550942115499 -51.00922207197424 118.5
0 1 -5.2236970158662235 -45.53456590775782 108.5
1 0 127.54056818087679 78.15121832100641 -117.5
1 1 121.95812565462072 72.94980019721338 -108.0
2229
-------------------New----------------
0 0 50.860500057991615 83.3781079290374 118.5
0 1 52.00903465602327 84.91511869064571 108.5
1 0 78.04421760125385 119.88789245228963 -117.5
1 1 76.94504007957829 118.40685493972585 -108.0
2232
-------------------New----------------
0 0 65.37180532973571 13.105963988010956 118.5
0 1 64.65599747913035 8.266073642662832 108.5
1 0 48.80789261644889 -101.25959065409842 -117.5
1 1 49.47170504215602 -96.65009408126706 -108.0
2244
-------------------New----------------
0 0 -102.68877718955287 -18.304946276582374 118.5
0 1 -103.21303200530713 -18.852373028476457 108.5
1 0 -114.99535469620533 -31.233528362423804 -117.5
1 1 -114.50156419112716 -30.713259094978476 -108.0
2246
-------------------New----------------
0 0 -47.690874075942695 76.17721140538299 118.5
0 1 -45.30143460128177 73.05039264866132 108.5
1 0 10.37494405490324 1.3539939218357682 -117.5
1 1 8.025809130963982 4.338140782945775 -108.0
2253
-------------------New----------------
0 0 73.01731630010208 13.257116261290154 118.5
0 1 72.06365935714042 13.595684196177809 108.5
1 0 50.52356808418889 21.26203665407332 -117.5
1 1 51.428514682794955 20.939056246507906 -108.0
2255
-------------------New----------------
0 0 45.49447470090467 71.52728908228146 118.5
0 1 45.47427094524879 70.49357744305709 108.5
1 0 44.7810204701495 46.57961032612039 -117.5
1 1 44.816772023741756 47.56992157914844 -108.0
2258
-------------------New----------------
0 0 47.93037122599678 -21.53915633021946 118.5
0 1 45.353192857085205 -17.4339245685881 108.5
1 0 -12.775893817651284 75.26551797319041 -117.5
1 1 -10.335672718818708 71.36855287297547 -108.0
2261
-------------------New----------------
0 0 -28.529248757562208 -19.116360140455463 118.5
0 1 -25.365378551161022 -18.481732044087657 108.5
1 0 45.93072465656053 -3.866245827578087 -117.5
1 1 42.93748057502491 -4.475576244410442 -108.0
2264
-------------------New----------------
0 0 30.978886388083662 -10.045611825479737 118.5
0 1 26.285786714696865 -10.676866696318354 108.5
1 0 -79.78157035105353 -24.961609892304633 -117.5
1 1 -75.32204617245166 -24.3616571331653 -108.0
2267
-------------------New----------------
0 0 27.933111920827777 60.12403147488794 118.5
0 1 31.247669418500493 61.47284413063661 108.5
1 0 105.46745937569145 91.76436229438407 -117.5
1 1 102.38377350528786 90.51125077807197 -108.0
2268
-------------------New----------------
0 0 -19.83551755213464 -91.8875917633487 118.5
0 1 -22.504311042262323 -92.02987568090444 108.5
1 0 -82.7991721892628 -95.25874534658924 -117.5
1 1 -80.2652814928388 -95.12232136124763 -108.0
2274
-------------------New----------------
0 0 89.49621988411252 15.57996484295669 118.5
0 1 87.2553297219176 15.830317553138656 108.5
1 0 36.66296012618654 21.204148024448298 -117.5
1 1 38.781897573233906 20.9820797810929 -108.0
2278
-------------------New----------------
0 0 -24.229544621080258 -110.59690631688652 118.5
0 1 -22.642797320385363 -110.93991912406841 108.5
1 0 13.281071501886197 -118.49637039444067 -117.5
1 1 11.774341142012686 -118.18265786521458 -108.0
2280
-------------------New----------------
0 0 -1.6611432101680026 80.49343071826155 118.5
0 1 1.4037844766439116 77.78053616950253 108.5
1 0 70.67931237763976 16.497284308486517 -117.5
1 1 67.7657566377882 19.071464369295448 -108.0
2285
-------------------New----------------
0 0 34.08907398672809 26.828859760884928 118.5
0 1 36.57551784412704 28.511667080232485 108.5
1 0 92.57559769932422 66.77849276779321 -117.5
1 1 90.20723181012403 65.1197900540783 -108.0
2299
-------------------New----------------
0 0 90.92013443920017 -3.4659705103707283 118.5
0 1 88.64537446169798 -0.7860374110715085 108.5
1 0 37.343511258122234 59.56792657901468 -117.5
1 1 39.50199531185042 57.03937952290039 -108.0
2301
-------------------New----------------
0 0 82.63946015696999 -14.105902404496863 118.5
0 1 83.94205420243004 -14.62681066526845 108.5
1 0 113.39931370688787 -26.428268304404135 -117.5
1 1 112.15816123518498 -25.927836494362413 -108.0
2305
-------------------New----------------
0 0 34.323181338140145 -71.66933858357177 118.5
0 1 36.26784207132224 -69.1763216097415 108.5
1 0 80.22330767890512 -12.842021642663564 -117.5
1 1 78.37555470261823 -15.209413757235879 -108.0
2315
-------------------New----------------
0 0 -121.0092479629684 73.9115467105913 118.5
0 1 -120.68135551023772 73.53870221317132 108.5
1 0 -113.4924542901452 64.80615547708187 -117.5
1 1 -113.78725475222669 65.1746980897386 -108.0
2324
-------------------New----------------
0 0 -67.62751527048589 3.551242467158101 118.5
0 1 -64.7727251170802 3.9408164619557895 108.5
1 0 -0.1768518581881736 12.556808395565243 -117.5
1 1 -2.894248616004749 12.198394776724596 -108.0
2325
-------------------New----------------
0 0 100.07365751896316 47.69916546432296 118.5
0 1 99.11992709266485 43.58755911904794 108.5
1 0 77.5789375451762 -49.30598646434953 -117.5
1 1 78.48400776976457 -45.40099002654456 -108.0
2329
-------------------New----------------
0 0 -37.266594374321166 -40.789404935811646 118.5
0 1 -34.27908630257036 -43.62609900287668 108.5
1 0 33.29676837728168 -107.66736978920972 -117.5
1 1 30.453023670742585 -104.97970170619806 -108.0
2346
-------------------New----------------
0 0 5.680462971902175 -53.49913305659203 118.5
0 1 9.12502951783804 -52.89851273537668 108.5
1 0 86.95022435458561 -39.377881962887365 -117.5
1 1 83.68179725721149 -39.9405291820879 -108.0
2355
-------------------New----------------
0 0 56.79417233234237 -58.97467770322335 118.5
0 1 57.667735464814804 -54.72011672677862 108.5
1 0 77.42386961031852 41.4179352119861 -117.5
1 1 76.59091075850736 37.37816143545208 -108.0
2360
-------------------New----------------
0 0 -4.361808059010134 -14.275148235730379 118.5
0 1 -2.9838137938734883 -13.023828066547642 108.5
1 0 28.120752508241917 15.167501894375198 -117.5
1 1 26.812045889894723 13.982618455501163 -108.0
2361
-------------------New----------------
0 0 -43.67926015863366 -33.76732860029822 118.5
0 1 -42.137477465349825 -33.97905391685141 108.5
1 0 -7.22211060647516 -38.72909445984125 -117.5
1 1 -8.692912470297502 -38.53691107440607 -108.0
2370
-------------------New----------------
0 0 45.00652238655655 67.23395776290208 118.5
0 1 47.30773129400347 65.09646854386278 108.5
1 0 99.31951697279132 16.79414393683538 -117.5
1 1 97.13262294408594 18.824559397982746 -108.0
2379
-------------------New----------------
0 0 2.50257666966624 -35.34598916353773 118.5
0 1 -1.0486202853780657 -29.95282434458244 108.5
1 0 -81.34860246466289 91.9186570049385 -117.5
1 1 -77.97214502228346 86.79517081954148 -108.0
2383
-------------------New----------------
0 0 -30.74134668003117 -46.54566107420979 118.5
0 1 -28.55234142458686 -48.07379848745681 108.5
1 0 20.90505015594029 -82.61741904532428 -117.5
1 1 18.82663761868621 -81.16532216639698 -108.0
2400
-------------------New----------------
0 0 33.49662587742438 -71.54129078324422 118.5
0 1 35.74316715813729 -73.3400372194657 108.5
1 0 86.47463838197864 -113.96248815904683 -117.5
1 1 84.34358269214171 -112.25414149559666 -108.0
2412
-------------------New----------------
0 0 -42.74409459695916 -27.41141942222172 118.5
0 1 -40.72452538340955 -22.82193571155077 108.5
1 0 4.920028893071881 80.90630397784993 -117.5
1 1 3.0013458044113697 76.54573893414373 -108.0
2424
-------------------New----------------
0 0 -96.27948677325519 41.36710789583063 118.5
0 1 -95.64810814122724 40.92210828493839 108.5
1 0 -81.47898527352038 30.846473948499174 -117.5
1 1 -82.07568483885878 31.26989442234619 -108.0
2425
-------------------New----------------
0 0 17.957344000394258 -80.22516988084769 118.5
0 1 15.796997844457612 -77.1115347732069 108.5
1 0 -33.02064344868555 -6.755477468119862 -117.5
1 1 -30.969274142770086 -9.712874481182784 -108.0
2432
-------------------New----------------
0 0 104.67273368323058 43.7778317135271 118.5
0 1 104.45768280851819 41.786349358885005 108.5
1 0 99.58765051433367 -3.2440770708960245 -117.5
1 1 99.79182826437065 -1.3505014951816867 -108.0
2435
-------------------New----------------
0 0 56.86892938464909 -36.33668350547111 118.5
0 1 59.323679510138525 -29.989420172292125 108.5
1 0 114.79921338530525 113.44842216875642 -117.5
1 1 112.46763073557614 107.41909995951839 -108.0
2440
-------------------New----------------
0 0 -101.14253267017 -25.60647787305234 118.5
0 1 -101.80413197832739 -26.39015051290185 108.5
1 0 -116.78279753018694 -44.07734141224599 -117.5
1 1 -116.15266560336192 -43.33370851789 -108.0
2442
-------------------New----------------
0 0 52.455701762423914 -27.493292692404243 118.5
0 1 50.739366366346324 -28.500389305819652 108.5
1 0 12.07275659464807 -51.28859624387756 -117.5
1 1 13.694947897228289 -50.32973017762159 -108.0
2448
-------------------New----------------
0 0 31.76543555040579 55.874013187333865 118.5
0 1 34.51713891700944 55.79432049373126 108.5
1 0 96.68873906205485 53.99847356687413 -117.5
1 1 94.0752034818813 54.07372458693389 -108.0
2467
-------------------New----------------
0 0 16.00458287915215 59.6449393732194 118.5
0 1 12.380137108448185 59.34948019965842 108.5
1 0 -69.52418436687955 52.65040181242281 -117.5
1 1 -66.08107585890411 52.93169474183024 -108.0
2482
-------------------New----------------
0 0 -42.57277220169628 -5.0361428911134425 118.5
0 1 -36.64657050112951 -6.902090776320323 108.5
1 0 97.28577291953764 -49.079647934764054 -117.5
1 1 91.65489915404854 -47.30552725865187 -108.0
2487
-------------------New----------------
0 0 -0.9952223293435036 74.0470395802252 118.5
0 1 -0.6065996795053689 75.26749638928416 108.5
1 0 8.20017524517517 102.8800368732885 -117.5
1 1 7.828031472537981 101.71674385606453 -108.0
2494
-------------------New----------------
0 0 -110.39917743290066 -104.28220396540931 118.5
0 1 -110.60094806416433 -105.08982501334769 108.5
1 0 -115.10419122192346 -123.28963778162715 -117.5
1 1 -114.92038206093105 -122.51900593563842 -108.0
2495
-------------------New----------------
0 0 -39.286338890193015 6.572764135559147 118.5
0 1 -35.011799085002316 9.297359469326734 108.5
1 0 61.585620038429184 70.87308081013781 -117.5
1 1 57.52529789052917 68.28501908842131 -108.0
2496
-------------------New----------------
0 0 20.29734981214282 19.83241807065187 118.5
0 1 23.057344266619506 23.081369371360594 108.5
1 0 85.4103258197708 96.37365423805312 -117.5
1 1 82.79082564371427 93.29394369541583 -108.0
2518
-------------------New----------------
0 0 9.538431072675477 43.81069549189985 118.5
0 1 6.769836757501973 38.58816134953831 108.5
1 0 -55.71676443391376 -79.43178122181084 -117.5
1 1 -53.093196759540376 -74.4735313295932 -108.0
2525
-------------------New----------------
0 0 30.043542350420864 -14.987197323988648 118.5
0 1 28.64031417643907 -16.509310990642966 108.5
1 0 -4.927805443225403 -49.50781939273493 -117.5
1 1 -3.4990398050832447 -48.18967179942929 -108.0
2551
-------------------New----------------
0 0 43.55194001707834 -103.0706090137232 118.5
0 1 41.625658714406654 -103.06829136531326 108.5
1 0 -1.9721806054008764 -103.06146090440731 -117.5
1 1 -0.13485816260551592 -103.06177090613774 -108.0
2552
-------------------New----------------
0 0 77.2344064242549 11.565833334945522 118.5
0 1 74.02650603394065 12.449649738773191 108.5
1 0 1.6122998388004135 32.53399370555557 -117.5
1 1 4.652157236881912 31.689976686638538 -108.0
2559
-------------------New----------------
0 0 15.855278629705769 54.38155873051286 118.5
0 1 16.577825945924072 53.33933550241553 108.5
1 0 32.88394770335732 29.83316174343643 -117.5
1 1 32.19700624808956 30.81963804386615 -108.0
2562
-------------------New----------------
0 0 -20.697306445146523 51.30809335859673 118.5
0 1 -23.95376619761478 53.22749687853245 108.5
1 0 -97.55497517833358 96.59675320016078 -117.5
1 1 -94.46139855573526 94.77345834597597 -108.0
2571
-------------------New----------------
0 0 -95.01254587714051 3.9743532708832903 118.5
0 1 -95.7815521691796 1.82417653667327 108.5
1 0 -113.45127640635016 -46.93691378240486 -117.5
1 1 -112.70324595583686 -44.88481463622724 -108.0
2578
-------------------New----------------
0 0 104.53533952315536 70.99604970885026 118.5
0 1 104.26931519661795 69.58456409163846 108.5
1 0 98.92600291138544 38.04578436835517 -117.5
1 1 99.13862310601397 39.361670408130834 -108.0
2588
-------------------New----------------
0 0 30.895417261205218 90.82624261105023 118.5
0 1 31.263202701945506 91.4809493475845 108.5
1 0 39.55355187437535 106.31193080078738 -117.5
1 1 39.2063857615761 105.68813240259695 -108.0
2597
-------------------New----------------
0 0 -59.3288208121981 84.8661195410198 118.5
0 1 -54.781677304881 81.97008652656119 108.5
1 0 47.93239208457216 16.487993933016536 -117.5
1 1 43.61444748376706 19.242656923182793 -108.0
2601
-------------------New----------------
0 0 43.63566023864459 9.555620910973857 118.5
0 1 46.64932859331766 12.347755903897854 108.5
1 0 114.86291021817308 75.3507998126895 -117.5
1 1 111.99502807543695 72.70232451065608 -108.0
2604
-------------------New----------------
0 0 12.607400753105868 101.94668125043538 118.5
0 1 10.435084423477848 102.89414295511577 108.5
1 0 -38.50899824275594 124.24759199415651 -117.5
1 1 -36.454330074129 123.35132860897404 -108.0
2605
-------------------New----------------
0 0 -15.370610102722122 -104.47563028329833 118.5
0 1 -10.823177584927336 -103.13160789626072 108.5
1 0 91.98859784148496 -72.74978056096003 -117.5
1 1 87.66986116974444 -74.02923985237834 -108.0
2625
-------------------New----------------
0 0 -16.156805942915643 -40.375614954159786 118.5
0 1 -17.54332889079587 -38.3592259868892 108.5
1 0 -48.87990109828308 7.116023490165259 -117.5
1 1 -47.56553273501759 5.199618087239559 -108.0
2626
-------------------New----------------
0 0 81.51673379921456 -39.12814091598736 118.5
0 1 79.87183058923071 -40.35802278228894 108.5
1 0 42.69812072546332 -68.11580030606201 -117.5
1 1 44.25974383859908 -66.9504741200818 -108.0
2631
-------------------New----------------
0 0 -1.8687668563551736 -14.002104803666516 118.5
0 1 -1.277356076161333 -11.337281834203228 108.5
1 0 12.088337443658686 48.872871052805564 -117.5
1 1 11.52743925758326 46.34272700361646 -108.0
2633
-------------------New----------------
0 0 57.957554071416915 47.79890060614551 118.5
0 1 53.673152049959285 51.01755191029521 108.5
1 0 -43.149761602475294 123.74709294942097 -117.5
1 1 -39.08056151953768 120.69080329315247 -108.0
2638
-------------------New----------------
0 0 -24.230946499085224 -34.366138816213876 118.5
0 1 -23.07007459777172 -33.73393612412122 108.5
1 0 3.6380665589072003 -18.963987932515437 -117.5
1 1 2.5033627131939604 -19.593563045565357 -108.0
2640
-------------------New----------------
0 0 49.550916723063736 -18.32719540480839 118.5
0 1 48.894392695752906 -15.512138441337157 108.5
1 0 34.12259434888486 48.07330631529962 -117.5
1 1 34.74201933186304 45.40097684923612 -108.0
2656
-------------------New----------------
0 0 45.86881005385265 -31.16970997191128 118.5
0 1 41.51689259212773 -24.70398827341839 108.5
1 0 -56.99879445898688 121.54427691287768 -117.5
1 1 -52.854722755131796 115.39198191541797 -108.0
2660
-------------------New----------------
0 0 31.519193234765094 -38.3286486945864 118.5
0 1 24.880218873691412 -39.70852098410549 108.5
1 0 -125.12502112174157 -70.81046262521822 -117.5
1 1 -118.82502624102771 -69.50524637255805 -108.0
2661
-------------------New----------------
0 0 -77.51040569767976 60.742793730513554 118.5
0 1 -75.13112730784023 57.294096422982804 108.5
1 0 -21.189583299507785 -20.927852147067284 -117.5
1 1 -23.46484756021887 -17.630367676468882 -108.0
2686
-------------------New----------------
0 0 -10.027974599330387 91.20202715443298 118.5
0 1 -8.745035993673527 88.81130866609843 108.5
1 0 20.167982508426157 34.81620306461077 -117.5
1 1 18.957407551573475 37.08748543598082 -108.0
2688
-------------------New----------------
0 0 -33.804324695786036 14.113753752938859 118.5
0 1 -32.405512875981245 13.703254203878657 108.5
1 0 -1.0049254564035306 4.885772552247241 -117.5
1 1 -2.3213893439682876 5.264262094500159 -108.0
2689
-------------------New----------------
0 0 -70.55524334031999 120.63505744533765 118.5
0 1 -69.1188327690848 120.75089095462526 108.5
1 0 -35.98157185108546 123.18627007805404 -117.5
1 1 -37.39170748053199 123.07735214201816 -108.0
2698
-------------------New----------------
0 0 -10.359928691562292 77.94356836201203 118.5
0 1 -9.100523057648576 75.0015992645186 108.5
1 0 19.31358787797705 8.599720454853092 -117.5
1 1 18.1170283009709 11.38756305179563 -108.0
2699
-------------------New----------------
0 0 37.74215435336917 -42.027070062415596 118.5
0 1 35.36648316300659 -37.37821523196776 108.5
1 0 -18.28845810125099 67.6898000954934 -117.5
1 1 -16.03026319214026 63.2728750959134 -108.0
2700
-------------------New----------------
0 0 -30.172509439219844 57.3148074191069 118.5
0 1 -32.207842024359316 54.729973765722114 108.5
1 0 -78.24439652016638 -3.7545478839056896 -117.5
1 1 -76.31102163407976 -1.2937788909914587 -108.0
2707
-------------------New----------------
0 0 10.775746077596573 49.442776146286036 118.5
0 1 11.567143781187424 48.52398028793739 108.5
1 0 29.478257600743 27.750789510607188 -117.5
1 1 28.726210887109737 28.62275357744236 -108.0
2715
-------------------New----------------
0 0 -35.838956244585425 -38.67460590299511 118.5
0 1 -32.39463316165421 -42.137836472870745 108.5
1 0 45.12681470016719 -119.56082129132494 -117.5
1 1 41.8627909418966 -116.31422854862485 -108.0
2716
-------------------New----------------
0 0 -4.6145434298795065 -63.79589411275714 118.5
0 1 -6.3615262974825395 -65.26194668556266 108.5
1 0 -45.85323563897497 -98.4084184650529 -117.5
1 1 -44.192202568251865 -97.0159671994216 -108.0
2721
-------------------New----------------
0 0 24.686241800399078 -31.777808849140847 118.5
0 1 27.715380109109343 -31.669592292663964 108.5
1 0 95.97752850659512 -29.439931255893004 -117.5
1 1 93.122401739561 -29.53188451856114 -108.0
2730
-------------------New----------------
0 0 -78.47688607174831 1.9910452524114675 118.5
0 1 -78.96192910210276 -5.931138316180791 108.5
1 0 113.01523466776061 12.026224595262162 -117.5
1 1 111.95803298844673 10.72393842409932 -108.0
2732
-------------------New----------------
0 0 -45.00630477846389 63.285052338481556 118.5
0 1 -46.69981712619381 60.039327459368124 108.5
1 0 -84.95470645493313 -13.404750517509745 -117.5
1 1 -83.3476628107456 -10.31402868465666 -108.0
2733
-------------------New----------------
0 0 -37.87445635671079 -19.309254136835783 118.5
0 1 -35.60330511881307 -13.437756866741282 108.5
1 0 15.745293531952768 119.23146511649975 -117.5
1 1 13.586272699705287 113.65483314114135 -108.0
2735
-------------------New----------------
0 0 -51.851968942089385 -49.11666965472246 118.5
0 1 -50.82801362941329 -46.64499530706584 108.5
1 0 -27.680485134496667 9.21069384612286 -117.5
1 1 -28.65367958542174 6.862379484274453 -108.0
2737
-------------------New----------------
0 0 -56.9205422615359 -92.244440761374 118.5
0 1 -54.793680875703934 -91.68266666419257 108.5
1 0 -6.816721350933166 -79.34319013091779 -117.5
1 1 -8.830964818580174 -79.80581867220016 -108.0
2744
-------------------New----------------
0 0 85.51887788941997 -64.91833071390856 118.5
0 1 84.64404388243467 -66.47389545710396 108.5
1 0 64.87670084604177 -101.62504461282644 -117.5
1 1 65.70760877808456 -100.14854678084772 -108.0
2752
-------------------New----------------
0 0 60.481500161003034 16.35361689114422 118.5
0 1 62.471523205471364 15.73139650543151 108.5
1 0 107.42351448141808 1.6727297427231043 -117.5
1 1 105.53136862037347 2.2630077234313646 -108.0
2760
-------------------New----------------
0 0 9.803517201832967 79.25297298064325 118.5
0 1 7.101342484304693 78.71477262447038 108.5
1 0 -53.95639958575504 66.82278770176035 -117.5
1 1 -51.39552671823325 67.31953076397701 -108.0
2762
-------------------New----------------
0 0 -14.66116366828264 -84.8841377538819 118.5
0 1 -14.310908972964018 -84.32360105816741 108.5
1 0 -6.3777847479033944 -71.9964647144423 -117.5
1 1 -6.713638305728685 -72.50503787092055 -108.0
2765
-------------------New----------------
0 0 74.86303268675519 -83.19775814522401 118.5
0 1 73.64642385911712 -82.3821725242232 108.5
1 0 46.153244635266546 -64.0601687231637 -117.5
1 1 47.303492536371344 -64.82845854626916 -108.0
2768
-------------------New----------------
0 0 1.6754400781877261 -17.858793727090674 118.5
0 1 -0.26448626779058515 -16.01318368938956 108.5
1 0 -44.08711379236255 25.67812477294144 -117.5
1 1 -42.245423584708504 23.924823287006678 -108.0
2772
-------------------New----------------
0 0 -47.76305029385694 92.15582351901864 118.5
0 1 -45.06660984782119 90.12828616720903 108.5
1 0 15.86961300169153 44.33038993164077 -117.5
1 1 13.307401702179842 46.25765402895153 -108.0
2779
-------------------New----------------
0 0 -117.35695896451357 -56.34100739988403 118.5
0 1 -117.21930526252326 -54.18662996159077 108.5
1 0 -114.09374939363276 -5.504116871762536 -117.5
1 1 -114.2257027267671 -7.550179357660383 -108.0
2786
-------------------New----------------
0 0 -16.8960645490887 48.63067210053485 118.5
0 1 -16.857632806067027 51.761502603817846 108.5
1 0 -15.996177247197272 122.52008547256112 -117.5
1 1 -16.03218020002094 119.54574674486045 -108.0
2787
-------------------New----------------
0 0 45.83986098325857 -5.599621966662694 118.5
0 1 47.8876102903658 -0.45736837127637103 108.5
1 0 94.19799406484283 115.84001558739719 -117.5
1 1 92.24460479615122 110.95018732592116 -108.0
2788
-------------------New----------------
0 0 -71.89210936043958 -3.824597800489139 118.5
0 1 -73.68846797828503 -0.49364082684094124 108.5
1 0 -114.28818191294476 74.78956722829474 -117.5
1 1 -112.58150124424944 71.62487399000227 -108.0
2789
-------------------New----------------
0 0 -55.52942764470798 31.624126920362976 118.5
0 1 -57.66974386956796 26.903353424055133 108.5
1 0 -106.95599617554925 -80.04902796210546 -117.5
1 1 -104.85938425332013 -75.54324129359273 -108.0
2796
-------------------New----------------
0 0 17.397678854150435 -45.641000947736124 118.5
0 1 20.2605316996352 -41.28665638183064 108.5
1 0 85.31609042910384 56.32998981570696 -117.5
1 1 82.58718831768152 52.26211482260641 -108.0
2800
-------------------New----------------
0 0 -78.55053262236152 60.78287414600404 118.5
0 1 -77.96438004798557 62.838293339521975 108.5
1 0 -64.7207971741654 109.27457255102313 -117.5
1 1 -65.27804224320255 107.32225797844399 -108.0
2802
-------------------New----------------
0 0 21.539982504741367 56.057732047691616 118.5
0 1 24.22205340342156 54.271202002351025 108.5
1 0 83.9498233566741 14.145578284083006 -117.5
1 1 81.48013333496792 15.826992503156628 -108.0
2804
-------------------New----------------
0 0 55.52210809089674 -8.553511947355576 118.5
0 1 50.96859882952961 -12.536257766665619 108.5
1 0 -51.92481721751345 -102.56694129180084 -117.5
1 1 -47.60085180961575 -98.78197943889849 -108.0
2807
-------------------New----------------
0 0 -17.868605818466182 -41.99627418631893 118.5
0 1 -12.470846348684512 -38.50684860781267 108.5
1 0 109.65780990985283 40.27702034885871 -117.5
1 1 104.53637421718483 36.96316554372851 -108.0
2813
-------------------New----------------
0 0 64.87026956511372 19.420358356270988 118.5
0 1 65.6851140089508 14.640578382454782 108.5
1 0 84.08790467223596 -93.69220963607206 -117.5
1 1 83.30764578670093 -89.12445237008816 -108.0
2829
-------------------New----------------
0 0 -1.2964903822475649 -35.503030499182316 118.5
0 1 -4.93069958671893 -32.72715690833588 108.5
1 0 -87.06446589167913 30.009955055688135 -117.5
1 1 -83.61186458905196 27.372854624180405 -108.0
2834
-------------------New----------------
0 0 -71.90318512698352 -50.02895878366845 118.5
0 1 -72.81103393196116 -45.96763131935214 108.5
1 0 -93.34247056045942 45.618574010094896 -117.5
1 1 -92.48790982158286 41.77060031919602 -108.0
2844
-------------------New----------------
0 0 -53.44900233119794 5.741658268121361 118.5
0 1 -56.44967871870897 2.1386086525346273 108.5
1 0 -124.28601418378858 -79.32066035061793 -117.5
1 1 -121.43429820998804 -75.89469492288646 -108.0
2849
-------------------New----------------
0 0 31.939887587848556 -14.503560260096055 118.5
0 1 35.23608923054671 -11.113866102703074 108.5
1 0 109.68617037088129 65.49700639401448 -117.5
1 1 106.55890213959594 62.27452021838193 -108.0
2852
-------------------New----------------
0 0 60.13234076939496 0.0330167900223028 118.5
0 1 61.98468784584136 -4.612161164101813 108.5
1 0 103.84831563809769 -109.59596327928584 -117.5
1 1 102.088569296599 -105.18289004729272 -108.0
2859
-------------------New----------------
0 0 30.355312220581446 -78.1257480820923 118.5
0 1 24.362865234894414 -79.60636440665353 108.5
1 0 -111.03311472506118 -113.11577479971584 -117.5
1 1 -105.3444275830235 -111.70615683739322 -108.0
2887
-------------------New----------------
0 0 -52.440006380109914 34.091531906831655 118.5
0 1 -52.5856339369614 32.29220727135218 108.5
1 0 -55.908916630705235 -8.380785241588242 -117.5
1 1 -55.76663751892526 -6.6711808368804295 -108.0
2892
-------------------New----------------
0 0 4.083629126938261 81.88828065939015 118.5
0 1 3.7165637341244264 79.81973838508976 108.5
1 0 -4.5820681724588574 33.0613232530596 -117.5
1 1 -4.2327161783697305 35.0273585446849 -108.0
2894
-------------------New----------------
0 0 87.26152369367246 84.0277857218582 118.5
0 1 88.98159607682524 85.17049594634203 108.5
1 0 127.87304035276773 110.99067742958 -117.5
1 1 126.2385530424579 109.90595945643308 -108.0
2895
-------------------New----------------
0 0 77.60124261711239 75.0282058801103 118.5
0 1 76.52068877136786 77.07114898159543 108.5
1 0 52.11678061674869 123.27477449121689 -117.5
1 1 53.142728157091355 121.33117694323786 -108.0
2906
-------------------New----------------
0 0 -49.23841123008245 -9.739712411737822 118.5
0 1 -51.67623818109449 -9.197959449624282 108.5
1 0 -106.83311712107192 3.134309082862086 -117.5
1 1 -104.51260594468472 2.6153557664360774 -108.0
2911
-------------------New----------------
0 0 -52.19723075028884 92.56836510037095 118.5
0 1 -54.27396906371469 90.39707807347028 108.5
1 0 -101.1069238546268 41.56004163153503 -117.5
1 1 -99.13564660882777 43.61442642136165 -108.0
2913
-------------------New----------------
0 0 -54.820352815127194 -39.24773299861413 118.5
0 1 -54.711891018834216 -41.494965016382324 108.5
1 0 -52.259753466142264 -92.28052469245219 -117.5
1 1 -52.36301083294369 -90.14566053324181 -108.0
2922
-------------------New----------------
0 0 -69.89971172655837 -95.06092442145885 118.5
0 1 -66.40548694564282 -96.24848278763771 108.5
1 0 12.552952984801866 -123.11986797975366 -117.5
1 1 9.23095878619992 -121.99205316722187 -108.0
2925
-------------------New----------------
0 0 -36.45100035288844 -69.84092156195351 118.5
0 1 -30.74386826014352 -69.46016973216429 108.5
1 0 98.64390624168851 -60.7742342716032 -117.5
1 1 93.21234517636556 -61.141229806275376 -108.0
2930
-------------------New----------------
0 0 92.88125486484302 43.06649612096609 118.5
0 1 90.53813949562034 45.29190076206162 108.5
1 0 37.327685638954264 95.7403051309863 -117.5
1 1 39.58003958195461 93.62539485076586 -108.0
2932
-------------------New----------------
0 0 -14.788520281800896 62.452278723466385 118.5
0 1 -17.058853032334106 59.94631593035818 108.5
1 0 -68.25046435065481 3.4992377648007307 -117.5
1 1 -66.09663711348499 5.8681230391579735 -108.0
2934
-------------------New----------------
0 0 42.12693005305174 76.03020124323896 118.5
0 1 42.12993256513999 75.87488397604503 108.5
1 0 41.55595529762774 71.81630532871266 -117.5
1 1 41.59132730937894 71.98435472182742 -108.0
2942
-------------------New----------------
0 0 -62.391594989846965 -14.0162085395877 118.5
0 1 -59.634440148702694 -10.870383248083744 108.5
1 0 2.6513852564995424 60.23221123231052 -117.5
1 1 0.034023336053064665 57.244456386825576 -108.0
2943
-------------------New----------------
0 0 -21.56462631950214 30.99781562530942 118.5
0 1 -21.039891503550965 26.118947029710334 108.5
1 0 -9.150290674827959 -84.09337597950113 -117.5
1 1 -9.650419507754187 -79.46198548269798 -108.0
2954
-------------------New----------------
0 0 17.685922574552045 -72.41003771991889 118.5
0 1 19.44304493102208 -71.9936035944466 108.5
1 0 59.1445075889913 -62.57465286774484 -117.5
1 1 57.47495981251044 -62.97031761308464 -108.0
2956
-------------------New----------------
0 0 -26.26393193239714 -73.30394043938225 118.5
0 1 -22.609171730741473 -70.88266850161484 108.5
1 0 59.97535993137615 -16.08169977660512 -117.5
1 1 56.50156273077977 -18.394429101913563 -108.0
2957
-------------------New----------------
0 0 27.37465685800087 56.47377312362447 118.5
0 1 20.94636244050476 51.36841438526799 108.5
1 0 -123.83151847556091 -63.6409434903022 -117.5
1 1 -117.75461677677454 -58.80844428789736 -108.0
2967
-------------------New----------------
0 0 -50.62831096654445 80.39793833936886 118.5
0 1 -52.6147909023053 79.24699113221395 108.5
1 0 -97.3694423614611 53.26173640986936 -117.5
1 1 -95.4958206286498 54.35085609196325 -108.0
2989
-------------------New----------------
0 0 -21.311782514359837 95.79418487232721 118.5
0 1 -24.508760370903424 93.48506278288684 108.5
1 0 -97.08362518658222 40.959631155286786 -117.5
1 1 -94.0099511238096 43.16335991650831 -108.0
2992
-------------------New----------------
0 0 50.42032285877029 -37.80862642043622 118.5
0 1 49.18757506597934 -34.59559522700043 108.5
1 0 22.29810635892836 41.81914546473517 -117.5
1 1 23.382574204967383 38.436995764759764 -108.0
2993
-------------------New----------------
0 0 -67.32281502849101 51.42679385688348 118.5
0 1 -67.28553836177488 48.9879164279767 108.5
1 0 -66.45508663498806 -5.7233176551683815 -117.5
1 1 -66.48398854771797 -3.4262556907542523 -108.0
3002
-------------------New----------------
0 0 62.795207385636296 -31.234336208566315 118.5
0 1 64.99474297601758 -31.614134957591794 108.5
1 0 114.70406509206816 -40.19380598701461 -117.5
1 1 112.6144082626164 -39.83353365896661 -108.0
3003
-------------------New----------------
0 0 -23.849333326831673 -85.80921501964296 118.5
0 1 -26.263880064724482 -82.86148546920698 108.5
1 0 -80.7590686722023 -16.276312238295027 -117.5
1 1 -78.47124671925043 -19.074253579318945 -108.0
3004
-------------------New----------------
0 0 -89.49040271317537 2.4258719925912633 118.5
0 1 -91.07742214922133 4.359914616401844 108.5
1 0 -126.92641195196454 47.957415871734625 -117.5
1 1 -125.41955966053226 46.12639264901531 -108.0
3005
-------------------New----------------
0 0 -18.50569562463228 -19.378080196383657 118.5
0 1 -15.16772088858438 -13.450339761162331 108.5
1 0 60.0487640424238 121.05626756374245 -117.5
1 1 56.85743546680552 115.33105786929987 -108.0
3011
-------------------New----------------
0 0 -17.11240084133008 25.739212111655895 118.5
0 1 -13.538544801510119 27.91188358953927 108.5
1 0 67.37955681519993 76.94617543630321 -117.5
1 1 63.97563625424374 74.88523630079561 -108.0
3012
-------------------New----------------
0 0 60.01672009043766 18.60436379275458 118.5
0 1 56.04890885333572 16.072716094100752 108.5
1 0 -33.591828795675625 -41.12773404893465 -117.5
1 1 -29.82440950874412 -38.72356432835584 -108.0
3014
-------------------New----------------
0 0 37.09719816521868 38.929431752296026 118.5
0 1 35.724087700618945 36.184530299938444 108.5
1 0 4.479512176364894 -25.534805625742127 -117.5
1 1 5.801880532087084 -22.9547955164284 -108.0
3025
-------------------New----------------
0 0 -94.80936514928275 72.21623882362294 118.5
0 1 -93.15187215732894 70.61483529639611 108.5
1 0 -55.68445715446942 34.41365065449095 -117.5
1 1 -57.25804737394225 35.935653634777765 -108.0
3027
-------------------New----------------
0 0 -57.92023018763424 47.77198528237036 118.5
0 1 -52.91214090393265 44.50901064063599 108.5
1 0 59.065935711700135 -31.89953972732128 -117.5
1 1 54.42824173454151 -28.57773952307419 -108.0
3037
-------------------New----------------
0 0 60.19660484025926 100.70531708349074 118.5
0 1 60.31864859535615 98.80760658458773 108.5
1 0 63.06879240859388 55.912073433035324 -117.5
1 1 62.954161347903494 57.7149361973763 -108.0
3048
-------------------New----------------
0 0 -103.06996117118804 -89.32001922066598 118.5
0 1 -103.4887152663581 -90.9084066509694 108.5
1 0 -112.99053187447302 -126.84778023003223 -117.5
1 1 -112.59424660735817 -125.33195937602918 -108.0
3050
-------------------New----------------
0 0 57.68561395642396 44.31373408478568 118.5
0 1 57.196114952287886 43.199900035323545 108.5
1 0 46.243425511393326 18.090462708740525 -117.5
1 1 46.699242317518355 19.144088870827346 -108.0
3054
-------------------New----------------
0 0 46.643815318924716 -6.532538673032812 118.5
0 1 45.8714473475159 -3.7872783293681365 108.5
1 0 28.449217978776367 58.295619998170004 -117.5
1 1 29.174800608026565 55.689025898560566 -108.0
3055
-------------------New----------------
0 0 -110.61997957462306 -38.84636594023056 118.5
0 1 -110.39066364847324 -35.27498931778043 108.5
1 0 -105.20404273492673 45.444186862678386 -117.5
1 1 -105.42238626323073 42.05126175364319 -108.0
3060
-------------------New----------------
0 0 -90.12439433835564 -32.52953536282477 118.5
0 1 -91.27248050259882 -34.74034614863602 108.5
1 0 -117.21415792618495 -84.70733838373084 -117.5
1 1 -116.12394595665296 -82.60674575269522 -108.0
3062
-------------------New----------------
0 0 87.64282806990249 -38.260760495735184 118.5
0 1 88.23319121904285 -40.192981967836815 108.5
1 0 101.56792649895098 -83.86712142368708 -117.5
1 1 101.00797966254723 -82.03095661174623 -108.0
3067
-------------------New----------------
0 0 -55.75994917556072 -3.542839454829303 118.5
0 1 -54.433838200291426 1.3414883367138681 108.5
1 0 -24.40131606050798 112.07387893066382 -117.5
1 1 -25.656195325510406 107.39033324049414 -108.0
3073
-------------------New----------------
0 0 20.654428957998142 -41.728210694901094 118.5
0 1 22.999674912430937 -36.48238993528705 108.5
1 0 76.05081926603899 82.07134689090569 -117.5
1 1 73.82196343370165 77.08563823647754 -108.0
3074
-------------------New----------------
0 0 105.61435126248448 -38.04850750513121 118.5
0 1 104.09372889634353 -38.12837935452802 108.5
1 0 70.06678313928587 -40.985302765983064 -117.5
1 1 71.51093993509737 -40.838529196014015 -108.0
3078
-------------------New----------------
0 0 61.653026305381196 48.58360290366744 118.5
0 1 61.73885249249823 43.21304246138101 108.5
1 0 63.64427045529849 -78.336065112949 -117.5
1 1 63.567876318504716 -73.22490688720674 -108.0
3081
-------------------New----------------
0 0 27.00484989347246 69.02262345652578 118.5
0 1 30.805720090036395 71.40718854212933 108.5
1 0 116.70637620726427 125.32468994354656 -117.5
1 1 113.0958483282653 123.0572027460078 -108.0
3090
-------------------New----------------
0 0 83.18785774493688 70.69457356686927 118.5
0 1 83.38129785503685 69.53162164197823 108.5
1 0 87.74076649808498 43.27073808226081 -117.5
1 1 87.55731203190466 44.37416402047778 -108.0
3091
-------------------New----------------
0 0 16.07184441766892 -89.32631660694284 118.5
0 1 10.499623250459441 -88.93696869422688 108.5
1 0 -115.42863168155438 -80.14597080780871 -117.5
1 1 -110.1342405626053 -80.51363430432788 -108.0
3096
-------------------New----------------
0 0 31.82213723518732 40.502994300783946 118.5
0 1 29.57717703016932 39.03852501185776 108.5
1 0 -21.205891159734414 5.9607977144982485 -117.5
1 1 -19.070227090550656 7.351665354290796 -108.0
3100
-------------------New----------------
0 0 52.78271597979541 -37.74065915322695 118.5
0 1 50.44594723839997 -38.46484016738602 108.5
1 0 -3.513857148906671 -54.07668583982199 -117.5
1 1 -1.2264147754749384 -53.52257651383437 -108.0
3103
-------------------New----------------
0 0 -60.38752046395713 85.07529336462937 118.5
0 1 -60.29688578230666 85.71041349275619 108.5
1 0 -58.26414687865876 100.0507208588137 -117.5
1 1 -58.34995490815031 99.4483017988501 -108.0
3107
-------------------New----------------
0 0 -1.0689102379178912 -91.18402542085494 118.5
0 1 -3.3531950448843064 -89.86378376426735 108.5
1 0 -54.940107295229 -60.005233959634815 -117.5
1 1 -52.77141459685288 -61.26086432558513 -108.0
3111
-------------------New----------------
0 0 -10.653896387982558 58.2515511021295 118.5
0 1 -10.64055080479884 59.372351261335226 108.5
1 0 -10.33774467065124 84.68074413048723 -117.5
1 1 -10.351310012604383 83.61717478714434 -108.0
3115
-------------------New----------------
0 0 -73.69509082848441 -37.5441699168131 118.5
0 1 -69.92260430267612 -41.251444349305736 108.5
1 0 14.966942000246231 -124.82150823642243 -117.5
1 1 11.402116003759904 -121.32784500372945 -108.0
3124
-------------------New----------------
0 0 67.1553821847014 -71.81629091168726 118.5
0 1 63.78131504234342 -69.34654983947908 108.5
1 0 -12.146264536380512 -12.75810157640708 -117.5
1 1 -8.96805890023602 -15.090003713798463 -108.0
3143
-------------------New----------------
0 0 19.948847681692143 32.544983887202314 118.5
0 1 23.062498286378467 26.010555573680183 108.5
1 0 93.46974702452776 -121.66445873857803 -117.5
1 1 90.50806398405388 -115.4566048338562 -108.0
3144
-------------------New----------------
0 0 67.35766540187731 -2.292898232978959 118.5
0 1 67.29237492880898 -1.701938435274294 108.5
1 0 65.54115364437126 11.646307748875795 -117.5
1 1 65.61765132216401 11.081990221122465 -108.0
3145
-------------------New----------------
0 0 -52.07634426928686 -51.551684993171726 118.5
0 1 -52.73312577235246 -53.59821279585316 108.5
1 0 -67.54466414702826 -99.8424967858477 -117.5
1 1 -66.92289099701865 -97.89836070781496 -108.0
3146
-------------------New----------------
0 0 38.86492326008778 78.40619815500638 118.5
0 1 38.946637402934925 76.79148781878314 108.5
1 0 40.848210780222885 40.31632876555655 -117.5
1 1 40.767495082683425 41.852972304576085 -108.0
3151
-------------------New----------------
0 0 -3.547883986517997 -99.10292762034567 118.5
0 1 -5.895417485001954 -100.08974781672173 108.5
1 0 -58.97712126439062 -122.45241661548337 -117.5
1 1 -56.74453136713588 -121.51743282433563 -108.0
3153
-------------------New----------------
0 0 40.45905481431818 28.0205366804962 118.5
0 1 42.866955117822286 31.5119538340276 108.5
1 0 97.2847367092724 110.41112904461565 -117.5
1 1 94.99700118529685 107.09385697980167 -108.0
3154
-------------------New----------------
0 0 -18.416279737276206 -39.5146465804772 118.5
0 1 -20.547732911669243 -39.36954630480942 108.5
1 0 -68.69530202265824 -36.0826457313473 -117.5
1 1 -66.67080643177236 -36.21738961223831 -108.0
3162
-------------------New----------------
0 0 -19.138461272873617 111.71224283204523 118.5
0 1 -22.017302579373627 111.31402173024624 108.5
1 0 -87.07382444854406 102.31016182468383 -117.5
1 1 -84.33876982106996 102.68789669144624 -108.0
3164
-------------------New----------------
0 0 83.59424550178655 63.36698778638002 118.5
0 1 83.5925841483935 62.26488550360383 108.5
1 0 83.70543103657442 37.31046020850185 -117.5
1 1 83.69919324387556 38.36126972603806 -108.0
3169
-------------------New----------------
0 0 94.984413563831 37.9212619987954 118.5
0 1 93.11889662783977 33.969749595661156 108.5
1 0 50.896404312911166 -54.900129737257984 -117.5
1 1 52.67947381402504 -51.173363194708045 -108.0
3174
-------------------New----------------
0 0 24.548364386249865 -53.07436528929553 118.5
0 1 26.834054572518294 -53.70991009438768 108.5
1 0 78.44299638271141 -68.06071313657543 -117.5
1 1 76.27808269768099 -67.46030931817607 -108.0
3179
-------------------New----------------
0 0 -12.731902997499741 38.94153204375334 118.5
0 1 -13.71987783063563 33.13202888915188 108.5
1 0 -36.04149167216925 -98.14653261132403 -117.5
1 1 -35.103227344292364 -92.62885855879276 -108.0
3186
-------------------New----------------
0 0 12.2702106049728 -45.25008654650257 118.5
0 1 9.432659832661335 -48.75494336658401 108.5
1 0 -54.708156365063346 -127.97424341394564 -117.5
1 1 -52.012071617503786 -124.64306823264897 -108.0
3194
-------------------New----------------
0 0 58.906840718984405 76.9761657049228 118.5
0 1 58.697147172715134 76.609299183331 108.5
1 0 54.078404328250826 68.35952327365219 -117.5
1 1 54.26585398784327 68.7041126222712 -108.0
3196
-------------------New----------------
0 0 99.38807701297736 35.096608076629245 118.5
0 1 98.22322166813095 34.22549709880532 108.5
1 0 72.02441546995337 14.541567931911136 -117.5
1 1 73.1226046923254 15.362771811738938 -108.0
3205
-------------------New----------------
0 0 4.357793313464538 0.7063584458835361 118.5
0 1 7.851896583708486 3.758857756329796 108.5
1 0 86.81625333676578 72.76099051452147 -117.5
1 1 83.49824388861387 69.86003751428976 -108.0
3220
-------------------New----------------
0 0 -76.22161579060912 -31.158872417644215 118.5
0 1 -74.00374873718494 -31.585629981652062 108.5
1 0 -23.825305591838138 -41.22736312868449 -117.5
1 1 -25.93801970276556 -40.82106378254368 -108.0
3224
-------------------New----------------
0 0 -31.715122838745657 -55.660982013693776 118.5
0 1 -35.2610140409265 -56.348205202219184 108.5
1 0 -115.4394841405204 -71.90984402469105 -117.5
1 1 -112.06725060912467 -71.25326528899336 -108.0
3238
-------------------New----------------
0 0 58.938834682260165 -20.137437439644057 118.5
0 1 59.46374850030069 -18.01172886217975 108.5
1 0 71.26568223107832 30.03129991505848 -117.5
1 1 70.76789858379414 28.01073467593732 -108.0
3242
-------------------New----------------
0 0 62.42847864272197 -58.95531804835607 118.5
0 1 60.029974455713855 -56.93305392609356 108.5
1 0 5.97452803603886 -11.2196560421003 -117.5
1 1 8.240743899030615 -13.145173285922459 -108.0
3246
-------------------New----------------
0 0 67.42181465775992 -2.0117629147080316 118.5
0 1 69.62506735819842 -3.074268324808579 108.5
1 0 119.49903535726082 -27.09172643357626 -117.5
1 1 117.3936300270052 -26.07587176129828 -108.0
3248
-------------------New----------------
0 0 -87.30274993422313 -54.91077889436114 118.5
0 1 -84.55965876078666 -52.37875815654843 108.5
1 0 -22.566345940343023 4.840351554875265 -117.5
1 1 -25.170444336943536 2.435001838784796 -108.0
3253
-------------------New----------------
0 0 53.44340300530554 2.54427886523879 118.5
0 1 49.71474763795436 0.3492714934007165 108.5
1 0 -34.61486030840903 -49.83382026883702 -117.5
1 1 -31.085284075924825 -47.71281418413403 -108.0
3255
-------------------New----------------
0 0 60.40798130991891 -52.14045081608443 118.5
0 1 55.780991350325394 -54.45113053799271 108.5
1 0 -48.81603618659933 -106.66943477294402 -117.5
1 1 -44.419378737078546 -104.47436135336913 -108.0
3259
-------------------New----------------
0 0 -89.29737451617873 -52.794353854967184 118.5
0 1 -86.86032824711859 -47.4741797481738 108.5
1 0 -31.664565045537763 72.71166946044872 -117.5
1 1 -33.98779547269422 67.66337859281455 -108.0
3278
-------------------New----------------
0 0 -25.64622611372023 110.83112861357608 118.5
0 1 -27.61373366366272 110.42524961414203 108.5
1 0 -72.09259805480602 101.2709860507918 -117.5
1 1 -70.22238388093089 101.65569780470038 -108.0
3280
-------------------New----------------
0 0 17.74180599112567 13.91645724607181 118.5
0 1 16.43234810520425 13.127602901825634 108.5
1 0 -13.095575329294338 -4.721082120226726 -117.5
1 1 -11.856815449062115 -3.970874766644866 -108.0
3282
-------------------New----------------
0 0 39.51922608438615 69.77650627928011 118.5
0 1 35.03079077906853 67.54920313824972 108.5
1 0 -66.43983004240167 17.18843142734571 -117.5
1 1 -62.17724725352451 19.30786782376652 -108.0
3287
-------------------New----------------
0 0 80.39192476236433 106.7275065575094 118.5
0 1 81.7218353761198 107.0135936129165 108.5
1 0 111.76965782929892 113.49693170465741 -117.5
1 1 110.5090538747138 113.22516353304339 -108.0
3292
-------------------New----------------
0 0 -35.90886963649207 -85.63146404931824 118.5
0 1 -30.539853843777657 -87.28041140745836 108.5
1 0 90.72856057688041 -124.49791802032973 -117.5
1 1 85.63390835723735 -122.93430579742467 -108.0
3296
-------------------New----------------
0 0 58.93677436142067 33.46487226922725 118.5
0 1 58.13681184027821 27.82335413356433 108.5
1 0 40.03193737466128 -99.66262099107796 -117.5
1 1 40.793892958015064 -94.30324569725799 -108.0
3298
-------------------New----------------
0 0 83.88850045583581 18.089185654304057 118.5
0 1 82.9337594551599 15.604262966988799 108.5
1 0 61.52859865327666 -40.09116957464683 -117.5
1 1 62.43128231886982 -37.766914887317114 -108.0
3303
-------------------New----------------
0 0 -10.173303149055208 63.175039597359465 118.5
0 1 -12.569587506891065 62.60301119037432 108.5
1 0 -66.70053470684795 49.74604446327018 -117.5
1 1 -64.42353371668064 50.2873938998437 -108.0
3305
-------------------New----------------
0 0 -34.617973987002806 -30.330052921692225 118.5
0 1 -28.469143266851262 -31.349899296800977 108.5
1 0 110.4781771792282 -54.46920598553614 -117.5
1 1 104.63844175084978 -53.49307714108511 -108.0
3306
-------------------New----------------
0 0 102.10802596146148 61.936788013505634 118.5
0 1 103.00449672596346 60.26581931691633 108.5
1 0 122.98007997204873 22.651137458034253 -117.5
1 1 122.15662982040135 24.223856875862246 -108.0
3314
-------------------New----------------
0 0 51.055573885814695 41.61155328322119 118.5
0 1 49.59318230074375 44.115526893882716 108.5
1 0 16.479836049170597 100.6713158008579 -117.5
1 1 17.873109459901848 98.29635063457863 -108.0
3317
-------------------New----------------
0 0 97.37968566633688 -72.961601310927 118.5
0 1 96.48080646390056 -71.06806387182091 108.5
1 0 76.12123181354474 -28.217382966390552 -117.5
1 1 76.9760704944014 -30.01815317849875 -108.0
3318
-------------------New----------------
0 0 5.717672073064918 72.11359393497536 118.5
0 1 2.8630552323943563 73.00378236807657 108.5
1 0 -61.56535690412471 93.12324284559614 -117.5
1 1 -58.86253055457736 92.2791320028169 -108.0
3326
-------------------New----------------
0 0 47.71457729175959 8.1632116504212 118.5
0 1 49.67938673530901 2.5360803767406557 108.5
1 0 94.08618809049543 -124.64310112656594 -117.5
1 1 92.21973263250788 -119.2971727190292 -108.0
3333
-------------------New----------------
0 0 65.4172485894219 69.03133792799471 118.5
0 1 63.11214218685275 66.53257337333766 108.5
1 0 10.635753031237687 10.761189458772245 -117.5
1 1 12.817621243050798 13.133146412950737 -108.0
3334
-------------------New----------------
0 0 23.580212909096964 -29.328855536132085 118.5
0 1 17.776720725671915 -31.624305586387568 108.5
1 0 -113.31337590222904 -83.40095319076133 -117.5
1 1 -107.80174986777213 -81.22887580871874 -108.0
3349
-------------------New----------------
0 0 -73.75351575721906 -27.46091098989758 118.5
0 1 -73.13146967375548 -31.220459544064376 108.5
1 0 -59.0246437750465 -116.21288905826796 -117.5
1 1 -59.617507609061796 -112.64146748625174 -108.0
3350
-------------------New----------------
0 0 50.35423903164279 58.71609910618071 118.5
0 1 52.51370809512624 55.03552917289752 108.5
1 0 101.81954488475947 -27.804350916240786 -117.5
1 1 99.74842009875184 -24.32399472494216 -108.0
3373
-------------------New----------------
0 0 65.22311920253892 -11.677029394085464 118.5
0 1 66.29297012323705 -10.796927766530693 108.5
1 0 90.44861949621303 9.1753237010131 -117.5
1 1 89.43158281633342 8.336513788403 -108.0
3379
-------------------New----------------
0 0 -81.28965000114283 -29.24682538127657 118.5
0 1 -80.1879060309952 -26.144735810745082 108.5
1 0 -55.27710509089003 43.96650619013083 -117.5
1 1 -56.32302631625704 41.01910598756893 -108.0
3388
-------------------New----------------
0 0 98.95076265704549 53.926388027649224 118.5
0 1 96.87155486643027 51.75544216985604 108.5
1 0 49.89023838556903 2.7035618114506463 -117.5
1 1 51.863805710998996 4.765349353323362 -108.0
3397
-------------------New----------------
0 0 38.23585987641154 -89.73440274321106 118.5
0 1 36.37183780369618 -87.00742330752664 108.5
1 0 -5.946319439567392 -25.35590463605331 -117.5
1 1 -4.160368817867463 -27.948971962081412 -108.0
3402
-------------------New----------------
0 0 -20.364885785354293 -17.832175053595016 118.5
0 1 -16.160234314736158 -12.435458452521033 108.5
1 0 78.88892167367221 109.61240306746542 -117.5
1 1 74.8931797773387 104.4850119392059 -108.0
3410
-------------------New----------------
0 0 58.88469207619187 23.607251948603587 118.5
0 1 60.16627033458436 25.2017019457308 108.5
1 0 89.25895357135708 61.15359021912131 -117.5
1 1 88.04166898745513 59.67110355689 -108.0
3414
-------------------New----------------
0 0 50.90395569000734 40.744115384770744 118.5
0 1 50.17404210946997 43.96111460808204 108.5
1 0 33.690861316579664 116.65583017834183 -117.5
1 1 34.381321865801645 113.60333746381161 -108.0
3419
-------------------New----------------
0 0 28.28375448164603 7.972587961264745 118.5
0 1 31.07955067767285 11.707802414996916 108.5
1 0 94.33365998251351 96.09127583381601 -117.5
1 1 91.67482488197712 92.54539466363418 -108.0
3423
-------------------New----------------
0 0 58.87811791000958 63.23054156130587 118.5
0 1 60.361081424916975 62.30334116662043 108.5
1 0 93.88151132030298 41.35271219014933 -117.5
1 1 92.4722033336574 42.233069119399644 -108.0
3430
-------------------New----------------
0 0 14.629590700532216 -31.2950390006835 118.5
0 1 9.038144212438743 -27.409164541728423 108.5
1 0 -117.32219334228735 60.40959915079268 -117.5
1 1 -112.01074442942763 56.71824314588714 -108.0
3440
-------------------New----------------
0 0 32.915918655838055 -65.91902813520143 118.5
0 1 28.38761778253496 -62.02520593461944 108.5
1 0 -73.72806616865714 25.73181385063709 -117.5
1 1 -69.43548596287573 22.040343108123032 -108.0
3445
-------------------New----------------
0 0 47.38113051531538 -55.79457771373693 118.5
0 1 45.44611242405406 -55.35350647284442 108.5
1 0 1.721770046878191 -45.369414556250334 -117.5
1 1 3.560524732694572 -45.78757313215277 -108.0
3454
-------------------New----------------
0 0 33.44491616406725 -22.871842826175566 118.5
0 1 30.01747958702518 -19.019700048339946 108.5
1 0 -47.36760376693501 67.95895478416915 -117.5
1 1 -44.1178122205601 64.30681581402817 -108.0
3458
-------------------New----------------
0 0 -8.03447071351449 96.74033473592088 118.5
0 1 -5.617370735212203 96.23676545601772 108.5
1 0 49.027096819025715 84.85483124089669 -117.5
1 1 46.7325280308491 85.33302226059314 -108.0
3466
-------------------New----------------
0 0 20.242531820705373 -78.06972575820615 118.5
0 1 18.969040465640454 -77.75505553653603 108.5
1 0 -9.811448455488085 -70.6704334666814 -117.5
1 1 -8.601825158218833 -70.96695918752553 -108.0
3467
-------------------New----------------
0 0 -11.68197808450163 -10.034459842998446 118.5
0 1 -10.858296755542524 -12.313970972228889 108.5
1 0 7.740502536085332 -63.83182483018447 -117.5
1 1 6.959424949690512 -61.66610063026652 -108.0
3468
-------------------New----------------
0 0 7.819960087963523 87.8237977890672 118.5
0 1 11.146788325885435 85.50557457635148 108.5
1 0 86.43016009288303 32.89907711372125 -117.5
1 1 83.25782771369998 35.11093810145311 -108.0
3470
-------------------New----------------
0 0 -22.504130588658615 -110.14121345132416 118.5
0 1 -21.021484215088417 -110.03694851105425 108.5
1 0 12.572741078348617 -107.74300788123443 -117.5
1 1 11.166637180112962 -107.83309567166184 -108.0
3472
-------------------New----------------
0 0 -62.786930262606255 -20.29470197285813 118.5
0 1 -60.30429093080893 -14.719777373363971 108.5
1 0 -4.347671292153881 111.3071249272773 -117.5
1 1 -6.703101870334528 106.01590743622903 -108.0
3473
-------------------New----------------
0 0 -40.75190550006458 -34.29052644899539 118.5
0 1 -36.85078024500514 -35.83261829131612 108.5
1 0 51.32934408719974 -70.6753472808562 -117.5
1 1 47.62102089301245 -69.2105543005687 -108.0
3474
-------------------New----------------
0 0 38.894080108743864 -5.212125721657291 118.5
0 1 38.248306882678136 -4.2671177662166215 108.5
1 0 23.65598128669584 17.084524438504353 -117.5
1 1 24.268521725016022 16.186832840519973 -108.0
3478
-------------------New----------------
0 0 41.48907677021484 -61.17964886607628 118.5
0 1 39.16205006932425 -62.706499682942685 108.5
1 0 -13.431798155758614 -97.21002650684687 -117.5
1 1 -11.219382641971501 -95.75987519899674 -108.0
3485
-------------------New----------------
0 0 89.9566670592632 105.16919609211502 118.5
0 1 89.75816768863629 104.55313220085152 108.5
1 0 85.25020899221005 90.64474310058861 -117.5
1 1 85.44280552119517 91.23916441031868 -108.0
3488
-------------------New----------------
0 0 96.11313607720187 -13.668304019530211 118.5
0 1 93.97198612625968 -10.311118092061536 108.5
1 0 45.60611443951833 65.54030879378544 -117.5
1 1 47.63740321068121 62.352518371676936 -108.0
3491
-------------------New----------------
0 0 -81.01074441780912 -69.32010648868058 118.5
0 1 -81.49934258477688 -68.25514257303911 108.5
1 0 -92.58785357646312 -44.04554241631148 -117.5
1 1 -92.12195741882829 -45.073427880887 -108.0
3492
-------------------New----------------
0 0 46.00179881011062 -54.08114932823404 118.5
0 1 43.98756986047106 -50.99721310382328 108.5
1 0 -1.581643455502545 18.693259648756815 -117.5
1 1 0.33454975627390127 15.763256349245424 -108.0
3497
-------------------New----------------
0 0 -13.745440954970771 58.84666076317235 118.5
0 1 -14.642019423474679 60.88992074512125 108.5
1 0 -34.89479738017856 107.06355797204262 -117.5
1 1 -34.043754745423854 105.12199662169198 -108.0
3507
-------------------New----------------
0 0 -74.09120055934616 -61.415905581449735 118.5
0 1 -71.30323203567139 -57.282495572845804 108.5
1 0 -8.340444950084416 36.15313273274809 -117.5
1 1 -10.985826240802512 32.22836321439222 -108.0
3509
-------------------New----------------
0 0 72.66583895651208 -35.44331468021771 118.5
0 1 72.21928183304544 -35.06068951222571 108.5
1 0 62.13106956058372 -26.418642984762364 -117.5
1 1 62.555261495310596 -26.7816011210638 -108.0
3510
-------------------New----------------
0 0 -39.16990839408605 116.73195635986649 118.5
0 1 -40.62336794918489 116.05757476440515 108.5
1 0 -73.23854202552319 100.75286346287588 -117.5
1 1 -71.86825051186274 101.39475944583518 -108.0
3511
-------------------New----------------
0 0 14.451100452218 -86.90893160661122 118.5
0 1 18.815041373127464 -86.73477591609344 108.5
1 0 117.37965805553453 -82.76176369694953 -117.5
1 1 113.23863915945283 -82.9308617390583 -108.0
3515
-------------------New----------------
0 0 32.40995398597906 -87.69034750424461 118.5
0 1 35.48450418073579 -85.10026663431312 108.5
1 0 105.17133596719152 -26.628992416776573 -117.5
1 1 102.2324510203488 -29.09004769374861 -108.0
3517
-------------------New----------------
0 0 76.37704899918012 -90.38490224952558 118.5
0 1 73.92317643468478 -89.05077479151115 108.5
1 0 18.442456370795743 -58.8863759253634 -117.5
1 1 20.773571333242433 -60.15480525631931 -108.0
3524
-------------------New----------------
0 0 -11.84625661904888 49.58704845020917 118.5
0 1 -11.322687235491392 45.61980851475171 108.5
1 0 0.5400542199646926 -44.06159876581254 -117.5
1 1 0.04322504303607433 -40.28855533154524 -108.0
3526
-------------------New----------------
0 0 30.50241500436199 -1.874263338110545 118.5
0 1 34.30407847140587 0.40025817379475914 108.5
1 0 120.03377975312932 51.653293942560275 -117.5
1 1 116.44102329555237 49.50151574660945 -108.0
3534
-------------------New----------------
0 0 5.7303161847016 -22.88183827073395 118.5
0 1 6.779138622558233 -24.693167202449423 108.5
1 0 30.30237109519673 -65.5129244398199 -117.5
1 1 29.31409468487202 -63.800932441161855 -108.0
3546
-------------------New----------------
0 0 -73.72536700391666 99.79655125571279 118.5
0 1 -72.10950116611086 98.64751168760098 108.5
1 0 -35.59326384263748 72.7273051549912 -117.5
1 1 -37.128678369628915 73.81557646928376 -108.0
3557
-------------------New----------------
0 0 -70.50055935951667 -45.66403789836142 118.5
0 1 -71.86924214744852 -40.94000893905362 108.5
1 0 -102.7995730050247 65.82163954171178 -117.5
1 1 -101.49947840011606 61.33386971398613 -108.0
3561
-------------------New----------------
0 0 -21.35172757529941 68.19122167899434 118.5
0 1 -19.214830239077656 67.21273986158907 108.5
1 0 29.140748350706502 45.0980181348083 -117.5
1 1 27.106642727604303 46.02620511667352 -108.0
3569
-------------------New----------------
0 0 43.91405316133445 93.22289563132645 118.5
0 1 40.44206969413301 93.66062768976926 108.5
1 0 -38.18452425007065 103.67464159827227 -117.5
1 1 -34.87468486352498 103.25054334390498 -108.0
3578
-------------------New----------------
0 0 43.87624485418944 77.32904137977977 118.5
0 1 45.27370385244707 79.1306901471871 108.5
1 0 76.83341022461818 119.73751059724536 -117.5
1 1 75.50871431845628 118.03547228414513 -108.0
3585
-------------------New----------------
0 0 -86.16514656411256 -47.574432312522895 118.5
0 1 -87.21620453242431 -46.527417853467924 108.5
1 0 -110.9634655619172 -22.81728536304911 -117.5
1 1 -109.96710587843181 -23.821267823904797 -108.0
3590
-------------------New----------------
0 0 -3.6637932637841026 64.40772073251487 118.5
0 1 -5.374897556057151 65.54409751335429 108.5
1 0 -44.043315641989516 91.26930713353389 -117.5
1 1 -42.4185934826506 90.19047422659368 -108.0
3596
-------------------New----------------
0 0 14.023826245624054 -57.95221453070555 118.5
0 1 18.795525345158538 -60.85601481673474 108.5
1 0 126.37605831620525 -126.78866819896132 -117.5
1 1 121.8635534942762 -124.014841997582 -108.0
3600
-------------------New----------------
0 0 28.976137650773705 9.471998657827811 118.5
0 1 30.203551739385762 9.896276211673987 108.5
1 0 57.945351477867916 19.482180404871755 -117.5
1 1 56.77938977332186 19.078990516666867 -108.0
3605
-------------------New----------------
0 0 -45.23682887319795 3.3055501153856475 118.5
0 1 -46.09556822218297 0.9081545095870212 108.5
1 0 -65.66814988709676 -53.32824685994998 -117.5
1 1 -64.8363716758494 -51.045418331338176 -108.0
3608
-------------------New----------------
0 0 -13.264433720004766 -16.680038708676978 118.5
0 1 -16.50663540726162 -11.666158584659689 108.5
1 0 -89.79546538276993 101.73820843968106 -117.5
1 1 -86.71498710927732 96.97093781843685 -108.0
3611
-------------------New----------------
0 0 107.52969385747592 27.647187794509897 118.5
0 1 107.38659588206676 24.718889069518973 108.5
1 0 104.15877651730538 -41.44282646474581 -117.5
1 1 104.29475675953634 -38.66231851510638 -108.0
3621
-------------------New----------------
0 0 -46.51098671982582 -39.61547257269016 118.5
0 1 -49.17183726955791 -34.091484219483505 108.5
1 0 -109.22339726894832 91.13091458700545 -117.5
1 1 -106.71324277067856 85.85605131834174 -108.0
3623
-------------------New----------------
0 0 -7.912639881644137 -54.47868787066271 118.5
0 1 -5.2062778693477725 -55.55298595754118 108.5
1 0 56.18086554082727 -79.10540170040042 -117.5
1 1 53.58425199662681 -78.13826258741877 -108.0
3624
-------------------New----------------
0 0 -15.595096307382438 50.606385164663926 118.5
0 1 -13.080939673428 49.415734291675875 108.5
1 0 43.720544488663016 22.485495582726195 -117.5
1 1 41.3340993730673 23.61789527772217 -108.0
3625
-------------------New----------------
0 0 -42.70345007693482 -51.66945475205434 118.5
0 1 -44.798634966521604 -49.82343578549569 108.5
1 0 -92.33494590915292 -8.128252909929692 -117.5
1 1 -90.32554637904605 -9.873868640083412 -108.0
3626
-------------------New----------------
0 0 18.683603552567305 97.6075946403507 118.5
0 1 20.713816782321107 95.71743394932246 108.5
1 0 67.24997833786743 52.92488245800805 -117.5
1 1 65.28035564127143 54.72424677987649 -108.0
3630
-------------------New----------------
0 0 17.102079861195005 40.69963587393794 118.5
0 1 17.557568105633926 36.62432432692175 108.5
1 0 27.716510053847564 -55.48392902027907 -117.5
1 1 27.296068973978116 -51.603497978321684 -108.0
3634
-------------------New----------------
0 0 -41.01634446090199 38.657385057540566 118.5
0 1 -37.45517702878333 40.12869916996704 108.5
1 0 43.002671739682434 73.1563203540627 -117.5
1 1 39.61421743036023 71.77078734433488 -108.0
3643
-------------------New----------------
0 0 56.51932596353684 -7.870266951520141 118.5
0 1 55.251805029011805 -5.397966228084606 108.5
1 0 26.64009169836553 50.492884428905256 -117.5
1 1 27.84445700800621 48.14273067751727 -108.0
3645
-------------------New----------------
0 0 -10.43220001537179 63.76867748692179 118.5
0 1 -8.247015680374616 66.41628979746523 108.5
1 0 41.162027893183975 126.24669740765462 -117.5
1 1 39.08583079984139 123.7339184696622 -108.0
3652
-------------------New----------------
0 0 -1.7314686878257177 -17.490999256837203 118.5
0 1 -2.3015139287584683 -18.007684614374114 108.5
1 0 -15.226418251366454 -29.78842326091123 -117.5
1 1 -14.678115042911184 -29.28800251604443 -108.0
3654
-------------------New----------------
0 0 -57.390880863862684 -36.3219262049373 118.5
0 1 -56.20136358197531 -32.9087342543212 108.5
1 0 -29.31845713352152 44.2287040331423 -117.5
1 1 -30.44823835770351 40.98504899430545 -108.0
3668
-------------------New----------------
0 0 -113.20841497321013 -20.247145584093822 118.5
0 1 -113.47694510488512 -16.59025120391987 108.5
1 0 -118.79434093960965 66.19596321181395 -117.5
1 1 -118.58165657882937 62.71398103378764 -108.0
3669
-------------------New----------------
0 0 -26.872318498378103 -35.22677710333394 118.5
0 1 -21.440998962500647 -34.3698556185533 108.5
1 0 101.30755210543312 -15.059849575885465 -117.5
1 1 96.14830759347947 -15.870446355264297 -108.0
3682
-------------------New----------------
0 0 29.341142199929358 -6.9600719732376435 118.5
0 1 28.064145378401044 -3.438191889603148 108.5
1 0 -0.7796278433398379 76.15680436126203 -117.5
1 1 0.4323430245913421 72.81251291577539 -108.0
3688
-------------------New----------------
0 0 -119.7159072409161 -77.66179460047384 118.5
0 1 -120.01422421839018 -76.73510117470477 108.5
1 0 -126.75691208678128 -55.76481675341694 -117.5
1 1 -126.47281590352111 -56.64660135336252 -108.0
3696
-------------------New----------------
0 0 62.32561413127976 -15.056545080743826 118.5
0 1 63.35257867730225 -17.805122784036588 108.5
1 0 86.53360403160534 -79.90940957591707 -117.5
1 1 85.56101011339638 -77.29894550140169 -108.0
3707
-------------------New----------------
0 0 41.340568690330855 -100.37751233042422 118.5
0 1 40.644257908516245 -101.09876244616524 108.5
1 0 24.902411616282187 -117.42116929101708 -117.5
1 1 25.5638014042169 -116.7356316855676 -108.0
3717
-------------------New----------------
0 0 -60.034152041649065 69.69895930240796 118.5
0 1 -61.434531534141115 66.6935899938177 108.5
1 0 -92.67920273989901 -1.0259350871426467 -117.5
1 1 -91.38333311551834 1.824158535804586 -108.0
3718
-------------------New----------------
0 0 40.56504955690881 13.910348730308025 118.5
0 1 35.05381750188995 14.29660066366765 108.5
1 0 -89.48821830325417 22.9933008766743 -117.5
1 1 -84.2530407659128 22.628175021947868 -108.0
3731
-------------------New----------------
0 0 -12.056091653441028 -64.63351421709542 118.5
0 1 -8.76783611404937 -64.03861302594018 108.5
1 0 65.5226334697779 -50.6004738712603 -117.5
1 1 62.400276677322665 -51.16667693813394 -108.0
3733
-------------------New----------------
0 0 82.20521855491886 -59.97208441434717 118.5
0 1 79.79276321441561 -61.38744594082923 108.5
1 0 25.28234339387793 -93.3832521985728 -117.5
1 1 27.57293033511963 -92.03773555709897 -108.0
3739
-------------------New----------------
0 0 70.6907596972817 -16.68549151839191 118.5
0 1 68.11335353853671 -16.234000531356266 108.5
1 0 9.594150439755134 -6.248401204867842 -117.5
1 1 12.060054688131533 -6.671896369711289 -108.0
3751
-------------------New----------------
0 0 -13.03033997297339 94.04533435894436 118.5
0 1 -11.591696474032378 91.69590068187938 108.5
1 0 20.947058892414876 38.628005218163324 -117.5
1 1 19.581938417059494 40.8588401236148 -108.0
3773
-------------------New----------------
0 0 89.14949350345756 11.588900006755072 118.5
0 1 86.44329587912652 15.929830977302904 108.5
1 0 25.39864276335374 114.00255884109083 -117.5
1 1 27.96642681575164 109.88320928504751 -108.0
3775
-------------------New----------------
0 0 -44.42404454312096 -69.22736028802143 118.5
0 1 -41.970718780073845 -65.17416103887346 108.5
1 0 13.40159525355357 26.38746864764277 -117.5
1 1 11.073248343304936 22.540492194496842 -108.0
3794
-------------------New----------------
0 0 -83.2022938551655 73.97515168988288 118.5
0 1 -82.25643540606745 74.20280706389084 108.5
1 0 -60.81028284661651 79.35472583634905 -117.5
1 1 -61.713299459564816 79.13763196848983 -108.0
3807
-------------------New----------------
0 0 -88.2480170264086 58.1270161664601 118.5
0 1 -89.35763256453852 59.52651411920449 108.5
1 0 -114.51565577525909 91.03486221766038 -117.5
1 1 -113.46296366637719 89.71827206266495 -108.0
3811
-------------------New----------------
0 0 -33.29142895863729 -108.80409884624066 118.5
0 1 -29.4303798022571 -108.33819951851436 108.5
1 0 57.83121261922948 -97.81004792698951 -117.5
1 1 54.16291156102692 -98.25263978250088 -108.0
3817
-------------------New----------------
0 0 32.8479776930413 -57.60499468481491 118.5
0 1 32.88307936666867 -53.7152551733631 108.5
1 0 33.67488841454988 34.23169957919673 -117.5
1 1 33.64162983319172 30.533467772406357 -108.0
3819
-------------------New----------------
0 0 -101.58159923633345 75.25415432864958 118.5
0 1 -101.67957226024045 72.33353561775962 108.5
1 0 -103.90919236082566 6.315557679764512 -117.5
1 1 -103.81520798291342 9.091430955833681 -108.0
3823
-------------------New----------------
0 0 -87.11244685369726 61.966885747308574 118.5
0 1 -87.25787617217786 61.31869080082777 108.5
1 0 -90.67830568224562 46.58884817744205 -117.5
1 1 -90.53392346256432 47.20789770720029 -108.0
3827
-------------------New----------------
0 0 -2.142885406447772 -54.32499899080542 118.5
0 1 -1.6427887158291945 -49.38856877785928 108.5
1 0 6.054633254113876 70.43175671845495 -117.5
1 1 5.89292918716366 65.02799333039046 -108.0
3829
-------------------New----------------
0 0 89.43998014419954 30.59864716533516 118.5
0 1 89.83504632846764 27.083652332695703 108.5
1 0 97.97818030353437 -51.30951784205206 -117.5
1 1 97.64139221646204 -48.06037915461168 -108.0
3830
-------------------New----------------
0 0 13.916110402022474 -71.09235178974345 118.5
0 1 12.432985387608673 -70.229068127381 108.5
1 0 -21.08063969095585 -50.71919684611292 -117.5
1 1 -19.672125950176387 -51.53948591709883 -108.0
3832
-------------------New----------------
0 0 35.4934714662479 75.30749343673018 118.5
0 1 32.648293191717165 76.48532078068578 108.5
1 0 -31.73617706415621 102.87975967777793 -117.5
1 1 -29.031502909902393 101.77342098960459 -108.0
3833
-------------------New----------------
0 0 -41.91500916251015 26.591397307686265 118.5
0 1 -44.54549145307039 20.054647755335928 108.5
1 0 -103.96259425484718 -127.66391773951075 -117.5
1 1 -101.46382662322671 -121.4588086547434 -108.0
3838
-------------------New----------------
0 0 -5.355551629726077 -49.82867297702709 118.5
0 1 -6.951778713771356 -46.134310684481626 108.5
1 0 -43.02965403950678 37.34766522982842 -117.5
1 1 -41.51278797418356 33.83997499749341 -108.0
3853
-------------------New----------------
0 0 72.38821391668486 -36.312168769575756 118.5
0 1 73.33121860098086 -38.96399512795539 108.5
1 0 94.65919526324296 -98.93670636011461 -117.5
1 1 93.7617760242345 -96.41757533370428 -108.0
3863
-------------------New----------------
0 0 -82.90945565218702 60.59161924318094 118.5
0 1 -82.98675325785068 56.33426814912059 108.5
1 0 -84.8678129136518 -39.74556862060396 -117.5
1 1 -84.78529166176205 -35.70726524075223 -108.0
3880
-------------------New----------------
0 0 38.55175367861379 7.411303921691828 118.5
0 1 35.33428788835496 4.711295849492498 108.5
1 0 -37.38929305396723 -56.36459082207965 -117.5
1 1 -34.33146441687065 -53.79484962016632 -108.0
3882
-------------------New----------------
0 0 -26.21905120087151 32.66767323747501 118.5
0 1 -27.14480826936012 32.00020875205921 108.5
1 0 -47.88285968422683 16.60554850608941 -117.5
1 1 -47.0047425219538 17.252890783602073 -108.0
3884
-------------------New----------------
0 0 2.9197309308462067 43.14518800616805 118.5
0 1 7.936076454060197 44.76979941870708 108.5
1 0 121.30011373976106 81.48480102141784 -117.5
1 1 116.5349221604657 79.94162213200808 -108.0
3890
-------------------New----------------
0 0 126.1577888350312 88.5316502692139 118.5
0 1 126.2015895937712 86.79846859572453 108.5
1 0 127.09070469290359 47.71462456093566 -117.5
1 1 127.04604985124345 49.34753428995066 -108.0
3893
-------------------New----------------
0 0 96.762724244497 -27.59585344256829 118.5
0 1 96.53270573234138 -27.330252916554294 108.5
1 0 91.5450995989581 -21.377725067211824 -117.5
1 1 91.75356605991338 -21.627069886151496 -108.0
3895
-------------------New----------------
0 0 -64.16540831599099 -76.75771989512552 118.5
0 1 -62.949483010628605 -76.76786307715011 108.5
1 0 -35.468896691113876 -76.99105332062251 -117.5
1 1 -36.624364859069225 -76.98234600370263 -108.0
3899
-------------------New----------------
0 0 -20.119296924442843 7.14367384513398 118.5
0 1 -16.78549567051921 6.514761951472591 108.5
1 0 51.535435267862454 -0.9100761339657449 -117.5
1 1 48.968111839308385 -0.8982148720455813 -108.0
3902
-------------------New----------------
0 0 60.23282701782135 -4.963165175663282 118.5
0 1 56.54509677095543 -2.76953485062843 108.5
1 0 -26.735961805401494 46.73809580682273 -117.5
1 1 -23.23679683591887 44.658851651465504 -108.0
3906
-------------------New----------------
0 0 0.8381902767270433 -78.92382413308562 118.5
0 1 -2.701641338447537 -77.5377066285656 108.5
1 0 -82.70543516289979 -46.207398145993004 -117.5
1 1 -79.34186489768582 -47.52445474948831 -108.0
3907
-------------------New----------------
0 0 -72.39176573120444 -56.225581042215445 118.5
0 1 -73.6289637007109 -56.218615270352494 108.5
1 0 -101.6723826254715 -56.14614514368451 -117.5
1 1 -100.48559265297442 -56.16180570057959 -108.0
3910
-------------------New----------------
0 0 19.850696109542817 41.74580886010702 118.5
0 1 22.336345427304785 40.19374064342365 108.5
1 0 78.46639025001024 5.17105058577116 -117.5
1 1 76.10998842391106 6.639948346671304 -108.0
3915
-------------------New----------------
0 0 24.19594168300306 -90.14156618155599 118.5
0 1 28.15085778499958 -91.05158700633282 108.5
1 0 117.56686642506114 -111.60765284553713 -117.5
1 1 113.80775175362646 -110.74335049665831 -108.0
3929
-------------------New----------------
0 0 16.330482801390392 -16.875502426764278 118.5
0 1 11.215675881164774 -18.313799620657992 108.5
1 0 -104.3687514779065 -50.81739230720825 -117.5
1 1 -99.50979547857276 -49.4517814267568 -108.0
3930
-------------------New----------------
0 0 87.44093956906104 43.24591002795838 118.5
0 1 86.25375205052053 46.02296523651824 108.5
1 0 59.51378412891255 106.29849346135336 -117.5
1 1 60.63413745067319 103.77541572301854 -108.0
3931
-------------------New----------------
0 0 -65.38155455818942 -27.869106880386177 118.5
0 1 -60.978508543036526 -30.814554835019134 108.5
1 0 38.56819614742732 -97.34253287063166 -117.5
1 1 34.38249250504318 -94.54712298541611 -108.0
3956
-------------------New----------------
0 0 -82.86754394755462 4.826304710053233 118.5
0 1 -82.33781123331096 4.380496138516567 108.5
1 0 -70.40772695555425 -5.654602858731822 -117.5
1 1 -70.90944852762088 -5.230411790544771 -108.0
3958
-------------------New----------------
0 0 59.08921578042002 -7.749624733956928 118.5
0 1 55.5309635600275 -8.43601921304235 108.5
1 0 -24.83595684927046 -23.965088395954822 -117.5
1 1 -21.460703758303858 -23.311729990203883 -108.0
3965
-------------------New----------------
0 0 113.15348331310472 -59.65275229502436 118.5
0 1 113.43234534744927 -56.36290273859315 108.5
1 0 119.73091664266369 17.987620395707935 -117.5
1 1 119.46619099349452 14.862304458533362 -108.0
3968
-------------------New----------------
0 0 -54.298721704935666 -39.42739115526574 118.5
0 1 -49.76887450063567 -36.51015513529138 108.5
1 0 72.67876188351694 21.67876709103279 -117.5
1 1 66.68966716406737 19.560866668208252 -108.0
3984
-------------------New----------------
0 0 -65.61129627648582 -95.10119202484512 118.5
0 1 -67.65350208757496 -93.45234787023954 108.5
1 0 -113.7135956392342 -56.103808520488414 -117.5
1 1 -111.77806048979758 -57.67189328777281 -108.0
3986
-------------------New----------------
0 0 75.17880580349403 93.56694629004002 118.5
0 1 71.57279798796806 91.22345704398413 108.5
1 0 -9.882081402527874 38.22610879570139 -117.5
1 1 -6.458355373820493 40.453806387273104 -108.0
3987
-------------------New----------------
0 0 -97.16029511558365 92.1791786726558 118.5
0 1 -97.46073887547797 93.71607556307865 108.5
1 0 -104.88750874344912 127.81141418650293 -117.5
1 1 -104.54312208864773 126.3689127823541 -108.0
3991
-------------------New----------------
0 0 -76.31977868691393 -1.8366484800902996 118.5
0 1 -77.34601706466117 -6.317892802055275 108.5
1 0 -100.45208160423735 -107.32579392605939 -117.5
1 1 -99.480449135172 -103.09220566692204 -108.0
3994
-------------------New----------------
0 0 -18.048760801582016 -23.732381393151957 118.5
0 1 -22.20755083486393 -22.705125068646165 108.5
1 0 -116.24487657575938 0.7050930097860983 -117.5
1 1 -112.30408296131027 -0.27354027162893185 -108.0
4003
-------------------New----------------
0 0 -28.68329594866981 -51.996473148094104 118.5
0 1 -31.99503461434182 -53.12980427288568 108.5
1 0 -107.14382697917354 -78.62201059696446 -117.5
1 1 -103.97437643841363 -77.56372791185642 -108.0
4012
-------------------New----------------
0 0 -19.147705602224896 92.59058814074174 118.5
0 1 -21.782197249155676 91.45775952974984 108.5
1 0 -81.17039025620211 65.79329813779009 -117.5
1 1 -78.6762124238283 66.87076660620065 -108.0
4014
-------------------New----------------
0 0 -20.361736963600872 -30.971272444750873 118.5
0 1 -20.153783618796798 -25.65695352066755 108.5
1 0 -15.43778152185659 94.45223439853875 -117.5
1 1 -15.637643084281802 89.40412276767235 -108.0
4016
-------------------New----------------
0 0 -61.41004115060275 0.3607103907173327 118.5
0 1 -61.041726048627424 0.09819650390442716 108.5
1 0 -52.70170426160727 -5.838319808087551 -117.5
1 1 -53.05118404422416 -5.591236789257577 -108.0
4027
-------------------New----------------
0 0 -74.78046032647582 -67.65711116138075 118.5
0 1 -76.7256735201227 -68.60821809939259 108.5
1 0 -120.70308238904795 -90.07023240405262 -117.5
1 1 -118.85372329221036 -89.16872139641961 -108.0
4028
-------------------New----------------
0 0 -19.39662694557241 15.727530699385946 118.5
0 1 -15.393767094662147 12.89353308958871 108.5
1 0 75.07972674847835 -51.07268198912489 -117.5
1 1 71.27576376079739 -48.384208288585654 -108.0
4031
-------------------New----------------
0 0 -76.96693788833 -61.161814199251104 118.5
0 1 -77.99589860857675 -59.27358259850596 108.5
1 0 -101.43822215901332 -16.789485537529906 -117.5
1 1 -100.44802092882051 -18.57624812603601 -108.0
4039
-------------------New----------------
0 0 -21.39533789088967 88.80189265712173 118.5
0 1 -21.107964159903577 89.4114985265962 108.5
1 0 -14.617115792416953 103.18552292655382 -117.5
1 1 -14.890471300575346 102.60606109737873 -108.0
4050
-------------------New----------------
0 0 73.63651860634596 11.36169502261243 118.5
0 1 70.6367211896748 12.657259345569615 108.5
1 0 3.142456267240745 42.21251244334116 -117.5
1 1 5.970055439288044 40.96341744428214 -108.0
4051
-------------------New----------------
0 0 -29.129643615792038 -55.49620270879497 118.5
0 1 -26.611927584773383 -58.44128350029448 108.5
1 0 30.2382007368168 -124.86539560352007 -117.5
1 1 27.848706294648007 -122.07145028661958 -108.0
4054
-------------------New----------------
0 0 1.3990222481783277 -11.425332994140016 118.5
0 1 -2.701623250870226 -7.605617673791386 108.5
1 0 -93.36775045863641 79.95692900198368 -117.5
1 1 -89.5870638605014 76.24093044931718 -108.0
4056
-------------------New----------------
0 0 -64.082746553553 -12.476903261523347 118.5
0 1 -62.56079807788899 -7.825478068346186 108.5
1 0 -28.17087436132105 97.35665927431174 -117.5
1 1 -29.618540610253035 92.93214767181155 -108.0
4068
-------------------New----------------
0 0 77.16726581508273 -42.64290011217555 118.5
0 1 78.12033602626789 -45.59172077941153 108.5
1 0 99.60316824504123 -112.21429625714919 -117.5
1 1 98.7037271038557 -109.41430658711504 -108.0
4071
-------------------New----------------
0 0 19.295332150054257 -35.45231929154815 118.5
0 1 19.854826022259395 -30.779043463983545 108.5
1 0 32.517826888655875 74.82122245542206 -117.5
1 1 31.98503156451677 70.38251195809976 -108.0
4091
-------------------New----------------
0 0 70.9580258028586 -26.33922610296811 118.5
0 1 69.4125516113063 -24.87665339402426 108.5
1 0 34.48512260999201 8.177986996075925 -117.5
1 1 35.95333810068083 6.788500803848609 -108.0
4099
-------------------New----------------
0 0 -24.444436848129246 30.61367660965169 118.5
0 1 -28.69393306756505 32.38772398961724 108.5
1 0 -124.73087390297451 72.46784982873426 -117.5
1 1 -120.69384614173657 70.7838401916431 -108.0
4100
-------------------New----------------
0 0 31.361593122591263 -71.95223862497197 118.5
0 1 28.791365642177556 -69.25139602687459 108.5
1 0 -29.30826402076874 -8.222475330225569 -117.5
1 1 -26.86701741243841 -10.78689576298519 -108.0
4116
-------------------New----------------
0 0 37.342888751037115 -53.99676017683498 118.5
0 1 35.1148859044974 -54.34794045035251 108.5
1 0 -15.370767485162753 -62.26786013235257 -117.5
1 1 -13.250060407616226 -61.93430501704442 -108.0
4120
-------------------New----------------
0 0 -55.052904418390064 44.13270515899906 118.5
0 1 -57.44510458762852 40.375523977270554 108.5
1 0 -111.50390208973299 -44.550090470361624 -117.5
1 1 -109.23199562870491 -40.97933305329075 -108.0
4122
-------------------New----------------
0 0 2.719655348609379 0.785250974646402 118.5
0 1 6.539673642020864 1.8696374464325174 108.5
1 0 92.86279811454473 26.438677939478403 -117.5
1 1 89.23442907225109 25.404390710764357 -108.0
4123
-------------------New----------------
0 0 -12.701495933658595 107.51067744955098 118.5
0 1 -14.425071797963023 108.13344825646043 108.5
1 0 -53.27977979199964 122.0740691781755 -117.5
1 1 -51.646923466428426 121.49726415263596 -108.0
4124
-------------------New----------------
0 0 120.66206934589721 -7.015104867637696 118.5
0 1 120.86805887251344 -9.415121018859596 108.5
1 0 125.43153394063248 -63.73172516748453 -117.5
1 1 125.24195967340968 -61.44575441253754 -108.0
4126
-------------------New----------------
0 0 106.4144069790148 59.166965953507066 118.5
0 1 107.20475841874342 56.4676237571515 108.5
1 0 125.20065920451778 -4.585284623306118 -117.5
1 1 124.44124415119002 -2.02607014427353 -108.0
4127
-------------------New----------------
0 0 -67.03394405451114 32.432466552477905 118.5
0 1 -64.09274248757677 35.37124599093927 108.5
1 0 2.3874935397355594 101.82093112860893 -117.5
1 1 -0.4060606231041831 99.02684150717705 -108.0
4130
-------------------New----------------
0 0 -34.22611249759877 19.221108981781786 118.5
0 1 -34.34933505467044 21.5932341764435 108.5
1 0 -37.14509323266124 75.19383067493004 -117.5
1 1 -37.02781032417023 72.94010431178536 -108.0
4131
-------------------New----------------
0 0 59.02259484710822 -5.960905888578826 118.5
0 1 61.817899884866996 -4.567090656312168 108.5
1 0 124.98151831571234 26.941646011704147 -117.5
1 1 122.3272533849046 25.616403147905153 -108.0
4134
-------------------New----------------
0 0 54.54854323983521 70.38418480505581 118.5
0 1 57.28780706089459 69.18960555194249 108.5
1 0 119.2424619272357 42.17390865952193 -117.5
1 1 116.63443929357541 43.310501899897545 -108.0
4141
-------------------New----------------
0 0 91.91240432934924 -82.8495944458443 118.5
0 1 92.42494019522326 -83.66925104282015 108.5
1 0 104.10298029437017 -102.13691990869275 -117.5
1 1 103.61056380117229 -101.35931579996836 -108.0
4145
-------------------New----------------
0 0 50.63770076024396 -28.905757585153015 118.5
0 1 53.293466890042296 -24.131297813563794 108.5
1 0 113.27613032771032 83.8570472745869 -117.5
1 1 110.75944289788474 79.31599571752912 -108.0
4154
-------------------New----------------
0 0 21.204627282129675 -50.448746984754685 118.5
0 1 22.244295181171715 -49.8202941485146 108.5
1 0 45.80704763708941 -35.75472269604599 -117.5
1 1 44.80796314876876 -36.341470280670336 -108.0
4158
-------------------New----------------
0 0 -66.41271114451777 56.214749606974806 118.5
0 1 -66.69098808392536 57.67574405672724 108.5
1 0 -73.60773641050322 90.70476186232762 -117.5
1 1 -73.31783601398129 89.32684239280157 -108.0
4168
-------------------New----------------
0 0 33.564578307983325 -65.37138966646557 118.5
0 1 32.8627431217181 -65.9529046931683 108.5
1 0 17.10180554169145 -78.86044755235197 -117.5
1 1 17.76878535533393 -78.30803396849225 -108.0
4187
-------------------New----------------
0 0 41.376382007024 3.2463886961709925 118.5
0 1 41.95858465198129 6.489377003081667 108.5
1 0 55.054097802820664 79.83311482565675 -117.5
1 1 54.510147780549595 76.74662421902283 -108.0
4189
-------------------New----------------
0 0 25.632705237007535 -0.039953885317172325 118.5
0 1 22.972957534486152 -1.6907342187196956 108.5
1 0 -37.09170965287392 -38.98375919729766 -117.5
1 1 -34.566866871580075 -37.414068889008 -108.0
4209
-------------------New----------------
0 0 -32.968175084085175 97.35982714913466 118.5
0 1 -31.214240893463437 95.37952210916936 108.5
1 0 8.430000064200392 50.62730160479782 -117.5
1 1 6.763898035830868 52.50797730242722 -108.0
4211
-------------------New----------------
0 0 43.3825903971515 19.310447634902054 118.5
0 1 40.1880769146084 19.4353837031181 108.5
1 0 -32.0105360287966 22.259388094894568 -117.5
1 1 -28.975486219746507 22.140462886636506 -108.0
4220
-------------------New----------------
0 0 12.345445899829517 110.83111197749511 118.5
0 1 15.714926003521487 110.53421648406356 108.5
1 0 91.54557380993549 103.99997794123217 -117.5
1 1 88.36949959421597 104.26417967965929 -108.0
4232
-------------------New----------------
0 0 -10.097819605558184 72.04789816759327 118.5
0 1 -8.361812892029103 73.05471376930306 108.5
1 0 30.872288464129145 95.80388870425809 -117.5
1 1 29.223747018941204 94.84790207735054 -108.0
4234
-------------------New----------------
0 0 17.940169537966536 -2.520600888329372 118.5
0 1 16.573933307642058 -2.7306621124632904 108.5
1 0 -14.30281722640844 -7.44859962437409 -117.5
1 1 -13.004211080341758 -7.252204305014047 -108.0
4235
-------------------New----------------
0 0 37.323620202329714 6.4519253499910745 118.5
0 1 36.50783155775106 8.869630820068279 108.5
1 0 18.088884453234183 63.50292259059022 -117.5
1 1 18.862050837753905 61.208300301749944 -108.0
4238
-------------------New----------------
0 0 7.13617124595677 -68.14821427215524 118.5
0 1 10.059269720932871 -67.5448038697975 108.5
1 0 76.13509259204018 -53.90709953431774 -117.5
1 1 73.35732526108376 -54.48047423742764 -108.0
4247
-------------------New----------------
0 0 26.149804198322737 41.75512738427564 118.5
0 1 28.760619282657807 39.776801721126766 108.5
1 0 87.76654589438076 -4.9223082786106405 -117.5
1 1 85.28629446763242 -3.0447079101658607 -108.0
4251
-------------------New----------------
0 0 53.203269780689666 97.89473688989426 118.5
0 1 50.69078743429942 98.86933212691198 108.5
1 0 -5.909055785109907 121.44520149923824 -117.5
1 1 -3.504237551472856 120.4517111662135 -108.0
4252
-------------------New----------------
0 0 -7.457825160130932 -1.0677733095365032 118.5
0 1 -2.6007839215561566 -3.4903738977967236 108.5
1 0 107.16921790204825 -58.20264659872388 -117.5
1 1 102.5536705925228 -55.90381499171817 -108.0
4264
-------------------New----------------
0 0 51.69843474580207 -7.717487496349554 118.5
0 1 53.868798508182806 -5.045752979165424 108.5
1 0 102.8934773895525 55.32517335573641 -117.5
1 1 100.83421449508472 52.78716095017491 -108.0
4271
-------------------New----------------
0 0 38.14155514980327 -47.307737122285715 118.5
0 1 40.59731424526235 -47.08807488238038 108.5
1 0 96.09779120238395 -42.11955858689293 -117.5
1 1 93.76473545091937 -42.3287352427969 -108.0
4274
-------------------New----------------
0 0 -86.30886104810426 -75.8142359423376 118.5
0 1 -85.07635097162114 -78.01356547383568 108.5
1 0 -57.332400425943355 -127.97879677537097 -117.5
1 1 -58.49431440963714 -125.87534519914732 -108.0
4276
-------------------New----------------
0 0 -14.601262988494037 -26.78149505677535 118.5
0 1 -18.412858929871863 -26.694417912051144 108.5
1 0 -104.58725275788177 -24.732464741375 -117.5
1 1 -100.96393561250711 -24.813409931180097 -108.0
4285
-------------------New----------------
0 0 42.915559168883675 11.91311472806342 118.5
0 1 40.307815824133606 7.696166707761009 108.5
1 0 -19.22076472474813 -86.3968777688878 -117.5
1 1 -16.729692147265396 -82.47088517893798 -108.0
4289
-------------------New----------------
0 0 -109.39409929318927 -47.26030692769778 118.5
0 1 -108.16661623406478 -42.90735698671267 108.5
1 0 -80.31439332803551 55.51363948558851 -117.5
1 1 -81.48764432568758 51.371736237144134 -108.0
4292
-------------------New----------------
0 0 94.12636949385659 -52.396282354466265 118.5
0 1 92.65855652578614 -52.56426068991328 108.5
1 0 59.61584333553054 -56.34189416411648 -117.5
1 1 61.000870040346875 -56.17840946994895 -108.0
4310
-------------------New----------------
0 0 40.817421310756075 26.51285155448346 118.5
0 1 35.599269017213686 26.21462055487213 108.5
1 0 -82.33059470525072 19.477524574581523 -117.5
1 1 -77.37338422206525 19.76067665397592 -108.0
4319
-------------------New----------------
0 0 4.355423530559134 -58.2673081288198 118.5
0 1 3.605361939468262 -59.385498841962445 108.5
1 0 -13.36835036872372 -84.72660684992364 -117.5
1 1 -12.656548048568046 -83.66317525200893 -108.0
4322
-------------------New----------------
0 0 58.94533621067287 -83.53847726844921 118.5
0 1 55.46175631389318 -80.31229078433687 108.5
1 0 -23.24713984159468 -7.4189214461904935 -117.5
1 1 -19.935705187677662 -10.484706417304423 -108.0
4329
-------------------New----------------
0 0 39.839173650712844 15.653781579691337 118.5
0 1 34.582038211229424 17.160071112585396 108.5
1 0 -84.31421108336913 51.5960189696321 -117.5
1 1 -79.32558880568578 50.144931883070484 -108.0
4333
-------------------New----------------
0 0 -73.70520892928513 41.07751568061845 118.5
0 1 -73.85570146617717 35.037261962776654 108.5
1 0 -77.24848000868056 -101.45271728178714 -117.5
1 1 -77.10545223964843 -95.71446775391219 -108.0
4337
-------------------New----------------
0 0 -89.9443343796228 102.95026432620878 118.5
0 1 -90.68101912109854 103.2538620556818 108.5
1 0 -107.05339261052488 109.93619262278055 -117.5
1 1 -106.36786862558185 109.66043714927123 -108.0
4341
-------------------New----------------
0 0 -1.8658823848151926 -31.9519709363882 118.5
0 1 1.525567727866655 -25.303767146240926 108.5
1 0 78.08535965863153 124.92186367776483 -117.5
1 1 74.87084856343736 118.608077827476 -108.0
4348
-------------------New----------------
0 0 81.19043792502364 73.05954029925383 118.5
0 1 81.88470462525007 69.81634439631424 108.5
1 0 97.5638270175845 -3.483041251095147 -117.5
1 1 96.90578828129796 -0.4030969138518842 -108.0
4350
-------------------New----------------
0 0 14.500198312200235 34.76418780033555 118.5
0 1 13.494933438552769 38.159291239627585 108.5
1 0 -9.184984675633068 114.87184330953309 -117.5
1 1 -8.230940920856415 111.64569309435089 -108.0
4353
-------------------New----------------
0 0 7.448061647473487 76.1957293611899 118.5
0 1 7.554396360649669 74.5076056402817 108.5
1 0 9.970165997286706 36.288519455556774 -117.5
1 1 9.864827367601617 37.90009636808606 -108.0
4355
-------------------New----------------
0 0 7.354816840077018 16.689305786888593 118.5
0 1 10.0966286706314 11.511497191720615 108.5
1 0 72.06348973763002 -105.50056486776718 -117.5
1 1 69.45873558468249 -100.58231292286447 -108.0
4358
-------------------New----------------
0 0 61.30173778921392 45.201606620829224 118.5
0 1 57.63719965998372 48.69920080164661 108.5
1 0 -25.199428799272408 127.62623883562321 -117.5
1 1 -21.719117638509033 124.31174831501794 -108.0
4366
-------------------New----------------
0 0 -26.263662845421447 105.63572042956505 118.5
0 1 -28.00710149030494 104.697531101449 108.5
1 0 -67.39644857240874 83.45788933766005 -117.5
1 1 -65.7406073651505 84.3522508161065 -108.0
4379
-------------------New----------------
0 0 58.3513661630891 -51.69963872064911 118.5
0 1 58.124933444493834 -52.63159507982398 108.5
1 0 52.918294535763856 -73.73629239293447 -117.5
1 1 53.13475772895907 -72.84124044181034 -108.0
4382
-------------------New----------------
0 0 -95.05236993776927 111.82239424750303 118.5
0 1 -94.86339944080608 110.81487124581729 108.5
1 0 -90.5943755013977 88.19211261373859 -117.5
1 1 -90.78110849424613 89.1411167773877 -108.0
4383
-------------------New----------------
0 0 38.118862344724306 6.529063663926723 118.5
0 1 35.09329257075473 9.288712156963408 108.5
1 0 -33.28206928109363 71.63435529394634 -117.5
1 1 -30.40932912597221 69.01421976640557 -108.0
4385
-------------------New----------------
0 0 61.41838053643346 63.4775417261915 118.5
0 1 58.9443149549254 61.44795988547311 108.5
1 0 3.2190220015044977 15.397044637034673 -117.5
1 1 5.557233344353177 17.330534639776282 -108.0
4386
-------------------New----------------
0 0 59.000943876764325 63.24181308043865 118.5
0 1 57.08766456240157 61.717139115890994 108.5
1 0 13.873195045118072 27.267179513675046 -117.5
1 1 15.688610016246923 28.715221544822718 -108.0
4393
-------------------New----------------
0 0 -29.696498641380593 29.766078352256784 118.5
0 1 -26.75222920730288 31.63344062226467 108.5
1 0 39.80164965232941 73.95920987448223 -117.5
1 1 37.015050560595085 72.16331156030967 -108.0
4398
-------------------New----------------
0 0 -7.834483046928087 -29.430130179792037 118.5
0 1 -7.319253163725141 -23.314157848191236 108.5
1 0 4.301635228241247 114.941416182442 -117.5
1 1 3.812419750808034 109.12926273847222 -108.0
4402
-------------------New----------------
0 0 -74.86621646471643 13.504943853358398 118.5
0 1 -73.40444180827106 15.577956047569469 108.5
1 0 -40.362480198355584 62.45292299733925 -117.5
1 1 -41.75130066657279 60.482177703992406 -108.0
4409
-------------------New----------------
0 0 66.81938072852735 -31.71176830207629 118.5
0 1 63.56860270357773 -27.951591385831428 108.5
1 0 -9.830066359191681 56.89831016797054 -117.5
1 1 -6.746918410263338 53.33389937853195 -108.0
4415
-------------------New----------------
0 0 -58.912009980090545 -68.03478317115045 118.5
0 1 -59.263074259140936 -70.23925545056663 108.5
1 0 -67.13604352969209 -120.09510142965439 -117.5
1 1 -66.80442209208559 -118.0001440369396 -108.0
4416
-------------------New----------------
0 0 8.170039096401437 88.47294733032273 118.5
0 1 7.855122860855163 87.5428696561786 108.5
1 0 0.7545310452384256 66.48170014319999 -117.5
1 1 1.0513768659832794 67.36794491923784 -108.0
4425
-------------------New----------------
0 0 31.3684057239761 -55.22562707150904 118.5
0 1 28.727969963085098 -56.35615946234591 108.5
1 0 -30.948821190187175 -81.94459615538779 -117.5
1 1 -28.438775433330356 -80.86877148585364 -108.0
4426
-------------------New----------------
0 0 16.841392135334758 -60.855154747079176 118.5
0 1 11.941178030269882 -62.917537851372586 108.5
1 0 -98.78239789106428 -109.41850833919554 -117.5
1 1 -94.13457905019023 -107.46904302104274 -108.0
4428
-------------------New----------------
0 0 10.781962076057168 -10.853905931025775 118.5
0 1 10.389813506815095 -11.822301004068379 108.5
1 0 1.584061755466102 -33.695051660117585 -117.5
1 1 1.9526080983594347 -32.77696754383227 -108.0
4435
-------------------New----------------
0 0 -73.62357513501382 12.090076605753648 118.5
0 1 -69.73071446878836 16.575910646589612 108.5
1 0 18.137211607235574 117.93030875684852 -117.5
1 1 14.447487927085941 113.67014723271453 -108.0
4441
-------------------New----------------
0 0 105.8048828790896 72.5389139670712 118.5
0 1 105.88353840742381 74.32508450210017 108.5
1 0 106.62693714950755 115.09217151739202 -117.5
1 1 106.62292293009753 113.41322486368077 -108.0
4442
-------------------New----------------
0 0 34.618656731444 40.24929385319352 118.5
0 1 34.64310339182399 43.26732083932481 108.5
1 0 34.905690911135004 111.89563217191487 -117.5
1 1 34.885502933983574 108.99150611484087 -108.0
4445
-------------------New----------------
0 0 -119.72371184660105 -55.88811405249605 118.5
0 1 -119.43265536919084 -54.206093781531216 108.5
1 0 -112.87918814309037 -16.096786289710735 -117.5
1 1 -113.1570433116701 -17.70432447698341 -108.0
4453
-------------------New----------------
0 0 16.65585264247532 -12.28019087151348 118.5
0 1 19.53662659542629 -9.56024784151572 108.5
1 0 84.62135482895607 51.925017678987764 -117.5
1 1 81.8858242063229 49.340389626312565 -108.0
4455
-------------------New----------------
0 0 34.58687190903533 3.380201407784792 118.5
0 1 34.700654479177196 5.675167930230074 108.5
1 0 37.25808688625734 57.6687295228896 -117.5
1 1 37.15254396642064 55.48198278599291 -108.0
4465
-------------------New----------------
0 0 31.711902133160397 -51.44601125276954 118.5
0 1 30.16011562335633 -46.881793608032964 108.5
1 0 -4.2400580084546196 54.5615560239231 -117.5
1 1 -2.8224986420471776 50.37363432771464 -108.0
4467
-------------------New----------------
0 0 -43.90657326702335 -4.753962384409678 118.5
0 1 -41.66489191331904 -6.935776798059554 108.5
1 0 9.004339938655631 -56.201035260640914 -117.5
1 1 6.873734305404551 -54.12968348096475 -108.0
4470
-------------------New----------------
0 0 -25.549972401544906 -16.84473357789668 118.5
0 1 -27.60266118137836 -19.45568950875238 108.5
1 0 -74.19039863452622 -78.87972587844958 -117.5
1 1 -72.23433529629295 -76.3678063226599 -108.0
4479
-------------------New----------------
0 0 -35.61354549160724 -33.68262785237238 118.5
0 1 -36.42231655633769 -31.19615105378579 108.5
1 0 -54.74876264946222 24.986141304253085 -117.5
1 1 -53.978768576027406 22.624771557015492 -108.0
4487
-------------------New----------------
0 0 26.903097544776926 3.3801336550413956 118.5
0 1 30.371405311636693 4.489665958083229 108.5
1 0 108.81179085302301 29.699522471189795 -117.5
1 1 105.5185325751144 28.641463608956343 -108.0
4494
-------------------New----------------
0 0 38.983221729143615 99.4849047388246 118.5
0 1 35.496993811628805 98.48187187313576 108.5
1 0 -43.29021147510233 75.78102204593336 -117.5
1 1 -39.9785564808142 76.73774020584816 -108.0
4502
-------------------New----------------
0 0 51.36518937750134 99.30056330736275 118.5
0 1 46.80036239726422 98.99928018612253 108.5
1 0 -56.519586845662886 92.16037183503715 -117.5
1 1 -52.16696401554192 92.45201778736975 -108.0
4505
-------------------New----------------
0 0 -15.208817931403795 13.013367298676474 118.5
0 1 -12.232328502239985 15.809920722908752 108.5
1 0 54.88585756616119 79.48975753010434 -117.5
1 1 52.06772340943145 76.80915468428967 -108.0
4509
-------------------New----------------
0 0 65.64606988054335 60.38272939116541 118.5
0 1 67.59272329439115 61.96656234245667 108.5
1 0 111.62463414054939 97.78309118061308 -117.5
1 1 109.77498415671403 96.27718701656678 -108.0
4519
-------------------New----------------
0 0 47.55536832397833 17.268417343844177 118.5
0 1 45.155549163810875 16.56578542437498 108.5
1 0 -9.384531940053733 0.9407953492718821 -117.5
1 1 -7.090938306425931 1.6017595376708917 -108.0
4520
-------------------New----------------
0 0 -91.20154900548954 -55.2671294083472 118.5
0 1 -89.36071909393844 -55.03954417340357 108.5
1 0 -47.766971304116296 -49.766678714916694 -117.5
1 1 -49.50873545637823 -49.99000818996148 -108.0
4524
-------------------New----------------
0 0 16.808093392462478 120.75115348729518 118.5
0 1 14.639042412581194 120.22389428233541 108.5
1 0 -34.31204448198021 108.30773219669592 -117.5
1 1 -32.26170413484779 108.81113286735213 -108.0
4533
-------------------New----------------
0 0 -4.866793382773282 40.59771174618052 118.5
0 1 -3.430092542160007 37.12553210463694 108.5
1 0 29.043901766976468 -41.326561615718184 -117.5
1 1 27.676197002634645 -38.030063604009165 -108.0
4542
-------------------New----------------
0 0 -16.986534568435403 3.804254543207024 118.5
0 1 -20.560631037399926 2.244785495861219 108.5
1 0 -100.85062040280884 -32.849734294586526 -117.5
1 1 -97.51719066415801 -31.35530197946491 -108.0
4544
-------------------New----------------
0 0 -35.66482693509292 21.27924039258845 118.5
0 1 -35.52034076568752 20.706386497942407 108.5
1 0 -32.345320861487444 7.279469901137306 -117.5
1 1 -32.479671121017866 7.854525505136278 -108.0
4545
-------------------New----------------
0 0 -79.95267411433123 -57.44315071281876 118.5
0 1 -77.8076866383594 -59.27692427417486 108.5
1 0 -29.340293587780003 -100.71735695471675 -117.5
1 1 -31.3770776862272 -98.97554379190564 -108.0
4547
-------------------New----------------
0 0 -28.3251608206666 -58.31619864580124 118.5
0 1 -28.406284147000303 -56.29367051889814 108.5
1 0 -30.30583954755092 -10.57806660997607 -117.5
1 1 -30.224260004041156 -12.500430905158476 -108.0
4554
-------------------New----------------
0 0 -8.623237952612952 36.60407189493493 118.5
0 1 -4.0433366009885825 37.801958160273934 108.5
1 0 99.43713747829607 64.83514277767591 -117.5
1 1 95.08751981830231 63.6984379931032 -108.0
4560
-------------------New----------------
0 0 -62.29582647154933 -13.481199941598891 118.5
0 1 -62.85111262383261 -17.552442555046703 108.5
1 0 -75.34209539796038 -109.35813753565068 -117.5
1 1 -74.82191982449919 -105.4986481213803 -108.0
4579
-------------------New----------------
0 0 54.837587118924354 -82.08742459454929 118.5
0 1 56.773765403449694 -83.2945880820267 108.5
1 0 100.54900391806083 -110.5400497989641 -117.5
1 1 98.70954554684265 -109.39716206861974 -108.0
4594
-------------------New----------------
0 0 -5.423685574375999 -53.20201522410971 118.5
0 1 -9.49935090882696 -55.15374479302551 108.5
1 0 -101.73716170250636 -99.24703786729431 -117.5
1 1 -97.86200925094406 -97.39232265361167 -108.0
4601
-------------------New----------------
0 0 -76.51634007820728 111.27046251151899 118.5
0 1 -73.33416543658397 111.42091463407834 108.5
1 0 -1.0883304770471351 114.08973097424818 -117.5
1 1 -4.201413055613828 113.98941168058784 -108.0
4606
-------------------New----------------
0 0 64.65636318943953 78.80283296346816 118.5
0 1 62.67376217141761 76.79438335975863 108.5
1 0 17.876011471667226 31.406962053565756 -117.5
1 1 19.75908484820848 33.31518958538685 -108.0
4608
-------------------New----------------
0 0 32.63555150360304 -19.10888375057915 118.5
0 1 28.952022174353356 -17.788311591660793 108.5
1 0 -54.22365799941739 12.043708518045907 -117.5
1 1 -50.73066943671479 10.790130637540788 -108.0
4628
-------------------New----------------
0 0 -63.5941573873518 2.4413800664661123 118.5
0 1 -59.212926535246176 6.865357183889659 108.5
1 0 39.309574664931475 106.64033942739707 -117.5
1 1 35.18730908154529 102.43980184109444 -108.0
4646
-------------------New----------------
0 0 9.22840669364289 42.9021538135093 118.5
0 1 11.262707858384214 42.63715687220125 108.5
1 0 57.40353235786923 36.47514645369984 -117.5
1 1 55.45272838459821 36.73086452443481 -108.0
4651
-------------------New----------------
0 0 -18.842707956568454 102.32537169109963 118.5
0 1 -20.429963234492345 102.6839014607837 108.5
1 0 -56.18479473847454 110.67196775969467 -117.5
1 1 -54.685205588095 110.33826969917975 -108.0
4657
-------------------New----------------
0 0 -5.464658271198805 -19.25840085237277 118.5
0 1 -3.5830935054526565 -22.073038990765177 108.5
1 0 38.92987469445557 -85.68176332569035 -117.5
1 1 37.142471582896434 -83.00749427437043 -108.0
4660
-------------------New----------------
0 0 -17.11390785166274 52.885387902242385 118.5
0 1 -17.571466121783626 50.03955931908561 108.5
1 0 -27.913102538576727 -14.265775527924836 -117.5
1 1 -27.478246781898928 -11.562779918540107 -108.0
4670
-------------------New----------------
0 0 41.84058393099521 25.964993343416545 118.5
0 1 41.29932426821166 27.17058194174885 108.5
1 0 29.130255714095664 54.44796856637074 -117.5
1 1 29.64063076569903 53.29844439856456 -108.0
4682
-------------------New----------------
0 0 28.216213587671255 83.26042888874898 118.5
0 1 29.391621836256167 84.2638723834389 108.5
1 0 55.99349519107746 106.98157172132566 -117.5
1 1 54.87180606326099 106.02432193830978 -108.0
4683
-------------------New----------------
0 0 27.192749622695846 25.765022063793737 118.5
0 1 26.85886028085479 23.745744355756315 108.5
1 0 19.22702766740177 -21.747740034947306 -117.5
1 1 19.55358334832754 -19.837727983623214 -108.0
4684
-------------------New----------------
0 0 70.54260426568767 54.96496002806036 118.5
0 1 69.04269102955847 50.49961915027403 108.5
1 0 35.05440107536129 -50.451839081007705 -117.5
1 1 36.4885258174279 -46.206924314991504 -108.0
4693
-------------------New----------------
0 0 -2.108213434769442 75.12963289839206 118.5
0 1 0.6575363409918042 73.79135562797204 108.5
1 0 63.08335160900329 43.49646562547041 -117.5
1 1 60.47072308009676 44.78166381348157 -108.0
4694
-------------------New----------------
0 0 -3.104927623180561 55.57853321442118 118.5
0 1 -4.37478147585586 56.88659980643699 108.5
1 0 -33.271073491395065 86.46895526599367 -117.5
1 1 -32.05957006426458 85.22436877086784 -108.0
4696
-------------------New----------------
0 0 -27.611642773375745 -25.683118618192672 118.5
0 1 -29.162474092061313 -27.901185565977 108.5
1 0 -64.35019572717286 -78.18469247143537 -117.5
1 1 -62.868409851149785 -76.06781312599952 -108.0
4698
-------------------New----------------
0 0 -71.41586678695828 69.9048001199472 118.5
0 1 -72.39603906127022 69.69761147243099 108.5
1 0 -94.37557029907235 64.74508960220587 -117.5
1 1 -93.45729143509047 64.9485369941247 -108.0
4709
-------------------New----------------
0 0 58.28147592630141 -52.60964741710891 118.5
0 1 55.98768565140439 -51.777700878724524 108.5
1 0 4.124334373982064 -32.97706881555776 -117.5
1 1 6.306275181648783 -33.76766749377633 -108.0
4720
-------------------New----------------
0 0 -99.02313000127833 -42.71088829091484 118.5
0 1 -97.94968435963511 -37.24964500228525 108.5
1 0 -73.76621579756515 86.26929635794036 -117.5
1 1 -74.77949925106543 81.07755048354565 -108.0
4725
-------------------New----------------
0 0 -106.43005426102175 36.93285598413929 118.5
0 1 -106.45514992113867 39.77726915145584 108.5
1 0 -107.01550831186185 104.0614304870002 -117.5
1 1 -106.99200850422703 101.35912051557551 -108.0
4736
-------------------New----------------
0 0 48.34835527745998 62.7167297913673 118.5
0 1 51.5987311189337 61.344810502225 108.5
1 0 125.81652567883341 30.632427776263363 -117.5
1 1 122.67710756448078 31.901312583353786 -108.0
4743
-------------------New----------------
0 0 32.381560464431765 -31.037048896388626 118.5
0 1 30.609133164693596 -25.99373902590288 108.5
1 0 -9.393878444938867 87.98385286755983 -117.5
1 1 -7.715497739298945 83.19349895207223 -108.0
4751
-------------------New----------------
0 0 35.22280321808374 61.84365851648196 118.5
0 1 30.71234680441387 64.26271859087078 108.5
1 0 -71.22695738939149 118.95560909951234 -117.5
1 1 -66.94100700017304 116.65568943902102 -108.0
4752
-------------------New----------------
0 0 -30.224898506039654 58.83343294814184 118.5
0 1 -26.228673852586773 60.41722929023134 108.5
1 0 64.39146807937087 96.03559233158072 -117.5
1 1 60.561213545714736 94.52822080025679 -108.0
4758
-------------------New----------------
0 0 -70.25316621878255 78.07115996474948 118.5
0 1 -68.57122868819441 78.58905141794881 108.5
1 0 -30.553937763477297 90.29610099046458 -117.5
1 1 -32.1520850353845 89.80400266696145 -108.0
4760
-------------------New----------------
0 0 13.60341767933156 -53.00140649564999 118.5
0 1 12.604929671554856 -52.21196975834592 108.5
1 0 -9.938896451219673 -34.15967574841352 -117.5
1 1 -8.9752201216173 -34.92159327072311 -108.0
4775
-------------------New----------------
0 0 -96.04400962012397 43.397190975339555 118.5
0 1 -94.82799149755928 46.845609395135455 108.5
1 0 -67.37971584944614 124.70845132019 -117.5
1 1 -68.53206692000298 121.43232064407323 -108.0
4779
-------------------New----------------
0 0 -3.1458171892936657 34.97516775586989 118.5
0 1 1.0828415267904608 33.091971190472805 108.5
1 0 96.57312199559313 -9.388763678097892 -117.5
1 1 92.56348243361558 -7.608731598791854 -108.0
4781
-------------------New----------------
0 0 95.36626297616544 77.76863480383993 118.5
0 1 96.2020309584859 79.08625721877503 108.5
1 0 115.10473068596608 108.52179112612596 -117.5
1 1 114.30339947652143 107.2975726937512 -108.0
4782
-------------------New----------------
0 0 88.48067943044742 -75.36037613025204 118.5
0 1 88.15223717243404 -74.96265245424406 108.5
1 0 80.83784001884366 -65.99631673336928 -117.5
1 1 81.14163270484754 -66.37635774601077 -108.0
4788
-------------------New----------------
0 0 -32.0807482103987 -45.75746248220558 118.5
0 1 -29.227962405283243 -43.560810873066316 108.5
1 0 35.21813880914018 6.060122553166613 -117.5
1 1 32.5100515883919 3.9754759451600608 -108.0
4797
-------------------New----------------
0 0 0.9473824887756838 79.70878533310908 118.5
0 1 -3.3204409292208004 81.35852945302334 108.5
1 0 -99.8581424778885 118.73385636467094 -117.5
1 1 -95.80410371014028 117.16513961321589 -108.0
4807
-------------------New----------------
0 0 -83.89472547607768 -88.94495818746012 118.5
0 1 -84.72996942885077 -87.38579580508517 108.5
1 0 -103.54609237741843 -52.542654850169846 -117.5
1 1 -102.77036218100652 -53.99889961403047 -108.0
4809
-------------------New----------------
0 0 1.6796924132387523 -73.78058253180461 118.5
0 1 -0.9375492606385333 -70.79877951548212 108.5
1 0 -60.07704670677449 -3.407431041910899 -117.5
1 1 -57.59123442898964 -6.240530818067946 -108.0
4811
-------------------New----------------
0 0 49.00281278462042 -24.110183534036633 118.5
0 1 43.62262736897564 -21.305794718235614 108.5
1 0 -77.88238250239631 42.21592641856664 -117.5
1 1 -72.77612503278792 39.563793781314004 -108.0
4812
-------------------New----------------
0 0 -88.79248118739427 -88.17654620883087 118.5
0 1 -87.05961773207022 -88.46907971980201 108.5
1 0 -47.90120765540392 -95.05928960167941 -117.5
1 1 -49.54709800018585 -94.78215620378997 -108.0
4828
-------------------New----------------
0 0 41.5210804603471 -58.46303357334492 118.5
0 1 38.33596777733159 -57.0777637266993 108.5
1 0 -33.63556801547409 -25.773856792154014 -117.5
1 1 -30.61010666323234 -27.08978403404363 -108.0
4835
-------------------New----------------
0 0 63.241394130680604 5.536961992666053 118.5
0 1 63.41551593133121 3.428628439293545 108.5
1 0 67.09556233471784 -44.10563037841047 -117.5
1 1 66.95479588628102 -42.12366491216108 -108.0
4837
-------------------New----------------
0 0 36.554674345577595 -26.61927793717287 118.5
0 1 35.464868088388016 -20.83044165814996 108.5
1 0 10.683683564603664 109.92912762262594 -117.5
1 1 11.729123264190445 104.43497084794853 -108.0
4839
-------------------New----------------
0 0 57.93380038827401 41.13132574050871 118.5
0 1 55.636016089175016 41.13712639466718 108.5
1 0 3.6708690101829875 41.08350703587579 -117.5
1 1 5.851228835681499 41.08445227131392 -108.0
4842
-------------------New----------------
0 0 4.082030826163881 23.165168500950845 118.5
0 1 6.406966846363504 22.951400195224146 108.5
1 0 58.72138261919165 18.13737578338346 -117.5
1 1 56.534393480212714 18.349953232734176 -108.0
4843
-------------------New----------------
0 0 -88.03740709560336 56.37850802832933 118.5
0 1 -86.57595221426308 53.21990741117679 108.5
1 0 -53.06587050262961 -17.918099546941228 -117.5
1 1 -54.48286802330473 -14.898447036211712 -108.0
4848
-------------------New----------------
0 0 -93.1421457469663 -18.115750376793663 118.5
0 1 -93.13836443422588 -16.916153195038138 108.5
1 0 -93.10423451886614 10.19428451720326 -117.5
1 1 -93.10438182689333 9.061757506292555 -108.0
4852
-------------------New----------------
0 0 94.84955443640538 -38.05790319122343 118.5
0 1 94.65615915530216 -38.528417412584005 108.5
1 0 90.4652160260795 -48.94195397037414 -117.5
1 1 90.63008507533216 -48.513267214371254 -108.0
4854
-------------------New----------------
0 0 -14.079209275818647 -34.60289185667735 118.5
0 1 -13.96686444510458 -33.54630612927527 108.5
1 0 -11.526990112351596 -9.279490222317865 -117.5
1 1 -11.619292354277539 -10.320136405138232 -108.0
4859
-------------------New----------------
0 0 -16.92712707621816 -98.7918145697958 118.5
0 1 -20.53333460290569 -99.58683402853931 108.5
1 0 -101.74961562650307 -117.494704766845 -117.5
1 1 -98.32763504925956 -116.75168251009777 -108.0
4860
-------------------New----------------
0 0 23.76380960831762 -84.11820981144656 118.5
0 1 24.263092936567453 -84.31716544932607 108.5
1 0 36.328242374037345 -88.81791259202399 -117.5
1 1 35.79675323426278 -88.61969381483053 -108.0
4864
-------------------New----------------
0 0 -37.081730774746525 32.5721603233445 118.5
0 1 -39.07616762007997 36.173714946268646 108.5
1 0 -84.3537504340463 117.51165083234903 -117.5
1 1 -82.44182555562773 114.0898178434225 -108.0
4871
-------------------New----------------
0 0 -2.968334570071104 74.17163779772953 118.5
0 1 -0.11762527568525236 73.43854306512151 108.5
1 0 64.29157640494881 56.756024669433714 -117.5
1 1 61.579467126217345 57.465769346258675 -108.0
4886
-------------------New----------------
0 0 16.27617296790763 68.65291634634649 118.5
0 1 18.28492297165537 68.88667724708283 108.5
1 0 63.68132634852418 74.16762617544394 -117.5
1 1 61.77298692687293 73.9455788238994 -108.0
4895
-------------------New----------------
0 0 -114.22649522937176 -4.755412256564029 118.5
0 1 -114.71882137858772 -6.5791491872892065 108.5
1 0 -125.85194417426085 -47.796767660093124 -117.5
1 1 -125.38448629373995 -46.06439611924444 -108.0
4899
-------------------New----------------
0 0 -34.90089901606817 77.89508398125164 118.5
0 1 -32.66743724928081 78.95475314123266 108.5
1 0 17.830349378128698 102.88972935401424 -117.5
1 1 15.706082493340915 101.88416572080465 -108.0
4905
-------------------New----------------
0 0 108.4403345781446 40.59807596973209 118.5
0 1 109.20090037866171 41.54395710074957 108.5
1 0 126.5793944940519 63.076182134468034 -117.5
1 1 125.83539206361095 62.17304400561657 -108.0
4907
-------------------New----------------
0 0 -105.92892653976716 -22.823280626534125 118.5
0 1 -105.86370298372276 -24.182717708970962 108.5
1 0 -103.5895872451267 -52.98285572942858 -117.5
1 1 -103.68325876724842 -51.80825274103597 -108.0
4908
-------------------New----------------
0 0 -34.05500745548785 1.6089287821856115 118.5
0 1 -35.48944034185108 2.306356667496756 108.5
1 0 -67.89011269029257 18.079812532307862 -117.5
1 1 -66.53051397220568 17.41434268182119 -108.0
4914
-------------------New----------------
0 0 -87.08437042227688 72.44195028051556 118.5
0 1 -87.14760165237978 68.57704596474835 108.5
1 0 -88.5831481469294 -18.768403851993128 -117.5
1 1 -88.52342223901758 -15.097315397850858 -108.0
4915
-------------------New----------------
0 0 66.51358600321136 -27.000937676726494 118.5
0 1 68.52142980163805 -26.74909339944234 108.5
1 0 113.92272266504719 -21.07464656758331 -117.5
1 1 112.00831787830782 -21.309923632908966 -108.0
4916
-------------------New----------------
0 0 21.32555106641035 87.68385218064317 118.5
0 1 20.453505332486973 88.25715959305161 108.5
1 0 0.7187433693186962 101.2193046172118 -117.5
1 1 1.5513951826449797 100.67595466901109 -108.0
4921
-------------------New----------------
0 0 -57.303500253452704 48.77898971927542 118.5
0 1 -56.56832308581578 45.19462436975061 108.5
1 0 -40.158491889129664 -35.227203582767196 -117.5
1 1 -40.84261152870508 -31.83967699075786 -108.0
4924
-------------------New----------------
0 0 -112.13051840680377 -26.388053309534957 118.5
0 1 -111.27749769354834 -26.08371817844439 108.5
1 0 -91.9633164393947 -19.194959678573674 -117.5
1 1 -92.77590572246326 -19.485368243554827 -108.0
4926
-------------------New----------------
0 0 -70.56332180154266 17.144539695808998 118.5
0 1 -67.8122710521871 13.363316946853526 108.5
1 0 -5.617547619824883 -72.10562455813232 -117.5
1 1 -8.232110566770459 -68.5125724667952 -108.0
4930
-------------------New----------------
0 0 -64.00697334792743 10.999341298353222 118.5
0 1 -60.49479392025039 15.628077214100077 108.5
1 0 18.862881530856402 120.3028368016963 -117.5
1 1 15.523986711604099 115.89843962656246 -108.0
4931
-------------------New----------------
0 0 -27.89705084515491 -11.260983132394596 118.5
0 1 -29.56877915488537 -13.102692292441002 108.5
1 0 -67.33343531626613 -54.70248203855024 -117.5
1 1 -65.74569173493812 -52.95339178801529 -108.0
4940
-------------------New----------------
0 0 36.87472823310945 25.687848206001007 118.5
0 1 35.20001732395299 25.50980565699573 108.5
1 0 -2.6465172517653706 21.495090726109684 -117.5
1 1 -1.055707140446117 21.66350787871816 -108.0
4942
-------------------New----------------
0 0 -9.017225336321802 -33.33526367641959 118.5
0 1 -6.028294265629773 -29.782486812906342 108.5
1 0 61.57275998410521 50.51414880116594 -117.5
1 1 58.72953175878071 47.13939267026963 -108.0
4944
-------------------New----------------
0 0 -31.650368956442986 3.8577864956668577 118.5
0 1 -31.73330307525965 5.074265702338117 108.5
1 0 -33.62326637779853 32.428284014460544 -117.5
1 1 -33.54156078541121 31.2854748833796 -108.0
4945
-------------------New----------------
0 0 -77.34901770692775 -12.337833721922719 118.5
0 1 -73.68380328087285 -13.949616554793272 108.5
1 0 9.335440430684631 -50.62247775779964 -117.5
1 1 5.83597687662332 -49.066829699263266 -108.0
4951
-------------------New----------------
0 0 -98.68087554985316 -11.507760711551654 118.5
0 1 -99.15827676118649 -12.077685219587625 108.5
1 0 -109.99334018475986 -24.937258132078874 -117.5
1 1 -109.53785917970387 -24.397614577510844 -108.0
4962
-------------------New----------------
0 0 -84.786172399108 61.06430080456092 118.5
0 1 -84.14154415013837 60.333986400364005 108.5
1 0 -69.48338754006349 43.979188187832634 -117.5
1 1 -70.09476539667278 44.66998027585219 -108.0
4965
-------------------New----------------
0 0 -5.812228215161099 0.6799747812451427 118.5
0 1 -8.048985390028854 -2.910956824715292 108.5
1 0 -59.156057231632715 -84.52912397789255 -117.5
1 1 -56.982843700716884 -81.10119620620932 -108.0
4970
-------------------New----------------
0 0 -42.31639357664126 -49.54968068639299 118.5
0 1 -40.248281162965654 -48.628756485287724 108.5
1 0 6.63510029712392 -27.798473147998344 -117.5
1 1 4.663029850217196 -28.67143227090107 -108.0
4975
-------------------New----------------
0 0 64.64393117797258 -1.7924292834000268 118.5
0 1 66.55409822123723 -0.08850789339680602 108.5
1 0 109.68469935610703 38.36699000175157 -117.5
1 1 107.87361315737049 36.75092268433341 -108.0
4991
-------------------New----------------
0 0 38.933222332290036 -109.08058154442199 118.5
0 1 33.38789153775518 -109.46278945385215 108.5
1 0 -91.93812629675921 -118.07471733585723 -117.5
1 1 -86.67192931270979 -117.7148049452322 -108.0
4993
-------------------New----------------
0 0 -80.9142615146936 -67.85074928980575 118.5
0 1 -80.29026600244671 -69.46713267409528 108.5
1 0 -66.1754344698796 -105.96796126960498 -117.5
1 1 -66.76855417324825 -104.43424053643238 -108.0
4996
-------------------New----------------
0 0 -61.544007267273855 30.189753988824815 118.5
0 1 -63.44139879177021 27.365021136285964 108.5
1 0 -106.27516114999617 -36.52651568464391 -117.5
1 1 -104.47165653506231 -33.81446580903163 -108.0
5004
-------------------New----------------
0 0 1.5092144598032882 -27.1020480797478 118.5
0 1 4.894819689757136 -24.89474749778457 108.5
1 0 81.4881809781719 24.961663809544255 -117.5
1 1 78.26773599389199 22.865018438660712 -108.0
5009
-------------------New----------------
0 0 -17.392429298003428 67.41267736333235 118.5
0 1 -17.283199014975548 64.06893270650883 108.5
1 0 -14.871434291429 -11.474394813164608 -117.5
1 1 -14.972766802121427 -8.299761406582252 -108.0
5015
-------------------New----------------
0 0 69.28841240222607 22.531422809743944 118.5
0 1 71.34770632150178 21.6930652731482 108.5
1 0 117.85004459032932 2.6606350231016975 -117.5
1 1 115.894160504309 3.458520612504669 -108.0
5022
-------------------New----------------
0 0 -37.4073368535363 -61.96735852918143 118.5
0 1 -34.17435724995111 -59.61994973956047 108.5
1 0 38.933728510083675 -6.586138127016267 -117.5
1 1 35.85918289131815 -8.812852134557755 -108.0
5026
-------------------New----------------
0 0 7.911091083465085 -22.38762153126849 118.5
0 1 12.345473882795673 -24.468483101986855 108.5
1 0 112.55446887431769 -71.48547500596527 -117.5
1 1 108.34324691250372 -69.50971812341874 -108.0
5032
-------------------New----------------
0 0 21.900281964595482 -57.206976102150975 118.5
0 1 21.076265011950916 -60.020405150684745 108.5
1 0 2.765086322891123 -123.3564731118643 -117.5
1 1 3.505138803331414 -120.69200620710096 -108.0
5034
-------------------New----------------
0 0 68.22365542825017 74.24988969861828 118.5
0 1 70.14930253692721 73.5381639043094 108.5
1 0 113.55036516918531 57.36711999779336 -117.5
1 1 111.71988303653775 58.04772332258009 -108.0
5039
-------------------New----------------
0 0 -59.29239772548101 69.84201750481164 118.5
0 1 -59.555169580354615 67.96186587043493 108.5
1 0 -65.46299731289926 25.477932510306623 -117.5
1 1 -65.21571984637276 27.263096448433128 -108.0
5052
-------------------New----------------
0 0 19.3101619944372 25.946102621661662 118.5
0 1 19.372364754907508 22.74860156864906 108.5
1 0 20.792049913860108 -49.53002116430702 -117.5
1 1 20.731444291462886 -46.49087364820748 -108.0
5056
-------------------New----------------
0 0 102.76845283994939 25.941478882072442 118.5
0 1 102.4599389041327 29.155496285249303 108.5
1 0 96.06092586533315 100.90477699625616 -117.5
1 1 96.27920737700774 97.89168735331685 -108.0
5077
-------------------New----------------
0 0 31.000086304051074 -55.36581108071581 118.5
0 1 28.467526521920796 -54.19076489299748 108.5
1 0 -28.6743419987055 -27.71684779184173 -117.5
1 1 -26.272964585463786 -28.83249285403939 -108.0
5096
-------------------New----------------
0 0 67.28977350259437 4.377949314932023 118.5
0 1 67.01376418543381 4.7726511086454 108.5
1 0 60.816876982452435 13.712256200329396 -117.5
1 1 61.07696564003845 13.335276538598373 -108.0
5099
-------------------New----------------
0 0 88.21026665727214 5.102134238135433 118.5
0 1 88.7889469442172 2.231450587277552 108.5
1 0 101.86713500583355 -62.61383626749133 -117.5
1 1 101.31584154831046 -59.89041190756093 -108.0
5101
-------------------New----------------
0 0 -30.930158951921698 8.331848353757488 118.5
0 1 -32.51981066156173 11.375560943923597 108.5
1 0 -68.49560041226333 80.15110483986527 -117.5
1 1 -66.98170231272579 77.26647371687241 -108.0
5102
-------------------New----------------
0 0 4.236557179602868 60.9812812297699 118.5
0 1 6.529074017155722 59.53591500469314 108.5
1 0 58.18128257253094 27.072501256118308 -117.5
1 1 56.01534397699713 28.434857965555654 -108.0
5106
-------------------New----------------
0 0 -13.123425991009299 -25.07834047388234 118.5
0 1 -12.959962188329749 -25.52080693591038 108.5
1 0 -9.248458482295124 -35.53993564050273 -117.5
1 1 -9.405433047968431 -35.118384697199126 -108.0
5109
-------------------New----------------
0 0 -1.4270572300434199 -88.02807965617521 118.5
0 1 4.043119032086964 -88.19339586906759 108.5
1 0 127.98941130954975 -91.83020774268667 -117.5
1 1 122.77237805158089 -91.68373954871902 -108.0
5118
-------------------New----------------
0 0 72.6721060531661 -38.17536803582891 118.5
0 1 73.01441543934368 -35.34373197041424 108.5
1 0 80.7655391584675 28.712670122873767 -117.5
1 1 80.43677751981096 26.020042192040762 -108.0
5119
-------------------New----------------
0 0 44.61475093864484 2.414646600220863 118.5
0 1 46.425344571400494 0.18434354997848032 108.5
1 0 87.4180353851257 -50.63658268220021 -117.5
1 1 85.69276241360139 -48.480472653974736 -108.0
5126
-------------------New----------------
0 0 -42.852267837576264 -54.55674784351716 118.5
0 1 -45.860076792024174 -55.92178292310514 108.5
1 0 -113.77831347470389 -86.71424263114912 -117.5
1 1 -110.92262676751977 -85.42029642002545 -108.0
5134
-------------------New----------------
0 0 -75.73571799788922 36.31949408097788 118.5
0 1 -73.22689272391821 36.803597556977174 108.5
1 0 -16.45490145461076 47.78998767413977 -117.5
1 1 -18.84542502076915 47.32573936244036 -108.0
5138
-------------------New----------------
0 0 -48.48951518781614 -28.299422284690017 118.5
0 1 -45.03247165393232 -25.070815054440157 108.5
1 0 33.10317072332097 47.9169646059082 -117.5
1 1 29.818256293637347 44.8485720869338 -108.0
5140
-------------------New----------------
0 0 -40.98246508776042 -83.6045876533387 118.5
0 1 -41.915223094802734 -83.4119575740987 108.5
1 0 -63.097182246780314 -78.96337825936892 -117.5
1 1 -62.20144301259798 -79.15051566372593 -108.0
5156
-------------------New----------------
0 0 21.62355745700443 77.37592690564513 118.5
0 1 21.20209996560911 73.81039747970395 108.5
1 0 11.752876963893105 -6.76722760559321 -117.5
1 1 12.146092932227635 -3.3712204177454432 -108.0
5170
-------------------New----------------
0 0 18.18507049464459 -35.88110403076787 118.5
0 1 22.180916939424378 -34.19153390885562 108.5
1 0 112.20170703402405 3.816856125213486 -117.5
1 1 108.43354042302073 2.209344010051109 -108.0
5172
-------------------New----------------
0 0 20.757347889906196 76.76719176004619 118.5
0 1 19.614810910200852 75.90506924697215 108.5
1 0 -6.21178568856593 56.41964511842838 -117.5
1 1 -5.123882627523723 57.23850139131232 -108.0
5175
-------------------New----------------
0 0 -19.81145907183003 59.48440848116002 118.5
0 1 -23.869522117973855 59.81063896638208 108.5
1 0 -115.64064304517824 67.1523704478561 -117.5
1 1 -111.8028312873884 66.82830179162073 -108.0
5202
-------------------New----------------
0 0 61.41544870348879 -29.68263983111159 118.5
0 1 57.01856146874229 -31.383125905518888 108.5
1 0 -42.454796570849716 -69.85830895146476 -117.5
1 1 -38.2791642711106 -68.24518628532726 -108.0
5204
-------------------New----------------
0 0 -45.2231100995037 -101.21366973064492 118.5
0 1 -45.47568809387446 -101.731940816577 108.5
1 0 -51.24160306082948 -113.4307400876327 -117.5
1 1 -50.99688411591352 -112.93885776467202 -108.0
5206
-------------------New----------------
0 0 21.425855434480468 -27.47885492206968 118.5
0 1 25.6340771132296 -27.593324226316007 108.5
1 0 120.76760502693624 -30.111725964214987 -117.5
1 1 116.7677077539507 -30.00707054695197 -108.0
5208
-------------------New----------------
0 0 10.39046865271205 54.02582639151207 118.5
0 1 4.651298817496643 48.88401602131488 108.5
1 0 -124.89456437446572 -67.30838426709133 -117.5
1 1 -119.4476478372635 -62.41954822992916 -108.0
5213
-------------------New----------------
0 0 -7.8927005091147135 -115.33606893444866 118.5
0 1 -3.8697479466368336 -114.72767725121511 108.5
1 0 87.00181363040988 -101.08814788977864 -117.5
1 1 83.18232218738153 -101.66048505924898 -108.0
5216
-------------------New----------------
0 0 43.56808241459004 54.81226451463131 118.5
0 1 39.78813776648502 53.69888939289967 108.5
1 0 -45.73480500968104 28.434119291415623 -117.5
1 1 -42.142687247061815 29.498256330494996 -108.0
5224
-------------------New----------------
0 0 -36.3234486495198 80.48715058665098 118.5
0 1 -39.673089234266044 77.83832985798041 108.5
1 0 -115.41560504805209 17.866123408918014 -117.5
1 1 -112.23413895523115 20.392026398573197 -108.0
5228
-------------------New----------------
0 0 -87.53692868494907 -43.405237075338555 118.5
0 1 -89.15953801444417 -45.46621748187551 108.5
1 0 -125.82707485892331 -92.01227217823269 -117.5
1 1 -124.28575579657613 -90.05669956380049 -108.0
5238
-------------------New----------------
0 0 18.09967003710979 -6.634807606596787 118.5
0 1 21.14232042682857 -11.096833355605622 108.5
1 0 89.85947377073471 -111.94876098774132 -117.5
1 1 86.97201399687147 -107.70925329811541 -108.0
5240
-------------------New----------------
0 0 30.760167009017 12.494522428602385 118.5
0 1 34.165894532443794 13.740388052268411 108.5
1 0 111.11135109249854 41.92311338049429 -117.5
1 1 107.87746852983904 40.73698471899199 -108.0
5251
-------------------New----------------
0 0 31.81639094300248 1.5911336980706934 118.5
0 1 27.171463419522354 1.6869008999886408 108.5
1 0 -77.81198262640429 5.787148887654364 -117.5
1 1 -73.4322876517779 5.5426785579423 -108.0
5262
-------------------New----------------
0 0 25.14366170445608 -49.34236600091522 118.5
0 1 21.981658677926955 -50.73394354976814 108.5
1 0 -49.519986544990935 -82.17796308167614 -117.5
1 1 -46.51397627208931 -80.8558601138606 -108.0
5268
-------------------New----------------
0 0 -9.794366846657612 -27.566664584345027 118.5
0 1 -5.513105209925622 -31.796185706880397 108.5
1 0 91.0576467058162 -127.3113264009962 -117.5
1 1 87.00425708779386 -123.29947205293952 -108.0
5272
-------------------New----------------
0 0 -18.743435648767253 -4.448182373018812 118.5
0 1 -21.446049960783085 -6.325585146610756 108.5
1 0 -82.45021835882179 -48.91349125151254 -117.5
1 1 -79.88717024735833 -47.12817414687672 -108.0
5275
-------------------New----------------
0 0 -21.543012797714734 -70.68298432306446 118.5
0 1 -19.297667071929162 -66.70257920025013 108.5
1 0 31.428585303660924 23.159046696129632 -117.5
1 1 29.295095084686732 19.38230147659981 -108.0
5279
-------------------New----------------
0 0 48.835554975911556 -13.048409802342311 118.5
0 1 43.225539062206714 -8.528899455696445 108.5
1 0 -83.43627363724036 93.71755634470216 -117.5
1 1 -78.11602914207921 89.41877583769858 -108.0
5280
-------------------New----------------
0 0 -16.956824050142046 57.97518004158634 118.5
0 1 -20.39002148650128 56.92390623499658 108.5
1 0 -97.98072228816275 33.16044637852768 -117.5
1 1 -94.71945377012875 34.15848275595472 -108.0
5283
-------------------New----------------
0 0 35.519043873562495 -14.816827232158676 118.5
0 1 32.299156357377285 -18.637680525101253 108.5
1 0 -40.48687295951094 -105.00686332280111 -117.5
1 1 -37.42669341431268 -101.37648603958257 -108.0
5289
-------------------New----------------
0 0 16.892468511551847 10.475259855202497 118.5
0 1 17.207776544606446 11.633417466097871 108.5
1 0 24.35118096426247 37.86004893323995 -117.5
1 1 24.050759841566947 36.75808466960844 -108.0
5295
-------------------New----------------
0 0 -56.023264801053756 -38.4955752162539 118.5
0 1 -54.73608652606341 -33.16045924702023 108.5
1 0 -25.677473205355778 87.37556115971987 -117.5
1 1 -26.90092687370847 82.30860552070456 -108.0
5299
-------------------New----------------
0 0 7.645536587998611 66.02973522061983 118.5
0 1 12.031760492027441 65.29165195773884 108.5
1 0 110.98572974252389 48.37384929142774 -117.5
1 1 106.82728598201413 49.0869394231949 -108.0
5305
-------------------New----------------
0 0 -13.477477039732326 5.303136994476471 118.5
0 1 -12.59614870955552 3.7275112841495988 108.5
1 0 7.431341614225678 -31.82416903107992 -117.5
1 1 6.588432417936124 -30.331034405046204 -108.0
5317
-------------------New----------------
0 0 38.08492332591675 -46.10888484526203 118.5
0 1 34.66579040143971 -45.16404120514424 108.5
1 0 -42.65144687108284 -23.844605999763314 -117.5
1 1 -39.401170671537244 -24.736794264456172 -108.0
5329
-------------------New----------------
0 0 -64.42411370273341 -21.301319404912245 118.5
0 1 -66.51851662047054 -22.355411599139945 108.5
1 0 -113.86251739378046 -46.17514043524701 -117.5
1 1 -111.87206126981864 -45.17360318291471 -108.0
5339
-------------------New----------------
0 0 57.79870487459626 45.18722628699143 118.5
0 1 56.31119798157208 47.420171765620225 108.5
1 0 22.778217783034048 97.75133529365222 -117.5
1 1 24.187651298530714 95.64021395816518 -108.0
5370
-------------------New----------------
0 0 70.05037249952595 48.365471830840335 118.5
0 1 70.39039107368399 47.53230655998632 108.5
1 0 78.07875268221403 28.690085155811477 -117.5
1 1 77.7557025379055 29.48201732372137 -108.0
5373
-------------------New----------------
0 0 34.83216018671227 -71.27554415759104 118.5
0 1 33.991940930120705 -73.10308491561113 108.5
1 0 15.206491140814672 -114.40667770795423 -117.5
1 1 15.994627490670117 -112.67115639749674 -108.0
5374
-------------------New----------------
0 0 -18.729078969041083 8.699730700433914 118.5
0 1 -12.886919383982146 7.399658269175522 108.5
1 0 119.13516261883834 -21.981459429539022 -117.5
1 1 113.58579471953904 -20.746570855640773 -108.0
5376
-------------------New----------------
0 0 -79.47671424299811 37.32608655314084 118.5
0 1 -78.64118795626719 40.401379261591025 108.5
1 0 -59.80436579675052 109.94064532154161 -117.5
1 1 -60.59408092935091 107.01885593370396 -108.0
5388
-------------------New----------------
0 0 -58.74290434888908 -101.44382403781694 118.5
0 1 -59.945213277544894 -100.52919805831284 108.5
1 0 -87.03932014770399 -79.65002878973337 -117.5
1 1 -85.89217187722986 -80.54102198708911 -108.0
5397
-------------------New----------------
0 0 -84.25387866179946 -33.290689321022725 118.5
0 1 -84.2682107689945 -35.42765148669378 108.5
1 0 -84.39969482218487 -83.65683084419298 -117.5
1 1 -84.38640833377596 -81.62907228443838 -108.0
5399
-------------------New----------------
0 0 -26.300850673796912 -47.24616968109131 118.5
0 1 -27.11936145685265 -47.50772591516928 108.5
1 0 -45.63519036764846 -53.448240796064134 -117.5
1 1 -44.855792912176355 -53.198514923084666 -108.0
5403
-------------------New----------------
0 0 -72.17572874709764 -61.75617683496606 118.5
0 1 -69.21850257837914 -61.76371976678839 108.5
1 0 -2.4112422501287996 -61.89516074006285 -117.5
1 1 -5.21988699604737 -61.890985549294236 -108.0
5405
-------------------New----------------
0 0 14.05599978292867 -94.37217607322756 118.5
0 1 15.092067231222334 -93.3116943120094 108.5
1 0 38.51482260518683 -69.22629820111672 -117.5
1 1 37.5323176945936 -70.23914635483273 -108.0
5407
-------------------New----------------
0 0 -121.4143198021327 -21.6740375839364 118.5
0 1 -121.29130887896777 -25.6928388055977 108.5
1 0 -117.89885253126447 -116.20869311394483 -117.5
1 1 -118.06402783898002 -112.41398329210168 -108.0
5411
-------------------New----------------
0 0 -98.37490506305586 -72.50874799514716 118.5
0 1 -98.04265498566099 -71.85348515821292 108.5
1 0 -91.35846094486317 -56.037015562299715 -117.5
1 1 -91.5632206125245 -56.75212947024797 -108.0
5421
-------------------New----------------
0 0 63.05422365954968 51.68919078982636 118.5
0 1 62.64265997920554 49.66537477913686 108.5
1 0 53.327209064983926 3.939529135464018 -117.5
1 1 53.71971357952479 5.86065439189864 -108.0
5423
-------------------New----------------
0 0 82.75090789220155 -3.927497260813613 118.5
0 1 81.48823037906183 -0.8313493205686541 108.5
1 0 52.88676088300825 69.06148590455044 -117.5
1 1 54.09441945929499 66.12663898182998 -108.0
5428
-------------------New----------------
0 0 -41.53410910934262 -57.80839421829173 118.5
0 1 -37.983645992017536 -56.196699142659455 108.5
1 0 42.268226685388015 -19.769536835569177 -117.5
1 1 38.89441066681531 -21.301744737659668 -108.0
5430
-------------------New----------------
0 0 4.529458005905814 -69.5729783905501 118.5
0 1 8.495317211457493 -68.34365598567067 108.5
1 0 98.01487715430292 -40.76143134892462 -117.5
1 1 94.2609380225918 -41.916514044432745 -108.0
5431
-------------------New----------------
0 0 -18.7012243578196 15.656294681894076 118.5
0 1 -17.45729314532353 19.14565727999846 108.5
1 0 10.738194836811711 98.05561098584154 -117.5
1 1 9.555608726945618 94.73254856994217 -108.0
5445
-------------------New----------------
0 0 -14.761210093070554 46.68357073266522 118.5
0 1 -16.683712747419623 48.65694866309063 108.5
1 0 -60.07066562937588 93.2412236295311 -117.5
1 1 -58.25194962388973 91.3709237496047 -108.0
5451
-------------------New----------------
0 0 29.28824219609998 72.68159003238347 118.5
0 1 31.095071076843045 70.76626503137446 108.5
1 0 71.90546802131608 27.526814185291386 -117.5
1 1 70.19495266017383 29.34048218296917 -108.0
5455
-------------------New----------------
0 0 -109.87330270721854 -76.27415270731777 118.5
0 1 -109.97006010344435 -77.24961374970594 108.5
1 0 -112.10603809431919 -99.28617860683306 -117.5
1 1 -112.02180773943144 -98.35743686167278 -108.0
5461
-------------------New----------------
0 0 52.64122070535899 24.7535181908557 118.5
0 1 54.97468011796731 24.778060052397645 108.5
1 0 107.62498365672846 25.678084569800525 -117.5
1 1 105.40071905061993 25.637118955235888 -108.0
5464
-------------------New----------------
0 0 -27.49394073204231 31.929650522005005 118.5
0 1 -29.226144351083242 33.345869545951835 108.5
1 0 -68.35846724301959 65.37386683842082 -117.5
1 1 -66.71138825901838 64.02591837479929 -108.0
5465
-------------------New----------------
0 0 43.678878373958156 -20.35195282418463 118.5
0 1 41.36380602784301 -19.986031246389043 108.5
1 0 -10.8517379660665 -11.811956996295757 -117.5
1 1 -8.662166858411783 -12.151592381507111 -108.0
5467
-------------------New----------------
0 0 -2.2759741653649312 -121.2457738225103 118.5
0 1 0.7177787276363016 -121.10050685171616 108.5
1 0 68.35418691650942 -117.89365684305889 -117.5
1 1 65.5130166769277 -118.02577495508872 -108.0
5483
-------------------New----------------
0 0 -37.66470994738033 115.31584221929859 118.5
0 1 -32.58105756210546 114.48537005283599 108.5
1 0 82.25972490630114 95.83296659614561 -117.5
1 1 77.43073870751265 96.61697950503485 -108.0
5496
-------------------New----------------
0 0 -47.0901690291012 12.974325721284 118.5
0 1 -46.21921203741606 12.30268583193008 108.5
1 0 -26.62132459643065 -2.8777365751302013 -117.5
1 1 -27.443148903272856 -2.2415031015738114 -108.0
5498
-------------------New----------------
0 0 22.57828402399216 -84.09240932435648 118.5
0 1 16.861138352787776 -82.25602909748774 108.5
1 0 -112.33966895206746 -40.79686518755341 -117.5
1 1 -106.91275301442136 -42.53760619710491 -108.0
5499
-------------------New----------------
0 0 51.33918040532942 28.457132702538935 118.5
0 1 51.67977671622841 25.211379002274974 108.5
1 0 59.139827065571694 -48.00596019859315 -117.5
1 1 58.816151510130474 -44.943065106539386 -108.0
5504
-------------------New----------------
0 0 -17.732278968017752 -43.76188675122661 118.5
0 1 -16.189143846073943 -42.27640123621277 108.5
1 0 18.769501972361596 -8.71034787444976 -117.5
1 1 17.300212527060047 -10.122475985858191 -108.0
5509
-------------------New----------------
0 0 -75.61727633141555 50.088840925252285 118.5
0 1 -76.74138430619233 47.02803092852095 108.5
1 0 -102.12100212690565 -22.13785400882751 -117.5
1 1 -101.05369370376339 -19.23094353557736 -108.0
5514
-------------------New----------------
0 0 -37.923935706856426 56.08871221998844 118.5
0 1 -34.89434811607705 55.47616968528538 108.5
1 0 33.60578258568272 41.634537986059726 -117.5
1 1 30.726206778616433 42.21658367266514 -108.0
5523
-------------------New----------------
0 0 68.75503995505828 112.50055124446742 118.5
0 1 68.78672909833735 113.02126099688428 108.5
1 0 69.5145608728443 124.76446692696814 -117.5
1 1 69.48329864670667 124.27181314863583 -108.0
5527
-------------------New----------------
0 0 27.551926188204778 -9.098122117394706 118.5
0 1 29.82837111406199 -14.100811618100147 108.5
1 0 81.489280976073 -127.22650698598 -117.5
1 1 79.30783702027631 -122.47104643277078 -108.0
5537
-------------------New----------------
0 0 52.61511891034045 -5.7111528623594054 118.5
0 1 52.83734681832027 -4.545866666440614 108.5
1 0 57.739231999022785 21.817235151411566 -117.5
1 1 57.53827286173146 20.707068415733993 -108.0
5547
-------------------New----------------
0 0 91.88944321768716 -3.1776612547344834 118.5
0 1 91.6008621257614 -1.272814424991342 108.5
1 0 85.0389501488747 41.79369396957472 -117.5
1 1 85.31689115816671 39.98674653618481 -108.0
5549
-------------------New----------------
0 0 5.648018080800121 -41.86881576716773 118.5
0 1 3.696119929376181 -38.029670378864544 108.5
1 0 -39.88222111645225 48.10751077895971 -117.5
1 1 -38.07310715754487 44.51254841235014 -108.0
5550
-------------------New----------------
0 0 56.423295299253574 5.603108796326923 118.5
0 1 55.36039732345081 7.1502637053388955 108.5
1 0 31.414920577498595 42.10332823323479 -117.5
1 1 32.41764093209915 40.63546291458838 -108.0
5552
-------------------New----------------
0 0 38.18182352163243 -58.02490677864321 118.5
0 1 32.652632186315444 -57.798775644272176 108.5
1 0 -92.2549924486521 -52.77081562561732 -117.5
1 1 -86.99948190479861 -52.98096892277539 -108.0
5553
-------------------New----------------
0 0 106.85099588278021 -61.69926823414096 118.5
0 1 106.19935638314334 -59.491387203833696 108.5
1 0 91.50236843273436 -9.612531397752646 -117.5
1 1 92.11956298863923 -11.710004974469332 -108.0
5556
-------------------New----------------
0 0 17.977197702023155 -18.46895093835993 118.5
0 1 15.875760689024386 -17.05681806497317 108.5
1 0 -31.652884464123993 14.72951234479773 -117.5
1 1 -29.64456925176333 13.397340772424547 -108.0
5557
-------------------New----------------
0 0 -83.72347277513055 -48.30513905644108 118.5
0 1 -85.1715933773222 -46.71637035218166 108.5
1 0 -117.84930454445275 -10.826244869638991 -117.5
1 1 -116.47827861339371 -12.333923249875465 -108.0
5558
-------------------New----------------
0 0 -16.963649148311898 63.58387992576871 118.5
0 1 -17.627147666531112 62.75097613530753 108.5
1 0 -33.31158470316782 43.9116290928949 -117.5
1 1 -32.64693899532887 44.69589900780596 -108.0
5568
-------------------New----------------
0 0 -21.26872372776135 106.24854119899837 118.5
0 1 -16.77773372056703 105.70423035964117 108.5
1 0 84.63598732904418 93.31025757529464 -117.5
1 1 80.372635089466 93.83615094329608 -108.0
5576
-------------------New----------------
0 0 61.17703687173715 -94.79072822633921 118.5
0 1 62.360668892381035 -95.2140290233024 108.5
1 0 90.09397476263507 -104.30486360863522 -117.5
1 1 88.90933769392814 -103.96461759079311 -108.0
5578
-------------------New----------------
0 0 24.668484984270204 98.33029184479732 118.5
0 1 20.980847104133083 97.67648056903103 108.5
1 0 -62.360012019020225 82.90331759342553 -117.5
1 1 -58.8566669553821 83.52453761078685 -108.0
5583
-------------------New----------------
0 0 0.32055664855325533 -19.202852526624316 118.5
0 1 0.8316417421550039 -21.759898590759036 108.5
1 0 12.421868437283127 -79.51654242329487 -117.5
1 1 11.933295990037745 -77.08967450360547 -108.0
5584
-------------------New----------------
0 0 49.526334071651554 -69.9890494637316 118.5
0 1 49.47458962456938 -67.59103565266182 108.5
1 0 48.27632705775994 -13.398685848620152 -117.5
1 1 48.3291470177571 -15.67595479098216 -108.0
5600
-------------------New----------------
0 0 -34.50542643023479 11.790075388852456 118.5
0 1 -36.324734986320706 9.051525935432647 108.5
1 0 -77.39152185635996 -52.86901921554037 -117.5
1 1 -75.67268926540265 -50.262356151527186 -108.0
5605
-------------------New----------------
0 0 1.6322755696490916 85.11624970604234 118.5
0 1 0.868085458160633 85.31125789261522 108.5
1 0 -16.41097725169302 89.70567578486879 -117.5
1 1 -15.68599434923666 89.52305144851854 -108.0
5609
-------------------New----------------
0 0 -36.24669224501027 125.7118315430509 118.5
0 1 -73.53605153709165 35.17790373615372 108.5
1 0 -85.95387531506174 37.96974406407239 -117.5
1 1 -85.43519287908126 37.8504608668839 -108.0
5611
-------------------New----------------
0 0 46.21047770037897 69.3935837550278 118.5
0 1 45.4535102738556 70.80594173881715 108.5
1 0 28.312726962097393 102.62085292809357 -117.5
1 1 29.035347109354216 101.28398847470466 -108.0
5619
-------------------New----------------
0 0 -66.80423444446708 -109.76670406277792 118.5
0 1 -69.12560625143577 -109.22909346586671 108.5
1 0 -121.5677698768358 -97.0878846839 -117.5
1 1 -119.36394890984575 -97.59771512284011 -108.0
5631
-------------------New----------------
0 0 35.51365063519521 51.345628116183505 118.5
0 1 34.15329956844346 53.722148929625675 108.5
1 0 3.397031085406495 107.42941561032963 -117.5
1 1 4.689879804391442 105.17355442647545 -108.0
5636
-------------------New----------------
0 0 79.44879723011796 -112.32072020166581 118.5
0 1 80.02740530264808 -112.07576128583744 108.5
1 0 93.05258001542818 -106.39064544950118 -117.5
1 1 92.50864791063586 -106.63070059530071 -108.0
5641
-------------------New----------------
0 0 -12.94703718561946 58.74493738160449 118.5
0 1 -10.795699965227524 55.79547984818781 108.5
1 0 37.81971424984268 -10.893019078802038 -117.5
1 1 35.77588914012422 -8.087695110482382 -108.0
5647
-------------------New----------------
0 0 78.74511980978903 -87.70855884667283 118.5
0 1 75.58343424326374 -85.7799550048851 108.5
1 0 4.200616217714154 -42.189160871618256 -117.5
1 1 7.20141709869384 -44.013149195144315 -108.0
5652
-------------------New----------------
0 0 33.8744628406371 -37.07343048308039 118.5
0 1 30.114419181734007 -40.73949934331959 108.5
1 0 -54.8537103221621 -123.57135795994846 -117.5
1 1 -51.28090409689368 -120.08966048809307 -108.0
5654
-------------------New----------------
0 0 68.17757868825655 -25.418675291580563 118.5
0 1 63.922784709195085 -23.82810809919824 108.5
1 0 -32.20245709133271 12.130670819415878 -117.5
1 1 -28.163617499739217 10.619848150400314 -108.0
5663
-------------------New----------------
0 0 -34.91656356574086 -42.34568085594089 118.5
0 1 -34.83916626269531 -39.26469913103729 108.5
1 0 -29.085195865967897 22.972841064516995 -117.5
1 1 -29.50964481451431 20.681364224640312 -108.0
5665
-------------------New----------------
0 0 -91.51635626399857 33.611253569701994 118.5
0 1 -91.70792527300505 32.3361142377109 108.5
1 0 -96.13647805636742 3.570269534262772 -117.5
1 1 -95.95474175662956 4.773313413137277 -108.0
5668
-------------------New----------------
0 0 -37.419363897393744 20.360821212725252 118.5
0 1 -37.948989475812745 19.747034383382008 108.5
1 0 -49.98298031613457 6.094776965195535 -117.5
1 1 -49.48264029556648 6.662704655680453 -108.0
5673
-------------------New----------------
0 0 -46.40844077356865 9.930774849291922 118.5
0 1 -47.48657643546927 8.442179927042492 108.5
1 0 -71.9359392673197 -25.250336950937776 -117.5
1 1 -70.90733226843061 -23.83301495376923 -108.0
5674
-------------------New----------------
0 0 12.240314872772352 -10.527062368724277 118.5
0 1 13.220643348529626 -8.339671103975986 108.5
1 0 35.138368066049324 41.09446729077038 -117.5
1 1 34.2224048514447 39.01510971564475 -108.0
5681
-------------------New----------------
0 0 12.914945277582323 -36.099135285755864 118.5
0 1 15.491126177145873 -33.643927764759106 108.5
1 0 73.70901443415887 21.808420586494325 -117.5
1 1 71.26178977230971 19.477145467198614 -108.0
5683
-------------------New----------------
0 0 -35.60561386963572 -32.098152496421235 118.5
0 1 -32.99579836597873 -31.840911804334695 108.5
1 0 25.862430832013718 -26.137934229621884 -117.5
1 1 23.39197652342663 -26.37792034404212 -108.0
5689
-------------------New----------------
0 0 55.363815767329 -44.947685198984026 118.5
0 1 53.54572561487655 -48.32846857686236 108.5
1 0 12.494017244115161 -124.72097940484585 -117.5
1 1 14.218201997265307 -121.51144045624244 -108.0
5701
-------------------New----------------
0 0 8.26083316972986 -35.863562944377676 118.5
0 1 9.746192966796434 -38.216469504926685 108.5
1 0 43.15152608730751 -91.20804598626253 -117.5
1 1 41.75236928022811 -88.99143679781264 -108.0
5719
-------------------New----------------
0 0 53.42179233019893 80.54106671304916 118.5
0 1 56.579901924021875 81.64470046903463 108.5
1 0 127.95309629378123 106.60014545776669 -117.5
1 1 124.9533913179866 105.54977059520266 -108.0
5729
-------------------New----------------
0 0 -70.81368022570352 -33.3737466296373 118.5
0 1 -67.51961027810557 -31.309321419885503 108.5
1 0 6.930148609664876 15.335761055660964 -117.5
1 1 3.7998838796958068 13.375291562616406 -108.0
5732
-------------------New----------------
0 0 18.315195049783952 33.68330914063778 118.5
0 1 17.013567759430963 27.677254824051595 108.5
1 0 -12.226468259670613 -107.76819156623019 -117.5
1 1 -11.002700498126432 -102.07575849030103 -108.0
5741
-------------------New----------------
0 0 -34.5966672617552 -110.18640997541146 118.5
0 1 -33.11792315003315 -109.60444568305522 108.5
1 0 0.2697759795617031 -96.37366585701315 -117.5
1 1 -1.137420834360675 -96.93262104125414 -108.0
5748
-------------------New----------------
0 0 18.20087348156752 26.346239722207194 118.5
0 1 16.56538502439999 24.452100085803426 108.5
1 0 -9.623587258615165 -15.332471039770699 -117.5
1 1 -8.96928544776962 -13.806329125635722 -108.0
5751
-------------------New----------------
0 0 -90.30302402792334 -90.34532036350943 118.5
0 1 -89.21626802815574 -89.12679432946503 108.5
1 0 -64.48561163308051 -61.465076061423176 -117.5
1 1 -65.52546873232667 -62.6232656792378 -108.0
5752
-------------------New----------------
0 0 28.819537971122763 -13.931370669015326 118.5
0 1 29.061804857742203 -16.882681013182513 108.5
1 0 34.57020142300919 -83.59214301833129 -117.5
1 1 34.33883552621426 -80.7870910790335 -108.0
5753
-------------------New----------------
0 0 90.48747502744371 69.93730039589153 118.5
0 1 92.07407083063222 71.66774361785733 108.5
1 0 127.92640013011444 110.80648864081279 -117.5
1 1 126.42305859043283 109.16027024957967 -108.0
5768
-------------------New----------------
0 0 15.366123793900902 38.6626337614253 118.5
0 1 16.769844302620275 32.809659898941575 108.5
1 0 47.9156289567767 -100.96524158563085 -117.5
1 1 46.61401749197352 -95.32916652968444 -108.0
5781
-------------------New----------------
0 0 -80.02783331728885 82.59170664160823 118.5
0 1 -78.70186361994904 79.45645958534195 108.5
1 0 -48.730525497812366 8.585348606113357 -117.5
1 1 -49.988917535197324 11.563091823159452 -108.0
5794
-------------------New----------------
0 0 17.09623564295685 -38.44252489823272 118.5
0 1 18.38876953273282 -39.603360172650696 108.5
1 0 47.60055355974096 -65.83750674812472 -117.5
1 1 46.37263387946899 -64.73490504694223 -108.0
5818
-------------------New----------------
0 0 14.928431056612563 -85.75682392673448 118.5
0 1 15.211270633823 -83.54753487660476 108.5
1 0 21.604463782908482 -33.61976944108262 -117.5
1 1 21.335694065538704 -35.71857954655651 -108.0
5820
-------------------New----------------
0 0 -23.110389994377105 78.11394650623848 118.5
0 1 -24.166492283844377 79.68915436134212 108.5
1 0 -47.99285165711427 115.23620911138167 -117.5
1 1 -46.994015888744194 113.74146792148804 -108.0
5832
-------------------New----------------
0 0 65.13694882637371 70.50806056619318 118.5
0 1 67.51760456563565 70.77979439720055 108.5
1 0 120.99774552313072 77.23776227872885 -117.5
1 1 118.75588010680437 76.95403860047175 -108.0
5837
-------------------New----------------
0 0 -56.94300479680794 -47.834313601648894 118.5
0 1 -59.43043866132219 -49.23492374622566 108.5
1 0 -115.64296047939095 -80.8878827393625 -117.5
1 1 -113.28014827071426 -79.55502041415656 -108.0
5845
-------------------New----------------
0 0 40.68159615468087 35.45126229431826 118.5
0 1 41.08361716304599 32.37480058425719 108.5
1 0 50.2617310254584 -37.24170012972887 -117.5
1 1 49.87130576119707 -34.31656529408411 -108.0
5857
-------------------New----------------
0 0 28.85028613796886 70.63510554837453 118.5
0 1 30.76882257587536 70.2394302667035 108.5
1 0 74.07391196207716 61.85234450035307 -117.5
1 1 72.23853631695364 62.17755560307724 -108.0
5858
-------------------New----------------
0 0 -44.152024230136696 -84.5014927706022 118.5
0 1 -47.052260625386495 -85.72639287054668 108.5
1 0 -112.54453193562026 -113.23012472855967 -117.5
1 1 -109.79299997143396 -112.08473537117735 -108.0
5860
-------------------New----------------
0 0 -73.89110660287173 46.7851075076173 118.5
0 1 -73.5199034989182 46.1197221697445 108.5
1 0 -65.1376802148575 31.108188530695664 -117.5
1 1 -65.48981270709086 31.73843265049792 -108.0
5864
-------------------New----------------
0 0 48.495822362357686 28.854598161737965 118.5
0 1 43.498818474284484 24.42138463284319 108.5
1 0 -69.53281473562666 -75.73104569364406 -117.5
1 1 -64.78407824354191 -71.52276804825767 -108.0
5867
-------------------New----------------
0 0 42.710195329078786 -93.98351525833796 118.5
0 1 40.8145528566728 -91.94941041562831 108.5
1 0 -1.9168405176670198 -46.08553420211267 -117.5
1 1 -0.12448487248628784 -48.01188070141208 -108.0
5873
-------------------New----------------
0 0 86.13065076505198 49.74710417020945 118.5
0 1 87.33262986302597 50.19974590614247 108.5
1 0 114.26018636939511 60.61702662275362 -117.5
1 1 113.12614037187336 60.17556384369415 -108.0
5874
-------------------New----------------
0 0 13.685761891922757 54.41052052658584 118.5
0 1 14.864327152524504 53.3933291129175 108.5
1 0 41.47307654490356 30.45895746210443 -117.5
1 1 40.35410456227949 31.42367073068929 -108.0
5878
-------------------New----------------
0 0 30.65232453102891 23.19162785645805 118.5
0 1 30.69044259477881 26.495122579001094 108.5
1 0 31.59565599695397 101.23067697635089 -117.5
1 1 31.55551675845151 98.08719944669524 -108.0
5879
-------------------New----------------
0 0 -35.22628931730161 79.5458273437005 118.5
0 1 -32.65834928141316 78.76651566885783 108.5
1 0 25.44549692597087 61.21596420699795 -117.5
1 1 23.000709983920284 61.951050613702435 -108.0
5881
-------------------New----------------
0 0 -52.97985554687479 13.113138077865239 118.5
0 1 -54.74586429512004 17.38206179346388 108.5
1 0 -94.45060229622354 113.77321644792646 -117.5
1 1 -92.78316880831053 109.71938547919578 -108.0
5892
-------------------New----------------
0 0 55.874588924675436 -8.969718895745368 118.5
0 1 54.48182549718789 -10.97571825444231 108.5
1 0 23.03503496704655 -56.33022607754426 -117.5
1 1 24.357049148929946 -54.42230910974839 -108.0
5912
-------------------New----------------
0 0 18.585044654570744 80.3301742160722 118.5
0 1 20.78057002970246 78.62126303542239 108.5
1 0 70.34964676081174 39.98776263957278 -117.5
1 1 68.26619413353288 41.61243797558225 -108.0
5921
-------------------New----------------
0 0 -10.312464672659015 61.04040741468233 118.5
0 1 -8.528438897478301 57.07184291852758 108.5
1 0 31.784222606347377 -32.62065249955767 -117.5
1 1 30.08963783320371 -28.85133755581965 -108.0
5935
-------------------New----------------
0 0 -93.78445152649398 -53.39461107725449 118.5
0 1 -93.50998837608736 -55.73924450668058 108.5
1 0 -87.29870366944114 -108.73215158832565 -117.5
1 1 -87.55973135095876 -106.5046931339051 -108.0
5937
-------------------New----------------
0 0 -49.3822922214392 1.0997171744741303 118.5
0 1 -48.782119428908224 3.2893205258987654 108.5
1 0 -35.17156935441488 52.726991802230955 -117.5
1 1 -35.74906822246329 50.64743728337221 -108.0
5941
-------------------New----------------
0 0 18.130192762501302 13.729875316104762 118.5
0 1 22.70581259367824 14.219428678340645 108.5
1 0 126.09015441395108 25.317719662335072 -117.5
1 1 121.74459056527671 24.84884154602877 -108.0
5943
-------------------New----------------
0 0 32.23579492600773 30.02667187305692 118.5
0 1 31.56225468219415 29.75474610779849 108.5
1 0 16.281006841008843 23.678143086873668 -117.5
1 1 16.920605259265308 23.929425408607706 -108.0
5948
-------------------New----------------
0 0 53.17137548203 -57.49875938361566 118.5
0 1 52.33773861141329 -53.91590220356336 108.5
1 0 33.499374526811394 27.046254241339973 -117.5
1 1 34.2913236684516 23.642746816932643 -108.0
5954
-------------------New----------------
0 0 -26.54268109174165 66.69792053898526 118.5
0 1 -28.725955749728314 65.4923645443869 108.5
1 0 -78.28698420696703 37.81381071161499 -117.5
1 1 -76.2096852413568 38.99044612217865 -108.0
5955
-------------------New----------------
0 0 8.314193811163168 24.885649212536034 118.5
0 1 10.234273372221502 19.70873098651502 108.5
1 0 53.61582313953029 -97.32253119965462 -117.5
1 1 51.79306034640865 -92.40347780320886 -108.0
5959
-------------------New----------------
0 0 -24.332634671025176 -2.402308943140288 118.5
0 1 -23.042741263545928 -0.909137389036246 108.5
1 0 6.093148145177681 32.975078274855676 -117.5
1 1 4.895288739573812 31.53919547974503 -108.0
5962
-------------------New----------------
0 0 80.12559401623928 -58.627287843424575 118.5
0 1 76.66488757503456 -55.53791703200651 108.5
1 0 -1.5398476698699857 14.292199643081721 -117.5
1 1 1.7474487084780175 11.355994110238507 -108.0
5964
-------------------New----------------
0 0 43.73102606998718 61.951583778739824 118.5
0 1 44.91803013438939 62.073765421777864 108.5
1 0 71.75308201171907 64.88345299502193 -117.5
1 1 70.62522428346253 64.76432768075252 -108.0
5971
-------------------New----------------
0 0 74.1174820943854 -35.23563208396554 118.5
0 1 72.08405429206331 -30.88955019929231 108.5
1 0 26.25290696637772 67.14694492825853 -117.5
1 1 28.184208430122215 63.024327468936555 -108.0
5976
-------------------New----------------
0 0 23.043320930359197 59.81410581442393 118.5
0 1 21.712199081319067 56.37356824379066 108.5
1 0 -8.263552302477002 -21.385346426219684 -117.5
1 1 -7.005861829850114 -18.117799640815097 -108.0
5982
-------------------New----------------
0 0 75.32882820258078 -2.8023604325642437 118.5
0 1 72.21289241423052 -6.548275673212688 108.5
1 0 1.8413373439378087 -91.1994031144865 -117.5
1 1 4.796773401974721 -87.6394559316397 -108.0
5985
-------------------New----------------
0 0 30.672785288157133 19.209105365346495 118.5
0 1 26.334616386350234 20.474897733252455 108.5
1 0 -71.7115513938143 49.13434243093364 -117.5
1 1 -67.58740901421858 47.925371922281855 -108.0
5986
-------------------New----------------
0 0 26.39615523544291 41.62845632166709 118.5
0 1 23.16056719743409 38.527547915506716 108.5
1 0 -29.139238883202363 -48.2103098725806 -117.5
1 1 -27.880734765823057 -43.799405468589164 -108.0
5992
-------------------New----------------
0 0 71.13199457432333 55.02043821733889 118.5
0 1 68.16711515761111 55.814024449099705 108.5
1 0 1.1656130664016306 73.74915455504967 -117.5
1 1 3.9817768726023184 72.99519233213019 -108.0
6006
-------------------New----------------
0 0 45.67021787919403 41.14291758774818 118.5
0 1 48.36404586485003 39.17214551970248 108.5
1 0 109.23886627265802 -5.279330940116756 -117.5
1 1 106.68198634687352 -3.415939691791354 -108.0
6012
-------------------New----------------
0 0 67.64254487554379 -32.41470437265532 118.5
0 1 69.00997703572571 -32.97926075969532 108.5
1 0 100.01813054540304 -45.74901542086305 -117.5
1 1 98.71390594108955 -45.20979432222938 -108.0
6026
-------------------New----------------
0 0 -24.96832788510629 15.544439945862322 118.5
0 1 -19.612182438953035 16.846080656606397 108.5
1 0 101.43927338108635 46.26396259068386 -117.5
1 1 96.35075936693191 45.02676958426643 -108.0
6030
-------------------New----------------
0 0 60.320205259058845 86.9261209096515 118.5
0 1 56.94574826083726 86.28127513560962 108.5
1 0 -19.321698922548272 71.71328526961875 -117.5
1 1 -16.115232571886917 72.32624250184315 -108.0
6031
-------------------New----------------
0 0 114.20005004213984 -88.13933312784482 118.5
0 1 114.53253383304532 -89.57847975603724 108.5
1 0 122.06184631377232 -122.11569323375507 -117.5
1 1 121.74583166468858 -120.7476990303152 -108.0
6033
-------------------New----------------
0 0 -9.781608035097257 -79.35160249480167 118.5
0 1 -12.752540355019333 -78.53514587451815 108.5
1 0 -79.60279001845879 -60.04606599645501 -117.5
1 1 -76.79811351364056 -60.827201609748286 -108.0
6037
-------------------New----------------
0 0 37.928114896336965 -49.24563114230449 118.5
0 1 40.45458640238787 -49.05073489813515 108.5
1 0 97.47961427477846 -44.65451773377186 -117.5
1 1 95.08039545419855 -44.83398960680388 -108.0
6039
-------------------New----------------
0 0 -93.0696045933643 45.726677362500325 118.5
0 1 -93.51121973169064 48.8745231665646 108.5
1 0 -103.52673506018209 120.02249765147842 -117.5
1 1 -103.10406247670835 117.03056147894674 -108.0
6042
-------------------New----------------
0 0 43.720101400899274 -6.119503200405073 118.5
0 1 40.30784918058312 -5.965720269870436 108.5
1 0 -36.80975160106459 -2.4870975681298626 -117.5
1 1 -33.568188124990755 -2.633397701061647 -108.0
6043
-------------------New----------------
0 0 -50.56485936060723 38.33092890549086 118.5
0 1 -52.84577868546391 33.24488593025983 108.5
1 0 -104.37082547170147 -81.69769614390881 -117.5
1 1 -102.20577746456068 -76.86444326341675 -108.0
6051
-------------------New----------------
0 0 104.35947786842053 -19.87579038065396 118.5
0 1 103.10165726195378 -13.937499719241938 108.5
1 0 74.72311006525112 120.3336896423073 -117.5
1 1 75.91613692392869 114.69109230522213 -108.0
6055
-------------------New----------------
0 0 60.875669141779646 -42.48028060137257 118.5
0 1 62.27934538026142 -42.089059079293904 108.5
1 0 94.0082448714728 -33.258157381041585 -117.5
1 1 92.67475401936115 -33.629819535404096 -108.0
6059
-------------------New----------------
0 0 89.33030122070622 18.385943086121912 118.5
0 1 90.52657608420064 16.62302577010093 108.5
1 0 117.47418499515463 -23.037743571823217 -117.5
1 1 116.3393209445904 -21.373837497323887 -108.0
6070
-------------------New----------------
0 0 43.46357557985325 12.480428806719592 118.5
0 1 43.29808910212734 6.906345412780143 108.5
1 0 39.54627955384162 -119.07500299125533 -117.5
1 1 39.70450895799443 -113.77935109262697 -108.0
6077
-------------------New----------------
0 0 -25.818154860689997 17.352497256086743 118.5
0 1 -23.10893081066564 14.621151168923689 108.5
1 0 38.16277139946803 -47.22516025104646 -117.5
1 1 35.585654256300586 -44.61833364598528 -108.0
6083
-------------------New----------------
0 0 39.94311018842392 -37.811534397082006 118.5
0 1 35.97250275625626 -39.88698209246136 108.5
1 0 -53.79207042349882 -86.83824593172244 -117.5
1 1 -50.01647390351806 -84.86360639757262 -108.0
6088
-------------------New----------------
0 0 -56.31472561642862 -48.43976699816267 118.5
0 1 -55.96756374023512 -43.53363148092438 108.5
1 0 -48.08671910147879 67.1847026096779 -117.5
1 1 -48.41499642505943 62.53588677736983 -108.0
6099
-------------------New----------------
0 0 -98.74414476631672 -59.48388957526247 118.5
0 1 -96.89652395278694 -55.3424081549947 108.5
1 0 -55.383061759799205 38.17519622547579 -117.5
1 1 -57.12451712545565 34.245573731071765 -108.0
6103
-------------------New----------------
0 0 -38.36006927737973 43.357812405370076 118.5
0 1 -38.76040306372786 45.171254020783564 108.5
1 0 -47.508377038572455 86.4719601932047 -117.5
1 1 -47.16116910929447 84.7191733304958 -108.0
6107
-------------------New----------------
0 0 -6.631848652417858 85.47263630014248 118.5
0 1 -10.666337774708284 84.54623911060324 108.5
1 0 -101.93048611557575 63.66193764069355 -117.5
1 1 -98.0868251789592 64.53431388506714 -108.0
6116
-------------------New----------------
0 0 -3.8632986441002037 -41.2234061846705 118.5
0 1 -3.8230574774838844 -39.109920003599946 108.5
1 0 -2.936029990251295 8.671604981564766 -117.5
1 1 -2.9739164891101297 6.661987498232993 -108.0
6123
-------------------New----------------
0 0 3.7273105036125633 -30.399015588625275 118.5
0 1 1.2475341996672964 -32.4870350597523 108.5
1 0 -54.80606673500623 -79.67098005454952 -117.5
1 1 -52.44944370226436 -77.68739962897253 -108.0
6127
-------------------New----------------
0 0 -19.83153879874603 59.80291157791968 118.5
0 1 -20.772641032108464 57.33751933986222 108.5
1 0 -42.05489020117341 1.6642693843408076 -117.5
1 1 -41.16171170944563 4.005647534945089 -108.0
6128
-------------------New----------------
0 0 25.13910616520345 61.56674299989798 118.5
0 1 24.679208057151705 63.15290327910763 108.5
1 0 14.258397647231735 99.10840256733177 -117.5
1 1 14.692503343043438 97.59600902783947 -108.0
6131
-------------------New----------------
0 0 40.87540373831352 25.9671670729005 118.5
0 1 42.07922173485285 24.808797349894256 108.5
1 0 69.11737172834552 -1.432802677018953 -117.5
1 1 67.97783162468048 -0.3303801869528976 -108.0
6132
-------------------New----------------
0 0 -12.205385836964362 -74.68770183864376 118.5
0 1 -8.391369323621038 -71.95570440107147 108.5
1 0 77.50822192875196 -10.190062706111185 -117.5
1 1 73.9030585171483 -12.774446955562123 -108.0
6134
-------------------New----------------
0 0 9.56177114747845 -79.15433543711545 118.5
0 1 4.042275770943313 -78.29273426262958 108.5
1 0 -120.6271712617629 -58.763465881805814 -117.5
1 1 -115.38569250012729 -59.58450103483396 -108.0
6139
-------------------New----------------
0 0 -19.22936085910633 81.72023804105652 118.5
0 1 -15.945740672134363 83.44491896179969 108.5
1 0 58.32368261593443 122.44068205782847 -117.5
1 1 55.202185172090296 120.80261554571003 -108.0
6140
-------------------New----------------
0 0 -58.23642693711597 -4.930739302711757 118.5
0 1 -54.7348075838574 -2.8475970182947963 108.5
1 0 24.386000272076647 44.18141727371464 -117.5
1 1 21.06104851569861 42.205836361417866 -108.0
6146
-------------------New----------------
0 0 -71.71172339024994 16.69863394298037 118.5
0 1 -72.63871053031 20.19421095387787 108.5
1 0 -93.68292455000854 99.20431731841737 -117.5
1 1 -92.79375412849734 95.87567694459653 -108.0
6156
-------------------New----------------
0 0 13.929171998818074 38.21919880696752 118.5
0 1 14.27159523290409 34.85821203134009 108.5
1 0 22.02793035211912 -41.08450103614808 -117.5
1 1 21.70066183686585 -37.89374938363549 -108.0
6157
-------------------New----------------
0 0 -114.19959025446731 41.162182742594425 118.5
0 1 -113.80743739320769 41.3374876240412 108.5
1 0 -104.93205794961796 45.47571693641254 -117.5
1 1 -105.30589965559076 45.29766141888159 -108.0
6163
-------------------New----------------
0 0 68.92717041535451 84.15284493686373 118.5
0 1 65.80595903140413 83.98719663226387 108.5
1 0 -4.752130949644191 80.24297294006675 -117.5
1 1 -1.7855824989285025 80.40058548250985 -108.0
6168
-------------------New----------------
0 0 -1.6293705977504789 -86.98521057560319 118.5
0 1 2.254595158053596 -84.17059911804907 108.5
1 0 90.08115270839065 -19.845157801555217 -117.5
1 1 86.39124802902509 -22.585665985042006 -108.0
6178
-------------------New----------------
0 0 11.648154114135513 -91.32468042708385 118.5
0 1 9.712566218813432 -92.6548308479864 108.5
1 0 -34.060085196161296 -123.11084475077186 -117.5
1 1 -32.21573259271794 -121.8357282260644 -108.0
6201
-------------------New----------------
0 0 13.330540640382358 53.86941893071785 118.5
0 1 16.764575542279175 55.4618452776013 108.5
1 0 94.38116151681962 91.51809772634678 -117.5
1 1 91.12103745786735 90.0044349511974 -108.0
6206
-------------------New----------------
0 0 -32.03345403335303 -69.39551414741612 118.5
0 1 -34.34272139703596 -66.88068241201515 108.5
1 0 -86.48667028951358 -9.936704837172467 -117.5
1 1 -84.2888867614495 -12.333612058538968 -108.0
6208
-------------------New----------------
0 0 -25.017041243567785 -90.41174655314322 118.5
0 1 -27.341132403804075 -89.55157727067068 108.5
1 0 -79.85199568251565 -70.12191074208539 -117.5
1 1 -77.64449917293913 -70.93851352926612 -108.0
6211
-------------------New----------------
0 0 46.99069075973203 45.211978065250456 118.5
0 1 48.02905272856181 45.419774809319165 108.5
1 0 71.51267248044239 50.51335378098045 -117.5
1 1 70.52186913859269 50.29149220831075 -108.0
6220
-------------------New----------------
0 0 -87.69753128328922 16.314112455186805 118.5
0 1 -89.0920985005096 16.523882346370595 108.5
1 0 -120.56213304488827 21.236255851392066 -117.5
1 1 -119.24004030270643 21.039908291794863 -108.0
6236
-------------------New----------------
0 0 46.70964002067696 75.71081311661683 118.5
0 1 43.92975633619265 77.46722469670914 108.5
1 0 -18.86843825221498 117.15012419204406 -117.5
1 1 -16.230663990565766 115.48099849169175 -108.0
6242
-------------------New----------------
0 0 -65.31114936102178 -27.321884080793012 118.5
0 1 -65.48380093913708 -24.939994974395766 108.5
1 0 -69.39175655059766 28.913120182082963 -117.5
1 1 -69.22926499205327 26.65251781251942 -108.0
6246
-------------------New----------------
0 0 -55.93814746834592 66.65173460269413 118.5
0 1 -52.70789830255485 62.37076581042893 108.5
1 0 20.27729527838802 -34.41023794226641 -117.5
1 1 17.20975889301841 -30.341041791762336 -108.0
6253
-------------------New----------------
0 0 41.955571440728114 88.86688327771557 118.5
0 1 42.147246649838024 86.19437980873623 108.5
1 0 46.49188716210405 25.787987606610194 -117.5
1 1 46.30911375353713 28.327613358784607 -108.0
6258
-------------------New----------------
0 0 19.96306941533891 36.59872327470674 118.5
0 1 20.043059683119573 34.87223415323213 108.5
1 0 21.808917531453456 -4.14780498881685 -117.5
1 1 21.735177126419988 -2.507829548167391 -108.0
6267
-------------------New----------------
0 0 9.993124800120821 105.91377174866143 118.5
0 1 14.39672162578032 106.40006672300781 108.5
1 0 113.8924950061427 117.43067718427457 -117.5
1 1 109.71318282251498 116.9671334827497 -108.0
6271
-------------------New----------------
0 0 31.337689834478898 19.634898757619823 118.5
0 1 33.6056611998637 19.02128368827954 108.5
1 0 84.66622155240088 4.970452689744622 -117.5
1 1 82.51929537932646 5.5668246826442696 -108.0
6273
-------------------New----------------
0 0 35.66759450443336 -26.541005594702085 118.5
0 1 36.65640996440144 -22.49301052129477 108.5
1 0 58.99307839827253 69.01218651569279 -117.5
1 1 58.054833169617666 65.1655935728837 -108.0
6275
-------------------New----------------
0 0 -52.84556411189512 16.499385823755862 118.5
0 1 -50.36925242031242 12.789545241541035 108.5
1 0 5.558193533334942 -71.0577304324478 -117.5
1 1 3.2088323706931616 -67.53326676939695 -108.0
6282
-------------------New----------------
0 0 81.78507563604627 91.2620753042535 118.5
0 1 82.41624239747907 90.5066075808831 108.5
1 0 96.64263634051949 73.43171626621474 -117.5
1 1 96.04427975112961 74.15086734167821 -108.0
6284
-------------------New----------------
0 0 -24.185057851979735 15.60750227898185 118.5
0 1 -27.70951835204793 14.538144107404786 108.5
1 0 -107.32086677590114 -9.62582138554627 -117.5
1 1 -103.97907858113183 -8.606479636897557 -108.0
6287
-------------------New----------------
0 0 -110.93349986742142 11.701850185109807 118.5
0 1 -110.39670874834253 9.576072967524498 108.5
1 0 -98.2853033334597 -38.421028452024295 -117.5
1 1 -98.79427505428572 -36.405218035270245 -108.0
6289
-------------------New----------------
0 0 -53.710805911817864 2.8040303639782826 118.5
0 1 -53.72584053756096 -0.29340082056250155 108.5
1 0 -54.08462648740451 -70.2968976359759 -117.5
1 1 -54.06920106374438 -67.35481568350755 -108.0
6297
-------------------New----------------
0 0 77.98503297868544 -20.339211750863942 118.5
0 1 76.51685103947439 -24.436925978419826 108.5
1 0 43.34414061645167 -117.06621607916114 -117.5
1 1 44.739200289374466 -113.1734234299086 -108.0
6303
-------------------New----------------
0 0 -39.448413321819466 -44.85888246930709 118.5
0 1 -41.766879774769045 -40.50037320351784 108.5
1 0 -94.16924104957246 58.00940362286887 -117.5
1 1 -91.96647165334358 53.86963902015314 -108.0
6307
-------------------New----------------
0 0 -36.83713506381929 45.37253605460468 118.5
0 1 -39.99055435579684 39.71752136046134 108.5
1 0 -111.2786893833636 -88.13569274502534 -117.5
1 1 -108.28164279545292 -82.7605659473477 -108.0
6310
-------------------New----------------
0 0 -49.50351813569359 39.03386400064491 118.5
0 1 -50.61166371584528 42.122636164293496 108.5
1 0 -75.64850284431571 111.92248759541485 -117.5
1 1 -74.59703200148559 108.98835150918369 -108.0
6312
-------------------New----------------
0 0 82.2106733845869 -20.46652841216101 118.5
0 1 81.89202181791975 -19.85215698332714 108.5
1 0 74.81118407521036 -5.047853678206455 -117.5
1 1 75.08716626326384 -5.690349799987812 -108.0
6347
-------------------New----------------
0 0 -93.50022314169503 -29.678339896359166 118.5
0 1 -92.6888739314795 -25.47007342391273 108.5
1 0 -74.21398794355022 69.6608583947957 -117.5
1 1 -74.99419482357838 65.65793432865686 -108.0
6351
-------------------New----------------
0 0 -82.65954814673208 -7.882181166664087 118.5
0 1 -79.73171662164515 -10.306405882264988 108.5
1 0 -13.62520914520012 -65.01989739044816 -117.5
1 1 -16.40320442253259 -62.7236145112465 -108.0
6360
-------------------New----------------
0 0 8.67608657248606 -90.06425398579225 118.5
0 1 11.331398709912635 -88.36012795652006 108.5
1 0 71.35199170431049 -49.89601728605745 -117.5
1 1 68.82586407230112 -51.509406153906355 -108.0
6363
-------------------New----------------
0 0 0.6453621175188582 -7.92901018647017 118.5
0 1 2.1121716216225126 -4.7668378711406 108.5
1 0 35.242540485743305 66.69263610479526 -117.5
1 1 33.85070132981663 63.689106007608245 -108.0
6365
-------------------New----------------
0 0 89.44384970034406 -12.492766164089137 118.5
0 1 90.79418127727207 -13.04351903345535 108.5
1 0 121.32854302729395 -25.496586718645627 -117.5
1 1 120.05583734680697 -24.96660405417121 -108.0
6377
-------------------New----------------
0 0 -72.43459450372941 -37.68716131689598 118.5
0 1 -68.57184192424396 -39.06864641949882 108.5
1 0 18.6497434555524 -70.43219919797158 -117.5
1 1 14.98145888550196 -69.1140894773772 -108.0
6379
-------------------New----------------
0 0 -58.82954014992926 -9.357378744591527 118.5
0 1 -59.369998076151475 -10.74366417192969 108.5
1 0 -71.59868470169346 -42.38374616765783 -117.5
1 1 -71.08737203309451 -41.055917042114274 -108.0
6381
-------------------New----------------
0 0 -52.24399963852346 -100.4355880204702 118.5
0 1 -51.72345942835892 -100.04908016095871 108.5
1 0 -39.84095762299712 -91.32785545635406 -117.5
1 1 -40.34252271598195 -91.6942877667088 -108.0
6397
-------------------New----------------
0 0 50.610403360488306 -101.13983633176234 118.5
0 1 53.64690040583472 -100.5952501444723 108.5
1 0 122.26576739828405 -88.26549178801798 -117.5
1 1 119.3821761689097 -88.78438731331383 -108.0
6410
-------------------New----------------
0 0 -25.36982491146994 -8.944501841194626 118.5
0 1 -23.902003789142736 -11.961648155275643 108.5
1 0 9.256455627821962 -80.11964637082596 -117.5
1 1 7.862498710316805 -77.25551451781297 -108.0
6421
-------------------New----------------
0 0 -24.743062875216047 0.5406026402083761 118.5
0 1 -22.150876439704106 1.4457125537746094 108.5
1 0 36.45194466244887 21.907131124533628 -117.5
1 1 33.98855947407518 21.046432994607535 -108.0
6425
-------------------New----------------
0 0 -40.11598731309477 78.52918653987481 118.5
0 1 -42.36387151686438 80.49341107749774 108.5
1 0 -93.10249735549571 124.86379492936967 -117.5
1 1 -90.97555020970714 122.99641335363701 -108.0
6430
-------------------New----------------
0 0 -62.33706987410672 -75.02708058786395 118.5
0 1 -62.33974516388945 -75.87160225051053 108.5
1 0 -62.42251150754836 -95.024907043152 -117.5
1 1 -62.42813491705169 -94.2244767631586 -108.0
6445
-------------------New----------------
0 0 -68.00623837828246 -26.715635716450315 118.5
0 1 -64.00388095123162 -30.376716523093744 108.5
1 0 25.844712150641335 -112.57194412819635 -117.5
1 1 22.08241201151153 -109.14890548352757 -108.0
6448
-------------------New----------------
0 0 49.34227147159821 20.03151534188482 118.5
0 1 46.586840576337345 20.780431513192 108.5
1 0 -15.730364367867178 37.63793679354889 -117.5
1 1 -13.114675425000295 36.93545704532356 -108.0
6452
-------------------New----------------
0 0 -13.437182672759722 83.433981638522 118.5
0 1 -13.72623520228872 85.25403776781539 108.5
1 0 -20.580628972225586 126.68560627511911 -117.5
1 1 -20.28360958597117 124.93328842208878 -108.0
6456
-------------------New----------------
0 0 -19.94626669130124 -30.810881072405543 118.5
0 1 -16.518672215403445 -33.81544341735906 108.5
1 0 60.80657492190458 -101.23670613944384 -117.5
1 1 57.5558086748312 -98.42277563041776 -108.0
6464
-------------------New----------------
0 0 16.937189182671467 -31.711156002636613 118.5
0 1 15.163257129014923 -32.2606580895813 108.5
1 0 -24.65702210861984 -44.445479952198646 -117.5
1 1 -22.991592279805122 -43.931955145345015 -108.0
6467
-------------------New----------------
0 0 7.112220530585445 2.4997060304380536 118.5
0 1 9.209496864498838 -0.19130755875450928 108.5
1 0 56.609522580847866 -61.00679600630175 -117.5
1 1 54.61754857042639 -58.450272541053664 -108.0
6476
-------------------New----------------
0 0 -1.8509117659003835 73.57104546761452 118.5
0 1 -5.767515166292368 73.72700311417044 108.5
1 0 -94.26982806986064 77.22769100932341 -117.5
1 1 -90.54800529663036 77.08477709890384 -108.0
6477
-------------------New----------------
0 0 -6.7589283238239615 120.87921769481372 118.5
0 1 -9.367292497802126 120.40509195056924 108.5
1 0 -68.17853120507664 109.76378614503042 -117.5
1 1 -65.71016705465837 110.18451562530288 -108.0
6479
-------------------New----------------
0 0 -41.4583394811127 -82.0718968890665 118.5
0 1 -44.693963290584406 -82.20053721011759 108.5
1 0 -117.82492742996958 -85.11899655380685 -117.5
1 1 -114.75063285634042 -84.99595895848746 -108.0
6494
-------------------New----------------
0 0 -53.520811723543865 -28.81014180257397 118.5
0 1 -49.66725231268173 -25.949771229698875 108.5
1 0 37.42240506755224 38.77480974625486 -117.5
1 1 33.76241593605861 36.05021334579157 -108.0
6496
-------------------New----------------
0 0 -52.91182997254437 -110.30144088421011 118.5
0 1 -50.5022147394121 -109.75199153732379 108.5
1 0 3.9530178115955446 -97.33246488903094 -117.5
1 1 1.6640216398154841 -97.85470127863489 -108.0
6500
-------------------New----------------
0 0 9.325846662268775 -77.184289677228 118.5
0 1 8.239847567897703 -78.29255532047969 108.5
1 0 -16.319608355120863 -103.46434458208212 -117.5
1 1 -15.282655709145246 -102.40426828220784 -108.0
6503
-------------------New----------------
0 0 3.1603183264025825 26.35491252925517 118.5
0 1 1.0412519369426048 23.998900107257164 108.5
1 0 -46.85811083865605 -29.229383189957424 -117.5
1 1 -44.844404944269236 -26.99194386791792 -108.0
6509
-------------------New----------------
0 0 -106.9497642638728 -56.18877347156464 118.5
0 1 -105.9469157570671 -54.84020999295878 108.5
1 0 -83.28202912197762 -24.35610200518721 -117.5
1 1 -84.2346747961804 -25.637530294462408 -108.0
6511
-------------------New----------------
0 0 -52.64238980518153 -67.290255305116 118.5
0 1 -52.938244469205095 -69.0254720881054 108.5
1 0 -59.62109102916473 -108.24371066716746 -117.5
1 1 -59.340266876826945 -106.59528147149138 -108.0
6522
-------------------New----------------
0 0 43.16840748183313 -73.99208923181551 118.5
0 1 44.58249554318842 -72.02907446651167 108.5
1 0 76.56522184023213 -27.63267350103265 -117.5
1 1 75.22048916409993 -29.49803082238506 -108.0
6527
-------------------New----------------
0 0 27.002393800034593 77.99155742269544 118.5
0 1 29.466389895613265 79.56902080458266 108.5
1 0 85.26370708909977 115.24410324066181 -117.5
1 1 82.92132627715166 113.74719221290395 -108.0
6529
-------------------New----------------
0 0 59.28389368721891 79.72317926865676 118.5
0 1 56.43689076174585 76.38270978215627 108.5
1 0 -7.944357280954034 0.9110801302838709 -117.5
1 1 -5.236687288308982 4.082578323643358 -108.0
6530
-------------------New----------------
0 0 36.720843481682024 7.862565693766467 118.5
0 1 32.853542214884115 12.287278294164096 108.5
1 0 -54.55171292456805 112.29221050777835 -117.5
1 1 -50.87752615862081 108.08833762263632 -108.0
6532
-------------------New----------------
0 0 14.604762581620275 1.1340315190054666 118.5
0 1 18.510140574383712 1.091969861329481 108.5
1 0 106.76983122571467 0.1448537418476113 -117.5
1 1 103.05995725690973 0.18451569985221444 -108.0
6540
-------------------New----------------
0 0 -46.98468949112389 -16.10030366311424 118.5
0 1 -49.8436846781539 -14.975049827696466 108.5
1 0 -114.44672847062824 10.450126338327717 -117.5
1 1 -111.73149716296996 9.381660357303696 -108.0
6562
-------------------New----------------
0 0 -15.220264443286002 14.732714376893156 118.5
0 1 -16.61490866150702 16.479822928233265 108.5
1 0 -48.194946196475385 55.90777342284413 -117.5
1 1 -46.864044285708474 54.247252257647894 -108.0
6563
-------------------New----------------
0 0 29.947582149440525 -31.324238765848474 118.5
0 1 30.358755451653355 -27.04546692765957 108.5
1 0 40.53474607616673 69.69837370532778 -117.5
1 1 40.088190634218215 65.6238623081039 -108.0
6576
-------------------New----------------
0 0 -54.74648108923219 54.477692023158035 118.5
0 1 -51.79223780334943 54.25715439335795 108.5
1 0 14.949140789444922 49.239072988939235 -117.5
1 1 12.143800765855078 49.451339684861445 -108.0
6579
-------------------New----------------
0 0 -33.3224749167285 84.29164423129063 118.5
0 1 -33.080571231724875 82.38165277367315 108.5
1 0 -27.85847041628088 39.13629445017943 -117.5
1 1 -28.06533494321991 40.9482608770726 -108.0
6582
-------------------New----------------
0 0 -51.77658118541059 -5.874859532242828 118.5
0 1 -52.5180869690171 -10.731795023456375 108.5
1 0 -69.30538813654164 -120.59780136695099 -117.5
1 1 -68.6003245969441 -115.97807551366812 -108.0
6584
-------------------New----------------
0 0 -25.09486501335993 -99.27526318642074 118.5
0 1 -20.979300237342777 -98.25193281554651 108.5
1 0 72.11769849019376 -75.16091305549642 -117.5
1 1 68.19974642410011 -76.12770849134516 -108.0
6609
-------------------New----------------
0 0 44.07074593067027 7.053142396597018 118.5
0 1 45.67832479021335 8.412858095203864 108.5
1 0 82.04979851689583 39.07436788901871 -117.5
1 1 80.51861699721988 37.77766895134688 -108.0
6610
-------------------New----------------
0 0 111.07082759173008 -69.508773332311 118.5
0 1 110.15929655797754 -68.56693716414975 108.5
1 0 89.55965496342027 -47.31363987764579 -117.5
1 1 90.4222140595198 -48.21202446670405 -108.0
6615
-------------------New----------------
0 0 21.528219509755665 -22.76227361311091 118.5
0 1 20.904546949270244 -27.1126931972973 108.5
1 0 6.994741716513762 -125.67390590152135 -117.5
1 1 7.57556713036999 -121.51944778718207 -108.0
6620
-------------------New----------------
0 0 -33.931566981827906 48.34102835705691 118.5
0 1 -31.588200937265746 43.67043079140431 108.5
1 0 21.308320889029417 -62.0019124366904 -117.5
1 1 19.08326637549546 -57.556193750241775 -108.0
6622
-------------------New----------------
0 0 35.07669804230264 -52.78984493673946 118.5
0 1 33.59578437481026 -55.66665589371547 108.5
1 0 0.14864781824345102 -120.7076026528996 -117.5
1 1 1.5559531872220298 -117.97237543306835 -108.0
6623
-------------------New----------------
0 0 -65.31688152890288 -35.737694018770185 118.5
0 1 -63.4898697847795 -36.83513080480068 108.5
1 0 -22.141886108599437 -61.57188660896342 -117.5
1 1 -23.88417069535172 -60.530689105517865 -108.0
6626
-------------------New----------------
0 0 56.49829497359499 84.2154288039525 118.5
0 1 51.59165543811881 82.43660687363453 108.5
1 0 -59.2340294118044 42.279370725330395 -117.5
1 1 -54.57827225459522 43.96676508704978 -108.0
6629
-------------------New----------------
0 0 -4.982486769825033 86.0803628961799 118.5
0 1 -3.2406682123547803 85.09904503406241 108.5
1 0 36.41777426482414 63.07865072110435 -117.5
1 1 34.72603233484688 64.002593345979 -108.0
6634
-------------------New----------------
0 0 22.821213422338552 -22.79325501514166 118.5
0 1 18.19060506104723 -24.00059830744634 108.5
1 0 -86.44412964228975 -51.29452518801678 -117.5
1 1 -82.04602149261619 -50.14772486679931 -108.0
6635
-------------------New----------------
0 0 97.68407634075503 -39.87416494693501 118.5
0 1 97.42005666904281 -34.51187251594327 108.5
1 0 91.41443647736402 86.73042982098448 -117.5
1 1 91.66761105416847 81.63265433530734 -108.0
6644
-------------------New----------------
0 0 20.213613245919014 -32.22376804918478 118.5
0 1 18.831778360962147 -30.23220260521108 108.5
1 0 -13.485862175038928 13.928272186701978 -117.5
1 1 -12.130841797463797 12.078647376478242 -108.0
6650
-------------------New----------------
0 0 -72.77696254285352 -13.517357815277276 118.5
0 1 -69.649417642041 -10.960546069956214 108.5
1 0 1.0246660941436947 46.846542555527755 -117.5
1 1 -1.9466526994244162 44.41640932737626 -108.0
6651
-------------------New----------------
0 0 -117.68352892042057 -93.4097185852822 118.5
0 1 -117.48633736941099 -92.03236197999665 108.5
1 0 -113.01767810003392 -60.811867817251496 -117.5
1 1 -113.19813653566669 -62.13158305931446 -108.0
6655
-------------------New----------------
0 0 18.470482246235818 10.792618059631113 118.5
0 1 17.268961290134445 12.405641032526269 108.5
1 0 -9.992503603634699 48.70297537286533 -117.5
1 1 -8.851040952893168 47.17699187466337 -108.0
6666
-------------------New----------------
0 0 3.7642186901398182 -25.740225305129922 118.5
0 1 2.2713021021510658 -22.93985559387465 108.5
1 0 -31.303152490254256 41.04639001619426 -117.5
1 1 -29.89255484241655 38.31719398271322 -108.0
6667
-------------------New----------------
0 0 54.1824770965507 -46.92322361659261 118.5
0 1 54.214591883780784 -48.59567792875383 108.5
1 0 55.36181175309448 -86.08094440537484 -117.5
1 1 55.29767464484397 -84.50858794711213 -108.0
6668
-------------------New----------------
0 0 -120.35263362950234 -9.911034233995995 118.5
0 1 -126.26097861508094 -10.337323197851672 108.5
1 0 -9.808310364691545 14.558635680936806 -117.5
1 1 -8.573058361804266 17.39104416997491 -108.0
6670
-------------------New----------------
0 0 55.73640854143572 -5.878746774647297 118.5
0 1 58.25385975945433 -7.331788629831168 108.5
1 0 115.09372320506125 -40.16892918883209 -117.5
1 1 112.70742375535683 -38.788177678978236 -108.0
6672
-------------------New----------------
0 0 62.690234682673314 -18.13192840914352 118.5
0 1 65.01162194374096 -15.940316438979087 108.5
1 0 117.42998665939865 33.443637315897526 -117.5
1 1 115.23004401761057 31.370561280695654 -108.0
6687
-------------------New----------------
0 0 4.823026253177528 -39.44422740933142 118.5
0 1 6.037319268915317 -42.86826353282665 108.5
1 0 33.47074152679704 -120.11997689403604 -117.5
1 1 32.31830022804539 -116.8769804858656 -108.0
6696
-------------------New----------------
0 0 -46.572593464300034 39.340661551903366 118.5
0 1 -46.76194461350848 39.816187042794574 108.5
1 0 -50.952543648936846 50.47086259973837 -117.5
1 1 -50.8014151776758 50.03207262341084 -108.0
6700
-------------------New----------------
0 0 -5.4279624687991115 -66.99036599637972 118.5
0 1 -3.0756448975722526 -65.65373574929058 108.5
1 0 50.019378360376095 -35.371763718311215 -117.5
1 1 47.79660507139904 -36.64652444947525 -108.0
6704
-------------------New----------------
0 0 -111.14843006999763 17.498462072527108 118.5
0 1 -110.7770721948993 15.323437394642013 108.5
1 0 -102.38544451954148 -33.8823452033135 -117.5
1 1 -102.74109386040638 -31.81321807968728 -108.0
6711
-------------------New----------------
0 0 83.13720009427819 -13.860869339517194 118.5
0 1 83.19123158526814 -9.915920491137447 108.5
1 0 84.65762500197873 79.31184040733645 -117.5
1 1 84.59190509426392 75.57312881603177 -108.0
6717
-------------------New----------------
0 0 -20.197310287831478 -38.64819979446107 118.5
0 1 -16.127208873071666 -37.380293945978345 108.5
1 0 75.70768194139475 -8.74376740900532 -117.5
1 1 71.8533241242393 -9.943154584294643 -108.0
6719
-------------------New----------------
0 0 76.90250138458283 60.30765297888003 118.5
0 1 77.99093592440877 59.807430280279995 108.5
1 0 102.98487023926918 48.22777447184047 -117.5
1 1 101.85465968626531 48.74578197320021 -108.0
6720
-------------------New----------------
0 0 -10.282396341286866 66.5051726243586 118.5
0 1 -10.465057441291902 65.58121139939644 108.5
1 0 -14.711960814262792 44.58695381496271 -117.5
1 1 -14.53133075043247 45.473709110497495 -108.0
6727
-------------------New----------------
0 0 16.643697352927376 -18.93469840796543 118.5
0 1 15.785943751166593 -22.279232059356506 108.5
1 0 -3.6293790019684153 -97.7422949814524 -117.5
1 1 -2.811497735143445 -94.57139026649227 -108.0
6730
-------------------New----------------
0 0 -79.54888796178753 -96.40198072927124 118.5
0 1 -81.00253349377539 -94.30834381000088 108.5
1 0 -113.78736936859646 -46.93292607364532 -117.5
1 1 -112.40945055934999 -48.92383638100876 -108.0
6731
-------------------New----------------
0 0 -53.6976747099925 -9.45626968469288 118.5
0 1 -50.96178033498275 -13.971089391361858 108.5
1 0 10.743265286379614 -115.96245372191188 -117.5
1 1 8.156270789275265 -111.68578587249002 -108.0
6739
-------------------New----------------
0 0 -27.798938380038685 24.293124122673238 118.5
0 1 -26.261926667973633 26.93489034109581 108.5
1 0 8.408687841377287 86.67556373503363 -117.5
1 1 6.95828829282434 84.16028431176677 -108.0
6740
-------------------New----------------
0 0 58.33801093731021 34.71200175544004 118.5
0 1 58.24787823993495 32.829222472151784 108.5
1 0 56.195076539103184 -9.722476550046322 -117.5
1 1 56.28225772824701 -7.935550937015636 -108.0
6745
-------------------New----------------
0 0 -8.446254357142077 -29.68338165910306 118.5
0 1 -6.530856788097575 -27.143150436926913 108.5
1 0 36.790606766491464 30.03574895935514 -117.5
1 1 34.97363211870718 27.631560541131783 -108.0
6752
-------------------New----------------
0 0 -19.4209688939866 -44.88868964062177 118.5
0 1 -20.284784467942007 -47.72857827654731 108.5
1 0 -39.761150099311664 -111.91524837499676 -117.5
1 1 -38.94236257153349 -109.2180614648707 -108.0
6755
-------------------New----------------
0 0 -5.171438462155959 -23.11033094940407 118.5
0 1 -8.866242908298128 -23.03629881770073 108.5
1 0 -92.27502579913453 -21.421485148245853 -117.5
1 1 -88.77027421087251 -21.489121300868458 -108.0
6759
-------------------New----------------
0 0 13.449182447548774 30.55609114784964 118.5
0 1 13.621243228407632 32.398501101285014 108.5
1 0 17.509614558544932 74.03279794608751 -117.5
1 1 17.34610548906956 72.2824210248418 -108.0
6764
-------------------New----------------
0 0 83.12458904936733 43.113059466027856 118.5
0 1 83.97524168246979 43.593796062121996 108.5
1 0 103.20088794203662 54.450552957014864 -117.5
1 1 102.3927322956074 53.99410843761001 -108.0
6767
-------------------New----------------
0 0 18.803790967697743 50.48912985358195 118.5
0 1 16.514672823574305 47.99360076993899 108.5
1 0 -35.213244078634666 -8.439539162541426 -117.5
1 1 -33.04116015989943 -6.066059807083388 -108.0
6783
-------------------New----------------
0 0 -111.68972658248033 63.27474905900092 118.5
0 1 -111.42817076699441 63.48124509926525 108.5
1 0 -105.50330200317475 68.13604692042053 -117.5
1 1 -105.75346712142414 67.941212311684 -108.0
6788
-------------------New----------------
0 0 90.79282460165938 9.938874798575611 118.5
0 1 91.01374054632319 14.176369510647149 108.5
1 0 96.02912064162447 109.90380997178303 -117.5
1 1 95.81845194296054 105.87929090834525 -108.0
6790
-------------------New----------------
0 0 -102.30576625037986 14.364907521671677 118.5
0 1 -102.03594473291241 11.62760649118029 108.5
1 0 -95.94243911094239 -50.14788421989872 -117.5
1 1 -96.19769978787483 -47.55204192549331 -108.0
6794
-------------------New----------------
0 0 1.6486996274228929 -28.238362016440995 118.5
0 1 -3.2166333859041765 -25.57016696611122 108.5
1 0 -113.08336288833985 34.66512303021098 -117.5
1 1 -108.47083825342736 32.14687738328994 -108.0
6797
-------------------New----------------
0 0 2.7579247294763114 56.39971286337804 118.5
0 1 0.4831921113477147 53.12216139420629 108.5
1 0 -51.005563177185124 -20.84984798178528 -117.5
1 1 -48.84310825300625 -17.740559378994284 -108.0
6805
-------------------New----------------
0 0 -20.21806421200478 33.360146721073974 118.5
0 1 -20.207861675257014 35.63474639948233 108.5
1 0 -19.963347660463988 87.06754108780169 -117.5
1 1 -19.973659862335648 84.9045161031592 -108.0
6806
-------------------New----------------
0 0 125.52133163709348 -14.04335722351514 118.5
0 1 125.35915377562416 -18.566080198358986 108.5
1 0 121.68645217578634 -120.77756433553199 -117.5
1 1 121.8409934082628 -116.48148057843143 -108.0
6808
-------------------New----------------
0 0 2.1114472949745173 -111.89539724637602 118.5
0 1 -0.07832516492512749 -110.93300470816675 108.5
1 0 -49.55565721256965 -89.19514941013092 -117.5
1 1 -47.47587166860876 -90.10806529275744 -108.0
6811
-------------------New----------------
0 0 -28.521935825323077 -32.750018591648505 118.5
0 1 -25.534199032268774 -30.027759329239615 108.5
1 0 41.992268914174076 31.491598722652252 -117.5
1 1 39.152795043512 28.906188674485445 -108.0
6813
-------------------New----------------
0 0 75.11266958227046 40.18250744255685 118.5
0 1 74.70722718224661 40.61442929396504 108.5
1 0 65.52874486097768 50.34578687992325 -117.5
1 1 65.91550161471163 49.93853255923297 -108.0
6818
-------------------New----------------
0 0 -48.85324732756963 -51.782250917019766 118.5
0 1 -49.815697570602154 -47.769929561188825 108.5
1 0 -71.66296318727588 42.89133775205914 -117.5
1 1 -70.74028690412736 39.07964934652781 -108.0
6821
-------------------New----------------
0 0 2.461288363855739 11.315087344462153 118.5
0 1 2.4976377706449107 11.09674293269131 108.5
1 0 3.3113798557545193 6.162769820648103 -117.5
1 1 3.277286938016983 6.369583639874982 -108.0
6824
-------------------New----------------
0 0 76.68428497197951 -28.027010506332136 118.5
0 1 77.7288499308092 -28.332160740571062 108.5
1 0 101.27729179456432 -35.195120614519894 -117.5
1 1 100.27844511746699 -34.90367493625968 -108.0
6832
-------------------New----------------
0 0 94.76152384546947 69.26926976452235 118.5
0 1 95.7914838721672 71.60950626886664 108.5
1 0 119.18987071236477 124.41565057526068 -117.5
1 1 118.20582777905807 122.19633462218012 -108.0
6840
-------------------New----------------
0 0 89.22081344372359 21.850875524408487 118.5
0 1 87.71968903889214 25.35336358568811 108.5
1 0 53.68538277617826 104.5037452928406 -117.5
1 1 55.119277540263866 101.18088236999094 -108.0
6849
-------------------New----------------
0 0 -52.63035222575932 -91.34453101460493 118.5
0 1 -50.51655395324557 -89.39846846714913 108.5
1 0 -2.7354827213907127 -45.410409468529224 -117.5
1 1 -4.743798689031438 -47.25931227549125 -108.0
6854
-------------------New----------------
0 0 81.92232653982843 -0.7165433558413262 118.5
0 1 82.18605491376834 -1.3085062338742302 108.5
1 0 88.37984717470395 -14.590296924574861 -117.5
1 1 88.12490141205345 -14.044165576075585 -108.0
6855
-------------------New----------------
0 0 -7.4318319780666044 -22.622234327346707 118.5
0 1 -3.5630828642750507 -20.411290420661633 108.5
1 0 83.87724506663085 29.46323427655824 -117.5
1 1 80.20310078637297 27.37106687395153 -108.0
6857
-------------------New----------------
0 0 -26.920480844575696 27.847038495180538 118.5
0 1 -26.981542079532147 28.326792366052707 108.5
1 0 -28.090349219633993 39.15332396386014 -117.5
1 1 -28.047593228291156 38.69769062293286 -108.0
6864
-------------------New----------------
0 0 -65.28867043353593 -107.1593047747144 118.5
0 1 -65.15308169243005 -107.57471947343791 108.5
1 0 -62.116479362092946 -116.81163407345056 -117.5
1 1 -62.23669986888946 -116.42656324885839 -108.0
6866
-------------------New----------------
0 0 18.076849345836116 -94.41885262752945 118.5
0 1 19.47171430798705 -95.19246151217115 108.5
1 0 50.96198727085536 -112.6693824481974 -117.5
1 1 49.63930754282002 -111.93019879913001 -108.0
6867
-------------------New----------------
0 0 -6.989128763643632 6.847898929201219 118.5
0 1 -3.252979351180245 9.30690679153756 108.5
1 0 81.18583605789743 64.85121318928866 -117.5
1 1 77.64042535861391 62.5206867056602 -108.0
6877
-------------------New----------------
0 0 14.607775627180652 24.478713384214497 118.5
0 1 17.336044991734475 25.340458343075777 108.5
1 0 78.91435181070143 44.54893373214152 -117.5
1 1 76.32693444663087 43.74709551732574 -108.0
6886
-------------------New----------------
0 0 -30.286087022886637 -49.88990805023062 118.5
0 1 -32.786336792268834 -47.417268720951974 108.5
1 0 -89.29059102881561 8.599348352014424 -117.5
1 1 -86.91483150350054 6.241304023041867 -108.0
6891
-------------------New----------------
0 0 25.878095602578316 -52.752611335249604 118.5
0 1 29.084109786595906 -55.73556628953598 108.5
1 0 101.57732901881585 -123.16236883403766 -117.5
1 1 98.53039374952915 -120.32436148024517 -108.0
6896
-------------------New----------------
0 0 39.24225637102961 37.27274686247013 118.5
0 1 37.861424985909636 32.26930140847516 108.5
1 0 6.700932859083418 -80.75840667748153 -117.5
1 1 8.007755913438462 -76.00823277953792 -108.0
6897
-------------------New----------------
0 0 -94.66131740443751 74.97209731851775 118.5
0 1 -94.67725123380833 72.40074682896879 108.5
1 0 -95.0170966686696 14.254428301283095 -117.5
1 1 -95.00401520258006 16.697887535234088 -108.0
6901
-------------------New----------------
0 0 -38.62443773730239 76.90167554141503 118.5
0 1 -41.32327635596248 77.44340414244462 108.5
1 0 -102.0124386099434 89.67349054811694 -117.5
1 1 -99.46847378557067 89.15357347771328 -108.0
6912
-------------------New----------------
0 0 12.814628235446161 -37.26506737640931 118.5
0 1 12.88907835509752 -41.07563992245515 108.5
1 0 14.617164399746766 -127.18101246287112 -117.5
1 1 14.544735421322423 -123.56317751485389 -108.0
6913
-------------------New----------------
0 0 87.78408459707073 119.31544168027912 118.5
0 1 85.54605793981192 121.03103460674845 108.5
1 0 -73.10539960796297 -23.451486590529203 -117.5
1 1 -71.93879799429888 -22.33024758643209 -108.0
6924
-------------------New----------------
0 0 -61.26777163349258 21.538850100303698 118.5
0 1 -62.87849481888505 21.993810099382436 108.5
1 0 -99.30028690019239 32.30924319780313 -117.5
1 1 -97.76863405651893 31.87274062621598 -108.0
6927
-------------------New----------------
0 0 -77.74306997817104 45.95703544202572 118.5
0 1 -75.5961467455384 40.15818067555793 108.5
1 0 -27.010767223824406 -90.77695358238985 -117.5
1 1 -29.05544357841102 -85.2761467565108 -108.0
6931
-------------------New----------------
0 0 66.32221409341359 -40.018959816759505 118.5
0 1 66.19065458320839 -40.89063048952392 108.5
1 0 63.29998070510163 -60.57905113260148 -117.5
1 1 63.42109143707596 -59.75695720832821 -108.0
6942
-------------------New----------------
0 0 -27.316218596042507 21.996615379224927 118.5
0 1 -23.56792345201218 26.044302242111275 108.5
1 0 61.23431014084978 117.60520033612185 -117.5
1 1 57.66733329781938 113.75776715478455 -108.0
6954
-------------------New----------------
0 0 64.32128056597517 -65.41376892031643 118.5
0 1 63.9510194167015 -65.48179718123211 108.5
1 0 55.5558247100321 -67.01433020419495 -117.5
1 1 55.90738590086588 -66.94819580838943 -108.0
6960
-------------------New----------------
0 0 -17.897654072236726 -79.1505054329792 118.5
0 1 -15.904483244394934 -76.39616414144358 108.5
1 0 29.112797527929906 -14.15112468360168 -117.5
1 1 27.222744734698374 -16.768384323965456 -108.0
6965
-------------------New----------------
0 0 49.3047040277005 41.6385762829748 118.5
0 1 47.85361369228002 44.34220300084222 108.5
1 0 15.084634010362553 105.43074456454485 -117.5
1 1 16.461724094313702 102.86417492527553 -108.0
6969
-------------------New----------------
0 0 -36.70511892996686 -83.5226709918127 118.5
0 1 -35.25870420542005 -81.62122226795967 108.5
1 0 -2.7003819460773753 -38.74583987010574 -117.5
1 1 -4.057319153757321 -40.545566711785 -108.0
6970
-------------------New----------------
0 0 -0.27902424258187153 74.69231937371038 118.5
0 1 0.08167566891802358 73.1676412476461 108.5
1 0 8.246411697747552 38.73051350299663 -117.5
1 1 7.903563639648243 40.177616160672756 -108.0
6978
-------------------New----------------
0 0 86.07077577062844 10.464661917774267 118.5
0 1 84.77555898840542 13.034666699525516 108.5
1 0 55.396296865419444 71.37707489762374 -117.5
1 1 56.629984501186186 68.89059541183315 -108.0
6979
-------------------New----------------
0 0 18.65045094117867 78.6740743781236 118.5
0 1 19.093362899065202 79.35682898786487 108.5
1 0 29.246998115357673 94.78897721164914 -117.5
1 1 28.820064734537244 94.14210370712804 -108.0
6985
-------------------New----------------
0 0 -73.09221213134663 -76.35864883220414 118.5
0 1 -74.14552150830049 -74.00303589598391 108.5
1 0 -97.92989218015238 -20.795845860055483 -117.5
1 1 -96.9257431350912 -23.018275936125796 -108.0
6991
-------------------New----------------
0 0 -35.82800479693538 -38.13126511132264 118.5
0 1 -33.139306934095586 -34.614938716946405 108.5
1 0 26.776846221264645 44.86408485518421 -117.5
1 1 24.29643958014106 41.52524700562404 -108.0
6992
-------------------New----------------
0 0 67.02153333934127 -64.3751315008623 118.5
0 1 67.92269184156383 -61.56436755773065 108.5
1 0 88.295284321062 1.9590366613611152 -117.5
1 1 87.43677273708833 -0.7127439328055584 -108.0
6994
-------------------New----------------
0 0 -30.384260624187853 -20.734809633248865 118.5
0 1 -30.947543055573497 -17.264562769560595 108.5
1 0 -43.67357729129858 61.179400247885916 -117.5
1 1 -43.1394684171543 57.88185766413865 -108.0
7018
-------------------New----------------
0 0 60.954341054430685 32.59926088194294 118.5
0 1 63.58678994271192 32.17238796236328 108.5
1 0 123.41436966246309 22.629233340612263 -117.5
1 1 120.8912371425381 23.04297469932431 -108.0
7023
-------------------New----------------
0 0 -33.26015294153058 -50.89825133563469 118.5
0 1 -30.008132719321928 -50.79711924150055 108.5
1 0 43.42686616579293 -48.22160815294228 -117.5
1 1 40.326667812946994 -48.36993243193757 -108.0
7026
-------------------New----------------
0 0 -68.63301925393313 -87.23583392802773 118.5
0 1 -68.96827873630284 -87.44519654935648 108.5
1 0 -76.5431593231897 -92.17715875923412 -117.5
1 1 -76.22474633471424 -91.97825961602538 -108.0
7030
-------------------New----------------
0 0 -71.95100683542323 5.624564391490096 118.5
0 1 -72.5093004988839 5.230035967315643 108.5
1 0 -85.15862368046193 -3.7109756309324204 -117.5
1 1 -84.62794073338686 -3.3344663700380854 -108.0
7033
-------------------New----------------
0 0 -62.852694984458594 81.65144525005107 118.5
0 1 -59.180163321782025 83.52940197332339 108.5
1 0 23.818979287989624 125.95981923853881 -117.5
1 1 20.329767136192878 124.17668195097906 -108.0
7044
-------------------New----------------
0 0 32.73356770820031 -29.089375450041462 118.5
0 1 31.896507276361984 -27.523939880624074 108.5
1 0 12.978503136599755 7.854226861293722 -117.5
1 1 13.773749057401673 6.367080308255677 -108.0
7052
-------------------New----------------
0 0 -54.8703971441616 -6.467968366400688 118.5
0 1 -53.493461652030646 -9.47064273862567 108.5
1 0 -22.808091299180905 -77.80030638899919 -117.5
1 1 -24.078179948294814 -74.93261994135909 -108.0
7055
-------------------New----------------
0 0 81.09103843232563 12.803790750043825 118.5
0 1 78.16697115714379 13.125435434566418 108.5
1 0 12.09829823664435 20.42464517801749 -117.5
1 1 14.874956300384948 20.116524897626874 -108.0
7059
-------------------New----------------
0 0 0.979549773438966 -51.84517024082339 118.5
0 1 3.011316919106859 -50.021516040232896 108.5
1 0 48.95768713393322 -8.803195366262754 -117.5
1 1 47.02524467269288 -10.535701792278777 -108.0
7072
-------------------New----------------
0 0 62.40971203630545 36.263786721167776 118.5
0 1 59.4984914582015 33.634255098137054 108.5
1 0 -5.600388556921452 -26.105504840376305 -117.5
1 1 -2.8952366185330405 -23.58150939337599 -108.0
7076
-------------------New----------------
0 0 41.52517755932416 -16.60392425605389 118.5
0 1 44.154421702589744 -13.146952304429865 108.5
1 0 103.7527606569063 65.07075734842323 -117.5
1 1 101.2367413499349 61.78796759639489 -108.0
7081
-------------------New----------------
0 0 -37.69720459923604 15.673662221298628 118.5
0 1 -39.82193307137388 20.115413840572153 108.5
1 0 -87.78968905853365 120.4988437620959 -117.5
1 1 -85.78103212020247 116.28534103633339 -108.0
7095
-------------------New----------------
0 0 24.515171913677733 39.38235482763219 118.5
0 1 26.680380579835976 39.38029086307448 108.5
1 0 75.73702241585353 39.74909625485882 -117.5
1 1 73.67605329436213 39.72541131904438 -108.0
7098
-------------------New----------------
0 0 -28.936082072094315 48.14895189759031 118.5
0 1 -32.13480832990603 50.84810565309708 108.5
1 0 -104.33483691973679 111.79985621553514 -117.5
1 1 -101.29894967872124 109.2405023249199 -108.0
7100
-------------------New----------------
0 0 -37.82497199654973 63.98954008320426 118.5
0 1 -33.520476119559206 65.48280090162253 108.5
1 0 63.74349576317294 99.16039938028946 -117.5
1 1 59.6505582979104 97.74382721312413 -108.0
7112
-------------------New----------------
0 0 -84.45434943420679 62.9868885546028 118.5
0 1 -85.62236186213703 60.47677515973011 108.5
1 0 -112.17753802518469 3.680396298911112 -117.5
1 1 -111.05652065591144 6.0775899066780585 -108.0
7116
-------------------New----------------
0 0 101.99194596355665 -53.49261239034589 118.5
0 1 102.96600360440482 -53.99751183563559 108.5
1 0 124.95130558309833 -65.30025463590273 -117.5
1 1 124.02851146825881 -64.82480780624134 -108.0
7122
-------------------New----------------
0 0 7.849348646504675 9.312515839440843 118.5
0 1 5.624607650311662 7.539148638406964 108.5
1 0 -44.64993444732609 -32.55587405712813 -117.5
1 1 -42.53632886654937 -30.86790421101777 -108.0
7133
-------------------New----------------
0 0 18.44332234673964 -39.61617200593056 118.5
0 1 20.31792844205612 -39.91453282616758 108.5
1 0 62.642408124070165 -46.91526952771785 -117.5
1 1 60.84583864625419 -46.61453726925503 -108.0
7137
-------------------New----------------
0 0 84.68367001159245 62.09652442571589 118.5
0 1 82.6721292519425 61.01365929460741 108.5
1 0 37.19228920084735 36.521592136523466 -117.5
1 1 39.10537262228384 37.5516388171583 -108.0
7138
-------------------New----------------
0 0 -39.43359409436552 85.098800440092 118.5
0 1 -34.40499661396947 83.11182736075642 108.5
1 0 79.23452533422609 38.26115535340596 -117.5
1 1 74.45799636606824 40.14543541168721 -108.0
7141
-------------------New----------------
0 0 -58.208297209631425 -44.57710576589027 118.5
0 1 -54.75188677782408 -39.276129585151395 108.5
1 0 23.297783330051587 80.50492371192249 -117.5
1 1 20.01748902699202 75.470061810979 -108.0
7142
-------------------New----------------
0 0 35.29591332725264 -104.32756606083117 118.5
0 1 35.8186164704783 -102.66785960491582 108.5
1 0 47.57097166336138 -65.21702038212317 -117.5
1 1 47.08562523618702 -66.78744926530797 -108.0
7147
-------------------New----------------
0 0 -16.489244688731517 121.48074323735564 118.5
0 1 -15.546955672504613 121.3922484239412 108.5
1 0 5.741512588022802 119.38051508922327 -117.5
1 1 4.84693450115838 119.46677285534399 -108.0
7154
-------------------New----------------
0 0 -3.1776294642390583 -69.99211382478305 118.5
0 1 -0.6134272979383141 -68.11112946257798 108.5
1 0 57.36155403567127 -25.63029618977535 -117.5
1 1 54.924867173335784 -27.418032212574882 -108.0
7166
-------------------New----------------
0 0 -84.59042230740393 30.536927766774717 118.5
0 1 -83.36495306738884 31.685305223482118 108.5
1 0 -55.75679842347817 57.71623123101803 -117.5
1 1 -56.9130097254994 56.61731317927949 -108.0
7168
-------------------New----------------
0 0 -58.773999271176955 -92.50819128185165 118.5
0 1 -56.852538764452696 -92.46619059842297 108.5
1 0 -13.40126872599598 -91.53949709591193 -117.5
1 1 -15.227818852222763 -91.57851227291027 -108.0
7169
-------------------New----------------
0 0 -36.82748082941261 -25.3031590356861 118.5
0 1 -39.51766246955234 -20.564685342219175 108.5
1 0 -100.16621551625136 86.42690909136138 -117.5
1 1 -97.61908031131166 81.93017387900171 -108.0
7170
-------------------New----------------
0 0 -23.43866055201781 -34.232536195100785 118.5
0 1 -26.808047698859774 -31.189452636467063 108.5
1 0 -103.13632366385309 37.34791092235007 -117.5
1 1 -99.925600262039 34.471475657137404 -108.0
7171
-------------------New----------------
0 0 -18.003007873720236 64.12012026789795 118.5
0 1 -21.8874396878226 63.330759326763356 108.5
1 0 -109.66615731076948 45.4623889221442 -117.5
1 1 -105.97649915005188 46.21374606109641 -108.0
7180
-------------------New----------------
0 0 8.291539939518291 42.21317990089208 118.5
0 1 7.1659271594080325 43.58855572463928 108.5
1 0 -18.234563228688103 74.59353852919415 -117.5
1 1 -17.16558716545881 73.2883231790523 -108.0
7192
-------------------New----------------
0 0 -70.29593195320786 -4.077019900743027 118.5
0 1 -71.78018716494628 -1.911357834164349 108.5
1 0 -105.30566808737208 47.043959457368594 -117.5
1 1 -103.89816898681659 44.98768992113071 -108.0
7194
-------------------New----------------
0 0 58.22922253782933 60.33151942568437 118.5
0 1 53.67394491869961 56.39608485758542 108.5
1 0 -49.315827865266655 -32.540987319843 -117.5
1 1 -44.98595528021586 -28.801732984959823 -108.0
7200
-------------------New----------------
0 0 -63.64865198181809 -0.027749742593072568 118.5
0 1 -62.65692472376439 -2.3684435249455986 108.5
1 0 -40.23162229654041 -55.26813745929458 -117.5
1 1 -41.176456826927605 -53.04315451189085 -108.0
7215
-------------------New----------------
0 0 39.52760730530069 -28.784509996472934 118.5
0 1 37.112876292619816 -28.628604825637446 108.5
1 0 -17.675582491948 -24.996196640887497 -117.5
1 1 -15.378611223948036 -25.146861476079955 -108.0
7219
-------------------New----------------
0 0 -20.194495789186565 -40.35632869187812 118.5
0 1 -19.00013126120455 -39.591939744441696 108.5
1 0 7.993732364738396 -22.35408309932557 -117.5
1 1 6.858756827563418 -23.077853894746852 -108.0
7220
-------------------New----------------
0 0 60.414826155152255 55.58718271505573 118.5
0 1 60.5022146749227 58.18320437794763 108.5
1 0 62.43673606865622 116.82662792799695 -117.5
1 1 62.35509119159059 114.36216836477467 -108.0
7229
-------------------New----------------
0 0 102.64545750148689 61.32894393531335 118.5
0 1 102.70815530548398 62.10523041322377 108.5
1 0 104.35714883943476 79.36106109439069 -117.5
1 1 104.28015052996143 78.63090447841854 -108.0
7233
-------------------New----------------
0 0 -64.26672435445141 98.64712898945479 118.5
0 1 -63.90442900959814 99.05137019994208 108.5
1 0 -54.656692574564886 107.95790020980209 -117.5
1 1 -55.072978171561374 107.58020547008809 -108.0
7239
-------------------New----------------
0 0 -107.3200968842013 -31.626776535745307 118.5
0 1 -106.5869583844321 -29.698449796287566 108.5
1 0 -89.81802930799182 13.943679584979682 -117.5
1 1 -90.5237343492063 12.105801521860954 -108.0
7240
-------------------New----------------
0 0 62.0053195520436 -28.822649165714 118.5
0 1 57.951402799093536 -31.160933910799734 108.5
1 0 -33.66378675421395 -84.16281455020484 -117.5
1 1 -29.814837711340736 -81.92500500737998 -108.0
7248
-------------------New----------------
0 0 16.73840973092925 8.468240139962436 118.5
0 1 19.67343388076205 7.26095326104669 108.5
1 0 85.969245807918 -20.019949269292418 -117.5
1 1 83.1813138316442 -18.871099599847387 -108.0
7252
-------------------New----------------
0 0 -114.26291299156938 68.79806242738432 118.5
0 1 -114.56018775877476 67.54903342133332 108.5
1 0 -121.27265711197587 39.34954100523549 -117.5
1 1 -120.99184104573517 40.535204935463625 -108.0
7254
-------------------New----------------
0 0 6.869222185243581 -46.494686167707755 118.5
0 1 3.4795013339875553 -44.50370297569192 108.5
1 0 -72.16078588639081 0.2401724351217121 -117.5
1 1 -69.01559924443444 -1.6563295996746468 -108.0
7266
-------------------New----------------
0 0 30.556989894796402 -86.84956888196155 118.5
0 1 27.050424475957605 -85.41895476284073 108.5
1 0 -52.21433623283466 -53.080717386988 -117.5
1 1 -48.88341224230677 -54.44045716765352 -108.0
7273
-------------------New----------------
0 0 -86.23964433841378 -53.57602734076536 118.5
0 1 -85.53406418593138 -56.124675361454614 108.5
1 0 -69.61618586073884 -113.73200056052433 -117.5
1 1 -70.28206657756337 -111.30854217737878 -108.0
7298
-------------------New----------------
0 0 -17.943928888547298 -104.93439923282415 118.5
0 1 -17.036160341946186 -104.73839163509565 108.5
1 0 3.319092184274001 -100.54580290835341 -117.5
1 1 2.4602440547291238 -100.72776462737237 -108.0
7299
-------------------New----------------
0 0 93.77075160437795 31.798478985482536 118.5
0 1 94.00135095767874 35.047249464926324 108.5
1 0 99.33342994882288 108.57841602523062 -117.5
1 1 99.10594717760347 105.48527020448584 -108.0
7320
-------------------New----------------
0 0 -46.49054440526495 -20.004740912485012 118.5
0 1 -49.66897861763712 -21.9409434976434 108.5
1 0 -121.44598547769064 -65.80462941855265 -117.5
1 1 -118.42671322359817 -63.95498886101158 -108.0
7332
-------------------New----------------
0 0 95.74594291185804 19.958574957251223 118.5
0 1 95.81785266128045 17.913383024603526 108.5
1 0 97.52740939476264 -28.247789206609866 -117.5
1 1 97.4557888821705 -26.30856983276456 -108.0
7334
-------------------New----------------
0 0 72.86224722532647 -21.69698288392537 118.5
0 1 70.60765041050504 -18.344992364303238 108.5
1 0 19.65782177862591 57.39172785640052 -117.5
1 1 21.800178986553085 54.20887720993753 -108.0
7342
-------------------New----------------
0 0 43.48861758631532 -59.50045216978343 118.5
0 1 42.62639922164264 -54.81845305093151 108.5
1 0 23.21695580694395 50.829416611444756 -117.5
1 1 24.026604300664285 46.389257661109205 -108.0
7346
-------------------New----------------
0 0 -3.4804538861770284 -29.433282631276 118.5
0 1 -2.4997044690550885 -32.8858666723281 108.5
1 0 19.686566475445794 -110.85389554218015 -117.5
1 1 18.755161171439518 -107.58383286784799 -108.0
7351
-------------------New----------------
0 0 59.70736208829961 8.10921322775037 118.5
0 1 60.31408906010817 4.858885588036616 108.5
1 0 73.93114876866085 -69.02397491585802 -117.5
1 1 73.36888933154397 -65.88169828678424 -108.0
7360
-------------------New----------------
0 0 15.565839159386604 -57.50549134907493 118.5
0 1 10.343316710529072 -56.61472908950871 108.5
1 0 -107.7703561750071 -36.52404026737768 -117.5
1 1 -102.80420669821656 -37.364147594947426 -108.0
7366
-------------------New----------------
0 0 -32.05765860630694 49.18921754778982 118.5
0 1 -33.28700946079468 49.50155668448188 108.5
1 0 -61.05170538892649 56.5077012832341 -117.5
1 1 -59.883889933347334 56.21594762416511 -108.0
7371
-------------------New----------------
0 0 62.66315267498078 9.752321486208023 118.5
0 1 65.17140398359727 14.083906612106906 108.5
1 0 121.556806212436 112.14995781556254 -117.5
1 1 119.17523251495516 108.03362714261607 -108.0
7378
-------------------New----------------
0 0 51.370686840750295 25.634029097837715 118.5
0 1 52.60226563043342 23.836730197210827 108.5
1 0 80.4204969326565 -16.794119231460794 -117.5
1 1 79.25139907371263 -15.085249894099212 -108.0
7379
-------------------New----------------
0 0 -21.067053998948037 -24.09097773539092 118.5
0 1 -22.03355927639017 -27.314317795211643 108.5
1 0 -43.912992256882326 -100.02324057589547 -117.5
1 1 -42.99592974339963 -96.97504715264098 -108.0
7384
-------------------New----------------
0 0 -21.981337778121276 -3.0051510542302386 118.5
0 1 -25.16940075557917 -1.6156908448371456 108.5
1 0 -97.31783951965878 29.68162496192172 -117.5
1 1 -94.27995328573402 28.35833466806858 -108.0
7402
-------------------New----------------
0 0 -34.24939407519463 -39.94496454670549 118.5
0 1 -32.65747910242104 -40.582607985110016 108.5
1 0 3.343469267824708 -55.01694853916554 -117.5
1 1 1.832182558716012 -54.409774482352795 -108.0
7403
-------------------New----------------
0 0 6.900730741706367 -78.14849640083304 118.5
0 1 10.066772878932298 -78.52949825432336 108.5
1 0 81.5966881624765 -87.14518516209331 -117.5
1 1 78.58988866520939 -86.7826400075754 -108.0
7404
-------------------New----------------
0 0 81.18786469069218 -13.917114805522951 118.5
0 1 80.97763299944971 -10.406016769646365 108.5
1 0 76.20845812089108 69.01435506221539 -117.5
1 1 76.41536534831883 65.68069378654589 -108.0
7408
-------------------New----------------
0 0 -88.64883117276291 36.532546233065034 118.5
0 1 -89.59694939644281 32.12456955597135 108.5
1 0 -110.98971066263263 -67.40127349525964 -117.5
1 1 -110.08643252895801 -63.21910379875533 -108.0
7414
-------------------New----------------
0 0 -61.27920383265047 -72.52866977162421 118.5
0 1 -57.535686791117335 -72.45377627137465 108.5
1 0 26.991666960345686 -70.8792677172479 -117.5
1 1 23.437002047838995 -70.94128995148694 -108.0
7416
-------------------New----------------
0 0 -15.307319108255928 -47.606913019839354 118.5
0 1 -12.509620589199422 -47.7416519226926 108.5
1 0 50.65961037793287 -50.72739471472263 -117.5
1 1 48.006632479013 -50.60418910721126 -108.0
7423
-------------------New----------------
0 0 39.13620773647999 45.52498177039281 118.5
0 1 38.85018666574747 41.825588807713316 108.5
1 0 32.25105738067704 -40.96480703883911 -117.5
1 1 32.53329905661268 -37.52211417239657 -108.0
7427
-------------------New----------------
0 0 -33.30731753326948 56.11180966322885 118.5
0 1 -36.13665165312025 51.189064349949064 108.5
1 0 -100.81415894071208 -60.72412659521175 -117.5
1 1 -98.09633141183701 -56.00434574808615 -108.0
7431
-------------------New----------------
0 0 29.781952583933418 42.429503895956465 118.5
0 1 32.86250888595214 42.36291758193686 108.5
1 0 102.40618489939307 41.026512969885445 -117.5
1 1 99.50588221938112 41.09055245689426 -108.0
7438
-------------------New----------------
0 0 -33.862689894399466 -15.92933780667876 118.5
0 1 -29.69390975082706 -12.989098980391574 108.5
1 0 64.53501663443487 53.44410552946819 -117.5
1 1 60.57267716764396 50.652677199949075 -108.0
7439
-------------------New----------------
0 0 62.34608613955222 59.486439144385805 118.5
0 1 62.161577756302734 60.57313834375221 108.5
1 0 58.07057253149571 85.10895224467725 -117.5
1 1 58.23915798234102 84.07945671490344 -108.0
7441
-------------------New----------------
0 0 80.00669251676575 65.09608313628117 118.5
0 1 78.60293623703402 65.96478713721879 108.5
1 0 47.083151746723026 85.64743298023379 -117.5
1 1 48.40066694232882 84.81688397037757 -108.0
7447
-------------------New----------------
0 0 91.98809362792288 10.769481866779909 118.5
0 1 90.91174705647362 10.604185265418717 108.5
1 0 66.6139895130841 6.8475332300656975 -117.5
1 1 67.63449969281149 7.005906271892608 -108.0
7458
-------------------New----------------
0 0 70.77448230402938 16.78877318197818 118.5
0 1 68.66253486245449 21.280764754616122 108.5
1 0 20.933970415408922 122.81816486579399 -117.5
1 1 22.939606702642237 118.54988465773154 -108.0
7469
-------------------New----------------
0 0 -63.34849897519594 -76.15002148618912 118.5
0 1 -60.36792144073888 -76.62983551982279 108.5
1 0 7.096986121944505 -87.51731396299772 -117.5
1 1 4.259081935844764 -87.05811894663415 -108.0
7474
-------------------New----------------
0 0 15.386872163016672 -46.83586985394212 118.5
0 1 10.298194775874085 -42.73534023190963 108.5
1 0 -104.70023649496652 50.16917752549009 -117.5
1 1 -99.86870530154192 46.26396955610069 -108.0
7477
-------------------New----------------
0 0 -5.382326267499995 -10.167404351606894 118.5
0 1 -0.9149292930059921 -12.015666435278332 108.5
1 0 100.0407997141009 -53.78440268740653 -117.5
1 1 95.79634965066002 -52.02878888930519 -108.0
7478
-------------------New----------------
0 0 -6.311391375055587 48.78617107009447 118.5
0 1 -1.0294552977909845 45.62826838195607 108.5
1 0 118.37106620048003 -25.76192655089949 -117.5
1 1 113.35261119273196 -22.76171859889109 -108.0
7479
-------------------New----------------
0 0 -16.71357916115409 -28.388327633701994 118.5
0 1 -18.778449553693314 -28.53447224275977 108.5
1 0 -65.48675728576673 -31.80031853669602 -117.5
1 1 -63.521883139674024 -31.66745296304188 -108.0
7490
-------------------New----------------
0 0 -2.491816005762587 -11.755645075608498 118.5
0 1 -1.3634529282018533 -9.391136276410911 108.5
1 0 24.133805240843095 44.09598591523488 -117.5
1 1 23.062516073839596 41.84864475280548 -108.0
7494
-------------------New----------------
0 0 -21.8118136226243 -35.20553542327645 118.5
0 1 -25.9216357733515 -37.35454208395045 108.5
1 0 -118.80460313559752 -85.92085419259602 -117.5
1 1 -114.89990962997358 -83.87922897413806 -108.0
7502
-------------------New----------------
0 0 62.46498847476175 84.55866050987535 118.5
0 1 62.725026534230324 83.73727817584266 108.5
1 0 68.60359342557383 65.15657878248189 -117.5
1 1 68.35645640037706 65.93861234417935 -108.0
7503
-------------------New----------------
0 0 79.57251709072082 -40.828711486397395 118.5
0 1 77.37218491591524 -43.21266117190815 108.5
1 0 27.63563994085901 -97.09440296758237 -117.5
1 1 29.726374353978464 -94.82933862608978 -108.0
7505
-------------------New----------------
0 0 43.16100809487045 -16.848572585449347 118.5
0 1 39.87514477246272 -16.95982194793353 108.5
1 0 -34.42801962647409 -19.474546808678966 -117.5
1 1 -31.3034291769322 -19.367928290033053 -108.0
7506
-------------------New----------------
0 0 -18.64198580302153 -43.13444847957474 118.5
0 1 -18.828420546286466 -40.58041340625509 108.5
1 0 -23.04437978787512 17.136777911560277 -117.5
1 1 -22.867066724514963 14.711047045633512 -108.0
7507
-------------------New----------------
0 0 54.99442815669995 -72.73413201140256 118.5
0 1 55.9752631845832 -73.43993315649016 108.5
1 0 78.09934653263332 -89.40002092787898 -117.5
1 1 77.17186347104396 -88.72850826116088 -108.0
7509
-------------------New----------------
0 0 64.14121430676786 -57.43153162153426 118.5
0 1 62.50514680746827 -60.10069463259172 108.5
1 0 25.54917717578909 -120.38354959688385 -117.5
1 1 27.105438542800762 -117.84936561215363 -108.0
7510
-------------------New----------------
0 0 19.45895167364708 -11.57000440961223 118.5
0 1 17.22494357173382 -14.741967022360791 108.5
1 0 -33.2346414916085 -86.44922267911429 -117.5
1 1 -31.112888709719357 -83.43661690178469 -108.0
7511
-------------------New----------------
0 0 6.410249115528606 -40.63604664967786 118.5
0 1 1.9205800480633166 -36.91707703061911 108.5
1 0 -99.46500986092587 47.02533431034553 -117.5
1 1 -95.21018786331962 43.50862990192579 -108.0
7514
-------------------New----------------
0 0 -43.10092648626975 32.902116579896735 118.5
0 1 -43.60472312384506 31.11800750598966 108.5
1 0 -54.84779085652175 -9.337021944125382 -117.5
1 1 -54.377976439252485 -7.635618504724633 -108.0
7518
-------------------New----------------
0 0 -78.00550683091573 -36.51376777271405 118.5
0 1 -78.96882985176094 -35.13612798634427 108.5
1 0 -100.76941741342384 -3.9993635619126104 -117.5
1 1 -99.85391997638177 -5.3084875213140705 -108.0
7520
-------------------New----------------
0 0 -10.280870229788205 59.04830713123099 118.5
0 1 -12.108221115414873 56.17120314049326 108.5
1 0 -53.62766789748289 -8.930845605779709 -117.5
1 1 -51.8794786451792 -6.208047681261981 -108.0
7522
-------------------New----------------
0 0 40.66921636477183 -50.920826342077156 118.5
0 1 44.18250785284379 -47.67696160593535 108.5
1 0 123.5614391539697 25.57447023243639 -117.5
1 1 120.2204852764183 22.496484600884724 -108.0
7527
-------------------New----------------
0 0 -50.923082136847746 -87.29650321552786 118.5
0 1 -53.53008918369316 -87.78759655645044 108.5
1 0 -112.28294057634119 -98.82526950241399 -117.5
1 1 -109.8100502463074 -98.35909052638736 -108.0
7538
-------------------New----------------
0 0 13.75804213656583 43.43701458333747 118.5
0 1 17.21016583198757 40.48375609123837 108.5
1 0 95.21992754487839 -26.56908619421161 -117.5
1 1 91.94430949428761 -23.74295939865677 -108.0
7542
-------------------New----------------
0 0 -21.770024601427615 90.95697596173066 118.5
0 1 -16.84053445745454 90.72460915243373 108.5
1 0 94.79376932636217 85.40279320560686 -117.5
1 1 90.09748422563916 85.62164415656136 -108.0
7547
-------------------New----------------
0 0 98.83886045960075 51.7754921416877 118.5
0 1 97.98517308191944 54.58972557514558 108.5
1 0 78.70793739649825 118.27015435189139 -117.5
1 1 79.5222702654051 115.58909166119886 -108.0
7548
-------------------New----------------
0 0 -9.926037627170501 -93.66543247462276 118.5
0 1 -8.627516841094103 -91.74452892005802 108.5
1 0 20.721581993503996 -48.41987730163787 -117.5
1 1 19.488338687923125 -50.23775413726655 -108.0
7553
-------------------New----------------
0 0 -35.83765013351764 102.23558429252476 118.5
0 1 -30.336233184226842 101.38262677828526 108.5
1 0 93.77972788916497 81.87746882936617 -117.5
1 1 88.56014953763307 82.69312172803663 -108.0
7571
-------------------New----------------
0 0 -28.395999293756724 34.526911121464146 118.5
0 1 -24.51623962088106 36.29092886343795 108.5
1 0 62.890200041164306 76.11142841479639 -117.5
1 1 59.20614569797309 74.44709543944549 -108.0
7578
-------------------New----------------
0 0 94.54365363069778 -45.90739378691463 118.5
0 1 92.23964371367444 -42.00653970245959 108.5
1 0 40.156003347510996 46.17183122123963 -117.5
1 1 42.337409983703104 42.46130958241328 -108.0
7590
-------------------New----------------
0 0 21.008895911611024 -1.235589483497866 118.5
0 1 21.67252866481839 1.601955177391878 108.5
1 0 36.71111369785153 65.66407856386184 -117.5
1 1 36.07839046837227 62.97252029519042 -108.0
7596
-------------------New----------------
0 0 16.072323889614943 -45.08595049286183 118.5
0 1 12.220968488096963 -46.986538640674965 108.5
1 0 -75.21008197803184 -90.23023295163966 -117.5
1 1 -71.55177315622099 -88.39669702272737 -108.0
7597
-------------------New----------------
0 0 -61.58058589554836 58.19140260494049 118.5
0 1 -60.761247605253324 53.572947757197404 108.5
1 0 -42.30869907577179 -50.695935358582545 -117.5
1 1 -43.08668013158057 -46.31669920999431 -108.0
7598
-------------------New----------------
0 0 -38.42152319798375 90.0836435464283 118.5
0 1 -35.080156049931134 88.66402739612676 108.5
1 0 40.605564073612996 56.47364479035201 -117.5
1 1 37.4131469960689 57.831511175336956 -108.0
7607
-------------------New----------------
0 0 8.810940495019462 -22.05594340595834 118.5
0 1 7.3299516969228495 -24.55507074177798 108.5
1 0 -26.21502943779958 -81.10856588834952 -117.5
1 1 -24.803522097468196 -78.73192061002807 -108.0
7611
-------------------New----------------
0 0 -52.46762033036573 59.69649874033119 118.5
0 1 -54.12525196567778 61.0545625716169 108.5
1 0 -91.68490074880663 91.87055538388569 -117.5
1 1 -90.10284111413289 90.5746568617319 -108.0
7613
-------------------New----------------
0 0 -57.20463262475732 19.348779060841725 118.5
0 1 -57.89022905951809 19.567892299919826 108.5
1 0 -73.37989586116768 24.53305875277089 -117.5
1 1 -72.72881484675713 24.32408938625796 -108.0
7615
-------------------New----------------
0 0 65.32455886499561 87.56983380630663 118.5
0 1 65.78447459860685 88.46275097581653 108.5
1 0 76.1785330110632 108.64543087104066 -117.5
1 1 75.74160598898979 107.79706347435395 -108.0
7634
-------------------New----------------
0 0 2.107877768731624 25.654762736100594 118.5
0 1 6.788225250288194 27.81470073300256 108.5
1 0 112.53837730318499 76.64377331005281 -117.5
1 1 108.09433064898364 74.59084500550583 -108.0
7639
-------------------New----------------
0 0 -38.80658802737575 -6.6114632087547225 118.5
0 1 -36.649307855553076 -3.9486706517000867 108.5
1 0 11.480057229362247 56.467114260933236 -117.5
1 1 9.467421244152805 53.92815317648874 -108.0
7643
-------------------New----------------
0 0 -0.4903627464040231 -21.534323847535 118.5
0 1 0.9294986352919581 -25.505726206506445 108.5
1 0 33.01230580145101 -115.22837252672987 -117.5
1 1 31.66357036795936 -111.45752505631064 -108.0
7649
-------------------New----------------
0 0 25.34321599670226 -39.919773859477374 118.5
0 1 26.438198582149976 -42.655860128786934 108.5
1 0 50.72785414230975 -104.32092389267557 -117.5
1 1 49.709197359071894 -101.71416839702962 -108.0
7653
-------------------New----------------
0 0 -30.106560198259547 -15.225320731095318 118.5
0 1 -32.43369873091892 -10.305461734493921 108.5
1 0 -82.62251866170222 100.31987150398481 -117.5
1 1 -80.58740378135674 95.67079495560162 -108.0
7656
-------------------New----------------
0 0 44.021737775586004 -100.56523914407363 118.5
0 1 42.028735486135965 -99.66797553264406 108.5
1 0 -2.9982403900287835 -79.38747082897723 -117.5
1 1 -1.1058460255357774 -80.2395705873423 -108.0
7661
-------------------New----------------
0 0 -70.04164518748087 35.534568043523365 118.5
0 1 -69.21140623180078 35.390127157249985 108.5
1 0 -50.48148752489213 32.03340185542592 -117.5
1 1 -51.2656837501214 32.17872852803451 -108.0
7663
-------------------New----------------
0 0 -27.79752977972577 -14.902318919885767 118.5
0 1 -29.788373456333023 -17.338679213913622 108.5
1 0 -74.82112499119236 -72.26059871213019 -117.5
1 1 -72.92855007005328 -69.95194356209495 -108.0
7664
-------------------New----------------
0 0 -34.21138568042095 3.5260657517409237 118.5
0 1 -33.40786830425198 -0.8858854690202506 108.5
1 0 -14.978392152412255 -100.44897395516648 -117.5
1 1 -15.756073857026658 -96.27975973071037 -108.0
7667
-------------------New----------------
0 0 50.97114912745131 5.695084711322978 118.5
0 1 51.850763000138876 7.434335198717643 108.5
1 0 71.73706168762196 46.56778138167765 -117.5
1 1 70.90155154261895 44.92555106023589 -108.0
7672
-------------------New----------------
0 0 36.63506899409599 -57.06765444101067 118.5
0 1 32.105696619728214 -56.24288385126681 108.5
1 0 -70.337705857827 -37.73902329786986 -117.5
1 1 -66.02851146950279 -38.5133501621031 -108.0
7674
-------------------New----------------
0 0 67.36870416659154 2.794704889795837 118.5
0 1 69.6119754482369 6.712101828265773 108.5
1 0 120.28901408114241 95.22628004972462 -117.5
1 1 118.1584158212344 91.50605639721593 -108.0
7688
-------------------New----------------
0 0 111.21235461595438 86.91552319767098 118.5
0 1 110.73187609495344 87.50268543426824 108.5
1 0 99.83081726638024 100.61392633861313 -117.5
1 1 100.28445617270611 100.06883569571849 -108.0
7689
-------------------New----------------
0 0 -27.413448275565067 -51.32676635293247 118.5
0 1 -29.707714095210104 -54.24547262077759 108.5
1 0 -81.55631005666743 -120.20615408620904 -117.5
1 1 -79.37707333425368 -117.43405343670983 -108.0
7693
-------------------New----------------
0 0 25.04372355015889 -19.53479517750088 118.5
0 1 19.60242170983139 -15.169848040140597 108.5
1 0 -103.37041394104183 83.45753244154187 -117.5
1 1 -98.20170155742014 79.31424565216085 -108.0
7697
-------------------New----------------
0 0 95.16807706913409 -34.27086765410423 118.5
0 1 93.97392066404868 -27.62125459012974 108.5
1 0 66.97640445791144 122.66531569015191 -117.5
1 1 68.11103813402153 116.347829441264 -108.0
7702
-------------------New----------------
0 0 -30.276405974569133 -50.226060447492685 118.5
0 1 -26.037980380318253 -48.70253238423256 108.5
1 0 69.75695208982748 -14.27449663111597 -117.5
1 1 65.72933312462956 -15.721565179596615 -108.0
7713
-------------------New----------------
0 0 -99.66858280646763 9.712547530117146 118.5
0 1 -100.58012441051237 8.400525439282607 108.5
1 0 -121.16964382554102 -21.21961493420634 -117.5
1 1 -120.30146578325007 -19.973752294985704 -108.0
7719
-------------------New----------------
0 0 -23.23006064190968 -14.529689129946073 118.5
0 1 -23.584350026222506 -12.982325274342188 108.5
1 0 -31.60175221362048 21.933927453934015 -117.5
1 1 -31.26412089746166 20.46815049842441 -108.0
7722
-------------------New----------------
0 0 6.063431061046126 19.090527176870367 118.5
0 1 8.683078836374246 21.776194402720932 108.5
1 0 67.86238172024694 82.47633496292477 -117.5
1 1 65.37420073194531 79.92492559219133 -108.0
7726
-------------------New----------------
0 0 8.695755401721897 -14.811632455582147 118.5
0 1 10.477691657364655 -10.90362695460376 108.5
1 0 50.779339327001495 77.48210663190824 -117.5
1 1 49.084719224822635 73.76567223601663 -108.0
7727
-------------------New----------------
0 0 52.210955617953765 -30.984263171880315 118.5
0 1 50.839884262060075 -31.74486780283335 108.5
1 0 19.69257305244455 -48.863990911398446 -117.5
1 1 21.01458371123594 -48.14676067855201 -108.0
7729
-------------------New----------------
0 0 24.228758654693877 -47.52403569978721 118.5
0 1 26.31284648764867 -45.55709122966634 108.5
1 0 73.45702178494214 -1.1107469111575416 -117.5
1 1 71.47516183946215 -2.9800988741974592 -108.0
7734
-------------------New----------------
0 0 21.763876710873163 -0.230267202467466 118.5
0 1 23.021917557859226 -3.2929011171073754 108.5
1 0 51.47876224951269 -72.52145189882256 -117.5
1 1 50.28403060084315 -69.61067899503034 -108.0
7735
-------------------New----------------
0 0 94.98169429722154 -28.993085676378644 118.5
0 1 95.77305828482979 -27.044559932666175 108.5
1 0 113.66040885899693 16.985488286978786 -117.5
1 1 112.90856268857598 15.134454472044826 -108.0
7744
-------------------New----------------
0 0 -45.74066901246225 -13.304395743220471 118.5
0 1 -45.83524750524145 -14.984698579525949 108.5
1 0 -47.947110714114444 -52.93540619844403 -117.5
1 1 -47.85961700793085 -51.34052273838895 -108.0
7745
-------------------New----------------
0 0 31.53738833585316 54.097761888439685 118.5
0 1 30.651262326549677 55.97569050045329 108.5
1 0 10.716923221418126 98.45942061068119 -117.5
1 1 11.548298260583763 96.67239032557482 -108.0
7750
-------------------New----------------
0 0 -66.6071598323384 -11.735022359615332 118.5
0 1 -66.05699263515382 -9.126255044440542 108.5
1 0 -53.6244489238753 49.83525574133373 -117.5
1 1 -54.14765523361704 47.35698784664061 -108.0
7756
-------------------New----------------
0 0 18.954116256108932 46.33762313113313 118.5
0 1 23.006945143862442 46.745371435960045 108.5
1 0 114.59845899825898 55.952573822254216 -117.5
1 1 110.74836490697339 55.56604574308203 -108.0
7758
-------------------New----------------
0 0 -87.5635378984731 24.768123763307866 118.5
0 1 -85.27059235093483 18.98167956024287 108.5
1 0 -33.42358325893778 -111.86467186968946 -117.5
1 1 -35.60015469848362 -106.366362670877 -108.0
7761
-------------------New----------------
0 0 -122.81533848900987 16.51543569482332 118.5
0 1 -122.70256877060733 19.58512497120783 108.5
1 0 -120.28007209737515 88.87043112450688 -117.5
1 1 -120.3799419056867 85.95307588746428 -108.0
7766
-------------------New----------------
0 0 -11.867813738497372 6.5863690305787 118.5
0 1 -13.194154892406686 10.970371856561254 108.5
1 0 -42.95707528158551 109.97196820042404 -117.5
1 1 -41.71109225917032 105.81103387667922 -108.0
7767
-------------------New----------------
0 0 -4.2437612078044245 -21.501960322582434 118.5
0 1 -3.4649407913548216 -24.508055639253172 108.5
1 0 13.610591504446834 -92.42104706881464 -117.5
1 1 12.908480492183696 -89.57123663288601 -108.0
7768
-------------------New----------------
0 0 -123.56034436307166 100.33293989220542 118.5
0 1 -123.37318258937037 99.46835739899117 108.5
1 0 -119.15144027746119 79.9428543435217 -117.5
1 1 -119.329484056358 80.76236042487662 -108.0
7782
-------------------New----------------
0 0 -81.35229454981324 3.150619259150983 118.5
0 1 -81.28558594704845 1.0124793669786842 108.5
1 0 -79.77913230846373 -47.2987448400179 -117.5
1 1 -79.842289801105 -45.268324587845974 -108.0
7783
-------------------New----------------
0 0 -6.587319493209634 -83.59259505485667 118.5
0 1 -2.252807112102638 -84.2401573136808 108.5
1 0 95.38353355642948 -98.84486183812038 -117.5
1 1 91.30161960436918 -98.24065456359558 -108.0
7787
-------------------New----------------
0 0 16.80825326871956 -66.4042667717438 118.5
0 1 15.353299683384616 -64.39888746124487 108.5
1 0 -17.511688749572432 -19.140362607858428 -117.5
1 1 -16.1287072738847 -21.040828284491678 -108.0
7789
-------------------New----------------
0 0 37.25224013059896 -17.514313990817232 118.5
0 1 35.867964369806174 -16.47843489210043 108.5
1 0 7.968732318280496 5.1607606560169454 -117.5
1 1 8.997627499252133 4.328137503759597 -108.0
7791
-------------------New----------------
0 0 -26.991019612827465 54.236483682697255 118.5
0 1 -25.95412105022539 48.87989548631776 108.5
1 0 -2.515387382421295 -72.14221244576761 -117.5
1 1 -3.500338947698519 -67.05385023802933 -108.0
7801
-------------------New----------------
0 0 -12.290563090264266 -32.16347140020427 118.5
0 1 -7.87802572257974 -26.434505525549717 108.5
1 0 91.87977488988204 103.11682718794266 -117.5
1 1 87.68646417171867 97.66935897501314 -108.0
7802
-------------------New----------------
0 0 8.089593039653847 71.39598010742534 118.5
0 1 8.279585114777483 70.32473024467365 108.5
1 0 12.70674700575845 46.08503775026876 -117.5
1 1 12.52129989643886 47.105419771616695 -108.0
7804
-------------------New----------------
0 0 -28.49592356615984 27.011907660231877 118.5
0 1 -27.438984697457272 27.465658921770817 108.5
1 0 -3.4405751739000636 37.778219401118385 -117.5
1 1 -4.474612899545784 37.33799611697599 -108.0
7806
-------------------New----------------
0 0 62.411916790855216 39.18062020904702 118.5
0 1 64.68337149722927 42.540447936782925 108.5
1 0 115.797028340664 118.52787077423868 -117.5
1 1 113.65064618857267 115.35936959865937 -108.0
7807
-------------------New----------------
0 0 91.26188147494948 -62.393474932526 118.5
0 1 88.8864222289737 -60.640744475712914 108.5
1 0 35.21650327561409 -21.034906653685642 -117.5
1 1 37.47314661714398 -22.6995059366698 -108.0
7825
-------------------New----------------
0 0 45.02908846014397 14.436983666425439 118.5
0 1 42.56564458309103 18.671910357137723 108.5
1 0 -13.14573941943981 114.3993024561598 -117.5
1 1 -10.802365418374237 110.3753370589034 -108.0
7832
-------------------New----------------
0 0 62.363953120914196 -25.094539724810723 118.5
0 1 61.19185321727946 -20.213229108846882 108.5
1 0 34.736383730213575 90.03665933172088 -117.5
1 1 35.848089216169754 85.40555493996474 -108.0
7839
-------------------New----------------
0 0 -45.753128394777335 78.05611862747497 118.5
0 1 -42.66961721548295 80.14504999496717 108.5
1 0 26.934062876300764 127.33767689350057 -117.5
1 1 24.01011743556596 125.35488399494336 -108.0
7847
-------------------New----------------
0 0 22.24552149785727 -49.107636721615314 118.5
0 1 18.307266778562155 -45.15563384964732 108.5
1 0 -69.98730712883716 43.239656348232515 -117.5
1 1 -66.30638539109108 39.57002694947209 -108.0
7850
-------------------New----------------
0 0 19.540158518471355 97.7280922421896 118.5
0 1 18.466864398400567 98.90837721844323 108.5
1 0 -5.831302347583959 125.5837937330048 -117.5
1 1 -4.8091684852905185 124.46353575471817 -108.0
7851
-------------------New----------------
0 0 -14.486798277744985 48.99510307628864 118.5
0 1 -17.759769902785457 46.47102237350682 108.5
1 0 -91.77612080869497 -10.63784347023157 -117.5
1 1 -88.6646185294197 -8.23389667853034 -108.0
7859
-------------------New----------------
0 0 -86.3319352198949 -19.833275579006095 118.5
0 1 -85.89813668773031 -22.079290132345644 108.5
1 0 -75.98217337441193 -72.1803584993064 -117.5
1 1 -76.39313699331807 -70.08160932152433 -108.0
7864
-------------------New----------------
0 0 90.07289307839811 47.59004151842004 118.5
0 1 88.2008461858473 47.25123643154641 108.5
1 0 45.894450999012015 39.6106746314651 -117.5
1 1 47.67447404927579 39.93270395630397 -108.0
7871
-------------------New----------------
0 0 -30.01148796843094 -44.78026595429279 118.5
0 1 -31.46049375706148 -46.24373855040376 108.5
1 0 -64.1842002938476 -79.24177175532978 -117.5
1 1 -62.80117673370764 -77.85843486173333 -108.0
7875
-------------------New----------------
0 0 9.689047753628873 -27.352680637363157 118.5
0 1 12.836006682684879 -27.858062281232158 108.5
1 0 84.21290991969074 -39.08873099331859 -117.5
1 1 81.23820365346442 -38.596487883943446 -108.0
7886
-------------------New----------------
0 0 76.75780967924406 -8.601057875999663 118.5
0 1 78.67969483369491 -8.544146577906922 108.5
1 0 122.10279256836782 -7.300309853537337 -117.5
1 1 120.27979093161237 -7.351362960188112 -108.0
7887
-------------------New----------------
0 0 -31.53796461150564 -38.81920813997853 118.5
0 1 -29.675407971317647 -36.56908928096982 108.5
1 0 12.397446180117793 14.27588526568918 -117.5
1 1 10.62917674005654 12.138610140090496 -108.0
7895
-------------------New----------------
0 0 -8.740945677760884 -64.77209619633814 118.5
0 1 -7.209522755249575 -62.66327310646343 108.5
1 0 27.500782267146615 -15.100385161392648 -117.5
1 1 26.040326610804676 -17.096587136029587 -108.0
7896
-------------------New----------------
0 0 -60.870669986611176 58.04248074388748 118.5
0 1 -63.244137764761305 57.63413050419574 108.5
1 0 -116.85789768242073 48.6951014739878 -117.5
1 1 -114.596787952401 49.06760437002101 -108.0
7897
-------------------New----------------
0 0 27.49644264483523 -4.881011543569839 118.5
0 1 22.24088656212053 -7.619537502894289 108.5
1 0 -96.62759206010837 -69.51085068860837 -117.5
1 1 -91.6290937433213 -66.90520460254682 -108.0
7904
-------------------New----------------
0 0 -54.04377699706721 -43.398124896680294 118.5
0 1 -50.60537147541347 -44.32643735192844 108.5
1 0 26.75758072588142 -65.25136849139406 -117.5
1 1 23.513388404369547 -64.37093007013725 -108.0
7907
-------------------New----------------
0 0 65.36919619731411 -29.10640889585644 118.5
0 1 61.88391873618318 -29.378368631119315 108.5
1 0 -16.997965888688572 -35.518602091558996 -117.5
1 1 -13.679945806235114 -35.25987763927565 -108.0
7910
-------------------New----------------
0 0 -81.00160746602629 -0.35044758273182214 118.5
0 1 -80.39782555475982 4.474243355691553 108.5
1 0 -66.75125244638033 113.66658292072994 -117.5
1 1 -67.32795163714482 109.07389702781475 -108.0
7912
-------------------New----------------
0 0 -3.1242538862507048 15.823734045131882 118.5
0 1 -3.5291878326503747 10.747417167055232 108.5
1 0 -12.621005790946471 -104.00113197479553 -117.5
1 1 -12.238810863488705 -99.1783169975109 -108.0
7916
-------------------New----------------
0 0 66.76548312339119 79.7992210961111 118.5
0 1 65.3391822420893 79.01809639128807 108.5
1 0 33.116301947305324 61.348465540632205 -117.5
1 1 34.47062882121388 62.09371549107853 -108.0
7918
-------------------New----------------
0 0 -62.649549963442325 -53.358431769576626 118.5
0 1 -60.564860423193444 -53.29120402092575 108.5
1 0 -13.412667426723123 -51.73773623935561 -117.5
1 1 -15.39436122536245 -51.80361833600722 -108.0
7920
-------------------New----------------
0 0 3.702788856737103 -8.417705027961542 118.5
0 1 -0.5687796664411664 -10.72895778316264 108.5
1 0 -95.9206799319942 -62.90478505412655 -117.5
1 1 -91.94584773596921 -60.753567933794315 -108.0
7933
-------------------New----------------
0 0 -63.899554273829224 -108.07307215405345 118.5
0 1 -60.65765312073346 -108.38663064047682 108.5
1 0 12.631620465195855 -115.51451120238971 -117.5
1 1 9.547797851056837 -115.21281905326153 -108.0
7942
-------------------New----------------
0 0 -31.65581635216693 39.26234061705718 118.5
0 1 -31.83588168144861 41.999570852180895 108.5
1 0 -35.913658631601194 103.86060044734793 -117.5
1 1 -35.74263639224621 101.2608545569732 -108.0
7946
-------------------New----------------
0 0 47.086971050647456 22.653485551159115 118.5
0 1 47.504262441008436 16.95873435746548 108.5
1 0 57.796686363979816 -111.45186757324737 -117.5
1 1 57.3559210123582 -106.05193908062259 -108.0
7959
-------------------New----------------
0 0 34.66890350319343 48.39984879796133 118.5
0 1 38.31418538809474 49.68066922363244 108.5
1 0 120.74447056432487 78.70764845146694 -117.5
1 1 117.27415307380254 77.48366621652875 -108.0
7964
-------------------New----------------
0 0 -92.65144611448707 12.351207601372455 118.5
0 1 -91.87492920601117 6.599272797534978 108.5
1 0 -74.32660464257802 -123.4125737677912 -117.5
1 1 -75.06381696621186 -117.94653261447843 -108.0
7975
-------------------New----------------
0 0 41.46013721456692 18.4273584064874 118.5
0 1 39.78700541603305 20.023844917426253 108.5
1 0 1.8902912435400232 56.28033898472829 -117.5
1 1 3.4818747393373535 54.7575996166653 -108.0
7981
-------------------New----------------
0 0 -28.195679113530066 78.3667875742366 118.5
0 1 -30.050375175991483 75.90665100066795 108.5
1 0 -71.8937250124159 20.343738111110348 -117.5
1 1 -70.1387070104536 22.675497347845628 -108.0
7986
-------------------New----------------
0 0 -62.13405654326766 -82.99489670788726 118.5
0 1 -59.00168396070219 -79.9709796822194 108.5
1 0 11.793174874038304 -11.622497595983257 -117.5
1 1 8.818413496558907 -14.49667253313775 -108.0
7987
-------------------New----------------
0 0 56.28877973497824 -95.87310551355809 118.5
0 1 56.87059334141643 -96.9700199675664 108.5
1 0 70.01387606971119 -121.74590355539706 -117.5
1 1 69.46154264710226 -120.70509915355326 -108.0
7988
-------------------New----------------
0 0 50.00758339334625 -39.9559579274913 118.5
0 1 49.73651231952301 -36.685786447228296 108.5
1 0 43.55132976124071 37.120088236041376 -117.5
1 1 43.81222868031652 34.022956328663966 -108.0
8000
-------------------New----------------
0 0 67.7688333644958 -45.45203777233576 118.5
0 1 64.73148568022359 -41.032733895050605 108.5
1 0 -4.53870353875811 58.9308103592801 -117.5
1 1 -1.6084789547789078 54.713439810519546 -108.0
8004
-------------------New----------------
0 0 -35.48618313878856 61.049936522285385 118.5
0 1 -35.40302577814936 58.310320231204756 108.5
1 0 -33.53147110324466 -3.6092035902095234 -117.5
1 1 -33.60949974746899 -1.0045513221113425 -108.0
8019
-------------------New----------------
0 0 -56.26790916274708 -59.097186391009515 118.5
0 1 -55.57625878640364 -61.115394140564035 108.5
1 0 -40.12887172109686 -106.8430992336301 -117.5
1 1 -40.77667387645978 -104.90470735749618 -108.0
8023
-------------------New----------------
0 0 -6.497880309221988 12.28284445502924 118.5
0 1 -10.383539924009954 8.165065332095313 108.5
1 0 -98.16598859765654 -84.93843843579339 -117.5
1 1 -94.47341784472262 -81.02474420650609 -108.0
8024
-------------------New----------------
0 0 8.859127066614807 71.68310914929918 118.5
0 1 11.334362892739595 69.24099180243175 108.5
1 0 67.31482533287779 13.836550029738115 -117.5
1 1 64.96216377276545 16.180493423668548 -108.0
8029
-------------------New----------------
0 0 -94.26059324390268 50.5198919004776 118.5
0 1 -92.65203827053482 52.4891948962121 108.5
1 0 -56.300786603578615 97.00285492420905 -117.5
1 1 -57.82868107789115 95.13173643363595 -108.0
8032
-------------------New----------------
0 0 -81.83228146586076 -22.913795001605365 118.5
0 1 -82.03229491389519 -22.0773526306556 108.5
1 0 -86.53223233834046 -3.1849717411424323 -117.5
1 1 -86.3433708697301 -3.9787592352963563 -108.0
8053
-------------------New----------------
0 0 -4.805043916083994 15.277096913452604 118.5
0 1 -1.9333397391220863 16.17475369008445 108.5
1 0 62.921108974882074 36.34268137293767 -117.5
1 1 60.199470266049744 35.49744645518276 -108.0
8054
-------------------New----------------
0 0 -72.05424542831119 34.86365054430463 118.5
0 1 -70.82992582428376 35.58108739549228 108.5
1 0 -43.27415486676175 51.77774752081725 -117.5
1 1 -44.42661812387338 51.09443128864521 -108.0
8057
-------------------New----------------
0 0 19.768443108120046 56.71965622923345 118.5
0 1 16.08078858912419 58.91580880055905 108.5
1 0 -67.27469161751768 108.64322726076725 -117.5
1 1 -63.768682224871654 106.5481691159275 -108.0
8065
-------------------New----------------
0 0 23.620420760762162 17.76016743657373 118.5
0 1 26.998560697391774 21.066886494553028 108.5
1 0 103.37757336206008 95.83446980430305 -117.5
1 1 100.16670656468074 92.69038446257944 -108.0
8072
-------------------New----------------
0 0 17.16763940663464 76.21966442051033 118.5
0 1 19.68548426693639 77.41707292191953 108.5
1 0 76.5932532414964 104.51320351790464 -117.5
1 1 74.20124089929078 103.37271494556202 -108.0
8077
-------------------New----------------
0 0 45.68904070063091 43.34898897484004 118.5
0 1 44.54654799327945 40.74659408628819 108.5
1 0 18.70420789255291 -18.199560510950704 -117.5
1 1 19.790250410838276 -15.723155074857772 -108.0
8081
-------------------New----------------
0 0 18.517122221976614 -66.84024267570993 118.5
0 1 16.687730997040035 -65.86590530767512 108.5
1 0 -24.59653837782542 -43.69849543264553 -117.5
1 1 -22.87188742393469 -44.63251321465218 -108.0
8082
-------------------New----------------
0 0 -39.3276350137564 -23.109487912447754 118.5
0 1 -36.57394775132879 -17.57648426323636 108.5
1 0 25.63897944403081 107.47691334397423 -117.5
1 1 23.02455548261861 102.21869556138772 -108.0
8086
-------------------New----------------
0 0 18.80445538242285 -48.19129480390326 118.5
0 1 21.173672998683834 -48.10935324027577 108.5
1 0 74.73229257362578 -46.264772772720875 -117.5
1 1 72.48053516732905 -46.34209226575136 -108.0
8093
-------------------New----------------
0 0 -2.884321842991865 -38.759941511892364 118.5
0 1 -2.5160187180878033 -38.795730201604236 108.5
1 0 5.8011072518849875 -39.604813934730586 -117.5
1 1 5.45154449705131 -39.571275821257736 -108.0
8100
-------------------New----------------
0 0 -11.3417097931857 -89.03188278392285 118.5
0 1 -14.442168459771967 -90.42413314518035 108.5
1 0 -84.50970614253742 -121.8735674867194 -117.5
1 1 -81.56543096404715 -120.55183114880374 -108.0
8101
-------------------New----------------
0 0 -71.25351890117624 -16.341738605887457 118.5
0 1 -72.9195551058293 -14.941523624017487 108.5
1 0 -110.5709260372623 16.776395125821654 -117.5
1 1 -108.98682591223357 15.441970586086384 -108.0
8102
-------------------New----------------
0 0 33.041272498846226 -5.982198759142313 118.5
0 1 32.39151853317893 -6.4721824991507315 108.5
1 0 17.73099506315358 -17.548448558315496 -117.5
1 1 18.346245570132645 -17.082755368801166 -108.0
8112
-------------------New----------------
0 0 -32.212737449220484 -48.68170686887685 118.5
0 1 -30.174951435440438 -48.51872138299549 108.5
1 0 15.632568588699897 -44.7168416129798 -117.5
1 1 13.686811155323019 -44.89679845441266 -108.0
8118
-------------------New----------------
0 0 -107.45767247624674 -92.67738081567504 118.5
0 1 -105.998546831415 -92.24680299882019 108.5
1 0 -72.97485603836093 -82.46695547741443 -117.5
1 1 -74.36402896603252 -82.8732194074546 -108.0
8129
-------------------New----------------
0 0 29.590536320664295 -117.44414519653552 118.5
0 1 32.07548886418509 -117.35874819858876 108.5
1 0 88.06066274808464 -115.58121011526916 -117.5
1 1 85.69981716216789 -115.63929411789559 -108.0
8132
-------------------New----------------
0 0 -27.148826945188723 65.84432785414191 118.5
0 1 -25.497189374924808 61.99753764054854 108.5
1 0 12.412700844157467 -25.714493141385976 -117.5
1 1 10.82187075148438 -22.00063809616647 -108.0
8134
-------------------New----------------
0 0 70.93476999233346 29.419617846769807 118.5
0 1 69.88492822630351 26.418511191784567 108.5
1 0 46.12422394737731 -41.382954125772194 -117.5
1 1 47.12232611094198 -38.53342897005436 -108.0
8135
-------------------New----------------
0 0 104.34526604632836 -60.14285554903125 118.5
0 1 103.32658094994262 -62.374928988020585 108.5
1 0 80.26547207246408 -112.85001783178913 -117.5
1 1 81.23385024796261 -110.72885719140955 -108.0
8140
-------------------New----------------
0 0 -63.39488154852684 59.70549044156822 118.5
0 1 -59.37599785118478 61.79502406017646 108.5
1 0 31.44399776978898 109.00443233587937 -117.5
1 1 27.626524868866188 107.02034483946571 -108.0
8150
-------------------New----------------
0 0 -8.206877513392033 94.34418147937582 118.5
0 1 -6.579684438938104 94.28919864949796 108.5
1 0 30.19086143928364 92.97308250819687 -117.5
1 1 28.644606110755017 93.02616844555416 -108.0
8155
-------------------New----------------
0 0 0.9198816450467742 -115.42196242378934 118.5
0 1 4.082389640724874 -115.676000980867 108.5
1 0 75.40739077479986 -121.52187209629942 -117.5
1 1 72.41559237979457 -121.27660012117829 -108.0
8159
-------------------New----------------
0 0 -55.381948067602494 99.80702257861397 118.5
0 1 -52.90838500146951 98.850711516858 108.5
1 0 2.9946953815514505 77.25908887784081 -117.5
1 1 0.6443396459370948 78.16701785722454 -108.0
8162
-------------------New----------------
0 0 -25.78081107032616 -91.4097505089604 118.5
0 1 -28.169553474290574 -91.21958167589591 108.5
1 0 -82.13932401477906 -86.94885149052179 -117.5
1 1 -79.87210256154648 -87.12744380064674 -108.0
8164
-------------------New----------------
0 0 -40.83194464577859 -2.16564274944074 118.5
0 1 -37.117059138149514 -6.726539342744175 108.5
1 0 46.87562938145966 -109.78987431595021 -117.5
1 1 43.346107517540894 -105.45317256933618 -108.0
8167
-------------------New----------------
0 0 -49.16594538024847 3.4444963471293804 118.5
0 1 -45.09313788941947 1.9237618070839546 108.5
1 0 46.773778760318905 -32.34894143764568 -117.5
1 1 42.912255399252004 -30.906528338066824 -108.0
8168
-------------------New----------------
0 0 -67.16411868473668 36.350393597885684 118.5
0 1 -63.591036477260445 37.428728171148954 108.5
1 0 17.161253552941815 61.79997506836893 -117.5
1 1 13.766745857524622 60.77558593150276 -108.0
8175
-------------------New----------------
0 0 -30.546421732045047 -22.69603016548901 118.5
0 1 -33.21133279029814 -20.182779501100505 108.5
1 0 -93.49300449361755 36.62489699045529 -117.5
1 1 -90.95406487900291 34.237026367613005 -108.0
8181
-------------------New----------------
0 0 -6.810807747368868 -77.44604517946794 118.5
0 1 -8.054831030783538 -74.41159199081471 108.5
1 0 -36.25660680221242 -5.780356630350958 -117.5
1 1 -35.062316865850946 -8.67212756601769 -108.0
8209
-------------------New----------------
0 0 -26.09672725925435 51.58510687886651 118.5
0 1 -22.19690627982752 50.935796768202536 108.5
1 0 66.01854242777885 36.28314975337883 -117.5
1 1 62.30972232748835 36.89806071804389 -108.0
8211
-------------------New----------------
0 0 -103.01737135984715 -7.754388568310323 118.5
0 1 -101.49140945182428 -3.5241395705474075 108.5
1 0 -66.87784036143822 92.10528470631394 -117.5
1 1 -68.33768440873794 88.08464863548336 -108.0
8216
-------------------New----------------
0 0 -38.328071559620696 -80.04146034390818 118.5
0 1 -41.956868939616996 -78.33617685394745 108.5
1 0 -123.93812084315891 -39.82277182710627 -117.5
1 1 -120.4995025019058 -41.44212311949185 -108.0
8217
-------------------New----------------
0 0 1.2365152325265907 87.25364692699534 118.5
0 1 0.49869347710314893 86.14653914093674 108.5
1 0 -16.25715245154114 61.124352542420525 -117.5
1 1 -15.552806029426756 62.17312366993946 -108.0
8224
-------------------New----------------
0 0 -71.1379046613304 -32.044443652641334 118.5
0 1 -70.73055023799355 -33.12912590919758 108.5
1 0 -61.53656537971921 -57.620879805515315 -117.5
1 1 -61.92444437520876 -56.59088971576953 -108.0
8227
-------------------New----------------
0 0 45.37871178751508 23.456499742767654 118.5
0 1 47.93839557792452 27.09871211709676 108.5
1 0 105.74185545119057 109.43022397537837 -117.5
1 1 103.31158974647796 105.9707369717044 -108.0
8235
-------------------New----------------
0 0 61.846726471743054 119.14185255838376 118.5
0 1 64.14280216725284 119.07445585150813 108.5
1 0 116.00902166528431 117.5811487929645 -117.5
1 1 113.82712575734902 117.64169705779133 -108.0
8240
-------------------New----------------
0 0 -111.49692424092557 66.01420161223415 118.5
0 1 -111.8186403929652 65.25026341046512 108.5
1 0 -119.08483107764482 47.97418456093038 -117.5
1 1 -118.77937078488267 48.700546475627014 -108.0
8241
-------------------New----------------
0 0 -0.36838194940485175 -11.910686335896825 118.5
0 1 -5.565011955242268 -11.604516728734582 108.5
1 0 -123.00979301767833 -4.6828441144721165 -117.5
1 1 -118.07272408301466 -4.97421190289762 -108.0
8254
-------------------New----------------
0 0 62.973847832507985 35.106630582844765 118.5
0 1 65.09774942880554 34.239399550338284 108.5
1 0 113.12261297092225 14.643415781238417 -117.5
1 1 111.10195719541557 15.46736684908699 -108.0
8258
-------------------New----------------
0 0 94.85592964888205 -37.04369270567381 118.5
0 1 94.33915393822258 -39.20922528907763 108.5
1 0 82.61948112640144 -88.12218657898985 -117.5
1 1 83.11270967292668 -86.06853793459939 -108.0
8260
-------------------New----------------
0 0 92.0810312053747 -83.71429841303564 118.5
0 1 92.98254152713355 -81.59897763496305 108.5
1 0 113.3246512172916 -33.75904880069063 -117.5
1 1 112.47023768396625 -35.77213832183964 -108.0
8265
-------------------New----------------
0 0 9.970713447123089 -73.01382156304638 118.5
0 1 10.618071536559004 -71.11784663150809 108.5
1 0 25.329008950193234 -28.079290903254993 -117.5
1 1 24.70720553102155 -29.89608620916286 -108.0
8268
-------------------New----------------
0 0 77.292557920346 39.316229660922275 118.5
0 1 78.21428401654762 37.037280940156535 108.5
1 0 99.0525809798545 -14.51149902958717 -117.5
1 1 98.1759546567563 -12.343367505183746 -108.0
8273
-------------------New----------------
0 0 -70.72571562435101 -16.749416141906302 118.5
0 1 -67.87825518133916 -15.821507520774256 108.5
1 0 -3.440380032796309 5.328879332572371 -117.5
1 1 -6.151411317179613 4.442425800453021 -108.0
8277
-------------------New----------------
0 0 51.58638781092888 -22.308744054166297 118.5
0 1 47.89695220773381 -24.074351429701522 108.5
1 0 -35.469837509148434 -63.94003454053941 -117.5
1 1 -31.96685364630023 -62.26697932083238 -108.0
8283
-------------------New----------------
0 0 16.264419995058688 -71.17426565551321 118.5
0 1 12.540657581793997 -71.11047626975198 108.5
1 0 -71.600268854286 -69.81317206678708 -117.5
1 1 -68.06400461152069 -69.86568496843257 -108.0
8287
-------------------New----------------
0 0 17.609860909300174 -39.803174622331234 118.5
0 1 13.141986747473556 -39.02341520797114 108.5
1 0 -87.8502835124331 -21.39760602037395 -117.5
1 1 -83.6047202316602 -22.13859518005325 -108.0
8293
-------------------New----------------
0 0 -21.783709546033243 33.23434041657086 118.5
0 1 -19.271129155511645 28.71465551280432 108.5
1 0 37.547878593462855 -73.43080930306947 -117.5
1 1 35.161302837925135 -69.13679023654436 -108.0
8316
-------------------New----------------
0 0 -74.31070021827901 -28.067273556833733 118.5
0 1 -73.88695321853962 -27.677198893638785 108.5
1 0 -64.29625334724344 -18.84423478588419 -117.5
1 1 -64.70081791101656 -19.216017816531497 -108.0
8323
-------------------New----------------
0 0 -49.04734585790657 31.416240486808697 118.5
0 1 -45.258870050832385 26.863874523193658 108.5
1 0 40.35866100929357 -76.01472468535972 -117.5
1 1 36.759016902677836 -71.69207419792605 -108.0
8331
-------------------New----------------
0 0 62.35762638146929 -47.17345418652587 118.5
0 1 58.46366585608903 -50.59110680725425 108.5
1 0 -29.574538403949298 -127.7816719764193 -117.5
1 1 -25.87314890329257 -124.53747613236867 -108.0
8341
-------------------New----------------
0 0 -11.117962169331971 8.979228567216955 118.5
0 1 -5.915115005182374 11.563938000873701 108.5
1 0 111.82874234952894 69.8529723884839 -117.5
1 1 106.8733779291307 67.42464727085246 -108.0
8342
-------------------New----------------
0 0 -90.44629811955267 -51.864882005899915 118.5
0 1 -90.54778954468917 -49.53766827026986 108.5
1 0 -92.83821710597638 3.110046502693581 -117.5
1 1 -92.74077912292668 0.8968239110481495 -108.0
8343
-------------------New----------------
0 0 30.8559511706976 26.81664243476306 118.5
0 1 29.01078607105215 24.39675738052967 108.5
1 0 -12.722696651831741 -30.35257252928964 -117.5
1 1 -10.96730234093448 -28.057880734313848 -108.0
8353
-------------------New----------------
0 0 69.11588651055261 34.115111517119004 118.5
0 1 69.55163653301665 35.18902866131027 108.5
1 0 78.93326193721857 59.629953426835414 -117.5
1 1 78.54093463626016 58.61149218189975 -108.0
8357
-------------------New----------------
0 0 -51.824906953729034 7.308186731105584 118.5
0 1 -51.732927962686475 7.490450817639503 108.5
1 0 -49.68518304957516 11.65342557649588 -117.5
1 1 -49.769789237082065 11.477698251731923 -108.0
8358
-------------------New----------------
0 0 116.5865495186217 99.58815846854674 118.5
0 1 115.89105932287264 100.72895164102636 108.5
1 0 100.18515215490115 126.68073184247353 -117.5
1 1 100.84683535480065 125.5863956059756 -108.0
8367
-------------------New----------------
0 0 24.574005861731166 99.53168034587029 118.5
0 1 26.609280518141055 100.37766089105699 108.5
1 0 72.62407843767207 119.50647000480713 -117.5
1 1 70.68868211486897 118.70182228550826 -108.0
8371
-------------------New----------------
0 0 29.968795683165233 5.095550359362076 118.5
0 1 30.376042207441895 9.537284311668687 108.5
1 0 39.22543967917791 110.32864933881254 -117.5
1 1 38.8553924278903 106.09190271749624 -108.0
8374
-------------------New----------------
0 0 -72.82761089410982 16.15196787131314 118.5
0 1 -70.83424513860209 15.393768420015297 108.5
1 0 -25.740319245138522 -1.7166474078919645 -117.5
1 1 -27.636778785916484 -0.9985401568725223 -108.0
8379
-------------------New----------------
0 0 -90.36027011006938 39.55310344405822 118.5
0 1 -90.18413460638061 36.71678118746575 108.5
1 0 -86.1469540638399 -27.52507424542939 -117.5
1 1 -86.3209136677145 -24.81912918765645 -108.0
8383
-------------------New----------------
0 0 -3.5657678867927878 -10.304115906410516 118.5
0 1 -4.224204166295161 -9.220514616237043 108.5
1 0 -19.042709380641387 15.26119678386254 -117.5
1 1 -18.42113061927645 14.23150140458677 -108.0
8384
-------------------New----------------
0 0 -26.351773765835766 -61.97743165858752 118.5
0 1 -30.497278265490298 -63.40738960828961 108.5
1 0 -124.07969377106178 -95.685937318795 -117.5
1 1 -120.15102502760396 -94.32902027015953 -108.0
8392
-------------------New----------------
0 0 -34.11831936279747 15.294761476865826 118.5
0 1 -27.77797361469115 11.776540022277704 108.5
1 0 115.52764099368343 -67.89365976416501 -117.5
1 1 109.5123946494934 -64.52974786492666 -108.0
8395
-------------------New----------------
0 0 -38.63419272541073 65.82602863010496 118.5
0 1 -36.0430912560196 66.81982067287318 108.5
1 0 22.370367448161396 89.60437041418706 -117.5
1 1 19.927817123470952 88.6373602981613 -108.0
8399
-------------------New----------------
0 0 66.08560713566884 -36.309798499916 118.5
0 1 62.70218497684855 -39.44422045119254 108.5
1 0 -13.67537627544699 -110.38465057576101 -117.5
1 1 -10.466945682680947 -107.39805369617247 -108.0
8400
-------------------New----------------
0 0 -107.73541671493938 47.00401565299772 118.5
0 1 -107.13302163114186 47.87560461062158 108.5
1 0 -93.42343407235036 67.54407423614295 -117.5
1 1 -93.99559934192222 66.72035864312247 -108.0
8404
-------------------New----------------
0 0 43.182796646554195 -108.19397590848166 118.5
0 1 39.30958342773947 -108.0878006632361 108.5
1 0 -50.0307242968981 -106.41927017063628 -117.5
1 1 -46.25990053761703 -106.47439826332985 -108.0
8407
-------------------New----------------
0 0 47.54360097501258 18.21731976679911 118.5
0 1 46.66390863662624 19.468031473071484 108.5
1 0 26.880422193964932 47.648205216580905 -117.5
1 1 27.708905851628515 46.478691249286165 -108.0
8420
-------------------New----------------
0 0 21.50168535938416 13.14592115152305 118.5
0 1 20.75851084051471 11.101757370549345 108.5
1 0 4.134272760254216 -35.16307325216165 -117.5
1 1 4.826477806863242 -33.21325497043049 -108.0
8422
-------------------New----------------
0 0 -10.359039213810588 45.92602217270952 118.5
0 1 -9.218604182850907 40.55105806352521 108.5
1 0 15.808349776091372 -80.67094361540362 -117.5
1 1 14.749461504641214 -75.61467206162244 -108.0
8427
-------------------New----------------
0 0 48.00619134069312 52.694315641150794 118.5
0 1 44.93054141561769 55.82748038675114 108.5
1 0 -24.60815502500879 126.66449073932093 -117.5
1 1 -21.680604042146545 123.68691717910674 -108.0
8429
-------------------New----------------
0 0 99.36155675281688 -75.54799060592123 118.5
0 1 98.72353717491339 -71.88380443582358 108.5
1 0 84.67906772848383 11.034797279935571 -117.5
1 1 85.25923548404037 7.535358439114818 -108.0
8430
-------------------New----------------
0 0 49.12505216452252 19.108639582605946 118.5
0 1 45.512059242818964 18.366145021731292 108.5
1 0 -36.20004520829532 1.5962088586606415 -117.5
1 1 -32.76340213994314 2.300140909074141 -108.0
8431
-------------------New----------------
0 0 91.19415412612683 1.3845633265817012 118.5
0 1 90.45751576081423 -1.7209058350975728 108.5
1 0 73.788910512358 -71.88045540268864 -117.5
1 1 74.49016202220697 -68.93150258246109 -108.0
8436
-------------------New----------------
0 0 37.3684884751146 108.26153715193152 118.5
0 1 39.797478027010534 108.67304024352889 108.5
1 0 94.6702795623776 117.95523082258157 -117.5
1 1 92.36357200912518 117.56545926754036 -108.0
8439
-------------------New----------------
0 0 83.2465008710287 -2.633957952729161 118.5
0 1 83.5548670601776 -6.771815212131669 108.5
1 0 90.52820968786939 -100.29808839814265 -117.5
1 1 90.23607840374282 -96.36631849444146 -108.0
8445
-------------------New----------------
0 0 -40.99924987964202 28.4340441312256 118.5
0 1 -39.903973418761886 31.733333052639654 108.5
1 0 -15.109945567903694 106.32144244658457 -117.5
1 1 -16.15340820237998 103.18478094110287 -108.0
8447
-------------------New----------------
0 0 -103.53633150415995 -70.8317407614791 118.5
0 1 -102.95364219627925 -70.02498524243023 108.5
1 0 -89.86516709908793 -51.6172405582318 -117.5
1 1 -90.41392540839607 -52.392483585545406 -108.0
8451
-------------------New----------------
0 0 -25.858786674956065 -54.717994259917496 118.5
0 1 -26.485616646700684 -52.75085538113361 108.5
1 0 -40.6528027689197 -8.290804400172597 -117.5
1 1 -40.057289317008596 -10.15976100072694 -108.0
8456
-------------------New----------------
0 0 -66.60273657677051 6.938496956739468 118.5
0 1 -65.47816823040644 8.862052978099172 108.5
1 0 -40.062859934961715 52.4051143709735 -117.5
1 1 -41.13163310929217 50.57300081955628 -108.0
8462
-------------------New----------------
0 0 -1.4845757131951405 -93.00226637229855 118.5
0 1 -5.955350160294261 -91.01586329998909 108.5
1 0 -106.99791588900491 -46.130856299106114 -117.5
1 1 -102.751633916839 -48.01723776181053 -108.0
8464
-------------------New----------------
0 0 -106.46234761431415 78.0032076277532 118.5
0 1 -106.24286326454255 76.70548739445553 108.5
1 0 -101.32276748168242 47.400113153307146 -117.5
1 1 -101.52944723310755 48.63292906703903 -108.0
8465
-------------------New----------------
0 0 82.64676464343003 65.6375294445213 118.5
0 1 82.71778126910621 61.97004345267072 108.5
1 0 84.86251067476721 -20.23944383754571 -117.5
1 1 84.76753317553644 -16.838338654777637 -108.0
8470
-------------------New----------------
0 0 60.03772651951401 -19.628918012855568 118.5
0 1 62.41865034608513 -19.84813324768291 108.5
1 0 116.06031492402875 -24.681192360912394 -117.5
1 1 113.80950799637033 -24.48133774942559 -108.0
8472
-------------------New----------------
0 0 -95.12423740969399 -86.2746926974688 118.5
0 1 -95.07939750453494 -84.89642320815702 108.5
1 0 -94.03560726420992 -53.745942563033466 -117.5
1 1 -94.08021147274405 -55.05551485835373 -108.0
8479
-------------------New----------------
0 0 58.719874409271675 69.73125895286078 118.5
0 1 56.78008250330829 67.20396441014714 108.5
1 0 12.933407007912285 10.070858077219148 -117.5
1 1 14.777309543385652 12.472642432690423 -108.0
8484
-------------------New----------------
0 0 -73.61758869897571 108.76596879935991 118.5
0 1 -74.04069322935452 108.36696313789375 108.5
1 0 -83.60782942307146 99.32701168148903 -117.5
1 1 -83.20498447560473 99.7089525073102 -108.0
8485
-------------------New----------------
0 0 68.27764495574912 39.180494119720535 118.5
0 1 67.53914645003404 36.86960482110645 108.5
1 0 50.97771911715159 -15.294559518961194 -117.5
1 1 51.67731623560519 -13.102411331929076 -108.0
8486
-------------------New----------------
0 0 41.38057786964139 -105.14416991869771 118.5
0 1 42.50841416972402 -103.7898362338008 108.5
1 0 67.81295036308582 -73.09016040467199 -117.5
1 1 66.75354544218526 -74.38562189336504 -108.0
8497
-------------------New----------------
0 0 -74.53241484274261 46.449996320961745 118.5
0 1 -71.50724963631627 48.424289529180825 108.5
1 0 -3.1520982286570662 93.07455689347047 -117.5
1 1 -6.022252548127495 91.19768404873562 -108.0
8501
-------------------New----------------
0 0 -57.03503019467276 24.105707480428187 118.5
0 1 -54.743142379477604 21.170832897545747 108.5
1 0 -3.126632330437081 -45.4311586860123 -117.5
1 1 -5.29112754167654 -42.62779698902803 -108.0
8506
-------------------New----------------
0 0 -93.89622388225332 -32.07298001373604 118.5
0 1 -92.35227363348385 -34.00380293457554 108.5
1 0 -57.464780748581234 -77.63027843825377 -117.5
1 1 -58.93112692921882 -75.7966753510239 -108.0
8510
-------------------New----------------
0 0 -73.48130808140449 -16.66717094711519 118.5
0 1 -75.48538837326127 -16.429267399628745 108.5
1 0 -120.72468628178851 -11.0813976686175 -117.5
1 1 -118.82700465403309 -11.302517477003295 -108.0
8514
-------------------New----------------
0 0 40.0877212247436 -52.51288882984644 118.5
0 1 37.16211658381569 -55.155187978161884 108.5
1 0 -29.151767079834947 -114.673242340036 -117.5
1 1 -26.361800545143858 -112.17330533914381 -108.0
8522
-------------------New----------------
0 0 -90.75613152772956 67.32768387548468 118.5
0 1 -92.10085991716522 63.583017135300096 108.5
1 0 -122.49559801705263 -21.03969731315301 -117.5
1 1 -121.21816243782364 -17.482820476562814 -108.0
8534
-------------------New----------------
0 0 62.01965251546477 13.860551582178473 118.5
0 1 64.13379643361434 15.450764240605912 108.5
1 0 111.8990051192364 51.385591091565416 -117.5
1 1 109.89091843168285 49.875381530285544 -108.0
8538
-------------------New----------------
0 0 24.556300993294037 -37.75722763801973 118.5
0 1 23.938702508417503 -33.66728215190285 108.5
1 0 10.075731879663966 58.75651176572997 -117.5
1 1 10.654640796250728 54.87140402446263 -108.0
8548
-------------------New----------------
0 0 -63.20065247816709 54.44508513305592 118.5
0 1 -60.37411119008507 53.04115306787794 108.5
1 0 3.584146390082604 21.308063384085127 -117.5
1 1 0.8937372946031271 22.642399942416873 -108.0
8567
-------------------New----------------
0 0 56.88768637454747 -83.84866659433034 118.5
0 1 54.049564461609236 -81.35496720188988 108.5
1 0 -10.031312946353257 -25.016940123493967 -117.5
1 1 -7.341016279726652 -27.38638587488536 -108.0
8568
-------------------New----------------
0 0 57.39979255386057 6.301944482058055 118.5
0 1 53.338794972141365 9.460771247757958 108.5
1 0 -38.25893050113412 80.92493531196536 -117.5
1 1 -34.412996376118954 77.9161895567222 -108.0
8570
-------------------New----------------
0 0 27.18708813959184 86.08365872547981 118.5
0 1 26.066964165875852 85.38961217173264 108.5
1 0 0.7009740310639202 69.60202907167852 -117.5
1 1 1.77023413517969 70.26264599271322 -108.0
8576
-------------------New----------------
0 0 -49.839673587247106 -7.621040259308013 118.5
0 1 -49.0104037560251 -10.111756177261118 108.5
1 0 -30.290407807936965 -66.40732203009878 -117.5
1 1 -31.07695292565983 -64.04017418367705 -108.0
8580
-------------------New----------------
0 0 -17.367256933535757 58.02557297190229 118.5
0 1 -11.593388822510438 54.06132958880837 108.5
1 0 119.1026618690317 -35.67201668710435 -117.5
1 1 113.60869869341836 -31.894098070254664 -108.0
8583
-------------------New----------------
0 0 -31.034972189216084 32.977620677769934 118.5
0 1 -33.004547733608995 36.11961726882116 108.5
1 0 -77.31168614642169 107.1514071032309 -117.5
1 1 -75.45423559655057 104.16843859474727 -108.0
8591
-------------------New----------------
0 0 36.52230053216208 -13.571295993871763 118.5
0 1 32.00039855490296 -16.355000242590478 108.5
1 0 -70.13355002145494 -79.23544863455508 -117.5
1 1 -65.85487519806779 -76.59690085485525 -108.0
8612
-------------------New----------------
0 0 2.8617594816425145 -1.2421339776969595 118.5
0 1 3.328148660041294 2.297016111597241 108.5
1 0 13.873425928153694 82.20864810402804 -117.5
1 1 13.431764139249315 78.85236797231356 -108.0
8620
-------------------New----------------
0 0 -58.495789215579975 0.6179746209462833 118.5
0 1 -58.959853049766615 -1.8217307925914787 108.5
1 0 -69.51871022811126 -57.28353430374432 -117.5
1 1 -69.06909333808383 -54.93681558026695 -108.0
8622
-------------------New----------------
0 0 -53.79366429396613 103.86663928019584 118.5
0 1 -52.86745584529507 102.2277367526909 108.5
1 0 -31.58491567702216 65.43916648277516 -117.5
1 1 -32.49336464002369 67.00803934702967 -108.0
8629
-------------------New----------------
0 0 -5.726513733209872 -65.59049123354635 118.5
0 1 -3.432984153686374 -67.59141325492774 108.5
1 0 48.41247854108237 -112.84877391808227 -117.5
1 1 46.230685175877404 -110.94554713924629 -108.0
8644
-------------------New----------------
0 0 34.10072461052694 16.231031686924602 118.5
0 1 39.968263548455624 15.692106004504828 108.5
1 0 -20.143640795961115 35.44468487114704 -117.5
1 1 -20.969977787714456 33.1401413271606 -108.0
8650
-------------------New----------------
0 0 37.26906131094533 118.92882374103021 118.5
0 1 33.413964345038195 118.76083892549616 108.5
1 0 -53.691422746135444 114.95114955063097 -117.5
1 1 -50.030684668191476 115.11132488819337 -108.0
8657
-------------------New----------------
0 0 22.239712439697158 55.03685129100377 118.5
0 1 21.49904605035032 57.74205691044242 108.5
1 0 4.7473024331411136 118.87729654576701 -117.5
1 1 5.451719590845473 116.30763278033733 -108.0
8659
-------------------New----------------
0 0 -77.6013514994131 124.23055242225371 118.5
0 1 -76.04646758652007 124.01625803081747 108.5
1 0 -40.92471118832029 119.20124209976602 -117.5
1 1 -42.40320693492773 119.40322592103944 -108.0
8680
-------------------New----------------
0 0 20.10025292111005 -57.898625533702536 118.5
0 1 22.72341852415367 -59.58020923314092 108.5
1 0 81.99284716504273 -97.559327477726 -117.5
1 1 79.50289264010851 -95.96388219160596 -108.0
8683
-------------------New----------------
0 0 97.54973640276181 -32.35167237921722 118.5
0 1 97.21045525085829 -35.13133399116471 108.5
1 0 88.89782026389771 -97.89880564630138 -117.5
1 1 89.24892041978339 -95.27605964807226 -108.0
8689
-------------------New----------------
0 0 23.009718862852566 -14.57525490579916 118.5
0 1 23.360493808878168 -18.0185813523314 108.5
1 0 31.482172759270718 -95.82961128256093 -117.5
1 1 31.133294299771343 -92.55464412025843 -108.0
8697
-------------------New----------------
0 0 71.0083821710556 94.54518626514732 118.5
0 1 67.69851921581551 94.64283350626381 108.5
1 0 -7.087428384076487 96.85453592192422 -117.5
1 1 -3.9441249238077725 96.76175040847997 -108.0
8703
-------------------New----------------
0 0 -9.977766139026368 -15.050310279122547 118.5
0 1 -11.975377308578308 -14.196201132354819 108.5
1 0 -57.11559576819233 5.1059610562983035 -117.5
1 1 -55.21876263275125 4.295116947678628 -108.0
8705
-------------------New----------------
0 0 4.637776451988918 95.09448611706476 118.5
0 1 1.0566920386113854 94.19077610403293 108.5
1 0 -82.06753713075992 72.38522364041447 -117.5
1 1 -78.44851524518472 73.3132547559224 -108.0
8707
-------------------New----------------
0 0 68.90628694764142 3.8206470730129447 118.5
0 1 69.67164641805512 3.922564674596619 108.5
1 0 86.97707901065935 6.219933815327816 -117.5
1 1 86.24965311188191 6.123706541303875 -108.0
8709
-------------------New----------------
0 0 -101.11111571524813 -114.0115497189302 118.5
0 1 -99.41765305150753 -113.08669026176551 108.5
1 0 -61.14408875143182 -92.19018513132598 -117.5
1 1 -62.75292536481938 -93.06838779546788 -108.0
8719
-------------------New----------------
0 0 19.907213816108523 102.01723586618746 118.5
0 1 17.818985729654784 100.6982934527367 108.5
1 0 -29.22967883334265 70.72326946831097 -117.5
1 1 -27.26353254126966 71.97572958445552 -108.0
8724
-------------------New----------------
0 0 12.515952129481462 -64.05807472277245 118.5
0 1 11.380090549575566 -61.81315426227319 108.5
1 0 -14.284616248583243 -11.376902061066321 -117.5
1 1 -13.2082951082585 -13.494373430464796 -108.0
8726
-------------------New----------------
0 0 -45.667468293493734 -78.86786306255719 118.5
0 1 -47.65593838761701 -79.07848429278955 108.5
1 0 -92.53366951030884 -83.86907121266901 -117.5
1 1 -90.64956041705489 -83.66967315993026 -108.0
8731
-------------------New----------------
0 0 -90.9256357890848 -54.33797126956201 118.5
0 1 -91.21292424577919 -53.49145384706916 108.5
1 0 -97.70558539639296 -34.358463822676775 -117.5
1 1 -97.43307844983715 -35.16362366668527 -108.0
8741
-------------------New----------------
0 0 51.884154686266996 26.493820963898024 118.5
0 1 52.7366397203795 28.32456587877872 108.5
1 0 72.06802493165891 69.20879330184977 -117.5
1 1 71.25464989788438 67.49296874052 -108.0
8745
-------------------New----------------
0 0 -104.71288486866828 -5.095842210661006 118.5
0 1 -105.60420421619385 -1.4319591990493472 108.5
1 0 -125.7406000603105 81.41303763082188 -117.5
1 1 -124.89433743008287 77.92931374264273 -108.0
8749
-------------------New----------------
0 0 -12.360786179654967 -42.190216023600755 118.5
0 1 -12.828126864737303 -38.62499467163073 108.5
1 0 -36.38688431753661 41.80853871873394 -117.5
1 1 -34.80387592848186 38.42350852531416 -108.0
8751
-------------------New----------------
0 0 87.48526117463521 55.14180018063968 118.5
0 1 84.9577120405108 54.3619249582553 108.5
1 0 27.819313660898565 36.74504167602877 -117.5
1 1 30.22220988146925 37.486977160405246 -108.0
8753
-------------------New----------------
0 0 -2.5120659052265877 -87.97132315410981 118.5
0 1 -0.4071984940999638 -85.43256462072904 108.5
1 0 46.995808672898804 -28.055877565425153 -117.5
1 1 45.00533384819278 -30.465789319895567 -108.0
8757
-------------------New----------------
0 0 36.49566400509728 -12.707600563144762 118.5
0 1 36.50030551029273 -11.685935489462572 108.5
1 0 36.70549402087013 11.337561475365058 -117.5
1 1 36.683740307103065 10.370125868934235 -108.0
8768
-------------------New----------------
0 0 -11.414687903878857 -73.93799381104432 118.5
0 1 -9.912079930429377 -73.82274969333196 108.5
1 0 24.098366014047336 -71.2768095695961 -117.5
1 1 22.66936305252741 -71.37655440958797 -108.0
8776
-------------------New----------------
0 0 -63.43420941245712 -57.74154628163804 118.5
0 1 -60.5531458817649 -54.22859875411827 108.5
1 0 4.509880709254206 25.103713777033928 -117.5
1 1 1.7732858445770099 21.766006365540914 -108.0
8786
-------------------New----------------
0 0 -2.285556827615534 -81.68717137158144 118.5
0 1 2.2214009604609024 -81.6310823369601 108.5
1 0 104.12310819313272 -80.36527602916497 -117.5
1 1 99.8362944043723 -80.42136011529706 -108.0
8797
-------------------New----------------
0 0 18.90405501428818 41.172724253285196 118.5
0 1 17.892466796774535 40.27139269994695 108.5
1 0 -4.965753278890822 19.9060404044926 -117.5
1 1 -4.0049166488374635 20.76233544006643 -108.0
8801
-------------------New----------------
0 0 101.7041671599327 -56.10340760658695 118.5
0 1 100.73331929096591 -54.24971669783686 108.5
1 0 78.79553551320396 -12.321566263867963 -117.5
1 1 79.71776269669114 -14.0866973124921 -108.0
8809
-------------------New----------------
0 0 48.91711991939238 17.77030212989483 118.5
0 1 49.815952821157296 16.908564013447062 108.5
1 0 70.16362568839138 -2.603692461108003 -117.5
1 1 69.31175353017203 -1.7782487857933293 -108.0
8815
-------------------New----------------
0 0 -99.86148503176892 -70.77277177915 118.5
0 1 -99.50580034825659 -69.71475394589726 108.5
1 0 -91.34018910037045 -45.848895115269535 -117.5
1 1 -91.6899418692302 -46.85243163486453 -108.0
8819
-------------------New----------------
0 0 -112.2020477792012 -44.89226891634576 118.5
0 1 -112.5616397255656 -40.98057747941765 108.5
1 0 -120.68717845048863 47.39483501662359 -117.5
1 1 -120.34400051267639 43.67996748245618 -108.0
8823
-------------------New----------------
0 0 -29.081153218266735 78.73055992431114 118.5
0 1 -26.563298773786318 80.1389398050049 108.5
1 0 30.20422941644757 112.27783628396958 -117.5
1 1 27.82361864641093 110.91818038067281 -108.0
8824
-------------------New----------------
0 0 -16.199401662879467 -45.663878444186025 118.5
0 1 -11.4683379869704 -41.918574558208036 108.5
1 0 95.43782803450873 42.7332701566438 -117.5
1 1 90.94735585091044 39.17603641894577 -108.0
8834
-------------------New----------------
0 0 12.20613460949317 7.1545559017416 118.5
0 1 9.787747165402397 5.193851733063953 108.5
1 0 -45.71122606146027 -40.586337916286006 -117.5
1 1 -43.32029853745827 -38.60667057248598 -108.0
8836
-------------------New----------------
0 0 29.361600747880992 -16.58771021725143 118.5
0 1 33.2690207218007 -17.900346108309176 108.5
1 0 121.57762110365982 -47.55954879834162 -117.5
1 1 117.86540928365964 -46.31292846473652 -108.0
8847
-------------------New----------------
0 0 44.8768523490924 7.310335059950833 118.5
0 1 45.820046080422905 2.205020826464584 108.5
1 0 67.1428717605841 -113.20222525904174 -117.5
1 1 66.24433284997244 -108.35223982347183 -108.0
8848
-------------------New----------------
0 0 58.402143164064775 11.965569450461361 118.5
0 1 59.92089285237232 8.871895544017674 108.5
1 0 94.24517563590062 -61.04490310400338 -117.5
1 1 92.80229505950953 -58.10596445639883 -108.0
8861
-------------------New----------------
0 0 16.491120915652303 -96.56195439552599 118.5
0 1 13.293093256025713 -94.33839896702953 108.5
1 0 -58.89286938584466 -44.111845181654346 -117.5
1 1 -55.86279648214618 -46.223178216765135 -108.0
8870
-------------------New----------------
0 0 -44.22541713731714 -46.07198027596771 118.5
0 1 -42.452774363331606 -44.19823456433366 108.5
1 0 -2.3988301980609266 -1.8263702630275827 -117.5
1 1 -4.080173099487993 -3.608969716471954 -108.0
8875
-------------------New----------------
0 0 -22.5773609959059 -44.01827370367985 118.5
0 1 -18.884408379496957 -44.67172527884104 108.5
1 0 64.57226885466584 -59.435650719825354 -117.5
1 1 61.06426239037933 -58.81496055967229 -108.0
8879
-------------------New----------------
0 0 -34.46617269676156 90.92199223042796 118.5
0 1 -36.5579806476597 89.46786973029955 108.5
1 0 -83.8309144486734 56.61150380852769 -117.5
1 1 -81.84496102537175 57.99136773315439 -108.0
8880
-------------------New----------------
0 0 -49.11039611157379 -4.511206678291896 118.5
0 1 -46.19158907692891 -9.62499210817711 108.5
1 0 19.749227735021197 -124.49656220241818 -117.5
1 1 16.981802071785573 -119.6908492570831 -108.0
8883
-------------------New----------------
0 0 -49.157679663557005 -50.93900103315541 118.5
0 1 -46.41117817648021 -48.733658646486916 108.5
1 0 15.613728375512668 1.1151740820894447 -117.5
1 1 13.00774037387244 -0.9817906281201573 -108.0
8895
-------------------New----------------
0 0 -67.27183369758843 42.30270192573324 118.5
0 1 -65.5112185520863 43.338651904148705 108.5
1 0 -25.595158168777605 66.87887775158059 -117.5
1 1 -27.267922010787423 65.8604714786572 -108.0
8910
-------------------New----------------
0 0 -67.50287739113767 -73.65256613479605 118.5
0 1 -64.97006328067748 -74.1483163907354 108.5
1 0 -7.719851762670041 -85.36343448987449 -117.5
1 1 -10.12621891433013 -84.89156719472908 -108.0
8914
-------------------New----------------
0 0 -26.920400485707034 54.63660476036695 118.5
0 1 -25.30052710797703 56.57754550701746 108.5
1 0 11.286976545016731 100.44626056623186 -117.5
1 1 9.750079519562272 98.60209829811616 -108.0
8923
-------------------New----------------
0 0 -78.36104760064255 63.00873928550537 118.5
0 1 -77.82706020185329 59.053147110151215 108.5
1 0 -65.7017626979081 -30.32833009621667 -117.5
1 1 -66.21378179047453 -26.569440144530148 -108.0
8935
-------------------New----------------
0 0 25.187148731639294 -80.89882162811386 118.5
0 1 26.57197370930147 -77.97899578748967 108.5
1 0 57.81859215059726 -11.990041804272186 -117.5
1 1 56.50883193130251 -14.765168341907179 -108.0
8936
-------------------New----------------
0 0 64.88564927851647 29.104503364514432 118.5
0 1 65.66775192778799 29.703316727079216 108.5
1 0 83.34566846923187 43.24433149367503 -117.5
1 1 82.60313063401159 42.67446913630005 -108.0
8951
-------------------New----------------
0 0 32.84414829475024 106.47647651580068 118.5
0 1 31.96679687888608 107.13364619393056 108.5
1 0 12.095157185028686 121.90074679311809 -117.5
1 1 12.929972303748617 121.27845925521567 -108.0
8952
-------------------New----------------
0 0 32.06375728823452 109.30471029478235 118.5
0 1 32.793696743806045 108.61966763104415 108.5
1 0 49.308721406417014 93.1936105005887 -117.5
1 1 48.614342647168385 93.84220190025235 -108.0
8953
-------------------New----------------
0 0 -3.447594879421586 -32.395040170287174 118.5
0 1 -3.542885884942457 -29.764109296966105 108.5
1 0 -5.678665972509252 29.700896134295288 -117.5
1 1 -5.58999884668736 27.20115837757394 -108.0
8965
-------------------New----------------
0 0 -71.34924736834712 67.16167198315051 118.5
0 1 -71.95894628481037 67.80765598419217 108.5
1 0 -85.72889329017332 82.42593289359048 -117.5
1 1 -85.14972290122002 81.81021743771795 -108.0
8967
-------------------New----------------
0 0 21.794224832060685 31.287887391989607 118.5
0 1 20.149145955240233 31.74726589921314 108.5
1 0 -17.032291440450987 42.148453490863176 -117.5
1 1 -15.46942758753294 41.71093168616769 -108.0
8982
-------------------New----------------
0 0 -54.96989931431724 43.04824489377447 118.5
0 1 -51.63214421719398 43.76481209020464 108.5
1 0 23.913803117614993 60.020260236482294 -117.5
1 1 20.73356224898707 59.33723268905836 -108.0
8989
-------------------New----------------
0 0 19.16208475010761 31.788013717562052 118.5
0 1 20.08792707054085 28.162774003902985 108.5
1 0 40.99518521097733 -53.67898712263682 -117.5
1 1 40.11580075141755 -50.240297499352856 -108.0
8995
-------------------New----------------
0 0 78.48952014142212 -59.13490206674229 118.5
0 1 77.57685660490192 -58.42778063708123 108.5
1 0 56.93790235599172 -42.556918478104635 -117.5
1 1 57.80536343302674 -43.21990901728717 -108.0
9000
-------------------New----------------
0 0 104.88200343734054 23.800991060635887 118.5
0 1 105.52307690273639 21.893490427039858 108.5
1 0 120.00172230177661 -21.205363838359126 -117.5
1 1 119.39327164550714 -19.39378321452811 -108.0
9004
-------------------New----------------
0 0 100.96350802764911 -24.124973041718054 118.5
0 1 100.85275680395833 -18.006094562689277 108.5
1 0 98.35321339490268 120.28669565883938 -117.5
1 1 98.458856098474 114.47316853662649 -108.0
9011
-------------------New----------------
0 0 -3.346287428601342 5.110084847247316 118.5
0 1 -5.39782815623709 2.121978714169462 108.5
1 0 -51.91830952123111 -65.18873572302834 -117.5
1 1 -49.956289754292655 -62.363754607056954 -108.0
9015
-------------------New----------------
0 0 74.45927552330575 20.963957634453468 118.5
0 1 75.8856450689693 18.527588446955146 108.5
1 0 108.06728123831924 -36.44627992551352 -117.5
1 1 106.71840942906972 -34.12977521181937 -108.0
9017
-------------------New----------------
0 0 38.536212834312636 -40.89446921992992 118.5
0 1 38.51713427637788 -42.83126841036376 108.5
1 0 38.081662231531126 -86.62392406636256 -117.5
1 1 38.09730313987937 -84.78425577315406 -108.0
9030
-------------------New----------------
0 0 17.498489973481565 -52.76089008329613 118.5
0 1 18.975920203910192 -49.63884550516498 108.5
1 0 52.29560656575169 20.82521970406262 -117.5
1 1 50.892394951584016 17.862331628880213 -108.0
9033
-------------------New----------------
0 0 79.8334640129861 60.595382990076565 118.5
0 1 80.58597277965104 60.064983519204716 108.5
1 0 97.59744997001799 48.05223819844549 -117.5
1 1 96.8822950525371 48.55720775860878 -108.0
9037
-------------------New----------------
0 0 -92.41004093029602 -5.055704759785279 118.5
0 1 -89.87430305940494 -0.6995063891595208 108.5
1 0 -32.56995274037051 97.72971683376727 -117.5
1 1 -34.978763451960546 93.5922577479211 -108.0
9047
-------------------New----------------
0 0 94.34044567103876 -40.625835617297994 118.5
0 1 93.27398387622581 -42.37758032942233 108.5
1 0 69.09710997288441 -81.98391329055569 -117.5
1 1 70.11600220961793 -80.31855378851385 -108.0
9058
-------------------New----------------
0 0 17.34723285281578 41.472605496386066 118.5
0 1 13.360241222077562 40.453245978901165 108.5
1 0 -76.71721139423127 17.448758175408667 -117.5
1 1 -72.93005034554878 18.413856101509023 -108.0
9060
-------------------New----------------
0 0 -7.494806865100432 -45.8130901932222 118.5
0 1 -11.788878895228034 -48.27667921674412 108.5
1 0 -108.88137487629206 -103.84384918579408 -117.5
1 1 -104.79634323401501 -101.51183085703752 -108.0
9073
-------------------New----------------
0 0 -92.46959343438128 -12.311435341505996 118.5
0 1 -93.43246477746057 -15.13030066529086 108.5
1 0 -116.10288755981544 -78.71380634768829 -117.5
1 1 -115.13312462072273 -76.01658116056888 -108.0
9074
-------------------New----------------
0 0 44.34404170972516 -4.218426333529458 118.5
0 1 42.48478841219109 -8.596850321666075 108.5
1 0 0.4663396409331623 -107.57586075961083 -117.5
1 1 2.233729998357093 -103.41354321423628 -108.0
9089
-------------------New----------------
0 0 -44.955096522526944 41.301814351374006 118.5
0 1 -44.71803814612418 38.98497786939075 108.5
1 0 -39.822339643669615 -12.368223111356922 -117.5
1 1 -40.04377712939141 -10.265565206908445 -108.0
9090
-------------------New----------------
0 0 -53.00514246951351 -50.749073825372434 118.5
0 1 -53.427152490087806 -53.7646528571492 108.5
1 0 -62.92065357582344 -121.91609213543282 -117.5
1 1 -62.51883222205031 -119.05033784184168 -108.0
9107
-------------------New----------------
0 0 -110.53752488397261 110.04692771783073 118.5
0 1 -110.70586577652807 109.37315938597267 108.5
1 0 -114.51988850791581 94.13823984186826 -117.5
1 1 -114.35851320204897 94.77844225692539 -108.0
9117
-------------------New----------------
0 0 36.24494218578707 72.50473280042569 118.5
0 1 34.22188093080364 74.5840452231707 108.5
1 0 -11.478362987325827 121.49752304068863 -117.5
1 1 -9.55774664983671 119.52809705674852 -108.0
9126
-------------------New----------------
0 0 87.11833571273561 -3.1649759599223453 118.5
0 1 88.41903961499087 -3.1348800800411536 108.5
1 0 117.88611881851712 -2.547574639801928 -117.5
1 1 116.64503687861846 -2.5738557492141796 -108.0
9130
-------------------New----------------
0 0 -42.41411194907946 22.86045622263302 118.5
0 1 -39.74951359839163 20.770378107216253 108.5
1 0 20.430811573985217 -26.423180682224757 -117.5
1 1 17.899936867238182 -24.440192371415243 -108.0
9132
-------------------New----------------
0 0 87.84595043591507 41.11043681267153 118.5
0 1 87.45527791063932 43.83098789638875 108.5
1 0 78.70863772553129 105.29477244027578 -117.5
1 1 79.07344961831427 102.7104369696602 -108.0
9146
-------------------New----------------
0 0 -86.10941480636079 9.88371834494688 118.5
0 1 -84.76203067090172 7.48641467040085 108.5
1 0 -54.233460712757406 -46.644607728846466 -117.5
1 1 -55.518549624110236 -44.36669028669296 -108.0
9151
-------------------New----------------
0 0 33.47209040843852 84.21788616065993 118.5
0 1 34.98182166920221 83.80077292739662 108.5
1 0 69.02161214352688 74.43829094462582 -117.5
1 1 67.59320127755593 74.83200468785378 -108.0
9155
-------------------New----------------
0 0 -19.83410347473386 -50.50201568405698 118.5
0 1 -21.43295658182805 -48.42444159320699 108.5
1 0 -57.58403355079996 -1.5525190846961585 -117.5
1 1 -56.065198648866726 -3.5208468321877433 -108.0
9156
-------------------New----------------
0 0 -30.702999521245374 -59.95982997153318 118.5
0 1 -33.614072471361965 -58.662142798766226 108.5
1 0 -99.56550846209312 -29.260705154522782 -117.5
1 1 -96.78907273529914 -30.501813905683463 -108.0
9159
-------------------New----------------
0 0 28.38300340879681 72.87613628863718 118.5
0 1 30.20112831249073 73.37148823594586 108.5
1 0 71.23108500091178 84.52727951350457 -117.5
1 1 69.50800204758173 84.05824286272308 -108.0
9163
-------------------New----------------
0 0 50.99870547783682 -28.963266262778507 118.5
0 1 50.54626225010156 -23.636991362334275 108.5
1 0 40.318885188324614 96.73901623073888 -117.5
1 1 40.74887660990116 91.67910463073115 -108.0
9172
-------------------New----------------
0 0 -70.28915285333436 68.6507302389955 118.5
0 1 -69.34706147484593 68.10103114835847 108.5
1 0 -47.68454326045149 55.85915724879184 -117.5
1 1 -48.59920492097869 56.379266364845726 -108.0
9174
-------------------New----------------
0 0 -47.48932392084959 -62.983398907589276 118.5
0 1 -48.433051572776975 -60.344786286716065 108.5
1 0 -69.81261477665784 -0.7897371296353235 -117.5
1 1 -68.91586322479559 -3.2903063459588977 -108.0
9183
-------------------New----------------
0 0 45.48734323160333 -34.56819944861267 118.5
0 1 45.75249574313956 -35.88453903006216 108.5
1 0 51.91948926963649 -65.78664138712368 -117.5
1 1 51.662744610957546 -64.52312032600042 -108.0
9187
-------------------New----------------
0 0 82.102692845845 -58.236969658985515 118.5
0 1 82.0666043610879 -54.82882682711438 108.5
1 0 81.2170013497586 21.786900874970506 -117.5
1 1 81.24802186254047 18.58166569633935 -108.0
9196
-------------------New----------------
0 0 -78.83452684192524 51.77066536074195 118.5
0 1 -77.3016183913588 53.41716559307436 108.5
1 0 -42.65742803543871 90.61473792152745 -117.5
1 1 -44.11396645307478 89.05134334754919 -108.0
9199
-------------------New----------------
0 0 -16.646706986405793 -63.88966469001889 118.5
0 1 -19.077338389631706 -65.00988593888017 108.5
1 0 -73.98739896845541 -90.27696336410467 -117.5
1 1 -71.67994389565226 -89.214682942435 -108.0
9203
-------------------New----------------
0 0 16.860540131230042 79.54210871522015 118.5
0 1 19.636730532435045 76.5392115246247 108.5
1 0 82.37365923475593 8.703935572550172 -117.5
1 1 79.73959019121449 11.554597111838248 -108.0
9216
-------------------New----------------
0 0 -22.138865527329642 -75.98928143742295 118.5
0 1 -24.796597047819194 -74.86774824270258 108.5
1 0 -84.87621733036737 -49.54774465731309 -117.5
1 1 -82.35056845621044 -50.612197966078 -108.0
9235
-------------------New----------------
0 0 -3.140107583063654 -88.67263027393865 118.5
0 1 -4.476303774972991 -86.36337545224515 108.5
1 0 -34.647066154619196 -34.142142435777124 -117.5
1 1 -33.376052702325886 -36.337332212920685 -108.0
9243
-------------------New----------------
0 0 111.74447519017455 61.48538650933349 118.5
0 1 111.5744786055678 60.60028292580326 108.5
1 0 107.67016130988809 40.162704749580215 -117.5
1 1 107.83697954454514 41.05128246019789 -108.0
9252
-------------------New----------------
0 0 57.67430113906503 32.43203666587607 118.5
0 1 56.095490594679326 30.215897446613234 108.5
1 0 20.411911797196915 -19.852371232787505 -117.5
1 1 21.911448254401204 -17.747116354282092 -108.0
9265
-------------------New----------------
0 0 75.97900930880226 44.59806691896653 118.5
0 1 77.79347075495662 42.935251132630086 108.5
1 0 118.86048824792958 5.358975121870374 -117.5
1 1 117.13493621146799 6.939535676102977 -108.0
9279
-------------------New----------------
0 0 -91.60605720356298 7.487464819191014 118.5
0 1 -91.74733068040673 4.228871678156703 108.5
1 0 -95.0017203918478 -69.5697775376945 -117.5
1 1 -94.86406595129776 -66.4729360819546 -108.0
9283
-------------------New----------------
0 0 -88.1507583596472 -65.68876754270548 118.5
0 1 -87.92378638565579 -66.16627384303966 108.5
1 0 -82.78350402033888 -76.91987143223767 -117.5
1 1 -83.00226100917698 -76.467894218286 -108.0
9288
-------------------New----------------
0 0 27.382759885384854 30.63076247549076 118.5
0 1 26.134347607950495 29.913993996342317 108.5
1 0 -2.1062740938034694 13.747591344563935 -117.5
1 1 -0.919584218189393 14.426713865499408 -108.0
9298
-------------------New----------------
0 0 52.46769777504564 -6.311818256966294 118.5
0 1 52.254160148490314 -8.173850982388625 108.5
1 0 47.27389906343815 -50.33063147460122 -117.5
1 1 47.483704252874794 -48.55772137491764 -108.0
9299
-------------------New----------------
0 0 45.477849914360625 -29.283037722500403 118.5
0 1 42.31298247488728 -25.676694411949363 108.5
1 0 -29.242279906510287 55.462070795734896 -117.5
1 1 -26.24037512038573 52.06468491888761 -108.0
9306
-------------------New----------------
0 0 -66.9213151020133 94.41385085839258 118.5
0 1 -63.27310341386228 94.65633609188308 108.5
1 0 19.148763184580112 100.10162389617435 -117.5
1 1 15.685855512483808 99.87589238980362 -108.0
9314
-------------------New----------------
0 0 -6.437283075963444 -19.027215099791782 118.5
0 1 -10.169039270661703 -19.022001762843924 108.5
1 0 -94.44020922132044 -18.70926486535617 -117.5
1 1 -90.89921582639795 -18.71957582139164 -108.0
9315
-------------------New----------------
0 0 65.05050000192622 20.41362257916424 118.5
0 1 61.54981927871519 14.565115960491289 108.5
1 0 -17.588832811054882 -117.61955003599174 -117.5
1 1 -14.261738496628615 -112.06329388309375 -108.0
9316
-------------------New----------------
0 0 -47.520756541960885 50.14897217413049 118.5
0 1 -47.942107601240856 50.96583774494719 108.5
1 0 -57.48213219648517 69.41005794665112 -117.5
1 1 -57.080666828419545 68.63484537043145 -108.0
9317
-------------------New----------------
0 0 -74.46596059512423 -105.82059332842843 118.5
0 1 -71.31658428288006 -106.026649139755 108.5
1 0 -0.10128725097403687 -110.7152950979608 -117.5
1 1 -3.0870802959270427 -110.51361802464787 -108.0
9321
-------------------New----------------
0 0 35.91377005863063 -101.3182084068148 118.5
0 1 33.08102746727418 -102.3763242909646 108.5
1 0 -31.15950362326837 -126.20312267054115 -117.5
1 1 -28.45769107486276 -125.19785358006841 -108.0
9334
-------------------New----------------
0 0 -110.46790753602131 6.261086811929573 118.5
0 1 -110.08540182727177 8.864174789905501 108.5
1 0 -101.36508715546444 67.67932390443507 -117.5
1 1 -101.73129577313549 65.20822055531481 -108.0
9350
-------------------New----------------
0 0 -89.6193239820258 -13.97286854705033 118.5
0 1 -88.84338726662533 -9.597046403189845 108.5
1 0 -71.31079473241007 89.53051877374796 -117.5
1 1 -72.04481815218605 85.36066705033663 -108.0
9355
-------------------New----------------
0 0 87.32062260818591 -98.62163047573098 118.5
0 1 84.71031482688745 -99.32600280631729 108.5
1 0 25.733606581040856 -115.2695431998633 -117.5
1 1 28.21294088202024 -114.59974888010754 -108.0
9356
-------------------New----------------
0 0 -58.63321073866287 -14.54638114334575 118.5
0 1 -61.50833988742356 -17.009627135047825 108.5
1 0 -126.47595846524621 -72.61319039156776 -117.5
1 1 -123.74683696893189 -70.27642608961257 -108.0
9357
-------------------New----------------
0 0 13.161589835322838 30.684054339114475 118.5
0 1 12.194705977276486 28.423908383038754 108.5
1 0 -9.790457568618166 -22.72128781895251 -117.5
1 1 -8.871943432506638 -20.572412274202392 -108.0
9366
-------------------New----------------
0 0 -58.27560736214175 -29.111029513784814 118.5
0 1 -56.19372268792798 -25.081668937677737 108.5
1 0 -9.139391127089924 65.98301991604885 -117.5
1 1 -11.117086297101562 62.15476922696022 -108.0
9371
-------------------New----------------
0 0 -40.62202884472558 -85.74299415236257 118.5
0 1 -36.7974231631765 -87.49483038005742 108.5
1 0 47.95550634589661 -125.38033843929709 -117.5
1 1 44.37212975345459 -123.7908344448482 -108.0
9374
-------------------New----------------
0 0 1.2118150304446298 -94.03155434470924 118.5
0 1 2.1102394428263147 -92.01146057196584 108.5
1 0 21.989416601193092 -46.1687016994877 -117.5
1 1 21.157788874974862 -48.09539440164234 -108.0
9377
-------------------New----------------
0 0 31.270704117010382 98.61453438338057 118.5
0 1 26.435383979056542 97.35118772549004 108.5
1 0 -82.7826180848285 68.82851789754868 -117.5
1 1 -78.19104810652081 70.02566657916313 -108.0
9391
-------------------New----------------
0 0 29.005683587507157 62.22285404054323 118.5
0 1 30.738448105014413 57.86612926057269 108.5
1 0 69.8928372907929 -40.55418641417374 -117.5
1 1 68.24634406647911 -36.418293980275855 -108.0
9395
-------------------New----------------
0 0 -25.722455642046725 21.764952698361395 118.5
0 1 -28.844632801183888 19.665605441461587 108.5
1 0 -99.69242609162184 -27.73816711831796 -117.5
1 1 -96.70529911843543 -25.74845400171636 -108.0
9408
-------------------New----------------
0 0 53.84250078459015 84.96167225946239 118.5
0 1 53.316004246154975 83.33763697821607 108.5
1 0 41.43079930829607 46.61705464318589 -117.5
1 1 41.93097765931579 48.1606727878805 -108.0
9411
-------------------New----------------
0 0 35.30601583296516 -23.73717838847616 118.5
0 1 34.262512897787815 -24.374631793293844 108.5
1 0 10.671794314640945 -38.76033042030496 -117.5
1 1 11.665528479894931 -38.15477846989968 -108.0
9412
-------------------New----------------
0 0 69.65144555220164 -18.035202285980102 118.5
0 1 69.19372717122168 -17.81719943694753 108.5
1 0 58.88859416633706 -12.982178853648936 -117.5
1 1 59.31862895647674 -13.18271575691434 -108.0
9436
-------------------New----------------
0 0 -61.329597604056254 -42.6673913814116 118.5
0 1 -59.12980805478428 -45.98002289572085 108.5
1 0 -9.44648511534783 -120.79177346742104 -117.5
1 1 -11.53593527603349 -117.65411988465489 -108.0
9453
-------------------New----------------
0 0 74.64671830965526 60.41147729766376 118.5
0 1 73.58652186520285 58.99435394038579 108.5
1 0 51.194865371401434 27.18594210545688 -117.5
1 1 52.08391525952355 28.523643682679953 -108.0
9457
-------------------New----------------
0 0 -70.41938679052144 -53.33883109995801 118.5
0 1 -68.10328126762722 -54.82074796727685 108.5
1 0 -15.780905533160777 -88.29342475534409 -117.5
1 1 -17.978506332811577 -86.88681379769851 -108.0
9474
-------------------New----------------
0 0 -21.753867920676736 107.65806967228438 118.5
0 1 -18.624154724132673 107.67043149696963 108.5
1 0 52.13491966531825 107.94805854146611 -117.5
1 1 49.15964942693749 107.93653303300445 -108.0
9480
-------------------New----------------
0 0 -111.38381120958711 -64.4770277985451 118.5
0 1 -110.38194847908221 -60.944608011346396 108.5
1 0 -87.66188749842706 18.777990763007143 -117.5
1 1 -88.61881997601634 15.425168134479716 -108.0
9483
-------------------New----------------
0 0 66.14761920165898 8.587476174531222 118.5
0 1 67.28321816361566 10.999163768192497 108.5
1 0 92.89088756926427 65.4841155611891 -117.5
1 1 91.81397004640084 63.194446826927695 -108.0
9484
-------------------New----------------
0 0 22.113433697804254 -64.3635157236109 118.5
0 1 19.891069263686045 -63.12469150320349 108.5
1 0 -29.87271419237407 -34.53826068797648 -117.5
1 1 -27.79741589308687 -35.74559039093846 -108.0
9485
-------------------New----------------
0 0 83.11364123981805 -37.636421108616574 118.5
0 1 81.52538752978595 -31.124920158256884 108.5
1 0 45.27594785874628 115.64467498700876 -117.5
1 1 46.807747867250306 109.47507680806791 -108.0
9492
-------------------New----------------
0 0 103.14650562382803 24.437775072800353 118.5
0 1 103.94799779141208 24.345299223909528 108.5
1 0 122.13313254021764 22.285183844304655 -117.5
1 1 121.36584113349375 22.369435450112565 -108.0
9494
-------------------New----------------
0 0 5.357105103664546 40.06441698273257 118.5
0 1 7.63271955181318 40.61948061794063 108.5
1 0 58.161191120536046 53.539393453413176 -117.5
1 1 56.04855336585699 52.990428769689444 -108.0
9497
-------------------New----------------
0 0 82.72090640385302 -37.035280669530735 118.5
0 1 83.89563100465236 -38.632036939064264 108.5
1 0 110.45397808269247 -74.55817764181373 -117.5
1 1 109.33615470168384 -73.04756719177836 -108.0
9502
-------------------New----------------
0 0 -76.21452132538091 107.91816053809009 118.5
0 1 -77.25686366819649 107.96357054520043 108.5
1 0 -100.85105152480818 109.00549730667828 -117.5
1 1 -99.85929489672819 108.96195995682258 -108.0
9505
-------------------New----------------
0 0 20.031342965274124 25.08266049251215 118.5
0 1 22.203103507979485 25.138395687970913 108.5
1 0 71.28228293020368 26.418959753125414 -117.5
1 1 69.21953654168098 26.364729216495768 -108.0
9508
-------------------New----------------
0 0 11.256038669173169 52.68480660466961 118.5
0 1 13.547280293837854 49.3874340396715 108.5
1 0 65.33307739851242 -25.138421792804895 -117.5
1 1 63.15674227561429 -22.005451240793406 -108.0
9511
-------------------New----------------
0 0 8.791397185515072 -37.24767880698576 118.5
0 1 7.023250036477677 -36.23727003060374 108.5
1 0 -33.13495183659879 -13.378147108590927 -117.5
1 1 -31.44081420189095 -14.335105304525408 -108.0
9541
-------------------New----------------
0 0 -39.60508924472074 -107.45700227735401 118.5
0 1 -35.288881682795655 -106.74970031927963 108.5
1 0 62.27874839162216 -90.7693120605513 -117.5
1 1 58.177449511439704 -91.44060806272199 -108.0
9542
-------------------New----------------
0 0 -44.74254317906508 -70.2643240192065 118.5
0 1 -42.258854919512984 -71.24187135695567 108.5
1 0 14.054998556151915 -93.29222492938501 -117.5
1 1 11.691790333707141 -92.366916857079 -108.0
9543
-------------------New----------------
0 0 24.812593675327623 73.01306528660132 118.5
0 1 18.42650260980568 73.51792641887468 108.5
1 0 -125.62927049734753 84.85907282704856 -117.5
1 1 -119.57956184750944 84.38994283687133 -108.0
9546
-------------------New----------------
0 0 -64.48989812797177 5.269839149997936 118.5
0 1 -65.68176285585386 8.060749414936186 108.5
1 0 -92.62458399124571 71.11409400927093 -117.5
1 1 -91.49195467606334 68.46478169210918 -108.0
9547
-------------------New----------------
0 0 66.4089038701164 10.485166406492008 118.5
0 1 65.43403708292445 10.735057281503732 108.5
1 0 43.43584626771847 16.410122398440734 -117.5
1 1 44.36285656116979 16.172143677247785 -108.0
9551
-------------------New----------------
0 0 -67.08384679237501 49.1331429502469 118.5
0 1 -69.32981855388343 49.41815773605589 108.5
1 0 -120.07685141241544 55.83742330691307 -117.5
1 1 -117.94341466450692 55.56818005668405 -108.0
9556
-------------------New----------------
0 0 -28.925666499819265 44.19784561056997 118.5
0 1 -25.14432518893212 47.25087339736026 108.5
1 0 59.93284455772606 116.26750874645188 -117.5
1 1 56.40369042941946 113.35203144104382 -108.0
9560
-------------------New----------------
0 0 -58.402363400538604 -8.003266846703749 118.5
0 1 -56.99748718868953 -2.377375447621585 108.5
1 0 -25.26221496176762 124.74617919936836 -117.5
1 1 -26.595953252774358 119.40374660310928 -108.0
9584
-------------------New----------------
0 0 86.23893623455967 82.97130175870453 118.5
0 1 84.897060457764 80.71828493083682 108.5
1 0 54.870031174259836 29.527455771067917 -117.5
1 1 56.12419676335537 31.683781174009614 -108.0
9590
-------------------New----------------
0 0 31.63777169444027 -12.201853040261602 118.5
0 1 29.270367905887166 -6.735899314397519 108.5
1 0 -24.173825669538214 116.72083453581683 -117.5
1 1 -21.929779940076717 111.5330023262841 -108.0
9595
-------------------New----------------
0 0 -15.070696772002943 1.3385309883724061 118.5
0 1 -12.947131633653374 -3.9887774996944856 108.5
1 0 34.817870981945475 -124.57007957488331 -117.5
1 1 32.816485162576 -119.47277295111772 -108.0
9597
-------------------New----------------
0 0 94.36080459514092 32.251678441173325 118.5
0 1 95.73283364282409 36.03508587079971 108.5
1 0 126.85817318247669 121.54122070649157 -117.5
1 1 125.54908810054118 117.9484013422577 -108.0
9599
-------------------New----------------
0 0 16.262628524751065 34.30072128266784 118.5
0 1 13.602121258887882 28.768496825830333 108.5
1 0 -46.525249734386776 -96.27513512292266 -117.5
1 1 -43.997882737699584 -91.01842452996303 -108.0
9601
-------------------New----------------
0 0 70.33909808127552 -47.2776706173479 118.5
0 1 68.39398060234795 -49.19651399795769 108.5
1 0 24.150159526536505 -92.15278275083128 -117.5
1 1 26.01136061068499 -90.35831148776148 -108.0
9606
-------------------New----------------
0 0 43.07678056740781 5.479462744213597 118.5
0 1 41.627278246841364 4.2914710498760105 108.5
1 0 8.954591541328007 -22.54956046155559 -117.5
1 1 10.323599548165028 -21.42134404444495 -108.0
9608
-------------------New----------------
0 0 -3.757442808094434 112.78020742521419 118.5
0 1 -5.574295124757883 112.31552912310545 108.5
1 0 -46.61753001574946 101.82610503392335 -117.5
1 1 -44.89311223409892 102.26618911043704 -108.0
9613
-------------------New----------------
0 0 18.137057609474116 92.33512810571237 118.5
0 1 12.9553814862962 92.88681287718177 108.5
1 0 -104.19224552207204 105.29116264244263 -117.5
1 1 -99.26953797114687 104.76882793602374 -108.0
9614
-------------------New----------------
0 0 65.59249231147238 -7.5971282610151025 118.5
0 1 67.35420236727876 -11.160361340398435 108.5
1 0 107.16173399948404 -91.68800525959972 -117.5
1 1 105.48860846894574 -88.30323074464499 -108.0
9616
-------------------New----------------
0 0 47.78207652228726 -28.003390787414368 118.5
0 1 48.410063591552884 -27.88811600573836 108.5
1 0 62.66543563160785 -25.265630437658704 -117.5
1 1 62.06017653966116 -25.37929812559124 -108.0
9625
-------------------New----------------
0 0 -35.99125220232615 -47.36768996414891 118.5
0 1 -38.63272622398735 -42.07601649744407 108.5
1 0 -98.32327213988329 77.51230216830199 -117.5
1 1 -95.81440478339898 72.48548800937286 -108.0
9637
-------------------New----------------
0 0 69.52475005064072 118.04441385602718 118.5
0 1 70.10191922964745 117.87870497971615 108.5
1 0 83.13346758989854 114.10698208409251 -117.5
1 1 82.58540878491513 114.26569174663396 -108.0
9639
-------------------New----------------
0 0 -13.84067771966922 -11.575179154822035 118.5
0 1 -14.537369347821866 -9.519174966602327 108.5
1 0 -30.289112542211473 36.99811254122622 -117.5
1 1 -29.62294658680823 35.041915307915524 -108.0
9640
-------------------New----------------
0 0 -66.26228012860716 19.464923201530567 118.5
0 1 -62.66846686318794 18.582343285154586 108.5
1 0 18.51522604251721 -1.6274663001269467 -117.5
1 1 15.10243655394064 -0.7645169506421279 -108.0
9646
-------------------New----------------
0 0 36.369793555793635 -36.50517221469767 118.5
0 1 33.717521894419036 -38.88826945658681 108.5
1 0 -26.26795860007737 -92.68464267473018 -117.5
1 1 -23.73879611834402 -90.43786808456306 -108.0
9648
-------------------New----------------
0 0 33.55827439640888 -49.83236751865248 118.5
0 1 29.357829527865885 -44.78619521453074 108.5
1 0 -65.60945693922962 69.18545080088866 -117.5
1 1 -61.61489516776919 64.39492738243963 -108.0
9650
-------------------New----------------
0 0 1.7187966651825142 32.50212337533286 118.5
0 1 4.491873726544802 32.604356938359004 108.5
1 0 67.20033308395328 34.98205036467054 -117.5
1 1 64.56016641640221 34.87827632105146 -108.0
9664
-------------------New----------------
0 0 74.92875726124359 69.34054609574655 118.5
0 1 73.80766030235034 68.37888622254599 108.5
1 0 48.432576394943204 46.64101011422759 -117.5
1 1 49.5029586351542 47.55475112895196 -108.0
9667
-------------------New----------------
0 0 82.31224265336178 -16.763246993648735 118.5
0 1 82.00137168560885 -16.537807062738246 108.5
1 0 77.19996832241422 -3.968150190609294 -117.5
1 1 77.15689258498085 -4.709533572957726 -108.0
9668
-------------------New----------------
0 0 32.319108615499324 -30.647381623193116 118.5
0 1 29.586284189953677 -29.955079796594823 108.5
1 0 -32.250129903822014 -14.416102020004868 -117.5
1 1 -29.650650567831285 -15.076480912726518 -108.0
9671
-------------------New----------------
0 0 -26.932817813847855 -68.60055570800148 118.5
0 1 -28.516096288886995 -68.10729253448164 108.5
1 0 -64.67244723832475 -56.82271530494262 -117.5
1 1 -63.145505706550544 -57.310116589566746 -108.0
9677
-------------------New----------------
0 0 -81.24400200611333 -67.89452474496133 118.5
0 1 -82.66434541975772 -70.01378445119273 108.5
1 0 -114.71101046854676 -117.88328940443166 -117.5
1 1 -113.36518334840943 -115.87071330519066 -108.0
9678
-------------------New----------------
0 0 -18.925404178903577 51.15733898085713 118.5
0 1 -20.531452345327217 49.26093100965763 108.5
1 0 -57.04039476847438 6.528427832075302 -117.5
1 1 -55.510495358019554 8.329176368852728 -108.0
9679
-------------------New----------------
0 0 -54.53555025906852 -87.18320059286285 118.5
0 1 -54.74359349581573 -88.59242895615526 108.5
1 0 -59.46636870069574 -120.3763185427993 -117.5
1 1 -59.26661597461522 -119.0426480401139 -108.0
9680
-------------------New----------------
0 0 3.277073739414572 26.952666867767427 118.5
0 1 7.478881026483421 21.466567264150385 108.5
1 0 102.54109243354246 -102.42149046576728 -117.5
1 1 98.5419593669707 -97.2198335085665 -108.0
9681
-------------------New----------------
0 0 -35.97367815117907 27.76932655013244 118.5
0 1 -32.010966629185994 25.39108048016618 108.5
1 0 57.53637087559649 -28.375909685005762 -117.5
1 1 53.7737244333148 -26.115126352177487 -108.0
9683
-------------------New----------------
0 0 -9.956491327448159 -74.15016692911531 118.5
0 1 -4.416133448535933 -70.24162095892792 108.5
1 0 120.83686828622697 18.24706135444081 -117.5
1 1 115.57160682123515 14.52506301911661 -108.0
9688
-------------------New----------------
0 0 -45.88919213537263 51.81642591352062 118.5
0 1 -49.3645549878439 51.8611226916596 108.5
1 0 -127.79012188858071 52.93147138111518 -117.5
1 1 -124.50115352098956 52.8835686818205 -108.0
9694
-------------------New----------------
0 0 -79.12564222506717 -65.51980454161742 118.5
0 1 -77.10622244142648 -62.555039371228794 108.5
1 0 -31.453864029889438 4.454588774164755 -117.5
1 1 -33.37303238156241 1.6376663001866631 -108.0
9697
-------------------New----------------
0 0 -12.70134583807647 -34.905492804957966 118.5
0 1 -13.938422683372014 -33.28394897796804 108.5
1 0 -41.8963386473 3.362610819140862 -117.5
1 1 -40.72113820410579 1.8221436731269818 -108.0
9713
-------------------New----------------
0 0 -9.672678459586932 82.21453449832123 118.5
0 1 -10.34149066750483 80.4164988059256 108.5
1 0 -25.521669864877282 39.775711681200804 -117.5
1 1 -24.881554702676905 41.48523236633716 -108.0
9714
-------------------New----------------
0 0 -36.35084671384642 74.61545655919082 118.5
0 1 -37.17171379349723 73.34254620041884 108.5
1 0 -55.640010231270765 44.52967242718468 -117.5
1 1 -54.866648488340005 45.73858162199768 -108.0
9721
-------------------New----------------
0 0 20.694029499528312 56.97749953967756 118.5
0 1 21.567583719030434 56.682711584214154 108.5
1 0 41.284874572963595 50.022775560407545 -117.5
1 1 40.45733281205169 50.30268303887093 -108.0
9722
-------------------New----------------
0 0 -12.462562562891303 -104.48017275913587 118.5
0 1 -9.771100476783564 -103.59248286263107 108.5
1 0 51.13970758045019 -83.4385410950059 -117.5
1 1 48.57858344644221 -84.28882934646893 -108.0
9726
-------------------New----------------
0 0 -29.44397719047919 -59.23650648469893 118.5
0 1 -29.20789313396285 -60.282597030710974 108.5
1 0 -23.87936893162866 -83.68813262748952 -117.5
1 1 -24.108875677189616 -82.71182741099511 -108.0
9731
-------------------New----------------
0 0 34.569667903199814 -69.79594697220415 118.5
0 1 36.012578896944284 -69.0792213305907 108.5
1 0 68.64453939555575 -52.88624627300957 -117.5
1 1 67.2712128838904 -53.56756267973211 -108.0
9737
-------------------New----------------
0 0 11.868590244777764 35.79554989763787 118.5
0 1 13.037313911280103 38.19873484432726 108.5
1 0 39.45875584655606 92.47526344673494 -117.5
1 1 38.348074626887055 90.19437075666839 -108.0
9745
-------------------New----------------
0 0 20.645164979776222 18.65346310931256 118.5
0 1 18.85230652169879 13.125640729787042 108.5
1 0 -21.84246028714231 -111.90853466122371 -117.5
1 1 -20.1227661893353 -106.6473112414516 -108.0
9747
-------------------New----------------
0 0 70.59128731114467 68.13993700031084 118.5
0 1 72.20356184472318 64.41937128173784 108.5
1 0 108.64217492431597 -19.666145538931595 -117.5
1 1 107.11043074360536 -16.131578598456265 -108.0
9753
-------------------New----------------
0 0 -48.80136297250629 31.859198748351723 118.5
0 1 -44.71174719315748 35.462616574546175 108.5
1 0 47.72932531323569 116.84923594826046 -117.5
1 1 43.84385184120207 113.43056350720653 -108.0
9759
-------------------New----------------
0 0 106.28039756730564 -15.519229556390366 118.5
0 1 105.41107901907716 -19.612566699778405 108.5
1 0 86.05087985394816 -112.05960383240259 -117.5
1 1 86.85792447348705 -108.18535604411497 -108.0
9762
-------------------New----------------
0 0 20.990036359840314 4.79669774097467 118.5
0 1 22.53182862979102 6.045652631108813 108.5
1 0 57.430108707864335 34.267005494255216 -117.5
1 1 55.96674733052159 33.08341747575092 -108.0
9763
-------------------New----------------
0 0 40.93005081314372 -52.968650401075365 118.5
0 1 38.985031023277514 -50.988569119104426 108.5
1 0 -4.975159501202741 -6.238918945887626 -117.5
1 1 -3.1274427890328047 -8.119855396778817 -108.0
9769
-------------------New----------------
0 0 -77.4790680434107 -7.3827972514911675 118.5
0 1 -79.59594818978488 -4.678680852643221 108.5
1 0 -127.43594496593714 56.43323068975118 -117.5
1 1 -125.42496507630071 53.86434469139069 -108.0
9774
-------------------New----------------
0 0 -73.4014716044322 -2.8353082949620587 118.5
0 1 -72.3095609939846 -2.8153515450182143 108.5
1 0 -47.53791032380496 -2.39533297254163 -117.5
1 1 -48.58033784784463 -2.4066923199067594 -108.0
9781
-------------------New----------------
0 0 -67.50237348545463 -107.58508662793137 118.5
0 1 -68.32160004204391 -107.78234569847066 108.5
1 0 -86.74271355143239 -112.30084329108188 -117.5
1 1 -85.96783871736787 -112.10865822059873 -108.0
9787
-------------------New----------------
0 0 11.430600619933225 16.887787897337248 118.5
0 1 11.51481175983031 16.906789710094948 108.5
1 0 13.422204707051126 17.314371499579174 -117.5
1 1 13.344422216592154 17.296797723624817 -108.0
9795
-------------------New----------------
0 0 41.22327992976982 8.0611121762764 118.5
0 1 40.76403371393557 8.00243400064939 108.5
1 0 29.673841340641992 6.411881687149391 -117.5
1 1 30.182916334553198 6.489382280077119 -108.0
9796
-------------------New----------------
0 0 69.71208243371785 52.08466292468811 118.5
0 1 70.29421832635587 54.60094723635244 108.5
1 0 83.48724108062329 111.51575753656364 -117.5
1 1 82.93104533238551 109.12007467802866 -108.0
9800
-------------------New----------------
0 0 -54.48471479334073 -81.38881452936187 118.5
0 1 -54.1686623980476 -82.01808561780085 108.5
1 0 -47.02617791735576 -96.21578915324642 -117.5
1 1 -47.326730842348056 -95.61967227414138 -108.0
9806
-------------------New----------------
0 0 50.43856476188224 -9.924903845321898 118.5
0 1 46.997893559912555 -13.541754177502042 108.5
1 0 -31.281968086927144 -95.26434063450901 -117.5
1 1 -27.957082755759437 -91.83947433376181 -108.0
9817
-------------------New----------------
0 0 -17.723269471664306 -48.579685234843076 118.5
0 1 -13.980579329938053 -57.915339016662415 108.5
1 0 42.91339664868478 11.009547546004706 -117.5
1 1 42.15089133991323 11.426268440722074 -108.0
9820
-------------------New----------------
0 0 -0.2885191684504083 17.735030855622202 118.5
0 1 -2.2173634527460395 11.889317978974777 108.5
1 0 -45.81447085118832 -120.20682387138206 -117.5
1 1 -43.98218819913718 -114.65495989547851 -108.0
9822
-------------------New----------------
0 0 8.161973602543897 23.303350197261597 118.5
0 1 3.3731537192622043 27.66088099021482 108.5
1 0 -104.85425310713296 126.14178228117562 -117.5
1 1 -100.3047932225177 122.00211293391519 -108.0
9823
-------------------New----------------
0 0 102.18542734478464 77.55136415093267 118.5
0 1 102.46402950257603 75.52909931023672 108.5
1 0 108.73932991038734 29.823318007374876 -117.5
1 1 108.4755776995097 31.744509866566794 -108.0
9844
-------------------New----------------
0 0 10.440324153578825 66.8233636061286 118.5
0 1 10.532161923543097 65.59268942760681 108.5
1 0 12.538936988849116 37.385602415815605 -117.5
1 1 12.463463416810985 38.562012924259825 -108.0
9850
-------------------New----------------
0 0 74.88289308144239 61.79151114454273 118.5
0 1 72.36154803369209 58.97932511313314 108.5
1 0 15.370454640492053 -4.531128558745208 -117.5
1 1 17.759401160997765 -1.8597769130158135 -108.0
9854
-------------------New----------------
0 0 -59.16797052272891 43.3806070231003 118.5
0 1 -58.89538432174006 40.20458298480768 108.5
1 0 -52.81899702629617 -31.538840635087006 -117.5
1 1 -53.07406621100664 -28.52228823439425 -108.0
9864
-------------------New----------------
0 0 50.06649291457022 75.82151289455507 118.5
0 1 46.880215039455116 75.66463252299357 108.5
1 0 -25.02029132564507 72.18170612768589 -117.5
1 1 -22.00556012119596 72.32890579927798 -108.0
9868
-------------------New----------------
0 0 -63.39715010819394 74.42600132067949 118.5
0 1 -62.5934351375342 76.57249559328427 108.5
1 0 -44.38686776610659 125.08403638600814 -117.5
1 1 -45.15509239305591 123.04377419378304 -108.0
9870
-------------------New----------------
0 0 -50.08692385477393 8.9076420583153 118.5
0 1 -46.31602728831665 13.782117535513748 108.5
1 0 39.011423423365244 123.96381735926562 -117.5
1 1 35.41766026821908 119.32712942421267 -108.0
9876
-------------------New----------------
0 0 31.25570975188622 -10.070791648430305 118.5
0 1 33.59531601462457 -9.494619721607787 108.5
1 0 86.44586512012528 3.548320691964265 -117.5
1 1 84.22368124546745 3.000021006081009 -108.0
9878
-------------------New----------------
0 0 -48.76756084341354 -71.98688739189515 118.5
0 1 -49.94840455832043 -73.90734481625478 108.5
1 0 -76.63462516036735 -117.3868115884236 -117.5
1 1 -75.51282869741735 -115.56076758671065 -108.0
9879
-------------------New----------------
0 0 21.845146205760283 16.250815687255585 118.5
0 1 24.916795278369086 13.980380167720247 108.5
1 0 94.14415396682436 -37.0508482916257 -117.5
1 1 91.23618448748212 -34.8992173700308 -108.0
9886
-------------------New----------------
0 0 -65.04053708291592 -75.10917837047874 118.5
0 1 -65.83988617872447 -75.45673107945302 108.5
1 0 -83.84900857759796 -83.3444959475641 -117.5
1 1 -83.09653999998582 -83.01054467575001 -108.0
9887
-------------------New----------------
0 0 43.02607307595155 40.61209226424394 118.5
0 1 43.34621739873303 41.87648425618041 108.5
1 0 50.422599629806975 70.42239119291476 -117.5
1 1 50.133373628012876 69.22100416470677 -108.0
9893
-------------------New----------------
0 0 -23.242585888731558 -3.8490657406165645 118.5
0 1 -25.179024770888855 -3.422393467859833 108.5
1 0 -68.94524194917051 6.128793506361825 -117.5
1 1 -67.10470008305397 5.7320766341944545 -108.0
9894
-------------------New----------------
0 0 31.003322157053113 -47.41629437779087 118.5
0 1 30.89482820608834 -43.79960412455806 108.5
1 0 28.66653952987125 35.98666663223771 -117.5
1 1 28.753722182080928 32.71796591492422 -108.0
9905
-------------------New----------------
0 0 -14.79723320079527 -66.17578552906984 118.5
0 1 -13.832628510055192 -68.64565802097624 108.5
1 0 7.915313751279906 -124.39896734044821 -117.5
1 1 7.00308609072354 -122.05604071039343 -108.0
9914
-------------------New----------------
0 0 24.87617013579639 -65.7169729651823 118.5
0 1 27.90414524395954 -66.79166648833355 108.5
1 0 96.32574333167027 -91.07606609342807 -117.5
1 1 93.44880972404852 -90.05421639471624 -108.0
9921
-------------------New----------------
0 0 39.56150728125557 -10.88570161049517 118.5
0 1 34.228671308462424 -12.873487335529308 108.5
1 0 -86.28563180349265 -57.8502018608735 -117.5
1 1 -81.21262558013017 -55.9588223419252 -108.0
9922
-------------------New----------------
0 0 -29.810590858580348 55.30229536975245 118.5
0 1 -33.6129393873209 57.32445020155126 108.5
1 0 -119.53707534219525 102.91486107793597 -117.5
1 1 -115.92658088647943 101.00273196624178 -108.0
9927
-------------------New----------------
0 0 78.67584497446055 -32.80182622756136 118.5
0 1 77.00197418816961 -30.474575586462652 108.5
1 0 38.82241373130079 22.34510303332602 -117.5
1 1 40.42907316971745 20.12106522395791 -108.0
9929
-------------------New----------------
0 0 -100.22340368544806 5.237604168702269 118.5
0 1 -99.4802196876387 7.219126263785542 108.5
1 0 -82.78366106332429 51.9407292760827 -117.5
1 1 -83.48181595302282 50.05913955473766 -108.0
9931
-------------------New----------------
0 0 -91.48673816593383 2.336089613977728 118.5
0 1 -93.01849869048186 6.472315260764586 108.5
1 0 -127.56953607835241 99.97971427601196 -117.5
1 1 -126.11759880730082 96.04764626042517 -108.0
9944
-------------------New----------------
0 0 10.677341074014672 43.73872744071936 118.5
0 1 6.841099960723935 41.63714253317183 108.5
1 0 -79.90243794591194 -5.888362951430329 -117.5
1 1 -76.25437736925079 -3.887271047622979 -108.0
9959
-------------------New----------------
0 0 88.17416129458596 15.943803683017103 118.5
0 1 88.51756195096227 14.448159402518353 108.5
1 0 96.174897703651 -19.462409991059715 -117.5
1 1 95.85835455771348 -18.02726762239435 -108.0
9962
-------------------New----------------
0 0 -42.14992244092515 10.828744209248892 118.5
0 1 -39.36686225928131 12.364454133606046 108.5
1 0 23.46415416979187 47.11819910167785 -117.5
1 1 20.827379920887672 45.6522802616192 -108.0
9972
-------------------New----------------
0 0 -26.549985232118377 -48.945110114348765 118.5
0 1 -29.185977797264933 -51.05840064694054 108.5
1 0 -88.76183608685861 -98.79032757309169 -117.5
1 1 -86.25750266062545 -96.78298326922105 -108.0
9977
-------------------New----------------
0 0 -80.69005120669225 55.38733545016911 118.5
0 1 -78.0499140304891 56.65436782350414 108.5
1 0 -18.37525831048693 85.28177880352295 -117.5
1 1 -20.8849884049665 84.07846887447178 -108.0
9979
-------------------New----------------
0 0 11.344112783803395 5.017934527715776 118.5
0 1 10.258688213991132 3.936333576994503 108.5
1 0 -14.239544217648183 -20.507185691242032 -117.5
1 1 -13.21139005044516 -19.479969935659277 -108.0
9991
-------------------New----------------
0 0 -58.66198557202948 -110.14544352290196 118.5
0 1 -60.415296298564314 -110.45657032576196 108.5
1 0 -100.06705179432403 -117.54746295284558 -117.5
1 1 -98.39860872606388 -117.24788642964704 -108.0
5569 events has been processed trough the script makeHLTuple.py
[CORRECT] makeHLTuple done.
[INFO] Running POCA...
Iniciando POCA (python entered)
basic libraries imported
[CORRECT] ----- ALL LIBRARIES successfully imported
Volume: [-128.0,128.0] x [-128.0,128.0] x [-128.0,128.0] cm
Grid:   128 x 128 x 128 voxels
Voxel size: 2.000 x 2.000 x 2.000 cm
[INFO] ----- Current: Voxelization of POCA points...
POCA aplicado. Eventos tras filtro: 317
[CORRECT] POCA results saved to: /gpfs/users/dominguezs/Muography_Denoising/MuonGeneration/data/post_POCA_data/POCA_2D_Lpx256_Lpy256_Lpz256_npx128_npy128_npz128_zTop118_zBot-118_spacing1_ratio1_FontX8_FontY8_matlead_wordMUON_stroke1_seed6.npy
[CORRECT] POCA done.
[CORRECT] Job finished: 2D_Lpx256_Lpy256_Lpz256_npx128_npy128_npz128_zTop118_zBot-118_spacing1_ratio1_FontX8_FontY8_matlead_wordMUON_stroke1 | seed=6
