[INFO] Job started: 2D_Lpx256_Lpy256_Lpz256_npx128_npy128_npz128_zTop118_zBot-118_spacing1_ratio1_FontX8_FontY8_matlead_wordMUON_stroke1 | seed=3
[INFO] Running Geant4 simulation...
[1;34m ____  _____  __  __  __  __  __    ___    __    ____     ___  ____  __  __  __  __  __      __   ____  _____  ____   
(_  _)(  _  )(  \/  )(  )(  )(  )  / __)  /__\  (  _ \   / __)(_  _)(  \/  )(  )(  )(  )    /__\ (_  _)(  _  )(  _ \  
  )(   )(_)(  )    (  )(__)(  )(__( (_-. /(__)\  )(_) )  \__ \ _)(_  )    (  )(__)(  )(__  /(__)\  )(   )(_)(  )   /  
 (__) (_____)(_/\/\_)(______)(____)\___/(__)(__)(____/   (___/(____)(_/\/\_)(______)(____)(__)(__)(__) (_____)(_)\_)  
[0m

**************************************************************
 Geant4 version Name: geant4-11-02-patch-01 [MT]   (16-February-2024)
                       Copyright : Geant4 Collaboration
                      References : NIM A 506 (2003), 250-303
                                 : IEEE-TNS 53 (2006), 270-278
                                 : NIM A 835 (2016), 186-225
                             WWW : http://geant4.org/
**************************************************************

DEBUG: Lectura de archivo completada. Iniciando parser...
DEBUG: Parser exitoso. Accediendo a los datos...
DEBUG: Mundo y detectores cargados correctamente.
[1;34mLoaded 88 voxels from JSON configuration file.[0m
DEBUG: Constructor finalizado con éxito.
[1;34m---------------------------------------Geometry information-----------------------------------[0m
[1;34mThe loaded geometry is as follows: 
[1;34mThe world is contained in [-128, 128]x[-128, 128]x[-256, 256]
[1;34mDetector[0m
[1;34mLocation x: 0, y: 0, z: 118
[1;34mRotation x: 0, y: 0, z: 0
[1;34mSizes x: 256, y: 256, z: 20
[1;34mNumber of layers 2
[1;34mLayer[0m
[1;34mLocation x: 0, y: 0, z: 0
[1;34mRotation x: 0, y: 0, z: 0
[1;34mSizes x: 256, y: 256, z: 1
[0m
[1;34mLayer[0m
[1;34mLocation x: 0, y: 0, z: -10
[1;34mRotation x: 0, y: 0, z: 0
[1;34mSizes x: 256, y: 256, z: 1
[0m
[0m
[1;34mDetector[0m
[1;34mLocation x: 0, y: 0, z: -118
[1;34mRotation x: 0, y: 0, z: 0
[1;34mSizes x: 256, y: 256, z: 20
[1;34mNumber of layers 2
[1;34mLayer[0m
[1;34mLocation x: 0, y: 0, z: 0
[1;34mRotation x: 0, y: 0, z: 0
[1;34mSizes x: 256, y: 256, z: 1
[0m
[1;34mLayer[0m
[1;34mLocation x: 0, y: 0, z: 10
[1;34mRotation x: 0, y: 0, z: 0
[1;34mSizes x: 256, y: 256, z: 1
[0m
[0m
[1;34mNumber of voxels: 88[0m
  Voxel 0  pos=(-33, -7, -6) cm  xSize=2 cm  ySize=2 cm  zSize=4 cm  mat=lead
  Voxel 1  pos=(-33, -5, -6) cm  xSize=2 cm  ySize=2 cm  zSize=4 cm  mat=lead
  Voxel 2  pos=(-33, -3, -6) cm  xSize=2 cm  ySize=2 cm  zSize=4 cm  mat=lead
  Voxel 3  pos=(-33, -1, -6) cm  xSize=2 cm  ySize=2 cm  zSize=4 cm  mat=lead
  Voxel 4  pos=(-33, 1, -6) cm  xSize=2 cm  ySize=2 cm  zSize=4 cm  mat=lead
  Voxel 5  pos=(-33, 3, -6) cm  xSize=2 cm  ySize=2 cm  zSize=4 cm  mat=lead
  Voxel 6  pos=(-33, 5, -6) cm  xSize=2 cm  ySize=2 cm  zSize=4 cm  mat=lead
  Voxel 7  pos=(-33, 7, -6) cm  xSize=2 cm  ySize=2 cm  zSize=4 cm  mat=lead
  Voxel 8  pos=(-31, 5, -6) cm  xSize=2 cm  ySize=2 cm  zSize=4 cm  mat=lead
  Voxel 9  pos=(-29, 3, -6) cm  xSize=2 cm  ySize=2 cm  zSize=4 cm  mat=lead
  Voxel 10  pos=(-27, 1, -6) cm  xSize=2 cm  ySize=2 cm  zSize=4 cm  mat=lead
  Voxel 11  pos=(-25, 1, -6) cm  xSize=2 cm  ySize=2 cm  zSize=4 cm  mat=lead
  Voxel 12  pos=(-23, 3, -6) cm  xSize=2 cm  ySize=2 cm  zSize=4 cm  mat=lead
  Voxel 13  pos=(-21, 5, -6) cm  xSize=2 cm  ySize=2 cm  zSize=4 cm  mat=lead
  Voxel 14  pos=(-19, -7, -6) cm  xSize=2 cm  ySize=2 cm  zSize=4 cm  mat=lead
  Voxel 15  pos=(-19, -5, -6) cm  xSize=2 cm  ySize=2 cm  zSize=4 cm  mat=lead
  Voxel 16  pos=(-19, -3, -6) cm  xSize=2 cm  ySize=2 cm  zSize=4 cm  mat=lead
  Voxel 17  pos=(-19, -1, -6) cm  xSize=2 cm  ySize=2 cm  zSize=4 cm  mat=lead
  Voxel 18  pos=(-19, 1, -6) cm  xSize=2 cm  ySize=2 cm  zSize=4 cm  mat=lead
  Voxel 19  pos=(-19, 3, -6) cm  xSize=2 cm  ySize=2 cm  zSize=4 cm  mat=lead
  Voxel 20  pos=(-19, 5, -6) cm  xSize=2 cm  ySize=2 cm  zSize=4 cm  mat=lead
  Voxel 21  pos=(-19, 7, -6) cm  xSize=2 cm  ySize=2 cm  zSize=4 cm  mat=lead
  Voxel 22  pos=(-15, -5, -6) cm  xSize=2 cm  ySize=2 cm  zSize=4 cm  mat=lead
  Voxel 23  pos=(-15, -3, -6) cm  xSize=2 cm  ySize=2 cm  zSize=4 cm  mat=lead
  Voxel 24  pos=(-15, -1, -6) cm  xSize=2 cm  ySize=2 cm  zSize=4 cm  mat=lead
  Voxel 25  pos=(-15, 1, -6) cm  xSize=2 cm  ySize=2 cm  zSize=4 cm  mat=lead
  Voxel 26  pos=(-15, 3, -6) cm  xSize=2 cm  ySize=2 cm  zSize=4 cm  mat=lead
  Voxel 27  pos=(-15, 5, -6) cm  xSize=2 cm  ySize=2 cm  zSize=4 cm  mat=lead
  Voxel 28  pos=(-15, 7, -6) cm  xSize=2 cm  ySize=2 cm  zSize=4 cm  mat=lead
  Voxel 29  pos=(-13, -7, -6) cm  xSize=2 cm  ySize=2 cm  zSize=4 cm  mat=lead
  Voxel 30  pos=(-11, -7, -6) cm  xSize=2 cm  ySize=2 cm  zSize=4 cm  mat=lead
  Voxel 31  pos=(-9, -7, -6) cm  xSize=2 cm  ySize=2 cm  zSize=4 cm  mat=lead
  Voxel 32  pos=(-7, -7, -6) cm  xSize=2 cm  ySize=2 cm  zSize=4 cm  mat=lead
  Voxel 33  pos=(-5, -7, -6) cm  xSize=2 cm  ySize=2 cm  zSize=4 cm  mat=lead
  Voxel 34  pos=(-3, -7, -6) cm  xSize=2 cm  ySize=2 cm  zSize=4 cm  mat=lead
  Voxel 35  pos=(-1, -5, -6) cm  xSize=2 cm  ySize=2 cm  zSize=4 cm  mat=lead
  Voxel 36  pos=(-1, -3, -6) cm  xSize=2 cm  ySize=2 cm  zSize=4 cm  mat=lead
  Voxel 37  pos=(-1, -1, -6) cm  xSize=2 cm  ySize=2 cm  zSize=4 cm  mat=lead
  Voxel 38  pos=(-1, 1, -6) cm  xSize=2 cm  ySize=2 cm  zSize=4 cm  mat=lead
  Voxel 39  pos=(-1, 3, -6) cm  xSize=2 cm  ySize=2 cm  zSize=4 cm  mat=lead
  Voxel 40  pos=(-1, 5, -6) cm  xSize=2 cm  ySize=2 cm  zSize=4 cm  mat=lead
  Voxel 41  pos=(-1, 7, -6) cm  xSize=2 cm  ySize=2 cm  zSize=4 cm  mat=lead
  Voxel 42  pos=(3, -5, -6) cm  xSize=2 cm  ySize=2 cm  zSize=4 cm  mat=lead
  Voxel 43  pos=(3, -3, -6) cm  xSize=2 cm  ySize=2 cm  zSize=4 cm  mat=lead
  Voxel 44  pos=(3, -1, -6) cm  xSize=2 cm  ySize=2 cm  zSize=4 cm  mat=lead
  Voxel 45  pos=(3, 1, -6) cm  xSize=2 cm  ySize=2 cm  zSize=4 cm  mat=lead
  Voxel 46  pos=(3, 3, -6) cm  xSize=2 cm  ySize=2 cm  zSize=4 cm  mat=lead
  Voxel 47  pos=(3, 5, -6) cm  xSize=2 cm  ySize=2 cm  zSize=4 cm  mat=lead
  Voxel 48  pos=(5, -7, -6) cm  xSize=2 cm  ySize=2 cm  zSize=4 cm  mat=lead
  Voxel 49  pos=(5, 7, -6) cm  xSize=2 cm  ySize=2 cm  zSize=4 cm  mat=lead
  Voxel 50  pos=(7, -7, -6) cm  xSize=2 cm  ySize=2 cm  zSize=4 cm  mat=lead
  Voxel 51  pos=(7, 7, -6) cm  xSize=2 cm  ySize=2 cm  zSize=4 cm  mat=lead
  Voxel 52  pos=(9, -7, -6) cm  xSize=2 cm  ySize=2 cm  zSize=4 cm  mat=lead
  Voxel 53  pos=(9, 7, -6) cm  xSize=2 cm  ySize=2 cm  zSize=4 cm  mat=lead
  Voxel 54  pos=(11, -7, -6) cm  xSize=2 cm  ySize=2 cm  zSize=4 cm  mat=lead
  Voxel 55  pos=(11, 7, -6) cm  xSize=2 cm  ySize=2 cm  zSize=4 cm  mat=lead
  Voxel 56  pos=(13, -7, -6) cm  xSize=2 cm  ySize=2 cm  zSize=4 cm  mat=lead
  Voxel 57  pos=(13, 7, -6) cm  xSize=2 cm  ySize=2 cm  zSize=4 cm  mat=lead
  Voxel 58  pos=(15, -7, -6) cm  xSize=2 cm  ySize=2 cm  zSize=4 cm  mat=lead
  Voxel 59  pos=(15, 7, -6) cm  xSize=2 cm  ySize=2 cm  zSize=4 cm  mat=lead
  Voxel 60  pos=(17, -5, -6) cm  xSize=2 cm  ySize=2 cm  zSize=4 cm  mat=lead
  Voxel 61  pos=(17, -3, -6) cm  xSize=2 cm  ySize=2 cm  zSize=4 cm  mat=lead
  Voxel 62  pos=(17, -1, -6) cm  xSize=2 cm  ySize=2 cm  zSize=4 cm  mat=lead
  Voxel 63  pos=(17, 1, -6) cm  xSize=2 cm  ySize=2 cm  zSize=4 cm  mat=lead
  Voxel 64  pos=(17, 3, -6) cm  xSize=2 cm  ySize=2 cm  zSize=4 cm  mat=lead
  Voxel 65  pos=(17, 5, -6) cm  xSize=2 cm  ySize=2 cm  zSize=4 cm  mat=lead
  Voxel 66  pos=(21, -7, -6) cm  xSize=2 cm  ySize=2 cm  zSize=4 cm  mat=lead
  Voxel 67  pos=(21, -5, -6) cm  xSize=2 cm  ySize=2 cm  zSize=4 cm  mat=lead
  Voxel 68  pos=(21, -3, -6) cm  xSize=2 cm  ySize=2 cm  zSize=4 cm  mat=lead
  Voxel 69  pos=(21, -1, -6) cm  xSize=2 cm  ySize=2 cm  zSize=4 cm  mat=lead
  Voxel 70  pos=(21, 1, -6) cm  xSize=2 cm  ySize=2 cm  zSize=4 cm  mat=lead
  Voxel 71  pos=(21, 3, -6) cm  xSize=2 cm  ySize=2 cm  zSize=4 cm  mat=lead
  Voxel 72  pos=(21, 5, -6) cm  xSize=2 cm  ySize=2 cm  zSize=4 cm  mat=lead
  Voxel 73  pos=(21, 7, -6) cm  xSize=2 cm  ySize=2 cm  zSize=4 cm  mat=lead
  Voxel 74  pos=(23, 5, -6) cm  xSize=2 cm  ySize=2 cm  zSize=4 cm  mat=lead
  Voxel 75  pos=(25, 3, -6) cm  xSize=2 cm  ySize=2 cm  zSize=4 cm  mat=lead
  Voxel 76  pos=(27, 1, -6) cm  xSize=2 cm  ySize=2 cm  zSize=4 cm  mat=lead
  Voxel 77  pos=(29, -1, -6) cm  xSize=2 cm  ySize=2 cm  zSize=4 cm  mat=lead
  Voxel 78  pos=(31, -3, -6) cm  xSize=2 cm  ySize=2 cm  zSize=4 cm  mat=lead
  Voxel 79  pos=(33, -5, -6) cm  xSize=2 cm  ySize=2 cm  zSize=4 cm  mat=lead
  Voxel 80  pos=(35, -7, -6) cm  xSize=2 cm  ySize=2 cm  zSize=4 cm  mat=lead
  Voxel 81  pos=(35, -5, -6) cm  xSize=2 cm  ySize=2 cm  zSize=4 cm  mat=lead
  Voxel 82  pos=(35, -3, -6) cm  xSize=2 cm  ySize=2 cm  zSize=4 cm  mat=lead
  Voxel 83  pos=(35, -1, -6) cm  xSize=2 cm  ySize=2 cm  zSize=4 cm  mat=lead
  Voxel 84  pos=(35, 1, -6) cm  xSize=2 cm  ySize=2 cm  zSize=4 cm  mat=lead
  Voxel 85  pos=(35, 3, -6) cm  xSize=2 cm  ySize=2 cm  zSize=4 cm  mat=lead
  Voxel 86  pos=(35, 5, -6) cm  xSize=2 cm  ySize=2 cm  zSize=4 cm  mat=lead
  Voxel 87  pos=(35, 7, -6) cm  xSize=2 cm  ySize=2 cm  zSize=4 cm  mat=lead
[0m
G4VUserPhysicsList::SetVerboseLevel  : Verbose level is set to 3
List of instantiated particles ============================================
GenericIon He3 alpha anti_He3 anti_alpha anti_deuteron anti_doublehyperH4 anti_doublehyperdoubleneutron anti_hyperH4 anti_hyperHe5 
anti_hyperalpha anti_hypertriton anti_kaon0 anti_lambda anti_neutron anti_nu_e anti_nu_mu anti_omega- anti_proton anti_sigma0 
anti_triton anti_xi- anti_xi0 chargedgeantino deuteron doublehyperH4 doublehyperdoubleneutron e+ e- eta 
eta_prime gamma geantino hyperH4 hyperHe5 hyperalpha hypertriton kaon+ kaon- kaon0 
kaon0L kaon0S lambda mu+ mu- neutron nu_e nu_mu omega- pi+ 
pi- pi0 proton sigma+ sigma- sigma0 triton xi- xi0 
CRY::CRYSetup: Setting returnNeutrons to 0
CRY::CRYSetup: Setting returnProtons to 0
CRY::CRYSetup: Setting returnGammas to 0
CRY::CRYSetup: Setting date to 7-1-2012 (month-day-year)
CRY::CRYSetup: Setting latitude to 90
CRY::CRYSetup: Setting altitude to 0
CRY::CRYSetup: Setting subboxLength to 2.56
userDetector->Construct() start.
Creando los objetos
Checking overlaps for volume layerPhys_0_0:0 (G4Box) ... OK! 
Checking overlaps for volume layerPhys_0_1:0 (G4Box) ... 
-------- WWWW ------- G4Exception-START -------- WWWW -------
*** G4Exception : GeomVol1002
      issued by : G4PVPlacement::CheckOverlaps()
Overlap with mother volume !
          Overlap is detected for volume layerPhys_0_1:0 (G4Box) with its mother volume detector_0 (G4Box)
          protrusion at mother local point (833.379,-284.345,-105) by 5 mm  (max of 517 cases)
NOTE: Reached maximum fixed number -1- of overlaps reports for this volume !
*** This is just a warning message. ***
-------- WWWW -------- G4Exception-END --------- WWWW -------

Checking overlaps for volume detectorPhys_0:0 (G4Box) ... OK! 
Checking overlaps for volume layerPhys_1_0:0 (G4Box) ... OK! 
Checking overlaps for volume layerPhys_1_1:0 (G4Box) ... 
-------- WWWW ------- G4Exception-START -------- WWWW -------
*** G4Exception : GeomVol1002
      issued by : G4PVPlacement::CheckOverlaps()
Overlap with mother volume !
          Overlap is detected for volume layerPhys_1_1:0 (G4Box) with its mother volume detector_1 (G4Box)
          protrusion at mother local point (-950.771,574.296,105) by 5 mm  (max of 502 cases)
NOTE: Reached maximum fixed number -1- of overlaps reports for this volume !
*** This is just a warning message. ***
-------- WWWW -------- G4Exception-END --------- WWWW -------

Checking overlaps for volume detectorPhys_1:0 (G4Box) ... OK! 
worldLogical is registered to the default region.
physicsList->Construct() start.
G4VUserPhysicsList::Construct()
G4VUserPhysicsList::InitializeProcessManager: creating ProcessManager to GenericIon
G4VUserPhysicsList::InitializeProcessManager: creating ProcessManager to He3
G4VUserPhysicsList::InitializeProcessManager: creating ProcessManager to alpha
G4VUserPhysicsList::InitializeProcessManager: creating ProcessManager to anti_He3
G4VUserPhysicsList::InitializeProcessManager: creating ProcessManager to anti_alpha
G4VUserPhysicsList::InitializeProcessManager: creating ProcessManager to anti_deuteron
G4VUserPhysicsList::InitializeProcessManager: creating ProcessManager to anti_doublehyperH4
G4VUserPhysicsList::InitializeProcessManager: creating ProcessManager to anti_doublehyperdoubleneutron
G4VUserPhysicsList::InitializeProcessManager: creating ProcessManager to anti_hyperH4
G4VUserPhysicsList::InitializeProcessManager: creating ProcessManager to anti_hyperHe5
G4VUserPhysicsList::InitializeProcessManager: creating ProcessManager to anti_hyperalpha
G4VUserPhysicsList::InitializeProcessManager: creating ProcessManager to anti_hypertriton
G4VUserPhysicsList::InitializeProcessManager: creating ProcessManager to anti_kaon0
G4VUserPhysicsList::InitializeProcessManager: creating ProcessManager to anti_lambda
G4VUserPhysicsList::InitializeProcessManager: creating ProcessManager to anti_neutron
G4VUserPhysicsList::InitializeProcessManager: creating ProcessManager to anti_nu_e
G4VUserPhysicsList::InitializeProcessManager: creating ProcessManager to anti_nu_mu
G4VUserPhysicsList::InitializeProcessManager: creating ProcessManager to anti_omega-
G4VUserPhysicsList::InitializeProcessManager: creating ProcessManager to anti_proton
G4VUserPhysicsList::InitializeProcessManager: creating ProcessManager to anti_sigma0
G4VUserPhysicsList::InitializeProcessManager: creating ProcessManager to anti_triton
G4VUserPhysicsList::InitializeProcessManager: creating ProcessManager to anti_xi-
G4VUserPhysicsList::InitializeProcessManager: creating ProcessManager to anti_xi0
G4VUserPhysicsList::InitializeProcessManager: creating ProcessManager to chargedgeantino
G4VUserPhysicsList::InitializeProcessManager: creating ProcessManager to deuteron
G4VUserPhysicsList::InitializeProcessManager: creating ProcessManager to doublehyperH4
G4VUserPhysicsList::InitializeProcessManager: creating ProcessManager to doublehyperdoubleneutron
G4VUserPhysicsList::InitializeProcessManager: creating ProcessManager to e+
G4VUserPhysicsList::InitializeProcessManager: creating ProcessManager to e-
G4VUserPhysicsList::InitializeProcessManager: creating ProcessManager to eta
G4VUserPhysicsList::InitializeProcessManager: creating ProcessManager to eta_prime
G4VUserPhysicsList::InitializeProcessManager: creating ProcessManager to gamma
G4VUserPhysicsList::InitializeProcessManager: creating ProcessManager to geantino
G4VUserPhysicsList::InitializeProcessManager: creating ProcessManager to hyperH4
G4VUserPhysicsList::InitializeProcessManager: creating ProcessManager to hyperHe5
G4VUserPhysicsList::InitializeProcessManager: creating ProcessManager to hyperalpha
G4VUserPhysicsList::InitializeProcessManager: creating ProcessManager to hypertriton
G4VUserPhysicsList::InitializeProcessManager: creating ProcessManager to kaon+
G4VUserPhysicsList::InitializeProcessManager: creating ProcessManager to kaon-
G4VUserPhysicsList::InitializeProcessManager: creating ProcessManager to kaon0
G4VUserPhysicsList::InitializeProcessManager: creating ProcessManager to kaon0L
G4VUserPhysicsList::InitializeProcessManager: creating ProcessManager to kaon0S
G4VUserPhysicsList::InitializeProcessManager: creating ProcessManager to lambda
G4VUserPhysicsList::InitializeProcessManager: creating ProcessManager to mu+
G4VUserPhysicsList::InitializeProcessManager: creating ProcessManager to mu-
G4VUserPhysicsList::InitializeProcessManager: creating ProcessManager to neutron
G4VUserPhysicsList::InitializeProcessManager: creating ProcessManager to nu_e
G4VUserPhysicsList::InitializeProcessManager: creating ProcessManager to nu_mu
G4VUserPhysicsList::InitializeProcessManager: creating ProcessManager to omega-
G4VUserPhysicsList::InitializeProcessManager: creating ProcessManager to pi+
G4VUserPhysicsList::InitializeProcessManager: creating ProcessManager to pi-
G4VUserPhysicsList::InitializeProcessManager: creating ProcessManager to pi0
G4VUserPhysicsList::InitializeProcessManager: creating ProcessManager to proton
G4VUserPhysicsList::InitializeProcessManager: creating ProcessManager to sigma+
G4VUserPhysicsList::InitializeProcessManager: creating ProcessManager to sigma-
G4VUserPhysicsList::InitializeProcessManager: creating ProcessManager to sigma0
G4VUserPhysicsList::InitializeProcessManager: creating ProcessManager to triton
G4VUserPhysicsList::InitializeProcessManager: creating ProcessManager to xi-
G4VUserPhysicsList::InitializeProcessManager: creating ProcessManager to xi0
Construct processes 
G4PhysicsListHelper::AddTransportation()  
physicsList->CheckParticleList() start.
physicsList->setCut() start.
G4VUserPhysicsList::SetParticleCuts:   :1[mm] for gamma
G4VUserPhysicsList::SetParticleCuts:   :1[mm] for e-
G4VUserPhysicsList::SetParticleCuts:   :1[mm] for e+
G4VUserPhysicsList::SetParticleCuts:   :1[mm] for proton
G4VUserPhysicsList::SetDefaultCutValue:default cut value is changed to   :1[mm]
G4VUserPhysicsList::SetCuts:   
Cut for gamma: 1[mm]
Cut  for e-: 1[mm]
Cut  for e+: 1[mm]
Cut  for proton: 1[mm]
/
/layer_0_0   *** Active 
/layer_0_1   *** Active 
/layer_1_0   *** Active 
/layer_1_1   *** Active 
Visualization Manager instantiating with verbosity "warnings (3)"...
Visualization Manager initialising...
Registering graphics systems...

You have successfully registered the following graphics systems.
Registered graphics systems are:
  ASCIITree (ATree)
  DAWNFILE (DAWNFILE)
  G4HepRepFile (HepRepFile)
  RayTracer (RayTracer)
  VRML2FILE (VRML2FILE)
  gMocrenFile (gMocrenFile)
  TOOLSSG_OFFSCREEN (TSG_OFFSCREEN)
  TOOLSSG_OFFSCREEN (TSG_OFFSCREEN, TSG_FILE, TSG)
Default graphics system is: TSG_OFFSCREEN (based on batch session).
Default window size hint is: 600x600-0+0 (based on G4VisManager initialisation).
Note: Parameters specified on the command line will override these defaults.
      Use "vis/open" without parameters to get these defaults.

Registering model factories...

You have successfully registered the following model factories.
Registered model factories:
  generic
  drawByAttribute
  drawByCharge
  drawByOriginVolume
  drawByParticleID
  drawByEncounteredVolume

Registered models:
  None

Registered filter factories:
  attributeFilter
  chargeFilter
  originVolumeFilter
  particleFilter
  encounteredVolumeFilter

Registered filters:
  None

You have successfully registered the following user vis actions.
Run Duration User Vis Actions: none
End of Event User Vis Actions: none
End of Run User Vis Actions: none

Some /vis commands (optionally) take a string to specify colour.
"/vis/list" to see available colours.
Starging the party joder
Starging the party
G4ProductionCutsTable::UpdateCoupleTable() - Elapsed time for calculation of energy cuts: 
User=0.000000s Real=0.000064s Sys=0.000000s [Cpu=0.0%]
=======================================================================
======                 Electromagnetic Physics Parameters      ========
=======================================================================
LPM effect enabled                                 1
Enable creation and use of sampling tables         0
Apply cuts on all EM processes                     0
Use combined TransportationWithMsc                 Disabled
Use general process                                0
Enable linear polarisation for gamma               0
Enable photoeffect sampling below K-shell          1
Enable sampling of quantum entanglement            0
X-section factor for integral approach             0.8
Min kinetic energy for tables                      100 eV 
Max kinetic energy for tables                      100 TeV
Number of bins per decade of a table               7
Verbose level                                      1
Verbose level for worker thread                    0
Bremsstrahlung energy threshold above which 
  primary e+- is added to the list of secondary    100 TeV
Bremsstrahlung energy threshold above which primary
  muon/hadron is added to the list of secondary    100 TeV
Lowest triplet kinetic energy                      1 MeV
Enable sampling of gamma linear polarisation       0
5D gamma conversion model type                     0
5D gamma conversion model on isolated ion          0
Livermore data directory                           epics_2017
=======================================================================
======                 Ionisation Parameters                   ========
=======================================================================
Step function for e+-                              (0.2, 1 mm)
Step function for muons/hadrons                    (0.2, 0.1 mm)
Step function for light ions                       (0.2, 0.1 mm)
Step function for general ions                     (0.2, 0.1 mm)
Lowest e+e- kinetic energy                         1 keV
Lowest muon/hadron kinetic energy                  1 keV
Use ICRU90 data                                    0
Fluctuations of dE/dx are enabled                  1
Type of fluctuation model for leptons and hadrons  Universal
Use built-in Birks satuaration                     0
Build CSDA range enabled                           0
Use cut as a final range enabled                   0
Enable angular generator interface                 0
Max kinetic energy for CSDA tables                 1 GeV
Max kinetic energy for NIEL computation            0 eV 
Linear loss limit                                  0.01
Read data from file for e+e- pair production by mu 0
=======================================================================
======                 Multiple Scattering Parameters          ========
=======================================================================
Type of msc step limit algorithm for e+-           1
Type of msc step limit algorithm for muons/hadrons 0
Msc lateral displacement for e+- enabled           1
Msc lateral displacement for muons and hadrons     0
Urban msc model lateral displacement alg96         1
Range factor for msc step limit for e+-            0.04
Range factor for msc step limit for muons/hadrons  0.2
Geometry factor for msc step limitation of e+-     2.5
Safety factor for msc step limit for e+-           0.6
Skin parameter for msc step limitation of e+-      1
Lambda limit for msc step limit for e+-            1 mm
Use Mott correction for e- scattering              0
Factor used for dynamic computation of angular 
  limit between single and multiple scattering     1
Fixed angular limit between single 
  and multiple scattering                          3.1416 rad
Upper energy limit for e+- multiple scattering     100 MeV
Type of electron single scattering model           0
Type of nuclear form-factor                        1
Screening factor                                   1
=======================================================================
G4VUserPhysicsList::BuildPhysicsTable does not retrieve Cut Table but calculate 
G4VUserPhysicsList::BuildPhysicsTable  Calculate Physics Table for gamma
G4VUserPhysicsList::BuildPhysicsTable %%%%%% gamma
 ProcessManager : 0x20dbeb0 ProcessManagerShadow : 0x20dbeb0
  0 - Transportation
  1 - phot
  2 - compt
  3 - pol-compt
  4 - conv
--------------------------------------------------------------
  0 - Transportation
  1 - phot
  2 - compt
  3 - pol-compt
  4 - conv

phot:  for gamma SubType=12 BuildTable=0
      LambdaPrime table from 200 keV to 100 TeV in 61 bins 
      ===== EM models for the G4Region  DefaultRegionForTheWorld ======
       PhotoElectric : Emin=    0 eV  Emax=  100 TeV  SauterGavrila

compt:  for gamma SubType=13 BuildTable=1
      Lambda table from 100 eV  to 1 MeV, 7 bins/decade, spline: 1
      LambdaPrime table from 1 MeV to 100 TeV in 56 bins 
      ===== EM models for the G4Region  DefaultRegionForTheWorld ======
       Klein-Nishina : Emin=    0 eV  Emax=  100 TeV

pol-compt:  for gamma SubType=13 BuildTable=1
      Lambda table from 100 eV  to 1 MeV, 7 bins/decade, spline: 1
      LambdaPrime table from 1 MeV to 100 TeV in 56 bins 
      ===== EM models for the G4Region  DefaultRegionForTheWorld ======
   Polarized-Compton : Emin=    0 eV  Emax=  100 TeV

conv:  for gamma SubType=14 BuildTable=1
      Lambda table from 1.022 MeV to 100 TeV, 18 bins/decade, spline: 1
      ===== EM models for the G4Region  DefaultRegionForTheWorld ======
     BetheHeitlerLPM : Emin=    0 eV  Emax=  100 TeV  ModifiedTsai
G4VUserPhysicsList::BuildPhysicsTable  Calculate Physics Table for e-
G4VUserPhysicsList::BuildPhysicsTable %%%%%% e-
 ProcessManager : 0x20db7c0 ProcessManagerShadow : 0x20db7c0
  0 - Transportation
  1 - msc
  2 - eIoni
  3 - eBrem
--------------------------------------------------------------
  0 - Transportation
  1 - msc
  2 - eIoni
  3 - eBrem

msc:  for e-  SubType= 10
      ===== EM models for the G4Region  DefaultRegionForTheWorld ======
            UrbanMsc : Emin=    0 eV  Emax=  100 TeV Nbins=84 100 eV  - 100 TeV
          StepLim=UseSafety Rfact=0.04 Gfact=2.5 Sfact=0.6 DispFlag:1 Skin=1 Llim=1 mm

eIoni:  for e-  XStype:3  SubType=2
      dE/dx and range tables from 100 eV  to 100 TeV in 84 bins
      Lambda tables from threshold to 100 TeV, 7 bins/decade, spline: 1
      StepFunction=(0.2, 1 mm), integ: 3, fluct: 1, linLossLim= 0.01
      ===== EM models for the G4Region  DefaultRegionForTheWorld ======
        MollerBhabha : Emin=    0 eV  Emax=  100 TeV

eBrem:  for e-  XStype:4  SubType=3
      dE/dx and range tables from 100 eV  to 100 TeV in 84 bins
      Lambda tables from threshold to 100 TeV, 7 bins/decade, spline: 1
      LPM flag: 1 for E > 1 GeV,  VertexHighEnergyTh(GeV)= 100000
      ===== EM models for the G4Region  DefaultRegionForTheWorld ======
             eBremSB : Emin=    0 eV  Emax=    1 GeV  ModifiedTsai
            eBremLPM : Emin=    1 GeV Emax=  100 TeV  ModifiedTsai
G4VUserPhysicsList::BuildPhysicsTable  Calculate Physics Table for e+
G4VUserPhysicsList::BuildPhysicsTable %%%%%% e+
 ProcessManager : 0x20db570 ProcessManagerShadow : 0x20db570
  0 - Transportation
  1 - msc
  2 - eIoni
  3 - eBrem
  4 - annihil
--------------------------------------------------------------
  0 - Transportation
  1 - msc
  2 - eIoni
  3 - eBrem
  4 - annihil

msc:  for e+  SubType= 10
      ===== EM models for the G4Region  DefaultRegionForTheWorld ======
            UrbanMsc : Emin=    0 eV  Emax=  100 TeV Nbins=84 100 eV  - 100 TeV
          StepLim=UseSafety Rfact=0.04 Gfact=2.5 Sfact=0.6 DispFlag:1 Skin=1 Llim=1 mm

eIoni:  for e+  XStype:3  SubType=2
      dE/dx and range tables from 100 eV  to 100 TeV in 84 bins
      Lambda tables from threshold to 100 TeV, 7 bins/decade, spline: 1
      StepFunction=(0.2, 1 mm), integ: 3, fluct: 1, linLossLim= 0.01
      ===== EM models for the G4Region  DefaultRegionForTheWorld ======
        MollerBhabha : Emin=    0 eV  Emax=  100 TeV

eBrem:  for e+  XStype:4  SubType=3
      dE/dx and range tables from 100 eV  to 100 TeV in 84 bins
      Lambda tables from threshold to 100 TeV, 7 bins/decade, spline: 1
      LPM flag: 1 for E > 1 GeV,  VertexHighEnergyTh(GeV)= 100000
      ===== EM models for the G4Region  DefaultRegionForTheWorld ======
             eBremSB : Emin=    0 eV  Emax=    1 GeV  ModifiedTsai
            eBremLPM : Emin=    1 GeV Emax=  100 TeV  ModifiedTsai

annihil:  for e+ XStype:2 SubType=5 BuildTable=0
      ===== EM models for the G4Region  DefaultRegionForTheWorld ======
            eplus2gg : Emin=    0 eV  Emax=  100 TeV
G4VUserPhysicsList::BuildPhysicsTable  Calculate Physics Table for proton
G4VUserPhysicsList::BuildPhysicsTable %%%%%% proton
 ProcessManager : 0x20def40 ProcessManagerShadow : 0x20def40
  0 - Transportation
  1 - msc
  2 - hIoni
--------------------------------------------------------------
  0 - Transportation
  1 - msc
  2 - hIoni

msc:  for proton  SubType= 10
      ===== EM models for the G4Region  DefaultRegionForTheWorld ======
            UrbanMsc : Emin=    0 eV  Emax=  100 TeV Nbins=84 100 eV  - 100 TeV
          StepLim=Minimal Rfact=0.2 Gfact=2.5 Sfact=0.6 DispFlag:0 Skin=1 Llim=1 mm

hIoni:  for proton  XStype:3  SubType=2
      dE/dx and range tables from 100 eV  to 100 TeV in 84 bins
      Lambda tables from threshold to 100 TeV, 7 bins/decade, spline: 1
      StepFunction=(0.2, 0.1 mm), integ: 3, fluct: 1, linLossLim= 0.01
      ===== EM models for the G4Region  DefaultRegionForTheWorld ======
               Bragg : Emin=    0 eV  Emax=    2 MeV
          BetheBloch : Emin=    2 MeV Emax=  100 TeV
G4VUserPhysicsList::BuildPhysicsTable  Calculate Physics Table for GenericIon
G4VUserPhysicsList::BuildPhysicsTable %%%%%% GenericIon
 ProcessManager : 0x20d35e0 ProcessManagerShadow : 0x20d35e0
  0 - Transportation
  1 - msc
  2 - hIoni
--------------------------------------------------------------
  0 - Transportation
  1 - msc
  2 - hIoni

msc:  for GenericIon  SubType= 10
      ===== EM models for the G4Region  DefaultRegionForTheWorld ======
            UrbanMsc : Emin=    0 eV  Emax=  100 TeV
          StepLim=Minimal Rfact=0.2 Gfact=2.5 Sfact=0.6 DispFlag:0 Skin=1 Llim=1 mm

hIoni:  for GenericIon  XStype:3  SubType=2
      dE/dx and range tables from 100 eV  to 100 TeV in 84 bins
      Lambda tables from threshold to 100 TeV, 7 bins/decade, spline: 1
      StepFunction=(0.2, 0.1 mm), integ: 3, fluct: 1, linLossLim= 0.01
      ===== EM models for the G4Region  DefaultRegionForTheWorld ======
               Bragg : Emin=    0 eV  Emax=    2 MeV
          BetheBloch : Emin=    2 MeV Emax=  100 TeV
G4VUserPhysicsList::BuildPhysicsTable  Calculate Physics Table for He3
G4VUserPhysicsList::BuildPhysicsTable %%%%%% He3
 ProcessManager : 0x20d7a10 ProcessManagerShadow : 0x20d7a10
  0 - Transportation
  1 - msc
  2 - hIoni
--------------------------------------------------------------
  0 - Transportation
  1 - msc
  2 - hIoni
G4VUserPhysicsList::BuildPhysicsTable  Calculate Physics Table for alpha
G4VUserPhysicsList::BuildPhysicsTable %%%%%% alpha
 ProcessManager : 0x20d7ba0 ProcessManagerShadow : 0x20d7ba0
  0 - Transportation
  1 - msc
  2 - hIoni
--------------------------------------------------------------
  0 - Transportation
  1 - msc
  2 - hIoni

msc:  for alpha  SubType= 10
      ===== EM models for the G4Region  DefaultRegionForTheWorld ======
            UrbanMsc : Emin=    0 eV  Emax=  100 TeV
          StepLim=Minimal Rfact=0.2 Gfact=2.5 Sfact=0.6 DispFlag:0 Skin=1 Llim=1 mm

hIoni:  for alpha  XStype:3  SubType=2
      dE/dx and range tables from 100 eV  to 100 TeV in 84 bins
      Lambda tables from threshold to 100 TeV, 7 bins/decade, spline: 1
      StepFunction=(0.2, 0.1 mm), integ: 3, fluct: 1, linLossLim= 0.01
      ===== EM models for the G4Region  DefaultRegionForTheWorld ======
               Bragg : Emin=    0 eV  Emax=7.9452 MeV
          BetheBloch : Emin=7.9452 MeV Emax=  100 TeV
G4VUserPhysicsList::BuildPhysicsTable  Calculate Physics Table for anti_He3
G4VUserPhysicsList::BuildPhysicsTable %%%%%% anti_He3
 ProcessManager : 0x20d7df0 ProcessManagerShadow : 0x20d7df0
  0 - Transportation
  1 - msc
  2 - hIoni
--------------------------------------------------------------
  0 - Transportation
  1 - msc
  2 - hIoni
G4VUserPhysicsList::BuildPhysicsTable  Calculate Physics Table for anti_alpha
G4VUserPhysicsList::BuildPhysicsTable %%%%%% anti_alpha
 ProcessManager : 0x20d8040 ProcessManagerShadow : 0x20d8040
  0 - Transportation
  1 - msc
  2 - hIoni
--------------------------------------------------------------
  0 - Transportation
  1 - msc
  2 - hIoni
G4VUserPhysicsList::BuildPhysicsTable  Calculate Physics Table for anti_deuteron
G4VUserPhysicsList::BuildPhysicsTable %%%%%% anti_deuteron
 ProcessManager : 0x20d8290 ProcessManagerShadow : 0x20d8290
  0 - Transportation
  1 - msc
  2 - hIoni
--------------------------------------------------------------
  0 - Transportation
  1 - msc
  2 - hIoni
G4VUserPhysicsList::BuildPhysicsTable  Calculate Physics Table for anti_doublehyperH4
G4VUserPhysicsList::BuildPhysicsTable %%%%%% anti_doublehyperH4
 ProcessManager : 0x20d84e0 ProcessManagerShadow : 0x20d84e0
  0 - Transportation
  1 - Decay
  2 - msc
  3 - hIoni
--------------------------------------------------------------
  0 - Transportation
  1 - Decay
  2 - msc
  3 - hIoni
G4VUserPhysicsList::BuildPhysicsTable  Calculate Physics Table for anti_doublehyperdoubleneutron
G4VUserPhysicsList::BuildPhysicsTable %%%%%% anti_doublehyperdoubleneutron
 ProcessManager : 0x20d8730 ProcessManagerShadow : 0x20d8730
  0 - Transportation
  1 - Decay
--------------------------------------------------------------
  0 - Transportation
  1 - Decay
G4VUserPhysicsList::BuildPhysicsTable  Calculate Physics Table for anti_hyperH4
G4VUserPhysicsList::BuildPhysicsTable %%%%%% anti_hyperH4
 ProcessManager : 0x20d8980 ProcessManagerShadow : 0x20d8980
  0 - Transportation
  1 - Decay
  2 - msc
  3 - hIoni
--------------------------------------------------------------
  0 - Transportation
  1 - Decay
  2 - msc
  3 - hIoni
G4VUserPhysicsList::BuildPhysicsTable  Calculate Physics Table for anti_hyperHe5
G4VUserPhysicsList::BuildPhysicsTable %%%%%% anti_hyperHe5
 ProcessManager : 0x20d8bd0 ProcessManagerShadow : 0x20d8bd0
  0 - Transportation
  1 - Decay
  2 - msc
  3 - hIoni
--------------------------------------------------------------
  0 - Transportation
  1 - Decay
  2 - msc
  3 - hIoni
G4VUserPhysicsList::BuildPhysicsTable  Calculate Physics Table for anti_hyperalpha
G4VUserPhysicsList::BuildPhysicsTable %%%%%% anti_hyperalpha
 ProcessManager : 0x20d8e20 ProcessManagerShadow : 0x20d8e20
  0 - Transportation
  1 - Decay
  2 - msc
  3 - hIoni
--------------------------------------------------------------
  0 - Transportation
  1 - Decay
  2 - msc
  3 - hIoni
G4VUserPhysicsList::BuildPhysicsTable  Calculate Physics Table for anti_hypertriton
G4VUserPhysicsList::BuildPhysicsTable %%%%%% anti_hypertriton
 ProcessManager : 0x20d9070 ProcessManagerShadow : 0x20d9070
  0 - Transportation
  1 - Decay
  2 - msc
  3 - hIoni
--------------------------------------------------------------
  0 - Transportation
  1 - Decay
  2 - msc
  3 - hIoni
G4VUserPhysicsList::BuildPhysicsTable  Calculate Physics Table for anti_kaon0
G4VUserPhysicsList::BuildPhysicsTable %%%%%% anti_kaon0
 ProcessManager : 0x20d92c0 ProcessManagerShadow : 0x20d92c0
  0 - Transportation
  1 - Decay
--------------------------------------------------------------
  0 - Transportation
  1 - Decay
G4VUserPhysicsList::BuildPhysicsTable  Calculate Physics Table for anti_lambda
G4VUserPhysicsList::BuildPhysicsTable %%%%%% anti_lambda
 ProcessManager : 0x20d9510 ProcessManagerShadow : 0x20d9510
  0 - Transportation
  1 - Decay
--------------------------------------------------------------
  0 - Transportation
  1 - Decay
G4VUserPhysicsList::BuildPhysicsTable  Calculate Physics Table for anti_neutron
G4VUserPhysicsList::BuildPhysicsTable %%%%%% anti_neutron
 ProcessManager : 0x20d9760 ProcessManagerShadow : 0x20d9760
  0 - Transportation
  1 - Decay
--------------------------------------------------------------
  0 - Transportation
  1 - Decay
G4VUserPhysicsList::BuildPhysicsTable  Calculate Physics Table for anti_nu_e
G4VUserPhysicsList::BuildPhysicsTable %%%%%% anti_nu_e
 ProcessManager : 0x20d99b0 ProcessManagerShadow : 0x20d99b0
  0 - Transportation
--------------------------------------------------------------
  0 - Transportation
G4VUserPhysicsList::BuildPhysicsTable  Calculate Physics Table for anti_nu_mu
G4VUserPhysicsList::BuildPhysicsTable %%%%%% anti_nu_mu
 ProcessManager : 0x20d9c00 ProcessManagerShadow : 0x20d9c00
  0 - Transportation
--------------------------------------------------------------
  0 - Transportation
G4VUserPhysicsList::BuildPhysicsTable  Calculate Physics Table for anti_omega-
G4VUserPhysicsList::BuildPhysicsTable %%%%%% anti_omega-
 ProcessManager : 0x20d9e50 ProcessManagerShadow : 0x20d9e50
  0 - Transportation
  1 - Decay
  2 - msc
  3 - hIoni
--------------------------------------------------------------
  0 - Transportation
  1 - Decay
  2 - msc
  3 - hIoni
G4VUserPhysicsList::BuildPhysicsTable  Calculate Physics Table for anti_proton
G4VUserPhysicsList::BuildPhysicsTable %%%%%% anti_proton
 ProcessManager : 0x20da0a0 ProcessManagerShadow : 0x20da0a0
  0 - Transportation
  1 - msc
  2 - hIoni
--------------------------------------------------------------
  0 - Transportation
  1 - msc
  2 - hIoni

msc:  for anti_proton  SubType= 10
      ===== EM models for the G4Region  DefaultRegionForTheWorld ======
            UrbanMsc : Emin=    0 eV  Emax=  100 TeV Nbins=84 100 eV  - 100 TeV
          StepLim=Minimal Rfact=0.2 Gfact=2.5 Sfact=0.6 DispFlag:0 Skin=1 Llim=1 mm

hIoni:  for anti_proton  XStype:3  SubType=2
      dE/dx and range tables from 100 eV  to 100 TeV in 84 bins
      Lambda tables from threshold to 100 TeV, 7 bins/decade, spline: 1
      StepFunction=(0.2, 0.1 mm), integ: 3, fluct: 1, linLossLim= 0.01
      ===== EM models for the G4Region  DefaultRegionForTheWorld ======
            ICRU73QO : Emin=    0 eV  Emax=    2 MeV
          BetheBloch : Emin=    2 MeV Emax=  100 TeV
G4VUserPhysicsList::BuildPhysicsTable  Calculate Physics Table for anti_sigma0
G4VUserPhysicsList::BuildPhysicsTable %%%%%% anti_sigma0
 ProcessManager : 0x20da2f0 ProcessManagerShadow : 0x20da2f0
  0 - Transportation
  1 - Decay
--------------------------------------------------------------
  0 - Transportation
  1 - Decay
G4VUserPhysicsList::BuildPhysicsTable  Calculate Physics Table for anti_triton
G4VUserPhysicsList::BuildPhysicsTable %%%%%% anti_triton
 ProcessManager : 0x20da540 ProcessManagerShadow : 0x20da540
  0 - Transportation
  1 - Decay
  2 - msc
  3 - hIoni
--------------------------------------------------------------
  0 - Transportation
  1 - Decay
  2 - msc
  3 - hIoni
G4VUserPhysicsList::BuildPhysicsTable  Calculate Physics Table for anti_xi-
G4VUserPhysicsList::BuildPhysicsTable %%%%%% anti_xi-
 ProcessManager : 0x20da790 ProcessManagerShadow : 0x20da790
  0 - Transportation
  1 - Decay
  2 - msc
  3 - hIoni
--------------------------------------------------------------
  0 - Transportation
  1 - Decay
  2 - msc
  3 - hIoni
G4VUserPhysicsList::BuildPhysicsTable  Calculate Physics Table for anti_xi0
G4VUserPhysicsList::BuildPhysicsTable %%%%%% anti_xi0
 ProcessManager : 0x20da9e0 ProcessManagerShadow : 0x20da9e0
  0 - Transportation
  1 - Decay
--------------------------------------------------------------
  0 - Transportation
  1 - Decay
G4VUserPhysicsList::BuildPhysicsTable  Calculate Physics Table for chargedgeantino
G4VUserPhysicsList::BuildPhysicsTable %%%%%% chargedgeantino
 ProcessManager : 0x20dac30 ProcessManagerShadow : 0x20dac30
  0 - Transportation
--------------------------------------------------------------
  0 - Transportation
G4VUserPhysicsList::BuildPhysicsTable  Calculate Physics Table for deuteron
G4VUserPhysicsList::BuildPhysicsTable %%%%%% deuteron
 ProcessManager : 0x20dae80 ProcessManagerShadow : 0x20dae80
  0 - Transportation
  1 - msc
  2 - hIoni
--------------------------------------------------------------
  0 - Transportation
  1 - msc
  2 - hIoni
G4VUserPhysicsList::BuildPhysicsTable  Calculate Physics Table for doublehyperH4
G4VUserPhysicsList::BuildPhysicsTable %%%%%% doublehyperH4
 ProcessManager : 0x20db0d0 ProcessManagerShadow : 0x20db0d0
  0 - Transportation
  1 - Decay
  2 - msc
  3 - hIoni
--------------------------------------------------------------
  0 - Transportation
  1 - Decay
  2 - msc
  3 - hIoni
G4VUserPhysicsList::BuildPhysicsTable  Calculate Physics Table for doublehyperdoubleneutron
G4VUserPhysicsList::BuildPhysicsTable %%%%%% doublehyperdoubleneutron
 ProcessManager : 0x20db320 ProcessManagerShadow : 0x20db320
  0 - Transportation
  1 - Decay
--------------------------------------------------------------
  0 - Transportation
  1 - Decay
G4VUserPhysicsList::BuildPhysicsTable  Calculate Physics Table for eta
G4VUserPhysicsList::BuildPhysicsTable %%%%%% eta
 ProcessManager : 0x20dba10 ProcessManagerShadow : 0x20dba10
  0 - Transportation
  1 - Decay
--------------------------------------------------------------
  0 - Transportation
  1 - Decay
G4VUserPhysicsList::BuildPhysicsTable  Calculate Physics Table for eta_prime
G4VUserPhysicsList::BuildPhysicsTable %%%%%% eta_prime
 ProcessManager : 0x20dbc60 ProcessManagerShadow : 0x20dbc60
  0 - Transportation
  1 - Decay
--------------------------------------------------------------
  0 - Transportation
  1 - Decay
G4VUserPhysicsList::BuildPhysicsTable  Calculate Physics Table for geantino
G4VUserPhysicsList::BuildPhysicsTable %%%%%% geantino
 ProcessManager : 0x20dc100 ProcessManagerShadow : 0x20dc100
  0 - Transportation
--------------------------------------------------------------
  0 - Transportation
G4VUserPhysicsList::BuildPhysicsTable  Calculate Physics Table for hyperH4
G4VUserPhysicsList::BuildPhysicsTable %%%%%% hyperH4
 ProcessManager : 0x20dc350 ProcessManagerShadow : 0x20dc350
  0 - Transportation
  1 - Decay
  2 - msc
  3 - hIoni
--------------------------------------------------------------
  0 - Transportation
  1 - Decay
  2 - msc
  3 - hIoni
G4VUserPhysicsList::BuildPhysicsTable  Calculate Physics Table for hyperHe5
G4VUserPhysicsList::BuildPhysicsTable %%%%%% hyperHe5
 ProcessManager : 0x20dc5a0 ProcessManagerShadow : 0x20dc5a0
  0 - Transportation
  1 - Decay
  2 - msc
  3 - hIoni
--------------------------------------------------------------
  0 - Transportation
  1 - Decay
  2 - msc
  3 - hIoni
G4VUserPhysicsList::BuildPhysicsTable  Calculate Physics Table for hyperalpha
G4VUserPhysicsList::BuildPhysicsTable %%%%%% hyperalpha
 ProcessManager : 0x20dc7f0 ProcessManagerShadow : 0x20dc7f0
  0 - Transportation
  1 - Decay
  2 - msc
  3 - hIoni
--------------------------------------------------------------
  0 - Transportation
  1 - Decay
  2 - msc
  3 - hIoni
G4VUserPhysicsList::BuildPhysicsTable  Calculate Physics Table for hypertriton
G4VUserPhysicsList::BuildPhysicsTable %%%%%% hypertriton
 ProcessManager : 0x20dca40 ProcessManagerShadow : 0x20dca40
  0 - Transportation
  1 - Decay
  2 - msc
  3 - hIoni
--------------------------------------------------------------
  0 - Transportation
  1 - Decay
  2 - msc
  3 - hIoni
G4VUserPhysicsList::BuildPhysicsTable  Calculate Physics Table for kaon+
G4VUserPhysicsList::BuildPhysicsTable %%%%%% kaon+
 ProcessManager : 0x20dcc90 ProcessManagerShadow : 0x20dcc90
  0 - Transportation
  1 - Decay
  2 - msc
  3 - hIoni
--------------------------------------------------------------
  0 - Transportation
  1 - Decay
  2 - msc
  3 - hIoni

msc:  for kaon+  SubType= 10
      ===== EM models for the G4Region  DefaultRegionForTheWorld ======
            UrbanMsc : Emin=    0 eV  Emax=  100 TeV Nbins=84 100 eV  - 100 TeV
          StepLim=Minimal Rfact=0.2 Gfact=2.5 Sfact=0.6 DispFlag:0 Skin=1 Llim=1 mm

hIoni:  for kaon+  XStype:3  SubType=2
      dE/dx and range tables from 100 eV  to 100 TeV in 84 bins
      Lambda tables from threshold to 100 TeV, 7 bins/decade, spline: 1
      StepFunction=(0.2, 0.1 mm), integ: 3, fluct: 1, linLossLim= 0.01
      ===== EM models for the G4Region  DefaultRegionForTheWorld ======
               Bragg : Emin=    0 eV  Emax=1.05231 MeV
          BetheBloch : Emin=1.05231 MeV Emax=  100 TeV
G4VUserPhysicsList::BuildPhysicsTable  Calculate Physics Table for kaon-
G4VUserPhysicsList::BuildPhysicsTable %%%%%% kaon-
 ProcessManager : 0x20dcee0 ProcessManagerShadow : 0x20dcee0
  0 - Transportation
  1 - Decay
  2 - msc
  3 - hIoni
--------------------------------------------------------------
  0 - Transportation
  1 - Decay
  2 - msc
  3 - hIoni

msc:  for kaon-  SubType= 10
      ===== EM models for the G4Region  DefaultRegionForTheWorld ======
            UrbanMsc : Emin=    0 eV  Emax=  100 TeV Nbins=84 100 eV  - 100 TeV
          StepLim=Minimal Rfact=0.2 Gfact=2.5 Sfact=0.6 DispFlag:0 Skin=1 Llim=1 mm

hIoni:  for kaon-  XStype:3  SubType=2
      dE/dx and range tables from 100 eV  to 100 TeV in 84 bins
      Lambda tables from threshold to 100 TeV, 7 bins/decade, spline: 1
      StepFunction=(0.2, 0.1 mm), integ: 3, fluct: 1, linLossLim= 0.01
      ===== EM models for the G4Region  DefaultRegionForTheWorld ======
            ICRU73QO : Emin=    0 eV  Emax=1.05231 MeV
          BetheBloch : Emin=1.05231 MeV Emax=  100 TeV
G4VUserPhysicsList::BuildPhysicsTable  Calculate Physics Table for kaon0
G4VUserPhysicsList::BuildPhysicsTable %%%%%% kaon0
 ProcessManager : 0x20dd130 ProcessManagerShadow : 0x20dd130
  0 - Transportation
  1 - Decay
--------------------------------------------------------------
  0 - Transportation
  1 - Decay
G4VUserPhysicsList::BuildPhysicsTable  Calculate Physics Table for kaon0L
G4VUserPhysicsList::BuildPhysicsTable %%%%%% kaon0L
 ProcessManager : 0x20dd380 ProcessManagerShadow : 0x20dd380
  0 - Transportation
  1 - Decay
--------------------------------------------------------------
  0 - Transportation
  1 - Decay
G4VUserPhysicsList::BuildPhysicsTable  Calculate Physics Table for kaon0S
G4VUserPhysicsList::BuildPhysicsTable %%%%%% kaon0S
 ProcessManager : 0x20dd5d0 ProcessManagerShadow : 0x20dd5d0
  0 - Transportation
  1 - Decay
--------------------------------------------------------------
  0 - Transportation
  1 - Decay
G4VUserPhysicsList::BuildPhysicsTable  Calculate Physics Table for lambda
G4VUserPhysicsList::BuildPhysicsTable %%%%%% lambda
 ProcessManager : 0x20dd820 ProcessManagerShadow : 0x20dd820
  0 - Transportation
  1 - Decay
--------------------------------------------------------------
  0 - Transportation
  1 - Decay
G4VUserPhysicsList::BuildPhysicsTable  Calculate Physics Table for mu+
G4VUserPhysicsList::BuildPhysicsTable %%%%%% mu+
 ProcessManager : 0x20dda70 ProcessManagerShadow : 0x20dda70
  0 - Transportation
  1 - Decay
  2 - msc
  3 - muIoni
  4 - muBrems
  5 - muPairProd
--------------------------------------------------------------
  0 - Transportation
  1 - Decay
  2 - msc
  3 - muIoni
  4 - muBrems
  5 - muPairProd

msc:  for mu+  SubType= 10
      ===== EM models for the G4Region  DefaultRegionForTheWorld ======
            UrbanMsc : Emin=    0 eV  Emax=  100 TeV Nbins=84 100 eV  - 100 TeV
          StepLim=Minimal Rfact=0.2 Gfact=2.5 Sfact=0.6 DispFlag:0 Skin=1 Llim=1 mm

muIoni:  for mu+  XStype:3  SubType=2
      dE/dx and range tables from 100 eV  to 100 TeV in 84 bins
      Lambda tables from threshold to 100 TeV, 7 bins/decade, spline: 1
      StepFunction=(0.2, 0.1 mm), integ: 3, fluct: 1, linLossLim= 0.01
      ===== EM models for the G4Region  DefaultRegionForTheWorld ======
               Bragg : Emin=    0 eV  Emax=  200 keV
        MuBetheBloch : Emin=  200 keV Emax=  100 TeV

muBrems:  for mu+  XStype:1  SubType=3
      dE/dx and range tables from 100 eV  to 100 TeV in 84 bins
      Lambda tables from threshold to 100 TeV, 7 bins/decade, spline: 1
      ===== EM models for the G4Region  DefaultRegionForTheWorld ======
              MuBrem : Emin=    0 eV  Emax=  100 TeV  ModifiedMephi

muPairProd:  for mu+  XStype:1  SubType=4
      dE/dx and range tables from 100 eV  to 100 TeV in 84 bins
      Lambda tables from threshold to 100 TeV, 7 bins/decade, spline: 1
      Sampling table 21x1001; from 0.85 GeV to 100 TeV 
      ===== EM models for the G4Region  DefaultRegionForTheWorld ======
          muPairProd : Emin=    0 eV  Emax=  100 TeV  ModifiedMephi
G4VUserPhysicsList::BuildPhysicsTable  Calculate Physics Table for mu-
G4VUserPhysicsList::BuildPhysicsTable %%%%%% mu-
 ProcessManager : 0x20ddcc0 ProcessManagerShadow : 0x20ddcc0
  0 - Transportation
  1 - Decay
  2 - msc
  3 - muIoni
  4 - muBrems
  5 - muPairProd
--------------------------------------------------------------
  0 - Transportation
  1 - Decay
  2 - msc
  3 - muIoni
  4 - muBrems
  5 - muPairProd

msc:  for mu-  SubType= 10
      ===== EM models for the G4Region  DefaultRegionForTheWorld ======
            UrbanMsc : Emin=    0 eV  Emax=  100 TeV Nbins=84 100 eV  - 100 TeV
          StepLim=Minimal Rfact=0.2 Gfact=2.5 Sfact=0.6 DispFlag:0 Skin=1 Llim=1 mm

muIoni:  for mu-  XStype:3  SubType=2
      dE/dx and range tables from 100 eV  to 100 TeV in 84 bins
      Lambda tables from threshold to 100 TeV, 7 bins/decade, spline: 1
      StepFunction=(0.2, 0.1 mm), integ: 3, fluct: 1, linLossLim= 0.01
      ===== EM models for the G4Region  DefaultRegionForTheWorld ======
            ICRU73QO : Emin=    0 eV  Emax=  200 keV
        MuBetheBloch : Emin=  200 keV Emax=  100 TeV

muBrems:  for mu-  XStype:1  SubType=3
      dE/dx and range tables from 100 eV  to 100 TeV in 84 bins
      Lambda tables from threshold to 100 TeV, 7 bins/decade, spline: 1
      ===== EM models for the G4Region  DefaultRegionForTheWorld ======
              MuBrem : Emin=    0 eV  Emax=  100 TeV  ModifiedMephi

muPairProd:  for mu-  XStype:1  SubType=4
      dE/dx and range tables from 100 eV  to 100 TeV in 84 bins
      Lambda tables from threshold to 100 TeV, 7 bins/decade, spline: 1
      Sampling table 21x1001; from 0.85 GeV to 100 TeV 
      ===== EM models for the G4Region  DefaultRegionForTheWorld ======
          muPairProd : Emin=    0 eV  Emax=  100 TeV  ModifiedMephi
G4VUserPhysicsList::BuildPhysicsTable  Calculate Physics Table for neutron
G4VUserPhysicsList::BuildPhysicsTable %%%%%% neutron
 ProcessManager : 0x20ddf10 ProcessManagerShadow : 0x20ddf10
  0 - Transportation
  1 - Decay
--------------------------------------------------------------
  0 - Transportation
  1 - Decay
G4VUserPhysicsList::BuildPhysicsTable  Calculate Physics Table for nu_e
G4VUserPhysicsList::BuildPhysicsTable %%%%%% nu_e
 ProcessManager : 0x20de160 ProcessManagerShadow : 0x20de160
  0 - Transportation
--------------------------------------------------------------
  0 - Transportation
G4VUserPhysicsList::BuildPhysicsTable  Calculate Physics Table for nu_mu
G4VUserPhysicsList::BuildPhysicsTable %%%%%% nu_mu
 ProcessManager : 0x20de3b0 ProcessManagerShadow : 0x20de3b0
  0 - Transportation
--------------------------------------------------------------
  0 - Transportation
G4VUserPhysicsList::BuildPhysicsTable  Calculate Physics Table for omega-
G4VUserPhysicsList::BuildPhysicsTable %%%%%% omega-
 ProcessManager : 0x20de600 ProcessManagerShadow : 0x20de600
  0 - Transportation
  1 - Decay
  2 - msc
  3 - hIoni
--------------------------------------------------------------
  0 - Transportation
  1 - Decay
  2 - msc
  3 - hIoni
G4VUserPhysicsList::BuildPhysicsTable  Calculate Physics Table for pi+
G4VUserPhysicsList::BuildPhysicsTable %%%%%% pi+
 ProcessManager : 0x20de850 ProcessManagerShadow : 0x20de850
  0 - Transportation
  1 - Decay
  2 - msc
  3 - hIoni
--------------------------------------------------------------
  0 - Transportation
  1 - Decay
  2 - msc
  3 - hIoni

msc:  for pi+  SubType= 10
      ===== EM models for the G4Region  DefaultRegionForTheWorld ======
            UrbanMsc : Emin=    0 eV  Emax=  100 TeV Nbins=84 100 eV  - 100 TeV
          StepLim=Minimal Rfact=0.2 Gfact=2.5 Sfact=0.6 DispFlag:0 Skin=1 Llim=1 mm

hIoni:  for pi+  XStype:3  SubType=2
      dE/dx and range tables from 100 eV  to 100 TeV in 84 bins
      Lambda tables from threshold to 100 TeV, 7 bins/decade, spline: 1
      StepFunction=(0.2, 0.1 mm), integ: 3, fluct: 1, linLossLim= 0.01
      ===== EM models for the G4Region  DefaultRegionForTheWorld ======
               Bragg : Emin=    0 eV  Emax=297.505 keV
          BetheBloch : Emin=297.505 keV Emax=  100 TeV
G4VUserPhysicsList::BuildPhysicsTable  Calculate Physics Table for pi-
G4VUserPhysicsList::BuildPhysicsTable %%%%%% pi-
 ProcessManager : 0x20deaa0 ProcessManagerShadow : 0x20deaa0
  0 - Transportation
  1 - Decay
  2 - msc
  3 - hIoni
--------------------------------------------------------------
  0 - Transportation
  1 - Decay
  2 - msc
  3 - hIoni

msc:  for pi-  SubType= 10
      ===== EM models for the G4Region  DefaultRegionForTheWorld ======
            UrbanMsc : Emin=    0 eV  Emax=  100 TeV Nbins=84 100 eV  - 100 TeV
          StepLim=Minimal Rfact=0.2 Gfact=2.5 Sfact=0.6 DispFlag:0 Skin=1 Llim=1 mm

hIoni:  for pi-  XStype:3  SubType=2
      dE/dx and range tables from 100 eV  to 100 TeV in 84 bins
      Lambda tables from threshold to 100 TeV, 7 bins/decade, spline: 1
      StepFunction=(0.2, 0.1 mm), integ: 3, fluct: 1, linLossLim= 0.01
      ===== EM models for the G4Region  DefaultRegionForTheWorld ======
            ICRU73QO : Emin=    0 eV  Emax=297.505 keV
          BetheBloch : Emin=297.505 keV Emax=  100 TeV
G4VUserPhysicsList::BuildPhysicsTable  Calculate Physics Table for pi0
G4VUserPhysicsList::BuildPhysicsTable %%%%%% pi0
 ProcessManager : 0x20decf0 ProcessManagerShadow : 0x20decf0
  0 - Transportation
  1 - Decay
--------------------------------------------------------------
  0 - Transportation
  1 - Decay
G4VUserPhysicsList::BuildPhysicsTable  Calculate Physics Table for sigma+
G4VUserPhysicsList::BuildPhysicsTable %%%%%% sigma+
 ProcessManager : 0x20df190 ProcessManagerShadow : 0x20df190
  0 - Transportation
  1 - Decay
  2 - msc
  3 - hIoni
--------------------------------------------------------------
  0 - Transportation
  1 - Decay
  2 - msc
  3 - hIoni
G4VUserPhysicsList::BuildPhysicsTable  Calculate Physics Table for sigma-
G4VUserPhysicsList::BuildPhysicsTable %%%%%% sigma-
 ProcessManager : 0x20df3e0 ProcessManagerShadow : 0x20df3e0
  0 - Transportation
  1 - Decay
  2 - msc
  3 - hIoni
--------------------------------------------------------------
  0 - Transportation
  1 - Decay
  2 - msc
  3 - hIoni
G4VUserPhysicsList::BuildPhysicsTable  Calculate Physics Table for sigma0
G4VUserPhysicsList::BuildPhysicsTable %%%%%% sigma0
 ProcessManager : 0x20df630 ProcessManagerShadow : 0x20df630
  0 - Transportation
  1 - Decay
--------------------------------------------------------------
  0 - Transportation
  1 - Decay
G4VUserPhysicsList::BuildPhysicsTable  Calculate Physics Table for triton
G4VUserPhysicsList::BuildPhysicsTable %%%%%% triton
 ProcessManager : 0x20df880 ProcessManagerShadow : 0x20df880
  0 - Transportation
  1 - Decay
  2 - msc
  3 - hIoni
--------------------------------------------------------------
  0 - Transportation
  1 - Decay
  2 - msc
  3 - hIoni
G4VUserPhysicsList::BuildPhysicsTable  Calculate Physics Table for xi-
G4VUserPhysicsList::BuildPhysicsTable %%%%%% xi-
 ProcessManager : 0x20dfad0 ProcessManagerShadow : 0x20dfad0
  0 - Transportation
  1 - Decay
  2 - msc
  3 - hIoni
--------------------------------------------------------------
  0 - Transportation
  1 - Decay
  2 - msc
  3 - hIoni
G4VUserPhysicsList::BuildPhysicsTable  Calculate Physics Table for xi0
G4VUserPhysicsList::BuildPhysicsTable %%%%%% xi0
 ProcessManager : 0x20dfd20 ProcessManagerShadow : 0x20dfd20
  0 - Transportation
  1 - Decay
--------------------------------------------------------------
  0 - Transportation
  1 - Decay

Region <DefaultRegionForTheWorld> --  -- appears in <worldPhysical> world volume
 This region is in the mass world.
 Root logical volume(s) : worldLogical 
 Pointers : G4VUserRegionInformation[0], G4UserLimits[0], G4FastSimulationManager[0], G4UserSteppingAction[0]
 Materials : G4_AIR G4_Pb 
 Production cuts :   gamma 1 mm      e- 1 mm      e+ 1 mm  proton 1 mm 

Region <DefaultRegionForParallelWorld> --  -- is not associated to any world.
 Root logical volume(s) : 
 Pointers : G4VUserRegionInformation[0], G4UserLimits[0], G4FastSimulationManager[0], G4UserSteppingAction[0]
 Materials : 
 Production cuts :   gamma 1 mm      e- 1 mm      e+ 1 mm  proton 1 mm 

========= Table of registered couples ============================

Index : 0     used in the geometry : Yes
 Material : G4_AIR
 Range cuts        :  gamma  1 mm     e-  1 mm     e+  1 mm  proton 1 mm 
 Energy thresholds :  gamma  990 eV     e-  990 eV     e+  990 eV  proton 100 keV
 Region(s) which use this couple : 
    DefaultRegionForTheWorld

Index : 1     used in the geometry : Yes
 Material : G4_Pb
 Range cuts        :  gamma  1 mm     e-  1 mm     e+  1 mm  proton 1 mm 
 Energy thresholds :  gamma  101.797 keV    e-  1.37158 MeV    e+  1.2826 MeV proton 100 keV
 Region(s) which use this couple : 
    DefaultRegionForTheWorld

==================================================================

Start closing geometry.
G4GeometryManager::ReportVoxelStats -- Voxel Statistics

    Total memory consumed for geometry optimisation:   37 kByte
    Total CPU time elapsed for geometry optimisation: 0 seconds

    Voxelisation: top CPU users:
    Percent   Total CPU    System CPU       Memory  Volume
    -------   ----------   ----------     --------  ----------
       0.00         0.00         0.00           37k worldLogical
       0.00         0.00         0.00            0k detector_0
       0.00         0.00         0.00            0k detector_1

    Voxelisation: top memory users:
    Percent     Memory      Heads    Nodes   Pointers    Total CPU    Volume
    -------   --------     ------   ------   --------   ----------    ----------
      98.69         36k        83      453       1220         0.00    worldLogical
       0.65          0k         1        3          4         0.00    detector_0
       0.65          0k         1        3          4         0.00    detector_1
G4VisManager: Using G4TrajectoryDrawByCharge as fallback trajectory model.
See commands in /vis/modeling/trajectories/ for other options.
### Run 0 starts.
 Run terminated.
Run Summary
  Number of events processed : 10000
  User=1.940000s Real=1.946933s Sys=0.000000s [Cpu=99.6%]
Graphics systems deleted.
Visualization Manager deleting...
G4 kernel has come to Quit state.
UserDetectorConstruction deleted.
G4VUserPhysicsList::RemoveProcessManager: remove ProcessManager from GenericIon
G4VUserPhysicsList::RemoveProcessManager: remove ProcessManager from He3
G4VUserPhysicsList::RemoveProcessManager: remove ProcessManager from alpha
G4VUserPhysicsList::RemoveProcessManager: remove ProcessManager from anti_He3
G4VUserPhysicsList::RemoveProcessManager: remove ProcessManager from anti_alpha
G4VUserPhysicsList::RemoveProcessManager: remove ProcessManager from anti_deuteron
G4VUserPhysicsList::RemoveProcessManager: remove ProcessManager from anti_doublehyperH4
G4VUserPhysicsList::RemoveProcessManager: remove ProcessManager from anti_doublehyperdoubleneutron
G4VUserPhysicsList::RemoveProcessManager: remove ProcessManager from anti_hyperH4
G4VUserPhysicsList::RemoveProcessManager: remove ProcessManager from anti_hyperHe5
G4VUserPhysicsList::RemoveProcessManager: remove ProcessManager from anti_hyperalpha
G4VUserPhysicsList::RemoveProcessManager: remove ProcessManager from anti_hypertriton
G4VUserPhysicsList::RemoveProcessManager: remove ProcessManager from anti_kaon0
G4VUserPhysicsList::RemoveProcessManager: remove ProcessManager from anti_lambda
G4VUserPhysicsList::RemoveProcessManager: remove ProcessManager from anti_neutron
G4VUserPhysicsList::RemoveProcessManager: remove ProcessManager from anti_nu_e
G4VUserPhysicsList::RemoveProcessManager: remove ProcessManager from anti_nu_mu
G4VUserPhysicsList::RemoveProcessManager: remove ProcessManager from anti_omega-
G4VUserPhysicsList::RemoveProcessManager: remove ProcessManager from anti_proton
G4VUserPhysicsList::RemoveProcessManager: remove ProcessManager from anti_sigma0
G4VUserPhysicsList::RemoveProcessManager: remove ProcessManager from anti_triton
G4VUserPhysicsList::RemoveProcessManager: remove ProcessManager from anti_xi-
G4VUserPhysicsList::RemoveProcessManager: remove ProcessManager from anti_xi0
G4VUserPhysicsList::RemoveProcessManager: remove ProcessManager from chargedgeantino
G4VUserPhysicsList::RemoveProcessManager: remove ProcessManager from deuteron
G4VUserPhysicsList::RemoveProcessManager: remove ProcessManager from doublehyperH4
G4VUserPhysicsList::RemoveProcessManager: remove ProcessManager from doublehyperdoubleneutron
G4VUserPhysicsList::RemoveProcessManager: remove ProcessManager from e+
G4VUserPhysicsList::RemoveProcessManager: remove ProcessManager from e-
G4VUserPhysicsList::RemoveProcessManager: remove ProcessManager from eta
G4VUserPhysicsList::RemoveProcessManager: remove ProcessManager from eta_prime
G4VUserPhysicsList::RemoveProcessManager: remove ProcessManager from gamma
G4VUserPhysicsList::RemoveProcessManager: remove ProcessManager from geantino
G4VUserPhysicsList::RemoveProcessManager: remove ProcessManager from hyperH4
G4VUserPhysicsList::RemoveProcessManager: remove ProcessManager from hyperHe5
G4VUserPhysicsList::RemoveProcessManager: remove ProcessManager from hyperalpha
G4VUserPhysicsList::RemoveProcessManager: remove ProcessManager from hypertriton
G4VUserPhysicsList::RemoveProcessManager: remove ProcessManager from kaon+
G4VUserPhysicsList::RemoveProcessManager: remove ProcessManager from kaon-
G4VUserPhysicsList::RemoveProcessManager: remove ProcessManager from kaon0
G4VUserPhysicsList::RemoveProcessManager: remove ProcessManager from kaon0L
G4VUserPhysicsList::RemoveProcessManager: remove ProcessManager from kaon0S
G4VUserPhysicsList::RemoveProcessManager: remove ProcessManager from lambda
G4VUserPhysicsList::RemoveProcessManager: remove ProcessManager from mu+
G4VUserPhysicsList::RemoveProcessManager: remove ProcessManager from mu-
G4VUserPhysicsList::RemoveProcessManager: remove ProcessManager from neutron
G4VUserPhysicsList::RemoveProcessManager: remove ProcessManager from nu_e
G4VUserPhysicsList::RemoveProcessManager: remove ProcessManager from nu_mu
G4VUserPhysicsList::RemoveProcessManager: remove ProcessManager from omega-
G4VUserPhysicsList::RemoveProcessManager: remove ProcessManager from pi+
G4VUserPhysicsList::RemoveProcessManager: remove ProcessManager from pi-
G4VUserPhysicsList::RemoveProcessManager: remove ProcessManager from pi0
G4VUserPhysicsList::RemoveProcessManager: remove ProcessManager from proton
G4VUserPhysicsList::RemoveProcessManager: remove ProcessManager from sigma+
G4VUserPhysicsList::RemoveProcessManager: remove ProcessManager from sigma-
G4VUserPhysicsList::RemoveProcessManager: remove ProcessManager from sigma0
G4VUserPhysicsList::RemoveProcessManager: remove ProcessManager from triton
G4VUserPhysicsList::RemoveProcessManager: remove ProcessManager from xi-
G4VUserPhysicsList::RemoveProcessManager: remove ProcessManager from xi0
UserPhysicsList deleted.
UserActionInitialization deleted.
UserWorkerInitialization deleted.
UserWorkerThreadInitialization deleted.
UserRunAction deleted.
Time simulated: 10.6781
UserPrimaryGenerator deleted.
RunManager is deleting RunManagerKernel.
G4SDManager deleted.
EventManager deleted.
Units table cleared.
TransportationManager deleted.
Total navigation history collections cleaned: 16
G4RNGHelper object is deleted.
================== Deleting memory pools ===================
Pool ID '20G4NavigationLevelRep', size : 0.024 MB
Pool ID '24G4ReferenceCountedHandleIvE', size : 0.000961 MB
Pool ID '16G4SmartVoxelNode', size : 0.0154 MB
Pool ID '17G4SmartVoxelProxy', size : 0.00865 MB
Pool ID '7G4Event', size : 0.000961 MB
Pool ID '15G4PrimaryVertex', size : 0.000961 MB
Pool ID '17G4PrimaryParticle', size : 0.00192 MB
Pool ID '15G4HCofThisEvent', size : 0.000961 MB
Pool ID '16G4HitsCollection', size : 0.000961 MB
Pool ID '17G4DynamicParticle', size : 0.0365 MB
Pool ID '7G4Track', size : 0.0721 MB
Pool ID '18G4TouchableHistory', size : 0.00192 MB
Pool ID '15G4CountedObjectIvE', size : 0.000961 MB
Number of memory pools allocated: 14; of which, static: 1
Dynamic pools deleted: 13 / Total memory freed: 0.17 MB
============================================================
G4Allocator objects are deleted.
UImanager deleted.
StateManager deleted.
RunManagerKernel is deleted. Good bye :)
RunManager is deleted.
The program finished successfully
[CORRECT] Geant4 done.
[INFO] Running makeHLTuple...
Number of events 5682
1
-------------------New----------------
0 0 85.39398172287957 20.891023670524653 118.5
0 1 85.43618112098235 22.263762677030808 108.5
1 0 86.33018410904145 53.3731581995895 -117.5
1 1 86.29376804322501 52.06251944647573 -108.0
6
-------------------New----------------
0 0 34.97010840240756 -9.468565586445388 118.5
0 1 28.265631100070294 -3.9171334344116424 108.5
1 0 -123.51411892019416 121.8307328843008 -117.5
1 1 -117.12702682014863 116.5411537574794 -108.0
11
-------------------New----------------
0 0 -13.7452712370926 -90.35954693089896 118.5
0 1 -12.087228040909508 -88.7216593090441 108.5
1 0 25.419244391678017 -51.69124732013186 -117.5
1 1 23.841814412585116 -53.24787984987462 -108.0
22
-------------------New----------------
0 0 86.19507170428102 40.82762144935702 118.5
0 1 84.56311455416149 34.88251888667204 108.5
1 0 47.69389987498258 -99.55227526914675 -117.5
1 1 49.237197585254506 -93.90014319207975 -108.0
26
-------------------New----------------
0 0 -78.70481368025756 101.38980897969199 118.5
0 1 -78.48467661926841 100.55514198021162 108.5
1 0 -73.48324892484865 81.75686507968781 -117.5
1 1 -73.69331878705032 82.54695072702125 -108.0
29
-------------------New----------------
0 0 82.34844297951568 -114.895871767061 118.5
0 1 81.18558905878318 -114.69441843082977 108.5
1 0 54.922023937432144 -110.16595809949813 -117.5
1 1 56.02417745239973 -110.35447907142927 -108.0
33
-------------------New----------------
0 0 31.626119895358308 -41.03453750895258 118.5
0 1 26.094724703348913 -43.78711371877372 108.5
1 0 -98.81758213628575 -105.88139668965441 -117.5
1 1 -93.56225795797096 -103.2803890613418 -108.0
35
-------------------New----------------
0 0 -106.51357429920184 -62.8507791413468 118.5
0 1 -106.29094065982683 -58.38304836673401 108.5
1 0 -101.60310754382398 42.651505649891206 -117.5
1 1 -101.78050914659134 38.4175319664203 -108.0
46
-------------------New----------------
0 0 -30.51793821687188 -44.90765135173998 118.5
0 1 -25.829764027700357 -42.830349348444805 108.5
1 0 80.10639117936206 4.088143048745584 -117.5
1 1 75.65162784086466 2.1148383979072634 -108.0
47
-------------------New----------------
0 0 -42.07732206734288 -16.486019921298745 118.5
0 1 -43.64012563879406 -17.5365097550555 108.5
1 0 -78.99804666733402 -41.38365792205444 -117.5
1 1 -77.51222477601227 -40.37904940017031 -108.0
48
-------------------New----------------
0 0 3.459025400090276 -45.463202387126856 118.5
0 1 7.500435384661901 -42.52781312983704 108.5
1 0 98.82415670219753 23.797287261058923 -117.5
1 1 94.98707771546448 21.00883842771045 -108.0
53
-------------------New----------------
0 0 55.18533185926018 66.05600019364623 118.5
0 1 52.45117927126347 65.2486422472007 108.5
1 0 -9.145096037330825 47.140505243549 -117.5
1 1 -6.5571109770182 47.894781366338655 -108.0
58
-------------------New----------------
0 0 -83.93474190705768 29.118548693734294 118.5
0 1 -85.19309233760116 27.676131420247327 108.5
1 0 -113.61704375229488 -4.906411021156695 -117.5
1 1 -112.42249814998961 -3.5366055947476425 -108.0
63
-------------------New----------------
0 0 -30.316266582252876 -64.14501617367401 118.5
0 1 -28.127668450201373 -65.77602524616353 108.5
1 0 21.235802743012737 -102.76275056675806 -117.5
1 1 19.168437934994785 -101.20610843790635 -108.0
67
-------------------New----------------
0 0 76.62815921881068 -47.40475006323218 118.5
0 1 76.68805922298522 -45.103230517027626 108.5
1 0 78.05707590493826 6.918553948476455 -117.5
1 1 78.00047987968945 4.73194628817796 -108.0
75
-------------------New----------------
0 0 37.289456086596296 -66.73981341237285 118.5
0 1 31.650993223087532 -64.22721744888666 108.5
1 0 -95.80974969816072 -7.432966218556963 -117.5
1 1 -90.45060135551525 -9.820430139633412 -108.0
77
-------------------New----------------
0 0 -99.66737220292684 -16.09217668385856 118.5
0 1 -99.43527078885188 -15.429150070576545 108.5
1 0 -94.22628786307658 -0.3916356897153396 -117.5
1 1 -94.44353892709012 -1.0244697603962578 -108.0
79
-------------------New----------------
0 0 -91.33853636319257 -23.437343169350946 118.5
0 1 -92.15410571329376 -23.881500896661574 108.5
1 0 -110.63891440926022 -34.075575312275454 -117.5
1 1 -109.85976157567946 -33.64403595842487 -108.0
80
-------------------New----------------
0 0 2.489366825910205 -48.42836036075748 118.5
0 1 0.039213389253204056 -51.530157208273785 108.5
1 0 -55.31342574159716 -121.60984845194791 -117.5
1 1 -52.98433449745738 -118.66557341599041 -108.0
86
-------------------New----------------
0 0 -4.251733288117203 -11.269715973666617 118.5
0 1 -0.5335586037881932 -11.565950691441525 108.5
1 0 83.5383416839058 -18.237494045612543 -117.5
1 1 80.0011175887052 -17.95640752949008 -108.0
91
-------------------New----------------
0 0 54.79873558193361 74.27446007373479 118.5
0 1 56.077469763648125 74.66596334954689 108.5
1 0 84.95947338928428 83.50278334230259 -117.5
1 1 83.74544297757988 83.131860946145 -108.0
95
-------------------New----------------
0 0 -91.77737021846157 31.55819171929179 118.5
0 1 -92.12462611091473 29.505078438232694 108.5
1 0 -99.99136060061943 -16.934354289926183 -117.5
1 1 -99.66212761371935 -14.98467120849794 -108.0
104
-------------------New----------------
0 0 30.39721905054653 -13.716886137363199 118.5
0 1 34.33790070555868 -8.094571304907657 108.5
1 0 123.39872469165348 118.94958851273304 -117.5
1 1 119.655590155143 113.60967720217145 -108.0
107
-------------------New----------------
0 0 -10.14348588446357 -41.2274300811808 118.5
0 1 -13.112363565800454 -44.313614720406505 108.5
1 0 -80.20475978216328 -114.07427811056087 -117.5
1 1 -77.38453856013727 -111.14176557665863 -108.0
112
-------------------New----------------
0 0 -59.44795146497054 2.266680405707135 118.5
0 1 -60.740015746931206 2.678859558635942 108.5
1 0 -89.98237907429366 12.056952239092434 -117.5
1 1 -88.75315232741573 11.661223647464569 -108.0
114
-------------------New----------------
0 0 -39.65417146965768 73.76309456835726 118.5
0 1 -39.3204500218462 73.92646405607978 108.5
1 0 -31.781753722315255 77.60417810518209 -117.5
1 1 -32.09613268527427 77.45101294497417 -108.0
124
-------------------New----------------
0 0 86.9739889687796 35.338561895352 118.5
0 1 87.65454770888697 33.540788447488815 108.5
1 0 102.9970873260456 -7.026381669821457 -117.5
1 1 102.35781291341834 -5.323872910295016 -108.0
126
-------------------New----------------
0 0 -0.5311357096176245 43.410390162335304 118.5
0 1 3.72048289268931 44.678471426427556 108.5
1 0 99.33928881835809 73.41202331718469 -117.5
1 1 95.34270228404179 72.20718719139691 -108.0
131
-------------------New----------------
0 0 1.8962399375303591 -92.63677879542995 118.5
0 1 0.37538739470156096 -91.13215329215832 108.5
1 0 -34.083027223604276 -57.16862918650207 -117.5
1 1 -32.63296995082773 -58.59811837337277 -108.0
141
-------------------New----------------
0 0 63.834167693375875 -115.831198692964 118.5
0 1 62.05711937280107 -116.16534413022532 108.5
1 0 21.83759407868897 -123.77698243745431 -117.5
1 1 23.529362694747306 -123.45416127223352 -108.0
147
-------------------New----------------
0 0 34.15675982619154 105.9655113511254 118.5
0 1 37.226402823918434 104.90761716986788 108.5
1 0 106.59125903276072 81.0015570461808 -117.5
1 1 103.67577769516004 82.00621311581463 -108.0
149
-------------------New----------------
0 0 -80.45154955528507 80.24864739269677 118.5
0 1 -77.56524933617887 76.8120479664922 108.5
1 0 -12.314424759905261 -0.86816988094391 -117.5
1 1 -15.05797833575669 2.398066799721142 -108.0
150
-------------------New----------------
0 0 20.628150763416645 22.493243235089672 118.5
0 1 17.952894430053654 25.220425825481282 108.5
1 0 -42.539447386631984 86.7814344364377 -117.5
1 1 -39.9961843279719 84.19585239324147 -108.0
161
-------------------New----------------
0 0 64.59940415449006 103.72197226424359 118.5
0 1 62.9121944368051 103.7114564143225 108.5
1 0 24.701517249571612 103.58374436981168 -117.5
1 1 26.30820248555741 103.58580949520436 -108.0
164
-------------------New----------------
0 0 25.875900565100682 -88.76696209397275 118.5
0 1 26.04358801895492 -88.0939010551648 108.5
1 0 29.7365082422233 -72.91681683032002 -117.5
1 1 29.580859032835217 -73.54693720965744 -108.0
172
-------------------New----------------
0 0 42.981794379456204 -17.818071066906526 118.5
0 1 40.608357824150346 -16.629610056580063 108.5
1 0 -12.96392393891684 10.272855034646332 -117.5
1 1 -10.713501717592415 9.138207936857459 -108.0
179
-------------------New----------------
0 0 82.89909871667307 -17.021706356492267 118.5
0 1 80.01177312817391 -15.924063067482967 108.5
1 0 14.916686146875776 9.05942128598102 -117.5
1 1 17.643048826873297 8.026849815806578 -108.0
191
-------------------New----------------
0 0 2.6058127461417264 -41.082894579729754 118.5
0 1 6.211459333741947 -38.743335891151865 108.5
1 0 87.62433811710768 14.101838071482177 -117.5
1 1 84.20467862649433 11.878674947560548 -108.0
202
-------------------New----------------
0 0 -1.002752692991696 -99.09016100773603 118.5
0 1 2.7598422675671253 -99.60697586250426 108.5
1 0 87.8756431776136 -111.21019146131714 -117.5
1 1 84.29435364354144 -110.72919049168861 -108.0
204
-------------------New----------------
0 0 35.742670593184585 -48.306032821406525 118.5
0 1 35.346895884028285 -43.145697940971345 108.5
1 0 26.26003078661763 73.51817601178814 -117.5
1 1 26.646429045739705 68.61824343729484 -108.0
211
-------------------New----------------
0 0 -58.30952729415135 91.82473071607066 118.5
0 1 -54.765686596671245 89.52449617329793 108.5
1 0 25.71038960639433 37.961015717796066 -117.5
1 1 22.343730712304954 40.159160267228344 -108.0
220
-------------------New----------------
0 0 94.12037849864164 -2.8256259465259577 118.5
0 1 95.36741548735128 -0.6051732882786269 108.5
1 0 123.42088281978583 49.49443523251653 -117.5
1 1 122.2485979800164 47.39838447055017 -108.0
227
-------------------New----------------
0 0 33.158199638215756 -6.006068846724605 118.5
0 1 32.827364222564924 -3.353818468016285 108.5
1 0 25.339884202424535 56.589248599664586 -117.5
1 1 25.65525939014798 54.06956831900616 -108.0
239
-------------------New----------------
0 0 -5.490009122114828 -80.1123777174889 118.5
0 1 -5.021446737861257 -77.58226651824175 108.5
1 0 5.570111735658121 -20.39832209552869 -117.5
1 1 5.124549581998558 -22.802329556526452 -108.0
244
-------------------New----------------
0 0 32.155459324873206 58.38419249509839 118.5
0 1 26.06673308690521 58.55376426292524 108.5
1 0 -111.58249558589046 62.488500206719756 -117.5
1 1 -105.8054440083346 62.312689325457846 -108.0
248
-------------------New----------------
0 0 12.057714346390293 -49.83087651705205 118.5
0 1 6.326070762857693 -46.98462952119327 108.5
1 0 -123.22291169930345 17.31447364855497 -117.5
1 1 -117.7760918181662 14.610718886149517 -108.0
254
-------------------New----------------
0 0 -99.71430510301555 99.13329888577562 118.5
0 1 -98.12455704442876 100.3047135748931 108.5
1 0 -61.976516505670624 126.7152112160849 -117.5
1 1 -63.50250171188735 125.60461829102398 -108.0
259
-------------------New----------------
0 0 13.553373102672722 34.1628340264157 118.5
0 1 9.254592245384458 36.34427784912252 108.5
1 0 -87.72175046209954 85.57137063239888 -117.5
1 1 -83.64230806603138 83.47559370699364 -108.0
264
-------------------New----------------
0 0 -102.75472857605943 2.020410117027885 118.5
0 1 -101.87831007195925 -2.556931575819777 108.5
1 0 -82.05555481491653 -105.43422182162439 -117.5
1 1 -82.88142770645035 -101.11292218785522 -108.0
295
-------------------New----------------
0 0 -47.313636460315806 22.787585674275764 118.5
0 1 -47.35715439288424 22.03249638509476 108.5
1 0 -48.3662909923655 4.966778743226909 -117.5
1 1 -48.322764770098594 5.6844982085684235 -108.0
296
-------------------New----------------
0 0 9.599792386944378 -15.830681137228714 118.5
0 1 12.402263399042761 -18.141616122809587 108.5
1 0 76.20377478324187 -70.02509588675755 -117.5
1 1 73.53096264775378 -67.86823286539996 -108.0
298
-------------------New----------------
0 0 8.292868492037744 9.433904460168312 118.5
0 1 10.821406240066404 11.91211697542348 108.5
1 0 67.8915995305101 67.83923331538631 -117.5
1 1 65.49107133015673 65.49494390104698 -108.0
299
-------------------New----------------
0 0 -5.86683105519368 95.08469813261878 118.5
0 1 -7.211692529107049 95.53296255143822 108.5
1 0 -37.83557301662358 105.97992883511253 -117.5
1 1 -36.54068091108194 105.53679774063028 -108.0
300
-------------------New----------------
0 0 -40.66451102168096 25.46794565744748 118.5
0 1 -43.60505702359056 26.79392197450532 108.5
1 0 -110.00869227655353 56.68464935492513 -117.5
1 1 -107.21791584786334 55.4269665281583 -108.0
301
-------------------New----------------
0 0 -31.15598532184128 76.77665577822445 118.5
0 1 -28.631581819120044 73.57578405825822 108.5
1 0 28.427981334813087 1.2269527720118372 -117.5
1 1 26.0321346079875 4.266970798385509 -108.0
303
-------------------New----------------
0 0 39.943050492663396 72.53805286614381 118.5
0 1 39.03169662403643 69.85615570469143 108.5
1 0 18.43923481477143 9.258890197934619 -117.5
1 1 19.304197230804483 11.806453648907727 -108.0
310
-------------------New----------------
0 0 28.55172047146982 28.45238086554657 118.5
0 1 27.381248956935288 23.772321068951253 108.5
1 0 1.1632397448344598 -82.26098481430606 -117.5
1 1 2.273250586718537 -77.79907443272228 -108.0
311
-------------------New----------------
0 0 36.95639801471123 -51.90494640345065 118.5
0 1 32.30399356601843 -47.66723640016279 108.5
1 0 -72.82533365121857 48.09058574682437 -117.5
1 1 -68.40588920792698 44.06520609503596 -108.0
314
-------------------New----------------
0 0 -102.45520459896015 88.97006048640402 118.5
0 1 -103.27795640080129 88.80106459803866 108.5
1 0 -122.01558998123735 85.01771711987098 -117.5
1 1 -121.22858135749398 85.16349162575145 -108.0
317
-------------------New----------------
0 0 -29.321596047585427 -38.7458491685204 118.5
0 1 -25.395520460257618 -35.920753859407675 108.5
1 0 65.45200152583443 23.688553672715308 -117.5
1 1 61.54188432764251 21.382343479167012 -108.0
322
-------------------New----------------
0 0 -89.44795899146195 -23.384405270105574 118.5
0 1 -86.85321368420543 -25.682109904655686 108.5
1 0 -28.207297895999993 -77.6139211078487 -117.5
1 1 -30.672488116136538 -75.4306059228816 -108.0
332
-------------------New----------------
0 0 -12.826552822855476 -65.99862675299983 118.5
0 1 -10.69730058010141 -63.950675201411215 108.5
1 0 37.42826533325852 -17.666283976858846 -117.5
1 1 35.40478176348891 -19.611753972232663 -108.0
333
-------------------New----------------
0 0 81.93580416366743 97.61557608370927 118.5
0 1 82.73924970625401 98.54106985265116 108.5
1 0 101.18445739609555 119.70251671462749 -117.5
1 1 100.40971409027773 118.80460026756575 -108.0
337
-------------------New----------------
0 0 8.561335799153422 102.1111239243385 118.5
0 1 6.927192582648883 102.653730197443 108.5
1 0 -29.989270944695495 114.9744363423471 -117.5
1 1 -28.441996287950776 114.4526483610543 -108.0
338
-------------------New----------------
0 0 89.09422666385095 94.58294749439875 118.5
0 1 90.45704297773177 95.84093949720072 108.5
1 0 121.31794839153164 124.30491644957326 -117.5
1 1 120.02237315268158 123.10779994486498 -108.0
344
-------------------New----------------
0 0 38.3039032695928 -72.03254606118766 118.5
0 1 36.922728967840555 -72.79845577985023 108.5
1 0 5.5327568782224175 -90.22876839359829 -117.5
1 1 6.84987850219928 -89.49844533970511 -108.0
351
-------------------New----------------
0 0 8.746095342731206 -38.861812855086285 118.5
0 1 7.82197978879848 -39.314541850172276 108.5
1 0 -13.02409515168917 -49.41001953603018 -117.5
1 1 -12.14939736042991 -48.98941622334821 -108.0
352
-------------------New----------------
0 0 30.39995383098979 90.8256259739434 118.5
0 1 27.991780528267547 90.12653055054679 108.5
1 0 -26.452244238148353 74.29481062627251 -117.5
1 1 -24.163258426472137 74.96055633910532 -108.0
353
-------------------New----------------
0 0 -76.47548337118049 0.6585500319447523 118.5
0 1 -75.44150326100649 3.338461753865249 108.5
1 0 -51.88248529659243 63.85162826730775 -117.5
1 1 -52.899928694798675 61.2984748388778 -108.0
356
-------------------New----------------
0 0 -14.047489444892923 -8.766378145838965 118.5
0 1 -11.338322302620474 -6.371753592053459 108.5
1 0 49.90166481984017 47.73787090158345 -117.5
1 1 47.32675516896619 45.46329599685009 -108.0
359
-------------------New----------------
0 0 30.012791501595377 25.801554540782035 118.5
0 1 27.463985340733338 28.145092485817987 108.5
1 0 -30.01796850981372 81.13457992304362 -117.5
1 1 -27.604717440244883 78.90508954931663 -108.0
360
-------------------New----------------
0 0 33.7839779637071 -19.8186055026214 118.5
0 1 33.346708093886065 -23.355772140869217 108.5
1 0 23.511468410250217 -103.44042572066421 -117.5
1 1 23.92322488606604 -100.07232809021649 -108.0
362
-------------------New----------------
0 0 -42.376817033652635 -1.7290527004283682 118.5
0 1 -43.50695943647068 2.4297839523274365 108.5
1 0 -69.03904969931686 96.4641971176556 -117.5
1 1 -67.96806349433746 92.5093735675837 -108.0
363
-------------------New----------------
0 0 11.858608103738753 -47.29298537433955 118.5
0 1 12.92417484553538 -46.710268021391805 108.5
1 0 36.91769090152233 -33.606609125226 -117.5
1 1 35.91085884576016 -34.15413092812521 -108.0
374
-------------------New----------------
0 0 -47.700040507857565 -0.9534842714646488 118.5
0 1 -51.08883557122603 -1.1499405852048947 108.5
1 0 -127.72183313370815 -5.499474579149352 -117.5
1 1 -124.498755809924 -5.321196463558388 -108.0
378
-------------------New----------------
0 0 -45.52155643499055 -81.10484866981068 118.5
0 1 -44.363958443780305 -80.00872154008654 108.5
1 0 -18.20112532089203 -55.237722806760516 -117.5
1 1 -19.300826446004358 -56.27897056451536 -108.0
401
-------------------New----------------
0 0 -42.24052428802677 81.75589117847366 118.5
0 1 -36.22297025441542 78.42375892162576 108.5
1 0 99.7428033576386 3.1166571393111653 -117.5
1 1 94.02782048841655 6.282115531205918 -108.0
406
-------------------New----------------
0 0 -62.467288891419855 43.25214705663986 118.5
0 1 -65.01468667166945 42.0029160595263 108.5
1 0 -122.70471080902762 13.837734683954327 -117.5
1 1 -120.28415805292408 15.020844757119832 -108.0
407
-------------------New----------------
0 0 45.73914491169535 -11.690522523980073 118.5
0 1 45.12682222598689 -12.185912151463668 108.5
1 0 31.20721562645611 -23.49672446060665 -117.5
1 1 31.788774211511473 -23.02426824349596 -108.0
410
-------------------New----------------
0 0 -26.434623776166312 44.75850804560551 118.5
0 1 -26.5857698424582 47.43407413840351 108.5
1 0 -30.08512687895722 107.97761626340078 -117.5
1 1 -29.938276513380117 105.43345614706053 -108.0
416
-------------------New----------------
0 0 54.67595844927987 -8.944884589618287 118.5
0 1 55.32071237077421 -13.205125862129384 108.5
1 0 69.91513037155097 -109.55409371488304 -117.5
1 1 69.29889651867427 -105.50118136434712 -108.0
417
-------------------New----------------
0 0 46.188850404155204 -84.95403211018976 118.5
0 1 45.99638238355971 -85.31650285219531 108.5
1 0 41.624406092693064 -93.45250114854159 -117.5
1 1 41.80703364796401 -93.11358711406899 -108.0
420
-------------------New----------------
0 0 100.05197030395121 82.45223766027331 118.5
0 1 98.08100084572136 80.60202801112905 108.5
1 0 53.55541981891632 38.89982924499934 -117.5
1 1 55.42960000132028 40.65328701733903 -108.0
422
-------------------New----------------
0 0 27.498112876479375 22.533174948665724 118.5
0 1 27.04654135582602 21.963569176748628 108.5
1 0 16.87441854900362 9.082648351376896 -117.5
1 1 17.297344435974654 9.624223358361066 -108.0
423
-------------------New----------------
0 0 64.40721021930008 26.44488067579734 118.5
0 1 62.37367782770453 26.500820462211756 108.5
1 0 16.441629099599073 27.802819999540475 -117.5
1 1 18.37091306890596 27.748484223731147 -108.0
430
-------------------New----------------
0 0 -94.93224305639686 32.99146163104646 118.5
0 1 -92.68410676869195 30.991981387267664 108.5
1 0 -41.89649673892766 -14.109132028876317 -117.5
1 1 -44.031797124937015 -12.216604126007233 -108.0
435
-------------------New----------------
0 0 -33.89156762438356 102.16316495554254 118.5
0 1 -36.04722837725264 101.97053422127198 108.5
1 0 -84.7686620106374 97.76113133988409 -117.5
1 1 -82.72429737760947 97.93868467497647 -108.0
439
-------------------New----------------
0 0 -24.129995098948054 64.82298002253447 118.5
0 1 -24.5508698991406 63.500558586938496 108.5
1 0 -34.1071507400126 33.582831076896646 -117.5
1 1 -33.70371312541853 34.84200636529276 -108.0
446
-------------------New----------------
0 0 -29.06017370517345 35.1991302634859 118.5
0 1 -31.169310302911775 31.785836681220513 108.5
1 0 -78.7875418825146 -45.39196586722818 -117.5
1 1 -76.78611003256552 -42.143206196730375 -108.0
454
-------------------New----------------
0 0 -2.1008818355517476 59.973367727099046 118.5
0 1 -3.02287217984469 61.959584579484215 108.5
1 0 -23.910297414983948 106.91257430492519 -117.5
1 1 -23.032196641545912 105.02273915746764 -108.0
457
-------------------New----------------
0 0 -46.314575753555125 -83.7695355601796 118.5
0 1 -47.83394638431865 -82.55961587039 108.5
1 0 -82.08166841572373 -55.164428199197516 -117.5
1 1 -80.63880867462068 -56.31650964020828 -108.0
462
-------------------New----------------
0 0 -60.61634102433612 45.57834098967881 118.5
0 1 -60.905854948001945 43.701560057127345 108.5
1 0 -67.24857885243372 1.3491198902156227 -117.5
1 1 -66.98212137413478 3.131852617476004 -108.0
463
-------------------New----------------
0 0 28.408283304913244 14.67630950389587 118.5
0 1 24.667965897488834 12.172060798280182 108.5
1 0 -59.86021985482078 -44.428092314121876 -117.5
1 1 -56.306691167554206 -42.04864362534534 -108.0
469
-------------------New----------------
0 0 -118.5729867330363 -11.828897378178699 118.5
0 1 -118.6922071103808 -6.203189161688147 108.5
1 0 -121.80430932928682 120.76757112070331 -117.5
1 1 -121.66787468053869 115.42303426401165 -108.0
477
-------------------New----------------
0 0 -46.06267536619849 -92.16575022613458 118.5
0 1 -45.29601872444074 -93.18267678373991 108.5
1 0 -27.977938831084295 -116.18185328433037 -117.5
1 1 -28.704756413472087 -115.2148251879465 -108.0
483
-------------------New----------------
0 0 81.41052288521733 -0.6482490660699023 118.5
0 1 82.80004975792109 -0.5016803505936613 108.5
1 0 114.1931939604297 2.773756975466968 -117.5
1 1 112.87621836653643 2.6371504626457787 -108.0
488
-------------------New----------------
0 0 63.184531914554796 -27.465539605075747 118.5
0 1 63.30712751784389 -29.729850408469883 108.5
1 0 66.0801868254469 -80.79281460061421 -117.5
1 1 65.96297153575985 -78.65090535803945 -108.0
495
-------------------New----------------
0 0 13.335147678840858 -61.64549343211348 118.5
0 1 12.481142325848916 -59.126872090970174 108.5
1 0 -6.8193812045495985 -2.202599154256201 -117.5
1 1 -6.008188017367686 -4.595558325641571 -108.0
511
-------------------New----------------
0 0 -20.45082236462779 -27.65220120575209 118.5
0 1 -18.836962443729682 -27.4696989195998 108.5
1 0 17.857778672764013 -23.398740974868517 -117.5
1 1 16.311484747481718 -23.571097612906634 -108.0
523
-------------------New----------------
0 0 -78.23349113071222 74.5071768912605 118.5
0 1 -78.186968499877 75.77785234331736 108.5
1 0 -77.11326999602355 104.38589635175565 -117.5
1 1 -77.16266714860097 103.18649440937392 -108.0
529
-------------------New----------------
0 0 9.624182925335049 65.77825789785388 118.5
0 1 8.71133021689268 61.96003032419594 108.5
1 0 -11.956603396970568 -24.356275664054472 -117.5
1 1 -11.086996551304694 -20.729155269604895 -108.0
531
-------------------New----------------
0 0 34.29138050356737 -61.74552318579448 118.5
0 1 31.611802768653014 -60.360492157065536 108.5
1 0 -28.89978279323019 -28.927091983318213 -117.5
1 1 -26.353454990239037 -30.26406378115509 -108.0
540
-------------------New----------------
0 0 -81.28666201323459 33.41232714184957 118.5
0 1 -78.60288350546321 33.256962468937786 108.5
1 0 -17.95336613072942 29.66201704254028 -117.5
1 1 -20.50196604130819 29.81478147042612 -108.0
542
-------------------New----------------
0 0 29.194778581521927 70.58152471757467 118.5
0 1 28.128431307717847 71.20798629531436 108.5
1 0 4.044262237917715 85.35352371106983 -117.5
1 1 5.057773748433687 84.76218487992872 -108.0
544
-------------------New----------------
0 0 83.15002496173064 -11.872114843324537 118.5
0 1 81.84593423289176 -16.569971215184236 108.5
1 0 52.33379990870933 -122.76939416692089 -117.5
1 1 53.57442067854426 -118.30441282168411 -108.0
545
-------------------New----------------
0 0 -13.496914335648807 -14.067613775663062 118.5
0 1 -8.952129502408788 -11.938139006613113 108.5
1 0 93.76759172129094 36.21583734914638 -117.5
1 1 89.44954167438006 34.19090687228355 -108.0
555
-------------------New----------------
0 0 100.17214817521157 14.71562485107108 118.5
0 1 99.0096395277224 16.623093858167913 108.5
1 0 72.90624461266529 59.7810714003139 -117.5
1 1 73.99490798396806 57.9637115609799 -108.0
556
-------------------New----------------
0 0 104.3256855051455 64.60089296280165 118.5
0 1 103.05358434173597 64.37815883634568 108.5
1 0 74.27851399550978 59.341497309724026 -117.5
1 1 75.48936407496734 59.55336007000235 -108.0
560
-------------------New----------------
0 0 19.791708475814197 -73.20244475575274 118.5
0 1 16.562920414026905 -74.03943201207221 108.5
1 0 -56.43648254472451 -93.0013536878129 -117.5
1 1 -53.363575348878086 -92.20522579333262 -108.0
565
-------------------New----------------
0 0 -45.96750670040301 58.52264498080143 118.5
0 1 -42.975507518309925 56.94614316625179 108.5
1 0 24.638250414675326 21.325314232759755 -117.5
1 1 21.796460461473657 22.8222088253083 -108.0
570
-------------------New----------------
0 0 -11.53405416491691 40.32717007146568 118.5
0 1 -12.918768603535984 37.31345909260274 108.5
1 0 -50.327535643117805 -27.816442231896456 -117.5
1 1 -48.49751808008332 -25.199493954835052 -108.0
575
-------------------New----------------
0 0 60.36093156668788 9.025565661879865 118.5
0 1 56.386476296690795 6.583643966773117 108.5
1 0 -33.436230214234 -48.50606873970035 -117.5
1 1 -29.658330336070463 -46.192231953456066 -108.0
589
-------------------New----------------
0 0 -35.276570377030524 -15.667860737735746 118.5
0 1 -36.466579929522034 -14.619877316572133 108.5
1 0 -63.546087615164595 9.191559102376782 -117.5
1 1 -62.41113648921365 8.186308842384992 -108.0
595
-------------------New----------------
0 0 -5.563383809866851 58.746709931955095 118.5
0 1 -4.461030594507941 56.26142679516364 108.5
1 0 20.3516052458256 0.11931809731975909 -117.5
1 1 19.293359744195566 2.500068169140415 -108.0
596
-------------------New----------------
0 0 -49.2389919534525 -48.258714585696666 118.5
0 1 -46.90703826277796 -48.68869312661448 108.5
1 0 5.80432147809896 -58.38257803162221 -117.5
1 1 3.5885469723674093 -57.975787649868 -108.0
597
-------------------New----------------
0 0 -43.04780258925585 -30.761244501077492 118.5
0 1 -39.726383025678714 -32.126836455441904 108.5
1 0 35.44674714630629 -62.9529623740954 -117.5
1 1 32.27918499985391 -61.65811463243739 -108.0
609
-------------------New----------------
0 0 51.34383815648564 -15.909804707671583 118.5
0 1 52.28950050640668 -14.04928967895286 108.5
1 0 73.72519609175708 28.001204690349805 -117.5
1 1 72.82298753569943 26.23556824600065 -108.0
617
-------------------New----------------
0 0 -39.97811436437077 -14.712503631232508 118.5
0 1 -37.52717180330542 -18.755061712937152 108.5
1 0 17.881087463102226 -110.146854806675 -117.5
1 1 15.55347365517478 -106.30449509397204 -108.0
618
-------------------New----------------
0 0 -23.99635611296005 -108.69923303947141 118.5
0 1 -21.507204343536745 -108.01164194910923 108.5
1 0 34.786091166020384 -92.42227984005665 -117.5
1 1 32.41957181198042 -93.0816208947733 -108.0
620
-------------------New----------------
0 0 -24.99994689814795 37.19461385527982 118.5
0 1 -18.817189942089225 37.00206156273436 108.5
1 0 120.90582302189281 32.63276734939066 -117.5
1 1 115.03229129529817 32.815970462806504 -108.0
621
-------------------New----------------
0 0 91.47406067836732 -88.75053567373706 118.5
0 1 89.33112892853117 -89.83325533567351 108.5
1 0 40.92079362687483 -114.30419898194032 -117.5
1 1 42.95540417279643 -113.27609632057553 -108.0
624
-------------------New----------------
0 0 -97.13216717224424 -35.147887081812875 118.5
0 1 -98.25581034708952 -34.42429276720922 108.5
1 0 -123.66446748686909 -18.074742763136218 -117.5
1 1 -122.59720775373395 -18.761605398534478 -108.0
630
-------------------New----------------
0 0 6.131328220603734 -35.189265455826494 118.5
0 1 8.712295962250076 -34.308169853690856 108.5
1 0 67.11912121068278 -14.324162735401549 -117.5
1 1 64.66260557810429 -15.164429495943285 -108.0
640
-------------------New----------------
0 0 69.13179494342742 -69.16327976012903 118.5
0 1 67.05821264209678 -70.72431938920761 108.5
1 0 20.226915375795063 -105.99651583597479 -117.5
1 1 22.195287662884148 -104.51401291606471 -108.0
647
-------------------New----------------
0 0 30.081710025319175 -41.22296355614667 118.5
0 1 27.85776597771856 -35.79892209172546 108.5
1 0 -22.40512103352261 86.77452021276959 -117.5
1 1 -20.292081646125116 81.62228533348612 -108.0
654
-------------------New----------------
0 0 17.69733203604652 7.644399596649118 118.5
0 1 17.101143470751992 10.631501680564151 108.5
1 0 3.4755513030205756 78.06492881332012 -117.5
1 1 4.064831237375405 75.23217015944917 -108.0
658
-------------------New----------------
0 0 -77.42890734781724 -63.96096947165635 118.5
0 1 -74.20298698557558 -64.26642257139231 108.5
1 0 -1.4714342930783004 -71.28727438158316 -117.5
1 1 -4.533163928726833 -70.98294538815314 -108.0
673
-------------------New----------------
0 0 -20.870203664547407 91.40442912853229 118.5
0 1 -20.716483928516585 92.2765783865668 108.5
1 0 -17.242686792322893 112.01694177953807 -117.5
1 1 -17.388789676453026 111.18759971935256 -108.0
675
-------------------New----------------
0 0 28.78998212430556 -76.11085686567824 118.5
0 1 22.801897029253528 -76.288648472007 108.5
1 0 -114.64235167777292 -81.6718519979922 -117.5
1 1 -108.84030633300333 -81.44644541881618 -108.0
681
-------------------New----------------
0 0 102.87730607714926 41.480873961429054 118.5
0 1 102.83423087089889 39.783055285893525 108.5
1 0 101.87151847321282 1.3719452304626807 -117.5
1 1 101.91145496915286 2.9858630605821377 -108.0
688
-------------------New----------------
0 0 100.67887892301658 61.54125082250662 118.5
0 1 101.52386262311035 58.54868485286447 108.5
1 0 120.52366161779533 -8.991724272990819 -117.5
1 1 119.73073629280925 -6.149598605756265 -108.0
703
-------------------New----------------
0 0 39.79038975178922 -99.99621192330476 118.5
0 1 38.79078159133982 -101.02676199404439 108.5
1 0 16.198482737657685 -124.31660193574055 -117.5
1 1 17.148177464127667 -123.33760267783858 -108.0
716
-------------------New----------------
0 0 -4.655383724168496 -52.373439773890915 118.5
0 1 -4.375493851613934 -53.17244724662801 108.5
1 0 1.9628801343946933 -71.25700231535112 -117.5
1 1 1.6949805232687307 -70.49554138192269 -108.0
721
-------------------New----------------
0 0 72.15299040812691 18.165943478320187 118.5
0 1 72.38554382459898 21.04956030417502 108.5
1 0 77.66804982050135 86.18763097096931 -117.5
1 1 77.4437651396785 83.4471917027025 -108.0
722
-------------------New----------------
0 0 -102.49329859519568 -116.65457567472404 118.5
0 1 -102.63021154141454 -116.47424449369382 108.5
1 0 -105.72939146909607 -112.4143550632605 -117.5
1 1 -105.59862111569404 -112.58501553599395 -108.0
723
-------------------New----------------
0 0 73.4926770378522 -80.01961240562397 118.5
0 1 75.73649626049448 -81.37650297986994 108.5
1 0 126.40975642523145 -112.04636452741678 -117.5
1 1 124.28423107361013 -110.75773783026516 -108.0
724
-------------------New----------------
0 0 -57.78502821021716 22.25478357571314 118.5
0 1 -60.25553528880653 24.10167874872801 108.5
1 0 -116.07173718086771 65.86597957557998 -117.5
1 1 -113.72548652877029 64.10826600098878 -108.0
732
-------------------New----------------
0 0 108.81257951579103 -12.6152776903527 118.5
0 1 108.72039883416528 -13.102513216125681 108.5
1 0 106.62769553919267 -24.12155345918975 -117.5
1 1 106.71629987043359 -23.659049002012164 -108.0
737
-------------------New----------------
0 0 56.89665994430137 -43.75414449752297 118.5
0 1 59.43894252245413 -43.51121642032733 108.5
1 0 116.91060258989171 -38.018745324273496 -117.5
1 1 114.49476633394806 -38.249467393910756 -108.0
738
-------------------New----------------
0 0 96.12254870144342 -29.010740041694913 118.5
0 1 95.61654983782005 -31.314061232737593 108.5
1 0 84.16108932126136 -83.38417455203762 -117.5
1 1 84.64289797429959 -81.19472431544439 -108.0
750
-------------------New----------------
0 0 95.96072070950031 15.297673799793312 118.5
0 1 94.74720672798523 12.627263746383662 108.5
1 0 67.25132002147 -47.660990744010334 -117.5
1 1 68.40952974867693 -45.130060499562966 -108.0
754
-------------------New----------------
0 0 52.80423510187744 -17.74498279121331 118.5
0 1 54.48329153501144 -13.66011940830102 108.5
1 0 92.40484593653765 78.6584312356909 -117.5
1 1 90.81134742667301 74.77789921365357 -108.0
755
-------------------New----------------
0 0 -89.45628077910094 -12.968057466711574 118.5
0 1 -90.34929280375229 -17.123240191755503 108.5
1 0 -110.53093454723341 -110.94718687818988 -117.5
1 1 -109.68224190736964 -107.00504059134732 -108.0
758
-------------------New----------------
0 0 94.08909794567123 -45.658780163408665 118.5
0 1 95.35528980054993 -40.84016769541852 108.5
1 0 124.02669800470787 68.16207914856611 -117.5
1 1 122.81865564831298 63.58241995292931 -108.0
763
-------------------New----------------
0 0 11.155158624432113 -42.85895456146954 118.5
0 1 12.998113918946633 -44.118831201647005 108.5
1 0 54.66311070601175 -72.59738103089522 -117.5
1 1 52.91278663765519 -71.39996208304908 -108.0
765
-------------------New----------------
0 0 87.85987643453686 -37.90475575301152 118.5
0 1 88.27524714196537 -40.43192664430159 108.5
1 0 97.59936566775836 -97.50520209400752 -117.5
1 1 97.20826186636918 -95.10912496462525 -108.0
767
-------------------New----------------
0 0 -107.89734296142805 30.02298599894574 118.5
0 1 -107.8580506684292 26.951069351806005 108.5
1 0 -106.98970936262556 -42.5651892188924 -117.5
1 1 -107.02657186404687 -39.64300524338746 -108.0
768
-------------------New----------------
0 0 -1.43268394256397 20.499679938122295 118.5
0 1 -4.769505199819579 17.038483744058063 108.5
1 0 -80.30108077087098 -61.14393059102758 -117.5
1 1 -77.12319108181165 -57.85611084429079 -108.0
770
-------------------New----------------
0 0 -63.70630544342386 -36.455074746934436 118.5
0 1 -61.302020308731436 -34.818509841881074 108.5
1 0 -7.683525382774333 1.8950409356627582 -117.5
1 1 -9.925090206079583 0.35408808041290063 -108.0
774
-------------------New----------------
0 0 -96.14242068123121 -83.57582190105214 118.5
0 1 -97.3934150207974 -82.58312107794316 108.5
1 0 -125.66341082382785 -60.14650704633171 -117.5
1 1 -124.47515382910574 -61.089518012890245 -108.0
775
-------------------New----------------
0 0 -18.81919316935369 25.114815686612364 118.5
0 1 -19.749461224886062 19.30857028277469 108.5
1 0 -40.776022705300335 -111.88384105521227 -117.5
1 1 -39.89403249717806 -106.36986764038394 -108.0
778
-------------------New----------------
0 0 -88.98670938444886 34.108892503709015 118.5
0 1 -90.33830998013885 37.22634505818773 108.5
1 0 -120.97574661169305 107.77852347618045 -117.5
1 1 -119.68215492849103 104.81675846020308 -108.0
817
-------------------New----------------
0 0 -62.62992156415785 8.791782180482528 118.5
0 1 -62.31184998356402 11.139993589908238 108.5
1 0 -55.123390326243864 64.20959996354705 -117.5
1 1 -55.42554592432221 61.9787824922188 -108.0
818
-------------------New----------------
0 0 10.845925016989927 -33.55016643876168 118.5
0 1 8.627478542235007 -34.19568471526324 108.5
1 0 -41.517845393643924 -48.08868276571207 -117.5
1 1 -39.411015821366604 -47.51893628536803 -108.0
827
-------------------New----------------
0 0 -86.81470417044014 -68.00214159657055 118.5
0 1 -88.15808870129436 -66.48396815407827 108.5
1 0 -118.44663218325805 -32.118743236323674 -117.5
1 1 -117.17293709610044 -33.56593193396028 -108.0
830
-------------------New----------------
0 0 4.481945876239003 61.15936719330131 118.5
0 1 4.353184905995113 62.98951043584517 108.5
1 0 1.4261877176432565 104.37132996767454 -117.5
1 1 1.5482485796332714 102.63522467861239 -108.0
835
-------------------New----------------
0 0 77.35681067748489 8.732151450669917 118.5
0 1 75.8508914175425 12.737855229983115 108.5
1 0 41.83154529895058 103.2832234304966 -117.5
1 1 43.25939497510455 99.47760597769047 -108.0
855
-------------------New----------------
0 0 -79.63974614709949 -38.04085353253078 118.5
0 1 -78.6791236704924 -36.16760397105059 108.5
1 0 -57.00703407928546 5.959364486219896 -117.5
1 1 -57.90673019257855 4.195317621401332 -108.0
856
-------------------New----------------
0 0 -67.14566040062154 113.78331073509469 118.5
0 1 -66.43781306091458 114.2936853268762 108.5
1 0 -50.415270566619874 125.80546901610185 -117.5
1 1 -51.08937368265393 125.32101305360808 -108.0
861
-------------------New----------------
0 0 -71.7604208967642 -49.775324622648085 118.5
0 1 -72.9226480532341 -49.104090994919645 108.5
1 0 -99.1918040264721 -33.92172988918112 -117.5
1 1 -98.08749015542595 -34.55997994420831 -108.0
869
-------------------New----------------
0 0 9.935194212319152 -82.5249599126403 118.5
0 1 4.91407943437771 -79.56939244751398 108.5
1 0 -108.67136086132192 -12.864781726683603 -117.5
1 1 -103.89673498619179 -15.672868195819763 -108.0
875
-------------------New----------------
0 0 -87.26627921329228 20.533997116158602 118.5
0 1 -86.61250243179121 20.506927842741113 108.5
1 0 -71.74069838735727 19.916042090693843 -117.5
1 1 -72.36704760248652 19.938664297593895 -108.0
883
-------------------New----------------
0 0 77.44057876956686 36.03832029653823 118.5
0 1 79.04913960633864 36.46302808913614 108.5
1 0 115.47382477658107 46.09782001623177 -117.5
1 1 113.9418613489471 45.69340745581119 -108.0
885
-------------------New----------------
0 0 -23.486962509858124 39.18340831927499 118.5
0 1 -24.022237154555633 37.551800226976084 108.5
1 0 -36.26727013991392 0.7412485933926882 -117.5
1 1 -35.74370242660078 2.2887220358210403 -108.0
893
-------------------New----------------
0 0 70.66210046251179 62.234503466070194 118.5
0 1 71.68285800933978 58.90400407864833 108.5
1 0 94.75525289046284 -16.395866840446867 -117.5
1 1 93.7849260770097 -13.231186875777894 -108.0
898
-------------------New----------------
0 0 49.740530393179306 -40.4925345868634 118.5
0 1 47.69629825095636 -39.38821929747901 108.5
1 0 1.8828580354468847 -14.489397126207702 -117.5
1 1 3.8044765939662666 -15.534361855414499 -108.0
902
-------------------New----------------
0 0 -70.35788081629175 -31.457051228428032 118.5
0 1 -66.78073012929543 -32.40139950848466 108.5
1 0 14.059128170815239 -53.84266673010012 -117.5
1 1 10.65861302790292 -52.937575465276765 -108.0
910
-------------------New----------------
0 0 3.2495508801383233 40.2494486291587 118.5
0 1 6.304440276132336 35.454454788664385 108.5
1 0 75.33956703801093 -72.90884501555858 -117.5
1 1 72.43769014404553 -68.3536874075759 -108.0
913
-------------------New----------------
0 0 -90.97649839149038 33.288724529412306 118.5
0 1 -89.31691842656456 32.00130784395016 108.5
1 0 -51.79609138159621 2.9335830324182774 -117.5
1 1 -53.37411399432209 4.155109329224485 -108.0
916
-------------------New----------------
0 0 11.801445396489902 -15.201044252353634 118.5
0 1 14.226076139330894 -10.888710274180681 108.5
1 0 69.00622058350123 86.57167607651294 -117.5
1 1 66.7041252592442 82.47549393146626 -108.0
922
-------------------New----------------
0 0 33.07139721407659 -22.195721252061684 118.5
0 1 32.997753423791124 -26.151227268613432 108.5
1 0 31.320517975403 -115.54294738080742 -117.5
1 1 31.392131041672222 -111.78555915585555 -108.0
929
-------------------New----------------
0 0 1.4979416845475388 4.429742574113714 118.5
0 1 1.970161275753291 1.101801549484088 108.5
1 0 12.665863275780994 -74.12177936963967 -117.5
1 1 12.217285360822016 -70.96066038998242 -108.0
935
-------------------New----------------
0 0 83.91329096073476 65.10683220514929 118.5
0 1 83.90791611324512 63.362652798014516 108.5
1 0 83.78571199577848 23.903120487430385 -117.5
1 1 83.7925800263099 25.561297337820516 -108.0
936
-------------------New----------------
0 0 -109.89863370186632 68.73751595300682 118.5
0 1 -110.63007508399699 69.4579128403638 108.5
1 0 -127.21558739066161 85.74419408013615 -117.5
1 1 -126.51726828970008 85.0584341788748 -108.0
939
-------------------New----------------
0 0 89.534614595949 6.665083977133399 118.5
0 1 86.9074968939831 2.4422404229254484 108.5
1 0 27.540017643106438 -92.9828492133505 -117.5
1 1 30.03516792274028 -88.97244808129577 -108.0
941
-------------------New----------------
0 0 37.0343076452543 -73.84571908251502 118.5
0 1 36.51763356900362 -70.61397383463466 108.5
1 0 24.81316506237257 2.3841167080676793 -117.5
1 1 25.30747677608076 -0.6827242624829651 -108.0
943
-------------------New----------------
0 0 56.96866749593793 -50.96221430917177 118.5
0 1 54.7262231625676 -48.7347736550974 108.5
1 0 3.1306002748111403 0.9799603281982245 -117.5
1 1 5.3521723523666385 -1.0948807665316749 -108.0
949
-------------------New----------------
0 0 9.873654880135899 -83.56813753195829 118.5
0 1 12.602839617372656 -82.69730726179773 108.5
1 0 74.35062050190975 -63.01307205499978 -117.5
1 1 71.75001400858457 -63.84115813495647 -108.0
958
-------------------New----------------
0 0 38.1255849893862 -91.3952467651916 118.5
0 1 34.76005166465068 -91.34732340941403 108.5
1 0 -41.168521929764495 -90.25736850469157 -117.5
1 1 -37.98171286402053 -90.30149250170066 -108.0
959
-------------------New----------------
0 0 72.08266260270038 -5.448424263453717 118.5
0 1 74.28662177922979 -3.8625822932739213 108.5
1 0 124.1045347589716 31.96178651929718 -117.5
1 1 122.01049504455102 30.45643971782253 -108.0
964
-------------------New----------------
0 0 -104.69824183895574 22.583801901009576 118.5
0 1 -104.38392957847107 18.946977900587388 108.5
1 0 -97.2483997252805 -63.18785731545212 -117.5
1 1 -97.54747197884078 -59.73686435304427 -108.0
968
-------------------New----------------
0 0 -25.4194318101524 94.41599453449741 118.5
0 1 -21.261900401430502 95.69483443192718 108.5
1 0 72.69174817288103 124.59143997502069 -117.5
1 1 68.74238690977184 123.37680757368169 -108.0
970
-------------------New----------------
0 0 -20.390451392059287 58.90800214837784 118.5
0 1 -15.947337837782632 60.777547847859054 108.5
1 0 85.21070346649807 103.25376491903728 -117.5
1 1 80.94908805689815 101.49285430030561 -108.0
975
-------------------New----------------
0 0 25.02884111979507 -1.6286814558648217 118.5
0 1 27.034234482033263 0.5700518428102666 108.5
1 0 72.20516281876716 50.181471172628214 -117.5
1 1 70.30989238457823 48.09792872145395 -108.0
979
-------------------New----------------
0 0 77.91107973978043 32.66726847053948 118.5
0 1 75.25512930429636 30.772280970922953 108.5
1 0 15.22265686543335 -12.106462707001338 -117.5
1 1 17.744241116773527 -10.302500895841629 -108.0
985
-------------------New----------------
0 0 -13.938712848817605 3.2766388795095316 118.5
0 1 -17.94019029853188 -0.9948105865910872 108.5
1 0 -108.41024709241626 -97.95352907252372 -117.5
1 1 -104.56757511397252 -93.6024297836735 -108.0
992
-------------------New----------------
0 0 -77.29768852832963 77.7767831677212 118.5
0 1 -75.74607416937836 75.34198396436655 108.5
1 0 -40.72204768873089 20.604175433646123 -117.5
1 1 -42.19715314942042 22.907951215172172 -108.0
994
-------------------New----------------
0 0 -55.03777507261522 -0.5274759607695685 118.5
0 1 -54.33015302254914 1.897698822708924 108.5
1 0 -38.339171750159444 56.7000931807349 -117.5
1 1 -39.01358487735095 54.397278786891 -108.0
1000
-------------------New----------------
0 0 42.937285931147315 34.04785359937212 118.5
0 1 40.12409290163004 28.754032229212537 108.5
1 0 -23.454195746080742 -90.88209533875609 -117.5
1 1 -20.781709189396565 -85.85306109982439 -108.0
1005
-------------------New----------------
0 0 -81.94818456826887 43.619922050757786 118.5
0 1 -78.7130051047057 39.40255753981453 108.5
1 0 -5.736785811426229 -55.774334037114954 -117.5
1 1 -8.80180697880199 -51.77441701117964 -108.0
1009
-------------------New----------------
0 0 -50.21860847358918 30.907774394787015 118.5
0 1 -44.811389236988575 27.752196231714116 108.5
1 0 77.38046948775927 -43.550662141632685 -117.5
1 1 72.2446623229462 -40.55482150463698 -108.0
1023
-------------------New----------------
0 0 -18.846807864712893 73.67200731780893 118.5
0 1 -18.62866984241432 70.72475382699736 108.5
1 0 -13.568739232440842 4.318990915093183 -117.5
1 1 -13.78371564088782 7.095353147654268 -108.0
1031
-------------------New----------------
0 0 81.68361420114208 -24.101637294433043 118.5
0 1 79.55437268996155 -23.477379772843598 108.5
1 0 31.40967314685492 -9.370914935839327 -117.5
1 1 33.429700763195754 -9.96441407707469 -108.0
1047
-------------------New----------------
0 0 80.26407291719414 -93.66419468477491 118.5
0 1 78.50528323777789 -93.54182694075574 108.5
1 0 38.78614756760645 -90.77857135639097 -117.5
1 1 40.45483819022007 -90.89458529044227 -108.0
1050
-------------------New----------------
0 0 29.138084291927054 -28.36230411549958 118.5
0 1 25.540151596149855 -27.429098408075333 108.5
1 0 -55.52492518492555 -6.266484161204132 -117.5
1 1 -52.13291670188109 -7.163439804738614 -108.0
1061
-------------------New----------------
0 0 4.298411680635743 -120.58005839211964 118.5
0 1 2.566428222990632 -120.62398432609129 108.5
1 0 -36.57279782638561 -121.61438617705078 -117.5
1 1 -34.92738361911731 -121.57278390639894 -108.0
1065
-------------------New----------------
0 0 -70.52118667580496 -3.4678671403528147 118.5
0 1 -68.89244990823975 1.2650625377205973 108.5
1 0 -32.036578400729915 107.68807529232751 -117.5
1 1 -33.5880246998192 103.16942030589598 -108.0
1067
-------------------New----------------
0 0 -105.26363348022589 -3.261218431070111 118.5
0 1 -108.39880174237081 -11.094879108500162 108.5
1 0 -69.67357855396851 126.86803638949678 -117.5
1 1 -67.50541013730519 126.62163346948861 -108.0
1073
-------------------New----------------
0 0 -50.699801070974296 94.17985738338399 118.5
0 1 -45.22832240597413 92.96615262340296 108.5
1 0 78.43435529113161 65.53931462908652 -117.5
1 1 73.23596147905562 66.69182979077075 -108.0
1074
-------------------New----------------
0 0 55.46254584317097 -64.71005936504517 118.5
0 1 53.2717198429479 -67.31611248031183 108.5
1 0 3.751451806338281 -126.21181458811904 -117.5
1 1 5.833644261767416 -123.73617702163442 -108.0
1079
-------------------New----------------
0 0 -1.8508064964871536 27.10299349825659 118.5
0 1 -6.795014332208512 21.793911625920224 108.5
1 0 -118.4972517537391 -98.2414359416009 -117.5
1 1 -113.80159805687734 -93.19476040920163 -108.0
1092
-------------------New----------------
0 0 -38.43871458049348 -42.544794933895716 118.5
0 1 -40.41283846802589 -42.828841771458855 108.5
1 0 -85.00444386850174 -49.316172243072344 -117.5
1 1 -83.13327278324381 -49.04308412080784 -108.0
1111
-------------------New----------------
0 0 88.99957518600141 4.26520872884162 118.5
0 1 86.29401447583015 2.470352415399478 108.5
1 0 25.224620969887404 -38.02107267389387 -117.5
1 1 27.793497575657234 -36.31576906375012 -108.0
1116
-------------------New----------------
0 0 113.02360502267148 42.05543428748443 118.5
0 1 113.65171222229301 36.73386058521066 108.5
1 0 127.86146969947906 -83.56131118999988 -117.5
1 1 127.262600266975 -78.5033765094073 -108.0
1118
-------------------New----------------
0 0 62.54222909036596 -47.561144524384105 118.5
0 1 60.10081999292659 -47.675707555011286 108.5
1 0 4.939436324358022 -50.26648309222869 -117.5
1 1 7.256351941484354 -50.15826402154042 -108.0
1120
-------------------New----------------
0 0 15.198456679306181 92.38362049098188 118.5
0 1 14.071667331019338 89.9079529472377 108.5
1 0 -11.241734572192623 34.064732406178905 -117.5
1 1 -10.165115657855022 36.395248730198134 -108.0
1124
-------------------New----------------
0 0 67.98955887973706 83.18240475287726 118.5
0 1 68.1462405447163 83.1991811227615 108.5
1 0 71.65623843613874 83.60494888667975 -117.5
1 1 71.51474107396714 83.5868733675684 -108.0
1132
-------------------New----------------
0 0 -52.41836043993023 -80.3208333827953 118.5
0 1 -53.518864478826586 -77.90747134984143 108.5
1 0 -78.38978315341319 -23.35574625126623 -117.5
1 1 -77.34419108577232 -25.6500306907712 -108.0
1138
-------------------New----------------
0 0 -37.71370473912149 53.74459627299048 118.5
0 1 -32.639154058783696 51.51514053296008 108.5
1 0 82.04396290987403 1.117505416327066 -117.5
1 1 77.22359501681917 3.235740625830933 -108.0
1140
-------------------New----------------
0 0 35.96538902330097 18.00759695741174 118.5
0 1 38.78972904376207 20.564304951129706 108.5
1 0 102.62221049740765 78.34855734688189 -117.5
1 1 99.9392608370903 75.91884595513059 -108.0
1141
-------------------New----------------
0 0 -55.11452238546055 -58.08894936308032 118.5
0 1 -54.75006105787187 -58.93321866277057 108.5
1 0 -46.430906925773996 -77.91520482213245 -117.5
1 1 -46.79140657086084 -77.11670945270525 -108.0
1144
-------------------New----------------
0 0 -32.9907517499318 69.55578045458269 118.5
0 1 -33.89087351984682 69.77371013179506 108.5
1 0 -54.3162302152691 74.76559433257906 -117.5
1 1 -53.45734239191372 74.55550504115742 -108.0
1151
-------------------New----------------
0 0 -38.52008163087702 82.9575205611976 118.5
0 1 -39.92341823514695 80.58326080407308 108.5
1 0 -71.45344369889271 27.00767259694125 -117.5
1 1 -70.13743975290978 29.24717204728135 -108.0
1161
-------------------New----------------
0 0 -5.066089696121507 23.32402914944641 118.5
0 1 -3.2212710412865007 26.873085452855236 108.5
1 0 38.54231493938643 106.78228248424962 -117.5
1 1 36.78875481581213 103.43105494733388 -108.0
1167
-------------------New----------------
0 0 -14.910820709655422 -19.784228603643648 118.5
0 1 -12.48192715404662 -16.59661266896937 108.5
1 0 42.420177270826606 55.46696342712424 -117.5
1 1 40.11113594251326 52.433416812558264 -108.0
1168
-------------------New----------------
0 0 -105.05190493683247 17.56655391949046 118.5
0 1 -104.98825955070852 17.42490594652967 108.5
1 0 -103.57987071776094 14.205521923525037 -117.5
1 1 -103.63933041900728 14.340038020625013 -108.0
1169
-------------------New----------------
0 0 12.708894816356786 48.19963061795256 118.5
0 1 9.031768866422604 46.19007440434645 108.5
1 0 -73.49951554184607 -0.39214762358190375 -117.5
1 1 -70.06691685825713 1.592136350236386 -108.0
1191
-------------------New----------------
0 0 43.5148128755733 96.2754507414356 118.5
0 1 45.76580827470859 94.62976656159904 108.5
1 0 96.53944175246528 57.68072269421383 -117.5
1 1 94.40380255801637 59.233238959564304 -108.0
1192
-------------------New----------------
0 0 95.11904412558292 -27.479516562057466 118.5
0 1 96.49824261268193 -29.167419862804014 108.5
1 0 127.72776771491331 -67.39204552747792 -117.5
1 1 126.4144220153313 -65.7853841551491 -108.0
1194
-------------------New----------------
0 0 -79.9073421168357 -56.207012177388116 118.5
0 1 -77.36359111541583 -58.024889023295906 108.5
1 0 -19.88693712776149 -99.11897238510215 -117.5
1 1 -22.30264386043949 -97.39164093932136 -108.0
1209
-------------------New----------------
0 0 25.871986919235788 -8.272045852206114 118.5
0 1 26.159639860697713 -9.507067651798017 108.5
1 0 32.62857684472593 -37.48450588003789 -117.5
1 1 32.35727788170883 -36.30976294846875 -108.0
1215
-------------------New----------------
0 0 31.603558113183986 -95.87957636482886 118.5
0 1 27.908087865445413 -93.72438817493139 108.5
1 0 -55.60835747155661 -45.01274994940432 -117.5
1 1 -52.09762747389631 -47.06027864867038 -108.0
1216
-------------------New----------------
0 0 -35.25073868033685 -22.436807782699535 118.5
0 1 -34.65726169228908 -22.739525477522832 108.5
1 0 -21.243340551918426 -29.577042951346204 -117.5
1 1 -21.806494359477462 -29.289266952120535 -108.0
1220
-------------------New----------------
0 0 75.03421823371028 -102.12108466609871 118.5
0 1 75.47334336395826 -102.62066776820775 108.5
1 0 85.3016666589846 -113.8602531782711 -117.5
1 1 84.89125862699875 -113.3852387200725 -108.0
1221
-------------------New----------------
0 0 -56.597527165403775 14.62378085493486 118.5
0 1 -59.542800443318626 11.911884947736738 108.5
1 0 -126.23000785764604 -49.34732399102738 -117.5
1 1 -123.42762701794534 -46.762896572908694 -108.0
1223
-------------------New----------------
0 0 -42.99191313855414 -69.24144191226864 118.5
0 1 -41.300502342886446 -68.83307215218981 108.5
1 0 -3.0657538178925874 -59.71123807203344 -117.5
1 1 -4.674020653617433 -60.09292229293203 -108.0
1230
-------------------New----------------
0 0 13.331254487700992 -14.557406625326564 118.5
0 1 11.709515988544624 -16.161608699883722 108.5
1 0 -24.898794357168562 -52.55566362666347 -117.5
1 1 -23.360751417291215 -51.024924009382026 -108.0
1231
-------------------New----------------
0 0 -46.76898851024343 47.18152323449224 118.5
0 1 -44.31839718356631 50.354220541127496 108.5
1 0 11.072708025510673 122.18294995728407 -117.5
1 1 8.741643180466083 119.1584769717424 -108.0
1235
-------------------New----------------
0 0 -86.58416261166185 -6.693943692462696 118.5
0 1 -83.85481310218441 -4.416945681611475 108.5
1 0 -22.23103709309429 47.0594670350279 -117.5
1 1 -24.823939484286498 44.89494311004644 -108.0
1242
-------------------New----------------
0 0 43.169079327987056 -39.78207328782263 118.5
0 1 45.25380813438571 -35.40829148593186 108.5
1 0 92.2880055034332 63.2074432895446 -117.5
1 1 90.3152998229842 59.062564260438705 -108.0
1245
-------------------New----------------
0 0 0.3006304182219182 -56.56772257386452 118.5
0 1 4.76057564463848 -56.88272622907719 108.5
1 0 105.54013758274212 -64.01581023970432 -117.5
1 1 101.30382209356847 -63.71555027805133 -108.0
1250
-------------------New----------------
0 0 -2.167387923761386 33.39341958479407 118.5
0 1 1.1837134967533953 37.246880187318155 108.5
1 0 76.94382225487797 124.32646561134354 -117.5
1 1 73.7587950470208 120.6670834605995 -108.0
1251
-------------------New----------------
0 0 44.528848673772075 -42.91227239683205 118.5
0 1 47.788648381037845 -40.682065776957856 108.5
1 0 121.59514385237988 9.72825246191519 -117.5
1 1 118.47950562812059 7.612472889112738 -108.0
1255
-------------------New----------------
0 0 39.720327936989136 60.611022049136274 118.5
0 1 40.60410143973848 62.77151070938004 108.5
1 0 60.886448541146216 111.76341618474626 -117.5
1 1 60.03836632487669 109.70936261744384 -108.0
1258
-------------------New----------------
0 0 -9.22616497966084 -3.4263800925466805 118.5
0 1 -10.199268827343841 -3.63964565914437 108.5
1 0 -32.189435481314646 -8.347620122344084 -117.5
1 1 -31.26560843685478 -8.153196959584339 -108.0
1265
-------------------New----------------
0 0 42.42618083441004 34.132467500733114 118.5
0 1 41.21095960313179 36.991101685324125 108.5
1 0 13.78003856818619 101.66511879724364 -117.5
1 1 14.913399068769852 98.95316073717302 -108.0
1266
-------------------New----------------
0 0 12.137956422700196 28.441860409629207 118.5
0 1 13.780461122921048 22.780171091053873 108.5
1 0 50.64822398353477 -105.20548387523274 -117.5
1 1 49.10842327804579 -99.82185798420807 -108.0
1268
-------------------New----------------
0 0 -77.65116247793677 -28.639365224258217 118.5
0 1 -76.85559294167982 -31.224826427911403 108.5
1 0 -58.87550374286226 -89.64907753460977 -117.5
1 1 -59.63025773642814 -87.1942521685354 -108.0
1269
-------------------New----------------
0 0 -9.707311854795616 -2.716411786042491 118.5
0 1 -14.214508469068505 -2.5699800204729155 108.5
1 0 -116.01061192242705 0.7589942330396222 -117.5
1 1 -111.7330199604219 0.6176697869216374 -108.0
1272
-------------------New----------------
0 0 -87.68601420294486 -108.15784863758442 118.5
0 1 -85.00440811124776 -107.32885888200356 108.5
1 0 -24.383927323362744 -88.5956427481325 -117.5
1 1 -26.932195115975958 -89.38342877406755 -108.0
1273
-------------------New----------------
0 0 54.672655813947515 49.303254414518975 118.5
0 1 56.58239124541598 48.705514657955426 108.5
1 0 99.48929535898434 35.88397967982587 -117.5
1 1 97.67569584028163 36.40175728872616 -108.0
1274
-------------------New----------------
0 0 -11.526067402848998 51.942009339095215 118.5
0 1 -11.29044063994181 52.89838758733025 108.5
1 0 -6.361029684421564 73.95278183539294 -117.5
1 1 -6.573654325421626 73.10066139398234 -108.0
1275
-------------------New----------------
0 0 12.765749755286226 116.4045283663174 118.5
0 1 11.740983469883261 115.71913060151664 108.5
1 0 -11.407085827717182 100.27353276785892 -117.5
1 1 -10.433333873907745 100.92070360824525 -108.0
1283
-------------------New----------------
0 0 -60.22746742410148 11.011590073020477 118.5
0 1 -58.376891024850536 6.162721801862896 108.5
1 0 -16.545035535640142 -103.37653510992804 -117.5
1 1 -18.3046169365731 -98.77324350182894 -108.0
1285
-------------------New----------------
0 0 33.012712488683555 -23.8123584635687 118.5
0 1 31.024983323011742 -26.12958623224524 108.5
1 0 -13.914331588547594 -78.5091058625688 -117.5
1 1 -12.024541134779707 -76.30608357816924 -108.0
1291
-------------------New----------------
0 0 -44.11307738880036 -16.247809431918277 118.5
0 1 -46.25102642528251 -17.962336850006118 108.5
1 0 -94.5511642658129 -56.72737875024791 -117.5
1 1 -92.52238527382404 -55.09728131621822 -108.0
1293
-------------------New----------------
0 0 -71.52695619074532 -19.7732397680947 118.5
0 1 -70.56369496328148 -19.217162848102596 108.5
1 0 -48.827757971680725 -6.669225232028161 -117.5
1 1 -49.7419071192719 -7.196066349176434 -108.0
1296
-------------------New----------------
0 0 23.840776044301343 -5.975160667205914 118.5
0 1 20.955900864505896 -6.426500495571699 108.5
1 0 -44.246001771741234 -16.63404027630863 -117.5
1 1 -41.50505006920751 -16.204597606377238 -108.0
1302
-------------------New----------------
0 0 27.263537960259576 -80.8428123458382 118.5
0 1 21.05949537338982 -78.93703481025582 108.5
1 0 -116.28016017749526 -34.33520183682432 -117.5
1 1 -110.49301949283017 -36.26381444712263 -108.0
1304
-------------------New----------------
0 0 42.6778764863265 85.42819475056659 118.5
0 1 44.18366046244678 82.584290131534 108.5
1 0 78.23805083395723 18.2622836925557 -117.5
1 1 76.80648159502516 20.970774987067312 -108.0
1306
-------------------New----------------
0 0 88.4858254648382 -53.08438922968821 118.5
0 1 87.41501306873747 -55.6708455078897 108.5
1 0 63.22535942967308 -114.17405998230352 -117.5
1 1 64.23478685733087 -111.71366247669202 -108.0
1313
-------------------New----------------
0 0 27.401310536185882 -38.73460164406025 118.5
0 1 29.65453069413283 -37.907867047086775 108.5
1 0 80.57448067677136 -19.17498761775898 -117.5
1 1 78.43390513080499 -19.963781550356114 -108.0
1316
-------------------New----------------
0 0 -81.12557283048287 36.67724282045275 118.5
0 1 -81.29948041213147 33.68871259455005 108.5
1 0 -85.23224514072061 -33.85566991125963 -117.5
1 1 -85.06956432836654 -31.018082833566847 -108.0
1323
-------------------New----------------
0 0 -76.52994600017684 -42.817867880692795 118.5
0 1 -74.82981855307314 -42.612700480705996 108.5
1 0 -36.40180177317575 -37.98579815461386 -117.5
1 1 -38.01632958743194 -38.17655223896092 -108.0
1326
-------------------New----------------
0 0 47.883988756899186 51.08972624091622 118.5
0 1 44.085316807927235 50.17252136618185 108.5
1 0 -41.73799559076734 29.387169466861753 -117.5
1 1 -38.12911577185382 30.265006838899534 -108.0
1328
-------------------New----------------
0 0 -0.5653074808893523 46.85245749827898 118.5
0 1 -0.08688532179489927 48.03650760699182 108.5
1 0 10.787414484413132 74.78135933994433 -117.5
1 1 10.324617903684452 73.65196488274627 -108.0
1330
-------------------New----------------
0 0 -90.79297945688245 4.92968861362527 118.5
0 1 -91.46040015485401 2.9796535787132297 108.5
1 0 -106.55339884084015 -41.06785375824505 -117.5
1 1 -105.91806691306859 -39.216214666778974 -108.0
1335
-------------------New----------------
0 0 -53.977798942096896 -49.48523547369991 118.5
0 1 -49.68850263639938 -47.062966358761614 108.5
1 0 47.180460706750814 7.627156425864351 -117.5
1 1 43.11001944224127 5.328409857094384 -108.0
1339
-------------------New----------------
0 0 -76.72458535581724 2.455298674184998 118.5
0 1 -73.15273700408423 4.625056391877003 108.5
1 0 7.5695322490226316 53.574103913004514 -117.5
1 1 4.175765274353158 51.51791114362072 -108.0
1346
-------------------New----------------
0 0 -62.92807893479151 50.45465103875658 118.5
0 1 -58.90103577825768 50.222874780346736 108.5
1 0 32.13611390879386 44.93734398924615 -117.5
1 1 28.309388240064116 45.16105395683441 -108.0
1351
-------------------New----------------
0 0 -56.23355844946591 7.923063987188792 118.5
0 1 -55.600429047624104 5.707802785521753 108.5
1 0 -41.275745760488476 -44.36498208767448 -117.5
1 1 -41.87843281178796 -42.2597238955086 -108.0
1357
-------------------New----------------
0 0 -60.00157012395668 89.87969362515251 118.5
0 1 -58.41622305303796 89.06482580244847 108.5
1 0 -22.308461587153552 71.37434343960444 -117.5
1 1 -23.822233618189024 72.14294303875246 -108.0
1365
-------------------New----------------
0 0 120.14677787381079 -80.28657444972626 118.5
0 1 120.39330582021694 -77.38008700703493 108.5
1 0 126.00153677301076 -11.81185042135846 -117.5
1 1 125.76575910791811 -14.562804343809399 -108.0
1376
-------------------New----------------
0 0 -11.734206549196873 -44.38429935307059 118.5
0 1 -11.354551735671922 -43.13098049017007 108.5
1 0 -2.7876178413940407 -14.851563812755412 -117.5
1 1 -3.147252610255082 -16.04280834305884 -108.0
1381
-------------------New----------------
0 0 39.60975601376938 -12.115638381069854 118.5
0 1 43.150400502669115 -11.908195942286374 108.5
1 0 123.61448732176466 -6.986013707141512 -117.5
1 1 120.22804364663395 -7.2041823747378615 -108.0
1403
-------------------New----------------
0 0 -49.60113260047426 39.93992112780579 118.5
0 1 -45.003814414605856 42.11937581340145 108.5
1 0 58.909409882035355 91.39189656304491 -117.5
1 1 54.54128585664345 89.32050904404886 -108.0
1428
-------------------New----------------
0 0 5.096171280068854 -60.432743636223435 118.5
0 1 1.9214432548661768 -62.32268131618031 108.5
1 0 -69.89206123430378 -105.01115624790154 -117.5
1 1 -66.87081547475083 -103.21792373814701 -108.0
1435
-------------------New----------------
0 0 -57.54764606432057 -70.86883685872417 118.5
0 1 -54.65979961588617 -69.67624979965903 108.5
1 0 10.559402087264328 -42.760280198234035 -117.5
1 1 7.818268298194975 -43.88796589541234 -108.0
1444
-------------------New----------------
0 0 -59.13562300575559 85.94418470560723 118.5
0 1 -61.821158630329464 83.96218816425196 108.5
1 0 -122.58293677469771 39.06959360386043 -117.5
1 1 -120.03108963451409 40.95448734713266 -108.0
1445
-------------------New----------------
0 0 61.3524331539375 -15.629497372635544 118.5
0 1 60.11573426886836 -12.190473434421119 108.5
1 0 32.096577189357184 65.60150243510176 -117.5
1 1 33.2759798977544 62.31984673992753 -108.0
1446
-------------------New----------------
0 0 -36.91743438835188 -18.575555082944135 118.5
0 1 -38.22637133118035 -14.763800555726112 108.5
1 0 -67.86293931549689 71.33633980760041 -117.5
1 1 -66.61580690844924 67.71759349354762 -108.0
1451
-------------------New----------------
0 0 -90.3186705739956 51.255546030936365 118.5
0 1 -91.77936239624788 52.200189417722505 108.5
1 0 -124.770101373532 73.5507767063972 -117.5
1 1 -123.38378348642819 72.65319035071184 -108.0
1453
-------------------New----------------
0 0 6.828649673459253 -12.178375616757705 118.5
0 1 9.24328202247533 -11.476406037802574 108.5
1 0 63.87712865715296 4.300362832516923 -117.5
1 1 61.58496977654594 3.6452206344749785 -108.0
1463
-------------------New----------------
0 0 -3.8441081310974434 -18.992052706938168 118.5
0 1 -2.606312202628041 -14.88335068486575 108.5
1 0 25.43605154139163 77.20466524087601 -117.5
1 1 24.256638430707394 73.33845355465883 -108.0
1468
-------------------New----------------
0 0 -58.839550083756684 8.295657749883713 118.5
0 1 -59.039488467395714 7.346907937444162 108.5
1 0 -63.61278061923404 -14.11414544369236 -117.5
1 1 -63.42096880517171 -13.21256362590022 -108.0
1473
-------------------New----------------
0 0 -10.434237240372573 56.90584974709808 118.5
0 1 -10.59980534571098 55.39485554970857 108.5
1 0 -14.550751643637863 21.279848044816088 -117.5
1 1 -14.374510755693606 22.721451296866178 -108.0
1488
-------------------New----------------
0 0 -45.48631635101828 -27.89893053096739 118.5
0 1 -42.07263334328296 -25.411345682196647 108.5
1 0 35.071444232887984 30.80456529331846 -117.5
1 1 31.828961968462096 28.441287451817164 -108.0
1499
-------------------New----------------
0 0 25.433646278169196 68.70453614155707 118.5
0 1 21.510246290925473 65.79958760417756 108.5
1 0 -67.02434797968814 -0.001955147016903425 -117.5
1 1 -63.30180463153806 2.7640916454283584 -108.0
1507
-------------------New----------------
0 0 40.77523242954812 80.59639480815287 118.5
0 1 36.76987052176214 80.3499177468383 108.5
1 0 -53.82195678942908 74.73797214093592 -117.5
1 1 -50.01386278250416 74.97333750795009 -108.0
1509
-------------------New----------------
0 0 -14.259551200702788 1.1227887565743375 118.5
0 1 -16.06032041070827 3.7880512291422392 108.5
1 0 -56.78359281464469 64.03400992163755 -117.5
1 1 -55.07157659796327 61.501548144674985 -108.0
1511
-------------------New----------------
0 0 -71.65522010199957 -23.39132542474567 118.5
0 1 -67.78290173426072 -24.894718288067118 108.5
1 0 20.092562437132052 -58.728093453790436 -117.5
1 1 16.391018248971093 -57.29905939788328 -108.0
1515
-------------------New----------------
0 0 94.1933125356907 66.06104834871016 118.5
0 1 95.32333434989155 66.99286341295905 108.5
1 0 120.85525115667164 88.02678911377338 -117.5
1 1 119.7828372520946 87.14344438885641 -108.0
1520
-------------------New----------------
0 0 56.99603643043533 16.508606382569408 118.5
0 1 54.56864781312396 16.18961285213461 108.5
1 0 -0.20990836128206086 8.854238442090248 -117.5
1 1 2.08538420609793 9.167635287842392 -108.0
1522
-------------------New----------------
0 0 112.48733155300488 62.283562401663474 118.5
0 1 113.60320112286654 65.56900526992246 108.5
1 0 -112.32118573909388 86.08561928705926 -117.5
1 1 -110.9480499861805 85.58516076657982 -108.0
1527
-------------------New----------------
0 0 10.48758222301124 -28.144935264408286 118.5
0 1 10.880438348997199 -29.665337184739066 108.5
1 0 19.731720583810596 -64.03793673883041 -117.5
1 1 19.370321719259167 -62.59237608942938 -108.0
1529
-------------------New----------------
0 0 89.20014785393991 -25.381653990218304 118.5
0 1 88.33465497444826 -19.110840700713077 108.5
1 0 68.74949802410349 122.61132754264797 -117.5
1 1 69.5736945037789 116.65340232870551 -108.0
1531
-------------------New----------------
0 0 57.202177239269915 -45.634160332933995 118.5
0 1 59.73130586004315 -43.56044641509118 108.5
1 0 116.89136367321558 3.354597540398963 -117.5
1 1 114.49382130975262 1.3830567883836298 -108.0
1545
-------------------New----------------
0 0 2.858100813433494 30.887524042028133 118.5
0 1 0.5382324167729123 29.710414907793798 108.5
1 0 -51.86317546898458 3.021881932559192 -117.5
1 1 -49.659277224587115 4.142271427956681 -108.0
1549
-------------------New----------------
0 0 -112.53163026238636 -33.946389711559036 118.5
0 1 -111.75701374457302 -32.34814132276032 108.5
1 0 -94.25381707226987 3.771689378946687 -117.5
1 1 -94.98931797046446 2.252940000647302 -108.0
1550
-------------------New----------------
0 0 -12.112966508922106 20.77005759398841 118.5
0 1 -11.24352349912824 21.474173711230186 108.5
1 0 8.376062079061892 37.417633160591926 -117.5
1 1 7.5514940647157704 36.74729847064471 -108.0
1568
-------------------New----------------
0 0 -17.824915904154054 32.4351763530682 118.5
0 1 -13.549119199850637 35.17886894443405 108.5
1 0 83.3703333906083 97.39044413024631 -117.5
1 1 79.29060301290176 94.77273983801558 -108.0
1576
-------------------New----------------
0 0 -52.57828190345888 102.42596665954679 118.5
0 1 -53.37037611933389 100.88465264270472 108.5
1 0 -71.32265984521233 65.99979098414661 -117.5
1 1 -70.56755574543604 67.46633264987888 -108.0
1578
-------------------New----------------
0 0 76.8835763944146 99.68790047185101 118.5
0 1 74.4504609518876 99.83223707327241 108.5
1 0 20.14197507082092 102.19819129512925 -117.5
1 1 22.393152726619544 102.08643388319983 -108.0
1587
-------------------New----------------
0 0 90.25794634236537 -46.14592478823866 118.5
0 1 88.11260209590732 -45.218940996706905 108.5
1 0 39.568673710068445 -24.478958116351837 -117.5
1 1 41.62090951812197 -25.342531929799787 -108.0
1588
-------------------New----------------
0 0 52.35746580063657 24.64812474007753 118.5
0 1 51.96282282367481 25.818651908407965 108.5
1 0 43.26748745063892 52.246651338412015 -117.5
1 1 43.631788288263266 51.136241970312675 -108.0
1593
-------------------New----------------
0 0 -34.70102213673125 -15.661436938421645 118.5
0 1 -36.78235261213774 -14.743617957912951 108.5
1 0 -83.79643310378744 6.162207833594281 -117.5
1 1 -81.81714018603803 5.281402281775296 -108.0
1599
-------------------New----------------
0 0 99.69892876024032 78.47664554334816 118.5
0 1 97.86657842497895 79.64554081054243 108.5
1 0 56.457896798615046 106.08299759280101 -117.5
1 1 58.19794744378411 104.97057427965612 -108.0
1602
-------------------New----------------
0 0 -19.756224266822223 79.88698895305342 118.5
0 1 -21.65033014677825 79.44277886874592 108.5
1 0 -65.54086251700328 66.96938346183438 -117.5
1 1 -63.70835426540426 67.48842745438682 -108.0
1631
-------------------New----------------
0 0 87.83281123290048 -62.316722491618485 118.5
0 1 86.73235333647854 -60.3502532646466 108.5
1 0 61.92296132925513 -15.876551501536781 -117.5
1 1 62.9618350756211 -17.747758684557176 -108.0
1633
-------------------New----------------
0 0 37.31128983777233 63.62869664836599 118.5
0 1 37.8611752658073 59.8282030382084 108.5
1 0 50.528814664957125 -25.891972082564127 -117.5
1 1 49.983402314648885 -22.289690119917807 -108.0
1642
-------------------New----------------
0 0 11.308998202487311 62.845289666011425 118.5
0 1 13.251970321890052 61.74472688638578 108.5
1 0 57.12804446999091 36.95634679590319 -117.5
1 1 55.286561201444364 37.99663119487168 -108.0
1656
-------------------New----------------
0 0 90.16222952377537 59.30339982507242 118.5
0 1 89.15704544670639 55.5730331543949 108.5
1 0 66.52367153004968 -28.788499474658245 -117.5
1 1 67.4755707531938 -25.239959725846262 -108.0
1664
-------------------New----------------
0 0 42.64423516450844 22.336111162977765 118.5
0 1 37.630529533513794 24.855439291537134 108.5
1 0 -75.65654274369597 81.82886352362954 -117.5
1 1 -70.89481454202665 79.43366082980972 -108.0
1672
-------------------New----------------
0 0 -39.11964966318949 -56.80142563299162 118.5
0 1 -33.94872433300712 -52.3365619683363 108.5
1 0 82.88541203532927 48.63232364131362 -117.5
1 1 77.9773822025014 44.38652500093214 -108.0
1684
-------------------New----------------
0 0 109.88918681588277 57.759827239233765 118.5
0 1 109.10058107534576 53.080147503312915 108.5
1 0 91.28937154302665 -52.646605933552586 -117.5
1 1 92.03973398438892 -48.19086195066305 -108.0
1685
-------------------New----------------
0 0 -40.808808467701716 -39.53251536651377 118.5
0 1 -39.68915330770006 -37.39719427599944 108.5
1 0 -14.092917395470954 11.045798224422333 -117.5
1 1 -15.178436089438886 9.018230896871676 -108.0
1690
-------------------New----------------
0 0 -34.68440794955867 58.63329730247689 118.5
0 1 -30.233366599771465 60.291965686256006 108.5
1 0 72.53839311990492 98.4754075332732 -117.5
1 1 68.13100769140017 96.8517753709235 -108.0
1693
-------------------New----------------
0 0 -34.08208989228554 -13.121179474158827 118.5
0 1 -37.11689904513223 -13.076013761042887 108.5
1 0 -105.72359037610416 -12.062679018720065 -117.5
1 1 -102.83864686222846 -12.105164501358898 -108.0
1695
-------------------New----------------
0 0 7.717286360823062 -14.897088150532849 118.5
0 1 2.439144657228879 -15.114764997471926 108.5
1 0 -116.871733568439 -20.053286608271073 -117.5
1 1 -111.85489859064356 -19.845826674661264 -108.0
1714
-------------------New----------------
0 0 -55.12009350407607 -63.0709717389067 118.5
0 1 -52.35526696106449 -65.43065413095654 108.5
1 0 9.571379543403955 -119.15815921802053 -117.5
1 1 6.992535362382613 -116.87004584565459 -108.0
1715
-------------------New----------------
0 0 92.43773360446907 -16.09770622624583 118.5
0 1 93.65194732297054 -18.525515226197975 108.5
1 0 121.10029792254882 -73.39326795304376 -117.5
1 1 119.94735422176954 -71.08591230913976 -108.0
1718
-------------------New----------------
0 0 42.002570586981555 -7.359520755812845 118.5
0 1 38.2969967100869 -4.961748066473816 108.5
1 0 -45.43273416613063 49.2745773997839 -117.5
1 1 -41.9125978631625 46.99393213029065 -108.0
1738
-------------------New----------------
0 0 -33.54902801208253 -17.23554980324335 118.5
0 1 -37.19703587830618 -16.183094281160827 108.5
1 0 -122.65723487776991 9.935906231073613 -117.5
1 1 -119.14162763438439 8.770607100655287 -108.0
1739
-------------------New----------------
0 0 14.343787236642878 13.29736627485975 118.5
0 1 11.0206667919571 7.873029839736132 108.5
1 0 -64.10537058123676 -114.70123257054327 -117.5
1 1 -60.94759184731497 -109.54838982475783 -108.0
1743
-------------------New----------------
0 0 77.05645081520508 46.049877755872 118.5
0 1 73.4879325504778 42.60004439130017 108.5
1 0 -6.6709734357430595 -35.87617528314214 -117.5
1 1 -3.2985912519022493 -32.57860553125202 -108.0
1745
-------------------New----------------
0 0 -36.07913912120093 104.97308489030426 118.5
0 1 -38.143835946748574 103.89932181745908 108.5
1 0 -85.20938170954996 79.12848830708609 -117.5
1 1 -83.23198971643886 80.18351097810401 -108.0
1746
-------------------New----------------
0 0 -23.242083215178944 41.22997001652144 118.5
0 1 -27.156474253545788 40.371186359544254 108.5
1 0 -115.63820410140697 20.94807854043455 -117.5
1 1 -111.91904057264583 21.765467794795338 -108.0
1752
-------------------New----------------
0 0 23.88670361158332 14.98864960017374 118.5
0 1 25.448742932923462 15.578960997712604 108.5
1 0 60.471274484065034 28.704988983255724 -117.5
1 1 59.01411127385668 28.150840859722432 -108.0
1766
-------------------New----------------
0 0 -45.09876702785412 60.44043875394935 118.5
0 1 -43.150281981905145 59.57061474113177 108.5
1 0 0.872333558163193 39.92390052258987 -117.5
1 1 -0.9777962346702573 40.7493037501018 -108.0
1776
-------------------New----------------
0 0 42.33834880111793 -23.170756261791475 118.5
0 1 45.96580615953964 -19.35092551068426 108.5
1 0 127.94187198248935 67.04158401078496 -117.5
1 1 124.49417489406021 63.408871556077784 -108.0
1782
-------------------New----------------
0 0 -20.258176744167034 83.7801799189542 118.5
0 1 -23.319558506814268 84.42245607476931 108.5
1 0 -92.50904574956938 98.9258833540216 -117.5
1 1 -89.59981644124937 98.31645877687234 -108.0
1787
-------------------New----------------
0 0 -61.10788794077298 83.1878702271769 118.5
0 1 -59.20938812252873 81.7799989262868 108.5
1 0 -16.300572264437758 49.963992414563755 -117.5
1 1 -18.105304663283327 51.30233994544456 -108.0
1793
-------------------New----------------
0 0 3.2148662755544573 -26.125350836656793 118.5
0 1 0.7356337273375866 -27.256003605772406 108.5
1 0 -55.28878262057217 -52.81406866730831 -117.5
1 1 -52.93417421927582 -51.73956432039955 -108.0
1797
-------------------New----------------
0 0 63.03689655501895 -92.70563053098832 118.5
0 1 64.02730167109156 -93.01011312559466 108.5
1 0 86.52628671997932 -99.89722283314399 -117.5
1 1 85.57853671815661 -99.60591606688406 -108.0
1805
-------------------New----------------
0 0 94.27279889291955 -51.44035106929452 118.5
0 1 94.80721570373227 -54.21233450232228 108.5
1 0 106.88493547790377 -116.94926401494835 -117.5
1 1 106.37661776529528 -114.3078538857902 -108.0
1814
-------------------New----------------
0 0 4.476572023706423 -37.95319424605407 118.5
0 1 1.6722877686310131 -34.114944485636066 108.5
1 0 -61.69737033759078 52.598900935698474 -117.5
1 1 -59.03191199295262 48.95666926989678 -108.0
1817
-------------------New----------------
0 0 -73.48983091055399 -24.38962198755916 118.5
0 1 -73.73814462090593 -26.96375730377924 108.5
1 0 -79.35162421204168 -85.37373463935556 -117.5
1 1 -79.11367886531637 -82.90963498052875 -108.0
1823
-------------------New----------------
0 0 -16.99608264199376 -7.031368596815544 118.5
0 1 -15.081180016799413 -5.438077832140436 108.5
1 0 28.20939256098697 30.578473960726917 -117.5
1 1 26.388539286148795 29.064514498553955 -108.0
1829
-------------------New----------------
0 0 31.288596612199274 7.817215533255672 118.5
0 1 31.000008680059132 2.2927672080243804 108.5
1 0 24.359577075127667 -122.63892894539083 -117.5
1 1 24.644034064767997 -117.38678963677981 -108.0
1836
-------------------New----------------
0 0 -8.136823271604618 -37.328356958060816 118.5
0 1 -11.807719988615254 -35.29898465558597 108.5
1 0 -94.78931797113522 10.231447380659667 -117.5
1 1 -91.30899936215509 8.335930661037562 -108.0
1838
-------------------New----------------
0 0 15.359350998724281 -77.01999152911586 118.5
0 1 13.399432759453067 -75.40501622538974 108.5
1 0 -31.049282075993098 -38.70427500362628 -117.5
1 1 -29.189057921208892 -40.25807656719711 -108.0
1842
-------------------New----------------
0 0 4.178360478109299 7.938739645712486 118.5
0 1 4.106975862327682 8.538674727675788 108.5
1 0 2.0936915013026693 21.800163826153046 -117.5
1 1 2.178650785538743 21.258261879931595 -108.0
1858
-------------------New----------------
0 0 -74.2196654887791 31.829666408030192 118.5
0 1 -71.30267874824408 32.02580363405884 108.5
1 0 -5.391563922534743 36.458676763393434 -117.5
1 1 -8.161483794056537 36.27322216520685 -108.0
1863
-------------------New----------------
0 0 61.36872064542261 -31.887811636942693 118.5
0 1 63.10131529302017 -32.80673378001487 108.5
1 0 102.24805190372885 -53.59298587805673 -117.5
1 1 100.60334191724247 -52.7202114262192 -108.0
1865
-------------------New----------------
0 0 108.48614397213878 44.91378846197584 118.5
0 1 107.31931804266148 47.642196798026156 108.5
1 0 80.85008958010464 109.16977502402513 -117.5
1 1 81.964479726388 106.58660825908268 -108.0
1873
-------------------New----------------
0 0 76.85106530176091 78.38154364631143 118.5
0 1 73.66385793855677 80.35856490201789 108.5
1 0 1.6503724226658623 125.04002096485866 -117.5
1 1 4.678371709757263 123.16148862090681 -108.0
1878
-------------------New----------------
0 0 43.27477953645094 -82.14612040099698 118.5
0 1 43.2332805350446 -80.28668265533165 108.5
1 0 42.319625424934735 -38.08780837759555 -117.5
1 1 42.35101740065954 -39.87297159578691 -108.0
1880
-------------------New----------------
0 0 -51.2470574795111 -39.57690104915303 118.5
0 1 -47.30122648159516 -40.6088959469391 108.5
1 0 41.95940026411484 -64.4550163399773 -117.5
1 1 38.23078187560718 -63.470944007863395 -108.0
1881
-------------------New----------------
0 0 -77.44066374953955 -87.9530783549121 118.5
0 1 -78.63892948896066 -86.1258681972342 108.5
1 0 -105.74399972048998 -44.8647764000245 -117.5
1 1 -104.60585749533625 -46.59652691039395 -108.0
1883
-------------------New----------------
0 0 53.46987254092354 15.813283273916188 118.5
0 1 50.40187239732841 16.042706176336747 108.5
1 0 -19.177914787899464 21.734926324365198 -117.5
1 1 -16.248078830995954 21.48093818821024 -108.0
1885
-------------------New----------------
0 0 17.482590039241224 -13.916163008833157 118.5
0 1 13.803558782979948 -17.359060518637392 108.5
1 0 -69.33469196443875 -95.17936065101006 -117.5
1 1 -65.84015877808665 -91.90784810951729 -108.0
1888
-------------------New----------------
0 0 -23.255071118610594 -74.29172509214317 118.5
0 1 -26.341841083610937 -74.55694383140343 108.5
1 0 -96.14879173027217 -80.47662427342848 -117.5
1 1 -93.21216469453483 -80.2302459041006 -108.0
1896
-------------------New----------------
0 0 -45.59893271035846 51.692575167432565 118.5
0 1 -42.76098398477331 46.36475638458504 108.5
1 0 21.529394790788764 -73.86710917518334 -117.5
1 1 18.8188815179865 -68.82463812942657 -108.0
1897
-------------------New----------------
0 0 23.31983289286509 30.98499704056507 118.5
0 1 25.42798124125099 27.784090268603013 108.5
1 0 73.19785233514797 -44.58105878548998 -117.5
1 1 71.18581091726534 -41.539377600173495 -108.0
1909
-------------------New----------------
0 0 -30.413611797372464 73.6424815171202 118.5
0 1 -32.56272116326898 73.86569259980078 108.5
1 0 -81.14884601790492 78.91746186318379 -117.5
1 1 -79.1064657032317 78.70336614099467 -108.0
1930
-------------------New----------------
0 0 32.74138196819882 -19.03860406542964 118.5
0 1 28.36853083449237 -16.967453780958298 108.5
1 0 -70.32263815824314 29.92142619410553 -117.5
1 1 -66.17756560992522 27.951865003364038 -108.0
1941
-------------------New----------------
0 0 -23.38781792883184 -2.5629691839816493 118.5
0 1 -18.4675582243933 -5.68628670102995 108.5
1 0 92.64552252514235 -76.08634814552548 -117.5
1 1 87.97318249678611 -73.13127940713898 -108.0
1946
-------------------New----------------
0 0 -40.30539388837708 14.322766774525453 118.5
0 1 -40.28685305555557 11.391896578336825 108.5
1 0 -39.86971028347183 -54.9510514571129 -117.5
1 1 -39.88372331908503 -52.158471658056044 -108.0
1947
-------------------New----------------
0 0 85.30891532623755 79.21637895922228 118.5
0 1 86.4739275035868 78.8150813678864 108.5
1 0 112.49426531922559 70.00471890842545 -117.5
1 1 111.39698184979406 70.3655316400335 -108.0
1950
-------------------New----------------
0 0 11.577391620424754 -41.17846042345771 118.5
0 1 15.052058044338343 -37.83178936256117 108.5
1 0 93.62975379765055 37.77583846287785 -117.5
1 1 90.3326143747337 34.59282243802927 -108.0
1959
-------------------New----------------
0 0 93.09186851776998 24.054201186354593 118.5
0 1 92.50225764700842 21.1299136690723 108.5
1 0 79.16246881779854 -44.953359712754015 -117.5
1 1 79.72319651236599 -42.176575215109175 -108.0
1967
-------------------New----------------
0 0 -24.77519066199936 -79.59923581336284 118.5
0 1 -22.480081028461658 -79.78631221836044 108.5
1 0 29.089146708572166 -83.72829817376669 -117.5
1 1 26.93911631889743 -83.57773999576854 -108.0
1971
-------------------New----------------
0 0 9.471334989079917 -15.089887139676293 118.5
0 1 9.80498438390433 -10.614939339437713 108.5
1 0 18.119731119185197 90.52247084227079 -117.5
1 1 17.76588874576479 86.3164363803019 -108.0
1973
-------------------New----------------
0 0 3.306108909200077 -18.560209091520623 118.5
0 1 -0.5824410552006029 -13.0074833118556 108.5
1 0 -88.27071552091327 112.7487840364964 -117.5
1 1 -84.59200138193128 107.45762809730824 -108.0
1978
-------------------New----------------
0 0 122.24810180122327 -72.65446676245935 118.5
0 1 122.07433079516736 -73.29348083356656 108.5
1 0 118.12963888223098 -87.75193835620354 -117.5
1 1 118.29721707617057 -87.14701732013376 -108.0
1979
-------------------New----------------
0 0 23.835155425966242 -1.1872401567843704 118.5
0 1 20.030523242131668 -3.420920015399304 108.5
1 0 -65.8462698450634 -53.85329846203119 -117.5
1 1 -62.24078612430613 -51.738303669046765 -108.0
1987
-------------------New----------------
0 0 -7.164958073689894 -49.202674479308484 118.5
0 1 -5.362772074246549 -48.57261918918893 108.5
1 0 35.35050619987554 -34.34212108456232 -117.5
1 1 33.63856741129488 -34.94066200966539 -108.0
1993
-------------------New----------------
0 0 20.323585727477376 -53.28652990522087 118.5
0 1 19.309600492418742 -52.4525604730678 108.5
1 0 -3.601029208429678 -33.58037692675148 -117.5
1 1 -2.641675595865186 -34.37323309508054 -108.0
2000
-------------------New----------------
0 0 27.62489448704083 16.388359912408344 118.5
0 1 24.16809322067277 16.240855598842607 108.5
1 0 -53.98052101488186 12.896882414157057 -117.5
1 1 -50.69510126735954 13.038394142425417 -108.0
2002
-------------------New----------------
0 0 4.518034264451471 -43.27470627719996 118.5
0 1 8.472830149350347 -42.582576142939615 108.5
1 0 98.03525775903461 -26.766009746724812 -117.5
1 1 94.27060475631866 -27.435160150866796 -108.0
2020
-------------------New----------------
0 0 65.8202100360345 101.72878819521074 118.5
0 1 64.68194396732828 100.55867760254716 108.5
1 0 39.093365445209905 74.22669704702312 -117.5
1 1 40.1573172499039 75.32299887088999 -108.0
2027
-------------------New----------------
0 0 23.1896914378188 -57.39780229684055 118.5
0 1 26.090121752270715 -56.20402979056115 108.5
1 0 91.6900151501827 -29.251514966243825 -117.5
1 1 88.9296933916434 -30.382353777329133 -108.0
2031
-------------------New----------------
0 0 -26.74148075528364 -42.28735950177868 118.5
0 1 -30.760042748696822 -45.250539649762814 108.5
1 0 -121.65359676522075 -112.24003519376352 -117.5
1 1 -117.83427714930323 -109.42348553785568 -108.0
2047
-------------------New----------------
0 0 -7.913213275267492 68.74038443088568 118.5
0 1 -5.913859834397185 66.9146982506197 108.5
1 0 39.267463334486145 25.645942475485207 -117.5
1 1 37.368278730716796 27.380695594689712 -108.0
2063
-------------------New----------------
0 0 47.65486335054867 26.994228288492952 118.5
0 1 44.93863450871625 26.67268224406584 108.5
1 0 -16.434502792388344 19.373399149120296 -117.5
1 1 -13.85607684904016 19.680563131835154 -108.0
2081
-------------------New----------------
0 0 -73.0142156863933 -12.450888674806846 118.5
0 1 -74.58469111291615 -11.902207501505654 108.5
1 0 -110.10394125235123 0.47830834458562926 -117.5
1 1 -108.60702899375511 -0.03927241234462553 -108.0
2086
-------------------New----------------
0 0 61.03038933997626 29.796078712827722 118.5
0 1 60.4052387865936 32.2892468422856 108.5
1 0 46.2754700144196 88.6302189023156 -117.5
1 1 46.86951302514899 86.26213103824323 -108.0
2087
-------------------New----------------
0 0 -65.14600367161621 86.70405119876129 118.5
0 1 -60.79265195042522 84.74964692647563 108.5
1 0 37.56680603154434 40.6628693703809 -117.5
1 1 33.433169248229134 42.517018691428845 -108.0
2095
-------------------New----------------
0 0 7.157429680948718 -10.38401845004785 118.5
0 1 1.431956828230843 -9.266821657833123 108.5
1 0 -127.9502991946534 15.943792309999946 -117.5
1 1 -122.51265887079528 14.884847469445535 -108.0
2107
-------------------New----------------
0 0 -75.22215217978084 -42.64748506447354 118.5
0 1 -72.33480918175476 -41.288195007440116 108.5
1 0 -7.124501507411729 -10.550565571727478 -117.5
1 1 -9.86605621348104 -11.842566339321806 -108.0
2117
-------------------New----------------
0 0 2.727892433201275 -45.344018217122105 118.5
0 1 -2.2703213616844784 -43.43221388444903 108.5
1 0 -115.13161650761181 -0.04546950596625556 -117.5
1 1 -110.39456810678868 -1.8777093922325379 -108.0
2123
-------------------New----------------
0 0 87.88762508161618 -30.578111307893266 118.5
0 1 87.3227154912922 -32.717931757820686 108.5
1 0 74.56115816346335 -81.07505054702713 -117.5
1 1 75.09728868298954 -79.04224607161667 -108.0
2129
-------------------New----------------
0 0 22.89954231323991 63.24431249776863 118.5
0 1 22.590509737866846 60.538705624201086 108.5
1 0 15.605957788592812 -0.5674668806874242 -117.5
1 1 15.90091153222481 2.0031850537534277 -108.0
2133
-------------------New----------------
0 0 6.978895860483351 79.54621831138095 118.5
0 1 2.9673026278644157 78.31911419578262 108.5
1 0 -87.59660852819464 50.56310167684988 -117.5
1 1 -83.79179417170005 51.73319546843302 -108.0
2144
-------------------New----------------
0 0 89.46295472529377 111.67935475622315 118.5
0 1 87.40546016844733 111.76616629984638 108.5
1 0 40.788813040284495 113.75409895815794 -117.5
1 1 42.75637748968052 113.66699740592193 -108.0
2147
-------------------New----------------
0 0 82.61025181981093 90.50903396803727 118.5
0 1 80.65156395836753 90.83479012610128 108.5
1 0 36.362840562910925 98.8881545930565 -117.5
1 1 38.25158473884022 98.52844560068918 -108.0
2149
-------------------New----------------
0 0 -46.91779284162665 18.308092580858762 118.5
0 1 -43.61181271362346 19.623343260236883 108.5
1 0 31.111512319473388 49.35995223243267 -117.5
1 1 27.96948581254651 48.10906211975028 -108.0
2151
-------------------New----------------
0 0 -4.053273686471179 -15.122134911541753 118.5
0 1 -6.194476457363856 -16.01889476727283 108.5
1 0 -54.617599748349065 -36.288761477406155 -117.5
1 1 -52.58144096829396 -35.437042350831334 -108.0
2156
-------------------New----------------
0 0 -3.4216241759213886 -39.64428465777967 118.5
0 1 -4.785418030136901 -37.27499320525329 108.5
1 0 -35.61667094756727 16.32835630618168 -117.5
1 1 -34.323550329648796 14.072833946303323 -108.0
2158
-------------------New----------------
0 0 10.90843886527605 34.03587314247662 118.5
0 1 8.893442996502168 28.617642116720486 108.5
1 0 -36.7623591843738 -93.75933963544237 -117.5
1 1 -34.841519949765654 -88.6174603562304 -108.0
2168
-------------------New----------------
0 0 88.38798441944029 -25.44770743201563 118.5
0 1 89.07551686188663 -27.690225996241548 108.5
1 0 104.49462386733092 -78.50072088690611 -117.5
1 1 103.8547916587296 -76.36292530926414 -108.0
2170
-------------------New----------------
0 0 11.494850030618284 14.087125627878294 118.5
0 1 11.713716377761347 12.943629827507465 108.5
1 0 16.65814072481017 -12.896402153584905 -117.5
1 1 16.450324045152087 -11.810161769675462 -108.0
2171
-------------------New----------------
0 0 1.0467405401289986 72.72721718044393 118.5
0 1 2.6224366947590183 74.60894414347203 108.5
1 0 38.53099458783775 116.93895082330698 -117.5
1 1 37.02887142981123 115.18548229905075 -108.0
2186
-------------------New----------------
0 0 -4.740113148753445 83.10073265601774 118.5
0 1 0.7507565005374233 80.79535066406092 108.5
1 0 124.82930745680298 28.665567735579266 -117.5
1 1 119.61006570499963 30.860937432658083 -108.0
2199
-------------------New----------------
0 0 85.39113063466368 -32.95443023359773 118.5
0 1 83.71722325194466 -30.011281691454123 108.5
1 0 45.87441027252403 36.7843046606978 -117.5
1 1 47.477364072135316 33.969117863862834 -108.0
2207
-------------------New----------------
0 0 61.191272817193735 -70.74722403796612 118.5
0 1 63.47913460656703 -72.36752933030724 108.5
1 0 115.13420240771805 -108.92423255095862 -117.5
1 1 112.9630143879809 -107.38968898685832 -108.0
2231
-------------------New----------------
0 0 91.88929331007958 34.725587588460904 118.5
0 1 90.46407007299881 30.315240249079192 108.5
1 0 58.236695245176634 -69.33777824993574 -117.5
1 1 59.591514241219556 -65.14971464864138 -108.0
2243
-------------------New----------------
0 0 -87.65613971083448 41.18958442090833 118.5
0 1 -85.69748553287425 40.70094377536896 108.5
1 0 -41.41447212408185 29.722985578478426 -117.5
1 1 -43.28262253203485 30.176742101498178 -108.0
2247
-------------------New----------------
0 0 37.998733742072396 59.85828745314183 118.5
0 1 40.02123424861954 58.588649639401446 108.5
1 0 85.69758795220594 29.92011641805476 -117.5
1 1 83.77730148779426 31.123228515295203 -108.0
2248
-------------------New----------------
0 0 0.6214885781746954 30.841024162114042 118.5
0 1 -1.550019976606661 28.238459075810635 108.5
1 0 -50.59873420022681 -30.568354078156897 -117.5
1 1 -48.53698881547872 -28.096291155632123 -108.0
2251
-------------------New----------------
0 0 33.37232464286535 -33.44298161737076 118.5
0 1 35.82438225899362 -31.50901533984082 108.5
1 0 91.32263699495385 12.14264636596226 -117.5
1 1 88.98575940417457 10.306566862925678 -108.0
2255
-------------------New----------------
0 0 75.44596729875582 -16.534996332775673 118.5
0 1 75.97431729467525 -18.231950895006072 108.5
1 0 87.91507783647317 -56.582734556933175 -117.5
1 1 87.41307835944771 -54.970606871425275 -108.0
2262
-------------------New----------------
0 0 0.730001271777207 68.13142659480448 118.5
0 1 4.543685400938082 69.38217574844721 108.5
1 0 90.5192741603275 97.78467930014533 -117.5
1 1 86.90654283217805 96.57622332988578 -108.0
2263
-------------------New----------------
0 0 -89.76381026744876 -61.4817846610693 118.5
0 1 -88.85506504854803 -60.09744407936929 108.5
1 0 -68.38456270648416 -28.84146109283073 -117.5
1 1 -69.24381793342172 -30.154442565235968 -108.0
2264
-------------------New----------------
0 0 5.170665606958844 -19.143589223176313 118.5
0 1 4.0491801222321575 -19.903177892797856 108.5
1 0 -21.299698872308806 -37.05308007818587 -117.5
1 1 -20.234420115019898 -36.333220597175035 -108.0
2266
-------------------New----------------
0 0 69.31806666071029 53.447574628606404 118.5
0 1 70.79327339723835 51.80937833308832 108.5
1 0 104.08112463341554 14.769905416158405 -117.5
1 1 102.68317638414415 16.32693287811967 -108.0
2273
-------------------New----------------
0 0 -23.764442992841797 21.86680052070218 118.5
0 1 -22.125092752798363 19.327658813578473 108.5
1 0 14.993251297726072 -38.064941404241324 -117.5
1 1 13.428027984122133 -35.650243392304006 -108.0
2276
-------------------New----------------
0 0 35.86262150792065 80.67561238586576 118.5
0 1 34.14182520988742 82.46255991762669 108.5
1 0 -4.68844208201602 122.84313616120997 -117.5
1 1 -3.056919386062868 121.1461378259803 -108.0
2285
-------------------New----------------
0 0 -4.704943321580051 -4.596783756210241 118.5
0 1 -6.405354692600445 -9.012900108823859 108.5
1 0 -44.83467613589228 -108.81198043567494 -117.5
1 1 -43.219203525107424 -104.61699036950176 -108.0
2290
-------------------New----------------
0 0 -23.265251107681763 28.494093602179078 118.5
0 1 -19.523797969014606 23.333616102603944 108.5
1 0 64.97394705544363 -93.2619000272312 -117.5
1 1 61.4218909233547 -88.35999781756759 -108.0
2293
-------------------New----------------
0 0 -114.45674885293681 123.47415050533186 118.5
0 1 -114.41634681446206 123.35595861423683 108.5
1 0 -113.5275203885075 120.55699846729301 -117.5
1 1 -113.56563837893592 120.67761859778246 -108.0
2303
-------------------New----------------
0 0 66.83678014754545 -89.48368414705318 118.5
0 1 69.34602250226692 -88.53047378289176 108.5
1 0 126.07764244666836 -66.99141942092436 -117.5
1 1 123.69669166260128 -67.89384063478289 -108.0
2309
-------------------New----------------
0 0 44.457070498147104 117.66197105154302 118.5
0 1 43.24262260822588 117.54850994669464 108.5
1 0 15.786930073420413 114.96394386316317 -117.5
1 1 16.94466526026415 115.06555552265777 -108.0
2315
-------------------New----------------
0 0 26.114499789368757 -35.260687401743645 118.5
0 1 25.551742978670156 -36.78566550497947 108.5
1 0 12.752931624386797 -71.37831003614563 -117.5
1 1 13.293576045716668 -69.92051663060818 -108.0
2318
-------------------New----------------
0 0 -66.98648310046588 89.02813683741286 118.5
0 1 -65.24887544116503 89.1851649254084 108.5
1 0 -25.97204585888779 92.71535116954146 -117.5
1 1 -27.62278831643959 92.56770023003472 -108.0
2327
-------------------New----------------
0 0 12.482716731567155 -89.567455959988 118.5
0 1 17.35749943516196 -87.4626255987405 108.5
1 0 127.51856788420312 -39.85981723176353 -117.5
1 1 122.88731877384382 -41.86177804992807 -108.0
2334
-------------------New----------------
0 0 16.40546587633601 30.641473578840316 118.5
0 1 12.316919547814512 32.38941496454207 108.5
1 0 -80.01783119170811 71.94386061313654 -117.5
1 1 -76.13947444106664 70.2780006160772 -108.0
2348
-------------------New----------------
0 0 38.320583527066404 -1.879598482892348 118.5
0 1 36.66772974729004 -5.518303896758601 108.5
1 0 -0.6789950695888924 -87.65027218626005 -117.5
1 1 0.8891589074864502 -84.19982140415117 -108.0
2355
-------------------New----------------
0 0 -105.17781082757037 -28.91867435754572 118.5
0 1 -105.05181103117536 -26.520355518885612 108.5
1 0 -102.1582199487606 27.74048065043811 -117.5
1 1 -102.28581513515569 25.450151387898202 -108.0
2357
-------------------New----------------
0 0 35.144930670528396 -62.63333613439677 118.5
0 1 33.715040178769584 -59.01224903813686 108.5
1 0 1.4013766650730308 22.82475086499149 -117.5
1 1 2.7593541768923084 19.385082316836822 -108.0
2359
-------------------New----------------
0 0 115.06561654957295 -25.12324263690291 118.5
0 1 115.23852767758812 -20.797379361929252 108.5
1 0 119.12550076718541 76.98630932698265 -117.5
1 1 118.96315371437046 72.87631321849506 -108.0
2365
-------------------New----------------
0 0 22.329114853482537 -67.5941111043919 118.5
0 1 21.20226700672336 -65.32835849257472 108.5
1 0 -4.151530074040495 -14.056548149053985 -117.5
1 1 -3.087997118304269 -16.224681464408132 -108.0
2377
-------------------New----------------
0 0 -52.84643103402918 55.958111832043606 118.5
0 1 -55.439859361511445 58.69828010554996 108.5
1 0 -114.07056644032575 120.62146791814834 -117.5
1 1 -111.60557417028826 118.01853056588195 -108.0
2385
-------------------New----------------
0 0 13.803837075990788 -88.655732749959 118.5
0 1 15.767582446191804 -87.27768488005994 108.5
1 0 62.383926768922905 -54.12942592491527 -117.5
1 1 60.45632362522282 -55.57688151457412 -108.0
2387
-------------------New----------------
0 0 -55.22126003183248 74.93371231899059 118.5
0 1 -60.6587139782088 73.29777115563489 108.5
1 0 -89.8975338019287 84.67457310008825 -117.5
1 1 -89.39928856844887 83.4866529715127 -108.0
2398
-------------------New----------------
0 0 60.04430188196741 -41.77241640690425 118.5
0 1 62.04451996922338 -38.50615184392765 108.5
1 0 107.25113308633345 35.32820550092771 -117.5
1 1 105.35323403628604 32.22535495154737 -108.0
2400
-------------------New----------------
0 0 -3.727694535947971 17.219812343986128 118.5
0 1 -6.734518460420929 18.495216403521844 108.5
1 0 -74.76414576505296 47.32144558936281 -117.5
1 1 -71.90476209724036 46.10958635946818 -108.0
2402
-------------------New----------------
0 0 -45.82747209138388 -1.9684344110878151 118.5
0 1 -45.327795229065615 -3.9126940593390898 108.5
1 0 -34.04301225743534 -47.81833370168491 -117.5
1 1 -34.51996765850812 -45.97194798856356 -108.0
2404
-------------------New----------------
0 0 112.40348731259317 30.56801120905156 118.5
0 1 112.57502264733952 26.38375078164662 108.5
1 0 117.10708375817532 -69.31313186098612 -117.5
1 1 116.90713625208306 -65.26851816148812 -108.0
2409
-------------------New----------------
0 0 -8.72078903523068 -31.00161660896307 118.5
0 1 -7.166592819947018 -31.210115430815858 108.5
1 0 27.955954018793797 -35.822485154886294 -117.5
1 1 26.463638020891597 -35.628695241356986 -108.0
2420
-------------------New----------------
0 0 -46.53330942229739 73.49099580031537 118.5
0 1 -47.59481563340856 72.09641083632968 108.5
1 0 -71.38762004692808 40.628019364452555 -117.5
1 1 -70.3992275505093 41.95839475366052 -108.0
2422
-------------------New----------------
0 0 23.65878026142456 -29.552448082588114 118.5
0 1 22.610192169320886 -27.539367919425807 108.5
1 0 -1.090529450444404 17.962441137425696 -117.5
1 1 -0.09473533258341318 16.04995989553533 -108.0
2425
-------------------New----------------
0 0 66.26270380762054 64.59274875291138 118.5
0 1 64.65163273322266 62.11874107155037 108.5
1 0 28.1786931327493 6.079544166100422 -117.5
1 1 29.71038463594101 8.438561440990268 -108.0
2426
-------------------New----------------
0 0 19.981768715976994 -60.77585909210616 118.5
0 1 17.12321129176491 -60.808303219282564 108.5
1 0 -47.478416593438794 -61.46999852165392 -117.5
1 1 -44.75847189091191 -61.44656388808122 -108.0
2431
-------------------New----------------
0 0 24.09375197843573 79.11518687640998 118.5
0 1 27.402432721239144 77.48573376061765 108.5
1 0 102.07251032263954 40.63599218068468 -117.5
1 1 98.92777566612452 42.18747105412438 -108.0
2440
-------------------New----------------
0 0 -67.86483629306072 71.43790023456124 118.5
0 1 -68.08516447093884 73.6211957657838 108.5
1 0 -73.09397659517361 122.96029992238138 -117.5
1 1 -72.88259434164488 120.88574387133758 -108.0
2446
-------------------New----------------
0 0 28.206098436917387 -37.06009317669308 118.5
0 1 24.112898262330244 -37.91613645430319 108.5
1 0 -68.30237680910346 -57.327777686288734 -117.5
1 1 -64.42439101152766 -56.51241678509659 -108.0
2458
-------------------New----------------
0 0 73.23247142083466 -54.62657917572773 118.5
0 1 69.38636568080597 -54.204120959643056 108.5
1 0 -17.540327695999395 -44.66438481014072 -117.5
1 1 -13.886165660607698 -45.0652409036819 -108.0
2472
-------------------New----------------
0 0 -56.5816039886868 -28.328004392908184 118.5
0 1 -56.55816418257575 -27.89566269676854 108.5
1 0 -56.043644674832365 -18.13748189593187 -117.5
1 1 -56.06498746343948 -18.545553982175527 -108.0
2480
-------------------New----------------
0 0 -37.10424721575497 -15.47192840372567 118.5
0 1 -40.50330964685751 -16.746639567243705 108.5
1 0 -117.33305542120468 -45.5239693359794 -117.5
1 1 -114.10044865131515 -44.31591610283065 -108.0
2482
-------------------New----------------
0 0 -6.135418385833459 8.739853031488803 118.5
0 1 -1.306753311214331 9.53496272867864 108.5
1 0 108.14952792973159 27.57045817254545 -117.5
1 1 103.55291681555602 26.8195325300928 -108.0
2484
-------------------New----------------
0 0 -13.211259602260444 -72.26397138669617 118.5
0 1 -13.159947900560914 -71.30536644774398 108.5
1 0 -12.011341444109775 -49.683977370482616 -117.5
1 1 -12.059734700622213 -50.59193004355264 -108.0
2495
-------------------New----------------
0 0 90.49056342102422 0.6164399127450931 118.5
0 1 88.52956382420544 -1.3132479194261957 108.5
1 0 44.21958483312812 -44.88525906485319 -117.5
1 1 46.08185810616183 -43.05459417273781 -108.0
2498
-------------------New----------------
0 0 -82.35309236307212 78.31320610464893 118.5
0 1 -79.47068839110524 76.96786373052592 108.5
1 0 -14.312088523806057 46.54751804912624 -117.5
1 1 -17.057517718975554 47.82002821865106 -108.0
2499
-------------------New----------------
0 0 49.10260485149945 77.06409380979683 118.5
0 1 53.019438812489696 83.42677928069884 108.5
1 0 -12.285096941492107 -120.3392067315123 -117.5
1 1 -14.027702918146286 -118.28220678851581 -108.0
2502
-------------------New----------------
0 0 -75.99762319654671 -66.5186679643318 118.5
0 1 -76.31018250918189 -66.42191139158066 108.5
1 0 -83.7165393980375 -64.06028226588403 -117.5
1 1 -83.38786074321949 -64.16622600902461 -108.0
2510
-------------------New----------------
0 0 -14.056205582220016 -53.57511460434159 118.5
0 1 -13.56172701604703 -53.54572695374619 108.5
1 0 -2.371799714091644 -52.89548263894634 -117.5
1 1 -2.842551165791595 -52.921953850187585 -108.0
2513
-------------------New----------------
0 0 39.379949765235615 -6.957121525455729 118.5
0 1 36.93874162163738 -7.052095200845507 108.5
1 0 -25.025491796836093 -15.051815653335291 -117.5
1 1 -22.127800070558806 -14.423311544438514 -108.0
2515
-------------------New----------------
0 0 59.12826252032554 -110.91248417921102 118.5
0 1 58.80403331403121 -110.40911928540686 108.5
1 0 51.34319151451939 -99.28921289999438 -117.5
1 1 51.655720826335155 -99.74563792435347 -108.0
2526
-------------------New----------------
0 0 10.722963604683319 11.75705049256229 118.5
0 1 14.594916919432242 12.167254714455025 108.5
1 0 102.19573050401087 21.334147647225443 -117.5
1 1 98.50810765579868 20.94907448971214 -108.0
2530
-------------------New----------------
0 0 -92.35663831968449 11.851147000189943 118.5
0 1 -92.27958464521375 9.205845250249055 108.5
1 0 -90.52095996553292 -50.63132031266173 -117.5
1 1 -90.59313359946468 -48.11756837891288 -108.0
2535
-------------------New----------------
0 0 50.939286206968625 -45.36884307454974 118.5
0 1 52.72064042064644 -48.812058649974276 108.5
1 0 92.68955793964946 -126.3964310073485 -117.5
1 1 91.01152918420561 -123.13228132495053 -108.0
2549
-------------------New----------------
0 0 23.948472471718755 63.75305428105146 118.5
0 1 22.95356830687327 65.35073370380815 108.5
1 0 0.5676352414826169 101.6268275164863 -117.5
1 1 1.5062192065636755 100.09286638538144 -108.0
2551
-------------------New----------------
0 0 28.58457660490556 -75.88105896401973 118.5
0 1 30.414020477988164 -77.44987967522552 108.5
1 0 71.74789913236017 -112.88119662328423 -117.5
1 1 70.00984685801583 -111.38999968492328 -108.0
2577
-------------------New----------------
0 0 -51.374573714184564 -8.583127830591556 118.5
0 1 -51.6024924949315 -7.6763923503628515 108.5
1 0 -56.7362371868774 12.928892136847187 -117.5
1 1 -56.52197194295415 12.059743072216746 -108.0
2583
-------------------New----------------
0 0 -26.59114174705427 5.82715609851947 118.5
0 1 -23.55933888361923 8.82173169252448 108.5
1 0 44.96326389922531 76.5255790915614 -117.5
1 1 42.08265677751012 73.6798703007313 -108.0
2599
-------------------New----------------
0 0 -54.40618723550445 -71.29261573063818 118.5
0 1 -50.189214800034286 -69.87570633144928 108.5
1 0 45.121698320837666 -37.977901732045936 -117.5
1 1 41.1140096531357 -39.31817203907503 -108.0
2600
-------------------New----------------
0 0 -92.85075489794893 -44.72738141432317 118.5
0 1 -91.5700033141694 -42.68194832572375 108.5
1 0 -62.75120685018678 3.567814996832527 -117.5
1 1 -63.96263330558954 1.620704170080139 -108.0
2604
-------------------New----------------
0 0 -11.97432753936345 -4.609883764309416 118.5
0 1 -8.168985114179034 -6.985750552777477 108.5
1 0 77.83402251811529 -60.66891730488552 -117.5
1 1 74.21875103446766 -58.41306828818663 -108.0
2630
-------------------New----------------
0 0 69.02543931788831 -1.68615253837578 118.5
0 1 68.55540147481781 -4.287404411721768 108.5
1 0 57.93670644796142 -63.06976332554218 -117.5
1 1 58.382964889332584 -60.59975436823238 -108.0
2631
-------------------New----------------
0 0 -27.95858622703158 -34.267352762932894 118.5
0 1 -32.09110069590829 -33.978181979954016 108.5
1 0 -125.48127783032399 -27.44441712132305 -117.5
1 1 -121.55579454607175 -27.718852853073884 -108.0
2634
-------------------New----------------
0 0 8.826054578863452 -99.17946490912513 118.5
0 1 5.886678248550462 -97.87138010841895 108.5
1 0 -60.069497422837216 -68.72871502053466 -117.5
1 1 -57.33582736581418 -69.95444664858027 -108.0
2640
-------------------New----------------
0 0 17.325970330703562 -22.813220866390175 118.5
0 1 16.550357240390696 -24.187680163727457 108.5
1 0 -1.0926036342068481 -55.15044783826355 -117.5
1 1 -0.3610614434118585 -53.84680336553945 -108.0
2651
-------------------New----------------
0 0 20.83667821284981 -74.33628074567723 118.5
0 1 20.04353949523284 -75.55952912890733 108.5
1 0 2.161225902419306 -103.21312357539432 -117.5
1 1 2.912757022523532 -102.05011013694414 -108.0
2662
-------------------New----------------
0 0 14.543767158335475 -59.592360213136 118.5
0 1 19.153561566875684 -60.796612300370114 108.5
1 0 123.26961226033123 -88.1578565699962 -117.5
1 1 118.89717081595438 -87.00597791680272 -108.0
2675
-------------------New----------------
0 0 -55.870970414320254 -68.58443189150593 118.5
0 1 -57.98097362094732 -64.50843714547322 108.5
1 0 -106.05417492003437 27.463232589300787 -117.5
1 1 -104.02707825454475 23.595687849826437 -108.0
2681
-------------------New----------------
0 0 -0.05670939864690929 -59.85670462147912 118.5
0 1 1.2553786596493601 -59.582329271478805 108.5
1 0 30.787219059649146 -53.532820074918234 -117.5
1 1 29.546224422239856 -53.79285879934141 -108.0
2691
-------------------New----------------
0 0 -6.281906555533883 21.61275925468307 118.5
0 1 -2.812255180380358 17.694542564473334 108.5
1 0 75.55768314969096 -70.79146508203007 -117.5
1 1 72.26954415170503 -67.07476062827257 -108.0
2693
-------------------New----------------
0 0 -4.374869769396175 1.3577509740906741 118.5
0 1 -5.567612338225626 5.542370329442244 108.5
1 0 -32.77477200756855 99.77380057776568 -117.5
1 1 -31.62933966602815 95.8203226428046 -108.0
2697
-------------------New----------------
0 0 -14.138053487100573 51.31343253141914 118.5
0 1 -11.129521087256231 46.12208366047828 108.5
1 0 56.9518863314582 -71.25249202082153 -117.5
1 1 54.085666436818485 -66.31966324509577 -108.0
2698
-------------------New----------------
0 0 -85.62344915366687 17.64149822060684 118.5
0 1 -82.82087600639497 16.56734459581497 108.5
1 0 -19.48358428476096 -7.70176999015316 -117.5
1 1 -22.146283417960245 -6.682121373631911 -108.0
2712
-------------------New----------------
0 0 32.87977641165678 20.635026565751346 118.5
0 1 27.02928733880711 18.280388927252364 108.5
1 0 -105.09986584802198 -34.961413326823546 -117.5
1 1 -99.54540088428537 -32.71687966469558 -108.0
2716
-------------------New----------------
0 0 -47.96840668545441 -56.07308551859222 118.5
0 1 -44.57709998045253 -53.234132027484634 108.5
1 0 32.039006559357624 10.794011539897383 -117.5
1 1 28.82140046606343 8.098920684550503 -108.0
2728
-------------------New----------------
0 0 22.973543029650532 -15.332169278867605 118.5
0 1 21.04561860617228 -10.572383078906256 108.5
1 0 -22.515388807655285 97.03106981443605 -117.5
1 1 -20.684473766979135 92.50266822482165 -108.0
2731
-------------------New----------------
0 0 -26.490986781606875 -51.987930556496394 118.5
0 1 -27.839327485471035 -52.05160881283096 108.5
1 0 -58.33496301343614 -53.66244735788001 -117.5
1 1 -57.05057309702212 -53.59134723626996 -108.0
2733
-------------------New----------------
0 0 121.94593068431621 18.132213148903706 118.5
0 1 121.7786870511989 14.876071715856758 108.5
1 0 117.92192323665813 -58.673087198235166 -117.5
1 1 118.08581381453067 -55.58690044286668 -108.0
2739
-------------------New----------------
0 0 -81.74452501403039 -58.41918531361806 118.5
0 1 -81.10028515752452 -57.43300218365057 108.5
1 0 -66.53768282123517 -35.05402214353446 -117.5
1 1 -67.14942734163594 -35.99245852917068 -108.0
2740
-------------------New----------------
0 0 97.70064193477351 -70.7174829856485 118.5
0 1 96.51615710349793 -66.70244240346915 108.5
1 0 69.61093588579743 24.11490938766332 -117.5
1 1 70.74818497010305 20.30540577316954 -108.0
2745
-------------------New----------------
0 0 -47.19981662297799 -9.39583015653961 118.5
0 1 -45.08141171111794 -10.60411813692219 108.5
1 0 2.7944105990136645 -37.90233071222646 -117.5
1 1 0.7819565440616824 -36.75517928522262 -108.0
2750
-------------------New----------------
0 0 -35.240424934278046 71.03446115624982 118.5
0 1 -30.4753681048985 72.73062182630825 108.5
1 0 77.44286233859442 111.42791833240953 -117.5
1 1 72.89857966434386 109.7986159440521 -108.0
2751
-------------------New----------------
0 0 73.11363118380072 -87.69409038598253 118.5
0 1 73.01766374391804 -86.88303438328228 108.5
1 0 70.88760699190684 -68.49710195305717 -117.5
1 1 70.97739043809389 -69.273687835454 -108.0
2760
-------------------New----------------
0 0 14.844142871528536 78.89162026376444 118.5
0 1 16.18343948318798 76.63461461842766 108.5
1 0 46.470801470014216 25.566361590158948 -117.5
1 1 45.19741896736678 27.71334814855045 -108.0
2762
-------------------New----------------
0 0 77.32766219685516 -35.94819214457332 118.5
0 1 73.88732757888586 -33.08701253332551 108.5
1 0 -1.7724685789695975 24.878547262632498 -117.5
1 1 1.265348113175908 22.684046353715722 -108.0
2763
-------------------New----------------
0 0 -61.84823804284154 8.325474479150426 118.5
0 1 -58.62051878358277 8.587001759547443 108.5
1 0 14.358377016189682 14.622304812038482 -117.5
1 1 11.290130663051935 14.36092178780867 -108.0
2772
-------------------New----------------
0 0 21.079357668057618 -10.464658941731846 118.5
0 1 19.859139514474684 -8.80200418896756 108.5
1 0 -7.68553343299333 28.920038885212865 -117.5
1 1 -6.525393472643556 27.333480674211632 -108.0
2773
-------------------New----------------
0 0 73.66417464288891 51.42265083504235 118.5
0 1 74.02443226192409 48.8082170714103 108.5
1 0 82.18523408471042 -10.190900455570805 -117.5
1 1 81.83204115762116 -7.714402969696008 -108.0
2778
-------------------New----------------
0 0 35.40366312272148 -27.981197368805606 118.5
0 1 38.93505410143532 -26.732451830312176 108.5
1 0 118.74516823216439 1.4832125438146453 -117.5
1 1 115.39039841934212 0.2972235391875705 -108.0
2788
-------------------New----------------
0 0 -18.209580391095095 -34.409012890428876 118.5
0 1 -18.536167118417065 -35.71391749473746 108.5
1 0 -25.849314763286394 -65.29081870556399 -117.5
1 1 -25.544032203289046 -64.0543948728824 -108.0
2789
-------------------New----------------
0 0 -48.4585411596554 16.74164045218304 118.5
0 1 -51.15618118909705 11.738650354200136 108.5
1 0 -112.23260757172474 -101.31330622127037 -117.5
1 1 -109.66210150876206 -96.56077044137481 -108.0
2790
-------------------New----------------
0 0 58.70494752928753 -48.276775341191865 118.5
0 1 55.729798736023625 -47.86208760807085 108.5
1 0 -11.495689131165758 -38.49698507883429 -117.5
1 1 -8.67008953011972 -38.89058291426444 -108.0
2791
-------------------New----------------
0 0 75.28848864896442 117.21571029490792 118.5
0 1 75.40893673341971 116.77565044522184 108.5
1 0 78.15142822737576 106.83432882837087 -117.5
1 1 78.0361975121279 107.25166486270932 -108.0
2801
-------------------New----------------
0 0 18.47046886601764 57.16933486595199 118.5
0 1 20.70620807785582 58.90721892817883 108.5
1 0 71.24739382958204 98.21007933944439 -117.5
1 1 69.12241477074534 96.55707820258293 -108.0
2802
-------------------New----------------
0 0 30.37074238758661 1.474371349681169 118.5
0 1 32.584399813990544 -1.748929212257559 108.5
1 0 82.62086312936631 -74.62168654547153 -117.5
1 1 80.51721303544502 -71.5583634179692 -108.0
2804
-------------------New----------------
0 0 33.741598151756385 -39.93547433603923 118.5
0 1 36.253812852753875 -39.808195160957766 108.5
1 0 93.24492786264486 -36.74355793452338 -117.5
1 1 90.8492859780564 -36.87688390144942 -108.0
2813
-------------------New----------------
0 0 80.16394797624255 22.48421816973193 118.5
0 1 81.30180615595071 22.419624173783845 108.5
1 0 107.00377826112597 20.980474512804992 -117.5
1 1 105.92584345885288 21.04109578918729 -108.0
2820
-------------------New----------------
0 0 -91.47845234123687 53.32913209405253 118.5
0 1 -89.594291035127 52.80240094524883 108.5
1 0 -47.16557974149449 40.96359252364136 -117.5
1 1 -48.942356820983626 41.46668429512247 -108.0
2829
-------------------New----------------
0 0 63.36473989549984 53.34797394132944 118.5
0 1 65.74024349383012 53.60010923129837 108.5
1 0 119.38657693406374 59.28839382314696 -117.5
1 1 117.13143006573198 59.04913658755489 -108.0
2858
-------------------New----------------
0 0 40.70641872440272 -84.09853121328067 118.5
0 1 40.11725905914234 -81.8026662517078 108.5
1 0 26.80376360541562 -29.887167551162342 -117.5
1 1 27.363895407298237 -32.068580796356315 -108.0
2859
-------------------New----------------
0 0 84.21419372947545 28.444684055958867 118.5
0 1 82.99953397713598 24.6052423517852 108.5
1 0 55.53155446343148 -62.143857525986235 -117.5
1 1 56.68577478256202 -58.49993022216445 -108.0
2862
-------------------New----------------
0 0 -59.649849298584385 57.88375595254013 118.5
0 1 -59.0181778419329 57.72912277002397 108.5
1 0 -44.73991077608612 54.18946671314603 -117.5
1 1 -45.3362349716442 54.344708637158575 -108.0
2874
-------------------New----------------
0 0 74.83552086652602 40.011692202512634 118.5
0 1 74.62692428572959 35.17700741538522 108.5
1 0 69.915274954081 -74.10859361926859 -117.5
1 1 70.1133789860786 -69.5141563458305 -108.0
2878
-------------------New----------------
0 0 -5.091757150830819 -88.31233617582895 118.5
0 1 -8.922460310874524 -88.1077086596976 108.5
1 0 -95.49329567859414 -83.45979876336318 -117.5
1 1 -91.85408651793348 -83.6553421604137 -108.0
2885
-------------------New----------------
0 0 -54.97427936558423 99.63736551393883 118.5
0 1 -52.32747550934621 100.5761441039012 108.5
1 0 7.486796779749795 121.78504211868793 -117.5
1 1 4.972031313349194 120.89443443852572 -108.0
2890
-------------------New----------------
0 0 -39.17146841174266 -101.9428882598409 118.5
0 1 -41.0430055462979 -102.81413616180066 108.5
1 0 -83.31036524284812 -122.43285799761466 -117.5
1 1 -81.5340573254199 -121.61030759111358 -108.0
2898
-------------------New----------------
0 0 -53.14453372278426 53.80309084563381 118.5
0 1 -50.33363491694199 52.30060123993371 108.5
1 0 13.205167872852787 18.317234482394447 -117.5
1 1 10.530005020244838 19.74747865214691 -108.0
2905
-------------------New----------------
0 0 -86.28131482630234 -62.8881458343547 118.5
0 1 -86.42963458614113 -61.28896032467367 108.5
1 0 -89.83581360480851 -25.124316804133887 -117.5
1 1 -89.69149667413456 -26.64222963239418 -108.0
2915
-------------------New----------------
0 0 47.008629415826086 -119.346759124324 118.5
0 1 48.268012673630764 -125.68448797148751 108.5
1 0 -52.72257824627793 -93.85410592449266 -117.5
1 1 -51.35697686923536 -90.83941904323407 -108.0
2929
-------------------New----------------
0 0 -25.343549314090684 -61.467662126191314 118.5
0 1 -28.51473565748779 -59.587194029361385 108.5
1 0 -100.24897245011833 -16.97952506425265 -117.5
1 1 -97.2259073266275 -18.768336151730804 -108.0
2931
-------------------New----------------
0 0 41.760364730237185 20.389274446088248 118.5
0 1 40.640837048301776 17.367968611792364 108.5
1 0 15.353908423046041 -50.91317682501881 -117.5
1 1 16.415587348596056 -48.04305820695041 -108.0
2935
-------------------New----------------
0 0 57.644569928976765 -15.864640988132743 118.5
0 1 54.44202296616167 -12.150394698921668 108.5
1 0 -17.971320559621258 71.77304988829886 -117.5
1 1 -14.92669676246885 68.24749343345391 -108.0
2936
-------------------New----------------
0 0 -2.4548061881953354 -4.130521538632111 118.5
0 1 -6.850044952758116 -3.2839355651920075 108.5
1 0 -106.22360537275233 15.85183496646689 -117.5
1 1 -102.04680518859308 15.04668914174494 -108.0
2937
-------------------New----------------
0 0 -24.84766334590322 -23.25823792379235 118.5
0 1 -25.058779311259453 -22.039827173622648 108.5
1 0 -29.815080721477614 4.785915748746769 -117.5
1 1 -29.606356507291387 3.6395299299261827 -108.0
2939
-------------------New----------------
0 0 -46.799529547071806 -102.975461178951 118.5
0 1 -47.396125863654625 -103.34085750475128 108.5
1 0 -60.88614218605717 -111.59801368206267 -117.5
1 1 -60.31881278403832 -111.25071436733867 -108.0
2948
-------------------New----------------
0 0 -62.76301610044503 10.136247191648845 118.5
0 1 -62.188323681777334 14.068087790347928 108.5
1 0 -49.203967925372254 102.92183341312223 -117.5
1 1 -49.74971447500248 99.18674562935577 -108.0
2952
-------------------New----------------
0 0 -37.559704063345535 -11.02897804516102 118.5
0 1 -39.28843846696161 -5.854881138848565 108.5
1 0 -78.82752302279138 111.07115600409716 -117.5
1 1 -77.17357420451337 106.16339485021183 -108.0
2962
-------------------New----------------
0 0 35.605191739576775 24.71768097606987 118.5
0 1 34.00793416386408 26.741358746636102 108.5
1 0 -2.142755081508689 72.46212090476735 -117.5
1 1 -0.6165821477445073 70.5424617230859 -108.0
2967
-------------------New----------------
0 0 -27.505044840346123 -46.85483793973704 118.5
0 1 -23.573397753958737 -48.93718214598756 108.5
1 0 65.34377767282015 -96.05389835166193 -117.5
1 1 61.603982361263476 -94.07307203338158 -108.0
2969
-------------------New----------------
0 0 56.7374862605554 -47.57621114101049 118.5
0 1 57.9264683884208 -44.35308084017113 108.5
1 0 84.79244874245748 28.521844962027252 -117.5
1 1 83.66098402470631 25.458709349618374 -108.0
2975
-------------------New----------------
0 0 38.14535560905067 57.71045736384881 118.5
0 1 37.664983640545486 54.24160104545204 108.5
1 0 26.642054312662047 -23.941796410114847 -117.5
1 1 27.10791471140771 -20.66325165824454 -108.0
2978
-------------------New----------------
0 0 18.488025926227326 37.74938325224186 118.5
0 1 15.82722804235345 33.630676318378015 108.5
1 0 -44.307618000193216 -59.4555348284572 -117.5
1 1 -41.78000220167522 -55.54241176811072 -108.0
2979
-------------------New----------------
0 0 11.45146001193603 22.23994347791582 118.5
0 1 9.78489997605558 24.870892686532226 108.5
1 0 -27.832248817906788 84.36956594020978 -117.5
1 1 -26.248591243238035 81.86686574129388 -108.0
2982
-------------------New----------------
0 0 -33.497770500253324 -33.64972239746228 118.5
0 1 -36.20216692597488 -30.9398527616994 108.5
1 0 -97.34936159145235 30.39877275535553 -117.5
1 1 -94.77841024326302 27.817095005375485 -108.0
2984
-------------------New----------------
0 0 3.8963543576510276 70.62847945100333 118.5
0 1 3.198191353970457 69.90923704016163 108.5
1 0 -12.597509974201726 53.64751907717596 -117.5
1 1 -11.932405209602102 54.33100465404991 -108.0
2990
-------------------New----------------
0 0 -81.07711174607932 22.42310700464106 118.5
0 1 -81.06069275893904 19.039143055584812 108.5
1 0 -80.56173253175453 -57.44111942358626 -117.5
1 1 -80.5951000955344 -54.2269055859533 -108.0
2994
-------------------New----------------
0 0 -74.23416277685516 -87.73450360045739 118.5
0 1 -74.55953453536549 -87.48196517284512 108.5
1 0 -81.76380430135286 -81.97619061636 -117.5
1 1 -81.46679075165875 -82.20781827906525 -108.0
2997
-------------------New----------------
0 0 -5.2838241284134275 -73.55844259960973 118.5
0 1 -8.736675990567074 -74.46325457387562 108.5
1 0 -86.76844776566256 -94.91737940374097 -117.5
1 1 -83.48818756990492 -94.05767308971693 -108.0
2999
-------------------New----------------
0 0 -60.215438710079205 12.588414649459748 118.5
0 1 -56.81584468166481 11.445912183664042 108.5
1 0 20.509254174508293 -14.492723184735159 -117.5
1 1 17.236425014243274 -13.394800676441665 -108.0
3001
-------------------New----------------
0 0 -81.2494432008159 32.85683620219097 118.5
0 1 -81.64344297682496 28.77614384963033 108.5
1 0 -90.52402942100107 -63.38540162106801 -117.5
1 1 -90.15230693518666 -59.516007030892446 -108.0
3014
-------------------New----------------
0 0 34.20562812800425 16.732418001834493 118.5
0 1 35.80986628305188 11.458665761640917 108.5
1 0 72.06955596623105 -107.73169852250683 -117.5
1 1 70.54501655662321 -102.72118903126493 -108.0
3018
-------------------New----------------
0 0 -3.6103065832936494 -71.35962941531504 118.5
0 1 -6.866812413736897 -71.97537569140188 108.5
1 0 -80.74123471185722 -85.8231792229395 -117.5
1 1 -77.63695436296346 -85.22078852666138 -108.0
3021
-------------------New----------------
0 0 -71.2066032097325 -54.266868053399854 118.5
0 1 -67.21726069287229 -54.796627773981946 108.5
1 0 23.07393633165221 -66.84822591175433 -117.5
1 1 19.27681286686853 -66.34356943602808 -108.0
3026
-------------------New----------------
0 0 -3.1357688979638576 41.82177152371238 118.5
0 1 -7.073383764886789 36.966575741412285 108.5
1 0 -96.13905498024172 -72.59444480269981 -117.5
1 1 -92.39141029841441 -67.9902690575094 -108.0
3035
-------------------New----------------
0 0 79.00463064261359 -60.58796135580665 118.5
0 1 77.52167825803193 -56.52764467899742 108.5
1 0 43.999905233633896 35.229049877804286 -117.5
1 1 45.40875411023718 31.37227161750178 -108.0
3038
-------------------New----------------
0 0 42.97984116928431 -35.392304385436674 118.5
0 1 40.044162634914656 -29.47233811552125 108.5
1 0 -26.564385753996124 104.3277474386231 -117.5
1 1 -23.75773149301276 98.68965649712709 -108.0
3039
-------------------New----------------
0 0 -66.1958211194631 12.359543763362774 118.5
0 1 -64.08607778176868 17.256639458312364 108.5
1 0 -16.34809815100448 127.94593263817464 -117.5
1 1 -18.356572052957976 123.28822267845018 -108.0
3042
-------------------New----------------
0 0 -39.206902400633524 -37.58933196027827 118.5
0 1 -36.06629104671157 -40.81314839088069 108.5
1 0 34.75240150153245 -113.78460901802733 -117.5
1 1 31.79529064352264 -110.70922950853704 -108.0
3070
-------------------New----------------
0 0 -52.864778981602036 120.97719326711515 118.5
0 1 -51.32338071459342 120.75091950712552 108.5
1 0 -16.490278616920556 115.61679176625607 -117.5
1 1 -17.95501137593778 115.83301738371934 -108.0
3075
-------------------New----------------
0 0 -26.776066345831794 -24.168953283137352 118.5
0 1 -24.74059180532609 -24.391036072964507 108.5
1 0 21.338688008099226 -29.530303316088 -117.5
1 1 19.399193328874205 -29.32320066766821 -108.0
3082
-------------------New----------------
0 0 109.66905439980391 3.137261302115624 118.5
0 1 110.17872012216613 7.084240379580997 108.5
1 0 121.7376114868108 96.23561878560048 -117.5
1 1 121.25168886041311 92.4897175147833 -108.0
3083
-------------------New----------------
0 0 92.4204507074121 50.34054220803755 118.5
0 1 91.16474472716298 52.033181993980406 108.5
1 0 62.847315945019886 90.22257740556343 -117.5
1 1 64.03697466063205 88.60744078003202 -108.0
3104
-------------------New----------------
0 0 -5.2323786726456065 22.540755836986765 118.5
0 1 -9.2119429873876 22.986785787108648 108.5
1 0 -99.23963001388366 33.08652793297095 -117.5
1 1 -95.45249870302052 32.66260757246307 -108.0
3113
-------------------New----------------
0 0 21.980700551313696 67.11474790528945 118.5
0 1 17.902387006692862 65.3440363062887 108.5
1 0 -74.13966097085948 25.648303983698458 -117.5
1 1 -70.26735116397734 27.312729559151943 -108.0
3132
-------------------New----------------
0 0 20.841210001131085 -42.2638719980898 118.5
0 1 16.976209513492417 -44.30705751710009 108.5
1 0 -70.34553720607072 -90.57997874038927 -117.5
1 1 -66.67419931438388 -88.63724138028546 -108.0
3137
-------------------New----------------
0 0 3.735753964795664 87.50728635330631 118.5
0 1 1.9136028758625023 88.86760582269626 108.5
1 0 -39.18194777750436 119.61014767305346 -117.5
1 1 -37.466212462746526 118.3191409936622 -108.0
3138
-------------------New----------------
0 0 -69.20489110357819 70.10312289470967 118.5
0 1 -69.91534229894998 69.8962982559873 108.5
1 0 -86.04416255029022 65.20630163270614 -117.5
1 1 -85.35249812303229 65.38955547426954 -108.0
3139
-------------------New----------------
0 0 19.157487312998175 4.509982275162246 118.5
0 1 23.36407213009138 6.646674948686828 108.5
1 0 118.49925547345624 54.639758816130744 -117.5
1 1 114.4940870048437 52.635883232922765 -108.0
3143
-------------------New----------------
0 0 -0.831039842826371 -85.11815596607131 118.5
0 1 0.5758413960883891 -86.5202989762749 108.5
1 0 32.10934402993975 -120.64890681694597 -117.5
1 1 30.839249001816853 -119.13837576269877 -108.0
3145
-------------------New----------------
0 0 84.62726950560548 -67.09904797858185 118.5
0 1 85.29091534592918 -66.80040248283089 108.5
1 0 100.31655327156153 -60.04343080740134 -117.5
1 1 99.68339817732557 -60.32702316845014 -108.0
3148
-------------------New----------------
0 0 -7.153994887371219 -13.987260399261169 118.5
0 1 -3.2804307710588567 -10.19398645908949 108.5
1 0 84.29255879873787 75.38424998134471 -117.5
1 1 80.60855999311498 71.78727343709349 -108.0
3151
-------------------New----------------
0 0 37.61640594500737 -45.931594943825154 118.5
0 1 31.98963162870473 -46.48139966395204 108.5
1 0 -95.19991936987344 -58.899563926007225 -117.5
1 1 -89.85198787566799 -58.37675464972108 -108.0
3154
-------------------New----------------
0 0 -56.566381698933114 -44.14636047702654 118.5
0 1 -57.406973045897495 -39.668538169719504 108.5
1 0 -76.39498867334021 61.54810847244187 -117.5
1 1 -75.59618108042753 57.293774982735364 -108.0
3165
-------------------New----------------
0 0 -124.65383762354448 -64.02784460838876 118.5
0 1 -124.60870251963419 -64.16593265991851 108.5
1 0 -123.60392896550559 -67.27210809839823 -117.5
1 1 -123.64597767675518 -67.14198654731956 -108.0
3176
-------------------New----------------
0 0 36.203640860479794 45.58983313236824 118.5
0 1 36.98460158877914 47.68862881890892 108.5
1 0 54.53807712131271 95.03937785642066 -117.5
1 1 53.79874985274357 93.05818665656037 -108.0
3179
-------------------New----------------
0 0 -23.248638864039084 17.68573255513237 118.5
0 1 -21.004652779148692 19.658873620412287 108.5
1 0 29.85374980695253 64.16403697118201 -117.5
1 1 27.713451927720502 62.295123579396844 -108.0
3193
-------------------New----------------
0 0 43.12288437754968 -13.524161686442985 118.5
0 1 44.027166955949255 -10.383880749109007 108.5
1 0 64.4479276261325 60.57049179634758 -117.5
1 1 63.589834948467114 57.58686697912192 -108.0
3198
-------------------New----------------
0 0 80.27616019277102 63.53686824805393 118.5
0 1 79.09940614114082 62.04131783168474 108.5
1 0 52.497549678626534 28.23745044479918 -117.5
1 1 53.61605690490139 29.658832457738036 -108.0
3202
-------------------New----------------
0 0 108.2151712667658 52.886059186223555 118.5
0 1 108.66183419463532 48.403309474318874 108.5
1 0 119.04085918944278 -52.91514380092353 -117.5
1 1 118.6120696732224 -48.66510063986074 -108.0
3207
-------------------New----------------
0 0 -16.50684921155704 -23.356958779807535 118.5
0 1 -18.90692702502867 -21.50621908306952 108.5
1 0 -73.19420370206836 20.321157583530145 -117.5
1 1 -70.90707535485137 18.560247857854343 -108.0
3210
-------------------New----------------
0 0 -124.67777835857157 47.02840266741904 118.5
0 1 -124.47655951314873 45.61379449113734 108.5
1 0 -119.9224503816691 13.641523356832067 -117.5
1 1 -120.11416925984858 14.98548656618082 -108.0
3225
-------------------New----------------
0 0 52.81713423998741 -107.93584498600906 118.5
0 1 48.16858912326647 -108.7645223846223 108.5
1 0 -56.8902183970244 -127.47553599034222 -117.5
1 1 -52.472858504606904 -126.6897141170526 -108.0
3228
-------------------New----------------
0 0 79.82184194266223 25.206280123365364 118.5
0 1 78.09472082307535 23.97000967379486 108.5
1 0 39.04848692830684 -3.9871503900032605 -117.5
1 1 40.69050279517088 -2.811724025319568 -108.0
3232
-------------------New----------------
0 0 -35.935963877833615 -18.850712772676797 118.5
0 1 -32.70711392800979 -20.44011679634246 108.5
1 0 40.24620885767921 -56.3544313025032 -117.5
1 1 37.17941371630143 -54.84477716083901 -108.0
3234
-------------------New----------------
0 0 25.973481981860903 -27.454946117888955 118.5
0 1 19.579272771716827 -25.842762061405615 108.5
1 0 -124.92989362615238 10.591905619220558 -117.5
1 1 -118.85527954677127 9.06027923081133 -108.0
3236
-------------------New----------------
0 0 35.66422444605275 -81.71830623171792 118.5
0 1 36.177432687754354 -82.51095985934455 108.5
1 0 47.754000340641824 -100.24078795513469 -117.5
1 1 47.26585042177448 -99.49936173051152 -108.0
3237
-------------------New----------------
0 0 4.343482670028007 4.407250028967921 118.5
0 1 6.870927547781081 2.9479572018305613 108.5
1 0 64.01093177181286 -30.05721692948 -117.5
1 1 61.61116438960912 -28.669936004956714 -108.0
3238
-------------------New----------------
0 0 -60.27311039737758 -81.77402396157001 118.5
0 1 -58.80838383940223 -82.92513450853752 108.5
1 0 -25.79497899723426 -108.54797440807147 -117.5
1 1 -27.17763943088021 -107.48473739365936 -108.0
3240
-------------------New----------------
0 0 126.42624166657296 38.85807763419906 118.5
0 1 126.47500292671893 40.596647755505714 108.5
1 0 127.53145290624134 79.90831741478078 -117.5
1 1 127.48768106416041 78.25618536168686 -108.0
3242
-------------------New----------------
0 0 48.8013551011606 40.163782452869356 118.5
0 1 47.24416373648552 40.66100473887001 108.5
1 0 12.022244718071548 51.885482393838195 -117.5
1 1 13.504644782583862 51.41430875222569 -108.0
3244
-------------------New----------------
0 0 -62.58377877992412 -91.12212019390782 118.5
0 1 -61.62615147055102 -90.8005837436219 108.5
1 0 -39.982319021600084 -83.53444319514492 -117.5
1 1 -40.89218885515779 -83.83981862545917 -108.0
3253
-------------------New----------------
0 0 -2.202654963847788 -60.83949375215275 118.5
0 1 -4.278761629077286 -59.97154877179012 108.5
1 0 -51.18939001454283 -40.36575444790219 -117.5
1 1 -49.21725373313657 -41.19269638513038 -108.0
3254
-------------------New----------------
0 0 -82.05595862103253 -54.7884046892486 118.5
0 1 -81.95392734420193 -57.471918295124034 108.5
1 0 -79.67935749305153 -118.11938760416015 -117.5
1 1 -79.77395019488007 -115.56892093507395 -108.0
3264
-------------------New----------------
0 0 -61.86590290247553 10.315901313474393 118.5
0 1 -63.30678951451607 12.005741782387819 108.5
1 0 -95.89975009349902 50.15350176683598 -117.5
1 1 -94.52829529101885 48.55065511416906 -108.0
3265
-------------------New----------------
0 0 -4.652145547569981 -2.4981067592017774 118.5
0 1 -4.718948580202062 -5.878502107283969 108.5
1 0 -6.22929054037159 -82.27684876031834 -117.5
1 1 -6.168769180699245 -79.06296575734952 -108.0
3276
-------------------New----------------
0 0 9.67440438261316 -28.490368553709896 118.5
0 1 7.991592556832214 -31.224617779721747 108.5
1 0 -30.01607721929481 -92.98018717651584 -117.5
1 1 -28.416358688573432 -90.38261780971142 -108.0
3279
-------------------New----------------
0 0 28.51762810719086 85.19901051220876 118.5
0 1 29.630193706990305 84.27129034848141 108.5
1 0 54.77737153589875 63.30303568199715 -117.5
1 1 53.72001002142183 64.18420933429795 -108.0
3280
-------------------New----------------
0 0 -13.072922276153369 -46.64530924703677 118.5
0 1 -16.90957339525842 -46.28366097894719 108.5
1 0 -103.64006411167891 -38.11325500979065 -117.5
1 1 -99.99362350399727 -38.455786730616616 -108.0
3287
-------------------New----------------
0 0 -18.637171635141677 44.02228020551438 118.5
0 1 -17.206227678108654 47.29334737613148 108.5
1 0 15.133151448295024 121.20831360872383 -117.5
1 1 13.775562659915513 118.10231315001799 -108.0
3296
-------------------New----------------
0 0 33.243264521489095 -45.637239822541794 118.5
0 1 33.255875155444706 -46.68887818615862 108.5
1 0 33.63896915116372 -70.5609703232424 -117.5
1 1 33.622018319729065 -69.55495086468522 -108.0
3298
-------------------New----------------
0 0 52.12612574989093 93.76297293610287 118.5
0 1 53.055266181187335 91.78937582423983 108.5
1 0 73.93994968341791 47.06238759706033 -117.5
1 1 73.06514080277009 48.94275408039461 -108.0
3304
-------------------New----------------
0 0 54.63312510680673 0.03126260314224001 118.5
0 1 51.16285984924471 -2.6857172712720425 108.5
1 0 -27.32462899898473 -64.0942684231874 -117.5
1 1 -24.02149646639928 -61.51423780924914 -108.0
3318
-------------------New----------------
0 0 53.11347996293726 6.669188775144479 118.5
0 1 54.13101170855352 8.720604636210213 108.5
1 0 77.16566030851446 54.914615237999115 -117.5
1 1 76.19619786609375 52.97792217020519 -108.0
3321
-------------------New----------------
0 0 38.14795990218498 92.21422607896842 118.5
0 1 40.02754250790626 90.76372823855277 108.5
1 0 82.50470080830983 57.981056398223345 -117.5
1 1 80.71963284595867 59.358973196377825 -108.0
3326
-------------------New----------------
0 0 34.85824563783923 11.081779421141603 118.5
0 1 36.91012686130647 15.57258183552913 108.5
1 0 83.40343033388486 117.08251837503742 -117.5
1 1 81.44304698817756 112.81679030607347 -108.0
3331
-------------------New----------------
0 0 63.847725775510334 -111.32304488004186 118.5
0 1 61.64378540374613 -110.49577534582461 108.5
1 0 11.770791156893395 -91.6914362085973 -117.5
1 1 13.869591864240766 -92.48493721612563 -108.0
3334
-------------------New----------------
0 0 -56.46352727128523 21.32577445630178 118.5
0 1 -57.1101122441101 20.639275298742792 108.5
1 0 -71.70107805292014 5.145167426324703 -117.5
1 1 -71.08941864140749 5.798102613052698 -108.0
3338
-------------------New----------------
0 0 20.51049707656754 -15.684688375266541 118.5
0 1 18.00932012708852 -12.889136586658974 108.5
1 0 -38.54703302435378 50.27021493881095 -117.5
1 1 -36.16831618537801 47.61769360125141 -108.0
3347
-------------------New----------------
0 0 -63.23164013848725 74.51149459596022 118.5
0 1 -62.900412445449206 75.05778009879923 108.5
1 0 -55.41963321861446 87.40475525124162 -117.5
1 1 -55.73387200780887 86.885529989533 -108.0
3352
-------------------New----------------
0 0 -38.9350471081343 -93.7585573454164 118.5
0 1 -32.71787269487499 -94.87112858862227 108.5
1 0 107.7433220816825 -120.06653296383872 -117.5
1 1 101.84226722171866 -119.00539252024312 -108.0
3357
-------------------New----------------
0 0 -59.16685286671278 58.95142302372176 118.5
0 1 -57.16246902157197 57.61265666822669 108.5
1 0 -11.871855610769618 27.378680594024665 -117.5
1 1 -13.774442880227841 28.648315560403393 -108.0
3363
-------------------New----------------
0 0 10.717580763711384 -7.045911922456732 118.5
0 1 10.710379568823218 -5.61556579161107 108.5
1 0 10.513870878192174 26.697931204283208 -117.5
1 1 10.522656492494349 25.338459348603912 -108.0
3364
-------------------New----------------
0 0 34.543316615482425 13.909540235206958 118.5
0 1 36.39544248305718 8.842064780910007 108.5
1 0 78.10235552652244 -105.58871122488786 -117.5
1 1 76.35572839031308 -100.77082316579803 -108.0
3368
-------------------New----------------
0 0 12.443422873866627 -103.74478236651748 118.5
0 1 7.759679478416932 -101.9900171242268 108.5
1 0 -98.1431987636499 -62.29493375803493 -117.5
1 1 -93.68832985936213 -63.96588508941178 -108.0
3376
-------------------New----------------
0 0 26.76314377128878 -8.22464101218146 118.5
0 1 20.80566904548163 -6.897811969519374 108.5
1 0 -113.85914078768715 23.0728150730475 -117.5
1 1 -108.19762218389778 21.811090501698295 -108.0
3377
-------------------New----------------
0 0 64.66251476683416 -57.34036156836579 118.5
0 1 60.684212581097995 -57.02610470739701 108.5
1 0 -29.239521886084162 -49.90336434433736 -117.5
1 1 -25.459298664930497 -50.20286009289609 -108.0
3390
-------------------New----------------
0 0 1.3399163563048568 11.56323449993845 118.5
0 1 -2.7174174092037915 8.872211134361669 108.5
1 0 -92.4706801695434 -52.466206006600395 -117.5
1 1 -88.78084136134075 -49.8686858085099 -108.0
3391
-------------------New----------------
0 0 -46.249672585652554 -69.87377268525236 118.5
0 1 -48.56808363696988 -68.56807300595928 108.5
1 0 -100.9505302715529 -39.07676258909019 -117.5
1 1 -98.74917603239884 -40.31544593447896 -108.0
3397
-------------------New----------------
0 0 -62.93791302815068 68.72197586593482 118.5
0 1 -61.46274981988749 68.51556998459355 108.5
1 0 -28.13161052347281 63.831733277743034 -117.5
1 1 -29.532083342945544 64.03042481258022 -108.0
3407
-------------------New----------------
0 0 73.36481819263207 -18.640107971697805 118.5
0 1 72.65045167711455 -18.784574032263027 108.5
1 0 56.502965140182354 -22.037913934864868 -117.5
1 1 57.181952302916976 -21.901972278960102 -108.0
3411
-------------------New----------------
0 0 -0.9417542881329204 -63.368134276707075 118.5
0 1 -0.7997912249668404 -63.33731668895084 108.5
1 0 2.3652177714775924 -62.61498944846549 -117.5
1 1 2.230761935459729 -62.64393264891928 -108.0
3416
-------------------New----------------
0 0 70.74012362525725 -33.19490429653776 118.5
0 1 68.97690022758631 -33.1694062703046 108.5
1 0 29.099395360204607 -32.625055676485474 -117.5
1 1 30.774023906812225 -32.64845551656613 -108.0
3429
-------------------New----------------
0 0 9.900420976639152 -2.761940300294775 118.5
0 1 12.54376121189854 0.1610062423019934 108.5
1 0 73.37351699518024 66.78590202500473 -117.5
1 1 70.76040295962181 63.96842970666306 -108.0
3430
-------------------New----------------
0 0 -53.82181681886973 5.527765778753802 118.5
0 1 -52.74989845679276 6.308080067464729 108.5
1 0 -28.525144194095493 23.931938142207912 -117.5
1 1 -29.543089969509907 23.191647510202394 -108.0
3435
-------------------New----------------
0 0 -42.107281788895705 -45.26804284492381 118.5
0 1 -39.646784105312356 -40.952171352619686 108.5
1 0 15.955430866476249 56.585281788101135 -117.5
1 1 13.61834125225828 52.485171982122246 -108.0
3454
-------------------New----------------
0 0 -60.429032001260495 -58.05430115731965 118.5
0 1 -56.19560345128989 -57.19194598827745 108.5
1 0 39.34508456769014 -37.637095614534324 -117.5
1 1 35.32948078753893 -38.45830745525359 -108.0
3458
-------------------New----------------
0 0 -64.13122368239816 33.48760084785183 118.5
0 1 -63.59783767728338 31.509087504846654 108.5
1 0 -51.622115703722386 -13.68932410415088 -117.5
1 1 -52.113639214683005 -11.784156490293768 -108.0
3474
-------------------New----------------
0 0 59.99129059474329 7.1586614958601 118.5
0 1 57.04987292135477 8.823467308602655 108.5
1 0 -8.723098943810466 46.198108851907115 -117.5
1 1 -5.974847658639964 44.6565142177996 -108.0
3475
-------------------New----------------
0 0 109.80243182004668 48.051367886425524 118.5
0 1 110.19473943608372 51.42567461314991 108.5
1 0 119.0119732308826 127.69775775431287 -117.5
1 1 118.64139990097458 124.49674470141004 -108.0
3478
-------------------New----------------
0 0 0.49458999515568475 47.22910773822112 118.5
0 1 -2.408030899059722 44.88698356477602 108.5
1 0 -67.9633832453111 -8.037825680304682 -117.5
1 1 -65.20844601597176 -5.812625042953314 -108.0
3483
-------------------New----------------
0 0 -38.704805627464275 -39.73297203600623 118.5
0 1 -42.12645812693516 -35.80711991293183 108.5
1 0 -119.07765275889044 53.28623465201298 -117.5
1 1 -115.86170686467327 49.54085015973961 -108.0
3490
-------------------New----------------
0 0 -60.17052359287062 -108.65328333331495 118.5
0 1 -58.70144744359072 -107.58256109540635 108.5
1 0 -25.525046242734195 -83.3974671074181 -117.5
1 1 -26.916853665830114 -84.41414347554226 -108.0
3496
-------------------New----------------
0 0 53.61223131018694 -10.386105578771224 118.5
0 1 54.899045697432015 -9.9416061180425 108.5
1 0 83.95019080197623 0.12015410339817145 -117.5
1 1 82.72978293078349 -0.30309554018070095 -108.0
3501
-------------------New----------------
0 0 22.062466940259547 -25.217186039959568 118.5
0 1 23.60658540788682 -26.65824469924754 108.5
1 0 58.42076373405776 -59.35894500526111 -117.5
1 1 56.95634071463079 -57.97951759319892 -108.0
3503
-------------------New----------------
0 0 -107.57343789910385 -102.92472651601375 118.5
0 1 -106.09229445427093 -103.43106633876474 108.5
1 0 -72.6670943368192 -114.89852302998638 -117.5
1 1 -74.070647452226 -114.4164079559115 -108.0
3507
-------------------New----------------
0 0 61.031695403706564 -34.3844979239415 118.5
0 1 62.971555441695216 -36.940751311378946 108.5
1 0 106.82337345488199 -94.63646192907218 -117.5
1 1 104.98168366721386 -92.21390833710906 -108.0
3513
-------------------New----------------
0 0 -17.12591478430249 37.23888462777057 118.5
0 1 -13.544783470120219 40.627644987983544 108.5
1 0 67.57920082981312 117.18525367626516 -117.5
1 1 64.1509509802849 113.9590710127037 -108.0
3519
-------------------New----------------
0 0 -49.082873649873356 -56.07833226692954 118.5
0 1 -46.724433751172434 -56.01931306456046 108.5
1 0 6.832995287698185 -54.61694176297068 -117.5
1 1 4.582236305517616 -54.67338361416529 -108.0
3528
-------------------New----------------
0 0 3.340988128759622 -13.575988444536591 118.5
0 1 3.3785632597819757 -14.68300628034405 108.5
1 0 3.9314860921525705 -39.570829261633506 -117.5
1 1 3.912914543361732 -38.537690804679514 -108.0
3530
-------------------New----------------
0 0 -18.35671343750942 17.425889177767687 118.5
0 1 -16.545033877554943 15.697656314627327 108.5
1 0 24.345236819973575 -23.429880525726894 -117.5
1 1 22.62876151170061 -21.782356850371112 -108.0
3532
-------------------New----------------
0 0 -49.60825566196803 42.56748747124745 118.5
0 1 -50.15410637406433 43.359309941847904 108.5
1 0 -62.41275072129755 61.19841709499601 -117.5
1 1 -61.905338811581245 60.448067249625616 -108.0
3533
-------------------New----------------
0 0 -5.7868479406293005 43.68587307680261 118.5
0 1 -5.832710224756957 45.44356936582885 108.5
1 0 -6.879856088736733 85.13621474061401 -117.5
1 1 -6.831387558151117 83.47241895087632 -108.0
3535
-------------------New----------------
0 0 21.51054846055419 -38.810890546562824 118.5
0 1 15.907195483158313 -41.3152920808154 108.5
1 0 -110.7899813299687 -98.03231121509066 -117.5
1 1 -105.45675225271759 -95.64073451772246 -108.0
3540
-------------------New----------------
0 0 -48.55724407202695 -7.688578994375024 118.5
0 1 -45.93248049347144 -10.391550820123303 108.5
1 0 12.923116563787328 -70.86978235395341 -117.5
1 1 10.469727390605454 -68.34005362093562 -108.0
3542
-------------------New----------------
0 0 -82.42140032589424 98.49738762670057 118.5
0 1 -79.28992988695745 98.12419362425757 108.5
1 0 -8.368620090135998 89.6503446003313 -117.5
1 1 -11.351084952643152 90.0063513375505 -108.0
3552
-------------------New----------------
0 0 -89.45567640011043 -1.3062132444994892 118.5
0 1 -91.03782100686063 2.4949438322756956 108.5
1 0 -126.78310948408637 88.40740700733019 -117.5
1 1 -125.28180716146396 84.79658438436917 -108.0
3553
-------------------New----------------
0 0 -20.73137156120837 -113.21463246272131 118.5
0 1 -22.780327324306402 -112.1467731978918 108.5
1 0 -69.05669316700063 -88.15342854324216 -117.5
1 1 -67.1083340500583 -89.15916719922407 -108.0
3562
-------------------New----------------
0 0 -94.79153738321074 31.80113719453978 118.5
0 1 -93.35625815731602 34.206939239373774 108.5
1 0 -60.91553219583553 88.59737342867786 -117.5
1 1 -62.28272095502721 86.31105450744079 -108.0
3568
-------------------New----------------
0 0 8.254159585322428 9.351008170601888 118.5
0 1 12.382311948972337 8.254478472142122 108.5
1 0 105.71278641968533 -16.542359742628392 -117.5
1 1 101.78463687551285 -15.499377237297415 -108.0
3569
-------------------New----------------
0 0 37.05763547920565 94.43994406932566 118.5
0 1 40.30826771756442 95.49821117213091 108.5
1 0 113.79295320049259 119.4084790450966 -117.5
1 1 110.70124785380662 118.40179727302186 -108.0
3571
-------------------New----------------
0 0 -40.33189990539254 47.80372079351661 118.5
0 1 -40.397493163398174 42.0095080989667 108.5
1 0 -41.971749374437486 -88.77876962409272 -117.5
1 1 -41.9066062364726 -83.28264689608525 -108.0
3575
-------------------New----------------
0 0 -1.8628096236572802 80.22558288729942 118.5
0 1 3.334357541826914 80.73489678800757 108.5
1 0 120.80024386949935 92.16378520506356 -117.5
1 1 115.863540651847 91.68495567733169 -108.0
3577
-------------------New----------------
0 0 14.78509864982114 46.126497321107536 118.5
0 1 17.556953370095382 41.262643561423296 108.5
1 0 80.44780470937937 -69.31431189589765 -117.5
1 1 77.78773430365801 -64.65128058624839 -108.0
3580
-------------------New----------------
0 0 -34.46390380582959 46.338144411198314 118.5
0 1 -31.04276041867712 44.4774164656565 108.5
1 0 46.28846977991034 2.448410915529692 -117.5
1 1 43.036707108052454 4.212329257760813 -108.0
3585
-------------------New----------------
0 0 1.0145365954848877 29.778507993102284 118.5
0 1 3.537046268372042 31.672224542411907 108.5
1 0 60.627381156007985 74.64138849448399 -117.5
1 1 58.22243196011648 72.82584861979373 -108.0
3586
-------------------New----------------
0 0 50.564121974445854 -18.11559791092477 118.5
0 1 50.583418872482824 -17.522439823886735 108.5
1 0 51.030572405810865 -4.1117977854294 -117.5
1 1 51.01240666814031 -4.675116854249973 -108.0
3592
-------------------New----------------
0 0 -25.91184706193721 13.245580315470638 118.5
0 1 -26.459945432961103 12.244788532036681 108.5
1 0 -39.482405948493664 -7.675166153730624 -117.5
1 1 -38.90455831415086 -6.950762911511046 -108.0
3601
-------------------New----------------
0 0 48.56067949381778 39.2960422444411 118.5
0 1 48.818475347158596 34.74785313518259 108.5
1 0 54.683101344587705 -68.38203221591876 -117.5
1 1 54.434044030992254 -64.0408691505041 -108.0
3603
-------------------New----------------
0 0 -37.07032238054431 -53.95131412590617 118.5
0 1 -33.55634657098708 -55.01110928019274 108.5
1 0 45.859507562462355 -79.10139257640928 -117.5
1 1 42.52586175534651 -78.08568105442096 -108.0
3605
-------------------New----------------
0 0 54.10035393094116 -10.042865286110338 118.5
0 1 55.48165295118675 -8.73070300491674 108.5
1 0 86.70819410508079 21.09945830873267 -117.5
1 1 85.39715756372206 19.845849476604336 -108.0
3607
-------------------New----------------
0 0 85.31141990934233 6.739999162783046 118.5
0 1 84.54510187664053 8.404006317907143 108.5
1 0 67.10539612583237 46.29612071257896 -117.5
1 1 67.8428930300855 44.6959053311798 -108.0
3621
-------------------New----------------
0 0 -31.110086131190712 -29.646072881033994 118.5
0 1 -33.425822548265614 -24.01881034205654 108.5
1 0 -85.54538413641453 103.1295705760926 -117.5
1 1 -83.35325518921687 97.79041171031267 -108.0
3627
-------------------New----------------
0 0 122.99767716631656 -16.125257168998807 118.5
0 1 123.08055929684284 -18.6916965329442 108.5
1 0 124.97105690240457 -76.52964058165428 -117.5
1 1 124.8852581039309 -74.10133512331896 -108.0
3633
-------------------New----------------
0 0 10.388218573332558 -37.93737473417171 118.5
0 1 10.538984708698717 -32.22997370023203 108.5
1 0 13.943186282613528 96.75348100112078 -117.5
1 1 13.799807631335517 91.33159869204772 -108.0
3646
-------------------New----------------
0 0 29.241368090317046 -4.778413085579796 118.5
0 1 27.87125073728389 -1.805372643081953 108.5
1 0 -3.0918909823134717 65.3805599462126 -117.5
1 1 -1.7908143768652678 62.55730059747627 -108.0
3647
-------------------New----------------
0 0 48.18475005622322 -114.88485938682182 118.5
0 1 42.76424793458315 -114.16812909756337 108.5
1 0 -79.74447422350782 -97.96231012284485 -117.5
1 1 -74.59444543063587 -98.6433771942787 -108.0
3649
-------------------New----------------
0 0 -37.4989330972612 -6.528649463959786 118.5
0 1 -39.02834378487458 -7.12281355481215 108.5
1 0 -73.73902406098381 -20.687988423760117 -117.5
1 1 -72.28066329927677 -20.11146575158765 -108.0
3655
-------------------New----------------
0 0 33.95748241817569 115.34142888363476 118.5
0 1 35.5148643536517 115.6808447592258 108.5
1 0 70.74641590946807 123.31498108702799 -117.5
1 1 69.26286306922384 122.99435410479964 -108.0
3657
-------------------New----------------
0 0 9.413703718678084 -3.3651424792120253 118.5
0 1 8.091004398836954 -8.18192978852095 108.5
1 0 -21.781399600512277 -117.05747242542324 -117.5
1 1 -20.525380651180722 -112.47874189113755 -108.0
3665
-------------------New----------------
0 0 65.19019001722776 112.5092180071747 118.5
0 1 66.94656105322062 112.96426834176354 108.5
1 0 106.63859339877322 123.18390460993821 -117.5
1 1 104.9708536388326 122.7565117799807 -108.0
3666
-------------------New----------------
0 0 79.84677571290605 -73.67460248066348 118.5
0 1 77.54626474919436 -72.73006054692996 108.5
1 0 25.49881026848345 -51.32222528467374 -117.5
1 1 27.686752460266472 -52.215701967077266 -108.0
3685
-------------------New----------------
0 0 27.305075436225735 -18.36684504819677 118.5
0 1 27.737435187751355 -17.71935015667416 108.5
1 0 37.32657451592646 -3.052188623671362 -117.5
1 1 36.93395506374935 -3.665081177806202 -108.0
3688
-------------------New----------------
0 0 -11.003170638055042 8.215586311547272 118.5
0 1 -7.559498093002287 8.22815786131378 108.5
1 0 70.25235155858873 8.533023266873993 -117.5
1 1 66.98347868829295 8.519575277797776 -108.0
3692
-------------------New----------------
0 0 -7.453566445526938 37.96203357385091 118.5
0 1 -6.002908003913204 35.28840619618325 108.5
1 0 26.776619829090475 -25.12878226594105 -117.5
1 1 25.398382293242733 -22.589027124270192 -108.0
3699
-------------------New----------------
0 0 24.348249697802192 19.07004412591653 118.5
0 1 25.258246008479684 14.452057627524358 108.5
1 0 45.136401780813834 -90.34721147926162 -117.5
1 1 44.32709292173409 -85.9341814442798 -108.0
3701
-------------------New----------------
0 0 42.58711391653702 -31.638503236516964 118.5
0 1 39.92023332825946 -26.048533436934655 108.5
1 0 -20.350003068794955 100.31385164516146 -117.5
1 1 -17.81654676826807 95.00097617223315 -108.0
3703
-------------------New----------------
0 0 -75.94288371725972 -0.4025986379735042 118.5
0 1 -73.08216753744476 -1.0003641590610162 108.5
1 0 -8.292703852739859 -14.55867611204845 -117.5
1 1 -11.021251614275073 -13.988648928897309 -108.0
3707
-------------------New----------------
0 0 -48.993922434349784 29.799861225553446 118.5
0 1 -47.968962790243175 27.457782515854813 108.5
1 0 -24.787921768918146 -25.478713112919312 -117.5
1 1 -25.762272280869137 -23.25294006733325 -108.0
3726
-------------------New----------------
0 0 -47.18271816873916 80.19368566601267 118.5
0 1 -44.09779272478905 81.05561127367244 108.5
1 0 25.2617131852965 100.55007929066221 -117.5
1 1 22.35715053352183 99.72983377865782 -108.0
3728
-------------------New----------------
0 0 3.7370035940557997 -74.95401676730714 118.5
0 1 2.8175385816771783 -71.85184642182617 108.5
1 0 -17.936222893696325 -1.8112139337881452 -117.5
1 1 -17.06283637411442 -4.755059618940716 -108.0
3742
-------------------New----------------
0 0 30.947072644887506 -54.56170633280819 118.5
0 1 30.42761475783849 -53.601041858695645 108.5
1 0 18.716437452379 -31.92835364442911 -117.5
1 1 19.208708361139863 -32.83848002442944 -108.0
3749
-------------------New----------------
0 0 46.35470673817268 17.9106896838633 118.5
0 1 49.16448206800213 19.576603196246246 108.5
1 0 112.66910855024396 57.229921731780394 -117.5
1 1 109.99902606415587 55.64759350810895 -108.0
3763
-------------------New----------------
0 0 -34.52270917048599 -48.243030933431086 118.5
0 1 -29.532623852260752 -50.549974656896985 108.5
1 0 83.23813642924239 -102.69041173883849 -117.5
1 1 78.49721051432934 -100.49903377340948 -108.0
3769
-------------------New----------------
0 0 45.78930417895074 70.06612169321154 118.5
0 1 47.61638026171133 69.60869005253373 108.5
1 0 88.94085403233846 59.22965192785298 -117.5
1 1 87.20228005593815 59.667360430478894 -108.0
3773
-------------------New----------------
0 0 61.910264217507596 55.47112392003861 118.5
0 1 63.27835708539593 54.62095537695349 108.5
1 0 94.20778049422053 35.382618684461804 -117.5
1 1 92.90664701466842 36.19061174792119 -108.0
3780
-------------------New----------------
0 0 21.128202498867612 -48.383347614910036 118.5
0 1 23.83069559709503 -43.881350634076554 108.5
1 0 84.90714097687027 57.900090111953524 -117.5
1 1 82.33620247637799 53.61363412578855 -108.0
3789
-------------------New----------------
0 0 16.045202775749278 20.032591670082937 118.5
0 1 18.85563057822663 15.337435129997479 108.5
1 0 82.33307776959899 -91.12566196119762 -117.5
1 1 79.67414506131057 -86.63512457083387 -108.0
3795
-------------------New----------------
0 0 -17.111341885443892 88.86028768560034 118.5
0 1 -16.53895674629559 87.64018409805439 108.5
1 0 -3.5679071485111136 59.948838808349436 -117.5
1 1 -4.112126426338945 61.11331376011818 -108.0
3800
-------------------New----------------
0 0 -88.64142154883044 28.021791587219912 118.5
0 1 -90.02342507050881 25.987467249068196 108.5
1 0 -121.23212228940956 -20.07529824750024 -117.5
1 1 -119.92082460867937 -18.13899666212125 -108.0
3806
-------------------New----------------
0 0 78.19346206683743 57.86062554043268 118.5
0 1 78.54842602988593 57.385695336777985 108.5
1 0 86.72082242001588 46.5875508605682 -117.5
1 1 86.37828904704597 47.034086559713444 -108.0
3809
-------------------New----------------
0 0 12.506514926770793 83.51459035381664 118.5
0 1 8.997950622547522 84.01010386351015 108.5
1 0 -70.2943288734615 95.20914650455884 -117.5
1 1 -66.96137218883044 94.73840314279465 -108.0
3816
-------------------New----------------
0 0 9.502394573630392 41.278143325861336 118.5
0 1 9.155618185603553 44.67612824842238 108.5
1 0 1.3007668140128246 121.49371020913865 -117.5
1 1 1.6305177135579432 118.26415326320651 -108.0
3817
-------------------New----------------
0 0 49.939539447721565 -69.41528836459165 118.5
0 1 49.99171278861836 -71.18132004316051 108.5
1 0 51.184456175154295 -111.09224216478103 -117.5
1 1 51.13400677067779 -109.41481359624981 -108.0
3828
-------------------New----------------
0 0 50.55754809609937 69.89596222879422 118.5
0 1 52.390241173896854 71.04682514109723 108.5
1 0 93.8127256023935 97.05997744145483 -117.5
1 1 92.0713965928826 95.96622565260573 -108.0
3831
-------------------New----------------
0 0 -76.47523943866528 70.14849481771958 118.5
0 1 -74.70396700027915 66.35157778112713 108.5
1 0 -34.652812870826935 -19.476464082534417 -117.5
1 1 -36.33708092541707 -15.868144496800374 -108.0
3833
-------------------New----------------
0 0 -9.23133714864399 -80.11114658721867 118.5
0 1 -9.283629854001337 -77.21083677384817 108.5
1 0 -10.523784647185275 -11.674441664844592 -117.5
1 1 -10.469696954478751 -14.4282359438219 -108.0
3863
-------------------New----------------
0 0 -16.631516027869083 45.22757126278058 118.5
0 1 -21.02009793735946 44.50515328574926 108.5
1 0 -120.21454790201457 28.195716812086857 -117.5
1 1 -116.04425277069342 28.880124889273965 -108.0
3864
-------------------New----------------
0 0 -18.160377394400943 -18.92503085473306 118.5
0 1 -18.028891634954327 -15.448267423842754 108.5
1 0 -15.057336624666522 63.12782493028866 -117.5
1 1 -15.182141036855153 59.82474460953754 -108.0
3869
-------------------New----------------
0 0 5.266383191257974 -9.852396901436409 118.5
0 1 8.463061093507447 -14.71356699530902 108.5
1 0 80.70916951575411 -124.61244773164044 -117.5
1 1 77.67218782696138 -119.9922336554444 -108.0
3872
-------------------New----------------
0 0 -97.04953836162346 -11.356075011722355 118.5
0 1 -97.92573258724585 -11.657594103302968 108.5
1 0 -117.55680375737384 -18.414864586908408 -117.5
1 1 -116.74328732931095 -18.127166777871487 -108.0
3880
-------------------New----------------
0 0 -80.19238681932099 -47.065148194502186 118.5
0 1 -80.73716315052008 -42.78162750987457 108.5
1 0 -93.02141523265661 54.061298257905584 -117.5
1 1 -92.50516647118684 49.98993178648136 -108.0
3891
-------------------New----------------
0 0 -110.15872166126739 -41.53441809111255 118.5
0 1 -110.49689753677062 -42.863359017797485 108.5
1 0 -118.0543822498549 -72.7298626898845 -117.5
1 1 -117.74613914468614 -71.48009876338367 -108.0
3898
-------------------New----------------
0 0 66.51564543422423 42.77904138213462 118.5
0 1 66.62855230006713 40.46304711102779 108.5
1 0 69.01915505317893 -12.403257245218393 -117.5
1 1 68.93510175969674 -10.15947212114133 -108.0
3903
-------------------New----------------
0 0 17.310470485398092 -66.38202475397456 118.5
0 1 18.635306702828636 -65.0525588789018 108.5
1 0 48.000556631006155 -34.70213169035278 -117.5
1 1 46.863964629074715 -35.96758658979688 -108.0
3913
-------------------New----------------
0 0 58.60180529150201 -84.200533465154 118.5
0 1 56.754194064025455 -81.49820268998079 108.5
1 0 14.988950391800435 -20.4642616435099 -117.5
1 1 16.745672687525605 -23.033419164677817 -108.0
3919
-------------------New----------------
0 0 -89.92773513535047 -28.164293813820017 118.5
0 1 -89.95339961326133 -25.395804642674197 108.5
1 0 -90.54796115065926 37.15867934692791 -117.5
1 1 -90.52278930134331 34.529494203556915 -108.0
3920
-------------------New----------------
0 0 24.56316592399487 -103.1357253968479 118.5
0 1 27.052421202160026 -102.47649923418817 108.5
1 0 83.28003071928191 -87.5728835772838 -117.5
1 1 80.91636363384056 -88.19956477260993 -108.0
3944
-------------------New----------------
0 0 -0.2747128569742031 95.54032171283424 118.5
0 1 2.1232343167726415 96.76907488886229 108.5
1 0 56.31070648480047 124.53800257369622 -117.5
1 1 54.033410857047876 123.37088874532671 -108.0
3946
-------------------New----------------
0 0 -25.42127935745075 -4.8217222992404585 118.5
0 1 -27.261349343798383 -7.215750091934241 108.5
1 0 -68.86211135148247 -61.33570209058739 -117.5
1 1 -67.11152573507691 -59.059385601173005 -108.0
3949
-------------------New----------------
0 0 38.259336028979185 -50.842027992944125 118.5
0 1 37.54978941096346 -46.394568775878604 108.5
1 0 21.48280693718191 54.26995134587237 -117.5
1 1 22.171414283024298 50.04293168323473 -108.0
3950
-------------------New----------------
0 0 -38.388014050738064 -30.197462236175987 118.5
0 1 -37.29629199442935 -32.16165872311445 108.5
1 0 -12.613419498598997 -76.50940164679517 -117.5
1 1 -13.650178706012772 -74.64631462764943 -108.0
3958
-------------------New----------------
0 0 17.8587104994291 107.39686975253824 118.5
0 1 20.787109508116377 106.54990671733447 108.5
1 0 86.9833483664985 87.3716390854579 -117.5
1 1 84.1964128735541 88.17996893134156 -108.0
3972
-------------------New----------------
0 0 -96.28456925564299 77.15750805245936 118.5
0 1 -94.46418712656441 75.29642342852983 108.5
1 0 -53.28206605339102 33.36013373144794 -117.5
1 1 -55.01407101725366 35.11673639473692 -108.0
3974
-------------------New----------------
0 0 -3.7539748973700084 -34.10210997482901 118.5
0 1 -2.3612393841397195 -33.96657109924702 108.5
1 0 29.118093312524547 -30.86799362863136 -117.5
1 1 27.79666087423281 -30.999356818499695 -108.0
3976
-------------------New----------------
0 0 -8.00916928503789 -56.98426121428042 118.5
0 1 -7.564868557263017 -55.85318071969179 108.5
1 0 2.5927066457499905 -29.832897415955728 -117.5
1 1 2.1497677373377138 -30.94489853753671 -108.0
3978
-------------------New----------------
0 0 20.457507837629038 3.5834242953862967 118.5
0 1 17.038087333061615 0.9044620027136165 108.5
1 0 -60.30379915915347 -59.6676547449383 -117.5
1 1 -57.05307145918774 -57.12029151792228 -108.0
3991
-------------------New----------------
0 0 -3.735372923385551 42.94373173148874 118.5
0 1 -5.579789534502387 41.889052746789574 108.5
1 0 -47.33044614796983 18.115527662142668 -117.5
1 1 -45.57239010391649 19.11208797432696 -108.0
3993
-------------------New----------------
0 0 -38.47368730225649 -18.710384172179964 118.5
0 1 -36.8411720836465 -18.509043901513124 108.5
1 0 0.049283021754743396 -13.983514813358667 -117.5
1 1 -1.5011387042746556 -14.172085900161727 -108.0
4006
-------------------New----------------
0 0 56.948760927018306 -19.470026197982598 118.5
0 1 57.023362601819564 -15.97212613169919 108.5
1 0 58.789222758377605 63.16784693939386 -117.5
1 1 58.70941923788073 59.83487992989249 -108.0
4019
-------------------New----------------
0 0 -65.62486096067548 -75.5087594488523 118.5
0 1 -62.43230068607444 -74.21965397021764 108.5
1 0 9.943433751283285 -45.23798337694588 -117.5
1 1 6.901077706844676 -46.453809786079894 -108.0
4028
-------------------New----------------
0 0 -10.973112017508257 -93.06718416420789 118.5
0 1 -8.27796853687172 -90.58012464214326 108.5
1 0 52.61307739350993 -34.39109117704028 -117.5
1 1 50.05320327594178 -36.75237175640363 -108.0
4030
-------------------New----------------
0 0 -95.76972529054214 -39.824700854983334 118.5
0 1 -96.7124646729151 -37.639861454078115 108.5
1 0 -117.98713524227605 11.660657929653434 -117.5
1 1 -117.09602173352042 9.590813146164653 -108.0
4040
-------------------New----------------
0 0 97.01703591430461 -22.567343083551513 118.5
0 1 97.07847800949551 -19.25390867254239 108.5
1 0 98.44888792138381 55.60499385703307 -117.5
1 1 98.39440250383237 52.458864269690366 -108.0
4043
-------------------New----------------
0 0 -1.7988395987364925 49.92004035861679 118.5
0 1 -4.361629278845635 51.15685838096342 108.5
1 0 -61.751531762677686 77.67387274852916 -117.5
1 1 -59.323507039443385 76.59248100024115 -108.0
4049
-------------------New----------------
0 0 19.692034760674474 14.128897672141031 118.5
0 1 19.59950927630736 17.999080963792256 108.5
1 0 17.437378275187726 105.67607237274156 -117.5
1 1 17.524710045699823 101.97986424884387 -108.0
4055
-------------------New----------------
0 0 56.40343577936545 87.37003440713607 118.5
0 1 53.68860491330995 85.60738498667514 108.5
1 0 -7.580808212270384 45.735977371106316 -117.5
1 1 -5.007367443344931 47.41273623449048 -108.0
4057
-------------------New----------------
0 0 -31.133258680684992 83.37500337556443 118.5
0 1 -27.55045708954982 82.75965531281972 108.5
1 0 53.67011901529444 69.00932684657104 -117.5
1 1 50.25160796624253 69.58244548023494 -108.0
4059
-------------------New----------------
0 0 88.61934779657867 -15.509749741242619 118.5
0 1 89.04193662155265 -16.249273663760338 108.5
1 0 98.5843540712312 -32.93966598016716 -117.5
1 1 98.18371065511722 -32.23849831854905 -108.0
4060
-------------------New----------------
0 0 92.88094657104173 98.69530004996017 118.5
0 1 94.03103572378858 97.1798462919067 108.5
1 0 120.00818636202784 63.013202334394535 -117.5
1 1 118.91739562786275 64.44933871575425 -108.0
4075
-------------------New----------------
0 0 -95.49656114291365 -12.724369585898565 118.5
0 1 -96.00601855761377 -7.437144906512762 108.5
1 0 -107.43253584746076 112.13985936866604 -117.5
1 1 -106.95429937788144 107.11517741565751 -108.0
4097
-------------------New----------------
0 0 57.772249482842845 55.640944799655514 118.5
0 1 57.7154442032515 56.8636835226388 108.5
1 0 56.46693796319786 84.50916790831457 -117.5
1 1 56.51708643404959 83.34583663575509 -108.0
4103
-------------------New----------------
0 0 10.18307919595561 48.42559450007391 118.5
0 1 11.023447202511678 48.12123986167184 108.5
1 0 29.08371341965389 39.79579079943148 -117.5
1 1 28.376679872159066 40.194700690813036 -108.0
4106
-------------------New----------------
0 0 94.14729477385436 -10.047043325836018 118.5
0 1 92.0357300005509 -10.320946855979713 108.5
1 0 44.36221201133428 -16.597754141404163 -117.5
1 1 46.36276298921565 -16.337355283630703 -108.0
4108
-------------------New----------------
0 0 68.50252938091286 80.24841597242656 118.5
0 1 67.38808575741669 77.46876155438822 108.5
1 0 42.21997748784676 14.622252469828203 -117.5
1 1 43.27914128956273 17.264722914468056 -108.0
4122
-------------------New----------------
0 0 30.915297716574788 29.598265052771847 118.5
0 1 32.30939329785657 28.68383099177803 108.5
1 0 63.46309626576444 8.798839491635677 -117.5
1 1 62.14259305569899 9.638602611819065 -108.0
4149
-------------------New----------------
0 0 -40.33296231219789 15.461895907564479 118.5
0 1 -35.99984803225333 16.76058854257109 108.5
1 0 61.9007694057975 46.06797599280277 -117.5
1 1 57.78274221124067 44.82214218025593 -108.0
4150
-------------------New----------------
0 0 -5.350702957506848 -7.740005359432087 118.5
0 1 -0.3720462975582759 -11.671531070045738 108.5
1 0 112.30262014955977 -100.38152907912584 -117.5
1 1 107.56922421305153 -96.65807354884262 -108.0
4161
-------------------New----------------
0 0 21.545227171827435 85.02425822842376 118.5
0 1 15.430131510112266 85.06267940780296 108.5
1 0 -122.73759302488436 85.93962699457539 -117.5
1 1 -116.92837622370398 85.8986897993671 -108.0
4166
-------------------New----------------
0 0 75.92729456997776 -81.03993649927637 118.5
0 1 77.61095645446757 -82.27276430250386 108.5
1 0 115.68172017313641 -110.18266006448482 -117.5
1 1 114.08071194405099 -109.00675068891776 -108.0
4172
-------------------New----------------
0 0 33.694136683512916 -38.95525441578144 118.5
0 1 34.73562260786683 -34.32683209921596 108.5
1 0 58.166776330520364 70.23493643074758 -117.5
1 1 57.18333948878201 65.84252603866967 -108.0
4175
-------------------New----------------
0 0 -61.171093060799684 -75.40008684408943 118.5
0 1 -62.202847828696484 -74.50987934177236 108.5
1 0 -85.53050928000121 -54.39302641359948 -117.5
1 1 -84.54990296634517 -55.23788157055367 -108.0
4177
-------------------New----------------
0 0 -4.597422678930662 45.119376465966425 118.5
0 1 -7.980666749270195 41.066642675054936 108.5
1 0 -84.46041338539604 -50.523451504109296 -117.5
1 1 -81.24470606918159 -46.67422544218964 -108.0
4183
-------------------New----------------
0 0 -38.479628849568925 42.69256103924569 118.5
0 1 -32.79873088920577 42.539876954431556 108.5
1 0 95.63234288629823 39.128242597434614 -117.5
1 1 90.23126289793817 39.27417191965433 -108.0
4186
-------------------New----------------
0 0 16.977196841593575 -101.33353175171519 118.5
0 1 16.781420803913527 -100.99318626964147 108.5
1 0 12.393952978862542 -93.33378539951347 -117.5
1 1 12.579485201737802 -93.65327190248733 -108.0
4192
-------------------New----------------
0 0 58.80239406918239 88.09094483851729 118.5
0 1 55.34446894200092 86.93596028071885 108.5
1 0 -22.584580886239387 60.66409854129158 -117.5
1 1 -19.31030102870933 61.77155474991359 -108.0
4197
-------------------New----------------
0 0 -66.66187421567088 -86.9255483780216 118.5
0 1 -63.267271360141685 -84.35824388717705 108.5
1 0 13.428298840049118 -26.286738860503203 -117.5
1 1 10.202928347509268 -28.729298252420808 -108.0
4202
-------------------New----------------
0 0 23.675611520153222 -56.27489137856169 118.5
0 1 25.45732810530989 -57.45009231144387 108.5
1 0 65.7249764920662 -84.04876123627794 -117.5
1 1 64.03263649685526 -82.93054086469508 -108.0
4205
-------------------New----------------
0 0 -2.5332501832024965 16.36418928343562 118.5
0 1 -6.078639958819448 16.441838268947905 108.5
1 0 -86.17805970181912 18.21652198193542 -117.5
1 1 -82.81214760303598 18.14139751881578 -108.0
4206
-------------------New----------------
0 0 9.214931495995982 36.11276135425485 118.5
0 1 12.301693413606895 36.02541536091138 108.5
1 0 82.07541569208219 34.03512198521842 -117.5
1 1 79.14165543171215 34.11921925514114 -108.0
4208
-------------------New----------------
0 0 -11.626891745881508 27.912828305527846 118.5
0 1 -8.98743260550882 26.50164619134116 108.5
1 0 50.66274282963501 -5.401368154266388 -117.5
1 1 48.156602724550865 -4.057454078706999 -108.0
4212
-------------------New----------------
0 0 33.72152895567347 -61.53749736569004 118.5
0 1 30.96007477600749 -58.812505185556326 108.5
1 0 -31.393130834409924 2.8004583288307594 -117.5
1 1 -28.772837101943452 0.20701425936061496 -108.0
4215
-------------------New----------------
0 0 -29.462829137758018 -66.26932548257716 118.5
0 1 -32.54825882359644 -66.91069471652932 108.5
1 0 -102.12040424837163 -81.43231821125958 -117.5
1 1 -99.2040059722269 -80.82099355124669 -108.0
4227
-------------------New----------------
0 0 -97.80062427936977 -16.895562047927175 118.5
0 1 -96.06445425381953 -12.379818376266524 108.5
1 0 -56.83034700710887 89.69135216390805 -117.5
1 1 -58.47895521683762 85.4004940211797 -108.0
4257
-------------------New----------------
0 0 36.16309004348078 -45.69005370745166 118.5
0 1 38.749969467057426 -46.43019236206887 108.5
1 0 97.0706299410853 -62.72708254619039 -117.5
1 1 94.61731324443983 -62.04826373781724 -108.0
4258
-------------------New----------------
0 0 -88.24776063685296 28.83392565976003 118.5
0 1 -85.962364451909 31.069016490240006 108.5
1 0 -34.335563701968084 81.56556720177322 -117.5
1 1 -36.504303528640996 79.44306171436767 -108.0
4261
-------------------New----------------
0 0 -15.525012573805375 -35.5497961691984 118.5
0 1 -10.8860718872027 -37.654122130828725 108.5
1 0 94.00325639294348 -85.02528706015231 -117.5
1 1 89.59168779260258 -83.04032164280683 -108.0
4275
-------------------New----------------
0 0 -65.15290085775747 87.60171274834991 118.5
0 1 -67.55443024699647 87.67757758578958 108.5
1 0 -121.61424431557516 89.08593798027411 -117.5
1 1 -119.3494475805054 89.04013182878235 -108.0
4279
-------------------New----------------
0 0 33.051063457675994 120.52118591292067 118.5
0 1 30.985250311184263 120.69170376316404 108.5
1 0 -15.672745864081856 124.50533908719676 -117.5
1 1 -13.711043376623175 124.34940540184758 -108.0
4283
-------------------New----------------
0 0 43.46328783110111 27.608888522680047 118.5
0 1 39.43744429303626 26.15009927280359 108.5
1 0 -51.5190114886622 -6.941251542766129 -117.5
1 1 -47.70795935994566 -5.553308323335692 -108.0
4298
-------------------New----------------
0 0 -85.74153190479835 20.364511067614153 118.5
0 1 -84.72578587644163 16.400682919273734 108.5
1 0 -61.8195596082032 -73.16312037482865 -117.5
1 1 -62.780427570431584 -69.39853111491288 -108.0
4299
-------------------New----------------
0 0 63.04366988912635 -44.68004241009315 118.5
0 1 64.03579476226466 -41.562035799318735 108.5
1 0 86.52429833804844 28.837062226951836 -117.5
1 1 85.57829073390911 25.883217627781143 -108.0
4305
-------------------New----------------
0 0 -7.21039983800849 44.15445212901263 118.5
0 1 -11.966165566117159 43.24334576752852 108.5
1 0 -119.60284976346159 22.364296834657736 -117.5
1 1 -115.07787156550933 23.244709101968915 -108.0
4306
-------------------New----------------
0 0 1.7250440384944867 -88.7219358351085 118.5
0 1 1.4619942799856607 -88.67669458382278 108.5
1 0 -4.651464486135106 -87.70994125577295 -117.5
1 1 -4.385231660165014 -87.7514218897698 -108.0
4307
-------------------New----------------
0 0 2.994251238651354 4.0779301564073105 118.5
0 1 0.9463898289452614 4.239830249061459 108.5
1 0 -45.33325475658983 7.9182256031267 -117.5
1 1 -43.387198392734675 7.761945468053014 -108.0
4310
-------------------New----------------
0 0 -31.603427988602014 -57.082246648345496 118.5
0 1 -35.337821049147394 -54.047141265100606 108.5
1 0 -119.82681951574413 14.479137087126066 -117.5
1 1 -116.27500510953685 11.603362838846868 -108.0
4312
-------------------New----------------
0 0 -20.501656465342684 22.813867747044444 118.5
0 1 -17.75657179769582 17.32189629411409 108.5
1 0 44.27961450009379 -106.79918751075847 -117.5
1 1 41.67214207151426 -101.58152025041807 -108.0
4313
-------------------New----------------
0 0 13.98808751367911 53.871922150783426 118.5
0 1 13.61122849837067 52.018243555298696 108.5
1 0 5.18220528129427 10.096804080976941 -117.5
1 1 5.5329101559459595 11.860101971653105 -108.0
4321
-------------------New----------------
0 0 -25.180334453303345 -85.7646226237587 118.5
0 1 -22.163100249751146 -85.4048414155136 108.5
1 0 46.034489045593276 -77.26918141636445 -117.5
1 1 43.16779142684227 -77.61125644631147 -108.0
4322
-------------------New----------------
0 0 -99.8435786669644 -8.978434375735882 118.5
0 1 -98.39547867099336 -9.244379240905477 108.5
1 0 -65.83320465776768 -15.18161394702086 -117.5
1 1 -67.20447466979365 -14.930069115598382 -108.0
4328
-------------------New----------------
0 0 104.03943647184755 -18.61770674194204 118.5
0 1 103.2085310319261 -19.179086432265745 108.5
1 0 84.40488488535824 -31.82508620797817 -117.5
1 1 85.19481089177705 -31.295614214986465 -108.0
4333
-------------------New----------------
0 0 -36.7809337822162 -14.670841033849573 118.5
0 1 -37.259474702175524 -8.79216841087709 108.5
1 0 -48.02912464905916 123.99048474933352 -117.5
1 1 -47.5759516821468 118.41094935465821 -108.0
4338
-------------------New----------------
0 0 -90.81342902649655 56.51050063116825 118.5
0 1 -91.64827976513075 51.59746563053869 108.5
1 0 -110.4698452280376 -59.75702523845344 -117.5
1 1 -109.6754191545889 -55.070579043548335 -108.0
4367
-------------------New----------------
0 0 -104.58394272331172 -41.51346435871791 118.5
0 1 -103.2501649432038 -43.9418134033629 108.5
1 0 -73.29448455467981 -98.83822276823211 -117.5
1 1 -74.54858884219793 -96.51753486852337 -108.0
4374
-------------------New----------------
0 0 -111.98021873423758 30.340972777778404 118.5
0 1 -111.5090274738722 28.33654571309534 108.5
1 0 -100.86922382029579 -16.967104058329937 -117.5
1 1 -101.31640848658165 -15.062647652996892 -108.0
4379
-------------------New----------------
0 0 79.31552565588652 9.593033580151651 118.5
0 1 79.20944427030166 8.650865904778245 108.5
1 0 77.11291421028876 -12.7654492591141 -117.5
1 1 77.1819557574577 -11.87267909243592 -108.0
4380
-------------------New----------------
0 0 117.25078416061646 -51.89420038857469 118.5
0 1 117.34398711372314 -47.75385607607329 108.5
1 0 119.32884446150209 46.11162453497757 -117.5
1 1 119.24536465586843 42.15230502833912 -108.0
4384
-------------------New----------------
0 0 75.6438636320639 -82.39150116174032 118.5
0 1 77.21856195875613 -84.11204236479408 108.5
1 0 112.8215565017816 -123.00235990355937 -117.5
1 1 111.32465003400416 -121.36755931889232 -108.0
4390
-------------------New----------------
0 0 -109.9803248192105 -75.89692825511733 118.5
0 1 -109.33371484438285 -74.1154240045263 108.5
1 0 -94.64536738050205 -33.87883909446403 -117.5
1 1 -95.2586408304864 -35.5685458620069 -108.0
4391
-------------------New----------------
0 0 -33.69578470113097 77.19167371953766 118.5
0 1 -36.458760321038405 73.61533178977031 108.5
1 0 -98.90227509388957 -7.245110736420935 -117.5
1 1 -96.28019691136315 -3.8430302775955396 -108.0
4392
-------------------New----------------
0 0 -9.781722358449297 10.518503816484294 118.5
0 1 -10.193514811227276 4.3422900001558755 108.5
1 0 -100.4703580725745 -40.29762928840091 -117.5
1 1 -95.75903257283571 -39.35768370397804 -108.0
4397
-------------------New----------------
0 0 -7.563682132539682 -7.341115086595963 118.5
0 1 -12.203567497150114 -3.433475396488628 108.5
1 0 -116.9204186552168 85.10689515763671 -117.5
1 1 -112.53022648123337 81.33978955406658 -108.0
4400
-------------------New----------------
0 0 114.12691648603182 -33.938054029413124 118.5
0 1 113.12366383287886 -33.37320275192728 108.5
1 0 90.39765417419284 -20.637698607348753 -117.5
1 1 91.35786859092312 -21.175435411201484 -108.0
4401
-------------------New----------------
0 0 -16.33924210255268 -0.6867166694137103 118.5
0 1 -17.87877676300681 -0.8096340446421385 108.5
1 0 -52.693151728579835 -3.593923018541036 -117.5
1 1 -51.23081382964549 -3.4769921048462633 -108.0
4403
-------------------New----------------
0 0 105.26757201198939 -93.14691636159239 118.5
0 1 105.4318889243618 -94.25478675882805 108.5
1 0 109.1413368384681 -119.29158387393372 -117.5
1 1 108.98567960407789 -118.23886968999284 -108.0
4405
-------------------New----------------
0 0 -78.61696516760752 67.824288585847 118.5
0 1 -79.76746073392904 68.50915644896237 108.5
1 0 -105.77661691709254 83.97305230425411 -117.5
1 1 -104.68244803817272 83.3226539037087 -108.0
4407
-------------------New----------------
0 0 -80.64900785074676 29.141929992385826 118.5
0 1 -81.91611743330974 27.16652429318595 108.5
1 0 -110.55735461507224 -17.466318894656354 -117.5
1 1 -109.35550463322026 -15.589401188410585 -108.0
4413
-------------------New----------------
0 0 -23.807680649835497 57.60263558661717 118.5
0 1 -27.50569019535518 57.49030503298186 108.5
1 0 -111.09723152836762 54.934065329104115 -117.5
1 1 -107.58303737417407 55.04147262829723 -108.0
4428
-------------------New----------------
0 0 -26.532333614656398 81.32000571679937 118.5
0 1 -28.068199491932027 80.78740628128779 108.5
1 0 -62.782059104414586 68.74321488847428 -117.5
1 1 -61.32219786443901 69.24989070066177 -108.0
4431
-------------------New----------------
0 0 -67.51240266950659 56.37101310973016 118.5
0 1 -65.89076169163677 55.89347856535003 108.5
1 0 -29.239363956433056 45.11361968091718 -117.5
1 1 -30.779204840191994 45.56768187830044 -108.0
4432
-------------------New----------------
0 0 22.68926360600833 82.48064313746349 118.5
0 1 21.968201609580085 80.77914262585007 108.5
1 0 5.694962412080971 42.322574186254386 -117.5
1 1 6.379346390128432 43.93824443265222 -108.0
4433
-------------------New----------------
0 0 8.831702090160276 -36.592843777078805 118.5
0 1 8.228873887046143 -39.35588564595569 108.5
1 0 -5.376623875881352 -101.78872271796261 -117.5
1 1 -4.806083403496779 -99.1609601737113 -108.0
4435
-------------------New----------------
0 0 -82.89639432133697 -11.910642449121553 118.5
0 1 -83.943503638537 -14.506314533775747 108.5
1 0 -107.6067354435663 -73.13615581618747 -117.5
1 1 -106.61182808628526 -70.67329408684989 -108.0
4446
-------------------New----------------
0 0 -57.370273567677046 -83.22092516644675 118.5
0 1 -55.819394473990975 -81.74534740030032 108.5
1 0 -20.727838715419296 -48.205363707570235 -117.5
1 1 -22.207496070320857 -49.62115378190853 -108.0
4449
-------------------New----------------
0 0 -29.333316073263983 41.71116127499605 118.5
0 1 -25.543483966982738 40.68552238118445 108.5
1 0 59.95100922147482 17.507639042420568 -117.5
1 1 56.355766024051796 18.4866887189726 -108.0
4466
-------------------New----------------
0 0 -44.53251517449188 -90.51275004452421 118.5
0 1 -39.301756677873016 -89.65220406327147 108.5
1 0 79.24383006589628 -70.46355024038871 -117.5
1 1 74.26566160903947 -71.27301932398625 -108.0
4468
-------------------New----------------
0 0 -29.388843393173893 -19.917772428737074 118.5
0 1 -28.39257374629063 -15.6494830912326 108.5
1 0 -5.869896189016683 80.78800761693333 -117.5
1 1 -6.8165432564508945 76.73606773058562 -108.0
4478
-------------------New----------------
0 0 -94.85506658073946 51.16590271774583 118.5
0 1 -94.46816153509026 47.757373078463985 108.5
1 0 -85.63064565023926 -28.92707482839391 -117.5
1 1 -85.98019743992003 -25.715948977323684 -108.0
4481
-------------------New----------------
0 0 30.75295813247731 -99.73551053432031 118.5
0 1 30.521672464223325 -100.73552113126905 108.5
1 0 25.33811989441643 -123.34837423288789 -117.5
1 1 25.552179752349105 -122.39511376250478 -108.0
4489
-------------------New----------------
0 0 -8.525903006107075 48.67459197315644 118.5
0 1 -7.6848423664840935 43.802754378181824 108.5
1 0 11.365106447132622 -66.12426342702403 -117.5
1 1 10.561032789650115 -61.50853350630449 -108.0
4496
-------------------New----------------
0 0 41.03751516919427 -85.10440488551748 118.5
0 1 40.58744034014666 -82.07464906878522 108.5
1 0 30.424155664251344 -13.576165775912258 -117.5
1 1 30.85308443473765 -16.45637489070703 -108.0
4499
-------------------New----------------
0 0 -62.758104140263995 -6.4147593165626535 118.5
0 1 -61.19672142455512 -9.517325331142189 108.5
1 0 -25.929760603368997 -79.65568098527027 -117.5
1 1 -27.411591154530317 -76.70731584199933 -108.0
4509
-------------------New----------------
0 0 -63.96216167191409 -60.646538704594306 118.5
0 1 -60.2930703446494 -61.94141440052103 108.5
1 0 22.641575646275797 -91.1572995915019 -117.5
1 1 19.15461139468594 -89.93064529731745 -108.0
4513
-------------------New----------------
0 0 -29.485254545296918 24.879376601056993 118.5
0 1 -29.840094287354617 27.93132960304676 108.5
1 0 -37.77333478739593 96.9299173882802 -117.5
1 1 -37.44019500049095 94.02843139553123 -108.0
4521
-------------------New----------------
0 0 -103.55970497429546 3.1965294621853535 118.5
0 1 -104.46956749561366 6.722964750821211 108.5
1 0 -125.16158567265305 86.30029191444991 -117.5
1 1 -124.28545215248921 82.9592035648374 -108.0
4533
-------------------New----------------
0 0 -3.2567465128869344 52.55450765846831 118.5
0 1 -5.628809820331911 49.165651028241044 108.5
1 0 -59.21335281420138 -27.41159011025176 -117.5
1 1 -56.96207266046033 -24.19337437428721 -108.0
4535
-------------------New----------------
0 0 -24.15532160644188 96.51867714962803 118.5
0 1 -21.69366747934092 95.01623781715833 108.5
1 0 33.90406850402505 61.07103189599751 -117.5
1 1 31.567591738406673 62.49997108149235 -108.0
4536
-------------------New----------------
0 0 -56.003010723946886 10.396524077626005 118.5
0 1 -55.44999906875855 14.02924008336851 108.5
1 0 -42.87339448322689 96.08057005625284 -117.5
1 1 -43.413359698362946 92.63311878590467 -108.0
4539
-------------------New----------------
0 0 60.15250276014102 -47.95082863033331 118.5
0 1 60.339489010186185 -43.26885612154421 108.5
1 0 64.68373790084009 62.52478512855513 -117.5
1 1 64.48984336504785 58.07618465452373 -108.0
4543
-------------------New----------------
0 0 -35.567147841344976 -48.6639941814415 118.5
0 1 -38.648406477459694 -47.91641124387858 108.5
1 0 -108.35843220078478 -31.06786800071318 -117.5
1 1 -105.42824198118667 -31.773851136096134 -108.0
4555
-------------------New----------------
0 0 -80.07255540049051 32.485455928714565 118.5
0 1 -79.17394232013244 29.38109168870319 108.5
1 0 -58.83990179765918 -40.76535193321611 -117.5
1 1 -59.69455715827197 -37.816385978746126 -108.0
4559
-------------------New----------------
0 0 58.6326826541392 -39.5737142100697 118.5
0 1 56.37907044403647 -41.6451483555675 108.5
1 0 5.392794577505598 -88.36743074217141 -117.5
1 1 7.536076447220539 -86.40221580616421 -108.0
4567
-------------------New----------------
0 0 124.3624950608785 -2.600499748845979 118.5
0 1 124.40628649306893 0.26562423479187414 108.5
1 0 125.5235578801957 64.92546392791017 -117.5
1 1 125.47589473983324 62.21447697647305 -108.0
4572
-------------------New----------------
0 0 94.0708750570599 5.186468955192896 118.5
0 1 91.88619922356193 4.700417161849972 108.5
1 0 42.42047210838164 -6.325822681538307 -117.5
1 1 44.499525149635716 -5.862492998219906 -108.0
4578
-------------------New----------------
0 0 -4.336193746123558 -45.28601955956754 118.5
0 1 -0.14957823977969512 -48.510524055690276 108.5
1 0 94.5246762443132 -121.36070571380932 -117.5
1 1 90.54442009342 -118.29643566543982 -108.0
4579
-------------------New----------------
0 0 -90.63563760000645 16.819200296279195 118.5
0 1 -91.20359355735677 13.670723732425808 108.5
1 0 -104.51079559563838 -57.6161575470163 -117.5
1 1 -103.93657831577465 -54.617943600775824 -108.0
4588
-------------------New----------------
0 0 -42.936349749564876 -1.698018269452937 118.5
0 1 -43.75095829049127 -0.5151048050644726 108.5
1 0 -62.138857129681256 25.922038105730497 -117.5
1 1 -61.36631834769196 24.81360330708956 -108.0
4594
-------------------New----------------
0 0 -87.44402441680465 -21.762316474445107 118.5
0 1 -86.31806307188171 -24.61547586575639 108.5
1 0 -61.0814836181077 -89.05229115245162 -117.5
1 1 -62.14089692061886 -86.347994648115 -108.0
4595
-------------------New----------------
0 0 -79.88651405670359 58.909518371236274 118.5
0 1 -79.43359091607411 57.87212722155633 108.5
1 0 -68.31896312555045 34.661986401842775 -117.5
1 1 -68.79156227363504 35.63822243553476 -108.0
4596
-------------------New----------------
0 0 77.44676926490033 42.711893752913895 118.5
0 1 80.01047193917421 44.72752335461758 108.5
1 0 36.03122998269583 92.58477366285234 -117.5
1 1 35.84485444277221 91.50495888414324 -108.0
4621
-------------------New----------------
0 0 -60.10606770013429 106.24681205753964 118.5
0 1 -59.27578287460791 106.37826908099751 108.5
1 0 -40.51498995895723 109.42555622447738 -117.5
1 1 -41.304881107088434 109.29673811169508 -108.0
4623
-------------------New----------------
0 0 79.66614165741544 45.87757991419754 118.5
0 1 79.01928862379393 44.376902502009685 108.5
1 0 64.37691724390478 10.394172145005083 -117.5
1 1 64.99200087475012 11.824614966277961 -108.0
4625
-------------------New----------------
0 0 -48.81866238019053 57.92095597008078 118.5
0 1 -51.12615493329291 54.53863274046972 108.5
1 0 -103.26902137785385 -21.914354590575403 -117.5
1 1 -101.07641587978891 -18.699705712079925 -108.0
4627
-------------------New----------------
0 0 40.03375461892496 44.726525466517515 118.5
0 1 36.86470409414821 43.39114217354279 108.5
1 0 -34.72050826603692 13.178834800698159 -117.5
1 1 -31.712688022073458 14.44952733872633 -108.0
4628
-------------------New----------------
0 0 41.745382838708636 -20.054663174427677 118.5
0 1 40.91280012401228 -22.022847951579593 108.5
1 0 22.056114821062412 -66.49182510348041 -117.5
1 1 22.85340127474391 -64.62259335358416 -108.0
4634
-------------------New----------------
0 0 41.27097468083315 93.95540842125533 118.5
0 1 44.761127857056756 91.86542564510094 108.5
1 0 123.62517339317314 44.53888807231671 -117.5
1 1 120.31175902968036 46.53040850898043 -108.0
4645
-------------------New----------------
0 0 6.141111278976471 24.392167385796526 118.5
0 1 2.9250461207083065 19.56630132624542 108.5
1 0 -70.01426679591626 -89.35589010868065 -117.5
1 1 -66.94017735480028 -84.78572530804037 -108.0
4648
-------------------New----------------
0 0 -9.10777796735255 -25.26041531973571 118.5
0 1 -8.48574038025146 -26.712832774355928 108.5
1 0 5.576005717174281 -59.54748908189831 -117.5
1 1 4.984682069002103 -58.16674761086655 -108.0
4651
-------------------New----------------
0 0 10.715050598329134 -20.878533543639755 118.5
0 1 13.421553973578423 -19.435496817022585 108.5
1 0 74.74046970319516 13.038604768704028 -117.5
1 1 72.16997240646207 11.670100040689764 -108.0
4652
-------------------New----------------
0 0 -27.25640492257803 -19.88219106343991 118.5
0 1 -27.718176939370345 -14.846837946848186 108.5
1 0 -37.966201070475215 98.9499907802508 -117.5
1 1 -37.54554606633025 94.16795732544843 -108.0
4656
-------------------New----------------
0 0 -1.8339276868511785 3.9629597515626793 118.5
0 1 1.7907476602129986 5.205071688816966 108.5
1 0 83.7053607730446 33.27523051030853 -117.5
1 1 80.26222936647743 32.09548817211082 -108.0
4659
-------------------New----------------
0 0 -14.654503698282047 -63.84091186441809 118.5
0 1 -15.73098572773622 -61.89647926251784 108.5
1 0 -40.12941058577372 -17.82383917677467 -117.5
1 1 -39.09776534646365 -19.688078510043816 -108.0
4664
-------------------New----------------
0 0 2.056684354790142 68.28927982548083 118.5
0 1 -2.132443021919761 69.80984010794862 108.5
1 0 -96.77485706006931 104.14925758271075 -117.5
1 1 -92.79874561860974 102.70320745598016 -108.0
4672
-------------------New----------------
0 0 -100.15268089994689 -47.76940865792263 118.5
0 1 -99.52050476558495 -47.7967402121324 108.5
1 0 -85.23294878052502 -48.4132369088062 -117.5
1 1 -85.83363363002344 -48.38717100930995 -108.0
4677
-------------------New----------------
0 0 18.253143152784823 17.73271626396981 118.5
0 1 15.216694346985616 14.777111457125178 108.5
1 0 -53.420042604574306 -52.11566311002777 -117.5
1 1 -50.53572916430427 -49.30612306823034 -108.0
4682
-------------------New----------------
0 0 -9.458302135902313 -24.124067496670357 118.5
0 1 -11.214231078910498 -19.553070942083657 108.5
1 0 -50.87477573104412 83.54145644030902 -117.5
1 1 -49.21061072237917 79.20790177950809 -108.0
4687
-------------------New----------------
0 0 -6.298858247847295 -64.77881851206564 118.5
0 1 -6.9494602031498385 -60.67493894811363 108.5
1 0 -21.598174745685615 32.143955923776396 -117.5
1 1 -20.985510833448014 28.24134648799149 -108.0
4694
-------------------New----------------
0 0 -85.36328255315648 11.521067494864324 118.5
0 1 -83.33933753475328 11.927078149330775 108.5
1 0 -38.47175962588019 21.160560734925344 -117.5
1 1 -40.39591683103064 20.79236402720393 -108.0
4697
-------------------New----------------
0 0 4.06475158027958 -90.47549640965957 118.5
0 1 3.698082000051579 -89.47396441685194 108.5
1 0 -4.596688551674335 -66.82217493749434 -117.5
1 1 -4.248212636283038 -67.7750012660353 -108.0
4706
-------------------New----------------
0 0 23.20817001544706 96.18284720016091 118.5
0 1 21.171755007465737 97.27724335921252 108.5
1 0 -24.806925786947687 122.01475611723211 -117.5
1 1 -22.874910730431136 120.97427375937994 -108.0
4710
-------------------New----------------
0 0 -68.05621036181306 -10.323132632527065 118.5
0 1 -70.00707841402269 -13.109969382291691 108.5
1 0 -114.04794748960698 -76.00926156908689 -117.5
1 1 -112.19803867536226 -73.36735834025798 -108.0
4720
-------------------New----------------
0 0 -23.558144519299915 58.80075516201278 118.5
0 1 -23.06879459889109 60.07577362746834 108.5
1 0 -11.962167513223555 88.98637651198882 -117.5
1 1 -12.423846876505126 87.77294867060917 -108.0
4721
-------------------New----------------
0 0 119.2875413025424 -37.41212500742027 118.5
0 1 119.0675344028906 -33.88085736980696 108.5
1 0 114.07692506530114 45.919967410570294 -117.5
1 1 114.28611802384141 42.5656047424136 -108.0
4730
-------------------New----------------
0 0 71.22404068661754 7.229758195268007 118.5
0 1 68.51625376335103 6.057072872436 108.5
1 0 7.326522327538845 -20.29494971482952 -117.5
1 1 9.898901052301134 -19.192146536830478 -108.0
4732
-------------------New----------------
0 0 20.259345580791482 -12.442733724647479 118.5
0 1 19.32916514410427 -10.99893437638789 108.5
1 0 -1.6948456387771635 21.661099757493123 -117.5
1 1 -0.8110511322935064 20.2885445725749 -108.0
4754
-------------------New----------------
0 0 -59.340586223059574 -53.47710542862451 118.5
0 1 -59.291626411175834 -50.254242083784085 108.5
1 0 -58.27630795500378 22.636770557554094 -117.5
1 1 -58.31579861705794 19.574779456842116 -108.0
4767
-------------------New----------------
0 0 73.59193016688533 -24.557524752806117 118.5
0 1 70.84698136390023 -22.249414181150776 108.5
1 0 8.331058267070851 29.99934482185754 -117.5
1 1 10.959438503005641 27.79575290014599 -108.0
4769
-------------------New----------------
0 0 -56.23167112938054 120.74896735007057 118.5
0 1 -51.28450790898968 120.78188262078336 108.5
1 0 60.5218316620949 121.5254805219648 -117.5
1 1 55.821968517487804 121.49493607480994 -108.0
4770
-------------------New----------------
0 0 -102.80689047488193 26.54558652908628 118.5
0 1 -101.11290851089065 22.125834726728463 108.5
1 0 -62.68650949820896 -77.55500356393078 -117.5
1 1 -64.30990552146231 -73.37291161106958 -108.0
4772
-------------------New----------------
0 0 14.066668018380147 -46.62439223253167 118.5
0 1 12.419805192518421 -48.8483338448121 108.5
1 0 -24.712180888835263 -99.13204315877341 -117.5
1 1 -23.15358979009413 -97.01983816593132 -108.0
4775
-------------------New----------------
0 0 1.3141038301073027 30.17189715402438 118.5
0 1 -1.8436151903575422 29.58085847961641 108.5
1 0 -73.20454424677618 16.224541949788538 -117.5
1 1 -70.20499103383769 16.786088538821783 -108.0
4778
-------------------New----------------
0 0 28.253870506815055 98.32653268663746 118.5
0 1 25.19580053476218 98.4011770555044 108.5
1 0 -43.768530142260566 100.4103261357441 -117.5
1 1 -40.86529223011368 100.31746895246702 -108.0
4780
-------------------New----------------
0 0 90.20485200836404 -29.567050047266882 118.5
0 1 87.60508968676258 -25.024224403996403 108.5
1 0 28.851911726557518 77.66022454497117 -117.5
1 1 31.324621670870123 73.345662679484 -108.0
4786
-------------------New----------------
0 0 -49.045245416172115 -16.67617934351715 118.5
0 1 -50.329244230973586 -21.36437234145216 108.5
1 0 -79.58799115400798 -127.14788397808361 -117.5
1 1 -78.36330935072174 -122.69238336009191 -108.0
4790
-------------------New----------------
0 0 -18.906339030112488 -33.736764917694465 118.5
0 1 -22.968583935148775 -36.57021190756486 108.5
1 0 -114.76884405536339 -100.60395237331642 -117.5
1 1 -110.90993810729654 -97.91233228365692 -108.0
4796
-------------------New----------------
0 0 37.40389469891546 93.85296279070502 118.5
0 1 37.322817518499036 94.98640091195526 108.5
1 0 35.47239569816616 120.5971252416455 -117.5
1 1 35.55089657828811 119.52182916039672 -108.0
4802
-------------------New----------------
0 0 20.907458859331086 -47.48082032677404 118.5
0 1 23.98244044098375 -43.73311349267132 108.5
1 0 93.74609856209717 40.9463377252784 -117.5
1 1 90.80417702980748 37.386349470712965 -108.0
4807
-------------------New----------------
0 0 54.783176057381276 -97.45334623282646 118.5
0 1 56.0044100735945 -98.4937483485771 108.5
1 0 83.60068292884826 -122.00640837116532 -117.5
1 1 82.4408891206223 -121.01785548120763 -108.0
4812
-------------------New----------------
0 0 43.9814015749701 -8.133071579057988 118.5
0 1 45.79948974456735 -12.039225504196821 108.5
1 0 86.9240474854962 -100.48984458908541 -117.5
1 1 85.19598527223654 -96.77074962553934 -108.0
4816
-------------------New----------------
0 0 78.79049074893871 -2.8139250572575714 118.5
0 1 78.05211880057848 -4.397309488896751 108.5
1 0 61.38250406154318 -40.164126163489854 -117.5
1 1 62.08223689197716 -38.66131368477094 -108.0
4817
-------------------New----------------
0 0 -50.89034283787244 -115.1050931487403 118.5
0 1 -47.61083583975142 -114.60031871125504 108.5
1 0 26.596213905955466 -103.1309164310162 -117.5
1 1 23.47345827197483 -103.61554222579498 -108.0
4821
-------------------New----------------
0 0 16.268479833018354 -8.852853108947794 118.5
0 1 20.395621766582167 -12.160430260016575 108.5
1 0 113.6514586125561 -86.86993910333504 -117.5
1 1 109.73165704782953 -83.73110812898035 -108.0
4839
-------------------New----------------
0 0 65.01428885649109 64.44121849486461 118.5
0 1 62.20445451772711 63.460016983561914 108.5
1 0 -1.2342199380394852 41.22380539946734 -117.5
1 1 1.4248563043956015 42.15836438837173 -108.0
4841
-------------------New----------------
0 0 -102.08390379080969 -23.119347513719084 118.5
0 1 -101.44470031739486 -23.955624327965023 108.5
1 0 -87.0027035918318 -42.887774397527515 -117.5
1 1 -87.6093432097681 -42.09142237109181 -108.0
4843
-------------------New----------------
0 0 -52.10890282835053 66.88661471357861 118.5
0 1 -53.96659453039772 68.52732437643103 108.5
1 0 -95.9904280413635 105.61851964556311 -117.5
1 1 -94.22432661513761 104.05905934200605 -108.0
4848
-------------------New----------------
0 0 70.70776913798413 -102.5144561921413 118.5
0 1 71.20312620619181 -102.80571469359532 108.5
1 0 82.53160530717305 -109.127182670002 -117.5
1 1 82.04282771541219 -108.87167856868582 -108.0
4851
-------------------New----------------
0 0 102.74427840460044 -18.707995013656564 118.5
0 1 103.31796097565203 -21.501124438470406 108.5
1 0 116.2318178816352 -84.5997176923522 -117.5
1 1 115.6897884699584 -81.94860305670178 -108.0
4854
-------------------New----------------
0 0 -109.05750240025493 74.12263703263454 118.5
0 1 -109.59619542701725 73.78885547046275 108.5
1 0 -121.85221720303794 66.19740966965404 -117.5
1 1 -121.3435788605223 66.51493227647464 -108.0
4857
-------------------New----------------
0 0 36.736931180860005 104.66583873754118 118.5
0 1 40.10964667670247 103.7314083688319 108.5
1 0 116.29650261718155 82.75254069316904 -117.5
1 1 113.09040154470117 83.63084966005866 -108.0
4862
-------------------New----------------
0 0 91.8726627348857 -50.111481010013826 118.5
0 1 89.84686407060161 -46.27097755457136 108.5
1 0 44.10830818557116 40.58486722298928 -117.5
1 1 46.0323310034571 36.93313657062932 -108.0
4865
-------------------New----------------
0 0 7.847624580790461 -110.38055880751008 118.5
0 1 8.053138620357775 -110.48394040453056 108.5
1 0 12.645178887732236 -112.81844709884169 -117.5
1 1 12.45333809079988 -112.71698179307161 -108.0
4869
-------------------New----------------
0 0 -21.505286454649323 -44.263294326087276 118.5
0 1 -22.871446224464847 -43.15902511133046 108.5
1 0 -53.670277264474954 -18.162469627496566 -117.5
1 1 -52.38054100676734 -19.2184999972361 -108.0
4870
-------------------New----------------
0 0 75.33852296044272 8.164846113701518 118.5
0 1 72.68881449300319 10.142893086875063 108.5
1 0 12.625093623823922 54.67551002465696 -117.5
1 1 15.140577243064286 52.81210876474192 -108.0
4874
-------------------New----------------
0 0 -8.979113455555183 -30.07172847608997 118.5
0 1 -11.966969122595456 -29.184785109751754 108.5
1 0 -79.49755094228814 -9.108649808946664 -117.5
1 1 -76.66153590287402 -9.953021902527308 -108.0
4877
-------------------New----------------
0 0 15.16120360596077 32.25988608987338 118.5
0 1 11.668272745423558 29.06698314177104 108.5
1 0 -67.40189703383176 -43.316004835259115 -117.5
1 1 -64.07219141381732 -40.265181050390495 -108.0
4878
-------------------New----------------
0 0 78.75952900983336 29.406727152503787 118.5
0 1 78.17555363605803 28.727628194181232 108.5
1 0 65.00318151733748 13.472364375179737 -117.5
1 1 65.55767029881756 14.110463724949378 -108.0
4883
-------------------New----------------
0 0 -11.471708067647308 -81.27358856225239 118.5
0 1 -10.17957406465771 -78.74240482815631 108.5
1 0 19.053709383580735 -21.557594453250772 -117.5
1 1 17.823645733817074 -23.961326131651038 -108.0
4884
-------------------New----------------
0 0 -19.326784642090935 -11.88162705467772 118.5
0 1 -18.12536873164003 -10.605224983811073 108.5
1 0 9.020519386080553 18.240329192470504 -117.5
1 1 7.879569820405004 17.027972324785587 -108.0
4892
-------------------New----------------
0 0 82.92938129591023 -33.07992978805307 118.5
0 1 82.04828788260446 -34.86434860229639 108.5
1 0 62.141074045721794 -75.20046238858492 -117.5
1 1 62.976887333427555 -73.50498753264309 -108.0
4893
-------------------New----------------
0 0 -34.460631150396075 7.627029104045739 118.5
0 1 -30.646789666879954 11.551115807822388 108.5
1 0 55.623061539929395 99.97967917787767 -117.5
1 1 51.991029261721735 96.27186722274485 -108.0
4894
-------------------New----------------
0 0 -34.90721293462827 -110.41569635090562 118.5
0 1 -29.71218229229165 -110.25182228712269 108.5
1 0 87.7245215116356 -106.5370735920806 -117.5
1 1 82.78615174594331 -106.69285710149434 -108.0
4908
-------------------New----------------
0 0 -31.651783479934874 25.62166425165924 118.5
0 1 -32.204258834455025 26.925607458195646 108.5
1 0 -44.708034410306595 56.40680908447537 -117.5
1 1 -44.18172037198917 55.16722306927926 -108.0
4913
-------------------New----------------
0 0 18.299801853493754 5.689802805802449 118.5
0 1 16.73988817575749 7.965327650111702 108.5
1 0 -18.60578086642417 59.891259556964066 -117.5
1 1 -17.108480536844553 57.71811512342636 -108.0
4919
-------------------New----------------
0 0 -18.96612944093517 -79.57006087318847 118.5
0 1 -17.545270963398202 -77.17871588756574 108.5
1 0 14.577444468654367 -23.092261580026015 -117.5
1 1 13.22668896641881 -25.36686022416462 -108.0
4942
-------------------New----------------
0 0 -68.26343732710987 95.69646047484513 118.5
0 1 -67.99448879201968 94.71911609569348 108.5
1 0 -61.91592323215466 72.63136000111707 -117.5
1 1 -62.17118365562332 73.56035342573819 -108.0
4945
-------------------New----------------
0 0 -76.78085434316584 20.074340224115737 118.5
0 1 -76.27851796180444 14.916220760403522 108.5
1 0 -65.02910005684751 -102.63902097245084 -117.5
1 1 -65.47981671715283 -97.67263763574933 -108.0
4946
-------------------New----------------
0 0 -37.536320688814726 -8.01990766931889 118.5
0 1 -34.469837896769754 -7.6144145125362614 108.5
1 0 34.83315395534821 1.5405026403016477 -117.5
1 1 31.919977613787626 1.155768847558755 -108.0
4947
-------------------New----------------
0 0 71.42276701573867 12.370466817039603 118.5
0 1 72.32485857865703 10.070907602889296 108.5
1 0 92.7138004474953 -41.89975193916261 -117.5
1 1 91.85682306081337 -39.715078718440395 -108.0
4949
-------------------New----------------
0 0 18.458972162455673 -15.90842702978264 118.5
0 1 22.626963002589882 -19.154753377499556 108.5
1 0 116.75715064740737 -92.60202772379951 -117.5
1 1 112.80389594603635 -89.50764179145992 -108.0
4956
-------------------New----------------
0 0 11.561569976247188 -119.0281959549485 118.5
0 1 12.624331686576904 -118.75671723757405 108.5
1 0 36.649628609228046 -112.66409547219862 -117.5
1 1 35.639598397874906 -112.91851003018758 -108.0
4967
-------------------New----------------
0 0 74.69604283365484 52.72814957411147 118.5
0 1 72.61687948041858 55.33748766560059 108.5
1 0 25.598710580087058 114.31660516425218 -117.5
1 1 27.57271045171684 111.83601169497445 -108.0
4972
-------------------New----------------
0 0 -105.2691140924766 83.79264785577269 118.5
0 1 -103.69004568169059 85.28202406661673 108.5
1 0 -67.9836101841332 118.92264150762614 -117.5
1 1 -69.48434813354133 117.50894700535795 -108.0
4977
-------------------New----------------
0 0 14.249080536948824 -56.030887699273215 118.5
0 1 15.805117456199397 -55.81234596114185 108.5
1 0 50.978082630787526 -50.88370064130571 -117.5
1 1 49.4995069298395 -51.09105834060834 -108.0
4980
-------------------New----------------
0 0 30.79305853032792 98.25138282980967 118.5
0 1 32.277983705429214 96.64883346397612 108.5
1 0 65.9298086049937 60.41427205310964 -117.5
1 1 64.51217055049906 61.93607155662247 -108.0
4981
-------------------New----------------
0 0 44.99674079567452 -97.32931991656156 118.5
0 1 41.5952724620047 -98.55887807040607 108.5
1 0 -34.9955278685159 -125.93318623488594 -117.5
1 1 -31.789966675137475 -124.81753768697668 -108.0
4987
-------------------New----------------
0 0 -74.01289104306868 23.75162519373965 118.5
0 1 -71.67162450067985 17.8730935361804 108.5
1 0 -18.70266327921039 -114.95808227243724 -117.5
1 1 -20.92956235205424 -109.37446453830378 -108.0
4990
-------------------New----------------
0 0 41.88882857149543 23.16322391689832 118.5
0 1 43.71328882385268 21.743319270220084 108.5
1 0 84.94730825951463 -10.336254730911113 -117.5
1 1 83.21371743307903 -8.988794153735354 -108.0
4996
-------------------New----------------
0 0 22.70759419759625 -71.36119756344901 118.5
0 1 20.742777790853978 -70.93395808152356 108.5
1 0 -23.658656510927194 -61.28673208415474 -117.5
1 1 -21.792478789482566 -61.69160129739445 -108.0
4998
-------------------New----------------
0 0 4.775315305380792 25.23649651491015 118.5
0 1 4.475291815474012 19.192645863312258 108.5
1 0 -2.4578532753020124 -117.58864756247303 -117.5
1 1 -2.163050795677164 -111.83996741778485 -108.0
5001
-------------------New----------------
0 0 -72.66138866773323 42.25067515286036 118.5
0 1 -72.749142033267 42.763506707834146 108.5
1 0 -74.72798588679542 54.36414488698796 -117.5
1 1 -74.64471512554226 53.876401177406365 -108.0
5006
-------------------New----------------
0 0 123.21012607344937 38.28442240399304 118.5
0 1 123.07623793513191 33.11885142095885 108.5
1 0 120.05197380134993 -83.62638981136412 -117.5
1 1 120.17922730489188 -78.71875985751356 -108.0
5008
-------------------New----------------
0 0 52.317575572506655 -40.88419909552208 118.5
0 1 46.85363478469914 -36.43421064464812 108.5
1 0 -76.54007109455144 64.28882621861067 -117.5
1 1 -71.35588836268428 60.05060766032956 -108.0
5010
-------------------New----------------
0 0 52.22954363775534 76.53374224795392 118.5
0 1 53.043921210193126 75.14552410731677 108.5
1 0 71.41161416461041 43.73531456863536 -117.5
1 1 70.64109935148207 45.054470308064886 -108.0
5013
-------------------New----------------
0 0 -114.0517712357162 -77.40980249707958 118.5
0 1 -113.73627851811004 -75.0979466761211 108.5
1 0 -106.6683760266786 -22.71890880621634 -117.5
1 1 -106.96485401021502 -24.92476591248206 -108.0
5014
-------------------New----------------
0 0 -12.513705735907783 -6.020849480271344 118.5
0 1 -14.67096654167562 -6.09546001173717 108.5
1 0 -62.95639095048326 -7.880848408442039 -117.5
1 1 -60.94011352137485 -7.806143793712164 -108.0
5017
-------------------New----------------
0 0 -38.85546391622328 -57.621035450932844 118.5
0 1 -40.49137327029407 -54.031411743295564 108.5
1 0 -77.62254317477374 27.03969435930971 -117.5
1 1 -76.05974728990768 23.632917349232834 -108.0
5018
-------------------New----------------
0 0 18.589661010391964 44.2614486912967 118.5
0 1 18.690511309411015 43.23617332325147 108.5
1 0 20.990105470441836 20.066925926734623 -117.5
1 1 20.893630627997407 21.040901368852513 -108.0
5026
-------------------New----------------
0 0 30.886968829412496 8.029673585836964 118.5
0 1 33.03831872154668 7.897602937412134 108.5
1 0 81.6980940246875 4.825376004578954 -117.5
1 1 79.65174955063854 4.9543587708050705 -108.0
5029
-------------------New----------------
0 0 45.412313783092976 36.0845981641861 118.5
0 1 45.117218575546296 33.63706748666892 108.5
1 0 38.3981822374846 -21.728794733862095 -117.5
1 1 38.68200408142696 -19.39813311303801 -108.0
5035
-------------------New----------------
0 0 95.33792966951485 -44.38985138145016 118.5
0 1 94.55566365309929 -46.72762445362449 108.5
1 0 76.88705695074438 -99.55065408679631 -117.5
1 1 77.63071078495496 -97.33055867326223 -108.0
5037
-------------------New----------------
0 0 -33.35916861107664 41.56040231327213 118.5
0 1 -29.47489390732834 44.68484020233278 108.5
1 0 58.29197044151606 115.29286212071369 -117.5
1 1 54.60197286601884 112.32529517286017 -108.0
5045
-------------------New----------------
0 0 62.07077092780446 -52.48208260087523 118.5
0 1 59.43222713979585 -50.249728988927785 108.5
1 0 -0.19051794535977606 0.15898435253954304 -117.5
1 1 2.312085272293691 -1.9562777160999627 -108.0
5072
-------------------New----------------
0 0 98.47670998732437 -71.16196419411162 118.5
0 1 99.41750368450222 -72.85339909061886 108.5
1 0 120.68634112094294 -111.08238882086746 -117.5
1 1 119.79215964868327 -109.4753602708784 -108.0
5073
-------------------New----------------
0 0 -27.35612560682565 -115.34341751911487 118.5
0 1 -28.656833733854928 -115.46204830478955 108.5
1 0 -58.01455793131937 -117.95462147256407 -117.5
1 1 -56.78760460386652 -117.85607696791969 -108.0
5074
-------------------New----------------
0 0 -9.149771225098792 106.66788942829479 118.5
0 1 -13.00062083939971 106.04928192606204 108.5
1 0 -101.22602932219165 92.71113562265177 -117.5
1 1 -97.47373855556668 93.21998019562298 -108.0
5078
-------------------New----------------
0 0 47.927084783285224 -34.516021040783336 118.5
0 1 43.44102973316109 -33.79658156275245 108.5
1 0 -57.99475853252629 -17.51050129983708 -117.5
1 1 -53.73099318434919 -18.18993850651109 -108.0
5079
-------------------New----------------
0 0 -48.52090187407877 -82.72481512497352 118.5
0 1 -50.26197858378193 -80.0286376776028 108.5
1 0 -89.58339348046033 -18.927532249201242 -117.5
1 1 -87.93219490672938 -21.493980573974063 -108.0
5101
-------------------New----------------
0 0 -35.59202182905328 32.013287653788495 118.5
0 1 -38.64829047019333 34.74168241181949 108.5
1 0 -107.76410123627144 96.40946773024116 -117.5
1 1 -104.85831914355249 93.8148984946176 -108.0
5107
-------------------New----------------
0 0 16.10850037214839 -105.9454115800693 118.5
0 1 16.580485391426965 -105.54277274928782 108.5
1 0 27.367468807198247 -95.99543036727752 -117.5
1 1 26.90390177055524 -96.39837939345942 -108.0
5112
-------------------New----------------
0 0 -64.04263525371836 29.986767153868378 118.5
0 1 -59.71560056878347 29.28277916307915 108.5
1 0 38.06988725799921 13.150240109647594 -117.5
1 1 33.96271821572593 13.822574563448878 -108.0
5116
-------------------New----------------
0 0 5.2462776309783345 96.61017492613098 118.5
0 1 5.606923457216392 96.66357384693355 108.5
1 0 12.528155965601572 98.10497215623762 -117.5
1 1 12.250127156309471 98.0102711206307 -108.0
5122
-------------------New----------------
0 0 68.80368388895184 56.68454170086928 118.5
0 1 69.31730780300722 57.6341642439768 108.5
1 0 80.92820622264996 79.10063551797148 -117.5
1 1 80.44001042581229 78.19842883226599 -108.0
5124
-------------------New----------------
0 0 62.46214125822058 43.94925387142571 118.5
0 1 58.641968603891335 45.98266964633384 108.5
1 0 -27.644361016886698 92.01303616544939 -117.5
1 1 -24.01778615694153 90.07522924435317 -108.0
5125
-------------------New----------------
0 0 -39.29008625796816 66.41733907698742 118.5
0 1 -36.402348666444894 69.00503978907801 108.5
1 0 28.858360922236177 127.5418361610422 -117.5
1 1 26.116103512718233 125.08214143595053 -108.0
5134
-------------------New----------------
0 0 21.702194472860704 0.6465556807670174 118.5
0 1 17.995143811357103 -4.175054860617189 108.5
1 0 -65.79368986580235 -113.19254463545808 -117.5
1 1 -62.271393188186074 -108.60994667258478 -108.0
5135
-------------------New----------------
0 0 -28.425764130705545 108.70835122263387 118.5
0 1 -29.447825233533404 108.18321693916896 108.5
1 0 -52.818212030724226 95.79844521304838 -117.5
1 1 -51.82734468266226 96.34072038648065 -108.0
5139
-------------------New----------------
0 0 43.466301502960164 -64.76197687246339 118.5
0 1 44.40284437166488 -65.98337722267082 108.5
1 0 65.56773837138039 -93.55580517811633 -117.5
1 1 64.67756938135737 -92.39711612384778 -108.0
5142
-------------------New----------------
0 0 112.03884316417229 -12.43749773295512 118.5
0 1 112.4850319774932 -15.152399030419954 108.5
1 0 122.61584749694381 -76.42024113379557 -117.5
1 1 122.18701763039738 -73.84418355456934 -108.0
5147
-------------------New----------------
0 0 -48.122691876474875 84.40797777201566 118.5
0 1 -44.84634735184969 84.41237904612214 108.5
1 0 29.3281488305489 84.45951328517864 -117.5
1 1 26.20123414559049 84.46234200188312 -108.0
5156
-------------------New----------------
0 0 28.290326667730483 94.3336608626676 118.5
0 1 25.891335207657477 93.10387978842667 108.5
1 0 -27.89623554555189 65.45689439776564 -117.5
1 1 -25.62084567618208 66.6406296157023 -108.0
5157
-------------------New----------------
0 0 -36.572797204171316 -28.762390118737432 118.5
0 1 -37.60635844778052 -31.537309021398084 108.5
1 0 -60.97950708156564 -94.19669521801077 -117.5
1 1 -59.998563199484785 -91.56595498663432 -108.0
5160
-------------------New----------------
0 0 -24.665852537120365 89.09316312214403 118.5
0 1 -19.842990616182934 89.63834185737534 108.5
1 0 89.21515865241318 101.92790827270943 -117.5
1 1 84.62746594667351 101.40992841459159 -108.0
5162
-------------------New----------------
0 0 64.16336188221396 81.41631813165314 118.5
0 1 63.071094519407424 82.77322042535626 108.5
1 0 38.786067681819105 113.22790452557508 -117.5
1 1 39.806775772170624 111.96394904372707 -108.0
5163
-------------------New----------------
0 0 6.50312749773385 -28.688559118030316 118.5
0 1 4.362675017608377 -30.9592113609685 108.5
1 0 -44.02384227562855 -82.26724671393586 -117.5
1 1 -41.989813451647706 -80.11049088307875 -108.0
5164
-------------------New----------------
0 0 -29.886118458461755 -57.22897163195866 118.5
0 1 -33.40222098329562 -57.14007511064001 108.5
1 0 -112.85491111789338 -54.99585987605424 -117.5
1 1 -109.51327039142885 -55.08830168614029 -108.0
5167
-------------------New----------------
0 0 25.459761098069727 6.082267516864038 118.5
0 1 22.69210749193841 4.92905083559806 108.5
1 0 -39.50789520523683 -21.534465924679985 -117.5
1 1 -36.90166096164437 -20.37915732817532 -108.0
5169
-------------------New----------------
0 0 91.50634471296301 -22.96024237482494 118.5
0 1 91.33448081383759 -19.857749856927704 108.5
1 0 87.67645049864907 50.177428016130115 -117.5
1 1 87.81727053970764 47.23918746590674 -108.0
5171
-------------------New----------------
0 0 36.627594379347606 23.027254313989953 118.5
0 1 36.56472935944113 25.947383481330178 108.5
1 0 34.75702069416248 92.1480162230368 -117.5
1 1 34.85726003263546 89.3586532781721 -108.0
5180
-------------------New----------------
0 0 73.5012888548554 -40.63936140232387 118.5
0 1 72.07201231836618 -40.957208526918755 108.5
1 0 39.801916477642564 -48.01604261089024 -117.5
1 1 41.1643358381675 -47.72195763299608 -108.0
5181
-------------------New----------------
0 0 29.90203558031996 -51.14095701574327 118.5
0 1 26.718695643078185 -52.15015465143618 108.5
1 0 -45.231208059219 -74.76486450385589 -117.5
1 1 -42.20239477598051 -73.81415876129682 -108.0
5183
-------------------New----------------
0 0 70.23918560640249 -8.938783274800318 118.5
0 1 71.34021158220587 -12.800193096617516 108.5
1 0 96.22913227836477 -100.08129359879345 -117.5
1 1 95.1828657913779 -96.41129735660564 -108.0
5185
-------------------New----------------
0 0 73.58309213400229 -2.714836453036341 118.5
0 1 71.10641959124186 -3.848822587144865 108.5
1 0 15.134463433631613 -29.405203839294984 -117.5
1 1 17.488380911376808 -28.33321763040408 -108.0
5192
-------------------New----------------
0 0 -59.8045372223573 -54.28913728591139 118.5
0 1 -59.50203667293787 -54.51428007013409 108.5
1 0 -52.68822773464518 -59.57210426302292 -117.5
1 1 -52.975812800831456 -59.36184029220298 -108.0
5193
-------------------New----------------
0 0 62.02497032792903 -76.95399067974054 118.5
0 1 63.94916414555236 -75.43855382495042 108.5
1 0 107.29543621170694 -41.134067354957985 -117.5
1 1 105.47311883936686 -42.57689219864472 -108.0
5199
-------------------New----------------
0 0 -9.705376812972776 -49.52087516182988 118.5
0 1 -13.917805318982554 -47.602106852398876 108.5
1 0 -108.92317521991579 -4.214708709290582 -117.5
1 1 -104.94012054858558 -6.032372140708277 -108.0
5201
-------------------New----------------
0 0 23.53194862966952 -21.56732442957242 118.5
0 1 21.20575876100275 -22.505611576874042 108.5
1 0 -31.361556300776833 -43.7215406770531 -117.5
1 1 -29.148765230330167 -42.82720207311148 -108.0
5202
-------------------New----------------
0 0 -60.79725844159751 34.02878701428877 118.5
0 1 -59.34377018236311 28.17683904398363 108.5
1 0 -26.509150765322936 -104.08311490376381 -117.5
1 1 -27.888986277245817 -98.52441470838748 -108.0
5216
-------------------New----------------
0 0 41.45955142540815 26.89982087603152 118.5
0 1 42.972452108450696 30.63345772771904 108.5
1 0 77.18183847963664 115.02456770617539 -117.5
1 1 75.74331500539007 111.47744807190531 -108.0
5223
-------------------New----------------
0 0 27.220825434766645 -43.2560538902062 118.5
0 1 27.28475966867955 -39.73874460131239 108.5
1 0 27.481895434681007 40.14276667648578 -117.5
1 1 27.528008443888087 36.76512433978384 -108.0
5226
-------------------New----------------
0 0 33.28089261403129 -16.549138620943857 118.5
0 1 29.091722153422143 -18.663863314515744 108.5
1 0 -65.48118940591567 -66.4686224325363 -117.5
1 1 -61.50870351932521 -64.45918254814354 -108.0
5228
-------------------New----------------
0 0 80.1536444125663 33.65918106882354 118.5
0 1 81.36390273674729 26.845262694315018 108.5
1 0 108.75336646225409 -127.11292539456558 -117.5
1 1 107.60106321245328 -120.64263464775006 -108.0
5232
-------------------New----------------
0 0 78.77183610803888 -75.79262304430887 118.5
0 1 76.59835001595435 -76.5766505814129 108.5
1 0 26.15857523689444 -94.66632493226601 -117.5
1 1 28.300200400658305 -93.92931185064366 -108.0
5235
-------------------New----------------
0 0 -12.613348208328926 121.4485781711729 118.5
0 1 -12.073092545667555 120.98082444179745 108.5
1 0 0.14034421738579614 110.40383919186972 -117.5
1 1 -0.37286574985084736 110.84837561593899 -108.0
5236
-------------------New----------------
0 0 56.88432980748034 11.917169328634312 118.5
0 1 52.9875085630221 11.640550856197926 108.5
1 0 -35.078470049900886 5.400395151892365 -117.5
1 1 -31.379270761995695 5.666689442377627 -108.0
5241
-------------------New----------------
0 0 -14.981425225661985 8.099782045716129 118.5
0 1 -16.932206758256903 10.176476590722618 108.5
1 0 -61.00634689140004 57.11541185373844 -117.5
1 1 -59.15394902556483 55.14238958678834 -108.0
5252
-------------------New----------------
0 0 76.30537220585674 58.05920460381147 118.5
0 1 77.184661960798 60.056141976271945 108.5
1 0 97.14402672779406 105.30501877761905 -117.5
1 1 96.2997321537304 103.3977017366235 -108.0
5275
-------------------New----------------
0 0 -25.65245272752366 -29.188769405478485 118.5
0 1 -29.13292985280101 -33.130160385779114 108.5
1 0 -107.12235238161311 -122.27722062447094 -117.5
1 1 -103.84594997370871 -118.54109164992494 -108.0
5276
-------------------New----------------
0 0 -52.17158615050572 17.676232284650084 118.5
0 1 -55.297568735629156 15.338165874236552 108.5
1 0 -125.91650694981922 -37.45555361541623 -117.5
1 1 -122.94908881115362 -35.23591538541377 -108.0
5277
-------------------New----------------
0 0 -68.2685434042993 89.02337071231257 118.5
0 1 -64.83608474060502 86.48472455402633 108.5
1 0 12.695753092573831 29.123548499561725 -117.5
1 1 9.437598813615102 31.535388339020198 -108.0
5288
-------------------New----------------
0 0 -24.606814949351836 56.894251742825915 118.5
0 1 -28.3030218543931 55.1311567854317 108.5
1 0 -111.83095047186632 15.31933204565145 -117.5
1 1 -108.32351799148068 16.993454885036577 -108.0
5299
-------------------New----------------
0 0 -81.28030002669858 28.162780517690596 118.5
0 1 -79.6988738383358 31.814480267055462 108.5
1 0 -44.22852627114176 114.12697912552508 -117.5
1 1 -45.7202793556516 110.67788053576275 -108.0
5302
-------------------New----------------
0 0 -82.7030731817267 5.946654979458792 118.5
0 1 -79.50522770639245 6.8720932810075555 108.5
1 0 -7.234056448737235 27.78632219138413 -117.5
1 1 -10.27201586387005 26.90723840120151 -108.0
5306
-------------------New----------------
0 0 -48.82653458933014 4.101354330941274 118.5
0 1 -52.023814131944484 4.631923518517612 108.5
1 0 -124.26487019715861 16.576239669112205 -117.5
1 1 -121.22772251913389 16.075533812288505 -108.0
5310
-------------------New----------------
0 0 -43.222938314901235 19.114993266959374 118.5
0 1 -44.98975979383854 19.542994859637663 108.5
1 0 -84.91586365497923 29.237263505503222 -117.5
1 1 -83.23808213170153 28.828439750362218 -108.0
5315
-------------------New----------------
0 0 104.24489145423645 13.830014295892525 118.5
0 1 104.13346209523179 12.751773276322474 108.5
1 0 101.63215488113946 -11.607614792333319 -117.5
1 1 101.73267268379416 -10.583403907480534 -108.0
5316
-------------------New----------------
0 0 -37.42260132115409 1.4923853938856895 118.5
0 1 -35.7598059036472 4.497008859289545 108.5
1 0 1.8043930962694676 72.44375362765814 -117.5
1 1 0.22533538267294376 69.58855440661415 -108.0
5320
-------------------New----------------
0 0 -21.962114007296158 98.59495096529025 118.5
0 1 -22.001157253919885 98.01818058298446 108.5
1 0 -22.878868379381096 84.97783396542685 -117.5
1 1 -22.84322773650009 85.52594361441687 -108.0
5328
-------------------New----------------
0 0 -71.69851014449549 -94.86856794166026 118.5
0 1 -72.05934625060867 -93.87605415601634 108.5
1 0 -80.39511885492051 -71.44033708234392 -117.5
1 1 -80.05173944358242 -72.38004814919151 -108.0
5329
-------------------New----------------
0 0 3.0612424315729294 44.495199656546966 118.5
0 1 0.7611668234006392 46.10853352545906 108.5
1 0 -51.39366228704604 82.72239717050465 -117.5
1 1 -49.209674100075894 81.17688521763228 -108.0
5332
-------------------New----------------
0 0 -8.384711953808246 -84.8491928232624 118.5
0 1 -7.898762467718771 -85.07695580761971 108.5
1 0 3.084093705450682 -90.2280916885297 -117.5
1 1 2.6223741515333887 -90.01156876325324 -108.0
5344
-------------------New----------------
0 0 21.431088945092235 85.44396767380144 118.5
0 1 25.37477240203679 84.92935510772642 108.5
1 0 114.78308995383452 73.32085908641692 -117.5
1 1 111.04118030055308 73.83773471574412 -108.0
5352
-------------------New----------------
0 0 20.629770370210913 -83.21332198566567 118.5
0 1 24.801259450560384 -84.61742051817308 108.5
1 0 119.03195929316264 -116.38274430968738 -117.5
1 1 115.07265247078882 -115.04683724454041 -108.0
5364
-------------------New----------------
0 0 -33.336627312604406 64.85727900114532 118.5
0 1 -29.980134074971676 61.474864806586766 108.5
1 0 45.87738356634209 -14.964512408021594 -117.5
1 1 42.68865445810129 -11.751343849704446 -108.0
5365
-------------------New----------------
0 0 -13.459138632464777 99.62868341409235 118.5
0 1 -15.779882112366687 100.23265967575023 108.5
1 0 -68.21939087517679 113.88792205876648 -117.5
1 1 -66.01528082697718 113.3136423128567 -108.0
5375
-------------------New----------------
0 0 -10.741399251510172 68.60573022817142 118.5
0 1 -5.9098637569863 66.21323243634025 108.5
1 0 103.22489163565703 11.967441357327939 -117.5
1 1 98.63918978438541 14.247562101844384 -108.0
5381
-------------------New----------------
0 0 3.7029868312439334 -41.68876569131196 118.5
0 1 1.5228022635754956 -41.39537865093425 108.5
1 0 -47.95673800300666 -34.64888580258341 -117.5
1 1 -45.871534474911684 -34.92743957578931 -108.0
5392
-------------------New----------------
0 0 31.91365995306121 -41.46495925759295 118.5
0 1 26.87735557035443 -44.93119868109211 108.5
1 0 -86.86192741030084 -123.16114019472525 -117.5
1 1 -82.0860003864645 -119.87333412604335 -108.0
5394
-------------------New----------------
0 0 11.257291893423092 -67.17636201764621 118.5
0 1 8.861002009586802 -67.8267201213191 108.5
1 0 -45.414399866995296 -82.40350986047099 -117.5
1 1 -43.140671102212835 -81.79224057794568 -108.0
5400
-------------------New----------------
0 0 -69.25654052873158 78.28510640552055 118.5
0 1 -66.88280785752026 79.5018294962588 108.5
1 0 -13.24197623566162 107.50914581958389 -117.5
1 1 -15.485395586562728 106.33590808403358 -108.0
5401
-------------------New----------------
0 0 1.2583546465662292 17.709920642202558 118.5
0 1 5.924551640963005 20.49269443306556 108.5
1 0 110.7253704879433 83.1383272077023 -117.5
1 1 106.34211550799652 80.51697508090032 -108.0
5425
-------------------New----------------
0 0 1.2247880119961128 -69.21297626603673 118.5
0 1 -0.04901650401409817 -70.75230669303576 108.5
1 0 -28.793109036359795 -105.59281837632247 -117.5
1 1 -27.58642036407133 -104.1285002404328 -108.0
5427
-------------------New----------------
0 0 12.014507374374585 6.906742562367538 118.5
0 1 10.508383805835217 2.438266331273053 108.5
1 0 -23.515030878245135 -98.50431464386064 -117.5
1 1 -22.08553926203835 -94.26293875603723 -108.0
5431
-------------------New----------------
0 0 40.71159432841169 -34.21751703055365 118.5
0 1 37.970691259799636 -32.42999430932325 108.5
1 0 -23.997292034632256 7.9654145510449155 -117.5
1 1 -21.39284835700767 6.262531583841846 -108.0
5455
-------------------New----------------
0 0 87.07901539292945 3.468379863495919 118.5
0 1 88.0897104470255 4.410500498295598 108.5
1 0 110.87913084000634 25.562143520870496 -117.5
1 1 109.9178118786001 24.67656480042701 -108.0
5457
-------------------New----------------
0 0 40.98610088975117 40.766689032014924 118.5
0 1 36.36733974491354 40.557647667270714 108.5
1 0 -68.11245389438874 35.77042561523592 -117.5
1 1 -63.721232531656185 35.976955688949424 -108.0
5463
-------------------New----------------
0 0 -38.584708562694644 35.48537794535966 118.5
0 1 -40.0725529169127 33.45826502758334 108.5
1 0 -73.7044682093561 -12.274845346791334 -117.5
1 1 -72.2950386507319 -10.350012712062185 -108.0
5470
-------------------New----------------
0 0 37.75213039944641 -21.310420958879753 118.5
0 1 33.995699208136585 -16.761579700723168 108.5
1 0 -50.91158284084371 86.03543256602991 -117.5
1 1 -47.3424283696563 81.71491718883047 -108.0
5476
-------------------New----------------
0 0 -2.751234535438498 -126.93989082186052 118.5
0 1 -5.108211431041208 -126.94319181465968 108.5
1 0 -58.373999675499036 -127.01795736947103 -117.5
1 1 -56.134861990672505 -127.01506337901188 -108.0
5478
-------------------New----------------
0 0 7.7071455035296 -31.56214866635065 118.5
0 1 7.491469905485327 -32.83402182200914 108.5
1 0 2.54433661308366 -61.679178806777465 -117.5
1 1 2.7519024962930048 -60.45812638560049 -108.0
5486
-------------------New----------------
0 0 -11.77234560770679 -31.307492931033938 118.5
0 1 -14.640569040724554 -28.30430157619167 108.5
1 0 -79.43226507629814 39.53853107801986 -117.5
1 1 -76.71083868595402 36.68586154806907 -108.0
5517
-------------------New----------------
0 0 -39.90115106134222 29.82202127462608 118.5
0 1 -33.5570664093255 30.717325376201302 108.5
1 0 109.74419584207718 50.945450755891905 -117.5
1 1 103.72152679260735 50.090469781656495 -108.0
5525
-------------------New----------------
0 0 -12.652604838385113 -0.7271377397069475 118.5
0 1 -8.663721395944268 4.4330263987577165 108.5
1 0 81.46643981838915 121.04946057698658 -117.5
1 1 77.67835943872022 116.14730416487926 -108.0
5534
-------------------New----------------
0 0 -44.27399158385927 -22.458709374337577 118.5
0 1 -46.71193022275705 -25.788998800480265 108.5
1 0 -101.6905554357437 -101.03692799950088 -117.5
1 1 -99.39231740729903 -97.87426802798363 -108.0
5541
-------------------New----------------
0 0 -6.470464603700523 -7.253252992421331 118.5
0 1 -8.502401522494365 -10.58065878515254 108.5
1 0 -55.221172985765655 -86.15266820881234 -117.5
1 1 -53.2330503771861 -82.92405493316535 -108.0
5542
-------------------New----------------
0 0 3.629733278244628 -22.03883656780653 118.5
0 1 0.699858448090471 -23.410494980964817 108.5
1 0 -65.51236565705766 -54.371661955176954 -117.5
1 1 -62.72819984408376 -53.071215508910356 -108.0
5545
-------------------New----------------
0 0 -81.37486312647562 -33.378291868007736 118.5
0 1 -78.6505466475506 -32.61605904016419 108.5
1 0 -17.039866194108846 -15.345288977729927 -117.5
1 1 -19.626545188428516 -16.066188768487276 -108.0
5550
-------------------New----------------
0 0 50.6818752776734 40.65101982001297 118.5
0 1 53.06544768068572 42.06986554761842 108.5
1 0 106.94131330974649 74.11998443650673 -117.5
1 1 104.67119999525342 72.7767997052071 -108.0
5553
-------------------New----------------
0 0 -22.596869829204472 -23.09536075329594 118.5
0 1 -24.395731019365275 -23.753264558745634 108.5
1 0 -65.06143157614113 -38.62110212803849 -117.5
1 1 -63.35208661391825 -37.995864718217085 -108.0
5560
-------------------New----------------
0 0 -48.394810414931 -19.14515052819868 118.5
0 1 -50.11705587093351 -17.87410791075358 108.5
1 0 -89.01112011544436 10.890618522691911 -117.5
1 1 -87.37549258686906 9.680282949447234 -108.0
5561
-------------------New----------------
0 0 -52.37126375176443 -1.59710728050567 118.5
0 1 -49.509961235658245 0.05261737111994229 108.5
1 0 15.141132560823044 37.35057242450078 -117.5
1 1 12.42483910549378 35.7824904121347 -108.0
5563
-------------------New----------------
0 0 9.969909101481164 81.28247668163814 118.5
0 1 10.033797145294248 81.48868887846692 108.5
1 0 11.48344316256117 86.1367759228522 -117.5
1 1 11.42092911119325 85.94218267008017 -108.0
5566
-------------------New----------------
0 0 10.683504825921574 -126.11953296887948 118.5
0 1 9.079831104268106 -126.15107558859408 108.5
1 0 -27.124505096998433 -126.86729070391216 -117.5
1 1 -25.602958972502925 -126.8368699850769 -108.0
5568
-------------------New----------------
0 0 -25.615042685607186 -81.2300449791326 118.5
0 1 -28.0523282675431 -81.1321234640701 108.5
1 0 -83.19486283019457 -78.92616154038777 -117.5
1 1 -80.88133774119036 -79.02241886848756 -108.0
5570
-------------------New----------------
0 0 -52.89405349734098 -72.04484713525868 118.5
0 1 -55.32320456675342 -71.5667310413722 108.5
1 0 -110.20019762279074 -60.750844093788295 -117.5
1 1 -107.8945660624355 -61.205334703027845 -108.0
5571
-------------------New----------------
0 0 -12.741206391898489 104.69942530303308 118.5
0 1 -11.493239810867722 104.00739344000877 108.5
1 0 16.064288809712945 88.64314121228696 -117.5
1 1 14.911733584070856 89.29561552095466 -108.0
5572
-------------------New----------------
0 0 48.17746208979408 -114.30052787083305 118.5
0 1 46.97224329853031 -114.20128590550291 108.5
1 0 20.028001012901502 -112.08458136714599 -117.5
1 1 21.15622593097698 -112.18184187093254 -108.0
5573
-------------------New----------------
0 0 11.64790247410409 59.63280591258026 118.5
0 1 10.33305060288568 57.70597899973213 108.5
1 0 -19.371440483093977 14.16627983801354 -117.5
1 1 -18.122696340198797 15.996680809515311 -108.0
5574
-------------------New----------------
0 0 -0.19867034832877187 47.8726100274095 118.5
0 1 -2.995583518571025 45.64364614796302 108.5
1 0 -66.23282993924758 -4.684897894104115 -117.5
1 1 -63.57208808013689 -2.571010724562144 -108.0
5576
-------------------New----------------
0 0 25.7731083133847 -39.27610667845961 118.5
0 1 28.67139408621469 -33.42144674474559 108.5
1 0 94.08048851017435 98.85711295479913 -117.5
1 1 91.32472742777018 93.30009076275866 -108.0
5587
-------------------New----------------
0 0 -16.33798094841081 -112.73980091659344 118.5
0 1 -14.280752453597149 -112.05098719516289 108.5
1 0 32.01637701448622 -97.48135636217752 -117.5
1 1 30.075667725553394 -98.07117643041006 -108.0
5592
-------------------New----------------
0 0 41.921549913804725 78.62363224946073 118.5
0 1 40.947541512123514 77.71934998638235 108.5
1 0 18.908367131003782 57.31178752090691 -117.5
1 1 19.835071980865912 58.168063211648224 -108.0
5593
-------------------New----------------
0 0 -25.701710779939173 31.73199792055979 118.5
0 1 -24.236750335732445 34.50408244177642 108.5
1 0 9.082395647651245 97.23332489622028 -117.5
1 1 7.67532987380928 94.59268463743635 -108.0
5596
-------------------New----------------
0 0 4.3060504790535274 46.63593424748804 118.5
0 1 6.249644307402821 48.56377989369653 108.5
1 0 50.187999021007066 92.07754251410515 -117.5
1 1 48.34128952072493 90.25566861633654 -108.0
5599
-------------------New----------------
0 0 -23.827643915976793 -10.102732213121852 118.5
0 1 -24.851368992697367 -13.194253211873104 108.5
1 0 -47.80196841110262 -83.09378784964139 -117.5
1 1 -46.84276083359906 -80.15073928468864 -108.0
5602
-------------------New----------------
0 0 -77.57211837509234 9.478264261408091 118.5
0 1 -79.0404659508832 9.52757546547883 108.5
1 0 -112.39960304389085 10.601565289034394 -117.5
1 1 -110.98020400699167 10.561474639327617 -108.0
5610
-------------------New----------------
0 0 -51.71928972155646 -38.158844866460214 118.5
0 1 -54.080009560484086 -36.47781315208594 108.5
1 0 -107.43812104004353 1.5570481674053316 -117.5
1 1 -105.19407564551742 -0.04198310612360601 -108.0
5613
-------------------New----------------
0 0 -29.66345878512815 -47.20102248510403 118.5
0 1 -29.444971793113268 -47.49265337053926 108.5
1 0 -24.52398084484978 -54.037882681032634 -117.5
1 1 -24.730679166964542 -53.76325250002683 -108.0
5614
-------------------New----------------
0 0 7.319476101978272 -2.652336234218054 118.5
0 1 4.309630684776102 2.7189298376311615 108.5
1 0 -63.732166249681505 124.24841519902682 -117.5
1 1 -60.871449073848694 119.13468835234137 -108.0
5622
-------------------New----------------
0 0 89.173275281953 41.960608477559234 118.5
0 1 89.33798204554839 40.767985874714114 108.5
1 0 93.03711961584463 13.858952428294852 -117.5
1 1 92.88133731734312 14.98954484589502 -108.0
5644
-------------------New----------------
0 0 86.0674586739253 -49.49388250392279 118.5
0 1 83.67098879504724 -47.33644242300624 108.5
1 0 29.578458263964684 1.4877857053525745 -117.5
1 1 31.851194884034214 -0.5664317095026423 -108.0
5655
-------------------New----------------
0 0 -35.64012891421184 -59.7443292057725 118.5
0 1 -37.33320682030767 -59.09559002818004 108.5
1 0 -75.64094200877913 -44.38490109722282 -117.5
1 1 -74.02972922754417 -45.01150989938777 -108.0
5665
-------------------New----------------
0 0 -97.32995695999867 -98.9967971442918 118.5
0 1 -95.91695579722533 -98.66263940544749 108.5
1 0 -63.74120450540515 -91.1320774635731 -117.5
1 1 -65.1017101492422 -91.45430728418111 -108.0
5668
-------------------New----------------
0 0 -8.563639668352973 -82.64594534312843 118.5
0 1 -4.122076375232453 -82.2905909266303 108.5
1 0 96.23338398952458 -74.26230335402403 -117.5
1 1 92.01257743071668 -74.60374866256763 -108.0
5670
-------------------New----------------
0 0 -43.47101395253751 -54.387563272393585 118.5
0 1 -46.915520992308544 -53.018351977799 108.5
1 0 -124.84416130795599 -22.03254520707626 -117.5
1 1 -121.56641251063772 -23.339588947457692 -108.0
5673
-------------------New----------------
0 0 -8.621311470152381 35.978385144270824 118.5
0 1 -8.103750133779716 37.78358815776924 108.5
1 0 3.625153405874342 78.48825607510835 -117.5
1 1 3.1349478701323417 76.77405576278947 -108.0
5676
-------------------New----------------
0 0 -49.91900037775887 -32.933942401459646 118.5
0 1 -48.13932010647375 -28.42568571632814 108.5
1 0 -7.928630822672288 73.33240438496254 -117.5
1 1 -9.617647553839676 69.05594497346021 -108.0
5680
-------------------New----------------
0 0 92.66526611664167 98.34764182913257 118.5
0 1 92.20111098902814 96.98185167859793 108.5
1 0 81.65217575100705 66.11816061523503 -117.5
1 1 82.09553687420238 67.41572603382554 -108.0
5683
-------------------New----------------
0 0 8.733958276061445 -82.9537530519913 118.5
0 1 8.453348463047309 -80.11491300333196 108.5
1 0 2.1108533634407864 -15.96723385289186 -117.5
1 1 2.3771924873628754 -18.66340121682641 -108.0
5687
-------------------New----------------
0 0 34.09065091835343 -79.82632991449367 118.5
0 1 29.826377668300626 -80.38465239343972 108.5
1 0 -66.4432528211977 -93.08572066192932 -117.5
1 1 -62.38932979976336 -92.54703175527106 -108.0
5688
-------------------New----------------
0 0 25.91145229653987 38.36441554625533 118.5
0 1 21.609112778691348 37.616748246171134 108.5
1 0 -75.57214116750643 20.719034868192107 -117.5
1 1 -71.48819441160305 21.430766983915447 -108.0
5689
-------------------New----------------
0 0 -21.33690636581688 74.17309990715077 118.5
0 1 -18.500268948584388 74.85659988733175 108.5
1 0 45.508981969007515 90.32374718443543 -117.5
1 1 42.82363349143871 89.67387089881768 -108.0
5692
-------------------New----------------
0 0 -87.82282571680499 -9.52079507293877 118.5
0 1 -85.2800194643454 -5.348847807746151 108.5
1 0 -27.93781758753669 88.96552752098869 -117.5
1 1 -30.344991268102586 84.99783243000995 -108.0
5702
-------------------New----------------
0 0 41.82513585345333 -39.72789769775756 118.5
0 1 45.1930996601086 -35.24588732241035 108.5
1 0 121.29140815494918 66.02419300688243 -117.5
1 1 118.09330283823843 61.76772270865861 -108.0
5729
-------------------New----------------
0 0 -52.358715809788464 70.91363100853685 118.5
0 1 -47.28476015342546 71.4347110901864 108.5
1 0 67.30895086003292 83.24551205060601 -117.5
1 1 62.50059414779291 82.74763546424448 -108.0
5736
-------------------New----------------
0 0 -22.014253804580722 -36.78910478813969 118.5
0 1 -26.21024886028534 -36.422795038399876 108.5
1 0 -121.02247965306333 -28.149379576950913 -117.5
1 1 -117.03725125219732 -28.4970447973105 -108.0
5737
-------------------New----------------
0 0 27.044511478344372 -97.35020534754116 118.5
0 1 25.276161518526237 -96.34723522003864 108.5
1 0 -14.692165756253967 -73.67713438227385 -117.5
1 1 -13.012850175072746 -74.62842633966555 -108.0
5739
-------------------New----------------
0 0 -9.751425098654607 29.615528919215098 118.5
0 1 -4.5927849797393705 28.038772345875067 108.5
1 0 110.85311405964828 -8.817067747021117 -117.5
1 1 106.02297726173444 -7.272877234750517 -108.0
5745
-------------------New----------------
0 0 -1.9588671827363004 -19.556522778178046 118.5
0 1 -3.0281266834377134 -17.86773288610475 108.5
1 0 -24.80279465806196 22.737892442783956 -117.5
1 1 -23.9942967282483 20.920014470728812 -108.0
5747
-------------------New----------------
0 0 -6.789473182995302 -54.223037831042824 118.5
0 1 -7.702057411150719 -49.04350108678852 108.5
1 0 -28.506503640867358 67.53599560449489 -117.5
1 1 -27.63437414597812 62.70770308691381 -108.0
5748
-------------------New----------------
0 0 32.40770561169056 -30.47963563661836 118.5
0 1 28.6898638313397 -30.328277350218958 108.5
1 0 -55.33211300746817 -26.9212232278871 -117.5
1 1 -51.799844470858964 -27.064186398354042 -108.0
5750
-------------------New----------------
0 0 -67.26020929670045 67.62640014028793 118.5
0 1 -67.14423565338979 65.8092873293119 108.5
1 0 -64.51815764736088 24.75189491447126 -117.5
1 1 -64.62768157989996 26.477915760538007 -108.0
5757
-------------------New----------------
0 0 -43.296523347265385 -39.18892161223273 118.5
0 1 -37.34933630783843 -40.87248168323269 108.5
1 0 97.05812418357804 -78.91863662051036 -117.5
1 1 91.40826075117634 -77.31938501017086 -108.0
5762
-------------------New----------------
0 0 -9.442953945114066 -77.00533283168336 118.5
0 1 -6.616643172071491 -75.51254863812706 108.5
1 0 57.28747622506999 -41.76783587005727 -117.5
1 1 54.600862218317886 -43.18535854067892 -108.0
5771
-------------------New----------------
0 0 -25.750079637900495 12.091275747006545 118.5
0 1 -22.45523963979499 14.421489727717425 108.5
1 0 52.003423675847976 67.08775451909484 -117.5
1 1 48.87377787254363 64.87310293543922 -108.0
5780
-------------------New----------------
0 0 -31.706950315778663 -70.116066240086 118.5
0 1 -28.035846389560078 -67.42993720646771 108.5
1 0 55.00508268139205 -6.835870864403775 -117.5
1 1 51.51827700735625 -9.376831453790519 -108.0
5799
-------------------New----------------
0 0 -35.6154501191697 8.77476541534681 118.5
0 1 -35.99902621313722 10.13075885024389 108.5
1 0 -44.63960550619436 40.87710274900997 -117.5
1 1 -44.275706597345824 39.582129119469045 -108.0
5805
-------------------New----------------
0 0 31.466780887235295 -20.509563451292237 118.5
0 1 33.74797720255631 -19.27509445699807 108.5
1 0 85.40903938934223 8.575983686143399 -117.5
1 1 83.23162431407704 7.4069791878824445 -108.0
5806
-------------------New----------------
0 0 20.128108496423913 -2.414460534851464 118.5
0 1 20.24417634307786 -1.528753889701829 108.5
1 0 22.834422934278592 18.486718586712275 -117.5
1 1 22.7262933346446 17.644641113828005 -108.0
5829
-------------------New----------------
0 0 114.68753435587266 -79.43315449189427 118.5
0 1 114.6700209171446 -76.7328600105315 108.5
1 0 114.37986107768734 -15.72630522459578 -117.5
1 1 114.3877458677817 -18.290034765026057 -108.0
5832
-------------------New----------------
0 0 -22.708224876295738 76.05539726648696 118.5
0 1 -23.08897323652904 72.96632940177992 108.5
1 0 -31.52217583190018 3.145463291622347 -117.5
1 1 -31.16976489813472 6.079819385587596 -108.0
5859
-------------------New----------------
0 0 25.49933370553731 -85.04130147189326 118.5
0 1 19.607004993857554 -85.76470999807813 108.5
1 0 -113.48163651485197 -102.28344942174405 -117.5
1 1 -107.90204595004975 -101.5914005384288 -108.0
5863
-------------------New----------------
0 0 -10.398997436315726 11.72994900495912 118.5
0 1 -9.737178858774497 12.119727865550331 108.5
1 0 5.204334415487226 20.924674802694252 -117.5
1 1 4.575202296750584 20.555134833054137 -108.0
5869
-------------------New----------------
0 0 4.884364515457141 109.02192515407629 118.5
0 1 7.271369990375838 108.7974123022316 108.5
1 0 61.31110328053315 103.76380930299288 -117.5
1 1 59.03508967617834 103.97280159092224 -108.0
5874
-------------------New----------------
0 0 32.99122239177858 -9.334264230212671 118.5
0 1 35.954724904339876 -6.286309738724801 108.5
1 0 102.92984077041805 62.589764272798234 -117.5
1 1 100.11454542457975 59.69375154757101 -108.0
5886
-------------------New----------------
0 0 11.343257045464956 -30.372354671859938 118.5
0 1 8.933686651949014 -26.540376270686163 108.5
1 0 -45.51514740670278 60.06326943245095 -117.5
1 1 -43.22691495794971 56.423804945195386 -108.0
5894
-------------------New----------------
0 0 -18.178890598955935 -61.88173477333754 118.5
0 1 -22.72784253731563 -60.134806917599235 108.5
1 0 -125.60935062269846 -20.61657715240828 -117.5
1 1 -121.28920756420457 -22.27750566658737 -108.0
5895
-------------------New----------------
0 0 -42.74599926819428 33.41151069309773 118.5
0 1 -39.21568890469864 33.43915857106377 108.5
1 0 40.56700164509181 34.00364552301171 -117.5
1 1 37.21395598509365 33.98146200650541 -108.0
5896
-------------------New----------------
0 0 -14.153560804445519 74.42241659667694 118.5
0 1 -9.683600711777368 73.53870214008465 108.5
1 0 91.44648074202118 53.47178101726674 -117.5
1 1 87.1867111757982 54.32199456775248 -108.0
5906
-------------------New----------------
0 0 69.48154212547665 -17.53815937802698 118.5
0 1 69.92665711530552 -20.172467578873928 108.5
1 0 80.02926296021585 -79.72277275402622 -117.5
1 1 79.60368055840803 -77.22144302470413 -108.0
5912
-------------------New----------------
0 0 -18.432028185414715 -105.62572495982238 118.5
0 1 -13.11020681770557 -104.73033870357605 108.5
1 0 106.77935538410831 -84.52955782452356 -117.5
1 1 101.74729269850424 -85.39075095861988 -108.0
5914
-------------------New----------------
0 0 -37.62608096592878 -41.147914842772536 118.5
0 1 -40.77826794616021 -41.85764310544854 108.5
1 0 -111.98483732140569 -57.76799998282705 -117.5
1 1 -109.00601044283728 -57.09013988946365 -108.0
5918
-------------------New----------------
0 0 -34.20398978673187 22.428989122964847 118.5
0 1 -29.258069925248673 18.856652602404626 108.5
1 0 82.50820542202901 -61.891616890384554 -117.5
1 1 77.81112906930628 -58.497963700996436 -108.0
5921
-------------------New----------------
0 0 28.24466061320077 -20.623595678346387 118.5
0 1 30.18462583415738 -14.373511182445053 108.5
1 0 73.99199443101205 126.89224978754385 -117.5
1 1 72.15092192686075 120.9535640254073 -108.0
5936
-------------------New----------------
0 0 -30.734222473710666 29.91836531321339 118.5
0 1 -29.99506127769282 26.43799470819538 108.5
1 0 -13.273720396413998 -52.227998045124664 -117.5
1 1 -13.975326607185497 -48.92128600011634 -108.0
5943
-------------------New----------------
0 0 42.23897947821266 58.816564020292915 118.5
0 1 37.23792367188497 58.01339109374813 108.5
1 0 -76.09855037859577 39.98870514333996 -117.5
1 1 -71.32958494630272 40.74513567079454 -108.0
5948
-------------------New----------------
0 0 38.72306894674311 -102.90258272098872 118.5
0 1 41.933160639119926 -102.13897934376317 108.5
1 0 114.63916995988681 -84.8338009322853 -117.5
1 1 111.58343292786614 -85.56302421767029 -108.0
5950
-------------------New----------------
0 0 -42.8753969789563 36.70135954593617 118.5
0 1 -39.873069083742855 37.645922785000934 108.5
1 0 27.92031628680589 59.01642307214288 -117.5
1 1 25.07131624170783 58.11810006419703 -108.0
5961
-------------------New----------------
0 0 39.336829806797276 28.189756326421712 118.5
0 1 41.30632094391919 27.254538182728176 108.5
1 0 85.83861926959449 6.187698998409464 -117.5
1 1 83.96706424001849 7.071564380213539 -108.0
5963
-------------------New----------------
0 0 -49.722950190771066 72.6874197206636 118.5
0 1 -47.54672537788256 72.73859048190648 108.5
1 0 1.6374437261668138 73.8924846508665 -117.5
1 1 -0.4296738901412498 73.84312585019212 -108.0
5971
-------------------New----------------
0 0 -94.91650001240407 60.058125961573204 118.5
0 1 -94.53905273946897 58.38373242326344 108.5
1 0 -86.01851207957871 20.562792670062354 -117.5
1 1 -86.37477830927293 22.153539959647652 -108.0
5977
-------------------New----------------
0 0 11.24273287154246 119.55506011167438 118.5
0 1 10.407094262491729 118.94432944551218 108.5
1 0 -8.073130969766101 105.25297902377608 -117.5
1 1 -7.310743782103525 105.73584278466176 -108.0
5979
-------------------New----------------
0 0 102.39535061400181 87.06338421701199 118.5
0 1 101.22850818198371 84.98612671023936 108.5
1 0 75.20904044015185 37.95328280916592 -117.5
1 1 76.29821601232206 39.89549409344376 -108.0
5987
-------------------New----------------
0 0 -67.80546004532438 -26.20149480572112 118.5
0 1 -64.3207504651742 -28.008323235081036 108.5
1 0 14.290742907304026 -68.9228190583076 -117.5
1 1 10.99093042906833 -67.19703306046696 -108.0
5991
-------------------New----------------
0 0 90.98538298425254 -41.90334418150108 118.5
0 1 88.55573607628402 -42.99245549832813 108.5
1 0 33.65183004403111 -67.62091360624294 -117.5
1 1 35.95970088768819 -66.58495050342052 -108.0
5992
-------------------New----------------
0 0 -25.33634680828088 63.804021745392255 118.5
0 1 -28.138844767181848 64.79863903665361 108.5
1 0 -91.31688727326824 87.43698381796591 -117.5
1 1 -88.6738157730154 86.46922956404887 -108.0
5993
-------------------New----------------
0 0 -2.235855555472773 -28.50042080249357 118.5
0 1 -1.3192674717694501 -29.02072657357892 108.5
1 0 19.6213283791242 -40.61519742043558 -117.5
1 1 18.726081023130195 -40.13481611702167 -108.0
5998
-------------------New----------------
0 0 -118.72898967910615 -5.041244683084302 118.5
0 1 -118.99924201542194 -3.9663331575658383 108.5
1 0 -124.97200987667756 20.271657085254457 -117.5
1 1 -124.72526865635768 19.26003256975382 -108.0
6000
-------------------New----------------
0 0 40.841844874185405 -54.81777662132231 118.5
0 1 37.573996178400684 -55.794420250919224 108.5
1 0 -36.16608542184636 -77.90984821542493 -117.5
1 1 -33.07056609241447 -76.98260046433313 -108.0
6003
-------------------New----------------
0 0 -76.47972913015181 80.60336057758266 118.5
0 1 -77.59545061297254 78.45398997318415 108.5
1 0 -102.79434605755247 29.723422494117365 -117.5
1 1 -101.73393132367377 31.774436681044666 -108.0
6015
-------------------New----------------
0 0 -33.73304546285392 3.991297419019864 118.5
0 1 -35.85732628181522 0.31363367328933406 108.5
1 0 -83.85154347335524 -82.84738061487919 -117.5
1 1 -81.83484995095371 -79.35045401570426 -108.0
6031
-------------------New----------------
0 0 -107.36448941669087 34.54488409199552 118.5
0 1 -107.15333870943616 36.338006608342496 108.5
1 0 -102.32029314407926 76.89965002993648 -117.5
1 1 -102.52630987741823 75.19436445062907 -108.0
6035
-------------------New----------------
0 0 34.36466168499116 63.149882167269524 118.5
0 1 33.58475930830021 61.67876371559564 108.5
1 0 15.968734105228194 28.43930249536603 -117.5
1 1 16.708750012716767 29.835316548469116 -108.0
6054
-------------------New----------------
0 0 -20.227689354926483 -92.30720541997361 118.5
0 1 -23.478009851434404 -92.23523119295388 108.5
1 0 -96.88442217543538 -90.31715857271209 -117.5
1 1 -93.80113089920016 -90.40632278245285 -108.0
6062
-------------------New----------------
0 0 43.126187588873464 -28.29303089025392 118.5
0 1 41.59562500748148 -25.18222418499023 108.5
1 0 7.034142635674442 45.11805856563884 -117.5
1 1 8.4857758773658 42.164153819611734 -108.0
6076
-------------------New----------------
0 0 19.237194326969146 30.727762474814362 118.5
0 1 17.752366664658105 26.63673141244569 108.5
1 0 -15.775279489967266 -65.79459467540671 -117.5
1 1 -14.369266553225453 -61.91721953905792 -108.0
6085
-------------------New----------------
0 0 18.027925117671728 78.08155387321682 118.5
0 1 14.971448101154015 79.49832771602233 108.5
1 0 -54.13779218462376 111.53882637008299 -117.5
1 1 -51.230429783723835 110.18678365132595 -108.0
6100
-------------------New----------------
0 0 25.77687523647644 113.37235833857967 118.5
0 1 22.142831690981723 112.82446322996086 108.5
1 0 -59.896251780142485 100.76180217551513 -117.5
1 1 -56.45658471232325 101.25453642782324 -108.0
6103
-------------------New----------------
0 0 69.00461496679863 -30.84775482655142 118.5
0 1 66.59884475001121 -26.087437334868174 108.5
1 0 12.339120052340034 81.52327089594644 -117.5
1 1 14.617394287676143 76.99917514189187 -108.0
6104
-------------------New----------------
0 0 9.652702604723501 8.179424386951828 118.5
0 1 5.300209734711174 12.34051129892902 108.5
1 0 -93.15929282551836 106.32703844307146 -117.5
1 1 -89.01925911577706 102.37596099441122 -108.0
6115
-------------------New----------------
0 0 46.73027116544292 12.120460900267261 118.5
0 1 45.228168665475295 16.2370661159144 108.5
1 0 11.288593711926273 109.24860881308587 -117.5
1 1 12.712765567471878 105.3428536687384 -108.0
6116
-------------------New----------------
0 0 49.362411680446115 -46.84672812240795 118.5
0 1 47.31282789592655 -44.54473087958568 108.5
1 0 0.8299693560124919 7.428889044249258 -117.5
1 1 2.7889380210498422 5.241883851844717 -108.0
6118
-------------------New----------------
0 0 -52.992384521187525 50.74754290134888 118.5
0 1 -52.24471907123409 48.920594145175286 108.5
1 0 -35.46251050370002 7.648540714670543 -117.5
1 1 -36.165599267910025 9.377014384883472 -108.0
6119
-------------------New----------------
0 0 -47.54265903760676 88.02987440316807 118.5
0 1 -46.84600970870749 89.503783309759 108.5
1 0 -31.090843499407782 122.81537613967036 -117.5
1 1 -31.753104014677024 121.41492723678418 -108.0
6120
-------------------New----------------
0 0 -53.205255624877466 -104.05566733712926 118.5
0 1 -49.63894775328099 -104.46262072071761 108.5
1 0 30.866380632288827 -113.72799513014657 -117.5
1 1 27.486938554329356 -113.33468572758679 -108.0
6124
-------------------New----------------
0 0 -33.003780424547514 0.8151006901573403 118.5
0 1 -31.893778112173162 1.8217557050003876 108.5
1 0 -6.805501954576537 24.568474636883575 -117.5
1 1 -7.860071692260611 23.612501132183766 -108.0
6129
-------------------New----------------
0 0 -49.49520842842428 54.76576544565503 118.5
0 1 -45.11241535774054 51.78651516781764 108.5
1 0 53.90363201402437 -15.513214771819843 -117.5
1 1 49.741547122007354 -12.684993118947522 -108.0
6131
-------------------New----------------
0 0 37.66230771118536 44.433379239311925 118.5
0 1 41.28532685608252 46.04827263317408 108.5
1 0 123.05583835834871 82.55953093082469 -117.5
1 1 119.62117355792802 81.02707803785498 -108.0
6147
-------------------New----------------
0 0 105.4887667501645 72.27963489072067 118.5
0 1 103.88154849287358 72.6522226261598 108.5
1 0 67.59183211328477 81.13529324703117 -117.5
1 1 69.11732736754287 80.77382874620352 -108.0
6161
-------------------New----------------
0 0 -66.53102384076684 -57.13133745666123 118.5
0 1 -63.086746883311534 -58.833725702048056 108.5
1 0 14.811281096621832 -97.26458552707656 -117.5
1 1 11.534490240576364 -95.65009784068866 -108.0
6162
-------------------New----------------
0 0 59.30198862985143 80.41841894283124 118.5
0 1 60.062777628913146 80.63937201497473 108.5
1 0 77.17976756777946 85.68861419961463 -117.5
1 1 76.46581414915981 85.4769027876896 -108.0
6164
-------------------New----------------
0 0 -102.61726105740634 60.030082722637495 118.5
0 1 -102.52724652616746 58.13762022154911 108.5
1 0 -100.54890620577201 15.161314742014122 -117.5
1 1 -100.6330562631732 16.972820615154284 -108.0
6168
-------------------New----------------
0 0 -13.722635085753726 1.0898936111806046 118.5
0 1 -17.463450022132275 -0.45618707701387634 108.5
1 0 -102.04477901211052 -35.38867760847523 -117.5
1 1 -98.48830783421356 -33.91977768968247 -108.0
6188
-------------------New----------------
0 0 26.315210436450695 99.92229950878378 118.5
0 1 24.318594170015086 99.80468413930413 108.5
1 0 -20.811078366403137 97.12767331202681 -117.5
1 1 -18.916194821035653 97.24130964270128 -108.0
6190
-------------------New----------------
0 0 -113.79406182844839 103.29833152718177 118.5
0 1 -113.70499827308495 103.60218040194658 108.5
1 0 -111.69423176851407 110.47183370468474 -117.5
1 1 -111.7787338187939 110.18296632354982 -108.0
6198
-------------------New----------------
0 0 -88.90058569043464 -5.284651169078617 118.5
0 1 -87.57046269990899 -5.00804603074749 108.5
1 0 -57.50989302992299 1.2152716608923584 -117.5
1 1 -58.776913417625465 0.9560276858001995 -108.0
6200
-------------------New----------------
0 0 88.04307503245442 70.27966535297232 118.5
0 1 86.35937686744026 67.47101123918047 108.5
1 0 48.28535219674282 4.044596724918665 -117.5
1 1 49.88803440740237 6.710735733693433 -108.0
6210
-------------------New----------------
0 0 -70.53199061520216 -4.597296634398922 118.5
0 1 -67.80543873261603 -7.03605339192049 108.5
1 0 -6.172334144754629 -62.17308700694609 -117.5
1 1 -8.766081641739708 -59.85393440983088 -108.0
6215
-------------------New----------------
0 0 -20.337134541381435 9.497490334718663 118.5
0 1 -21.916296715972233 11.875397292957377 108.5
1 0 -57.787315482089525 65.944041117758 -117.5
1 1 -56.25909823763969 63.655776437867345 -108.0
6231
-------------------New----------------
0 0 -53.517127730899325 54.07207886586682 118.5
0 1 -53.415473551615 51.021396976369026 108.5
1 0 -51.12557538672345 -17.926591359180694 -117.5
1 1 -51.22271431307902 -15.028465219225135 -108.0
6239
-------------------New----------------
0 0 90.10157741487853 30.832705257702337 118.5
0 1 89.32191263948609 33.27416325636686 108.5
1 0 71.75296600757945 88.51267036500298 -117.5
1 1 72.4896990035289 86.1879390165352 -108.0
6241
-------------------New----------------
0 0 -15.596585028070427 14.203410368036751 118.5
0 1 -19.802214582069347 15.229780635260028 108.5
1 0 -114.77938678931329 38.48122523670258 -117.5
1 1 -110.78717586602802 37.50191324971324 -108.0
6261
-------------------New----------------
0 0 100.19384971997496 -15.205583607197832 118.5
0 1 100.32683746965368 -10.579983234532085 108.5
1 0 103.33317785192553 93.92432022323621 -117.5
1 1 103.20653441860745 89.53217593775766 -108.0
6263
-------------------New----------------
0 0 -97.52176250783057 -24.54659534040311 118.5
0 1 -97.66656851896107 -24.32781953562418 108.5
1 0 -100.92966601797595 -19.582306415567764 -117.5
1 1 -100.79553944421649 -19.77765007082998 -108.0
6266
-------------------New----------------
0 0 77.80931054926788 26.156942022788854 118.5
0 1 79.38235625312429 21.355958881248565 108.5
1 0 114.94513904320556 -87.09455832289525 -117.5
1 1 113.44887507525341 -82.53641599500882 -108.0
6277
-------------------New----------------
0 0 -23.149729269169427 -115.51476864125667 118.5
0 1 -26.9875690145222 -114.61529350035474 108.5
1 0 -113.72869553208588 -94.21110608816501 -117.5
1 1 -110.08279749394535 -95.0703376822234 -108.0
6281
-------------------New----------------
0 0 -4.437507105727391 -22.726758209196255 118.5
0 1 -7.604931322752259 -19.507945572766033 108.5
1 0 -79.16115940535143 53.223359172002986 -117.5
1 1 -76.16665925330689 50.16436846870758 -108.0
6295
-------------------New----------------
0 0 -83.21132495391232 -22.433494390378467 118.5
0 1 -83.04839756501639 -26.359300916310183 108.5
1 0 -79.54931912576673 -112.861739142049 -117.5
1 1 -79.49765343302568 -108.96220886845136 -108.0
6301
-------------------New----------------
0 0 -1.51038078623777 -92.24194474505846 118.5
0 1 1.7337415985358955 -90.07048480316436 108.5
1 0 75.0565209944105 -41.06313646264354 -117.5
1 1 71.9755249631377 -43.12392575398202 -108.0
6312
-------------------New----------------
0 0 77.92246291027783 -6.004826684609054 118.5
0 1 75.44855086228486 -10.348969839066939 108.5
1 0 19.75915214376134 -108.1469189857095 -117.5
1 1 22.093064123851242 -104.0651802346966 -108.0
6319
-------------------New----------------
0 0 -22.43108995766658 -38.83517117340101 118.5
0 1 -19.428023143617033 -36.120057386254906 108.5
1 0 48.50480571299657 25.03453725406326 -117.5
1 1 45.652543189167986 22.471876474338192 -108.0
6331
-------------------New----------------
0 0 -23.943492632981343 -67.322986297592 118.5
0 1 -27.072379375314267 -66.99989011637786 108.5
1 0 -97.79301009265949 -59.67609648053028 -117.5
1 1 -94.81976874359177 -59.98465410063601 -108.0
6333
-------------------New----------------
0 0 52.58325558713814 -33.7484020378567 118.5
0 1 53.914058285894654 -29.490057578494522 108.5
1 0 84.0171306131465 66.74625442876697 -117.5
1 1 82.74908923541082 62.70033288464178 -108.0
6335
-------------------New----------------
0 0 -18.513667207506494 51.23224115831547 118.5
0 1 -19.737056373008787 49.3836355544466 108.5
1 0 -47.28025166825741 7.811071877365703 -117.5
1 1 -46.12192240502414 9.551812903109145 -108.0
6344
-------------------New----------------
0 0 26.46355128419312 12.304438991056111 118.5
0 1 27.504971581321332 10.249612924757582 108.5
1 0 51.066549011368494 -36.29800335084478 -117.5
1 1 50.06045169109744 -34.340806096855076 -108.0
6360
-------------------New----------------
0 0 64.52075272921138 -75.09454605883019 118.5
0 1 65.24573788144383 -75.16053502963717 108.5
1 0 81.78177646605835 -76.66941046449668 -117.5
1 1 81.09005670642881 -76.60635922405011 -108.0
6361
-------------------New----------------
0 0 96.81119221829132 34.5090849711733 118.5
0 1 96.70591220952898 32.94370432802596 108.5
1 0 94.27240964768231 -2.483193263878834 -117.5
1 1 94.37592296593438 -0.9925008317427426 -108.0
6362
-------------------New----------------
0 0 -31.757765208236748 -21.016870808501718 118.5
0 1 -28.60475201407449 -21.343034971034868 108.5
1 0 43.10226710237533 -29.084257392401497 -117.5
1 1 40.07673031576402 -28.771301824396822 -108.0
6363
-------------------New----------------
0 0 80.1362270518926 -77.51529737090348 118.5
0 1 77.41531966550359 -76.38619336704545 108.5
1 0 15.938296508714767 -50.77007627187819 -117.5
1 1 18.521450743635448 -51.847791318000745 -108.0
6365
-------------------New----------------
0 0 -42.50924762677959 -65.77015071290964 118.5
0 1 -46.47699494321185 -65.98170703038734 108.5
1 0 -121.27772657027424 57.40276663212825 -117.5
1 1 -120.0450991060136 57.45071890446312 -108.0
6370
-------------------New----------------
0 0 -113.66967917256713 -4.273789840491456 118.5
0 1 -113.54211694181667 -6.535923733815338 108.5
1 0 -110.68458708110882 -57.692249405935584 -117.5
1 1 -110.80401933319888 -55.54118037737654 -108.0
6373
-------------------New----------------
0 0 -2.6114031925497483 -58.007064280288866 118.5
0 1 -2.847478547839158 -55.46579009956033 108.5
1 0 -8.388462170175913 1.7644212681401925 -117.5
1 1 -8.174292392352012 -0.6080556849782301 -108.0
6379
-------------------New----------------
0 0 22.907659903669177 -41.2945749854231 118.5
0 1 21.552222377266553 -40.807099353755326 108.5
1 0 -9.101358852608968 -29.712337852361163 -117.5
1 1 -7.815126366029593 -30.182825485665784 -108.0
6381
-------------------New----------------
0 0 23.096785740023385 68.57732307066917 118.5
0 1 26.99781069067571 65.66511741343747 108.5
1 0 115.13154935318771 -0.19854625809233556 -117.5
1 1 111.42583504823384 2.5718002713593884 -108.0
6385
-------------------New----------------
0 0 -70.40534049509372 46.44602637582057 118.5
0 1 -67.55174223077913 45.022986987730405 108.5
1 0 -3.0622546237971404 12.863245841029258 -117.5
1 1 -5.773618655169855 14.215123799915697 -108.0
6395
-------------------New----------------
0 0 83.13603869241194 -74.26101145488573 118.5
0 1 82.35980594229756 -74.69030020533965 108.5
1 0 64.69999913074898 -84.37644568420404 -117.5
1 1 65.44342267670382 -83.97031471134548 -108.0
6396
-------------------New----------------
0 0 -64.41704180322378 -30.80893012051832 118.5
0 1 -60.12322967921443 -28.342118789116647 108.5
1 0 36.86936231965564 27.44578113095473 -117.5
1 1 32.789495006911686 25.084570060575416 -108.0
6398
-------------------New----------------
0 0 -55.23574103437172 -16.636463096357456 118.5
0 1 -54.18006337879693 -16.077006729164385 108.5
1 0 -30.352268191940794 -3.4438059091370667 -117.5
1 1 -31.350012425139873 -3.972174012320675 -108.0
6405
-------------------New----------------
0 0 -15.900085756338527 15.305426217307787 118.5
0 1 -14.62454822596365 13.97801353807655 108.5
1 0 14.651060629608367 -16.364918059245518 -117.5
1 1 13.400293363780865 -15.07450017980833 -108.0
6410
-------------------New----------------
0 0 -34.734979406382806 34.351982462343315 118.5
0 1 -29.887256155390645 33.355196411004776 108.5
1 0 79.6715811036581 10.826918457028892 -117.5
1 1 75.06622246770974 11.773945782764013 -108.0
6425
-------------------New----------------
0 0 44.31245480550793 -66.81680786684159 118.5
0 1 46.43908263637807 -65.02149908511345 108.5
1 0 94.59796493070543 -24.627986962208762 -117.5
1 1 92.57469517365566 -26.32671320128844 -108.0
6443
-------------------New----------------
0 0 -70.60142330367889 -18.659350027597785 118.5
0 1 -71.10254567095164 -19.901696800382975 108.5
1 0 -82.42785712869762 -47.96946812681909 -117.5
1 1 -81.95187974903084 -46.789668134389416 -108.0
6444
-------------------New----------------
0 0 3.9838184629204356 -42.98598864580258 118.5
0 1 -0.15706408227704288 -42.674726606354085 108.5
1 0 -93.67367694933982 -35.471446849855084 -117.5
1 1 -89.74377613559123 -35.783483815552735 -108.0
6447
-------------------New----------------
0 0 -86.90830025481077 7.360549151312343 118.5
0 1 -85.34482555919674 5.588955871654053 108.5
1 0 -49.900953851325184 -34.43541963127238 -117.5
1 1 -51.40026709085741 -32.757431395500035 -108.0
6455
-------------------New----------------
0 0 -65.48445478579406 1.7683627967395554 118.5
0 1 -62.36808695917004 5.214485266003401 108.5
1 0 8.017261567244104 83.0003394456728 -117.5
1 1 5.052425196657266 79.69981154581141 -108.0
6456
-------------------New----------------
0 0 0.8183307802029048 -69.26208470412391 118.5
0 1 -5.030618325508563 -70.46087565670527 108.5
1 0 -15.560048531114589 -102.18084724205184 -117.5
1 1 -17.340683292092436 -102.18537335444486 -108.0
6460
-------------------New----------------
0 0 -65.31134321476631 2.3187469518707333 118.5
0 1 -65.03585820786358 -0.3647851879665661 108.5
1 0 -58.858864397961476 -61.09753342421449 -117.5
1 1 -59.118189647318616 -58.54286355650087 -108.0
6465
-------------------New----------------
0 0 -95.26631708624285 -5.366537390742472 118.5
0 1 -94.63861800320043 -5.656200948316065 108.5
1 0 -80.64566598687261 -11.824387180553158 -117.5
1 1 -81.2334528766367 -11.568990047143354 -108.0
6475
-------------------New----------------
0 0 97.7631960494925 -24.22783967843251 118.5
0 1 96.21704388149726 -24.68166971048164 108.5
1 0 61.49791279904825 -34.87152939153017 -117.5
1 1 62.957837594304735 -34.44414187078961 -108.0
6491
-------------------New----------------
0 0 7.567037520465919 -7.574289145639111 118.5
0 1 10.758082697726252 -3.134631630217767 108.5
1 0 82.87086982969507 97.10273136899164 -117.5
1 1 79.84655711325058 92.89411836882958 -108.0
6493
-------------------New----------------
0 0 59.740888528748734 -4.234416623073068 118.5
0 1 62.40975231114614 -4.32164297621224 108.5
1 0 122.45914443837111 -6.194759846903998 -117.5
1 1 119.93835262341153 -6.117128090796758 -108.0
6497
-------------------New----------------
0 0 71.9420520074045 -102.63182941857255 118.5
0 1 73.07061112904144 -103.22457080547403 108.5
1 0 98.56938032258039 -116.74325519110964 -117.5
1 1 97.50830170905864 -116.16597013406627 -108.0
6501
-------------------New----------------
0 0 -59.369055492763415 -15.22315907669422 118.5
0 1 -60.7206458736358 -18.735640087688665 108.5
1 0 -90.92152123519783 -97.56817960905052 -117.5
1 1 -89.63931962535152 -94.274627669742 -108.0
6508
-------------------New----------------
0 0 -25.055569845935384 7.9082080195166045 118.5
0 1 -25.31686234028856 12.05877472554909 108.5
1 0 -31.229757580729654 105.91195018990626 -117.5
1 1 -30.97740242420243 101.96176791355863 -108.0
6516
-------------------New----------------
0 0 75.55261031823049 -51.47672096241828 118.5
0 1 74.22330756768397 -53.137974006434135 108.5
1 0 43.72597177224489 -89.99103662286663 -117.5
1 1 45.00901648544199 -88.46467542520962 -108.0
6520
-------------------New----------------
0 0 29.17319094365979 13.983645276321656 118.5
0 1 22.630912939917 12.833554338616164 108.5
1 0 -125.28839735340031 -13.149560363536887 -117.5
1 1 -119.0731485985527 -12.061348262000134 -108.0
6525
-------------------New----------------
0 0 40.1151984787074 123.99576705206974 118.5
0 1 39.52132197999344 123.89136005421274 108.5
1 0 26.098347365152996 121.53242376628478 -117.5
1 1 26.66221953779164 121.63153477899331 -108.0
6526
-------------------New----------------
0 0 87.61001260489792 30.323737771491807 118.5
0 1 87.72912213983764 28.702904362357412 108.5
1 0 90.42512780646966 -7.904847695121869 -117.5
1 1 90.31111768481814 -6.365955178988541 -108.0
6528
-------------------New----------------
0 0 -10.42772875682636 75.32911999693812 118.5
0 1 -10.24997235116232 76.96739126932559 108.5
1 0 -6.254299588483633 113.81131446219213 -117.5
1 1 -6.424342092226695 112.25901008743877 -108.0
6533
-------------------New----------------
0 0 54.47942848967347 -17.65321673916273 118.5
0 1 49.94099024794317 -17.18103735077103 108.5
1 0 -52.67461996373991 -6.568096727515744 -117.5
1 1 -48.35772881323189 -7.0134326413530514 -108.0
6540
-------------------New----------------
0 0 29.58254512873692 22.070769919669754 118.5
0 1 28.51710921270856 18.652043318647895 108.5
1 0 4.451455641808173 -58.64487902306975 -117.5
1 1 5.463353424539703 -55.39463609137668 -108.0
6543
-------------------New----------------
0 0 -40.011702169260516 -41.27695731709044 118.5
0 1 -39.339910703098 -42.16800292524563 108.5
1 0 -24.192434794861967 -62.35612292687373 -117.5
1 1 -24.825467693405294 -61.509720009652845 -108.0
6545
-------------------New----------------
0 0 -115.83316564744521 -65.38519320772761 118.5
0 1 -114.97486881074023 -66.64486308563359 108.5
1 0 -95.68931256539017 -95.07181019785928 -117.5
1 1 -96.49627566917563 -93.8774273513188 -108.0
6546
-------------------New----------------
0 0 -23.836263965646868 13.130596602584571 118.5
0 1 -22.5884548587435 11.909420498286304 108.5
1 0 5.107192725120951 -14.862210307975996 -117.5
1 1 3.922039502430695 -13.757498831223208 -108.0
6550
-------------------New----------------
0 0 -55.03469040389469 17.283582118275497 118.5
0 1 -52.89482109682861 17.58281908906636 108.5
1 0 -4.35410119084372 24.72679434592535 -117.5
1 1 -6.395938966543985 24.414599939741784 -108.0
6557
-------------------New----------------
0 0 111.35950763304572 52.352004343286 118.5
0 1 110.6315513009478 47.13585198724269 108.5
1 0 94.17431536454289 -70.7560581884882 -117.5
1 1 94.86611934253872 -65.79985642545891 -108.0
6563
-------------------New----------------
0 0 10.462052050618247 71.5733181208509 118.5
0 1 15.171888744824042 72.7932342086461 108.5
1 0 121.62796405347747 100.41383906769728 -117.5
1 1 117.1532636769178 99.24918926902507 -108.0
6565
-------------------New----------------
0 0 51.543380426872694 12.829065327210648 118.5
0 1 50.39654315327939 12.536847913485449 108.5
1 0 24.420312598474464 5.904340849723008 -117.5
1 1 25.513693659492617 6.186144310772834 -108.0
6570
-------------------New----------------
0 0 -84.17705280535141 28.328361954251914 118.5
0 1 -82.13221069349748 27.044518045332865 108.5
1 0 -36.01256021058537 -1.7733481150892263 -117.5
1 1 -37.95506872391556 -0.5690086881417147 -108.0
6574
-------------------New----------------
0 0 -7.450136655375575 40.85623255305321 118.5
0 1 -5.317053265727805 39.178538069795515 108.5
1 0 42.898737296740244 1.2664651534182307 -117.5
1 1 40.87225047005101 2.85800051875725 -108.0
6582
-------------------New----------------
0 0 13.73093896248108 -59.538411044520124 118.5
0 1 15.47186794679827 -61.32830304634505 108.5
1 0 55.04872759014226 -101.67628734903711 -117.5
1 1 53.37758611625311 -99.9832715607221 -108.0
6588
-------------------New----------------
0 0 -53.47378169511675 98.95722811152262 118.5
0 1 -50.01090308097269 98.27829130101519 108.5
1 0 28.190983351426183 82.94924166806724 -117.5
1 1 24.906151631729642 83.59187172129491 -108.0
6602
-------------------New----------------
0 0 11.905364102602539 -41.487312612018115 118.5
0 1 14.801294586364563 -43.06440980630345 108.5
1 0 80.22546922390984 -78.62501368401101 -117.5
1 1 77.4755036654015 -77.13255187298367 -108.0
6604
-------------------New----------------
0 0 -40.0523491511276 3.4739904499624332 118.5
0 1 -37.077421089243984 5.063627072232174 108.5
1 0 30.199511850914444 40.96007178455726 -117.5
1 1 27.370754877159094 39.44182074353611 -108.0
6607
-------------------New----------------
0 0 -28.823920050604396 51.105408236273206 118.5
0 1 -29.765993046354083 46.4420469326741 108.5
1 0 -51.006764657730265 -58.9803711881313 -117.5
1 1 -50.11362679957769 -54.55042806358246 -108.0
6616
-------------------New----------------
0 0 3.091733127236169 -33.96463611727056 118.5
0 1 5.0804128981031385 -32.56509181234746 108.5
1 0 50.03262379825016 -0.9219725489194441 -117.5
1 1 48.14416457505605 -2.252598697792142 -108.0
6618
-------------------New----------------
0 0 -118.16188433844448 0.6789647884272476 118.5
0 1 -117.58306376694209 -3.778386220043129 108.5
1 0 -104.51073324941049 -104.50616160952022 -117.5
1 1 -105.05994555557629 -100.2721825207058 -108.0
6633
-------------------New----------------
0 0 43.59858346100667 33.13567038910916 118.5
0 1 37.65257182837318 36.160826283942015 108.5
1 0 -96.72630264562255 104.48609173531872 -117.5
1 1 -91.07765350110769 101.61388634511741 -108.0
6634
-------------------New----------------
0 0 -23.89711625200151 -4.435891965039775 118.5
0 1 -25.016936629104222 -3.8685870058478597 108.5
1 0 -50.33471701329204 8.960558033105226 -117.5
1 1 -49.268787466031185 8.418767647164248 -108.0
6645
-------------------New----------------
0 0 3.736654776092172 43.53142859022523 118.5
0 1 2.593592099044411 44.84012940200854 108.5
1 0 -23.251590147276936 74.39390062830942 -117.5
1 1 -22.16561130454942 73.15170733089892 -108.0
6705
-------------------New----------------
0 0 67.94825936235462 24.382160145533256 118.5
0 1 69.55734240466258 18.381424684344186 108.5
1 0 106.07292628232487 -117.16819666235399 -117.5
1 1 104.53743989530058 -111.46466887799276 -108.0
6706
-------------------New----------------
0 0 -43.97940628112478 -16.697983878463898 118.5
0 1 -44.91356482087515 -14.275854087208435 108.5
1 0 -66.01980652504578 40.487026809440486 -117.5
1 1 -65.13425347189074 38.18387606586094 -108.0
6708
-------------------New----------------
0 0 -91.57503374863465 51.39564264086279 118.5
0 1 -92.58338725759668 52.387697274463605 108.5
1 0 -115.30814629692925 74.75884655315194 -117.5
1 1 -114.35814495352061 73.81761739719545 -108.0
6710
-------------------New----------------
0 0 -9.209760681349948 -95.37759993797748 118.5
0 1 -9.155867808215556 -95.31310478274952 108.5
1 0 -7.891130103795058 -93.83994294060753 -117.5
1 1 -7.944199654493022 -93.90181026468613 -108.0
6712
-------------------New----------------
0 0 -103.85128143517684 -1.4954950471036312 118.5
0 1 -103.82220537772386 -4.735976013949252 108.5
1 0 -103.16845512335878 -77.96896699250506 -117.5
1 1 -103.19599241947756 -74.89098319547725 -108.0
6724
-------------------New----------------
0 0 73.05602681615622 -93.7355892376327 118.5
0 1 71.1730089646435 -92.55252224137004 108.5
1 0 28.561899915069773 -65.77679549220366 -117.5
1 1 30.35147686665072 -66.90244080219436 -108.0
6727
-------------------New----------------
0 0 -79.25312215622357 87.52728471521326 118.5
0 1 -76.34924430186945 84.76448954743776 108.5
1 0 -10.74013691684122 22.339181554310244 -117.5
1 1 -13.500547412162287 24.965283466190236 -108.0
6730
-------------------New----------------
0 0 -0.023656356969077263 0.9400880162757019 118.5
0 1 -2.655440617523908 1.2033793575865293 108.5
1 0 -61.69012101812475 9.806409429587369 -117.5
1 1 -59.23019729615701 9.326756005692452 -108.0
6736
-------------------New----------------
0 0 39.09498774859375 45.04055654636502 118.5
0 1 39.84980031462263 45.26916940976902 108.5
1 0 56.87684665108718 50.47351666005931 -117.5
1 1 56.16229233530845 50.25340128263228 -108.0
6754
-------------------New----------------
0 0 15.678849666097118 -15.153110019371232 118.5
0 1 11.920197542899944 -15.311158685386724 108.5
1 0 -73.05029618547479 -18.94394378125376 -117.5
1 1 -69.46451497665167 -18.786860265872487 -108.0
6755
-------------------New----------------
0 0 -92.42971122540918 -14.30163635146619 118.5
0 1 -92.30854676570581 -10.848549177033627 108.5
1 0 -89.59694871168217 67.26456485880495 -117.5
1 1 -89.71017532703924 63.980045492628356 -108.0
6764
-------------------New----------------
0 0 110.28444553102699 69.06043395108718 118.5
0 1 110.39900417455837 69.8056644614005 108.5
1 0 112.99289528884965 86.6443782836145 -117.5
1 1 112.88398797953957 85.9365125025069 -108.0
6779
-------------------New----------------
0 0 13.112127701729557 -39.15273469123108 118.5
0 1 15.809582177281806 -38.3185929045617 108.5
1 0 76.78363340087988 -19.512097349613615 -117.5
1 1 74.22280542879315 -20.300695226460984 -108.0
6783
-------------------New----------------
0 0 77.17449343936065 -70.27753298635068 118.5
0 1 73.66065904702563 -67.6478161236445 108.5
1 0 -5.719705380709998 -8.249715406764587 -117.5
1 1 -2.3831080043683777 -10.74362172756048 -108.0
6788
-------------------New----------------
0 0 -69.04255964692781 11.750617017450734 118.5
0 1 -69.81089976132208 15.71837897487563 108.5
1 0 -87.34463669285653 106.45339790404428 -117.5
1 1 -86.59910424869562 102.62655459021626 -108.0
6797
-------------------New----------------
0 0 -120.2151697658611 -21.25167053271229 118.5
0 1 -119.99336251789757 -20.56366341986108 108.5
1 0 -114.96915932296497 -5.003951179326069 -117.5
1 1 -115.18030957152537 -5.657872329495318 -108.0
6799
-------------------New----------------
0 0 -7.880061888653861 -2.500018818411246 118.5
0 1 -6.85321775292181 -2.9702043651275067 108.5
1 0 16.263829544097895 -13.551421192909274 -117.5
1 1 15.293315592788787 -13.108215521525143 -108.0
6802
-------------------New----------------
0 0 -105.1938930656734 5.217471926914453 118.5
0 1 -104.54558852412556 5.729661733629002 108.5
1 0 -89.86118783288009 17.33766703594639 -117.5
1 1 -90.47863582652278 16.849173988821665 -108.0
6808
-------------------New----------------
0 0 -78.74266329814776 69.16042076346102 118.5
0 1 -77.53087395053629 67.91618187394762 108.5
1 0 -50.13820735161801 39.8095663375575 -117.5
1 1 -51.28943315624896 40.991354372612754 -108.0
6813
-------------------New----------------
0 0 32.66633530045562 -45.299784311592184 118.5
0 1 32.49023475372318 -40.79329614077416 108.5
1 0 28.828191525720808 61.16768969569087 -117.5
1 1 28.9706657823133 56.881300045727144 -108.0
6818
-------------------New----------------
0 0 41.60084917873466 27.99019795359091 118.5
0 1 36.40813657366236 27.092014753521653 108.5
1 0 -80.95003706903682 6.832884831650583 -117.5
1 1 -76.01693727168089 7.683560653292387 -108.0
6820
-------------------New----------------
0 0 39.67298656184764 62.24237386156344 118.5
0 1 38.30722089367586 62.07031030561194 108.5
1 0 7.434014144331402 58.25537437736308 -117.5
1 1 8.733543938012085 58.4142935959744 -108.0
6826
-------------------New----------------
0 0 -40.61077658170068 -14.522096271782427 118.5
0 1 -34.908154858346116 -11.737630664407638 108.5
1 0 93.93008774398167 51.05674999034951 -117.5
1 1 88.51846095115646 48.42123768986118 -108.0
6842
-------------------New----------------
0 0 -31.827084004267753 -77.19628617756342 118.5
0 1 -28.64936363344513 -79.01762815686659 108.5
1 0 42.98974489903195 -120.16141944522501 -117.5
1 1 39.983161600402774 -118.43254230531036 -108.0
6853
-------------------New----------------
0 0 -49.91963140749586 70.58646701088901 118.5
0 1 -51.600221304047 71.31633516020302 108.5
1 0 -89.59298778020259 87.82942720529476 -117.5
1 1 -87.99539447564175 87.13515888161132 -108.0
6860
-------------------New----------------
0 0 -2.283364581452905 -1.6434823041543005 118.5
0 1 -7.217553078385737 -0.6064949812588585 108.5
1 0 -118.69697153040397 22.845923923418287 -117.5
1 1 -114.01337151196655 21.858103367054188 -108.0
6862
-------------------New----------------
0 0 -65.80163329637398 -35.37340993238722 118.5
0 1 -65.33127966532126 -36.860816524661246 108.5
1 0 -54.68039773862637 -70.39439494624614 -117.5
1 1 -55.12949390812296 -68.98810030950169 -108.0
6863
-------------------New----------------
0 0 -84.44117973516535 4.516309402439442 118.5
0 1 -83.98123690827981 2.1071343583744175 108.5
1 0 -73.70099414783729 -52.18074157100169 -117.5
1 1 -74.12904158502809 -49.89582868609324 -108.0
6865
-------------------New----------------
0 0 113.36577043846039 -42.89433714844649 118.5
0 1 113.76336849595843 -38.80772453796467 108.5
1 0 122.7549690957106 53.55298759999165 -117.5
1 1 122.37683523589723 49.670190119275794 -108.0
6867
-------------------New----------------
0 0 -3.072196873147668 -81.18469223228276 118.5
0 1 -7.956273310276671 -79.23783881358798 108.5
1 0 -118.35178033308094 -35.227435440660315 -117.5
1 1 -113.71093531289878 -37.07839618765932 -108.0
6879
-------------------New----------------
0 0 -87.08302711314668 97.97536090448163 118.5
0 1 -86.53729108004454 96.96278534933514 108.5
1 0 -74.17953449294295 74.06534354993373 -117.5
1 1 -74.69926633220017 75.02847970375322 -108.0
6882
-------------------New----------------
0 0 -69.28812329324447 75.38586386448883 118.5
0 1 -70.91912273871489 75.30714963844922 108.5
1 0 -107.78402428120687 73.48618152674828 -117.5
1 1 -106.22858018799707 73.56114201256946 -108.0
6890
-------------------New----------------
0 0 79.77491294012472 22.945214232445995 118.5
0 1 76.56318179754832 19.659078573988396 108.5
1 0 3.9734094671744 -54.60810938282376 -117.5
1 1 7.0247230180238756 -51.48606552168174 -108.0
6894
-------------------New----------------
0 0 -32.27038780854264 83.76378835656593 118.5
0 1 -30.387028706854387 84.36376846484876 108.5
1 0 12.167123328283193 97.95218955566179 -117.5
1 1 10.379153249867532 97.38015516791287 -108.0
6903
-------------------New----------------
0 0 39.69815383103601 -34.97619617204267 118.5
0 1 41.41426144005171 -34.9645827032374 108.5
1 0 80.16667971091165 -34.6783692590296 -117.5
1 1 78.53951905043857 -34.690859881861904 -108.0
6914
-------------------New----------------
0 0 -8.04980203966612 56.633632421030484 118.5
0 1 -7.89528657794821 54.640123078897815 108.5
1 0 -4.423382127095676 9.596002283370263 -117.5
1 1 -4.568842357326512 11.488785430779531 -108.0
6931
-------------------New----------------
0 0 -23.753477647575167 47.03308963795685 118.5
0 1 -23.260221140122418 47.355190530586256 108.5
1 0 -12.201896857576044 54.68666550510295 -117.5
1 1 -12.666216506517335 54.375428107572795 -108.0
6940
-------------------New----------------
0 0 -46.366529921028004 -8.73400496402167 118.5
0 1 -47.17957683432038 -12.428141969742255 108.5
1 0 -65.54564123426007 -95.91722913634928 -117.5
1 1 -64.77362351395809 -92.40765845200406 -108.0
6942
-------------------New----------------
0 0 61.921794848174194 -110.97758158516221 118.5
0 1 62.03511409310115 -110.77082992129456 108.5
1 0 64.56522975490608 -106.114539979998 -117.5
1 1 64.45749789386261 -106.31357457855526 -108.0
6944
-------------------New----------------
0 0 -76.16653827184773 -114.6853133834883 118.5
0 1 -73.79439008178048 -113.78304694083336 108.5
1 0 -20.282362583361888 -93.1749991401102 -117.5
1 1 -22.527120994607436 -94.04616999125459 -108.0
6945
-------------------New----------------
0 0 14.0542156928341 32.181664718544404 118.5
0 1 17.44674520138107 31.443843661426122 108.5
1 0 94.05976394891715 14.724022672649449 -117.5
1 1 90.83966089517631 15.431102730626202 -108.0
6946
-------------------New----------------
0 0 40.46937757990217 24.882978643884474 118.5
0 1 41.331120265506776 19.93334910637771 108.5
1 0 60.813322436452324 -91.92275691342718 -117.5
1 1 59.9942191631789 -87.22110586752763 -108.0
6947
-------------------New----------------
0 0 -15.394634457488484 104.10486720259632 118.5
0 1 -17.390831272090274 102.40270470363416 108.5
1 0 -62.57460674124483 63.653300736426374 -117.5
1 1 -60.65379478006586 65.30643976789368 -108.0
6954
-------------------New----------------
0 0 24.050977331280777 -18.19187108369403 118.5
0 1 28.16326764839627 -17.169613291485028 108.5
1 0 121.09356817601876 5.953266574022932 -117.5
1 1 117.1862899535975 4.979725577616349 -108.0
6958
-------------------New----------------
0 0 -64.29794903390784 2.7349577638211944 118.5
0 1 -62.594733886988436 2.107044254368091 108.5
1 0 -24.105484480583502 -12.086965206678709 -117.5
1 1 -25.72337442652568 -11.490319258891153 -108.0
6959
-------------------New----------------
0 0 34.25415280764374 60.30985000484333 118.5
0 1 35.547436091659584 59.939885138907904 108.5
1 0 64.79937320684927 51.62229667385128 -117.5
1 1 63.576784620964744 51.968698054584536 -108.0
6960
-------------------New----------------
0 0 -70.33061286973643 68.89218292006504 118.5
0 1 -69.42105597922267 69.33644280520119 108.5
1 0 -48.87187814409178 79.37936356969219 -117.5
1 1 -49.73503293521884 78.95687238584534 -108.0
6968
-------------------New----------------
0 0 13.257917874282764 -64.78838598935518 118.5
0 1 13.827096959067168 -65.52863842187138 108.5
1 0 26.45847178984824 -81.79432143110233 -117.5
1 1 25.931744473612223 -81.11099365928172 -108.0
6978
-------------------New----------------
0 0 -89.03665946447009 -26.243706528695334 118.5
0 1 -88.50305391813528 -21.434979175112367 108.5
1 0 -76.46490683549553 87.24970101458084 -117.5
1 1 -76.97082936870893 82.68134108210425 -108.0
6983
-------------------New----------------
0 0 -50.22633902792995 16.158427299417596 118.5
0 1 -47.229297966482136 16.92254076995554 108.5
1 0 20.502795537198317 34.226699222899086 -117.5
1 1 17.65293558978009 33.49816992566164 -108.0
6985
-------------------New----------------
0 0 -23.440882356611656 80.70828542573788 118.5
0 1 -27.10551584150237 80.45273790106593 108.5
1 0 -109.86611803491277 74.64017798963714 -117.5
1 1 -106.38346530649048 74.88597308915782 -108.0
6988
-------------------New----------------
0 0 64.08678511547626 57.87988665889192 118.5
0 1 63.03918180980952 53.52383496650265 108.5
1 0 39.37662006480849 -44.95409536546103 -117.5
1 1 40.37021315800281 -40.81801585312745 -108.0
6991
-------------------New----------------
0 0 50.22473628888817 88.38689788337066 118.5
0 1 53.244520249695725 86.2989726800815 108.5
1 0 121.42258317285571 39.02725437714103 -117.5
1 1 118.55647525294027 41.01603665750027 -108.0
7009
-------------------New----------------
0 0 17.193626346940018 -34.23235585393904 118.5
0 1 21.65398140671196 -30.21526192976311 108.5
1 0 122.43321349631083 60.14037053363434 -117.5
1 1 118.20839284448212 56.35213992416425 -108.0
7011
-------------------New----------------
0 0 39.843714065045916 86.71914872078153 118.5
0 1 36.00330917770795 85.89565146723145 108.5
1 0 -50.697182880724945 67.31145461753297 -117.5
1 1 -47.05443518178457 68.09302067803614 -108.0
7014
-------------------New----------------
0 0 -29.267946405810335 49.56159071696391 118.5
0 1 -23.238907990178326 51.92714589680687 108.5
1 0 112.74831809153845 105.58920204497826 -117.5
1 1 107.03516566957828 103.3350690528064 -108.0
7017
-------------------New----------------
0 0 -104.74817079061145 34.99275932716705 118.5
0 1 -104.14119960931268 38.63329054784559 108.5
1 0 -90.51997621942495 120.91423510244582 -117.5
1 1 -91.09123516475279 117.4562985163112 -108.0
7030
-------------------New----------------
0 0 -44.831270658567064 54.86108849684655 118.5
0 1 -45.46422491902051 51.01499816617967 108.5
1 0 -59.67971701109273 -35.969815329388815 -117.5
1 1 -59.07415084435682 -32.30509492892273 -108.0
7035
-------------------New----------------
0 0 98.53380991341018 45.588939831773374 118.5
0 1 99.03116783784937 42.10586502512441 108.5
1 0 110.28086361503074 -36.61840548484691 -117.5
1 1 109.80712944021055 -33.309294914412035 -108.0
7036
-------------------New----------------
0 0 91.64246489491737 69.34562450388539 118.5
0 1 90.63643696061277 69.56746210515229 108.5
1 0 67.9346089504372 74.59382220732749 -117.5
1 1 68.8828250427174 74.36513007393951 -108.0
7038
-------------------New----------------
0 0 112.73186719858647 -23.696679429381476 118.5
0 1 112.03970548978808 -21.766372135519454 108.5
1 0 96.4608286533958 21.9185183826997 -117.5
1 1 97.11313888138787 20.07757824414815 -108.0
7044
-------------------New----------------
0 0 -3.938182686235906 29.145129936233133 118.5
0 1 -5.548661526575488 31.28487209369188 108.5
1 0 -41.97617887821464 79.63011601057403 -117.5
1 1 -40.4439549702184 77.59814992817698 -108.0
7049
-------------------New----------------
0 0 -44.63763129866545 -116.19458657434181 118.5
0 1 -47.10941587088931 -115.70677699667172 108.5
1 0 -102.74698272758357 -104.54014850593623 -117.5
1 1 -100.40680367115138 -105.01743824045897 -108.0
7050
-------------------New----------------
0 0 101.39336192118837 -17.723018219034532 118.5
0 1 101.0984910780635 -19.9231373617629 108.5
1 0 94.43540148472546 -69.64383411539237 -117.5
1 1 94.71538728559099 -67.5537984324341 -108.0
7058
-------------------New----------------
0 0 -42.064823285517306 -63.084905033906544 118.5
0 1 -45.127186547393876 -64.78967338958714 108.5
1 0 -114.36485789604771 -103.40114271359523 -117.5
1 1 -111.45272029073851 -101.77766346720884 -108.0
7062
-------------------New----------------
0 0 39.72805296833435 98.93516536820113 118.5
0 1 39.824194846739076 98.35701706569812 108.5
1 0 42.02442027794441 85.2766385903499 -117.5
1 1 41.930751544118195 85.82652035802114 -108.0
7063
-------------------New----------------
0 0 108.11222545257553 -111.34960583109304 118.5
0 1 108.69334903760443 -111.01380892170725 108.5
1 0 121.79136617236975 -103.44351902620652 -117.5
1 1 121.24114601138076 -103.76179872221164 -108.0
7064
-------------------New----------------
0 0 -21.960926284201932 47.56081978390941 118.5
0 1 -22.696741926980962 50.836343479738936 108.5
1 0 -39.36637028186888 124.95033018254597 -117.5
1 1 -38.66455821472927 121.83275409864152 -108.00000000000003
7084
-------------------New----------------
0 0 -53.635121702437324 52.665414852286005 118.5
0 1 -56.16378842391197 54.66817452903042 108.5
1 0 -113.3326363487279 99.95741074707591 -117.5
1 1 -110.92781515736665 98.05416349101793 -108.0
7087
-------------------New----------------
0 0 -51.90364723493407 115.94727373772136 118.5
0 1 -52.80372159185284 115.84068880682098 108.5
1 0 -72.95441342577548 113.57150512740122 -117.5
1 1 -72.10896704937412 113.66439405118876 -108.0
7088
-------------------New----------------
0 0 -3.108986020424724 -18.785116228779998 118.5
0 1 -7.007195666326841 -19.417555843685566 108.5
1 0 -95.15185846804508 -33.716835200901386 -117.5
1 1 -91.44333889168719 -33.11682100320418 -108.0
7090
-------------------New----------------
0 0 -48.55321520646484 -44.08715567481973 118.5
0 1 -50.64116600728208 -45.711763752352255 108.5
1 0 -97.86126984368657 -82.43155007492034 -117.5
1 1 -95.87477732907763 -80.88750341899973 -108.0
7094
-------------------New----------------
0 0 -39.04537000717686 35.47514380762141 118.5
0 1 -42.69206453142555 33.767233513221996 108.5
1 0 -125.05161035514175 -5.021074670853641 -117.5
1 1 -121.59039328839447 -3.386353833431913 -108.0
7096
-------------------New----------------
0 0 -52.72397186696533 50.69218516948085 118.5
0 1 -53.339554960573615 53.18247929327621 108.5
1 0 -67.19385096859597 109.43538654057973 -117.5
1 1 -66.61418808652613 107.07040930885607 -108.0
7105
-------------------New----------------
0 0 -2.7501260492861985 -33.422218075286054 118.5
0 1 0.2922753899694307 -32.9208456014618 108.5
1 0 69.14328624265855 -21.782999746183958 -117.5
1 1 66.24793069010116 -22.245017758956934 -108.0
7108
-------------------New----------------
0 0 -71.62633127794706 36.10147786294499 118.5
0 1 -68.8086308398745 32.65058663702595 108.5
1 0 -5.105909578779931 -45.37222210677122 -117.5
1 1 -7.78000041931155 -42.09039858986877 -108.0
7114
-------------------New----------------
0 0 -37.019398541823634 21.30874874234823 118.5
0 1 -38.35672896619483 18.928298152786954 108.5
1 0 -68.58130649961285 -34.59324150756724 -117.5
1 1 -67.31143693545508 -32.34912837977944 -108.0
7115
-------------------New----------------
0 0 -8.158767653110054 -39.62728737898543 118.5
0 1 -4.422814418763377 -41.92405627516432 108.5
1 0 79.99195471055098 -93.83514707509528 -117.5
1 1 76.44395919271166 -91.65213132879822 -108.0
7131
-------------------New----------------
0 0 -66.35591436225205 77.68580901731414 118.5
0 1 -63.02792767025348 78.7371179587644 108.5
1 0 12.047920135804617 102.61194037934551 -117.5
1 1 8.908064725230094 101.61308891958663 -108.0
7132
-------------------New----------------
0 0 -82.55041405123818 -27.91661424491439 118.5
0 1 -80.36073739756031 -26.138898072478657 108.5
1 0 -30.8405007827641 14.079831990020079 -117.5
1 1 -32.92298226995295 12.389252188073646 -108.0
7134
-------------------New----------------
0 0 27.414869999041322 0.9733849633761824 118.5
0 1 24.19243693224757 3.7945779160966318 108.5
1 0 -48.619883700455524 67.55984228072296 -117.5
1 1 -45.55898343960577 64.87931839819039 -108.0
7139
-------------------New----------------
0 0 -9.172634100066807 -30.66096072604976 118.5
0 1 -10.168473272811765 -27.642078397401104 108.5
1 0 -32.70952829702714 40.62253316795166 -117.5
1 1 -31.761203785718358 37.752191040032834 -108.0
7145
-------------------New----------------
0 0 69.51928070180243 35.97140964745405 118.5
0 1 69.92420493172166 33.96251119795683 108.5
1 0 79.05376975464299 -11.48515003052544 -117.5
1 1 78.67120863553832 -9.573928120174 -108.0
7146
-------------------New----------------
0 0 -104.47016038015461 8.134488583400103 118.5
0 1 -103.25629960638852 3.058201041144848 108.5
1 0 -74.7321096178066 -111.815122161518 -117.5
1 1 -75.98428615148575 -106.9280218671594 -108.0
7149
-------------------New----------------
0 0 -64.89837855586015 -0.9598981608299887 118.5
0 1 -60.63171095650815 3.4684733307647244 108.5
1 0 35.799341259434115 103.5548725535102 -117.5
1 1 31.745480996023236 99.3477139026161 -108.0
7151
-------------------New----------------
0 0 73.74607307038545 -34.12653409024752 118.5
0 1 70.75198535397041 -35.515705060010106 108.5
1 0 3.142152137730461 -66.8564130547465 -117.5
1 1 5.989938139244801 -65.5341028226586 -108.0
7159
-------------------New----------------
0 0 -63.4074236207011 58.188200451338034 118.5
0 1 -65.10716223683023 54.69687634223068 108.5
1 0 -103.4765068014816 -24.177269362878256 -117.5
1 1 -101.86399689346193 -20.86367143317106 -108.0
7161
-------------------New----------------
0 0 14.253431507860933 -47.16869345587505 118.5
0 1 15.88181219263527 -46.370423829366885 108.5
1 0 52.68285715570634 -28.318345789676563 -117.5
1 1 51.13573997350027 -29.077201981991628 -108.0
7181
-------------------New----------------
0 0 -21.495083960078567 60.27362647083252 118.5
0 1 -22.08515766773191 55.63646223103412 108.5
1 0 -35.485838619941596 -49.152577127330744 -117.5
1 1 -34.919658084640155 -44.74831430366577 -108.0
7184
-------------------New----------------
0 0 -98.47175638065343 -47.393053768964286 118.5
0 1 -96.41268600821658 -49.20449003908907 108.5
1 0 -49.88290141563632 -90.14822160523644 -117.5
1 1 -51.83835546440359 -88.4271578804522 -108.0
7188
-------------------New----------------
0 0 -76.60792681452773 -1.6103360327019154 118.5
0 1 -76.55269389660975 -5.970032983337515 108.5
1 0 -75.30899730507174 -104.49958636946083 -117.5
1 1 -75.36147193985387 -100.35852864142187 -108.0
7198
-------------------New----------------
0 0 -39.94892100598259 19.788404007298162 118.5
0 1 -39.12386780628282 17.851010317990102 108.5
1 0 -20.00551877177637 -26.306550347932493 -117.5
1 1 -20.799458547744823 -24.443066676728623 -108.0
7205
-------------------New----------------
0 0 4.294668207229078 -81.5978794367602 118.5
0 1 -1.1433591619937118 -80.9505376612229 108.5
1 0 -124.19723740542149 -66.35938435283397 -117.5
1 1 -119.02817033190506 -66.97369196787847 -108.0
7210
-------------------New----------------
0 0 81.72140632212084 0.09994050803963059 118.5
0 1 83.33625928426662 -1.9424794658476106 108.5
1 0 119.84699148244007 -48.080261712380704 -117.5
1 1 118.3117226346156 -46.14440110092726 -108.0
7218
-------------------New----------------
0 0 -25.289764588449 -17.88930673642563 118.5
0 1 -23.101275888434163 -17.433492948368542 108.5
1 0 26.38872772004159 -7.183474100803314 -117.5
1 1 24.30640776477083 -7.615245334512059 -108.0
7223
-------------------New----------------
0 0 39.21881055021207 -4.280431139570929 118.5
0 1 36.64527893605448 -5.031980191245038 108.5
1 0 -21.439009756851128 -22.02525189111951 -117.5
1 1 -18.994280637757242 -21.307722809627805 -108.0
7227
-------------------New----------------
0 0 34.94524013763437 32.510106614823016 118.5
0 1 33.282234487178485 30.576583040424026 108.5
1 0 -4.300116577685756 -13.12528056828746 -117.5
1 1 -2.720398794429959 -11.288145498643832 -108.0
7240
-------------------New----------------
0 0 54.54505952223133 57.84045903120502 118.5
0 1 55.444220649313706 57.7987882626987 108.5
1 0 75.80449871698549 56.7990569436941 -117.5
1 1 74.95366520889971 56.840942715516555 -108.0
7251
-------------------New----------------
0 0 -27.871222912418283 -45.98728664505646 118.5
0 1 -27.395923818879442 -42.48455940611221 108.5
1 0 -16.65250459802214 36.670129390436315 -117.5
1 1 -17.10429566532899 33.34238564600915 -108.0
7258
-------------------New----------------
0 0 -36.156378021391426 27.68853375067036 118.5
0 1 -38.70769314411758 30.377671554008526 108.5
1 0 -96.4272241944221 91.0720240274894 -117.5
1 1 -94.00204118305551 88.5269173916549 -108.0
7265
-------------------New----------------
0 0 23.443591743053172 37.24260715247384 118.5
0 1 17.78085139073292 38.77734559215348 108.5
1 0 -113.09715166742015 73.67090549185625 -117.5
1 1 -107.5185405936332 72.21906833621122 -108.0
7266
-------------------New----------------
0 0 34.835672560540445 -33.831350041745445 118.5
0 1 28.391176421657974 -31.557556936246733 108.5
1 0 -117.13672625609449 19.8715059810116 -117.5
1 1 -111.02345609475574 17.70979975273309 -108.0
7268
-------------------New----------------
0 0 74.11590031671656 64.87033387865515 118.5
0 1 72.7329169395848 64.26332964846438 108.5
1 0 41.849649742323535 50.65704300212592 -117.5
1 1 43.140836734384855 51.22182249324847 -108.0
7284
-------------------New----------------
0 0 -14.279142527789213 43.577993773643435 118.5
0 1 -10.08914533710057 46.89925210690129 108.5
1 0 84.54971882407601 121.944554431254 -117.5
1 1 80.57614852713053 118.80005459262775 -108.0
7294
-------------------New----------------
0 0 -14.224590086558573 -9.237677946385132 118.5
0 1 -18.97984113938406 -9.04264862787415 108.5
1 0 -126.68295540843226 -4.150657256260053 -117.5
1 1 -122.15097819998918 -4.364788211614165 -108.0
7296
-------------------New----------------
0 0 4.261574070618241 17.900757883191613 118.5
0 1 6.6586733796984605 19.29866450168309 108.5
1 0 60.79076341413736 50.920557736361985 -117.5
1 1 58.51423800100694 49.591288622178354 -108.0
7301
-------------------New----------------
0 0 44.826309965057064 95.57491385814765 118.5
0 1 43.26379660509213 96.17923414928786 108.5
1 0 8.31861315322175 109.9025587953453 -117.5
1 1 9.790307899676446 109.3355369154995 -108.0
7310
-------------------New----------------
0 0 86.75150986616467 -16.588061246780107 118.5
0 1 85.73760797229906 -18.976473068699164 108.5
1 0 62.828501129014434 -72.91650768871253 -117.5
1 1 63.79191410034709 -70.65009192464294 -108.0
7317
-------------------New----------------
0 0 44.29546683139871 13.768947166825347 118.5
0 1 43.20359619414304 16.72642246374796 108.5
1 0 19.437219344619447 83.60931085124977 -117.5
1 1 20.434438205737177 80.80895580247352 -108.0
7318
-------------------New----------------
0 0 -68.9219533565855 -14.616416686822054 118.5
0 1 -68.80532740377116 -13.629295077306773 108.5
1 0 -66.1794823062308 8.64054711293466 -117.5
1 1 -66.28724798418793 7.702947965245601 -108.0
7321
-------------------New----------------
0 0 49.86813884026402 -51.53119380561524 118.5
0 1 47.30114195752833 -50.01746779256223 108.5
1 0 -10.686011639202993 -15.785971048702242 -117.5
1 1 -8.249746809693347 -17.225502594283423 -108.0
7323
-------------------New----------------
0 0 -68.36095695616419 28.893011895391044 118.5
0 1 -70.71772073393966 27.67424443363651 108.5
1 0 -123.78150303927313 -0.7030270945633622 -117.5
1 1 -121.56804040796769 0.5161686322189645 -108.0
7328
-------------------New----------------
0 0 4.657038153711021 2.0359700278036064 118.5
0 1 1.4023764413663258 2.335370433835775 108.5
1 0 -72.07175977852376 9.174435207039133 -117.5
1 1 -68.98067971629463 8.887763281105041 -108.0
7330
-------------------New----------------
0 0 -29.029538459203934 -55.66128421561906 118.5
0 1 -23.190663826250063 -56.76409575438769 108.5
1 0 108.92564054235554 -81.82750197343316 -117.5
1 1 103.36135638390162 -80.77017472505716 -108.0
7336
-------------------New----------------
0 0 109.37969382097526 -81.7242070014022 118.5
0 1 109.20183046251191 -82.48041270137928 108.5
1 0 105.18695768923598 -99.55549764826077 -117.5
1 1 105.35493026957916 -98.83827433211579 -108.0
7344
-------------------New----------------
0 0 -95.89689442840441 -28.180177888032222 118.5
0 1 -96.93855667435277 -27.855140338931392 108.5
1 0 -120.08839188365152 -20.705077131140722 -117.5
1 1 -119.1122606681118 -21.010812981795844 -108.0
7345
-------------------New----------------
0 0 -16.72862677894901 -86.22912706176837 118.5
0 1 -15.603770339066255 -86.21724895679274 108.5
1 0 9.788685435680971 -85.90082452108761 -117.5
1 1 8.72421987386898 -85.91427510325693 -108.0
7350
-------------------New----------------
0 0 30.520963252745844 -14.296935977510605 118.5
0 1 29.202421910867105 -9.022109519283154 108.5
1 0 -0.5099562326887866 110.19017359008922 -117.5
1 1 0.742026744487686 105.18173375905003 -108.0
7358
-------------------New----------------
0 0 -57.15697931023237 -88.90484779743981 118.5
0 1 -52.82939669104313 -86.46611606507945 108.5
1 0 44.98209740782683 -31.344149395983056 -117.5
1 1 40.870804068444855 -33.66174651004687 -108.0
7360
-------------------New----------------
0 0 -68.45603762724417 24.724470535097755 118.5
0 1 -65.977745814411 22.215720329933333 108.5
1 0 -9.975893869314291 -34.50686609809431 -117.5
1 1 -12.330802214089523 -32.12023143131519 -108.0
7374
-------------------New----------------
0 0 -84.13838851300862 -107.59772491929155 118.5
0 1 -83.96264865974476 -106.62062552336931 108.5
1 0 -77.69005233440694 -85.13682123874506 -117.5
1 1 -77.99713527303432 -86.03260157834957 -108.0
7377
-------------------New----------------
0 0 35.631188781527285 -88.42462617525527 118.5
0 1 32.72245746568062 -88.74824472546996 108.5
1 0 -33.00782367925309 -95.8503234453855 -117.5
1 1 -30.244843659701264 -95.54995247886477 -108.0
7378
-------------------New----------------
0 0 51.081580569103934 47.54560590267339 118.5
0 1 49.01673579789832 49.0240465352531 108.5
1 0 -2.082422789728418 85.682417347447 -117.5
1 1 0.061463790825039055 84.19189938809359 -108.0
7383
-------------------New----------------
0 0 19.83509919125169 -108.78915381950833 118.5
0 1 17.157125750917615 -109.18342231158428 108.5
1 0 -43.25132944112228 -118.18575003616294 -117.5
1 1 -40.71715985816678 -117.80468474980194 -108.0
7389
-------------------New----------------
0 0 -34.090146186413094 54.814364432215214 118.5
0 1 -30.011469934181928 55.62485497495684 108.5
1 0 62.05594034493091 73.82505910583689 -117.5
1 1 58.18853618811316 73.06324682855885 -108.0
7390
-------------------New----------------
0 0 -72.16860214823757 -18.63698357023559 118.5
0 1 -70.04005520053444 -16.721303721308903 108.5
1 0 -21.913828297018757 26.566688521381348 -117.5
1 1 -23.936503772349788 24.74720353539613 -108.0
7405
-------------------New----------------
0 0 10.422082096640018 21.393723917261983 118.5
0 1 8.769155740576426 21.39324271792743 108.5
1 0 -28.59332836243803 21.38358355779409 -117.5
1 1 -27.023180153117796 21.38146945108715 -108.0
7407
-------------------New----------------
0 0 -65.75214292440737 -10.69930232931172 118.5
0 1 -67.41838657454016 -9.225750109465071 108.5
1 0 -105.18035578775736 24.094661476419887 -117.5
1 1 -103.58842532987073 22.693800609978624 -108.0
7412
-------------------New----------------
0 0 -33.40015325170633 0.20356009174382522 118.5
0 1 -28.53595369935574 -0.4513420800384516 108.5
1 0 81.41010576202439 -15.357489674006155 -117.5
1 1 76.78299592589705 -14.727281498425032 -108.0
7414
-------------------New----------------
0 0 21.804045105436348 68.92842459239054 118.5
0 1 25.19050657606811 67.51411316730474 108.5
1 0 101.81469839146128 35.51846009267658 -117.5
1 1 98.5920204520292 36.86395143304567 -108.0
7425
-------------------New----------------
0 0 -11.261310520406424 -59.47984290058321 118.5
0 1 -14.134856165843516 -60.95261925720509 108.5
1 0 -79.07486863099918 -94.5061842875667 -117.5
1 1 -76.3507787023015 -93.10514786970442 -108.0
7426
-------------------New----------------
0 0 22.748445317586242 -12.14932766124347 118.5
0 1 21.056326413831552 -15.477117847731307 108.5
1 0 -17.228248964660917 -90.66101785876842 -117.5
1 1 -15.618188751920053 -87.50073087537842 -108.0
7431
-------------------New----------------
0 0 -15.68855745998558 70.86773349508134 118.5
0 1 -12.243038271638877 71.67869222280413 108.5
1 0 65.97004339688455 89.86312026452896 -117.5
1 1 62.670720709826945 89.09085006349872 -108.0
7436
-------------------New----------------
0 0 88.00842939999475 59.10984354085749 118.5
0 1 87.99304235012048 61.76110549433364 108.5
1 0 87.69832534389506 121.66581663329285 -117.5
1 1 87.70887401683484 119.15130933708072 -108.0
7437
-------------------New----------------
0 0 -29.33113858682945 -36.484214602047984 118.5
0 1 -26.544784367021872 -30.3241912045186 108.5
1 0 36.429465310474185 108.90825126664545 -117.5
1 1 33.78180607628764 103.05469831126834 -108.0
7444
-------------------New----------------
0 0 -40.76688134869681 -80.55806857756917 118.5
0 1 -43.09243532177884 -81.4384629958368 108.5
1 0 -95.51260919753834 -101.34090094060323 -117.5
1 1 -93.30950997010713 -100.50506735890708 -108.0
7449
-------------------New----------------
0 0 95.82829885268586 -66.86510440707981 118.5
0 1 96.06858835600536 -63.13681303635693 108.5
1 0 101.54202063262728 21.137581226462377 -117.5
1 1 101.31180952422608 17.594360924403453 -108.0
7452
-------------------New----------------
0 0 -15.312119627302005 -27.56900613221954 118.5
0 1 -14.516427952213457 -24.127542956207417 108.5
1 0 3.4848813578932614 53.61771966871854 -117.5
1 1 2.7267349071446096 50.34648502693766 -108.0
7456
-------------------New----------------
0 0 -93.22439166951482 -95.71918263249408 118.5
0 1 -92.50199670322935 -95.26418383485205 108.5
1 0 -76.18659263898198 -84.98701472968273 -117.5
1 1 -76.87048156881853 -85.41875865276106 -108.0
7458
-------------------New----------------
0 0 8.157556683079507 77.96399560980068 118.5
0 1 12.766826055828528 75.00435026551898 108.5
1 0 116.93868812728233 8.12051621601589 -117.5
1 1 112.56048303026739 10.931377706000205 -108.0
7469
-------------------New----------------
0 0 22.26856926993534 -60.72497550796178 118.5
0 1 17.51628681673185 -57.17270680744838 108.5
1 0 -89.80198215966028 23.061834529333787 -117.5
1 1 -85.29233420338204 19.68831467611454 -108.0
7470
-------------------New----------------
0 0 65.3000277053477 -52.9939855218402 118.5
0 1 64.89638711230903 -49.35959567215673 108.5
1 0 55.78503354534375 32.7950431194232 -117.5
1 1 56.167962053455085 29.34158313543498 -108.0
7472
-------------------New----------------
0 0 -9.578971843339541 11.537485555177993 118.5
0 1 -10.836499352419034 14.773029842965096 108.5
1 0 -39.255957861763804 88.01839389192214 -117.5
1 1 -38.06416690608714 84.93373980525162 -108.0
7474
-------------------New----------------
0 0 -16.294139517701893 0.6526052874356918 118.5
0 1 -17.800583322938273 3.201979276164675 108.5
1 0 -51.78269225668648 60.85418525873892 -117.5
1 1 -50.35421764864331 58.432124302969314 -108.0
7477
-------------------New----------------
0 0 -79.02992786498669 28.587975187431482 118.5
0 1 -75.69046585641516 23.784564693835065 108.5
1 0 -0.2977267267922571 -84.68904204604233 -117.5
1 1 -3.460036190607691 -80.13250994306736 -108.0
7478
-------------------New----------------
0 0 -88.1630753018062 25.15760464392634 118.5
0 1 -86.20178673041997 28.20617135162176 108.5
1 0 -41.888160300693826 97.08987509188525 -117.5
1 1 -43.75139977857937 94.19515987048892 -108.0
7491
-------------------New----------------
0 0 8.414556044080378 -61.482935173313855 118.5
0 1 10.891662417488181 -61.17050799963691 108.5
1 0 66.88098684796263 -54.09884563655946 -117.5
1 1 64.52744385526609 -54.39615432160231 -108.0
7503
-------------------New----------------
0 0 -71.8080086922761 6.779463447421331 118.5
0 1 -71.88364556078736 9.73607540393294 108.5
1 0 -74.00848660034038 76.61522061384579 -117.5
1 1 -73.90480636119096 73.81227950046102 -108.0
7508
-------------------New----------------
0 0 -23.721075038879604 -45.14192073837381 118.5
0 1 -17.62977659464213 -40.83096015943487 108.5
1 0 120.03940285371361 56.606083196428585 -117.5
1 1 114.25162179527983 52.510007772738206 -108.0
7520
-------------------New----------------
0 0 52.69737229604895 -0.11507008496417086 118.5
0 1 49.76199265404886 -4.865677456618972 108.5
1 0 -17.070595952505354 -112.8652543471926 -117.5
1 1 -14.258643283335894 -108.31141970128238 -108.0
7525
-------------------New----------------
0 0 86.43770904114652 -35.56257238879362 118.5
0 1 87.33460682285423 -31.529665749870503 108.5
1 0 107.67566253654658 59.41666555899402 -117.5
1 1 106.8150462735545 55.59725333372536 -108.0
7526
-------------------New----------------
0 0 -16.105700263607 77.73273612839398 118.5
0 1 -13.017675978556914 78.47755193019947 108.5
1 0 56.71364810911509 95.0836803962618 -117.5
1 1 53.79367350129468 94.38260844078532 -108.0
7534
-------------------New----------------
0 0 -95.28728727446 -83.66170549328895 118.5
0 1 -94.5447875256666 -80.96806364951358 108.5
1 0 -77.7587928583567 -20.04515216731881 -117.5
1 1 -78.46399672748757 -22.60795926315007 -108.0
7539
-------------------New----------------
0 0 -11.678461654752008 -49.25273707637511 118.5
0 1 -6.962143395454353 -48.201608278113135 108.5
1 0 99.76266179868429 -24.426229281594896 -117.5
1 1 95.26974535380455 -25.43101246058794 -108.0
7541
-------------------New----------------
0 0 58.537809829182756 -71.13426147819601 118.5
0 1 59.15747905374002 -71.985657121273 108.5
1 0 73.11430250686884 -91.21173523369309 -117.5
1 1 72.52824927777739 -90.40277653939151 -108.0
7544
-------------------New----------------
0 0 -11.812463102583207 66.45944561772016 118.5
0 1 -13.016091532402527 64.44201708688993 108.5
1 0 -40.21956233446426 18.84596928598058 -117.5
1 1 -39.0760585038528 20.762696752008367 -108.0
7560
-------------------New----------------
0 0 31.72276578665123 -57.20594563100991 118.5
0 1 33.03167265509644 -59.86202103269983 108.5
1 0 62.61258430793855 -119.78418460072548 -117.5
1 1 61.36954935035377 -117.26289074413789 -108.0
7563
-------------------New----------------
0 0 89.74038386411834 65.02015995764444 118.5
0 1 88.1682770247578 65.47479349326633 108.5
1 0 52.633338546294866 75.74682917180958 -117.5
1 1 54.127868562795186 75.31480966700502 -108.0
7566
-------------------New----------------
0 0 -34.95488060265307 -103.4553934117949 118.5
0 1 -38.12113240278329 -102.0599025764591 108.5
1 0 -109.92320311831936 -70.51630358325829 -117.5
1 1 -106.90797988555398 -71.846490123183 -108.0
7574
-------------------New----------------
0 0 -40.83039771117818 90.11405307034985 118.5
0 1 -43.24812686459539 89.41761708354593 108.5
1 0 -97.87909899900522 73.67277515311756 -117.5
1 1 -95.58348020873457 74.33469275841847 -108.0
7575
-------------------New----------------
0 0 86.90853207165135 -29.7416353600138 118.5
0 1 85.89401649109209 -27.07085562640508 108.5
1 0 62.98543890727367 33.31026698160265 -117.5
1 1 63.94596050233415 30.770700950686336 -108.0
7584
-------------------New----------------
0 0 -33.77876813960445 -13.191595965301858 118.5
0 1 -33.58192717476798 -12.802056015696474 108.5
1 0 -29.104224876914618 -3.9742264681470774 -117.5
1 1 -29.2929558805547 -4.345928115352721 -108.0
7585
-------------------New----------------
0 0 -47.08883061705624 51.24431627755704 118.5
0 1 -48.3211046288919 52.64667591878153 108.5
1 0 -76.53953037155438 84.3344077683735 -117.5
1 1 -75.34197059814845 82.99398518256315 -108.0
7590
-------------------New----------------
0 0 58.81536820244499 60.491150287883315 118.5
0 1 58.36091287532842 57.263039012634806 108.5
1 0 48.0796031953735 -15.697621689340128 -117.5
1 1 48.51106465834672 -12.631551155274 -108.0
7591
-------------------New----------------
0 0 -30.251928757294866 16.809947948862572 118.5
0 1 -26.88533244872209 11.791705368601587 108.5
1 0 49.21067584133654 -101.62260964359548 -117.5
1 1 46.0124717428654 -96.85548589933983 -108.0
7596
-------------------New----------------
0 0 -30.36902630895425 -66.5370171790171 118.5
0 1 -23.72928569249987 -63.3980327300075 108.5
1 0 126.3666501434177 7.554700286293233 -117.5
1 1 120.05821682008448 4.572338516372729 -108.0
7598
-------------------New----------------
0 0 -40.12349497245566 41.93676360919948 118.5
0 1 -38.16401190870047 40.131644081668426 108.5
1 0 6.018482421935342 -0.6794942196719681 -117.5
1 1 4.161319732962032 1.0367324180492117 -108.0
7605
-------------------New----------------
0 0 -103.9719129425072 -50.964806565936314 118.5
0 1 -104.91267615884753 -53.82660623758518 108.5
1 0 -125.99271935935784 -118.92011172775851 -117.5
1 1 -125.1076465438534 -116.15756535052296 -108.0
7606
-------------------New----------------
0 0 57.795559743638876 95.67286977453563 118.5
0 1 57.615632639090414 95.96476182888014 108.5
1 0 53.20158438081618 102.40812950419232 -117.5
1 1 53.39422375924846 102.13636629326231 -108.0
7616
-------------------New----------------
0 0 -91.49845477297283 -43.02797529618688 118.5
0 1 -89.53243204095514 -46.43132603867187 108.5
1 0 -45.061547241765155 -123.26985975458649 -117.5
1 1 -46.933527227200486 -120.04416372521253 -108.0
7627
-------------------New----------------
0 0 48.36689499844464 10.270562907302383 118.5
0 1 43.13808251629736 9.95622181311057 108.5
1 0 -74.67046160190073 2.7886367828260075 -117.5
1 1 -69.7362500714403 3.093875074014934 -108.0
7637
-------------------New----------------
0 0 -11.397372072374845 -37.52855068513818 118.5
0 1 -8.89661009897923 -34.6097908597814 108.5
1 0 47.062400951614805 31.528451469750923 -117.5
1 1 44.73515280076491 28.74038328723022 -108.0
7649
-------------------New----------------
0 0 -47.913157668971905 -85.09151995884271 118.5
0 1 -46.60696839180441 -83.70219840314257 108.5
1 0 -17.209751250681364 -52.0983351805903 -117.5
1 1 -18.451618949324246 -53.430072713508125 -108.0
7656
-------------------New----------------
0 0 -21.76561958219853 -10.88806011890635 118.5
0 1 -24.44292684017982 -10.340955228664733 108.5
1 0 -84.97359686840352 2.0715020129635104 -117.5
1 1 -82.4327578528792 1.5506483000552571 -108.0
7665
-------------------New----------------
0 0 -8.351106001412278 43.539015113922915 118.5
0 1 -6.340547341204942 42.27811602482692 108.5
1 0 39.14899256325358 13.815568743668639 -117.5
1 1 37.2346773181372 15.010455490309145 -108.0
7667
-------------------New----------------
0 0 22.326009559260335 104.16385004652955 118.5
0 1 21.753661557442083 104.40756183927661 108.5
1 0 8.763166944907706 109.89715013263711 -117.5
1 1 9.29752059085524 109.65721853760567 -108.0
7686
-------------------New----------------
0 0 98.55897387027206 -44.70430828335153 118.5
0 1 98.75747092643627 -42.53798460660387 108.5
1 0 103.23456909686529 6.397986055373929 -117.5
1 1 103.04445622699777 4.343612992365417 -108.0
7690
-------------------New----------------
0 0 21.974835478109032 27.833940536366917 118.5
0 1 18.77951338038772 28.128995715699013 108.5
1 0 -53.42308716932373 34.78941107821266 -117.5
1 1 -50.388405154208776 34.509923816636174 -108.0
7692
-------------------New----------------
0 0 -8.834038813215816 71.46693667413948 118.5
0 1 -9.45372078660878 68.82735950600548 108.5
1 0 -23.454505541470326 9.16082112527591 -117.5
1 1 -22.865730076517277 11.669555130324094 -108.0
7694
-------------------New----------------
0 0 -1.6473739302971429 -24.47641499961124 118.5
0 1 -1.5583845954383926 -28.06459099183695 108.5
1 0 0.46430869615909176 -109.14839640910941 -117.5
1 1 0.3787711231863124 -105.7404874713882 -108.0
7697
-------------------New----------------
0 0 -85.30817844798116 48.486574765419455 118.5
0 1 -86.70191443510174 48.285776921142634 108.5
1 0 -118.23822320061643 44.028427209485955 -117.5
1 1 -116.91509109203636 44.19579110101174 -108.0
7720
-------------------New----------------
0 0 34.00977105853922 -107.36331888648712 118.5
0 1 31.55865192722616 -106.69208727313173 108.5
1 0 -23.817194590133454 -91.47049736244243 -117.5
1 1 -21.489647780934536 -92.11183380562741 -108.0
7722
-------------------New----------------
0 0 33.29669395629033 -25.678580232301027 118.5
0 1 27.152180425443845 -26.14317281925006 108.5
1 0 -111.66438095031961 -36.621837648708016 -117.5
1 1 -105.83146331980538 -36.18242493512729 -108.0
7732
-------------------New----------------
0 0 35.87540861367407 44.615738319873664 118.5
0 1 31.083091203066566 42.86804841618022 108.5
1 0 -77.24668257083401 3.4124861569017755 -117.5
1 1 -72.69284715198064 5.068901516917424 -108.0
7734
-------------------New----------------
0 0 -11.613574404902092 46.56524734520163 118.5
0 1 -6.4165103687117835 44.69317221784685 108.5
1 0 110.83735691544943 2.6296590753367632 -117.5
1 1 105.92094966506617 4.39156337526855 -108.0
7746
-------------------New----------------
0 0 -24.025413031488323 39.17922434804503 118.5
0 1 -27.878309806660837 42.876811452919796 108.5
1 0 -114.95758223917662 126.43712510818679 -117.5
1 1 -111.29761110655679 122.92475026126313 -108.0
7752
-------------------New----------------
0 0 3.0409998287301487 -100.49540641810705 118.5
0 1 6.200090632633928 -99.33165495289803 108.5
1 0 77.58984124452313 -73.03380759380386 -117.5
1 1 74.58857939558142 -74.1385263092524 -108.0
7754
-------------------New----------------
0 0 29.145239476562004 -59.83392925857434 118.5
0 1 29.22793835820796 -58.19199307040388 108.5
1 0 31.136680566836368 -20.992274119167817 -117.5
1 1 31.05443455457629 -22.55700260504389 -108.0
7757
-------------------New----------------
0 0 64.50168544362049 -5.377202178217841 118.5
0 1 63.56388599741073 -3.857414782161676 108.5
1 0 42.34740763712747 30.527873002681883 -117.5
1 1 43.240343386501955 29.082828888064245 -108.0
7779
-------------------New----------------
0 0 25.17144725142435 -26.383803787078257 118.5
0 1 25.925413147177608 -30.24269870149086 108.5
1 0 42.95062736242639 -117.50663786081228 -117.5
1 1 42.23728939460439 -113.83642816219438 -108.0
7787
-------------------New----------------
0 0 7.473500472937248 -91.16859221070077 118.5
0 1 8.815697831437372 -88.89896479770127 108.5
1 0 39.729957712279976 -37.601256075534096 -117.5
1 1 38.42890913848592 -39.757914476276056 -108.0
7789
-------------------New----------------
0 0 47.06111096550881 67.79626636264929 118.5
0 1 46.69678965881321 66.94321270342603 108.5
1 0 38.4434287321759 47.66042199431925 -117.5
1 1 38.79075314898071 48.471450909350445 -108.0
7791
-------------------New----------------
0 0 39.130287665996995 9.115863091113287 118.5
0 1 36.52163908405572 5.146008985939256 108.5
1 0 -22.3968794097433 -84.42661909642528 -117.5
1 1 -19.925762897825667 -80.67473555471582 -108.0
7792
-------------------New----------------
0 0 -64.8407881024128 49.542279213251405 118.5
0 1 -60.95680671083428 47.58136307604375 108.5
1 0 26.737846958776014 3.2122651088143166 -117.5
1 1 23.05203416365382 5.07703123467613 -108.0
7796
-------------------New----------------
0 0 -40.094942922536276 7.475859582739732 118.5
0 1 -40.71054405548442 11.507824415647132 108.5
1 0 -54.612476007015275 102.68095925448033 -117.5
1 1 -54.02626303158253 98.85137693013061 -108.0
7809
-------------------New----------------
0 0 -24.798507257200015 -90.59960981328784 118.5
0 1 -24.82869536200457 -91.84815742558365 108.5
1 0 -25.566550927799657 -120.10919451505815 -117.5
1 1 -25.532435403917923 -118.92074549929416 -108.0
7811
-------------------New----------------
0 0 60.0097188524108 -53.81437309990709 118.5
0 1 61.84925657355659 -51.27798117516344 108.5
1 0 103.29154726657484 5.985340856040258 -117.5
1 1 101.57735764344112 3.6169005235033262 -108.0
7812
-------------------New----------------
0 0 -36.81866098333772 -60.75132466101392 118.5
0 1 -35.478096210661434 -62.191760800321596 108.5
1 0 -5.121129245681041 -94.71100578873167 -117.5
1 1 -6.402493561534007 -93.34720111170854 -108.0
7813
-------------------New----------------
0 0 39.33009165547396 10.613775840951451 118.5
0 1 37.86687658301768 14.177472075013835 108.5
1 0 4.804928670049352 94.72050463897634 -117.5
1 1 6.194651466116919 91.33439597274827 -108.0
7824
-------------------New----------------
0 0 -23.62611936182302 38.577348760553576 118.5
0 1 -18.040641919160215 37.97902568652054 108.5
1 0 108.19739750382988 24.446286622232567 -117.5
1 1 102.89055739962059 25.015466690214527 -108.0
7836
-------------------New----------------
0 0 85.80395814525157 66.77632456613756 118.5
0 1 83.64320888098307 66.26756635655268 108.5
1 0 34.76654399157042 54.79967007548547 -117.5
1 1 36.825002028775216 55.27783227869601 -108.0
7841
-------------------New----------------
0 0 -41.060067597630784 49.07184154090479 118.5
0 1 -38.6443646326463 47.38610093499786 108.5
1 0 16.174867993330633 10.436778938053113 -117.5
1 1 13.893111475123812 11.95844015804711 -108.0
7861
-------------------New----------------
0 0 -84.17580584784076 -25.020778213994628 118.5
0 1 -84.24867056094784 -23.870750735710867 108.5
1 0 -85.88318910368828 2.103995866107014 -117.5
1 1 -85.8146229141579 1.0103148848093224 -108.0
7866
-------------------New----------------
0 0 -40.29140644471583 -60.54555225799605 118.5
0 1 -43.36699433354197 -60.562765401819036 108.5
1 0 -112.84460118656258 -60.71355676647745 -117.5
1 1 -109.9195415508545 -60.70464767881813 -108.0
7867
-------------------New----------------
0 0 -28.025100801811835 -40.16558469165729 118.5
0 1 -28.41174409196796 -42.962341332833624 108.5
1 0 -37.04815946588555 -105.98350332668846 -117.5
1 1 -36.68701657485907 -103.33395282431627 -108.0
7878
-------------------New----------------
0 0 -14.465071784181896 -27.29589636247933 118.5
0 1 -18.789958414555606 -30.016644557276248 108.5
1 0 -116.46020779971533 -91.57141563132006 -117.5
1 1 -112.35208215251012 -88.98224920137179 -108.0
7885
-------------------New----------------
0 0 7.416253011630675 70.83784986359659 118.5
0 1 7.81419151621319 71.23899282260177 108.5
1 0 16.994083493174298 80.38138159384518 -117.5
1 1 16.604124283026913 79.99491873864959 -108.0
7896
-------------------New----------------
0 0 20.320047449730673 -33.5466265826574 118.5
0 1 22.089877659084333 -28.102792413882348 108.5
1 0 62.10856953784993 94.84044356086113 -117.5
1 1 60.428019258966856 89.67654448155544 -108.0
7901
-------------------New----------------
0 0 -68.17224181649041 -27.592891728045515 118.5
0 1 -68.28141324726079 -26.96331586206806 108.5
1 0 -70.73530437286774 -12.73782778968061 -117.5
1 1 -70.63263741211199 -13.335631731625591 -108.0
7906
-------------------New----------------
0 0 -6.1250256485324535 115.08096257210062 118.5
0 1 -7.241215186460534 114.72828162498297 108.5
1 0 -32.39862910898175 106.67439298302115 -117.5
1 1 -31.34036923509812 107.01663399066274 -108.0
7911
-------------------New----------------
0 0 4.46994978955609 -102.20936986513267 118.5
0 1 2.51376282997267 -100.82941465601307 108.5
1 0 -41.67545870427621 -69.63635314383947 -117.5
1 1 -39.8175464420429 -70.9478012328818 -108.0
7925
-------------------New----------------
0 0 55.656654602516724 -38.59372266011043 118.5
0 1 56.50730071825787 -38.89111516819616 108.5
1 0 76.70033297350481 -47.07497673819714 -117.5
1 1 75.83905772720296 -46.690928126356496 -108.0
7928
-------------------New----------------
0 0 -44.62567274325308 54.45146341054393 118.5
0 1 -43.88081402506149 50.44749137027809 108.5
1 0 -27.0147037583961 -40.01207157812664 -117.5
1 1 -27.722452776540827 -36.20737282020657 -108.0
7931
-------------------New----------------
0 0 -63.94222040444996 65.92737997412755 118.5
0 1 -64.11831888396127 64.11729410807023 108.5
1 0 -68.11080320895138 22.972617249548534 -117.5
1 1 -67.93858969568284 24.709962513285845 -108.0
7932
-------------------New----------------
0 0 34.35510632536111 -60.71485812831689 118.5
0 1 34.11797813753831 -58.64061386806312 108.5
1 0 28.816736271232354 -11.820648441415695 -117.5
1 1 29.03688043715305 -13.786514744484615 -108.0
7933
-------------------New----------------
0 0 -39.00943731687806 -109.07189645540957 118.5
0 1 -35.134327216885524 -108.09502824497797 108.5
1 0 52.44896139703542 -86.06242396534307 -117.5
1 1 48.76276436029127 -86.99112992142503 -108.0
7937
-------------------New----------------
0 0 17.68590808730304 -54.41467268371711 118.5
0 1 15.886919208691348 -51.917366251416794 108.5
1 0 -24.788544883107356 4.500612021130984 -117.5
1 1 -23.078363783471936 2.129367179682771 -108.0
7943
-------------------New----------------
0 0 18.72543298219301 43.62143736490494 118.5
0 1 20.587248086968106 40.47981526348826 108.5
1 0 62.75205135755592 -30.477011544016836 -117.5
1 1 60.97790332546773 -27.493496525140888 -108.0
7949
-------------------New----------------
0 0 -82.70941261398012 -8.692990625428784 118.5
0 1 -83.57581465650733 -10.809112401122025 108.5
1 0 -103.33438325981851 -58.42901980412122 -117.5
1 1 -102.49973938623361 -56.43038670043404 -108.0
7951
-------------------New----------------
0 0 -22.0859004069933 -29.11998339827967 118.5
0 1 -21.30957253801871 -27.116121499513554 108.5
1 0 -3.7629232924070215 18.166881653343204 -117.5
1 1 -4.5009784386768965 16.26322257224678 -108.0
7959
-------------------New----------------
0 0 -27.65173567613196 35.06437904999493 118.5
0 1 -30.285962592184383 28.934248822053895 108.5
1 0 -89.80823990833909 -109.62154802865253 -117.5
1 1 -87.307858811847 -103.79901086713687 -108.0
7963
-------------------New----------------
0 0 34.28220023448877 -15.055034414663956 118.5
0 1 32.66717140455018 -13.506656926227123 108.5
1 0 -3.8315386877178867 21.485807873147987 -117.5
1 1 -2.2973027765085097 20.014892431000824 -108.0
7964
-------------------New----------------
0 0 -71.32578835498435 -53.912241672483034 118.5
0 1 -71.6786697088914 -50.26696623375667 108.5
1 0 -79.67466855591545 32.12190333538941 -117.5
1 1 -79.33799101843906 28.658695320932743 -108.0
7966
-------------------New----------------
0 0 -48.199985231915 -83.97225501814229 118.5
0 1 -47.465517585856915 -84.84848225077403 108.5
1 0 -30.86882271690616 -104.5929075187936 -117.5
1 1 -31.564602072170338 -103.76284089859773 -108.0
7967
-------------------New----------------
0 0 28.917521179698543 75.02500741131271 118.5
0 1 29.69269942106855 75.08308667783209 108.5
1 0 47.20047421150379 76.40043923326539 -117.5
1 1 46.46450022152771 76.34535855644623 -108.0
7981
-------------------New----------------
0 0 -13.289870764904752 104.45498952485994 118.5
0 1 -13.015947534669152 103.0482869287011 108.5
1 0 -6.802024540752987 71.26464154883914 -117.5
1 1 -7.062691503865072 72.60039900016908 -108.0
7993
-------------------New----------------
0 0 42.86949599649343 70.30657490615317 118.5
0 1 45.041905017831695 70.21179318803047 108.5
1 0 94.14871237604264 68.0646068711128 -117.5
1 1 92.08454119481613 68.1547093471405 -108.0
7997
-------------------New----------------
0 0 52.309705021348236 70.34237782870292 118.5
0 1 53.017384151702615 69.70084046054716 108.5
1 0 69.0631966530071 55.12660458165142 -117.5
1 1 68.38726929268219 55.73954561476499 -108.0
8000
-------------------New----------------
0 0 -54.70834262675538 60.90637396522478 118.5
0 1 -57.04366427613015 59.26801065263552 108.5
1 0 -109.81991228859718 22.241418561097742 -117.5
1 1 -107.60135644909451 23.797871495282834 -108.0
8001
-------------------New----------------
0 0 11.472715893829553 110.44326451425283 118.5
0 1 7.896536978395749 110.43138920530797 108.5
1 0 -72.85310373273657 110.06254479753161 -117.5
1 1 -69.46045144296868 110.07739989695276 -108.0
8005
-------------------New----------------
0 0 109.04759268682605 -58.79656647130889 118.5
0 1 109.47856821826456 -57.06786267282623 108.5
1 0 119.20548574098882 -18.042838867761134 -117.5
1 1 118.7951132887633 -19.684517058428174 -108.0
8014
-------------------New----------------
0 0 -49.48549936815174 -88.0159548861592 118.5
0 1 -45.432392383941774 -89.21240969126485 108.5
1 0 46.19970082077619 -116.44683889840351 -117.5
1 1 42.347223303604025 -115.30214325728522 -108.0
8019
-------------------New----------------
0 0 -60.75385472439975 13.422386718611389 118.5
0 1 -61.49251908853432 14.488828257379419 108.5
1 0 -78.1789060624404 38.57974387248877 -117.5
1 1 -77.4777070442903 37.56705735587782 -108.0
8030
-------------------New----------------
0 0 -42.11150711049426 -56.98806150447532 118.5
0 1 -37.58764379396758 -53.14666789779737 108.5
1 0 64.7054161205053 33.63275036245796 -117.5
1 1 60.403129378709785 29.984062955914112 -108.0
8035
-------------------New----------------
0 0 -48.75974230840727 -14.633445099380719 118.5
0 1 -45.75078807263773 -16.94834547823623 108.5
1 0 22.264857968278957 -69.2797660865692 -117.5
1 1 19.40557694951179 -67.07894006783684 -108.0
8052
-------------------New----------------
0 0 -93.20923062825764 -55.42267097027555 118.5
0 1 -91.94294391857298 -54.44046168072018 108.5
1 0 -63.27160949631976 -32.92243864847108 -117.5
1 1 -64.48762128296636 -33.79612491679992 -108.0
8054
-------------------New----------------
0 0 -0.5000995550587408 68.02756265971699 118.5
0 1 -0.41277934141111006 66.18663135060015 108.5
1 0 1.1255763407647235 25.143953757380725 -117.5
1 1 1.0736293333941114 26.86910230096576 -108.0
8055
-------------------New----------------
0 0 40.596320562939255 105.40942314179463 118.5
0 1 44.06655215027428 105.57692721561901 108.5
1 0 123.15243875982326 108.97899345938598 -117.5
1 1 119.84288617154195 108.82852540138285 -108.0
8056
-------------------New----------------
0 0 91.99388891669425 -1.3243477112703563 118.5
0 1 92.39679396637916 -1.7871123865046965 108.5
1 0 101.43740552772202 -12.1669758634269 -117.5
1 1 101.05351045233627 -11.737178013767942 -108.0
8064
-------------------New----------------
0 0 6.4912422914422425 -59.64699740095032 118.5
0 1 5.6045337203733645 -57.262106803482276 108.5
1 0 -14.42213033582506 -3.3772946856031334 -117.5
1 1 -13.58076909969515 -5.643228360467271 -108.0
8074
-------------------New----------------
0 0 -4.9873922264786135 -26.10482882238576 118.5
0 1 -7.00947359232233 -24.451914971541 108.5
1 0 -52.617080520451154 13.026153453639822 -117.5
1 1 -50.70749012020418 11.44946995090388 -108.0
8078
-------------------New----------------
0 0 -10.966372720038425 18.61204485201232 118.5
0 1 -10.164995847110697 12.872353747808035 108.5
1 0 8.241520207886547 -117.01794268274475 -117.5
1 1 7.459236476965758 -111.56068284663425 -108.0
8079
-------------------New----------------
0 0 19.700164063660075 -21.93711315454538 118.5
0 1 21.57024584743745 -22.483544179484298 108.5
1 0 63.638653398948634 -35.51899185356023 -117.5
1 1 61.87232438289946 -34.95429614954955 -108.0
8097
-------------------New----------------
0 0 -43.44007910429261 39.351029258882534 118.5
0 1 -45.76967449939743 40.305877309400174 108.5
1 0 -98.42386187428127 61.88653278155275 -117.5
1 1 -96.2104521308024 60.97946733474489 -108.0
8099
-------------------New----------------
0 0 23.414883273614418 -2.3371929821997806 118.5
0 1 25.874713438482793 -7.361884425301456 108.5
1 0 81.48156896496161 -120.85526755505802 -117.5
1 1 79.14969733073238 -116.08336608051818 -108.0
8100
-------------------New----------------
0 0 -45.124990540507625 -20.349410370806414 118.5
0 1 -46.30785423277385 -17.636634109003335 108.5
1 0 -73.06416770943625 43.647314514663826 -117.5
1 1 -71.94046354689048 41.072498216325464 -108.0
8108
-------------------New----------------
0 0 -10.562143482169102 -26.8430330946755 118.5
0 1 -6.631292840278917 -26.202657661750596 108.5
1 0 82.13489218291971 -11.712414779049997 -117.5
1 1 78.40367640015937 -12.324405476749536 -108.0
8111
-------------------New----------------
0 0 -46.337266573790856 -58.76510139128351 118.5
0 1 -42.72038700010248 -59.18687215046818 108.5
1 0 39.31300317804601 -68.63017154425256 -117.5
1 1 35.859071321058586 -68.24243300110692 -108.0
8116
-------------------New----------------
0 0 0.1750033488462197 -31.25644114761269 118.5
0 1 2.345997529599278 -30.0606746835624 108.5
1 0 51.3809549007547 -3.050422616382238 -117.5
1 1 49.31803747502637 -4.185580122476262 -108.0
8118
-------------------New----------------
0 0 -35.93925826482972 19.098994554504117 118.5
0 1 -36.4793643052909 13.622163879820539 108.5
1 0 -48.641968374468306 -110.1404217190208 -117.5
1 1 -48.13024554123445 -104.9381577424434 -108.0
8129
-------------------New----------------
0 0 -38.516025974821396 32.44795102268947 118.5
0 1 -38.7494371163893 33.41184765029706 108.5
1 0 -44.055187096905044 55.194451691554605 -117.5
1 1 -43.829140008140484 54.277535557772 -108.0
8130
-------------------New----------------
0 0 37.54740337137262 -59.407919318933104 118.5
0 1 31.914865856191078 -58.61749193719244 108.5
1 0 -95.0630594349107 -40.63017821409515 -117.5
1 1 -89.73712130722065 -41.390594978205215 -108.0
8131
-------------------New----------------
0 0 41.219717775994695 -42.1440737300279 118.5
0 1 43.28804175313096 -41.47115430485993 108.5
1 0 90.01105659860866 -26.08078928295984 -117.5
1 1 88.04561970908333 -26.734706706003998 -108.0
8135
-------------------New----------------
0 0 -59.632118835345764 -86.77720850155696 118.5
0 1 -57.160901518030926 -86.8820413805107 108.5
1 0 -1.2968512841246547 -89.23470331673111 -117.5
1 1 -3.6432201114087777 -89.1352857472101 -108.0
8138
-------------------New----------------
0 0 -62.41309885270003 83.20650649843034 118.5
0 1 -61.20169071031749 81.6916566322466 108.5
1 0 -33.841899867018526 47.42880403784019 -117.5
1 1 -34.99165126061279 48.86993679959265 -108.0
8145
-------------------New----------------
0 0 22.604134114535157 42.89132953558246 118.5
0 1 25.252180007764697 40.12211642989435 108.5
1 0 85.09798099448467 -22.468730880284006 -117.5
1 1 82.58065218250366 -19.841180953741237 -108.0
8153
-------------------New----------------
0 0 92.1865843072671 72.04476528394947 118.5
0 1 93.53149342271728 68.95305007787299 108.5
1 0 123.88131700122005 -0.8957747461698196 -117.5
1 1 122.60694783869656 2.0397294357805493 -108.0
8154
-------------------New----------------
0 0 94.42576125312442 117.05964869960785 118.5
0 1 93.47654830225228 116.90944386125125 108.5
1 0 72.3741388755996 113.43544420779861 -117.5
1 1 73.24883094381387 113.58238332010599 -108.0
8161
-------------------New----------------
0 0 65.1512877163227 15.659012814591787 118.5
0 1 61.3811181541682 19.64534984681863 108.5
1 0 -24.238226765692605 109.53729155889121 -117.5
1 1 -20.627186831127403 105.78174052068778 -108.0
8168
-------------------New----------------
0 0 -41.62488849855372 23.070399403226922 118.5
0 1 -39.05926229593216 22.99863719780644 108.5
1 0 17.04507947341296 21.468894080761082 -117.5
1 1 14.720041897195703 21.52575483289888 -108.0
8172
-------------------New----------------
0 0 -12.76916272956837 -72.30764971058844 118.5
0 1 -15.836574678358932 -73.31602437725452 108.5
1 0 -85.05660740355447 -96.02850450114715 -117.5
1 1 -82.14949691577834 -95.0780112527788 -108.0
8174
-------------------New----------------
0 0 -110.89245551813028 86.32894402651996 118.5
0 1 -110.30498520118958 83.5393178788829 108.5
1 0 -96.94660538855416 20.51401594502785 -117.5
1 1 -97.50882858290583 23.162769198459554 -108.0
8179
-------------------New----------------
0 0 57.395684040769424 93.51726962832785 118.5
0 1 57.98393365128006 91.15501239876409 108.5
1 0 71.2789789093719 37.78175073214693 -117.5
1 1 70.71993428203487 40.02538802837966 -108.0
8181
-------------------New----------------
0 0 30.577889318148056 -17.67798802789062 118.5
0 1 28.153441926942076 -15.52813320080044 108.5
1 0 -26.679480013311387 33.04678520482479 -117.5
1 1 -24.373223235990004 31.00360288461808 -108.0
8192
-------------------New----------------
0 0 -14.080282971042891 25.003686531124874 118.5
0 1 -12.630848735856812 24.425016144539246 108.5
1 0 20.165942787454153 11.441072564435608 -117.5
1 1 18.792507968948378 12.000271442516262 -108.0
8196
-------------------New----------------
0 0 60.51091763105494 -2.028440791201147 118.5
0 1 58.08314264285182 2.3917596949782807 108.5
1 0 3.1631773926392253 102.41515938857317 -117.5
1 1 5.473687416340337 98.20149574879468 -108.0
8198
-------------------New----------------
0 0 78.83137350734793 -7.176458968100931 118.5
0 1 78.28092559674366 -10.201213434040525 108.5
1 0 66.10029350686553 -78.60155958559379 -117.5
1 1 66.59885202031786 -75.73808570077378 -108.0
8199
-------------------New----------------
0 0 100.79781278532812 33.511371201972835 118.5
0 1 100.2450446948248 35.09779438499588 108.5
1 0 87.71545565841878 70.9815702606061 -117.5
1 1 88.24303505638356 69.4729473810028 -108.0
8200
-------------------New----------------
0 0 15.690853166331024 -30.730807125691104 118.5
0 1 14.378106993627961 -33.525921877245594 108.5
1 0 -15.308294928173604 -96.55586044812887 -117.5
1 1 -14.062579761807143 -93.91580199076667 -108.0
8202
-------------------New----------------
0 0 -20.20920767087043 65.52621170667342 118.5
0 1 -21.723010618060908 64.31536812164285 108.5
1 0 -55.85112578000119 37.02588732533784 -117.5
1 1 -54.418327885185 38.17241440475954 -108.0
8205
-------------------New----------------
0 0 85.89917666058452 28.84436956464297 118.5
0 1 87.3745890740602 22.847805042856187 108.5
1 0 120.44208153640277 -112.62929856656652 -117.5
1 1 119.06564151435316 -106.92551738086063 -108.0
8208
-------------------New----------------
0 0 98.46878922096039 -61.18275015400202 118.5
0 1 99.30400459532105 -57.75883751315028 108.5
1 0 118.2844827863076 19.569887366997495 -117.5
1 1 117.48653437415751 16.32512661756499 -108.0
8213
-------------------New----------------
0 0 104.21180101764476 98.54353307232667 118.5
0 1 104.83235545210209 99.13660588431388 108.5
1 0 118.97530018610323 112.64488470633808 -117.5
1 1 118.38188215899496 112.07358697009188 -108.0
8214
-------------------New----------------
0 0 27.586034616359534 -55.112039362729966 118.5
0 1 23.465777371352676 -56.332786827967404 108.5
1 0 -69.68801541052731 -84.01176624033673 -117.5
1 1 -65.7675390304794 -82.84833725486129 -108.0
8216
-------------------New----------------
0 0 -76.96427988519413 47.76864628125226 118.5
0 1 -78.2682491009937 49.473532844044 108.5
1 0 -107.73560979187103 88.04959286856845 -117.5
1 1 -106.49581643191728 86.42609169658502 -108.0
8223
-------------------New----------------
0 0 -53.612818462669644 86.02492167043953 118.5
0 1 -52.265846721596496 83.15112679252714 108.5
1 0 -21.810855952771092 18.154400344267742 -117.5
1 1 -23.090268845771156 20.88762796630153 -108.0
8231
-------------------New----------------
0 0 49.93954102935625 -18.453923357514743 118.5
0 1 50.20915998875587 -21.539913691149025 108.5
1 0 56.29196429166308 -91.32394238923321 -117.5
1 1 56.03689622648102 -88.38976269385265 -108.0
8234
-------------------New----------------
0 0 -20.977155814666816 41.60659369981498 118.5
0 1 -22.036104645008002 42.432534459072514 108.5
1 0 -45.96986032926479 61.20835396533668 -117.5
1 1 -44.96173649187417 60.419375727857506 -108.0
8238
-------------------New----------------
0 0 -26.245593531653252 -27.19462979202923 118.5
0 1 -20.062600833568915 -27.27846003253732 108.5
1 0 119.70193068814645 -29.11716776827032 -117.5
1 1 113.82898307335748 -29.040065899428964 -108.0
8239
-------------------New----------------
0 0 43.45438132438734 -59.25466528816936 118.5
0 1 44.89642206876165 -60.304987307134525 108.5
1 0 77.48142468745235 -83.93387940963414 -117.5
1 1 76.11561157146326 -82.94705534940037 -108.0
8243
-------------------New----------------
0 0 51.53230781878352 63.93476340058569 118.5
0 1 48.29546698809131 61.75111881209422 108.5
1 0 -24.918623647792046 12.469851930905532 -117.5
1 1 -21.841835998722505 14.538749073915165 -108.0
8244
-------------------New----------------
0 0 67.67707175953939 11.370890500885123 118.5
0 1 66.3755650750753 12.924704608812007 108.5
1 0 37.007477798454914 48.07064525503124 -117.5
1 1 38.24114327019006 46.59297126321985 -108.0
8248
-------------------New----------------
0 0 14.005137678521573 94.8046504381663 118.5
0 1 16.27256566809523 96.11515783651231 108.5
1 0 67.51564932546742 125.56194086229803 -117.5
1 1 65.35903172096081 124.33024378721584 -108.0
8252
-------------------New----------------
0 0 78.42391096496681 26.61495021522301 118.5
0 1 76.64065139642801 28.60655710595616 108.5
1 0 36.11128442389865 74.69273732626698 -117.5
1 1 37.84958458891042 72.73114289643117 -108.0
8258
-------------------New----------------
0 0 23.359140612972446 -67.04963531643914 118.5
0 1 23.854144137874165 -67.86755744031822 108.5
1 0 35.0166853631246 -86.35620111888622 -117.5
1 1 34.54826854374971 -85.57814430852243 -108.0
8268
-------------------New----------------
0 0 30.27960972844765 -65.8239254560327 118.5
0 1 27.791968649077084 -63.633943696385835 108.5
1 0 -28.433706974973227 -14.137671729658596 -117.5
1 1 -26.07052137313757 -16.218111509610576 -108.0
8295
-------------------New----------------
0 0 63.20567164117715 56.485530108113196 118.5
0 1 60.76596054927582 52.381585480747376 108.5
1 0 5.640582714861945 -40.338189675883754 -117.5
1 1 7.9578394149779 -36.4408197236199 -108.0
8296
-------------------New----------------
0 0 -54.060996564978254 11.131573129582666 118.5
0 1 -55.0177040151288 6.5433407023398 108.5
1 0 -76.61359078398043 -97.13269207706381 -117.5
1 1 -75.70566127317262 -92.77537062727679 -108.0
8300
-------------------New----------------
0 0 -3.4645377320732713 -43.07868202989668 118.5
0 1 -6.861389704025903 -46.61888354398651 108.5
1 0 -83.64615824635021 -126.58290596082591 -117.5
1 1 -80.41733992075604 -123.22358628079758 -108.0
8301
-------------------New----------------
0 0 104.75402265949167 -98.35298809001827 118.5
0 1 115.76015906370762 -99.36538069076866 108.5
1 0 76.28315238070317 -18.328119791723797 -117.5
1 1 73.49690460889485 -21.05630900902548 -108.0
8304
-------------------New----------------
0 0 17.188111623037408 -25.2691709472042 118.5
0 1 17.337492793678223 -23.719863134961578 108.5
1 0 21.129933165769035 11.132618028747114 -117.5
1 1 20.96166331454865 9.664477338383945 -108.0
8327
-------------------New----------------
0 0 -91.96996367559959 -98.18819569803829 118.5
0 1 -89.73318902097162 -99.34831748222626 108.5
1 0 -39.166492708090686 -125.70969703479378 -117.5
1 1 -41.29508471777646 -124.60196347506701 -108.0
8336
-------------------New----------------
0 0 -8.126723975102422 119.12600017122796 118.5
0 1 -5.469330426730241 119.34633863149486 108.5
1 0 54.52450814070814 124.33929929219353 -117.5
1 1 52.0029602194752 124.13024719449689 -108.0
8337
-------------------New----------------
0 0 35.29455268793512 -79.09708473215846 118.5
0 1 34.887063594575714 -77.40317185032542 108.5
1 0 25.68282419757612 -39.13253704049147 -117.5
1 1 26.069713002596597 -40.74096975878367 -108.0
8346
-------------------New----------------
0 0 75.25220686586555 63.143602423145865 118.5
0 1 75.41843674691202 60.16785222921319 108.5
1 0 79.0516284620846 -7.210078111278176 -117.5
1 1 78.8991320359277 -4.371861076360531 -108.0
8355
-------------------New----------------
0 0 14.427728393427316 56.569256256327854 118.5
0 1 17.11533006394125 56.30695350805788 108.5
1 0 77.86527518573271 50.41608609278141 -117.5
1 1 75.31213319809135 50.66383892486653 -108.0
8366
-------------------New----------------
0 0 -69.42798126756327 -41.560227618910766 118.5
0 1 -66.81229637148138 -37.34692243306803 108.5
1 0 -7.7025713166037 57.889264457679474 -117.5
1 1 -10.186921656534476 53.88537485827379 -108.0
8367
-------------------New----------------
0 0 -40.05471660105421 -42.80283061506365 118.5
0 1 -37.37993136103087 -43.61914506337901 108.5
1 0 23.00095269016223 -62.03018857379597 -117.5
1 1 20.461898457907594 -61.25626762104681 -108.0
8369
-------------------New----------------
0 0 41.588191374700365 20.23167954869848 118.5
0 1 42.38790332611755 24.392338103738666 108.5
1 0 60.42989997365807 118.37141994146862 -117.5
1 1 59.67308804074695 114.42264229654559 -108.0
8380
-------------------New----------------
0 0 39.428980086720955 23.428089305466074 118.5
0 1 37.193126720817446 23.801034680436757 108.5
1 0 -13.36380664445864 32.29560325938259 -117.5
1 1 -11.23789791099216 31.93509385683355 -108.0
8385
-------------------New----------------
0 0 37.0609052038363 -1.8247746392453958 118.5
0 1 32.3427554271198 -2.7411937235542823 108.5
1 0 -74.37913693299373 -23.454455631403718 -117.5
1 1 -69.89030102309911 -22.580906518950876 -108.0
8401
-------------------New----------------
0 0 48.701277764175394 -5.80832562605281 118.5
0 1 43.71341949969645 -2.890082956169267 108.5
1 0 -69.03530548500697 63.08747440091728 -117.5
1 1 -64.29465069841532 60.313020332292595 -108.0
8404
-------------------New----------------
0 0 -101.55246501554728 -18.07289205294372 118.5
0 1 -101.11294935703681 -18.69817291512814 108.5
1 0 -91.25402475406852 -32.43258792568792 -117.5
1 1 -91.67004457331821 -31.866627326344446 -108.0
8411
-------------------New----------------
0 0 -8.307190730585713 41.56370932780252 118.5
0 1 -7.154262087455746 41.947213286686065 108.5
1 0 18.742878293238114 50.45688237611397 -117.5
1 1 17.660547298911702 50.099628451203856 -108.0
8417
-------------------New----------------
0 0 59.69480027636632 5.202161735265721 118.5
0 1 62.00539087472064 7.917302614486681 108.5
1 0 114.18596697211424 69.30640079672443 -117.5
1 1 111.99606517858422 66.72708047233944 -108.0
8420
-------------------New----------------
0 0 9.910061721751939 67.76519581925784 118.5
0 1 11.954510148432544 69.86213176900311 108.5
1 0 58.08348751988488 117.43343485035817 -117.5
1 1 56.14859631689442 115.4474504730091 -108.0
8423
-------------------New----------------
0 0 52.921167083571255 1.34204158770481 118.5
0 1 52.030617164277224 -0.2578454013882474 108.5
1 0 32.035601863656424 -36.46796340584184 -117.5
1 1 32.85737309129872 -34.93849752876936 -108.0
8434
-------------------New----------------
0 0 85.45372761800482 9.703903392737784 118.5
0 1 83.88825874304743 10.439326046198946 108.5
1 0 48.56503605751682 26.82460898505363 -117.5
1 1 50.04210147763165 26.14604788652061 -108.0
8442
-------------------New----------------
0 0 -42.028855287709554 65.80179111721836 118.5
0 1 -43.64758088485425 63.93201106595544 108.5
1 0 -80.2059391595215 21.74411019724378 -117.5
1 1 -78.67059500506588 23.51562868928152 -108.0
8454
-------------------New----------------
0 0 7.000214337962563 -55.4262046850813 118.5
0 1 2.429846890266755 -50.89181858698212 108.5
1 0 -100.87160994775454 51.57306199244566 -117.5
1 1 -96.52875739774274 47.2666450995382 -108.0
8470
-------------------New----------------
0 0 -40.78934074733945 -73.79929734118339 118.5
0 1 -46.5542423314323 -78.6703593322905 108.5
1 0 -49.8195642890495 6.071684425876347 -117.5
1 1 -47.35324872618569 7.0042385465692405 -108.0
8475
-------------------New----------------
0 0 32.16779193164909 82.66172818562356 118.5
0 1 29.342844924480254 83.48817971065418 108.5
1 0 -34.46635042011074 102.12823668775876 -117.5
1 1 -31.786139866533432 101.3464368215928 -108.0
8487
-------------------New----------------
0 0 -32.5381566437338 -28.044418228252454 118.5
0 1 -32.14529786541167 -27.365192066433217 108.5
1 0 -23.298314549435393 -11.973731121561206 -117.5
1 1 -23.658948011031015 -12.625114921717751 -108.0
8490
-------------------New----------------
0 0 32.47387262427575 -17.091762247660867 118.5
0 1 30.578461843902495 -13.09731259430539 108.5
1 0 -12.223692332073586 77.38494860457197 -117.5
1 1 -10.416489231908349 73.56543297629335 -108.0
8499
-------------------New----------------
0 0 60.418398349202405 31.821696979502757 118.5
0 1 62.4516686967812 32.6623015290984 108.5
1 0 108.38474453020231 51.61556832639375 -117.5
1 1 106.45446041844161 50.821413953321844 -108.0
8501
-------------------New----------------
0 0 -44.47097119697382 -7.063316890320235 118.5
0 1 -42.72629681163484 -7.511900460106958 108.5
1 0 -3.2487855239881185 -17.01574294032283 -117.5
1 1 -4.9086166511624 -16.622765669534022 -108.0
8505
-------------------New----------------
0 0 -114.00368886287 -68.56682314969815 118.5
0 1 -114.46527676979902 -70.70389176077573 108.5
1 0 -125.13540881603754 -119.26579184351688 -117.5
1 1 -124.67892794877177 -117.21904827273963 -108.0
8508
-------------------New----------------
0 0 0.9055092207626061 -85.94867437678684 118.5
0 1 0.9825136162823217 -86.04383852505008 108.5
1 0 2.6956379183813244 -88.17465996367805 -117.5
1 1 2.6237734524138436 -88.08514106168823 -108.0
8511
-------------------New----------------
0 0 59.09951094393673 -53.915924620242286 118.5
0 1 56.38422796994811 -55.172153359646856 108.5
1 0 -4.967889190480033 -83.58122934266672 -117.5
1 1 -2.3882224283430973 -82.38612984737551 -108.0
8517
-------------------New----------------
0 0 1.7704732852390692 -54.88517286039373 118.5
0 1 3.027680468825808 -51.66477121825005 108.5
1 0 31.404011445865535 21.12633440827822 -117.5
1 1 30.210253974391186 18.065618734228007 -108.0
8532
-------------------New----------------
0 0 17.981852263182855 122.67736341856491 118.5
0 1 21.553327809303255 122.74401915869755 108.5
1 0 102.23468534615446 124.33651320785502 -117.5
1 1 98.84119899091596 124.26810990623842 -108.0
8534
-------------------New----------------
0 0 -15.415341311826086 103.81582079543323 118.5
0 1 -16.634451972474046 103.05165061194627 108.5
1 0 -44.1724284707513 85.78294043189598 -117.5
1 1 -43.01446411895806 86.50844538689844 -108.0
8547
-------------------New----------------
0 0 -4.256678087210716 111.22749645960278 118.5
0 1 -2.4646418100844354 110.22248110045958 108.5
1 0 37.99563984989055 87.49354310061078 -117.5
1 1 36.29554200739008 88.44964807650474 -108.0
8560
-------------------New----------------
0 0 -40.56534686580394 6.199710477535357 118.5
0 1 -42.3975031085492 3.808187873725747 108.5
1 0 -83.56736776869164 -50.038526217326385 -117.5
1 1 -81.83409353535605 -47.780195504453914 -108.0
8565
-------------------New----------------
0 0 -30.336846237183288 -40.13963000201642 118.5
0 1 -26.596003789864774 -37.477709801157516 108.5
1 0 56.420361300372335 18.733348235147922 -117.5
1 1 53.001652310564495 16.527205950472187 -108.0
8574
-------------------New----------------
0 0 -4.737045801676495 15.973286336523321 118.5
0 1 -8.523967331200513 15.603090720666838 108.5
1 0 -94.10949466005073 7.237028754077166 -117.5
1 1 -90.51146240120634 7.588828334381773 -108.0
8578
-------------------New----------------
0 0 100.38653889200745 -70.5753863002786 118.5
0 1 100.97719256440186 -71.55041521911686 108.5
1 0 114.27379060204689 -93.5203004117055 -117.5
1 1 113.7173855988323 -92.59452517955408 -108.0
8579
-------------------New----------------
0 0 109.46074942755062 16.29904938303689 118.5
0 1 109.6276615025652 15.8027833250468 108.5
1 0 113.40086465728818 4.583405768326315 -117.5
1 1 113.24239516404641 5.05448339273106 -108.0
8580
-------------------New----------------
0 0 66.76807400289968 55.03878567236275 118.5
0 1 62.797474188327115 53.539789533024916 108.5
1 0 -26.950148705984326 19.648082488752973 -117.5
1 1 -23.177582861887647 21.07489003361588 -108.0
8581
-------------------New----------------
0 0 99.67413258639219 -20.720558126676814 118.5
0 1 99.93880855307322 -19.79126984464858 108.5
1 0 105.97897688913403 1.7129322670251557 -117.5
1 1 105.72736831431219 0.7929618030655483 -108.0
8583
-------------------New----------------
0 0 -16.553294060227127 20.161315774476307 118.5
0 1 -16.168986443633493 16.03499192940961 108.5
1 0 -7.4951359559613975 -77.2954703792557 -117.5
1 1 -7.861717924035181 -73.36738261167093 -108.0
8585
-------------------New----------------
0 0 -22.47064986360859 34.57952626579303 118.5
0 1 -21.040983436115162 36.17363378921726 108.5
1 0 11.28810952032455 72.18287772917375 -117.5
1 1 9.929588201001474 70.66937648777102 -108.0
8591
-------------------New----------------
0 0 -27.621825521122304 -20.87664853906632 118.5
0 1 -26.197727307226103 -18.6703722643295 108.5
1 0 6.044583289520658 31.12106043209436 -117.5
1 1 4.687627226806675 29.028583232520635 -108.0
8593
-------------------New----------------
0 0 -14.411519282383344 0.2432639933790095 118.5
0 1 -17.006829211086618 -1.7972134222814315 108.5
1 0 -75.6059082867585 -47.918528927387676 -117.5
1 1 -73.14750751220996 -45.981740169958044 -108.0
8597
-------------------New----------------
0 0 104.08876721117056 27.398308673178565 118.5
0 1 104.48340721589186 26.930441605736007 108.5
1 0 113.38625511305125 16.257140089862503 -117.5
1 1 113.01597205907176 16.709226593255913 -108.0
8605
-------------------New----------------
0 0 -8.170075692304545 -42.279694185159876 118.5
0 1 -5.9754403340617 -42.14173586105008 108.5
1 0 43.63822179359085 -39.00339400577109 -117.5
1 1 41.55058365442727 -39.13706724123329 -108.0
8606
-------------------New----------------
0 0 -24.819274195356428 14.603397772433066 118.5
0 1 -22.50540398069358 11.786479353281921 108.5
1 0 29.53305113206096 -52.34148236763862 -117.5
1 1 27.369762873743333 -49.630715446319286 -108.0
8609
-------------------New----------------
0 0 21.668950120860558 36.87797562904681 118.5
0 1 24.06194569223938 36.081670714522915 108.5
1 0 77.8403233867643 17.598370809410063 -117.5
1 1 75.60850871292207 18.412335789755655 -108.0
8613
-------------------New----------------
0 0 87.4827717745645 21.527878340179036 118.5
0 1 84.98346845003022 16.87750093078646 108.5
1 0 28.525180694078124 -88.23125088877569 -117.5
1 1 30.89469981336712 -83.81807103510369 -108.0
8614
-------------------New----------------
0 0 -110.39549533497446 2.9005907567952134 118.5
0 1 -109.90509619652588 0.7222008620248849 108.5
1 0 -98.82910191331699 -48.49405317575303 -117.5
1 1 -99.29477014562752 -46.42531293013256 -108.0
8621
-------------------New----------------
0 0 112.78461723798716 -49.31611775032535 118.5
0 1 112.37547464766064 -46.4960663238802 108.5
1 0 103.07381954920614 17.285511757109454 -117.5
1 1 103.4663143261703 14.606068947794402 -108.0
8627
-------------------New----------------
0 0 19.981598577746293 31.9559682202903 118.5
0 1 18.595202264443657 26.294533764321848 108.5
1 0 -12.489939882611559 -101.67485925532291 -117.5
1 1 -11.190973981079189 -96.29269024987079 -108.0
8637
-------------------New----------------
0 0 -59.44954314312389 107.10432498126404 118.5
0 1 -61.43363522237345 106.8180849502032 108.5
1 0 -106.25092932030493 100.36383502644294 -117.5
1 1 -104.36666747525507 100.63403939112482 -108.0
8645
-------------------New----------------
0 0 -105.69946502754708 -61.36098283506631 118.5
0 1 -104.52473568034875 -64.1279637301507 108.5
1 0 -77.92464295665238 -126.60025044109587 -117.5
1 1 -79.04344941076054 -123.97777021386803 -108.0
8658
-------------------New----------------
0 0 50.8145595509358 -75.4164096034201 118.5
0 1 48.33296320267293 -77.0318535972511 108.5
1 0 -7.6952340899345675 -113.45841439774156 -117.5
1 1 -5.343766268516568 -111.93071101630633 -108.0
8660
-------------------New----------------
0 0 8.415850672228487 -18.000882366814892 118.5
0 1 3.8131468557539008 -20.831799176841805 108.5
1 0 -100.19257144643606 -84.83821687245214 -117.5
1 1 -95.82191918663901 -82.14677892807423 -108.0
8665
-------------------New----------------
0 0 -48.16660794273284 -20.27122673018595 118.5
0 1 -44.99660955171127 -21.001677474640594 108.5
1 0 26.648492330408054 -37.512886453106525 -117.5
1 1 23.636770697200884 -36.818741942436596 -108.0
8667
-------------------New----------------
0 0 -3.292729534485949 53.29752394809564 118.5
0 1 -2.7508500554450253 49.943067203080865 108.5
1 0 9.500460167192024 -25.86822015052445 -117.5
1 1 8.985344981661644 -22.68159554431726 -108.0
8669
-------------------New----------------
0 0 35.81115342275064 105.14765065550759 118.5
0 1 30.863843999787747 104.96712549374158 108.5
1 0 -81.00208413492165 101.01247628820025 -117.5
1 1 -76.29146815915095 101.17758755345646 -108.0
8684
-------------------New----------------
0 0 43.01286272461495 100.78346438867898 118.5
0 1 45.89373192851558 101.53851715726623 108.5
1 0 110.99940372071549 118.59540698348955 -117.5
1 1 108.26190142351045 117.87841101839426 -108.0
8695
-------------------New----------------
0 0 123.77189179945299 -66.46371317510548 118.5
0 1 123.52560461872994 -66.65205037808835 108.5
1 0 118.06323035560035 -71.06773888134315 -117.5
1 1 118.2911659101521 -70.87526893442039 -108.0
8712
-------------------New----------------
0 0 83.48998314544751 -75.87838885077414 118.5
0 1 84.75260518724986 -74.02356617995214 108.5
1 0 113.27421970342341 -32.14184692925876 -117.5
1 1 112.07371121227126 -33.90416849053406 -108.0
8714
-------------------New----------------
0 0 39.053275526287145 -33.70278562748568 118.5
0 1 32.69932263174398 -31.53996588632732 108.5
1 0 -110.87994912592123 17.36971971688423 -117.5
1 1 -104.8460122957985 15.314861280471979 -108.0
8733
-------------------New----------------
0 0 -63.73676342550367 25.681640149764196 118.5
0 1 -61.907751275246696 20.350893398079922 108.5
1 0 -20.610383393745963 -100.02698831019674 -117.5
1 1 -22.349583748515307 -94.96838155037094 -108.0
8735
-------------------New----------------
0 0 -11.364085374772499 -31.168874945898278 118.5
0 1 -15.872132846603467 -29.782104613223304 108.5
1 0 -117.83869430513134 1.547552823516213 -117.5
1 1 -113.55444693881398 0.2300029093687254 -108.0
8737
-------------------New----------------
0 0 36.61501586419991 76.0613542443548 118.5
0 1 35.78877810805086 72.79374580612827 108.5
1 0 17.033271975727466 -1.088315027945073 -117.5
1 1 17.822621445184822 2.01715796221916 -108.0
8742
-------------------New----------------
0 0 -95.35833893617743 23.118956688326133 118.5
0 1 -93.09806429372176 19.138783796040542 108.5
1 0 -41.997564149600436 -70.84678631160214 -117.5
1 1 -44.14646340637688 -67.06412164185839 -108.0
8749
-------------------New----------------
0 0 58.92327899624369 53.58667531129471 118.5
0 1 60.33148157880545 52.952064153734966 108.5
1 0 92.08497589834249 38.863357556652275 -117.5
1 1 90.75404599590215 39.44687032768725 -108.0
8758
-------------------New----------------
0 0 -36.746583096571875 5.8674819397599585 118.5
0 1 -34.51685042469315 5.731464979718701 108.5
1 0 16.69551073630563 2.502696349919819 -117.5
1 1 14.533624640843787 2.6308762511768995 -108.0
8761
-------------------New----------------
0 0 58.09129527190819 22.74523758452178 118.5
0 1 57.24865898199006 19.398924248476803 108.5
1 0 38.60675795975075 -56.839113426211306 -117.5
1 1 39.399399944279935 -53.62726856814849 -108.0
8779
-------------------New----------------
0 0 -86.9782781600937 73.06456656688673 118.5
0 1 -86.23722138014385 72.56842900106359 108.5
1 0 -69.50474572750423 61.342657030533 -117.5
1 1 -70.20706489072512 61.81453858670187 -108.0
8783
-------------------New----------------
0 0 10.214906023397628 -1.0014427729373536 118.5
0 1 7.211760387588339 -3.586048272904899 108.5
1 0 -60.65924957962085 -62.02254395834329 -117.5
1 1 -57.80761040091461 -59.56502076727402 -108.0
8790
-------------------New----------------
0 0 120.03693560404501 -46.55916721712482 118.5
0 1 119.82144525426793 -48.50319290081834 108.5
1 0 114.96406535569255 -92.41712021972803 -117.5
1 1 115.16244427102522 -90.56268991642189 -108.0
8796
-------------------New----------------
0 0 48.22769826139921 70.13899390623797 118.5
0 1 50.47754525099307 69.09921117167741 108.5
1 0 101.61158811974893 45.67478182082188 -117.5
1 1 99.45330633840425 46.66134377342488 -108.0
8811
-------------------New----------------
0 0 -57.07133403267299 -29.608152931279314 118.5
0 1 -52.33087631889015 -24.286029109515095 108.5
1 0 54.84423446199602 95.89393986104815 -117.5
1 1 50.33760644132779 90.84132419947093 -108.0
8819
-------------------New----------------
0 0 17.16629860108059 -1.4057129150342162 118.5
0 1 16.93069896055011 3.6498835960848006 108.5
1 0 11.61726209147458 118.19724375692483 -117.5
1 1 11.846561017174128 113.37514446061941 -108.0
8829
-------------------New----------------
0 0 50.339369813809995 73.31494142428815 118.5
0 1 52.11902882340744 70.25616391317587 108.5
1 0 92.32967171149886 1.0244692308487344 -117.5
1 1 90.64127023433706 3.936034280657997 -108.0
8835
-------------------New----------------
0 0 -30.981854966660478 21.217547728508844 118.5
0 1 -34.16040322209065 19.069211084646593 108.5
1 0 -106.04121713904581 -29.531406720928352 -117.5
1 1 -103.01876452370725 -27.48648697431657 -108.0
8841
-------------------New----------------
0 0 -7.509999337960258 -93.0151774890823 118.5
0 1 -8.562253400847075 -91.9618020805229 108.5
1 0 -32.35362936314712 -68.10671068787903 -117.5
1 1 -31.352561992260426 -69.11143948453373 -108.0
8842
-------------------New----------------
0 0 -56.188652178428605 80.4109553497244 118.5
0 1 -57.57070685280314 78.10349598027163 108.5
1 0 -88.71993637913626 26.022685696952095 -117.5
1 1 -87.41130069214796 28.209972921242656 -108.0
8860
-------------------New----------------
0 0 -106.0859853378909 -58.26944153531046 118.5
0 1 -105.10776539547533 -58.56503249573037 108.5
1 0 -82.89224839450394 -65.27997109065556 -117.5
1 1 -83.83198692744165 -64.9915794115248 -108.0
8866
-------------------New----------------
0 0 -37.21224252104277 120.96196016233 118.5
0 1 -34.656605168221006 120.95480781214607 108.5
1 0 23.112418290492624 120.61238781783443 -117.5
1 1 20.691526509932224 120.63483184234606 -108.0
8876
-------------------New----------------
0 0 -55.296566189085695 58.01544943052473 118.5
0 1 -52.75992217082622 58.35271380180713 108.5
1 0 4.5700375582017045 65.96659487778183 -117.5
1 1 2.1608005236894625 65.6457327248264 -108.0
8884
-------------------New----------------
0 0 -84.27056764066195 -54.847169317629834 118.5
0 1 -85.09049577131758 -56.8333132198152 108.5
1 0 -103.55805391301786 -101.67620814016448 -117.5
1 1 -102.78508247157208 -99.78768813695447 -108.0
8890
-------------------New----------------
0 0 -32.81722608786741 58.66060643686164 118.5
0 1 -26.04806690423871 57.74961496799049 108.5
1 0 126.9833773494706 37.18299314536735 -117.5
1 1 120.55058568207224 38.04764390701824 -108.0
8893
-------------------New----------------
0 0 -45.956861306505324 112.95655399552356 118.5
0 1 -43.5886160929265 113.29491993439505 108.5
1 0 9.925180170370483 120.94782028636882 -117.5
1 1 7.6757648521233275 120.62605344091283 -108.0
8899
-------------------New----------------
0 0 43.41736332801133 -21.67232436957292 118.5
0 1 45.01025328016095 -23.55341544352346 108.5
1 0 81.04083771787268 -66.03403407437695 -117.5
1 1 79.52500718829509 -64.24956858693564 -108.0
8909
-------------------New----------------
0 0 27.04224535768132 -94.40968284993345 118.5
0 1 28.405521607080722 -95.05144948465855 108.5
1 0 59.20680906421408 -109.53225100939251 -117.5
1 1 57.9145578505107 -108.92439406824774 -108.0
8913
-------------------New----------------
0 0 86.09639779977985 45.218530037445035 118.5
0 1 87.36343550559607 42.8754745676248 108.5
1 0 116.03058801005947 -10.09106488052685 -117.5
1 1 114.8252478941693 -7.865128251505835 -108.0
8936
-------------------New----------------
0 0 -100.98436836451296 -36.835669934743805 118.5
0 1 -101.05750318039776 -37.470970430981666 108.5
1 0 -102.72782278246716 -51.855412292361066 -117.5
1 1 -102.66325781194875 -51.25152454983761 -108.0
8951
-------------------New----------------
0 0 49.177946528235175 114.32856535837473 118.5
0 1 43.742565038484614 114.0442821403561 108.5
1 0 -79.49800091381347 107.64510068060744 -117.5
1 1 -74.31284393031238 107.91868564291329 -108.0
8961
-------------------New----------------
0 0 27.45197733289117 -46.63731782456231 118.5
0 1 27.138156495501114 -48.92726892907866 108.5
1 0 20.127777383472267 -100.79995500334886 -117.5
1 1 20.420091938836492 -98.61067570498174 -108.0
8973
-------------------New----------------
0 0 59.56522602841062 -34.86360543505763 118.5
0 1 60.159013713433446 -30.443202874646214 108.5
1 0 73.4602362955953 69.70432723702436 -117.5
1 1 72.90337871547678 65.48601838049896 -108.0
8977
-------------------New----------------
0 0 67.94693837937811 -40.05748551444439 118.5
0 1 67.53728603410804 -38.433802370679636 108.5
1 0 58.29592750102216 -1.6896029517373905 -117.5
1 1 58.683090882535566 -3.2339477505136385 -108.0
8978
-------------------New----------------
0 0 36.39678304550815 73.10366852946284 118.5
0 1 35.32863450090408 74.49851482048699 108.5
1 0 11.14885271105815 106.36478181098785 -117.5
1 1 12.139465054919933 105.00649546888542 -108.0
8983
-------------------New----------------
0 0 -96.96473127095041 -33.38262789900518 118.5
0 1 -97.92979160142411 -34.86678957175887 108.5
1 0 -119.8793321666722 -68.51270841294716 -117.5
1 1 -118.79147252363691 -67.07701385958136 -108.0
8987
-------------------New----------------
0 0 -52.577174885155294 -126.1839530051326 118.5
0 1 -53.613635866423046 -126.15649826045062 108.5
1 0 -77.0378945204611 -125.53539401249816 -117.5
1 1 -76.05346585600202 -125.56152979457624 -108.0
8996
-------------------New----------------
0 0 8.426696956629367 36.35417971063937 118.5
0 1 7.681697739729084 39.24650712346785 108.5
1 0 -9.162406534756164 104.58817936225451 -117.5
1 1 -8.454184041282824 101.8416189556304 -108.0
8999
-------------------New----------------
0 0 -72.94541810712585 -21.422724412506227 118.5
0 1 -69.63414848958205 -24.82107288620922 108.5
1 0 5.102197496071981 -101.69263376617351 -117.5
1 1 1.9596208260994068 -98.46099621704732 -108.0
9012
-------------------New----------------
0 0 33.701018136492934 87.61204961697543 118.5
0 1 30.869554186585486 85.80382456728705 108.5
1 0 -33.22218203627356 44.93890496699683 -117.5
1 1 -30.530948207757625 46.654409185861326 -108.0
9016
-------------------New----------------
0 0 106.88893101059041 70.24901364418031 118.5
0 1 106.36267498337654 70.02546136658256 108.5
1 0 94.48839375893047 64.98472146630523 -117.5
1 1 94.98780435376328 65.19521284551764 -108.0
9020
-------------------New----------------
0 0 -68.98022912024473 -15.917897580279512 118.5
0 1 -71.3291919058724 -16.31216249875446 108.5
1 0 -124.41395009554537 -25.284066997760622 -117.5
1 1 -122.18244855613065 -24.90450473275936 -108.0
9034
-------------------New----------------
0 0 -58.18297519412577 -69.21498041939824 118.5
0 1 -58.543469340970844 -68.1749134748039 108.5
1 0 -66.56157857568465 -44.56357962797365 -117.5
1 1 -66.22467709315052 -45.563229176129575 -108.0
9055
-------------------New----------------
0 0 -55.89042647042915 19.61855977842501 118.5
0 1 -55.4151607524842 20.519858405532762 108.5
1 0 -44.691906106537076 40.87452346563167 -117.5
1 1 -45.14274248523678 40.01905788374881 -108.0
9056
-------------------New----------------
0 0 -38.1915083024937 -79.23370980566605 118.5
0 1 -38.078593028847294 -79.6247268026585 108.5
1 0 -35.526814194260666 -88.4516538309662 -117.5
1 1 -35.63403868038656 -88.08044768120568 -108.0
9060
-------------------New----------------
0 0 70.55305061545911 -68.40781673141076 118.5
0 1 68.36543414445165 -67.3826766565326 108.5
1 0 18.089155671573725 -44.231959547644664 -117.5
1 1 20.17256965200943 -45.14650862607263 -108.0
9073
-------------------New----------------
0 0 -0.9180464438088306 -75.70379852813026 118.5
0 1 -0.8025697065298616 -75.97993741993335 108.5
1 0 1.9108124206737738 -82.16749482382497 -117.5
1 1 1.7931398706252293 -81.90822056241726 -108.0
9075
-------------------New----------------
0 0 42.24764672390789 -17.46217669693733 118.5
0 1 45.83946467065697 -20.523732854840254 108.5
1 0 127.04564108654957 -89.73810302333143 -117.5
1 1 123.631883938705 -86.82905039504621 -108.0
9078
-------------------New----------------
0 0 -29.095129306825633 29.894627049483127 118.5
0 1 -29.384778921930483 31.19203421705409 108.5
1 0 -35.93106969147043 60.517743028331516 -117.5
1 1 -35.65591296943221 59.28484405852189 -108.0
9081
-------------------New----------------
0 0 88.83303525917124 61.73870264063244 118.5
0 1 88.31992270557187 57.77679942451198 108.5
1 0 76.73999090885255 -31.96550210964229 -117.5
1 1 77.22457298563143 -28.19326679348371 -108.0
9082
-------------------New----------------
0 0 -9.612592772783792 -27.977872808599262 118.5
0 1 -14.47890386403733 -31.332629917600133 108.5
1 0 -124.82392578695423 -107.63917565938331 -117.5
1 1 -120.180822682493 -104.40680721026692 -108.0
9090
-------------------New----------------
0 0 -28.052635542757645 35.595821433050965 118.5
0 1 -27.314033258666193 33.72818173282731 108.5
1 0 -10.858415795652181 -8.165928931059451 -117.5
1 1 -11.546507943955088 -6.4102534081736495 -108.0
9092
-------------------New----------------
0 0 -39.438024330935264 -41.48529188076207 118.5
0 1 -37.73064815771299 -42.46232563305969 108.5
1 0 0.8607243240070378 -64.53437877152945 -117.5
1 1 -0.7622790524542722 -63.60700075636812 -108.0
9094
-------------------New----------------
0 0 72.58653505341405 -99.75690967053272 118.5
0 1 72.5885983438639 -99.42125193390578 108.5
1 0 72.70653895739711 -91.2853805386938 -117.5
1 1 72.723931610005 -91.6161322473646 -108.0
9096
-------------------New----------------
0 0 31.6830359999171 -12.341026447478907 118.5
0 1 27.710383249972715 -11.906009638568225 108.5
1 0 -62.491277806163644 -2.0550323018380863 -117.5
1 1 -58.68065941504877 -2.4693309782997988 -108.0
9097
-------------------New----------------
0 0 100.65789118345592 -21.13081187703167 118.5
0 1 100.69870732073967 -22.145670542135097 108.5
1 0 101.64084457892872 -45.09395968553729 -117.5
1 1 101.60110252217461 -44.129881968122476 -108.0
9099
-------------------New----------------
0 0 -87.29684670053959 -63.603668937885814 118.5
0 1 -86.13248332515792 -66.29190359355097 108.5
1 0 -59.6233665524858 -127.04069973642802 -117.5
1 1 -60.78412862577029 -124.49521017388807 -108.0
9101
-------------------New----------------
0 0 53.573042256676146 52.63493662865043 118.5
0 1 56.70206523525867 50.51824077357992 108.5
1 0 127.33889701306364 2.6821242351075503 -117.5
1 1 124.37165284019775 4.690976885058191 -108.0
9118
-------------------New----------------
0 0 -11.636338864807588 112.26013407812536 118.5
0 1 -15.018960266367575 112.65086011757596 108.5
1 0 -91.53559791131725 121.31283303178483 -117.5
1 1 -88.31335295853758 120.96670106110382 -108.0
9127
-------------------New----------------
0 0 20.362430934527627 64.559234280835 118.5
0 1 17.928610314933124 62.97855746636651 108.5
1 0 -37.098785196403995 27.258232968492205 -117.5
1 1 -34.78581828448913 28.75947740271903 -108.0
9133
-------------------New----------------
0 0 17.632683884095634 78.12851567111291 118.5
0 1 16.500428266408093 76.17501068563101 108.5
1 0 -9.075341968210228 31.996755094237425 -117.5
1 1 -7.999389381660443 33.85503465341015 -108.0
9141
-------------------New----------------
0 0 39.56837221463687 -46.46587511198568 118.5
0 1 34.39993482139376 -49.06570058166342 108.5
1 0 -82.38805887066015 -107.81292837317585 -117.5
1 1 -77.47942096355551 -105.34404516745232 -108.0
9142
-------------------New----------------
0 0 -7.341457619746228 -3.425771958841532 118.5
0 1 -12.153595431734157 -4.053523790333648 108.5
1 0 -120.85511586563382 -18.069660352166338 -117.5
1 1 -116.28456645102695 -17.48402297555859 -108.0
9154
-------------------New----------------
0 0 -33.531981182179635 56.82438410956132 118.5
0 1 -34.41649150558397 55.325645201264955 108.5
1 0 -52.20009116782977 22.911052736406482 -117.5
1 1 -51.49372654634035 24.280181654384275 -108.0
9156
-------------------New----------------
0 0 -77.90819346062769 -41.86749456644709 118.5
0 1 -77.3060471521151 -41.83543549197211 108.5
1 0 -63.58503923343195 -41.29985943246776 -117.5
1 1 -64.12106372661474 -41.32572939816923 -108.0
9167
-------------------New----------------
0 0 0.5843452372662867 5.582858563652641 118.5
0 1 -0.45121349844268543 5.195496769862909 108.5
1 0 -23.846976092711746 -3.5608245862761776 -117.5
1 1 -22.86274725228854 -3.1923010327724826 -108.0
9173
-------------------New----------------
0 0 -13.311479698250448 -59.12018896401044 118.5
0 1 -9.861184452490438 -57.114258515872805 108.5
1 0 68.15854964507717 -11.814327372023389 -117.5
1 1 64.87722247848856 -13.71815423285588 -108.0
9179
-------------------New----------------
0 0 10.904237301514135 -48.669884237091864 118.5
0 1 15.641605666028763 -48.84561497733258 108.5
1 0 122.70679416412625 -52.81544215575117 -117.5
1 1 118.20635286733534 -52.64857500557891 -108.0
9181
-------------------New----------------
0 0 34.68807547271721 -44.954274954897045 118.5
0 1 32.15576505832969 -42.039800907957115 108.5
1 0 -25.074735894281773 23.785079497974372 -117.5
1 1 -22.661398277924285 21.0159501314331 -108.0
9184
-------------------New----------------
0 0 -14.767275280424508 53.90058940631013 118.5
0 1 -19.411111614294505 55.03739121685426 108.5
1 0 -124.29525564077053 80.83844248654465 -117.5
1 1 -119.8898339860096 79.74252710499624 -108.0
9190
-------------------New----------------
0 0 -37.081470526911716 -47.14655121542676 118.5
0 1 -30.697605946398163 -44.04444920825641 108.5
1 0 113.5081558589978 25.98752245518106 -117.5
1 1 107.44602678964156 23.04562326359659 -108.0
9211
-------------------New----------------
0 0 51.03328543085718 119.75496509366795 118.5
0 1 50.16761209427287 120.02469486821954 108.5
1 0 30.502584349071547 125.90466639816145 -117.5
1 1 31.331491428208476 125.65195106887536 -108.0
9212
-------------------New----------------
0 0 10.996183675263616 73.98230997073196 118.5
0 1 13.183075537812911 74.67079944798891 108.5
1 0 62.80197699805789 90.32969911479722 -117.5
1 1 60.71785531397361 89.68073756109371 -108.0
9216
-------------------New----------------
0 0 24.969201487005627 -98.02968660407649 118.5
0 1 24.53366991038776 -96.99806039417929 108.5
1 0 14.679137621414307 -73.69193220954529 -117.5
1 1 15.093481883162152 -74.67119033439364 -108.0
9225
-------------------New----------------
0 0 -79.36762761655936 93.55231431052302 118.5
0 1 -79.18533063781916 91.1276278622071 108.5
1 0 -75.1580435229737 36.5195874116145 -117.5
1 1 -75.32310561169912 38.80859281227329 -108.0
9232
-------------------New----------------
0 0 5.007379056902992 -95.28957624646752 118.5
0 1 7.391234745558153 -94.86151946312049 108.5
1 0 61.06690420497314 -84.89221223131207 -117.5
1 1 58.81833886699452 -85.31683944477314 -108.0
9234
-------------------New----------------
0 0 41.21812998254701 -7.424325956957256 118.5
0 1 38.90714081499988 -7.258575090867005 108.5
1 0 -13.351878490994716 -3.5547748519282067 -117.5
1 1 -11.156873390843916 -3.701974023131193 -108.0
9236
-------------------New----------------
0 0 86.63147911996367 -17.128100608442292 118.5
0 1 85.21827229314412 -18.906567273333224 108.5
1 0 53.28788417903745 -59.085215705207546 -117.5
1 1 54.630206970592404 -57.39571225569712 -108.0
9261
-------------------New----------------
0 0 49.82356235345495 -17.824008388333148 118.5
0 1 51.897566524365985 -12.22917151252537 108.5
1 0 98.73457695056686 114.23544805677452 -117.5
1 1 96.76552303432939 108.91942927480461 -108.0
9264
-------------------New----------------
0 0 2.7931873461223784 32.54201310775342 118.5
0 1 -0.3489338899878723 28.695962472862153 108.5
1 0 -71.37957680713113 -58.016793096126015 -117.5
1 1 -68.39345624752949 -54.374415397846164 -108.0
9270
-------------------New----------------
0 0 -42.95473127931945 9.104533342494705 118.5
0 1 -38.229457553406284 13.136850870425892 108.5
1 0 68.55743437275927 104.29000312418721 -117.5
1 1 64.07059074893638 100.45553691738921 -108.0
9284
-------------------New----------------
0 0 -33.45335985159068 82.57297534152144 118.5
0 1 -34.22915948672509 83.82449145299066 108.5
1 0 -51.652478787182474 112.17848315046642 -117.5
1 1 -50.92285371024987 110.98585258868334 -108.0
9296
-------------------New----------------
0 0 19.07397952235431 -77.51617853434841 118.5
0 1 22.653581166098558 -74.13272837028602 108.5
1 0 103.55838330344675 2.3774939672743995 -117.5
1 1 100.1571047848146 -0.8392325418640489 -108.0
9309
-------------------New----------------
0 0 -83.060174727251 89.69153340730962 118.5
0 1 -80.83077939732802 88.49682052474387 108.5
1 0 -30.71056410367414 61.19517174552569 -117.5
1 1 -32.832247956417184 62.35828404463623 -108.0
9311
-------------------New----------------
0 0 -1.2679876026661163 -37.98071301006547 118.5
0 1 0.8529076196416604 -37.01257214876832 108.5
1 0 48.81990605160616 -15.087647849405318 -117.5
1 1 46.800512145273885 -16.008290700701195 -108.0
9314
-------------------New----------------
0 0 -73.27257056020076 0.04934598569590918 118.5
0 1 -71.09984309134457 -1.8412093202385276 108.5
1 0 -21.766561517281097 -44.34908589695897 -117.5
1 1 -23.847330770933112 -42.575885134151065 -108.0
9315
-------------------New----------------
0 0 61.02071832742929 -52.41217712034696 118.5
0 1 62.29290087912549 -55.45460108224073 108.5
1 0 91.19329327202797 -124.20291402139742 -117.5
1 1 89.97494301946065 -121.31309413571773 -108.0
9323
-------------------New----------------
0 0 91.67326785238075 31.151632832450154 118.5
0 1 89.66093642697149 31.528772846223973 108.5
1 0 44.17224415534295 40.03328532575929 -117.5
1 1 46.08364583902095 39.67680168842756 -108.0
9334
-------------------New----------------
0 0 49.7905531825317 99.8613455743513 118.5
0 1 50.78772915861042 99.94675154377981 108.5
1 0 73.31341989053641 101.87951358099427 -117.5
1 1 72.36632221059087 101.79834820576573 -108.0
9335
-------------------New----------------
0 0 -32.71611668577246 -56.02339892744895 118.5
0 1 -31.153722097217894 -56.728028847181655 108.5
1 0 4.298094367822346 -72.67792675357722 -117.5
1 1 2.805269403263767 -72.00873083590383 -108.0
9342
-------------------New----------------
0 0 -18.62418194201384 -61.5175370904082 118.5
0 1 -12.936310030736895 -57.43265150304344 108.5
1 0 115.71607527232109 34.912852122244 -117.5
1 1 110.30851842163716 31.02821724247547 -108.0
9345
-------------------New----------------
0 0 35.88927610422218 7.3331513552416965 118.5
0 1 33.36546844962875 1.94097801489808 108.5
1 0 -23.72721420866839 -120.00806894739199 -117.5
1 1 -21.326199533229598 -114.87809094604515 -108.0
9356
-------------------New----------------
0 0 50.87222958831789 29.67231647338865 118.5
0 1 50.25351065556861 28.539079524030477 108.5
1 0 36.35336593193303 2.8933040761167654 -117.5
1 1 36.93320248879118 3.9713618591281112 -108.0
9359
-------------------New----------------
0 0 -100.34721200599134 10.335998628524766 118.5
0 1 -98.55563437267674 10.815140255020674 108.5
1 0 -58.04960963343378 21.625880024508316 -117.5
1 1 -59.75291406769439 21.172106194288073 -108.0
9360
-------------------New----------------
0 0 -18.672383113915608 8.581745321973024 118.5
0 1 -21.548726879544407 7.808842162004436 108.5
1 0 -86.48891485806396 -9.648156333324325 -117.5
1 1 -83.7548289848312 -8.902984983756848 -108.0
9364
-------------------New----------------
0 0 75.28264283801443 93.80154911327608 118.5
0 1 75.9761345075608 92.38435297668515 108.5
1 0 91.65907166881658 60.36126423895884 -117.5
1 1 91.00017854104549 61.70774811578251 -108.0
9369
-------------------New----------------
0 0 -10.683617546592766 -60.21310072303461 118.5
0 1 -12.203146787048704 -58.253048916129195 108.5
1 0 -46.68808005923141 -13.946337117594078 -117.5
1 1 -45.22920588371429 -15.812314972622762 -108.0
9375
-------------------New----------------
0 0 111.07318031608997 -100.67895392248333 118.5
0 1 110.16310326947924 -101.31576986661612 108.5
1 0 89.55125159299402 -115.72659639652557 -117.5
1 1 90.41957518453381 -115.12002617569256 -108.0
9380
-------------------New----------------
0 0 38.221764408929175 -111.53708226144553 118.5
0 1 41.963091307740534 -110.64463429871948 108.5
1 0 126.46360393524307 -90.50651769577142 -117.5
1 1 122.91289208978148 -91.35314383654303 -108.0
9386
-------------------New----------------
0 0 -110.62003558350625 13.360045140888527 118.5
0 1 -110.03354373484994 11.991502020720612 108.5
1 0 -96.7071617213182 -18.852383852978644 -117.5
1 1 -97.28172415636166 -17.5609058384349 -108.0
9387
-------------------New----------------
0 0 -38.40204999724042 60.56873114530572 118.5
0 1 -37.72354397491028 60.19192563857083 108.5
1 0 -22.43679861906706 51.6775007153508 -117.5
1 1 -23.077848480411568 52.03520674168542 -108.0
9390
-------------------New----------------
0 0 -13.63895142116822 92.22581014919649 118.5
0 1 -12.512034005162532 92.48529036017771 108.5
1 0 13.038662862815505 98.37392059905741 -117.5
1 1 11.968342490595168 98.12338061345861 -108.0
9405
-------------------New----------------
0 0 -77.67004318030973 84.47273280173297 118.5
0 1 -76.85586706832109 83.33803009868473 108.5
1 0 -58.46684315245096 57.69392445972941 -117.5
1 1 -59.23900354898003 58.775606855871175 -108.0
9413
-------------------New----------------
0 0 57.51055079178517 -47.4231890733754 118.5
0 1 59.989961711301724 -50.32338973193752 108.5
1 0 115.99392097332527 -115.9145392172334 -117.5
1 1 113.64039261352002 -113.154103808122 -108.0
9424
-------------------New----------------
0 0 9.063312297270697 -105.02344483619004 118.5
0 1 4.967289394458719 -105.08801489847197 108.5
1 0 -87.61876485467673 -106.53154938672711 -117.5
1 1 -83.72569972297046 -106.47049757228815 -108.0
9425
-------------------New----------------
0 0 66.38884553486335 25.27298273542528 118.5
0 1 65.61380858528722 23.9410972415941 108.5
1 0 48.0814819803946 -6.179074199719851 -117.5
1 1 48.818724792591574 -4.91330079608395 -108.0
9433
-------------------New----------------
0 0 28.15715292487435 40.5556336525591 118.5
0 1 30.801258648370112 42.98468645977058 108.5
1 0 90.62145631812601 97.90174139136766 -117.5
1 1 88.10906419754535 95.59479827605124 -108.0
9434
-------------------New----------------
0 0 -29.288030772767428 -60.412765082505715 118.5
0 1 -26.60837807302675 -59.50503588307034 108.5
1 0 33.97854824643174 -38.99970376186368 -117.5
1 1 31.430002505258635 -39.86209678421859 -108.0
9438
-------------------New----------------
0 0 -96.03549658775805 106.76076663094655 118.5
0 1 -94.85722503441158 106.07335893200181 108.5
1 0 -68.25737136993926 90.54092072543935 -117.5
1 1 -69.37555216166082 91.19348533893086 -108.0
9439
-------------------New----------------
0 0 -87.42998965621675 98.74640701985392 118.5
0 1 -98.3447894266184 97.69108012007582 108.5
1 0 -99.38791660293263 -90.57516906070286 -117.5
1 1 -97.78408724102646 -89.17545276430576 -108.0
9449
-------------------New----------------
0 0 87.61967915747573 -7.809636176925432 118.5
0 1 87.54709706323169 -2.1280287432356575 108.5
1 0 85.79666439109184 126.2696551714735 -117.5
1 1 85.87247028084369 120.87499750249803 -108.0
9456
-------------------New----------------
0 0 18.970163184896894 -19.949398699260282 118.5
0 1 22.59399221514383 -15.578474647301357 108.5
1 0 104.49252177660773 83.22173784624941 -117.5
1 1 101.05073623778925 79.06885440778521 -108.0
9459
-------------------New----------------
0 0 -9.819726205947335 42.489001420445035 118.5
0 1 -11.994109798795877 42.73416648105719 108.5
1 0 -61.11246000222561 48.36625939594785 -117.5
1 1 -59.048799028447476 48.12109627729849 -108.0
9463
-------------------New----------------
0 0 -5.847458342853785 94.82614054392967 118.5
0 1 -5.580631509179085 94.39925858977817 108.5
1 0 0.43606501677432064 84.69568776238553 -117.5
1 1 0.1853720146993437 85.10573367723585 -108.0
9472
-------------------New----------------
0 0 -59.772623337832286 53.16015551073569 118.5
0 1 -62.082877779202306 54.6604603268457 108.5
1 0 -114.27570173509034 88.61263218250596 -117.5
1 1 -112.08333952038079 87.18204129455805 -108.0
9474
-------------------New----------------
0 0 -27.022458829350462 20.552778094984895 118.5
0 1 -24.7445199922663 15.807093398395716 108.5
1 0 26.8853518116479 -91.50958250522321 -117.5
1 1 24.71091557526725 -86.9999402315204 -108.0
9487
-------------------New----------------
0 0 30.758243952792792 -13.131486017129774 118.5
0 1 28.124843543240907 -9.0669654689394 108.5
1 0 -31.382457885959365 82.83330405338498 -117.5
1 1 -28.87763703662022 78.96701018099193 -108.0
9489
-------------------New----------------
0 0 40.75509671861318 9.356754134412869 118.5
0 1 35.65542876290879 8.954860445032557 108.5
1 0 -79.9157453066529 -0.22292835485795298 -117.5
1 1 -75.0406591770179 0.1683871835339678 -108.0
9495
-------------------New----------------
0 0 -71.2891162162653 1.3368889006962974 118.5
0 1 -71.676868904764 3.407923223862712 108.5
1 0 -80.67986018239226 50.180454585798124 -117.5
1 1 -80.29818003117768 48.21913927705709 -108.0
9499
-------------------New----------------
0 0 -48.72912825505726 8.691803164830981 118.5
0 1 -47.917912509543115 12.753636710010493 108.5
1 0 -29.582671744193124 104.5818673173953 -117.5
1 1 -30.350451725802106 100.72341755678922 -108.0
9501
-------------------New----------------
0 0 49.878336519663364 -22.540472568339034 118.5
0 1 44.39560700802853 -21.056976630275862 108.5
1 0 -82.04596487407777 11.215427748654616 -117.5
1 1 -76.61998681253147 9.914178405442975 -108.0
9503
-------------------New----------------
0 0 57.38526470748623 43.37076274177694 118.5
0 1 58.241068241873755 39.72001363074716 108.5
1 0 77.61398194660121 -43.05726227670969 -117.5
1 1 76.79136715262045 -39.56371505268693 -108.0
9507
-------------------New----------------
0 0 -36.4419717188979 -53.23934029208166 118.5
0 1 -38.80769202911087 -50.8988743670581 108.5
1 0 -92.26152936043133 2.0568777822181135 -117.5
1 1 -90.01545198496304 -0.16717803689094293 -108.0
9511
-------------------New----------------
0 0 -23.263037287307863 44.816580794291525 118.5
0 1 -18.47467233682442 42.79381864597492 108.5
1 0 90.7660634373329 -3.1007418382030347 -117.5
1 1 86.25158767524394 -1.1431044832393005 -108.0
9520
-------------------New----------------
0 0 22.27416358784937 75.66643644257763 118.5
0 1 21.112709306621003 77.29445307121534 108.5
1 0 -5.152696098228612 114.13510854070668 -117.5
1 1 -4.048715912754635 112.58480926135678 -108.0
9525
-------------------New----------------
0 0 -92.15492641047783 68.64001754640883 118.5
0 1 -90.35320793464868 66.51883848053915 108.5
1 0 -49.62713634083333 18.59185734727506 -117.5
1 1 -51.338593911577945 20.605576513938633 -108.0
9538
-------------------New----------------
0 0 -28.882364079454312 -54.38059812503808 118.5
0 1 -23.859718001920537 -54.96408166010154 108.5
1 0 89.73771910515156 -68.13669096056489 -117.5
1 1 84.96080681156234 -67.58275029734573 -108.0
9539
-------------------New----------------
0 0 27.552090268237077 124.4683861603686 118.5
0 1 28.38434400490065 125.46302605030715 108.5
1 0 74.54242369670268 -73.12334512014016 -117.5
1 1 71.96482105036807 -73.82485064606223 -108.0
9545
-------------------New----------------
0 0 -40.59225009896239 -38.53041205092922 118.5
0 1 -37.3095478830216 -37.7143637812214 108.5
1 0 38.75540649417533 -18.87943903524384 -117.5
1 1 35.547526716294925 -19.687763516982557 -108.0
9558
-------------------New----------------
0 0 -102.44969101788533 47.652393744797024 118.5
0 1 -102.66834001447239 45.02706851463018 108.5
1 0 -107.39379904641298 -14.433003291207314 -117.5
1 1 -107.20420626239904 -11.92617126599256 -108.0
9560
-------------------New----------------
0 0 32.844611025222726 56.46351604238989 118.5
0 1 28.49755221197672 56.55620073595384 108.5
1 0 -69.49116032356768 58.682117396619596 -117.5
1 1 -65.37385921504429 58.5911030213217 -108.0
9568
-------------------New----------------
0 0 -108.29676134931283 102.38825282196476 118.5
0 1 -107.24053151031455 101.03570955250302 108.5
1 0 -83.36746996159451 70.468195686402 -117.5
1 1 -84.37088656406692 71.75312427130075 -108.0
9570
-------------------New----------------
0 0 -95.27013978538865 70.45671515885618 118.5
0 1 -94.67786373516283 67.36124824892222 108.5
1 0 -81.37317670009925 -2.34132053431071 -117.5
1 1 -81.92937337965387 0.5759614909637071 -108.0
9576
-------------------New----------------
0 0 82.37962937646707 -51.06829581550714 118.5
0 1 82.03902324896218 -46.61587022504488 108.5
1 0 74.23761368087202 54.034241167384494 -117.5
1 1 74.57407180847258 49.809349373623 -108.0
9581
-------------------New----------------
0 0 34.43911022619648 -14.946032946238137 118.5
0 1 35.396550831251986 -14.800536849230278 108.5
1 0 57.04529136245293 -11.509696825223942 -117.5
1 1 56.136018542957665 -11.649614895547883 -108.0
9582
-------------------New----------------
0 0 7.571985350279678 40.2680257857828 118.5
0 1 8.031307612561339 39.362274446859075 108.5
1 0 18.353503889187923 18.648626306693195 -117.5
1 1 17.9155199400459 19.527892044052358 -108.0
9591
-------------------New----------------
0 0 41.16534916061242 123.50719352697323 118.5
0 1 39.68924953474749 123.5299208774712 108.5
1 0 6.050530487128382 124.06963282660858 -117.5
1 1 7.485001173335137 124.04227453027177 -108.0
9594
-------------------New----------------
0 0 -47.129767104438216 26.238529046327482 118.5
0 1 -50.07305639479493 23.00062397361001 108.5
1 0 -116.63381043251634 -50.078513986512604 -117.5
1 1 -113.83603778583168 -47.00866841563868 -108.0
9608
-------------------New----------------
0 0 -15.124479666525275 -20.0217786605443 118.5
0 1 -10.912453788389174 -23.949826270959058 108.5
1 0 84.27179403413024 -112.73558917071395 -117.5
1 1 80.27063840044933 -109.00321501661236 -108.0
9609
-------------------New----------------
0 0 -81.24696210176924 -44.71802137439691 118.5
0 1 -81.11474452302191 -41.735936676409445 108.5
1 0 -78.05577296734006 25.486884303337522 -117.5
1 1 -78.18875299771915 22.6653232012266 -108.0
9614
-------------------New----------------
0 0 31.41650917748849 -7.349844411461997 118.5
0 1 25.064473996315662 -10.33224364077876 108.5
1 0 -118.44216782803191 -77.71324899088215 -117.5
1 1 -112.40664011759593 -74.88550807584589 -108.0
9626
-------------------New----------------
0 0 -60.17071953061132 -59.43651640909758 118.5
0 1 -60.598428049847335 -59.2572418504238 108.5
1 0 -70.22744928759356 -55.30377125950247 -117.5
1 1 -69.82593235983367 -55.46799423449081 -108.0
9632
-------------------New----------------
0 0 15.94468850094292 43.57358229848144 118.5
0 1 11.795720821183883 41.43250856944858 108.5
1 0 -81.61225555660799 -6.984717766732045 -117.5
1 1 -77.68889020083843 -4.9452272244270405 -108.0
9637
-------------------New----------------
0 0 45.85345313830701 -0.5228642371220863 118.5
0 1 47.32260809868781 2.066247540551987 108.5
1 0 80.55886543495379 60.610818437327666 -117.5
1 1 79.16056477900885 58.149298121560875 -108.0
9643
-------------------New----------------
0 0 -12.401300941665644 -19.017967949801406 118.5
0 1 -10.468229230089511 -22.714112454073252 108.5
1 0 33.33576367184664 -106.27957585787135 -117.5
1 1 31.499342039264498 -102.76765107865864 -108.0
9645
-------------------New----------------
0 0 -14.783766522782162 101.37599086746386 118.5
0 1 -12.026552096790526 99.67330862641515 108.5
1 0 50.22921399328992 61.374460950761794 -117.5
1 1 47.615304674180585 62.97686484834007 -108.0
9652
-------------------New----------------
0 0 -24.286751197432135 30.30616186044581 118.5
0 1 -23.261892028359505 34.011040144974686 108.5
1 0 -0.10106701644737681 117.72809083968161 -117.5
1 1 -1.0729921384900218 114.20841246603959 -108.0
9681
-------------------New----------------
0 0 40.32525360338459 17.434488891179825 118.5
0 1 40.44466105897916 18.215671393471233 108.5
1 0 43.144712398496594 35.87462988533544 -117.5
1 1 43.03109169693762 35.13215495330732 -108.0
9688
-------------------New----------------
0 0 -15.684042681462003 5.680392725627372 118.5
0 1 -14.18014253312324 5.9187364152259985 108.5
1 0 19.8320580016884 11.264313316689115 -117.5
1 1 18.401659884511993 11.040672672862819 -108.0
9692
-------------------New----------------
0 0 2.0327170942146378 117.42649163608917 118.5
0 1 5.8699540323389225 117.29519697058277 108.5
1 0 92.03758964285689 114.36485002492229 -117.5
1 1 88.43461956151802 114.48640437346617 -108.0
9693
-------------------New----------------
0 0 29.421436964974607 23.233216541506657 118.5
0 1 30.568946520627655 23.448448697734413 108.5
1 0 56.57452968131584 28.265184335210176 -117.5
1 1 55.477237007454995 28.069994502341636 -108.0
9709
-------------------New----------------
0 0 -95.86042938738069 -34.093220188745036 118.5
0 1 -95.96747125871086 -32.51284387040391 108.5
1 0 -98.43713142654973 3.24324771109736 -117.5
1 1 -98.3302306329822 1.7387674796328103 -108.0
9711
-------------------New----------------
0 0 40.22887480521051 -40.51114390927277 118.5
0 1 38.197704050629305 -43.25690288237895 108.5
1 0 -7.762217606902878 -105.18838859589994 -117.5
1 1 -5.834084445092549 -102.58270808819233 -108.0
9724
-------------------New----------------
0 0 -92.42967250784099 5.292275335580743 118.5
0 1 -92.97013417823243 -0.14183537291656628 108.5
1 0 -105.0643209448601 -122.80880829902796 -117.5
1 1 -104.53947532823506 -117.658253050404 -108.0
9726
-------------------New----------------
0 0 63.353811996299484 60.06273448463806 118.5
0 1 63.43402225301653 55.26717169832428 108.5
1 0 65.39364595205305 -53.31041263598381 -117.5
1 1 65.31792349343625 -48.74339700950944 -108.0
9730
-------------------New----------------
0 0 20.12133162247662 -57.40207562897442 118.5
0 1 18.031350852886213 -58.793233925986115 108.5
1 0 -28.932456543139523 -90.81551310216942 -117.5
1 1 -26.962322834779563 -89.4591883853877 -108.0
9731
-------------------New----------------
0 0 57.382981345457395 -82.97521996694219 118.5
0 1 53.25174038364211 -81.2236154160051 108.5
1 0 -40.101463370398605 -41.5893018460303 -117.5
1 1 -36.18371803944827 -43.26376906836355 -108.0
9737
-------------------New----------------
0 0 64.92653474568282 46.93140919305729 118.5
0 1 61.61545507267025 43.198716659532344 108.5
1 0 -13.172730392526223 -41.09004316726603 -117.5
1 1 -10.029423496467675 -37.54637956269815 -108.0
9747
-------------------New----------------
0 0 31.683060858071634 38.503011312640375 118.5
0 1 29.263471263038678 34.809133102934126 108.5
1 0 -25.406088821217867 -48.676111700711495 -117.5
1 1 -23.108517295885896 -45.16717919860371 -108.0
9748
-------------------New----------------
0 0 58.2984433953214 70.57753994492201 118.5
0 1 56.705681816490255 70.67225950179413 108.5
1 0 20.69097940329362 72.77672237708356 -117.5
1 1 22.204967554419813 72.6910184316005 -108.0
9750
-------------------New----------------
0 0 0.6057319760812152 -35.3534673018337 118.5
0 1 -2.5414519007745566 -29.136238703344482 108.5
1 0 -73.76717605068478 111.34508188946226 -117.5
1 1 -70.77379133523007 105.44056212963513 -108.0
9752
-------------------New----------------
0 0 22.449226417796105 88.01298934919058 118.5
0 1 23.3578037424791 88.10730560934651 108.5
1 0 44.076687767784634 90.59770165883887 -117.5
1 1 43.19261868369221 90.44866262065922 -108.0
9757
-------------------New----------------
0 0 33.881186430680586 50.547607971761195 118.5
0 1 37.148484044879055 45.9770932065378 108.5
1 0 111.01105694122495 -57.32204571381902 -117.5
1 1 107.90593274859054 -52.97928116710837 -108.0
9760
-------------------New----------------
0 0 -77.03821161272609 77.87241053919392 118.5
0 1 -74.9330775219459 77.18864881005607 108.5
1 0 -27.357520882124334 61.7458198298012 -117.5
1 1 -29.35753435003507 62.395032984965816 -108.0
9762
-------------------New----------------
0 0 -101.156254864229 -50.23089633015476 118.5
0 1 -99.53821932685858 -52.01571856975045 108.5
1 0 -62.987811406653464 -92.3970858200673 -117.5
1 1 -64.52358903325144 -90.70092526645718 -108.0
9764
-------------------New----------------
0 0 -43.19358071894161 -19.522926459228252 118.5
0 1 -44.23903637547833 -18.297060757304255 108.5
1 0 -67.90200282696478 9.379498430773282 -117.5
1 1 -66.90673642410322 8.216091621460075 -108.0
9768
-------------------New----------------
0 0 -47.14435002364103 -19.229783593716295 118.5
0 1 -46.154863929279536 -17.014958530582128 108.5
1 0 -23.80511473956055 33.04038528445288 -117.5
1 1 -24.744112940655647 30.935045297918613 -108.0
9770
-------------------New----------------
0 0 -79.8326895875513 -28.44077808994072 118.5
0 1 -78.69116513839542 -29.295855943393452 108.5
1 0 -52.915066689932395 -48.65602730210671 -117.5
1 1 -53.99733384242995 -47.842661575462024 -108.0
9771
-------------------New----------------
0 0 -19.9898215834859 -1.4348237213869894 118.5
0 1 -17.382296711686713 1.1374115036813206 108.5
1 0 41.56031701325041 59.26675136547898 -117.5
1 1 39.08322464933232 56.826385827615084 -108.0
9775
-------------------New----------------
0 0 34.37536865757706 -9.566780659711316 118.5
0 1 29.725569487504924 -10.45864953956352 108.5
1 0 -75.33162808904231 -30.61595560078363 -117.5
1 1 -70.91271928157684 -29.77029023469779 -108.0
9782
-------------------New----------------
0 0 -94.57170807201777 9.466563716256031 118.5
0 1 -94.60411391641884 11.535576101369612 108.5
1 0 -95.37070420829858 58.37412195804016 -117.5
1 1 -95.33971631240368 56.4021960315185 -108.0
9783
-------------------New----------------
0 0 37.40254484856824 -63.13260362200956 118.5
0 1 35.51761068037452 -65.21759415397207 108.5
1 0 -7.406441060438384 -112.45558107484393 -117.5
1 1 -5.587799363926624 -110.47177142506283 -108.0
9784
-------------------New----------------
0 0 -52.253322002802065 4.748734343748037 118.5
0 1 -48.575478046564385 7.962507491770739 108.5
1 0 34.419855189555804 80.54367829787863 -117.5
1 1 30.934381994088177 77.49731504786993 -108.0
9785
-------------------New----------------
0 0 33.04261763099499 -6.688365114620967 118.5
0 1 27.51594719857286 -11.398007723538575 108.5
1 0 -97.53163998678579 -117.94671133044635 -117.5
1 1 -92.2721039162225 -113.46174529478257 -108.0
9788
-------------------New----------------
0 0 -58.13684816110354 -30.984833643613264 118.5
0 1 -60.35395081732778 -34.00972905336984 108.5
1 0 -110.50384277954674 -102.36740299158954 -117.5
1 1 -108.39469201298046 -99.49286423973192 -108.0
9791
-------------------New----------------
0 0 -60.34636603009676 -23.83940477424454 118.5
0 1 -60.00878506071582 -20.845872966467713 108.5
1 0 -52.391358288053496 46.94335278667594 -117.5
1 1 -52.71208014236299 44.091160396834994 -108.0
9794
-------------------New----------------
0 0 -49.84585310873463 115.32856395371292 118.5
0 1 -48.40600178727793 115.81136419313262 108.5
1 0 -15.82419538213487 126.68460424495113 -117.5
1 1 -17.195784356260422 126.22977527404949 -108.0
9805
-------------------New----------------
0 0 -48.77654448514897 62.634023934653 118.5
0 1 -49.28365092956237 64.74846719637756 108.5
1 0 -60.76532040265024 112.53909597745294 -117.5
1 1 -60.28144604442845 110.53052956205374 -108.0
9816
-------------------New----------------
0 0 5.356512372790097 80.22856764959677 118.5
0 1 3.8638440665423617 79.43741835438719 108.5
1 0 -29.874604641796445 61.58047915868758 -117.5
1 1 -28.455080494977373 62.33092239161472 -108.0
9818
-------------------New----------------
0 0 102.50640532669368 2.7257529850460465 118.5
0 1 101.35931834014269 6.884407319836578 108.5
1 0 75.44653331923651 100.89419087061647 -117.5
1 1 76.53378299809211 96.94300023574404 -108.0
9821
-------------------New----------------
0 0 1.4018354074819348 18.005773640304817 118.5
0 1 3.545260975287468 17.889827898677893 108.5
1 0 51.99312066882559 15.267853711164832 -117.5
1 1 49.95604671255815 15.378423653353783 -108.0
9833
-------------------New----------------
0 0 -91.47974462377718 40.8710887791572 118.5
0 1 -90.40123117083371 37.364396859015415 108.5
1 0 -66.01595280619662 -41.91027403419747 -117.5
1 1 -67.04109889556686 -38.57721907389737 -108.0
9834
-------------------New----------------
0 0 -15.691298052053128 -29.820645910999417 118.5
0 1 -19.900948513721914 -27.182404270523033 108.5
1 0 -115.08323191574759 32.55292509469323 -117.5
1 1 -111.07994941570237 30.03890091576455 -108.0
9837
-------------------New----------------
0 0 -70.65054804991283 -18.318543237875453 118.5
0 1 -72.73992216412515 -19.985017010554404 108.5
1 0 -120.13043729218899 -57.817880086123466 -117.5
1 1 -118.14205661674164 -56.18587041197795 -108.0
9844
-------------------New----------------
0 0 -88.8895399041152 34.29625330282015 118.5
0 1 -89.49710783612076 28.37596367036146 108.5
1 0 -103.25228133360409 -105.40936428412991 -117.5
1 1 -102.67233720779791 -99.78619815213833 -108.0
9847
-------------------New----------------
0 0 52.39241878766461 47.68794886687635 118.5
0 1 52.82228297716654 48.78449871317484 108.5
1 0 62.5670380116862 73.58032628243384 -117.5
1 1 62.157084207970136 72.53745807083227 -108.0
9870
-------------------New----------------
0 0 39.717261450745816 -64.80251487087921 118.5
0 1 41.85299080953338 -62.755912705758305 108.5
1 0 90.1755482266056 -16.550742290571176 -117.5
1 1 88.14428500390065 -18.491089362917304 -108.0
9880
-------------------New----------------
0 0 -49.445029639058696 33.22729303136696 118.5
0 1 -50.49715422525641 33.380813964704345 108.5
1 0 -74.27467235191253 36.777235800397705 -117.5
1 1 -73.2785825341719 36.63581246530509 -108.0
9884
-------------------New----------------
0 0 -23.934515139303006 -52.55499570210003 118.5
0 1 -18.41247607134317 -55.0743479867966 108.5
1 0 106.41798496589031 -111.87286486155021 -117.5
1 1 101.18582557355197 -109.48460693406776 -108.0
9887
-------------------New----------------
0 0 100.9845176459033 -20.61091192956837 118.5
0 1 100.8737536108696 -24.662506309976273 108.5
1 0 98.38829015450195 -116.24003526698168 -117.5
1 1 98.49162789242048 -112.39112697721744 -108.0
9895
-------------------New----------------
0 0 51.81095830525995 -77.21765429688365 118.5
0 1 53.78256405398457 -75.52920138445698 108.5
1 0 98.3127939191757 -37.36399858364324 -117.5
1 1 96.44031730433294 -38.970950327230334 -108.0
9897
-------------------New----------------
0 0 15.21248357264428 39.45851119448504 118.5
0 1 11.780946873837419 41.317420268616445 108.5
1 0 -65.78729572402462 83.33077989848424 -117.5
1 1 -62.52584877971592 81.56466645092428 -108.0
9898
-------------------New----------------
0 0 -20.44707548418534 57.74414926835548 118.5
0 1 -21.112453640863244 57.84998997749718 108.5
1 0 -36.09041308332577 60.20989989027912 -117.5
1 1 -35.458242683809374 60.11609741293307 -108.0
9927
-------------------New----------------
0 0 8.743606395059405 16.567705344983995 118.5
0 1 7.8862402633535895 20.206167528608148 108.5
1 0 -11.58548808874723 102.65437751453774 -117.5
1 1 -10.760695047160011 99.18875762580832 -108.0
9941
-------------------New----------------
0 0 -17.591420700830056 -34.345286841831594 118.5
0 1 -14.184921539842245 -34.78574769662941 108.5
1 0 62.82220188974617 -44.640139317786414 -117.5
1 1 59.58465153990242 -44.23298528181633 -108.0
9946
-------------------New----------------
0 0 -59.48798593258226 -59.74904596711339 118.5
0 1 -58.79628849154308 -59.06854783659486 108.5
1 0 -43.155063305425685 -43.710266957571356 -117.5
1 1 -43.813665059145414 -44.3586088957711 -108.0
9952
-------------------New----------------
0 0 -85.32920998270005 12.035269567701253 118.5
0 1 -84.30650575932222 13.327816387654241 108.5
1 0 -61.359413114631785 42.53224686094279 -117.5
1 1 -62.32545217059559 41.303552578790445 -108.0
9953
-------------------New----------------
0 0 -99.3248224306352 81.2335003974034 118.5
0 1 -98.02332954598008 82.05103002186146 108.5
1 0 -68.59081069198166 100.52760363642321 -117.5
1 1 -69.82817298529031 99.75065496939824 -108.0
9957
-------------------New----------------
0 0 33.61888583538502 -73.70888817845072 118.5
0 1 34.69019617323952 -70.9806378419286 108.5
1 0 58.84527927578985 -9.454971024925362 -117.5
1 1 57.833205498054646 -12.037704827595785 -108.0
9969
-------------------New----------------
0 0 54.98544668869671 -28.123541568990476 118.5
0 1 54.51274248702181 -26.341443286549683 108.5
1 0 43.59644351728292 13.44419939553217 -117.5
1 1 44.05442089052067 11.797125650346537 -108.0
9975
-------------------New----------------
0 0 16.193748904873313 97.8153050495507 118.5
0 1 17.140352896790915 102.1736743615315 108.5
1 0 -49.44035395626965 113.04935251963146 -117.5
1 1 -45.860506610790104 111.1304037480824 -108.0
9988
-------------------New----------------
0 0 46.68855629485464 41.880832128416515 118.5
0 1 45.92976472339893 44.722880231214546 108.5
1 0 28.774329087169413 108.93810702720309 -117.5
1 1 29.49362406490821 106.23712096626332 -108.0
9990
-------------------New----------------
0 0 -9.654065870032174 28.452645237018977 118.5
0 1 -9.175064990783506 28.008742668457256 108.5
1 0 1.566039117358028 17.77604761332479 -117.5
1 1 1.1096419609270094 18.198163290043674 -108.0
9994
-------------------New----------------
0 0 22.466221858647405 86.7715896397584 118.5
0 1 26.09060144620266 84.20838580841036 108.5
1 0 107.83126140145698 26.272585884356328 -117.5
1 1 104.37913494960722 28.709516065738285 -108.0
5682 events has been processed trough the script makeHLTuple.py
[CORRECT] makeHLTuple done.
[INFO] Running POCA...
Iniciando POCA (python entered)
basic libraries imported
[CORRECT] ----- ALL LIBRARIES successfully imported
Volume: [-128.0,128.0] x [-128.0,128.0] x [-128.0,128.0] cm
Grid:   128 x 128 x 128 voxels
Voxel size: 2.000 x 2.000 x 2.000 cm
[INFO] ----- Current: Voxelization of POCA points...
POCA aplicado. Eventos tras filtro: 345
[CORRECT] POCA results saved to: /gpfs/users/dominguezs/Muography_Denoising/MuonGeneration/data/post_POCA_data/POCA_2D_Lpx256_Lpy256_Lpz256_npx128_npy128_npz128_zTop118_zBot-118_spacing1_ratio1_FontX8_FontY8_matlead_wordMUON_stroke1_seed3.npy
[CORRECT] POCA done.
[CORRECT] Job finished: 2D_Lpx256_Lpy256_Lpz256_npx128_npy128_npz128_zTop118_zBot-118_spacing1_ratio1_FontX8_FontY8_matlead_wordMUON_stroke1 | seed=3
