[INFO] Job started: 2D_Lpx256_Lpy256_Lpz256_npx128_npy128_npz128_zTop118_zBot-118_spacing1_ratio1_FontX8_FontY8_matlead_wordMUON_stroke1 | seed=7
[INFO] Running Geant4 simulation...
[1;34m ____  _____  __  __  __  __  __    ___    __    ____     ___  ____  __  __  __  __  __      __   ____  _____  ____   
(_  _)(  _  )(  \/  )(  )(  )(  )  / __)  /__\  (  _ \   / __)(_  _)(  \/  )(  )(  )(  )    /__\ (_  _)(  _  )(  _ \  
  )(   )(_)(  )    (  )(__)(  )(__( (_-. /(__)\  )(_) )  \__ \ _)(_  )    (  )(__)(  )(__  /(__)\  )(   )(_)(  )   /  
 (__) (_____)(_/\/\_)(______)(____)\___/(__)(__)(____/   (___/(____)(_/\/\_)(______)(____)(__)(__)(__) (_____)(_)\_)  
[0m

**************************************************************
 Geant4 version Name: geant4-11-02-patch-01 [MT]   (16-February-2024)
                       Copyright : Geant4 Collaboration
                      References : NIM A 506 (2003), 250-303
                                 : IEEE-TNS 53 (2006), 270-278
                                 : NIM A 835 (2016), 186-225
                             WWW : http://geant4.org/
**************************************************************

DEBUG: Lectura de archivo completada. Iniciando parser...
DEBUG: Parser exitoso. Accediendo a los datos...
DEBUG: Mundo y detectores cargados correctamente.
[1;34mLoaded 88 voxels from JSON configuration file.[0m
DEBUG: Constructor finalizado con éxito.
[1;34m---------------------------------------Geometry information-----------------------------------[0m
[1;34mThe loaded geometry is as follows: 
[1;34mThe world is contained in [-128, 128]x[-128, 128]x[-256, 256]
[1;34mDetector[0m
[1;34mLocation x: 0, y: 0, z: 118
[1;34mRotation x: 0, y: 0, z: 0
[1;34mSizes x: 256, y: 256, z: 20
[1;34mNumber of layers 2
[1;34mLayer[0m
[1;34mLocation x: 0, y: 0, z: 0
[1;34mRotation x: 0, y: 0, z: 0
[1;34mSizes x: 256, y: 256, z: 1
[0m
[1;34mLayer[0m
[1;34mLocation x: 0, y: 0, z: -10
[1;34mRotation x: 0, y: 0, z: 0
[1;34mSizes x: 256, y: 256, z: 1
[0m
[0m
[1;34mDetector[0m
[1;34mLocation x: 0, y: 0, z: -118
[1;34mRotation x: 0, y: 0, z: 0
[1;34mSizes x: 256, y: 256, z: 20
[1;34mNumber of layers 2
[1;34mLayer[0m
[1;34mLocation x: 0, y: 0, z: 0
[1;34mRotation x: 0, y: 0, z: 0
[1;34mSizes x: 256, y: 256, z: 1
[0m
[1;34mLayer[0m
[1;34mLocation x: 0, y: 0, z: 10
[1;34mRotation x: 0, y: 0, z: 0
[1;34mSizes x: 256, y: 256, z: 1
[0m
[0m
[1;34mNumber of voxels: 88[0m
  Voxel 0  pos=(-33, -7, -6) cm  xSize=2 cm  ySize=2 cm  zSize=4 cm  mat=lead
  Voxel 1  pos=(-33, -5, -6) cm  xSize=2 cm  ySize=2 cm  zSize=4 cm  mat=lead
  Voxel 2  pos=(-33, -3, -6) cm  xSize=2 cm  ySize=2 cm  zSize=4 cm  mat=lead
  Voxel 3  pos=(-33, -1, -6) cm  xSize=2 cm  ySize=2 cm  zSize=4 cm  mat=lead
  Voxel 4  pos=(-33, 1, -6) cm  xSize=2 cm  ySize=2 cm  zSize=4 cm  mat=lead
  Voxel 5  pos=(-33, 3, -6) cm  xSize=2 cm  ySize=2 cm  zSize=4 cm  mat=lead
  Voxel 6  pos=(-33, 5, -6) cm  xSize=2 cm  ySize=2 cm  zSize=4 cm  mat=lead
  Voxel 7  pos=(-33, 7, -6) cm  xSize=2 cm  ySize=2 cm  zSize=4 cm  mat=lead
  Voxel 8  pos=(-31, 5, -6) cm  xSize=2 cm  ySize=2 cm  zSize=4 cm  mat=lead
  Voxel 9  pos=(-29, 3, -6) cm  xSize=2 cm  ySize=2 cm  zSize=4 cm  mat=lead
  Voxel 10  pos=(-27, 1, -6) cm  xSize=2 cm  ySize=2 cm  zSize=4 cm  mat=lead
  Voxel 11  pos=(-25, 1, -6) cm  xSize=2 cm  ySize=2 cm  zSize=4 cm  mat=lead
  Voxel 12  pos=(-23, 3, -6) cm  xSize=2 cm  ySize=2 cm  zSize=4 cm  mat=lead
  Voxel 13  pos=(-21, 5, -6) cm  xSize=2 cm  ySize=2 cm  zSize=4 cm  mat=lead
  Voxel 14  pos=(-19, -7, -6) cm  xSize=2 cm  ySize=2 cm  zSize=4 cm  mat=lead
  Voxel 15  pos=(-19, -5, -6) cm  xSize=2 cm  ySize=2 cm  zSize=4 cm  mat=lead
  Voxel 16  pos=(-19, -3, -6) cm  xSize=2 cm  ySize=2 cm  zSize=4 cm  mat=lead
  Voxel 17  pos=(-19, -1, -6) cm  xSize=2 cm  ySize=2 cm  zSize=4 cm  mat=lead
  Voxel 18  pos=(-19, 1, -6) cm  xSize=2 cm  ySize=2 cm  zSize=4 cm  mat=lead
  Voxel 19  pos=(-19, 3, -6) cm  xSize=2 cm  ySize=2 cm  zSize=4 cm  mat=lead
  Voxel 20  pos=(-19, 5, -6) cm  xSize=2 cm  ySize=2 cm  zSize=4 cm  mat=lead
  Voxel 21  pos=(-19, 7, -6) cm  xSize=2 cm  ySize=2 cm  zSize=4 cm  mat=lead
  Voxel 22  pos=(-15, -5, -6) cm  xSize=2 cm  ySize=2 cm  zSize=4 cm  mat=lead
  Voxel 23  pos=(-15, -3, -6) cm  xSize=2 cm  ySize=2 cm  zSize=4 cm  mat=lead
  Voxel 24  pos=(-15, -1, -6) cm  xSize=2 cm  ySize=2 cm  zSize=4 cm  mat=lead
  Voxel 25  pos=(-15, 1, -6) cm  xSize=2 cm  ySize=2 cm  zSize=4 cm  mat=lead
  Voxel 26  pos=(-15, 3, -6) cm  xSize=2 cm  ySize=2 cm  zSize=4 cm  mat=lead
  Voxel 27  pos=(-15, 5, -6) cm  xSize=2 cm  ySize=2 cm  zSize=4 cm  mat=lead
  Voxel 28  pos=(-15, 7, -6) cm  xSize=2 cm  ySize=2 cm  zSize=4 cm  mat=lead
  Voxel 29  pos=(-13, -7, -6) cm  xSize=2 cm  ySize=2 cm  zSize=4 cm  mat=lead
  Voxel 30  pos=(-11, -7, -6) cm  xSize=2 cm  ySize=2 cm  zSize=4 cm  mat=lead
  Voxel 31  pos=(-9, -7, -6) cm  xSize=2 cm  ySize=2 cm  zSize=4 cm  mat=lead
  Voxel 32  pos=(-7, -7, -6) cm  xSize=2 cm  ySize=2 cm  zSize=4 cm  mat=lead
  Voxel 33  pos=(-5, -7, -6) cm  xSize=2 cm  ySize=2 cm  zSize=4 cm  mat=lead
  Voxel 34  pos=(-3, -7, -6) cm  xSize=2 cm  ySize=2 cm  zSize=4 cm  mat=lead
  Voxel 35  pos=(-1, -5, -6) cm  xSize=2 cm  ySize=2 cm  zSize=4 cm  mat=lead
  Voxel 36  pos=(-1, -3, -6) cm  xSize=2 cm  ySize=2 cm  zSize=4 cm  mat=lead
  Voxel 37  pos=(-1, -1, -6) cm  xSize=2 cm  ySize=2 cm  zSize=4 cm  mat=lead
  Voxel 38  pos=(-1, 1, -6) cm  xSize=2 cm  ySize=2 cm  zSize=4 cm  mat=lead
  Voxel 39  pos=(-1, 3, -6) cm  xSize=2 cm  ySize=2 cm  zSize=4 cm  mat=lead
  Voxel 40  pos=(-1, 5, -6) cm  xSize=2 cm  ySize=2 cm  zSize=4 cm  mat=lead
  Voxel 41  pos=(-1, 7, -6) cm  xSize=2 cm  ySize=2 cm  zSize=4 cm  mat=lead
  Voxel 42  pos=(3, -5, -6) cm  xSize=2 cm  ySize=2 cm  zSize=4 cm  mat=lead
  Voxel 43  pos=(3, -3, -6) cm  xSize=2 cm  ySize=2 cm  zSize=4 cm  mat=lead
  Voxel 44  pos=(3, -1, -6) cm  xSize=2 cm  ySize=2 cm  zSize=4 cm  mat=lead
  Voxel 45  pos=(3, 1, -6) cm  xSize=2 cm  ySize=2 cm  zSize=4 cm  mat=lead
  Voxel 46  pos=(3, 3, -6) cm  xSize=2 cm  ySize=2 cm  zSize=4 cm  mat=lead
  Voxel 47  pos=(3, 5, -6) cm  xSize=2 cm  ySize=2 cm  zSize=4 cm  mat=lead
  Voxel 48  pos=(5, -7, -6) cm  xSize=2 cm  ySize=2 cm  zSize=4 cm  mat=lead
  Voxel 49  pos=(5, 7, -6) cm  xSize=2 cm  ySize=2 cm  zSize=4 cm  mat=lead
  Voxel 50  pos=(7, -7, -6) cm  xSize=2 cm  ySize=2 cm  zSize=4 cm  mat=lead
  Voxel 51  pos=(7, 7, -6) cm  xSize=2 cm  ySize=2 cm  zSize=4 cm  mat=lead
  Voxel 52  pos=(9, -7, -6) cm  xSize=2 cm  ySize=2 cm  zSize=4 cm  mat=lead
  Voxel 53  pos=(9, 7, -6) cm  xSize=2 cm  ySize=2 cm  zSize=4 cm  mat=lead
  Voxel 54  pos=(11, -7, -6) cm  xSize=2 cm  ySize=2 cm  zSize=4 cm  mat=lead
  Voxel 55  pos=(11, 7, -6) cm  xSize=2 cm  ySize=2 cm  zSize=4 cm  mat=lead
  Voxel 56  pos=(13, -7, -6) cm  xSize=2 cm  ySize=2 cm  zSize=4 cm  mat=lead
  Voxel 57  pos=(13, 7, -6) cm  xSize=2 cm  ySize=2 cm  zSize=4 cm  mat=lead
  Voxel 58  pos=(15, -7, -6) cm  xSize=2 cm  ySize=2 cm  zSize=4 cm  mat=lead
  Voxel 59  pos=(15, 7, -6) cm  xSize=2 cm  ySize=2 cm  zSize=4 cm  mat=lead
  Voxel 60  pos=(17, -5, -6) cm  xSize=2 cm  ySize=2 cm  zSize=4 cm  mat=lead
  Voxel 61  pos=(17, -3, -6) cm  xSize=2 cm  ySize=2 cm  zSize=4 cm  mat=lead
  Voxel 62  pos=(17, -1, -6) cm  xSize=2 cm  ySize=2 cm  zSize=4 cm  mat=lead
  Voxel 63  pos=(17, 1, -6) cm  xSize=2 cm  ySize=2 cm  zSize=4 cm  mat=lead
  Voxel 64  pos=(17, 3, -6) cm  xSize=2 cm  ySize=2 cm  zSize=4 cm  mat=lead
  Voxel 65  pos=(17, 5, -6) cm  xSize=2 cm  ySize=2 cm  zSize=4 cm  mat=lead
  Voxel 66  pos=(21, -7, -6) cm  xSize=2 cm  ySize=2 cm  zSize=4 cm  mat=lead
  Voxel 67  pos=(21, -5, -6) cm  xSize=2 cm  ySize=2 cm  zSize=4 cm  mat=lead
  Voxel 68  pos=(21, -3, -6) cm  xSize=2 cm  ySize=2 cm  zSize=4 cm  mat=lead
  Voxel 69  pos=(21, -1, -6) cm  xSize=2 cm  ySize=2 cm  zSize=4 cm  mat=lead
  Voxel 70  pos=(21, 1, -6) cm  xSize=2 cm  ySize=2 cm  zSize=4 cm  mat=lead
  Voxel 71  pos=(21, 3, -6) cm  xSize=2 cm  ySize=2 cm  zSize=4 cm  mat=lead
  Voxel 72  pos=(21, 5, -6) cm  xSize=2 cm  ySize=2 cm  zSize=4 cm  mat=lead
  Voxel 73  pos=(21, 7, -6) cm  xSize=2 cm  ySize=2 cm  zSize=4 cm  mat=lead
  Voxel 74  pos=(23, 5, -6) cm  xSize=2 cm  ySize=2 cm  zSize=4 cm  mat=lead
  Voxel 75  pos=(25, 3, -6) cm  xSize=2 cm  ySize=2 cm  zSize=4 cm  mat=lead
  Voxel 76  pos=(27, 1, -6) cm  xSize=2 cm  ySize=2 cm  zSize=4 cm  mat=lead
  Voxel 77  pos=(29, -1, -6) cm  xSize=2 cm  ySize=2 cm  zSize=4 cm  mat=lead
  Voxel 78  pos=(31, -3, -6) cm  xSize=2 cm  ySize=2 cm  zSize=4 cm  mat=lead
  Voxel 79  pos=(33, -5, -6) cm  xSize=2 cm  ySize=2 cm  zSize=4 cm  mat=lead
  Voxel 80  pos=(35, -7, -6) cm  xSize=2 cm  ySize=2 cm  zSize=4 cm  mat=lead
  Voxel 81  pos=(35, -5, -6) cm  xSize=2 cm  ySize=2 cm  zSize=4 cm  mat=lead
  Voxel 82  pos=(35, -3, -6) cm  xSize=2 cm  ySize=2 cm  zSize=4 cm  mat=lead
  Voxel 83  pos=(35, -1, -6) cm  xSize=2 cm  ySize=2 cm  zSize=4 cm  mat=lead
  Voxel 84  pos=(35, 1, -6) cm  xSize=2 cm  ySize=2 cm  zSize=4 cm  mat=lead
  Voxel 85  pos=(35, 3, -6) cm  xSize=2 cm  ySize=2 cm  zSize=4 cm  mat=lead
  Voxel 86  pos=(35, 5, -6) cm  xSize=2 cm  ySize=2 cm  zSize=4 cm  mat=lead
  Voxel 87  pos=(35, 7, -6) cm  xSize=2 cm  ySize=2 cm  zSize=4 cm  mat=lead
[0m
G4VUserPhysicsList::SetVerboseLevel  : Verbose level is set to 3
List of instantiated particles ============================================
GenericIon He3 alpha anti_He3 anti_alpha anti_deuteron anti_doublehyperH4 anti_doublehyperdoubleneutron anti_hyperH4 anti_hyperHe5 
anti_hyperalpha anti_hypertriton anti_kaon0 anti_lambda anti_neutron anti_nu_e anti_nu_mu anti_omega- anti_proton anti_sigma0 
anti_triton anti_xi- anti_xi0 chargedgeantino deuteron doublehyperH4 doublehyperdoubleneutron e+ e- eta 
eta_prime gamma geantino hyperH4 hyperHe5 hyperalpha hypertriton kaon+ kaon- kaon0 
kaon0L kaon0S lambda mu+ mu- neutron nu_e nu_mu omega- pi+ 
pi- pi0 proton sigma+ sigma- sigma0 triton xi- xi0 
CRY::CRYSetup: Setting returnNeutrons to 0
CRY::CRYSetup: Setting returnProtons to 0
CRY::CRYSetup: Setting returnGammas to 0
CRY::CRYSetup: Setting date to 7-1-2012 (month-day-year)
CRY::CRYSetup: Setting latitude to 90
CRY::CRYSetup: Setting altitude to 0
CRY::CRYSetup: Setting subboxLength to 2.56
userDetector->Construct() start.
Creando los objetos
Checking overlaps for volume layerPhys_0_0:0 (G4Box) ... OK! 
Checking overlaps for volume layerPhys_0_1:0 (G4Box) ... 
-------- WWWW ------- G4Exception-START -------- WWWW -------
*** G4Exception : GeomVol1002
      issued by : G4PVPlacement::CheckOverlaps()
Overlap with mother volume !
          Overlap is detected for volume layerPhys_0_1:0 (G4Box) with its mother volume detector_0 (G4Box)
          protrusion at mother local point (833.379,-284.345,-105) by 5 mm  (max of 517 cases)
NOTE: Reached maximum fixed number -1- of overlaps reports for this volume !
*** This is just a warning message. ***
-------- WWWW -------- G4Exception-END --------- WWWW -------

Checking overlaps for volume detectorPhys_0:0 (G4Box) ... OK! 
Checking overlaps for volume layerPhys_1_0:0 (G4Box) ... OK! 
Checking overlaps for volume layerPhys_1_1:0 (G4Box) ... 
-------- WWWW ------- G4Exception-START -------- WWWW -------
*** G4Exception : GeomVol1002
      issued by : G4PVPlacement::CheckOverlaps()
Overlap with mother volume !
          Overlap is detected for volume layerPhys_1_1:0 (G4Box) with its mother volume detector_1 (G4Box)
          protrusion at mother local point (-950.771,574.296,105) by 5 mm  (max of 502 cases)
NOTE: Reached maximum fixed number -1- of overlaps reports for this volume !
*** This is just a warning message. ***
-------- WWWW -------- G4Exception-END --------- WWWW -------

Checking overlaps for volume detectorPhys_1:0 (G4Box) ... OK! 
worldLogical is registered to the default region.
physicsList->Construct() start.
G4VUserPhysicsList::Construct()
G4VUserPhysicsList::InitializeProcessManager: creating ProcessManager to GenericIon
G4VUserPhysicsList::InitializeProcessManager: creating ProcessManager to He3
G4VUserPhysicsList::InitializeProcessManager: creating ProcessManager to alpha
G4VUserPhysicsList::InitializeProcessManager: creating ProcessManager to anti_He3
G4VUserPhysicsList::InitializeProcessManager: creating ProcessManager to anti_alpha
G4VUserPhysicsList::InitializeProcessManager: creating ProcessManager to anti_deuteron
G4VUserPhysicsList::InitializeProcessManager: creating ProcessManager to anti_doublehyperH4
G4VUserPhysicsList::InitializeProcessManager: creating ProcessManager to anti_doublehyperdoubleneutron
G4VUserPhysicsList::InitializeProcessManager: creating ProcessManager to anti_hyperH4
G4VUserPhysicsList::InitializeProcessManager: creating ProcessManager to anti_hyperHe5
G4VUserPhysicsList::InitializeProcessManager: creating ProcessManager to anti_hyperalpha
G4VUserPhysicsList::InitializeProcessManager: creating ProcessManager to anti_hypertriton
G4VUserPhysicsList::InitializeProcessManager: creating ProcessManager to anti_kaon0
G4VUserPhysicsList::InitializeProcessManager: creating ProcessManager to anti_lambda
G4VUserPhysicsList::InitializeProcessManager: creating ProcessManager to anti_neutron
G4VUserPhysicsList::InitializeProcessManager: creating ProcessManager to anti_nu_e
G4VUserPhysicsList::InitializeProcessManager: creating ProcessManager to anti_nu_mu
G4VUserPhysicsList::InitializeProcessManager: creating ProcessManager to anti_omega-
G4VUserPhysicsList::InitializeProcessManager: creating ProcessManager to anti_proton
G4VUserPhysicsList::InitializeProcessManager: creating ProcessManager to anti_sigma0
G4VUserPhysicsList::InitializeProcessManager: creating ProcessManager to anti_triton
G4VUserPhysicsList::InitializeProcessManager: creating ProcessManager to anti_xi-
G4VUserPhysicsList::InitializeProcessManager: creating ProcessManager to anti_xi0
G4VUserPhysicsList::InitializeProcessManager: creating ProcessManager to chargedgeantino
G4VUserPhysicsList::InitializeProcessManager: creating ProcessManager to deuteron
G4VUserPhysicsList::InitializeProcessManager: creating ProcessManager to doublehyperH4
G4VUserPhysicsList::InitializeProcessManager: creating ProcessManager to doublehyperdoubleneutron
G4VUserPhysicsList::InitializeProcessManager: creating ProcessManager to e+
G4VUserPhysicsList::InitializeProcessManager: creating ProcessManager to e-
G4VUserPhysicsList::InitializeProcessManager: creating ProcessManager to eta
G4VUserPhysicsList::InitializeProcessManager: creating ProcessManager to eta_prime
G4VUserPhysicsList::InitializeProcessManager: creating ProcessManager to gamma
G4VUserPhysicsList::InitializeProcessManager: creating ProcessManager to geantino
G4VUserPhysicsList::InitializeProcessManager: creating ProcessManager to hyperH4
G4VUserPhysicsList::InitializeProcessManager: creating ProcessManager to hyperHe5
G4VUserPhysicsList::InitializeProcessManager: creating ProcessManager to hyperalpha
G4VUserPhysicsList::InitializeProcessManager: creating ProcessManager to hypertriton
G4VUserPhysicsList::InitializeProcessManager: creating ProcessManager to kaon+
G4VUserPhysicsList::InitializeProcessManager: creating ProcessManager to kaon-
G4VUserPhysicsList::InitializeProcessManager: creating ProcessManager to kaon0
G4VUserPhysicsList::InitializeProcessManager: creating ProcessManager to kaon0L
G4VUserPhysicsList::InitializeProcessManager: creating ProcessManager to kaon0S
G4VUserPhysicsList::InitializeProcessManager: creating ProcessManager to lambda
G4VUserPhysicsList::InitializeProcessManager: creating ProcessManager to mu+
G4VUserPhysicsList::InitializeProcessManager: creating ProcessManager to mu-
G4VUserPhysicsList::InitializeProcessManager: creating ProcessManager to neutron
G4VUserPhysicsList::InitializeProcessManager: creating ProcessManager to nu_e
G4VUserPhysicsList::InitializeProcessManager: creating ProcessManager to nu_mu
G4VUserPhysicsList::InitializeProcessManager: creating ProcessManager to omega-
G4VUserPhysicsList::InitializeProcessManager: creating ProcessManager to pi+
G4VUserPhysicsList::InitializeProcessManager: creating ProcessManager to pi-
G4VUserPhysicsList::InitializeProcessManager: creating ProcessManager to pi0
G4VUserPhysicsList::InitializeProcessManager: creating ProcessManager to proton
G4VUserPhysicsList::InitializeProcessManager: creating ProcessManager to sigma+
G4VUserPhysicsList::InitializeProcessManager: creating ProcessManager to sigma-
G4VUserPhysicsList::InitializeProcessManager: creating ProcessManager to sigma0
G4VUserPhysicsList::InitializeProcessManager: creating ProcessManager to triton
G4VUserPhysicsList::InitializeProcessManager: creating ProcessManager to xi-
G4VUserPhysicsList::InitializeProcessManager: creating ProcessManager to xi0
Construct processes 
G4PhysicsListHelper::AddTransportation()  
physicsList->CheckParticleList() start.
physicsList->setCut() start.
G4VUserPhysicsList::SetParticleCuts:   :1[mm] for gamma
G4VUserPhysicsList::SetParticleCuts:   :1[mm] for e-
G4VUserPhysicsList::SetParticleCuts:   :1[mm] for e+
G4VUserPhysicsList::SetParticleCuts:   :1[mm] for proton
G4VUserPhysicsList::SetDefaultCutValue:default cut value is changed to   :1[mm]
G4VUserPhysicsList::SetCuts:   
Cut for gamma: 1[mm]
Cut  for e-: 1[mm]
Cut  for e+: 1[mm]
Cut  for proton: 1[mm]
/
/layer_0_0   *** Active 
/layer_0_1   *** Active 
/layer_1_0   *** Active 
/layer_1_1   *** Active 
Visualization Manager instantiating with verbosity "warnings (3)"...
Visualization Manager initialising...
Registering graphics systems...

You have successfully registered the following graphics systems.
Registered graphics systems are:
  ASCIITree (ATree)
  DAWNFILE (DAWNFILE)
  G4HepRepFile (HepRepFile)
  RayTracer (RayTracer)
  VRML2FILE (VRML2FILE)
  gMocrenFile (gMocrenFile)
  TOOLSSG_OFFSCREEN (TSG_OFFSCREEN)
  TOOLSSG_OFFSCREEN (TSG_OFFSCREEN, TSG_FILE, TSG)
Default graphics system is: TSG_OFFSCREEN (based on batch session).
Default window size hint is: 600x600-0+0 (based on G4VisManager initialisation).
Note: Parameters specified on the command line will override these defaults.
      Use "vis/open" without parameters to get these defaults.

Registering model factories...

You have successfully registered the following model factories.
Registered model factories:
  generic
  drawByAttribute
  drawByCharge
  drawByOriginVolume
  drawByParticleID
  drawByEncounteredVolume

Registered models:
  None

Registered filter factories:
  attributeFilter
  chargeFilter
  originVolumeFilter
  particleFilter
  encounteredVolumeFilter

Registered filters:
  None

You have successfully registered the following user vis actions.
Run Duration User Vis Actions: none
End of Event User Vis Actions: none
End of Run User Vis Actions: none

Some /vis commands (optionally) take a string to specify colour.
"/vis/list" to see available colours.
Starging the party joder
Starging the party
G4ProductionCutsTable::UpdateCoupleTable() - Elapsed time for calculation of energy cuts: 
User=0.000000s Real=0.000062s Sys=0.000000s [Cpu=0.0%]
=======================================================================
======                 Electromagnetic Physics Parameters      ========
=======================================================================
LPM effect enabled                                 1
Enable creation and use of sampling tables         0
Apply cuts on all EM processes                     0
Use combined TransportationWithMsc                 Disabled
Use general process                                0
Enable linear polarisation for gamma               0
Enable photoeffect sampling below K-shell          1
Enable sampling of quantum entanglement            0
X-section factor for integral approach             0.8
Min kinetic energy for tables                      100 eV 
Max kinetic energy for tables                      100 TeV
Number of bins per decade of a table               7
Verbose level                                      1
Verbose level for worker thread                    0
Bremsstrahlung energy threshold above which 
  primary e+- is added to the list of secondary    100 TeV
Bremsstrahlung energy threshold above which primary
  muon/hadron is added to the list of secondary    100 TeV
Lowest triplet kinetic energy                      1 MeV
Enable sampling of gamma linear polarisation       0
5D gamma conversion model type                     0
5D gamma conversion model on isolated ion          0
Livermore data directory                           epics_2017
=======================================================================
======                 Ionisation Parameters                   ========
=======================================================================
Step function for e+-                              (0.2, 1 mm)
Step function for muons/hadrons                    (0.2, 0.1 mm)
Step function for light ions                       (0.2, 0.1 mm)
Step function for general ions                     (0.2, 0.1 mm)
Lowest e+e- kinetic energy                         1 keV
Lowest muon/hadron kinetic energy                  1 keV
Use ICRU90 data                                    0
Fluctuations of dE/dx are enabled                  1
Type of fluctuation model for leptons and hadrons  Universal
Use built-in Birks satuaration                     0
Build CSDA range enabled                           0
Use cut as a final range enabled                   0
Enable angular generator interface                 0
Max kinetic energy for CSDA tables                 1 GeV
Max kinetic energy for NIEL computation            0 eV 
Linear loss limit                                  0.01
Read data from file for e+e- pair production by mu 0
=======================================================================
======                 Multiple Scattering Parameters          ========
=======================================================================
Type of msc step limit algorithm for e+-           1
Type of msc step limit algorithm for muons/hadrons 0
Msc lateral displacement for e+- enabled           1
Msc lateral displacement for muons and hadrons     0
Urban msc model lateral displacement alg96         1
Range factor for msc step limit for e+-            0.04
Range factor for msc step limit for muons/hadrons  0.2
Geometry factor for msc step limitation of e+-     2.5
Safety factor for msc step limit for e+-           0.6
Skin parameter for msc step limitation of e+-      1
Lambda limit for msc step limit for e+-            1 mm
Use Mott correction for e- scattering              0
Factor used for dynamic computation of angular 
  limit between single and multiple scattering     1
Fixed angular limit between single 
  and multiple scattering                          3.1416 rad
Upper energy limit for e+- multiple scattering     100 MeV
Type of electron single scattering model           0
Type of nuclear form-factor                        1
Screening factor                                   1
=======================================================================
G4VUserPhysicsList::BuildPhysicsTable does not retrieve Cut Table but calculate 
G4VUserPhysicsList::BuildPhysicsTable  Calculate Physics Table for gamma
G4VUserPhysicsList::BuildPhysicsTable %%%%%% gamma
 ProcessManager : 0x2508eb0 ProcessManagerShadow : 0x2508eb0
  0 - Transportation
  1 - phot
  2 - compt
  3 - pol-compt
  4 - conv
--------------------------------------------------------------
  0 - Transportation
  1 - phot
  2 - compt
  3 - pol-compt
  4 - conv

phot:  for gamma SubType=12 BuildTable=0
      LambdaPrime table from 200 keV to 100 TeV in 61 bins 
      ===== EM models for the G4Region  DefaultRegionForTheWorld ======
       PhotoElectric : Emin=    0 eV  Emax=  100 TeV  SauterGavrila

compt:  for gamma SubType=13 BuildTable=1
      Lambda table from 100 eV  to 1 MeV, 7 bins/decade, spline: 1
      LambdaPrime table from 1 MeV to 100 TeV in 56 bins 
      ===== EM models for the G4Region  DefaultRegionForTheWorld ======
       Klein-Nishina : Emin=    0 eV  Emax=  100 TeV

pol-compt:  for gamma SubType=13 BuildTable=1
      Lambda table from 100 eV  to 1 MeV, 7 bins/decade, spline: 1
      LambdaPrime table from 1 MeV to 100 TeV in 56 bins 
      ===== EM models for the G4Region  DefaultRegionForTheWorld ======
   Polarized-Compton : Emin=    0 eV  Emax=  100 TeV

conv:  for gamma SubType=14 BuildTable=1
      Lambda table from 1.022 MeV to 100 TeV, 18 bins/decade, spline: 1
      ===== EM models for the G4Region  DefaultRegionForTheWorld ======
     BetheHeitlerLPM : Emin=    0 eV  Emax=  100 TeV  ModifiedTsai
G4VUserPhysicsList::BuildPhysicsTable  Calculate Physics Table for e-
G4VUserPhysicsList::BuildPhysicsTable %%%%%% e-
 ProcessManager : 0x25087c0 ProcessManagerShadow : 0x25087c0
  0 - Transportation
  1 - msc
  2 - eIoni
  3 - eBrem
--------------------------------------------------------------
  0 - Transportation
  1 - msc
  2 - eIoni
  3 - eBrem

msc:  for e-  SubType= 10
      ===== EM models for the G4Region  DefaultRegionForTheWorld ======
            UrbanMsc : Emin=    0 eV  Emax=  100 TeV Nbins=84 100 eV  - 100 TeV
          StepLim=UseSafety Rfact=0.04 Gfact=2.5 Sfact=0.6 DispFlag:1 Skin=1 Llim=1 mm

eIoni:  for e-  XStype:3  SubType=2
      dE/dx and range tables from 100 eV  to 100 TeV in 84 bins
      Lambda tables from threshold to 100 TeV, 7 bins/decade, spline: 1
      StepFunction=(0.2, 1 mm), integ: 3, fluct: 1, linLossLim= 0.01
      ===== EM models for the G4Region  DefaultRegionForTheWorld ======
        MollerBhabha : Emin=    0 eV  Emax=  100 TeV

eBrem:  for e-  XStype:4  SubType=3
      dE/dx and range tables from 100 eV  to 100 TeV in 84 bins
      Lambda tables from threshold to 100 TeV, 7 bins/decade, spline: 1
      LPM flag: 1 for E > 1 GeV,  VertexHighEnergyTh(GeV)= 100000
      ===== EM models for the G4Region  DefaultRegionForTheWorld ======
             eBremSB : Emin=    0 eV  Emax=    1 GeV  ModifiedTsai
            eBremLPM : Emin=    1 GeV Emax=  100 TeV  ModifiedTsai
G4VUserPhysicsList::BuildPhysicsTable  Calculate Physics Table for e+
G4VUserPhysicsList::BuildPhysicsTable %%%%%% e+
 ProcessManager : 0x2508570 ProcessManagerShadow : 0x2508570
  0 - Transportation
  1 - msc
  2 - eIoni
  3 - eBrem
  4 - annihil
--------------------------------------------------------------
  0 - Transportation
  1 - msc
  2 - eIoni
  3 - eBrem
  4 - annihil

msc:  for e+  SubType= 10
      ===== EM models for the G4Region  DefaultRegionForTheWorld ======
            UrbanMsc : Emin=    0 eV  Emax=  100 TeV Nbins=84 100 eV  - 100 TeV
          StepLim=UseSafety Rfact=0.04 Gfact=2.5 Sfact=0.6 DispFlag:1 Skin=1 Llim=1 mm

eIoni:  for e+  XStype:3  SubType=2
      dE/dx and range tables from 100 eV  to 100 TeV in 84 bins
      Lambda tables from threshold to 100 TeV, 7 bins/decade, spline: 1
      StepFunction=(0.2, 1 mm), integ: 3, fluct: 1, linLossLim= 0.01
      ===== EM models for the G4Region  DefaultRegionForTheWorld ======
        MollerBhabha : Emin=    0 eV  Emax=  100 TeV

eBrem:  for e+  XStype:4  SubType=3
      dE/dx and range tables from 100 eV  to 100 TeV in 84 bins
      Lambda tables from threshold to 100 TeV, 7 bins/decade, spline: 1
      LPM flag: 1 for E > 1 GeV,  VertexHighEnergyTh(GeV)= 100000
      ===== EM models for the G4Region  DefaultRegionForTheWorld ======
             eBremSB : Emin=    0 eV  Emax=    1 GeV  ModifiedTsai
            eBremLPM : Emin=    1 GeV Emax=  100 TeV  ModifiedTsai

annihil:  for e+ XStype:2 SubType=5 BuildTable=0
      ===== EM models for the G4Region  DefaultRegionForTheWorld ======
            eplus2gg : Emin=    0 eV  Emax=  100 TeV
G4VUserPhysicsList::BuildPhysicsTable  Calculate Physics Table for proton
G4VUserPhysicsList::BuildPhysicsTable %%%%%% proton
 ProcessManager : 0x250bf40 ProcessManagerShadow : 0x250bf40
  0 - Transportation
  1 - msc
  2 - hIoni
--------------------------------------------------------------
  0 - Transportation
  1 - msc
  2 - hIoni

msc:  for proton  SubType= 10
      ===== EM models for the G4Region  DefaultRegionForTheWorld ======
            UrbanMsc : Emin=    0 eV  Emax=  100 TeV Nbins=84 100 eV  - 100 TeV
          StepLim=Minimal Rfact=0.2 Gfact=2.5 Sfact=0.6 DispFlag:0 Skin=1 Llim=1 mm

hIoni:  for proton  XStype:3  SubType=2
      dE/dx and range tables from 100 eV  to 100 TeV in 84 bins
      Lambda tables from threshold to 100 TeV, 7 bins/decade, spline: 1
      StepFunction=(0.2, 0.1 mm), integ: 3, fluct: 1, linLossLim= 0.01
      ===== EM models for the G4Region  DefaultRegionForTheWorld ======
               Bragg : Emin=    0 eV  Emax=    2 MeV
          BetheBloch : Emin=    2 MeV Emax=  100 TeV
G4VUserPhysicsList::BuildPhysicsTable  Calculate Physics Table for GenericIon
G4VUserPhysicsList::BuildPhysicsTable %%%%%% GenericIon
 ProcessManager : 0x25005e0 ProcessManagerShadow : 0x25005e0
  0 - Transportation
  1 - msc
  2 - hIoni
--------------------------------------------------------------
  0 - Transportation
  1 - msc
  2 - hIoni

msc:  for GenericIon  SubType= 10
      ===== EM models for the G4Region  DefaultRegionForTheWorld ======
            UrbanMsc : Emin=    0 eV  Emax=  100 TeV
          StepLim=Minimal Rfact=0.2 Gfact=2.5 Sfact=0.6 DispFlag:0 Skin=1 Llim=1 mm

hIoni:  for GenericIon  XStype:3  SubType=2
      dE/dx and range tables from 100 eV  to 100 TeV in 84 bins
      Lambda tables from threshold to 100 TeV, 7 bins/decade, spline: 1
      StepFunction=(0.2, 0.1 mm), integ: 3, fluct: 1, linLossLim= 0.01
      ===== EM models for the G4Region  DefaultRegionForTheWorld ======
               Bragg : Emin=    0 eV  Emax=    2 MeV
          BetheBloch : Emin=    2 MeV Emax=  100 TeV
G4VUserPhysicsList::BuildPhysicsTable  Calculate Physics Table for He3
G4VUserPhysicsList::BuildPhysicsTable %%%%%% He3
 ProcessManager : 0x2504a10 ProcessManagerShadow : 0x2504a10
  0 - Transportation
  1 - msc
  2 - hIoni
--------------------------------------------------------------
  0 - Transportation
  1 - msc
  2 - hIoni
G4VUserPhysicsList::BuildPhysicsTable  Calculate Physics Table for alpha
G4VUserPhysicsList::BuildPhysicsTable %%%%%% alpha
 ProcessManager : 0x2504ba0 ProcessManagerShadow : 0x2504ba0
  0 - Transportation
  1 - msc
  2 - hIoni
--------------------------------------------------------------
  0 - Transportation
  1 - msc
  2 - hIoni

msc:  for alpha  SubType= 10
      ===== EM models for the G4Region  DefaultRegionForTheWorld ======
            UrbanMsc : Emin=    0 eV  Emax=  100 TeV
          StepLim=Minimal Rfact=0.2 Gfact=2.5 Sfact=0.6 DispFlag:0 Skin=1 Llim=1 mm

hIoni:  for alpha  XStype:3  SubType=2
      dE/dx and range tables from 100 eV  to 100 TeV in 84 bins
      Lambda tables from threshold to 100 TeV, 7 bins/decade, spline: 1
      StepFunction=(0.2, 0.1 mm), integ: 3, fluct: 1, linLossLim= 0.01
      ===== EM models for the G4Region  DefaultRegionForTheWorld ======
               Bragg : Emin=    0 eV  Emax=7.9452 MeV
          BetheBloch : Emin=7.9452 MeV Emax=  100 TeV
G4VUserPhysicsList::BuildPhysicsTable  Calculate Physics Table for anti_He3
G4VUserPhysicsList::BuildPhysicsTable %%%%%% anti_He3
 ProcessManager : 0x2504df0 ProcessManagerShadow : 0x2504df0
  0 - Transportation
  1 - msc
  2 - hIoni
--------------------------------------------------------------
  0 - Transportation
  1 - msc
  2 - hIoni
G4VUserPhysicsList::BuildPhysicsTable  Calculate Physics Table for anti_alpha
G4VUserPhysicsList::BuildPhysicsTable %%%%%% anti_alpha
 ProcessManager : 0x2505040 ProcessManagerShadow : 0x2505040
  0 - Transportation
  1 - msc
  2 - hIoni
--------------------------------------------------------------
  0 - Transportation
  1 - msc
  2 - hIoni
G4VUserPhysicsList::BuildPhysicsTable  Calculate Physics Table for anti_deuteron
G4VUserPhysicsList::BuildPhysicsTable %%%%%% anti_deuteron
 ProcessManager : 0x2505290 ProcessManagerShadow : 0x2505290
  0 - Transportation
  1 - msc
  2 - hIoni
--------------------------------------------------------------
  0 - Transportation
  1 - msc
  2 - hIoni
G4VUserPhysicsList::BuildPhysicsTable  Calculate Physics Table for anti_doublehyperH4
G4VUserPhysicsList::BuildPhysicsTable %%%%%% anti_doublehyperH4
 ProcessManager : 0x25054e0 ProcessManagerShadow : 0x25054e0
  0 - Transportation
  1 - Decay
  2 - msc
  3 - hIoni
--------------------------------------------------------------
  0 - Transportation
  1 - Decay
  2 - msc
  3 - hIoni
G4VUserPhysicsList::BuildPhysicsTable  Calculate Physics Table for anti_doublehyperdoubleneutron
G4VUserPhysicsList::BuildPhysicsTable %%%%%% anti_doublehyperdoubleneutron
 ProcessManager : 0x2505730 ProcessManagerShadow : 0x2505730
  0 - Transportation
  1 - Decay
--------------------------------------------------------------
  0 - Transportation
  1 - Decay
G4VUserPhysicsList::BuildPhysicsTable  Calculate Physics Table for anti_hyperH4
G4VUserPhysicsList::BuildPhysicsTable %%%%%% anti_hyperH4
 ProcessManager : 0x2505980 ProcessManagerShadow : 0x2505980
  0 - Transportation
  1 - Decay
  2 - msc
  3 - hIoni
--------------------------------------------------------------
  0 - Transportation
  1 - Decay
  2 - msc
  3 - hIoni
G4VUserPhysicsList::BuildPhysicsTable  Calculate Physics Table for anti_hyperHe5
G4VUserPhysicsList::BuildPhysicsTable %%%%%% anti_hyperHe5
 ProcessManager : 0x2505bd0 ProcessManagerShadow : 0x2505bd0
  0 - Transportation
  1 - Decay
  2 - msc
  3 - hIoni
--------------------------------------------------------------
  0 - Transportation
  1 - Decay
  2 - msc
  3 - hIoni
G4VUserPhysicsList::BuildPhysicsTable  Calculate Physics Table for anti_hyperalpha
G4VUserPhysicsList::BuildPhysicsTable %%%%%% anti_hyperalpha
 ProcessManager : 0x2505e20 ProcessManagerShadow : 0x2505e20
  0 - Transportation
  1 - Decay
  2 - msc
  3 - hIoni
--------------------------------------------------------------
  0 - Transportation
  1 - Decay
  2 - msc
  3 - hIoni
G4VUserPhysicsList::BuildPhysicsTable  Calculate Physics Table for anti_hypertriton
G4VUserPhysicsList::BuildPhysicsTable %%%%%% anti_hypertriton
 ProcessManager : 0x2506070 ProcessManagerShadow : 0x2506070
  0 - Transportation
  1 - Decay
  2 - msc
  3 - hIoni
--------------------------------------------------------------
  0 - Transportation
  1 - Decay
  2 - msc
  3 - hIoni
G4VUserPhysicsList::BuildPhysicsTable  Calculate Physics Table for anti_kaon0
G4VUserPhysicsList::BuildPhysicsTable %%%%%% anti_kaon0
 ProcessManager : 0x25062c0 ProcessManagerShadow : 0x25062c0
  0 - Transportation
  1 - Decay
--------------------------------------------------------------
  0 - Transportation
  1 - Decay
G4VUserPhysicsList::BuildPhysicsTable  Calculate Physics Table for anti_lambda
G4VUserPhysicsList::BuildPhysicsTable %%%%%% anti_lambda
 ProcessManager : 0x2506510 ProcessManagerShadow : 0x2506510
  0 - Transportation
  1 - Decay
--------------------------------------------------------------
  0 - Transportation
  1 - Decay
G4VUserPhysicsList::BuildPhysicsTable  Calculate Physics Table for anti_neutron
G4VUserPhysicsList::BuildPhysicsTable %%%%%% anti_neutron
 ProcessManager : 0x2506760 ProcessManagerShadow : 0x2506760
  0 - Transportation
  1 - Decay
--------------------------------------------------------------
  0 - Transportation
  1 - Decay
G4VUserPhysicsList::BuildPhysicsTable  Calculate Physics Table for anti_nu_e
G4VUserPhysicsList::BuildPhysicsTable %%%%%% anti_nu_e
 ProcessManager : 0x25069b0 ProcessManagerShadow : 0x25069b0
  0 - Transportation
--------------------------------------------------------------
  0 - Transportation
G4VUserPhysicsList::BuildPhysicsTable  Calculate Physics Table for anti_nu_mu
G4VUserPhysicsList::BuildPhysicsTable %%%%%% anti_nu_mu
 ProcessManager : 0x2506c00 ProcessManagerShadow : 0x2506c00
  0 - Transportation
--------------------------------------------------------------
  0 - Transportation
G4VUserPhysicsList::BuildPhysicsTable  Calculate Physics Table for anti_omega-
G4VUserPhysicsList::BuildPhysicsTable %%%%%% anti_omega-
 ProcessManager : 0x2506e50 ProcessManagerShadow : 0x2506e50
  0 - Transportation
  1 - Decay
  2 - msc
  3 - hIoni
--------------------------------------------------------------
  0 - Transportation
  1 - Decay
  2 - msc
  3 - hIoni
G4VUserPhysicsList::BuildPhysicsTable  Calculate Physics Table for anti_proton
G4VUserPhysicsList::BuildPhysicsTable %%%%%% anti_proton
 ProcessManager : 0x25070a0 ProcessManagerShadow : 0x25070a0
  0 - Transportation
  1 - msc
  2 - hIoni
--------------------------------------------------------------
  0 - Transportation
  1 - msc
  2 - hIoni

msc:  for anti_proton  SubType= 10
      ===== EM models for the G4Region  DefaultRegionForTheWorld ======
            UrbanMsc : Emin=    0 eV  Emax=  100 TeV Nbins=84 100 eV  - 100 TeV
          StepLim=Minimal Rfact=0.2 Gfact=2.5 Sfact=0.6 DispFlag:0 Skin=1 Llim=1 mm

hIoni:  for anti_proton  XStype:3  SubType=2
      dE/dx and range tables from 100 eV  to 100 TeV in 84 bins
      Lambda tables from threshold to 100 TeV, 7 bins/decade, spline: 1
      StepFunction=(0.2, 0.1 mm), integ: 3, fluct: 1, linLossLim= 0.01
      ===== EM models for the G4Region  DefaultRegionForTheWorld ======
            ICRU73QO : Emin=    0 eV  Emax=    2 MeV
          BetheBloch : Emin=    2 MeV Emax=  100 TeV
G4VUserPhysicsList::BuildPhysicsTable  Calculate Physics Table for anti_sigma0
G4VUserPhysicsList::BuildPhysicsTable %%%%%% anti_sigma0
 ProcessManager : 0x25072f0 ProcessManagerShadow : 0x25072f0
  0 - Transportation
  1 - Decay
--------------------------------------------------------------
  0 - Transportation
  1 - Decay
G4VUserPhysicsList::BuildPhysicsTable  Calculate Physics Table for anti_triton
G4VUserPhysicsList::BuildPhysicsTable %%%%%% anti_triton
 ProcessManager : 0x2507540 ProcessManagerShadow : 0x2507540
  0 - Transportation
  1 - Decay
  2 - msc
  3 - hIoni
--------------------------------------------------------------
  0 - Transportation
  1 - Decay
  2 - msc
  3 - hIoni
G4VUserPhysicsList::BuildPhysicsTable  Calculate Physics Table for anti_xi-
G4VUserPhysicsList::BuildPhysicsTable %%%%%% anti_xi-
 ProcessManager : 0x2507790 ProcessManagerShadow : 0x2507790
  0 - Transportation
  1 - Decay
  2 - msc
  3 - hIoni
--------------------------------------------------------------
  0 - Transportation
  1 - Decay
  2 - msc
  3 - hIoni
G4VUserPhysicsList::BuildPhysicsTable  Calculate Physics Table for anti_xi0
G4VUserPhysicsList::BuildPhysicsTable %%%%%% anti_xi0
 ProcessManager : 0x25079e0 ProcessManagerShadow : 0x25079e0
  0 - Transportation
  1 - Decay
--------------------------------------------------------------
  0 - Transportation
  1 - Decay
G4VUserPhysicsList::BuildPhysicsTable  Calculate Physics Table for chargedgeantino
G4VUserPhysicsList::BuildPhysicsTable %%%%%% chargedgeantino
 ProcessManager : 0x2507c30 ProcessManagerShadow : 0x2507c30
  0 - Transportation
--------------------------------------------------------------
  0 - Transportation
G4VUserPhysicsList::BuildPhysicsTable  Calculate Physics Table for deuteron
G4VUserPhysicsList::BuildPhysicsTable %%%%%% deuteron
 ProcessManager : 0x2507e80 ProcessManagerShadow : 0x2507e80
  0 - Transportation
  1 - msc
  2 - hIoni
--------------------------------------------------------------
  0 - Transportation
  1 - msc
  2 - hIoni
G4VUserPhysicsList::BuildPhysicsTable  Calculate Physics Table for doublehyperH4
G4VUserPhysicsList::BuildPhysicsTable %%%%%% doublehyperH4
 ProcessManager : 0x25080d0 ProcessManagerShadow : 0x25080d0
  0 - Transportation
  1 - Decay
  2 - msc
  3 - hIoni
--------------------------------------------------------------
  0 - Transportation
  1 - Decay
  2 - msc
  3 - hIoni
G4VUserPhysicsList::BuildPhysicsTable  Calculate Physics Table for doublehyperdoubleneutron
G4VUserPhysicsList::BuildPhysicsTable %%%%%% doublehyperdoubleneutron
 ProcessManager : 0x2508320 ProcessManagerShadow : 0x2508320
  0 - Transportation
  1 - Decay
--------------------------------------------------------------
  0 - Transportation
  1 - Decay
G4VUserPhysicsList::BuildPhysicsTable  Calculate Physics Table for eta
G4VUserPhysicsList::BuildPhysicsTable %%%%%% eta
 ProcessManager : 0x2508a10 ProcessManagerShadow : 0x2508a10
  0 - Transportation
  1 - Decay
--------------------------------------------------------------
  0 - Transportation
  1 - Decay
G4VUserPhysicsList::BuildPhysicsTable  Calculate Physics Table for eta_prime
G4VUserPhysicsList::BuildPhysicsTable %%%%%% eta_prime
 ProcessManager : 0x2508c60 ProcessManagerShadow : 0x2508c60
  0 - Transportation
  1 - Decay
--------------------------------------------------------------
  0 - Transportation
  1 - Decay
G4VUserPhysicsList::BuildPhysicsTable  Calculate Physics Table for geantino
G4VUserPhysicsList::BuildPhysicsTable %%%%%% geantino
 ProcessManager : 0x2509100 ProcessManagerShadow : 0x2509100
  0 - Transportation
--------------------------------------------------------------
  0 - Transportation
G4VUserPhysicsList::BuildPhysicsTable  Calculate Physics Table for hyperH4
G4VUserPhysicsList::BuildPhysicsTable %%%%%% hyperH4
 ProcessManager : 0x2509350 ProcessManagerShadow : 0x2509350
  0 - Transportation
  1 - Decay
  2 - msc
  3 - hIoni
--------------------------------------------------------------
  0 - Transportation
  1 - Decay
  2 - msc
  3 - hIoni
G4VUserPhysicsList::BuildPhysicsTable  Calculate Physics Table for hyperHe5
G4VUserPhysicsList::BuildPhysicsTable %%%%%% hyperHe5
 ProcessManager : 0x25095a0 ProcessManagerShadow : 0x25095a0
  0 - Transportation
  1 - Decay
  2 - msc
  3 - hIoni
--------------------------------------------------------------
  0 - Transportation
  1 - Decay
  2 - msc
  3 - hIoni
G4VUserPhysicsList::BuildPhysicsTable  Calculate Physics Table for hyperalpha
G4VUserPhysicsList::BuildPhysicsTable %%%%%% hyperalpha
 ProcessManager : 0x25097f0 ProcessManagerShadow : 0x25097f0
  0 - Transportation
  1 - Decay
  2 - msc
  3 - hIoni
--------------------------------------------------------------
  0 - Transportation
  1 - Decay
  2 - msc
  3 - hIoni
G4VUserPhysicsList::BuildPhysicsTable  Calculate Physics Table for hypertriton
G4VUserPhysicsList::BuildPhysicsTable %%%%%% hypertriton
 ProcessManager : 0x2509a40 ProcessManagerShadow : 0x2509a40
  0 - Transportation
  1 - Decay
  2 - msc
  3 - hIoni
--------------------------------------------------------------
  0 - Transportation
  1 - Decay
  2 - msc
  3 - hIoni
G4VUserPhysicsList::BuildPhysicsTable  Calculate Physics Table for kaon+
G4VUserPhysicsList::BuildPhysicsTable %%%%%% kaon+
 ProcessManager : 0x2509c90 ProcessManagerShadow : 0x2509c90
  0 - Transportation
  1 - Decay
  2 - msc
  3 - hIoni
--------------------------------------------------------------
  0 - Transportation
  1 - Decay
  2 - msc
  3 - hIoni

msc:  for kaon+  SubType= 10
      ===== EM models for the G4Region  DefaultRegionForTheWorld ======
            UrbanMsc : Emin=    0 eV  Emax=  100 TeV Nbins=84 100 eV  - 100 TeV
          StepLim=Minimal Rfact=0.2 Gfact=2.5 Sfact=0.6 DispFlag:0 Skin=1 Llim=1 mm

hIoni:  for kaon+  XStype:3  SubType=2
      dE/dx and range tables from 100 eV  to 100 TeV in 84 bins
      Lambda tables from threshold to 100 TeV, 7 bins/decade, spline: 1
      StepFunction=(0.2, 0.1 mm), integ: 3, fluct: 1, linLossLim= 0.01
      ===== EM models for the G4Region  DefaultRegionForTheWorld ======
               Bragg : Emin=    0 eV  Emax=1.05231 MeV
          BetheBloch : Emin=1.05231 MeV Emax=  100 TeV
G4VUserPhysicsList::BuildPhysicsTable  Calculate Physics Table for kaon-
G4VUserPhysicsList::BuildPhysicsTable %%%%%% kaon-
 ProcessManager : 0x2509ee0 ProcessManagerShadow : 0x2509ee0
  0 - Transportation
  1 - Decay
  2 - msc
  3 - hIoni
--------------------------------------------------------------
  0 - Transportation
  1 - Decay
  2 - msc
  3 - hIoni

msc:  for kaon-  SubType= 10
      ===== EM models for the G4Region  DefaultRegionForTheWorld ======
            UrbanMsc : Emin=    0 eV  Emax=  100 TeV Nbins=84 100 eV  - 100 TeV
          StepLim=Minimal Rfact=0.2 Gfact=2.5 Sfact=0.6 DispFlag:0 Skin=1 Llim=1 mm

hIoni:  for kaon-  XStype:3  SubType=2
      dE/dx and range tables from 100 eV  to 100 TeV in 84 bins
      Lambda tables from threshold to 100 TeV, 7 bins/decade, spline: 1
      StepFunction=(0.2, 0.1 mm), integ: 3, fluct: 1, linLossLim= 0.01
      ===== EM models for the G4Region  DefaultRegionForTheWorld ======
            ICRU73QO : Emin=    0 eV  Emax=1.05231 MeV
          BetheBloch : Emin=1.05231 MeV Emax=  100 TeV
G4VUserPhysicsList::BuildPhysicsTable  Calculate Physics Table for kaon0
G4VUserPhysicsList::BuildPhysicsTable %%%%%% kaon0
 ProcessManager : 0x250a130 ProcessManagerShadow : 0x250a130
  0 - Transportation
  1 - Decay
--------------------------------------------------------------
  0 - Transportation
  1 - Decay
G4VUserPhysicsList::BuildPhysicsTable  Calculate Physics Table for kaon0L
G4VUserPhysicsList::BuildPhysicsTable %%%%%% kaon0L
 ProcessManager : 0x250a380 ProcessManagerShadow : 0x250a380
  0 - Transportation
  1 - Decay
--------------------------------------------------------------
  0 - Transportation
  1 - Decay
G4VUserPhysicsList::BuildPhysicsTable  Calculate Physics Table for kaon0S
G4VUserPhysicsList::BuildPhysicsTable %%%%%% kaon0S
 ProcessManager : 0x250a5d0 ProcessManagerShadow : 0x250a5d0
  0 - Transportation
  1 - Decay
--------------------------------------------------------------
  0 - Transportation
  1 - Decay
G4VUserPhysicsList::BuildPhysicsTable  Calculate Physics Table for lambda
G4VUserPhysicsList::BuildPhysicsTable %%%%%% lambda
 ProcessManager : 0x250a820 ProcessManagerShadow : 0x250a820
  0 - Transportation
  1 - Decay
--------------------------------------------------------------
  0 - Transportation
  1 - Decay
G4VUserPhysicsList::BuildPhysicsTable  Calculate Physics Table for mu+
G4VUserPhysicsList::BuildPhysicsTable %%%%%% mu+
 ProcessManager : 0x250aa70 ProcessManagerShadow : 0x250aa70
  0 - Transportation
  1 - Decay
  2 - msc
  3 - muIoni
  4 - muBrems
  5 - muPairProd
--------------------------------------------------------------
  0 - Transportation
  1 - Decay
  2 - msc
  3 - muIoni
  4 - muBrems
  5 - muPairProd

msc:  for mu+  SubType= 10
      ===== EM models for the G4Region  DefaultRegionForTheWorld ======
            UrbanMsc : Emin=    0 eV  Emax=  100 TeV Nbins=84 100 eV  - 100 TeV
          StepLim=Minimal Rfact=0.2 Gfact=2.5 Sfact=0.6 DispFlag:0 Skin=1 Llim=1 mm

muIoni:  for mu+  XStype:3  SubType=2
      dE/dx and range tables from 100 eV  to 100 TeV in 84 bins
      Lambda tables from threshold to 100 TeV, 7 bins/decade, spline: 1
      StepFunction=(0.2, 0.1 mm), integ: 3, fluct: 1, linLossLim= 0.01
      ===== EM models for the G4Region  DefaultRegionForTheWorld ======
               Bragg : Emin=    0 eV  Emax=  200 keV
        MuBetheBloch : Emin=  200 keV Emax=  100 TeV

muBrems:  for mu+  XStype:1  SubType=3
      dE/dx and range tables from 100 eV  to 100 TeV in 84 bins
      Lambda tables from threshold to 100 TeV, 7 bins/decade, spline: 1
      ===== EM models for the G4Region  DefaultRegionForTheWorld ======
              MuBrem : Emin=    0 eV  Emax=  100 TeV  ModifiedMephi

muPairProd:  for mu+  XStype:1  SubType=4
      dE/dx and range tables from 100 eV  to 100 TeV in 84 bins
      Lambda tables from threshold to 100 TeV, 7 bins/decade, spline: 1
      Sampling table 21x1001; from 0.85 GeV to 100 TeV 
      ===== EM models for the G4Region  DefaultRegionForTheWorld ======
          muPairProd : Emin=    0 eV  Emax=  100 TeV  ModifiedMephi
G4VUserPhysicsList::BuildPhysicsTable  Calculate Physics Table for mu-
G4VUserPhysicsList::BuildPhysicsTable %%%%%% mu-
 ProcessManager : 0x250acc0 ProcessManagerShadow : 0x250acc0
  0 - Transportation
  1 - Decay
  2 - msc
  3 - muIoni
  4 - muBrems
  5 - muPairProd
--------------------------------------------------------------
  0 - Transportation
  1 - Decay
  2 - msc
  3 - muIoni
  4 - muBrems
  5 - muPairProd

msc:  for mu-  SubType= 10
      ===== EM models for the G4Region  DefaultRegionForTheWorld ======
            UrbanMsc : Emin=    0 eV  Emax=  100 TeV Nbins=84 100 eV  - 100 TeV
          StepLim=Minimal Rfact=0.2 Gfact=2.5 Sfact=0.6 DispFlag:0 Skin=1 Llim=1 mm

muIoni:  for mu-  XStype:3  SubType=2
      dE/dx and range tables from 100 eV  to 100 TeV in 84 bins
      Lambda tables from threshold to 100 TeV, 7 bins/decade, spline: 1
      StepFunction=(0.2, 0.1 mm), integ: 3, fluct: 1, linLossLim= 0.01
      ===== EM models for the G4Region  DefaultRegionForTheWorld ======
            ICRU73QO : Emin=    0 eV  Emax=  200 keV
        MuBetheBloch : Emin=  200 keV Emax=  100 TeV

muBrems:  for mu-  XStype:1  SubType=3
      dE/dx and range tables from 100 eV  to 100 TeV in 84 bins
      Lambda tables from threshold to 100 TeV, 7 bins/decade, spline: 1
      ===== EM models for the G4Region  DefaultRegionForTheWorld ======
              MuBrem : Emin=    0 eV  Emax=  100 TeV  ModifiedMephi

muPairProd:  for mu-  XStype:1  SubType=4
      dE/dx and range tables from 100 eV  to 100 TeV in 84 bins
      Lambda tables from threshold to 100 TeV, 7 bins/decade, spline: 1
      Sampling table 21x1001; from 0.85 GeV to 100 TeV 
      ===== EM models for the G4Region  DefaultRegionForTheWorld ======
          muPairProd : Emin=    0 eV  Emax=  100 TeV  ModifiedMephi
G4VUserPhysicsList::BuildPhysicsTable  Calculate Physics Table for neutron
G4VUserPhysicsList::BuildPhysicsTable %%%%%% neutron
 ProcessManager : 0x250af10 ProcessManagerShadow : 0x250af10
  0 - Transportation
  1 - Decay
--------------------------------------------------------------
  0 - Transportation
  1 - Decay
G4VUserPhysicsList::BuildPhysicsTable  Calculate Physics Table for nu_e
G4VUserPhysicsList::BuildPhysicsTable %%%%%% nu_e
 ProcessManager : 0x250b160 ProcessManagerShadow : 0x250b160
  0 - Transportation
--------------------------------------------------------------
  0 - Transportation
G4VUserPhysicsList::BuildPhysicsTable  Calculate Physics Table for nu_mu
G4VUserPhysicsList::BuildPhysicsTable %%%%%% nu_mu
 ProcessManager : 0x250b3b0 ProcessManagerShadow : 0x250b3b0
  0 - Transportation
--------------------------------------------------------------
  0 - Transportation
G4VUserPhysicsList::BuildPhysicsTable  Calculate Physics Table for omega-
G4VUserPhysicsList::BuildPhysicsTable %%%%%% omega-
 ProcessManager : 0x250b600 ProcessManagerShadow : 0x250b600
  0 - Transportation
  1 - Decay
  2 - msc
  3 - hIoni
--------------------------------------------------------------
  0 - Transportation
  1 - Decay
  2 - msc
  3 - hIoni
G4VUserPhysicsList::BuildPhysicsTable  Calculate Physics Table for pi+
G4VUserPhysicsList::BuildPhysicsTable %%%%%% pi+
 ProcessManager : 0x250b850 ProcessManagerShadow : 0x250b850
  0 - Transportation
  1 - Decay
  2 - msc
  3 - hIoni
--------------------------------------------------------------
  0 - Transportation
  1 - Decay
  2 - msc
  3 - hIoni

msc:  for pi+  SubType= 10
      ===== EM models for the G4Region  DefaultRegionForTheWorld ======
            UrbanMsc : Emin=    0 eV  Emax=  100 TeV Nbins=84 100 eV  - 100 TeV
          StepLim=Minimal Rfact=0.2 Gfact=2.5 Sfact=0.6 DispFlag:0 Skin=1 Llim=1 mm

hIoni:  for pi+  XStype:3  SubType=2
      dE/dx and range tables from 100 eV  to 100 TeV in 84 bins
      Lambda tables from threshold to 100 TeV, 7 bins/decade, spline: 1
      StepFunction=(0.2, 0.1 mm), integ: 3, fluct: 1, linLossLim= 0.01
      ===== EM models for the G4Region  DefaultRegionForTheWorld ======
               Bragg : Emin=    0 eV  Emax=297.505 keV
          BetheBloch : Emin=297.505 keV Emax=  100 TeV
G4VUserPhysicsList::BuildPhysicsTable  Calculate Physics Table for pi-
G4VUserPhysicsList::BuildPhysicsTable %%%%%% pi-
 ProcessManager : 0x250baa0 ProcessManagerShadow : 0x250baa0
  0 - Transportation
  1 - Decay
  2 - msc
  3 - hIoni
--------------------------------------------------------------
  0 - Transportation
  1 - Decay
  2 - msc
  3 - hIoni

msc:  for pi-  SubType= 10
      ===== EM models for the G4Region  DefaultRegionForTheWorld ======
            UrbanMsc : Emin=    0 eV  Emax=  100 TeV Nbins=84 100 eV  - 100 TeV
          StepLim=Minimal Rfact=0.2 Gfact=2.5 Sfact=0.6 DispFlag:0 Skin=1 Llim=1 mm

hIoni:  for pi-  XStype:3  SubType=2
      dE/dx and range tables from 100 eV  to 100 TeV in 84 bins
      Lambda tables from threshold to 100 TeV, 7 bins/decade, spline: 1
      StepFunction=(0.2, 0.1 mm), integ: 3, fluct: 1, linLossLim= 0.01
      ===== EM models for the G4Region  DefaultRegionForTheWorld ======
            ICRU73QO : Emin=    0 eV  Emax=297.505 keV
          BetheBloch : Emin=297.505 keV Emax=  100 TeV
G4VUserPhysicsList::BuildPhysicsTable  Calculate Physics Table for pi0
G4VUserPhysicsList::BuildPhysicsTable %%%%%% pi0
 ProcessManager : 0x250bcf0 ProcessManagerShadow : 0x250bcf0
  0 - Transportation
  1 - Decay
--------------------------------------------------------------
  0 - Transportation
  1 - Decay
G4VUserPhysicsList::BuildPhysicsTable  Calculate Physics Table for sigma+
G4VUserPhysicsList::BuildPhysicsTable %%%%%% sigma+
 ProcessManager : 0x250c190 ProcessManagerShadow : 0x250c190
  0 - Transportation
  1 - Decay
  2 - msc
  3 - hIoni
--------------------------------------------------------------
  0 - Transportation
  1 - Decay
  2 - msc
  3 - hIoni
G4VUserPhysicsList::BuildPhysicsTable  Calculate Physics Table for sigma-
G4VUserPhysicsList::BuildPhysicsTable %%%%%% sigma-
 ProcessManager : 0x250c3e0 ProcessManagerShadow : 0x250c3e0
  0 - Transportation
  1 - Decay
  2 - msc
  3 - hIoni
--------------------------------------------------------------
  0 - Transportation
  1 - Decay
  2 - msc
  3 - hIoni
G4VUserPhysicsList::BuildPhysicsTable  Calculate Physics Table for sigma0
G4VUserPhysicsList::BuildPhysicsTable %%%%%% sigma0
 ProcessManager : 0x250c630 ProcessManagerShadow : 0x250c630
  0 - Transportation
  1 - Decay
--------------------------------------------------------------
  0 - Transportation
  1 - Decay
G4VUserPhysicsList::BuildPhysicsTable  Calculate Physics Table for triton
G4VUserPhysicsList::BuildPhysicsTable %%%%%% triton
 ProcessManager : 0x250c880 ProcessManagerShadow : 0x250c880
  0 - Transportation
  1 - Decay
  2 - msc
  3 - hIoni
--------------------------------------------------------------
  0 - Transportation
  1 - Decay
  2 - msc
  3 - hIoni
G4VUserPhysicsList::BuildPhysicsTable  Calculate Physics Table for xi-
G4VUserPhysicsList::BuildPhysicsTable %%%%%% xi-
 ProcessManager : 0x250cad0 ProcessManagerShadow : 0x250cad0
  0 - Transportation
  1 - Decay
  2 - msc
  3 - hIoni
--------------------------------------------------------------
  0 - Transportation
  1 - Decay
  2 - msc
  3 - hIoni
G4VUserPhysicsList::BuildPhysicsTable  Calculate Physics Table for xi0
G4VUserPhysicsList::BuildPhysicsTable %%%%%% xi0
 ProcessManager : 0x250cd20 ProcessManagerShadow : 0x250cd20
  0 - Transportation
  1 - Decay
--------------------------------------------------------------
  0 - Transportation
  1 - Decay

Region <DefaultRegionForTheWorld> --  -- appears in <worldPhysical> world volume
 This region is in the mass world.
 Root logical volume(s) : worldLogical 
 Pointers : G4VUserRegionInformation[0], G4UserLimits[0], G4FastSimulationManager[0], G4UserSteppingAction[0]
 Materials : G4_AIR G4_Pb 
 Production cuts :   gamma 1 mm      e- 1 mm      e+ 1 mm  proton 1 mm 

Region <DefaultRegionForParallelWorld> --  -- is not associated to any world.
 Root logical volume(s) : 
 Pointers : G4VUserRegionInformation[0], G4UserLimits[0], G4FastSimulationManager[0], G4UserSteppingAction[0]
 Materials : 
 Production cuts :   gamma 1 mm      e- 1 mm      e+ 1 mm  proton 1 mm 

========= Table of registered couples ============================

Index : 0     used in the geometry : Yes
 Material : G4_AIR
 Range cuts        :  gamma  1 mm     e-  1 mm     e+  1 mm  proton 1 mm 
 Energy thresholds :  gamma  990 eV     e-  990 eV     e+  990 eV  proton 100 keV
 Region(s) which use this couple : 
    DefaultRegionForTheWorld

Index : 1     used in the geometry : Yes
 Material : G4_Pb
 Range cuts        :  gamma  1 mm     e-  1 mm     e+  1 mm  proton 1 mm 
 Energy thresholds :  gamma  101.797 keV    e-  1.37158 MeV    e+  1.2826 MeV proton 100 keV
 Region(s) which use this couple : 
    DefaultRegionForTheWorld

==================================================================

Start closing geometry.
G4GeometryManager::ReportVoxelStats -- Voxel Statistics

    Total memory consumed for geometry optimisation:   37 kByte
    Total CPU time elapsed for geometry optimisation: 0 seconds

    Voxelisation: top CPU users:
    Percent   Total CPU    System CPU       Memory  Volume
    -------   ----------   ----------     --------  ----------
       0.00         0.00         0.00           37k worldLogical
       0.00         0.00         0.00            0k detector_0
       0.00         0.00         0.00            0k detector_1

    Voxelisation: top memory users:
    Percent     Memory      Heads    Nodes   Pointers    Total CPU    Volume
    -------   --------     ------   ------   --------   ----------    ----------
      98.69         36k        83      453       1220         0.00    worldLogical
       0.65          0k         1        3          4         0.00    detector_0
       0.65          0k         1        3          4         0.00    detector_1
G4VisManager: Using G4TrajectoryDrawByCharge as fallback trajectory model.
See commands in /vis/modeling/trajectories/ for other options.
### Run 0 starts.
 Run terminated.
Run Summary
  Number of events processed : 10000
  User=1.870000s Real=1.889925s Sys=0.000000s [Cpu=98.9%]
Graphics systems deleted.
Visualization Manager deleting...
G4 kernel has come to Quit state.
UserDetectorConstruction deleted.
G4VUserPhysicsList::RemoveProcessManager: remove ProcessManager from GenericIon
G4VUserPhysicsList::RemoveProcessManager: remove ProcessManager from He3
G4VUserPhysicsList::RemoveProcessManager: remove ProcessManager from alpha
G4VUserPhysicsList::RemoveProcessManager: remove ProcessManager from anti_He3
G4VUserPhysicsList::RemoveProcessManager: remove ProcessManager from anti_alpha
G4VUserPhysicsList::RemoveProcessManager: remove ProcessManager from anti_deuteron
G4VUserPhysicsList::RemoveProcessManager: remove ProcessManager from anti_doublehyperH4
G4VUserPhysicsList::RemoveProcessManager: remove ProcessManager from anti_doublehyperdoubleneutron
G4VUserPhysicsList::RemoveProcessManager: remove ProcessManager from anti_hyperH4
G4VUserPhysicsList::RemoveProcessManager: remove ProcessManager from anti_hyperHe5
G4VUserPhysicsList::RemoveProcessManager: remove ProcessManager from anti_hyperalpha
G4VUserPhysicsList::RemoveProcessManager: remove ProcessManager from anti_hypertriton
G4VUserPhysicsList::RemoveProcessManager: remove ProcessManager from anti_kaon0
G4VUserPhysicsList::RemoveProcessManager: remove ProcessManager from anti_lambda
G4VUserPhysicsList::RemoveProcessManager: remove ProcessManager from anti_neutron
G4VUserPhysicsList::RemoveProcessManager: remove ProcessManager from anti_nu_e
G4VUserPhysicsList::RemoveProcessManager: remove ProcessManager from anti_nu_mu
G4VUserPhysicsList::RemoveProcessManager: remove ProcessManager from anti_omega-
G4VUserPhysicsList::RemoveProcessManager: remove ProcessManager from anti_proton
G4VUserPhysicsList::RemoveProcessManager: remove ProcessManager from anti_sigma0
G4VUserPhysicsList::RemoveProcessManager: remove ProcessManager from anti_triton
G4VUserPhysicsList::RemoveProcessManager: remove ProcessManager from anti_xi-
G4VUserPhysicsList::RemoveProcessManager: remove ProcessManager from anti_xi0
G4VUserPhysicsList::RemoveProcessManager: remove ProcessManager from chargedgeantino
G4VUserPhysicsList::RemoveProcessManager: remove ProcessManager from deuteron
G4VUserPhysicsList::RemoveProcessManager: remove ProcessManager from doublehyperH4
G4VUserPhysicsList::RemoveProcessManager: remove ProcessManager from doublehyperdoubleneutron
G4VUserPhysicsList::RemoveProcessManager: remove ProcessManager from e+
G4VUserPhysicsList::RemoveProcessManager: remove ProcessManager from e-
G4VUserPhysicsList::RemoveProcessManager: remove ProcessManager from eta
G4VUserPhysicsList::RemoveProcessManager: remove ProcessManager from eta_prime
G4VUserPhysicsList::RemoveProcessManager: remove ProcessManager from gamma
G4VUserPhysicsList::RemoveProcessManager: remove ProcessManager from geantino
G4VUserPhysicsList::RemoveProcessManager: remove ProcessManager from hyperH4
G4VUserPhysicsList::RemoveProcessManager: remove ProcessManager from hyperHe5
G4VUserPhysicsList::RemoveProcessManager: remove ProcessManager from hyperalpha
G4VUserPhysicsList::RemoveProcessManager: remove ProcessManager from hypertriton
G4VUserPhysicsList::RemoveProcessManager: remove ProcessManager from kaon+
G4VUserPhysicsList::RemoveProcessManager: remove ProcessManager from kaon-
G4VUserPhysicsList::RemoveProcessManager: remove ProcessManager from kaon0
G4VUserPhysicsList::RemoveProcessManager: remove ProcessManager from kaon0L
G4VUserPhysicsList::RemoveProcessManager: remove ProcessManager from kaon0S
G4VUserPhysicsList::RemoveProcessManager: remove ProcessManager from lambda
G4VUserPhysicsList::RemoveProcessManager: remove ProcessManager from mu+
G4VUserPhysicsList::RemoveProcessManager: remove ProcessManager from mu-
G4VUserPhysicsList::RemoveProcessManager: remove ProcessManager from neutron
G4VUserPhysicsList::RemoveProcessManager: remove ProcessManager from nu_e
G4VUserPhysicsList::RemoveProcessManager: remove ProcessManager from nu_mu
G4VUserPhysicsList::RemoveProcessManager: remove ProcessManager from omega-
G4VUserPhysicsList::RemoveProcessManager: remove ProcessManager from pi+
G4VUserPhysicsList::RemoveProcessManager: remove ProcessManager from pi-
G4VUserPhysicsList::RemoveProcessManager: remove ProcessManager from pi0
G4VUserPhysicsList::RemoveProcessManager: remove ProcessManager from proton
G4VUserPhysicsList::RemoveProcessManager: remove ProcessManager from sigma+
G4VUserPhysicsList::RemoveProcessManager: remove ProcessManager from sigma-
G4VUserPhysicsList::RemoveProcessManager: remove ProcessManager from sigma0
G4VUserPhysicsList::RemoveProcessManager: remove ProcessManager from triton
G4VUserPhysicsList::RemoveProcessManager: remove ProcessManager from xi-
G4VUserPhysicsList::RemoveProcessManager: remove ProcessManager from xi0
UserPhysicsList deleted.
UserActionInitialization deleted.
UserWorkerInitialization deleted.
UserWorkerThreadInitialization deleted.
UserRunAction deleted.
Time simulated: 10.6678
UserPrimaryGenerator deleted.
RunManager is deleting RunManagerKernel.
G4SDManager deleted.
EventManager deleted.
Units table cleared.
TransportationManager deleted.
Total navigation history collections cleaned: 17
G4RNGHelper object is deleted.
================== Deleting memory pools ===================
Pool ID '20G4NavigationLevelRep', size : 0.025 MB
Pool ID '24G4ReferenceCountedHandleIvE', size : 0.000961 MB
Pool ID '16G4SmartVoxelNode', size : 0.0154 MB
Pool ID '17G4SmartVoxelProxy', size : 0.00865 MB
Pool ID '7G4Event', size : 0.000961 MB
Pool ID '15G4PrimaryVertex', size : 0.000961 MB
Pool ID '17G4PrimaryParticle', size : 0.000961 MB
Pool ID '15G4HCofThisEvent', size : 0.000961 MB
Pool ID '16G4HitsCollection', size : 0.000961 MB
Pool ID '17G4DynamicParticle', size : 0.0875 MB
Pool ID '7G4Track', size : 0.174 MB
Pool ID '18G4TouchableHistory', size : 0.00192 MB
Pool ID '15G4CountedObjectIvE', size : 0.000961 MB
Number of memory pools allocated: 14; of which, static: 1
Dynamic pools deleted: 13 / Total memory freed: 0.32 MB
============================================================
G4Allocator objects are deleted.
UImanager deleted.
StateManager deleted.
RunManagerKernel is deleted. Good bye :)
RunManager is deleted.
The program finished successfully
[CORRECT] Geant4 done.
[INFO] Running makeHLTuple...
Number of events 5624
3
-------------------New----------------
0 0 5.860999603122361 -71.07383382012483 118.5
0 1 6.621815794631627 -69.51501090366322 108.5
1 0 23.796278027934 -34.32436199249692 -117.5
1 1 23.075806019849846 -35.801059061458965 -108.0
6
-------------------New----------------
0 0 -53.03891847162 -62.98351952478756 118.5
0 1 -48.38388083232815 -61.377400233992866 108.5
1 0 56.81821915326153 -25.08286044884627 -117.5
1 1 52.3967919043507 -26.608835084971002 -108.0
7
-------------------New----------------
0 0 -59.112038526347916 -98.74474490247516 118.5
0 1 -58.380446788520885 -99.00863927586504 108.5
1 0 -41.837391787800016 -104.9917151227942 -117.5
1 1 -42.531974910943816 -104.74082640628339 -108.0
10
-------------------New----------------
0 0 -28.69828396372797 -35.65457716189701 118.5
0 1 -25.758073722962543 -33.386187566504226 108.5
1 0 41.608382762832164 17.997803969761236 -117.5
1 1 38.734174973760275 15.83754423599214 -108.0
16
-------------------New----------------
0 0 7.791486926669104 -68.73066913043199 118.5
0 1 8.226246479732243 -66.6357737485312 108.5
1 0 18.09302086656175 -19.228094453775505 -117.5
1 1 17.678105710821136 -21.221319658146065 -108.0
17
-------------------New----------------
0 0 -84.42905042341471 45.7210627731055 118.5
0 1 -84.1723932970527 44.398879360831835 108.5
1 0 -78.36650640612933 14.441014009924007 -117.5
1 1 -78.6120169003124 15.705742097746604 -108.0
26
-------------------New----------------
0 0 -16.42101268252223 -4.792881665813074 118.5
0 1 -19.05771869324646 -3.1211716738413293 108.5
1 0 -78.75190825351565 34.710364791498854 -117.5
1 1 -76.24015332345947 33.119535544395966 -108.0
29
-------------------New----------------
0 0 32.07280454350173 -1.501855919212904 118.5
0 1 32.80746700090701 -3.3696056738001006 108.5
1 0 49.425119937045366 -45.57655321235252 -117.5
1 1 48.72676429656291 -43.803285880895764 -108.0
38
-------------------New----------------
0 0 24.663302818329736 42.74734149605531 118.5
0 1 23.691547716899084 46.099736611415935 108.5
1 0 1.7734165185476456 121.92000248880663 -117.5
1 1 2.696072313006365 118.73103243647752 -108.0
51
-------------------New----------------
0 0 50.01044013739305 101.58693044004146 118.5
0 1 46.13887637548247 101.30017705067941 108.5
1 0 -41.40234671250802 94.77020672283453 -117.5
1 1 -37.71872346237515 95.04179438512573 -108.0
57
-------------------New----------------
0 0 17.721814612067973 34.697207472613535 118.5
0 1 22.216662563277623 33.686144856426026 108.5
1 0 123.78233256853575 10.862936658883783 -117.5
1 1 119.51026105548495 11.82595032145428 -108.0
59
-------------------New----------------
0 0 11.161954276360534 -43.64217840049701 118.5
0 1 8.867322644667372 -39.6034079361881 108.5
1 0 -42.991422742925 51.67618674417169 -117.5
1 1 -40.811786276961314 47.839105737834394 -108.0
68
-------------------New----------------
0 0 122.5916722747364 -19.149726372103128 118.5
0 1 122.62049187502616 -16.88787338239278 108.5
1 0 123.35771746882001 34.05062653212399 -117.5
1 1 123.32360972290662 31.91051804083777 -108.0
71
-------------------New----------------
0 0 -75.0962899940703 -9.671517048375431 118.5
0 1 -75.15944298507706 -7.476916024213489 108.5
1 0 -76.62677180323746 42.11411182092577 -117.5
1 1 -76.5672981807014 40.029576481471665 -108.0
73
-------------------New----------------
0 0 37.789741962616304 -18.312379019853044 118.5
0 1 35.64519503586514 -20.88384162363206 108.5
1 0 -12.825166767830817 -79.0040424745781 -117.5
1 1 -10.787557984424812 -76.56057488271118 -108.0
77
-------------------New----------------
0 0 13.977416625942183 -55.66172004071514 118.5
0 1 15.430516430406573 -52.36682057102058 108.5
1 0 48.247407198376045 22.08650024323112 -117.5
1 1 46.867915418560216 18.958372707532316 -108.0
93
-------------------New----------------
0 0 -60.190059712253415 40.53493743038659 118.5
0 1 -55.300541373156214 41.209372840501786 108.5
1 0 55.17980466607007 56.46252512128874 -117.5
1 1 50.53852316527049 55.82673928818703 -108.0
101
-------------------New----------------
0 0 -41.19372609458977 119.01509870824842 118.5
0 1 -38.67954461104286 119.05972212290071 108.5
1 0 18.039134628204557 120.10665590297656 -117.5
1 1 15.650485617384671 120.05525704470264 -108.0
103
-------------------New----------------
0 0 28.6331426772383 72.07916770341346 118.5
0 1 29.4318909649582 69.47020205482062 108.5
1 0 47.51222529972183 10.534073271029346 -117.5
1 1 46.750482028540866 13.010410505801701 -108.0
105
-------------------New----------------
0 0 -70.4504933174869 -57.30449484938691 118.5
0 1 -69.52518183619425 -57.813039535300064 108.5
1 0 -48.66934704249963 -69.23093206745423 -117.5
1 1 -49.54241039087283 -68.75238747080213 -108.0
115
-------------------New----------------
0 0 44.56669684848204 -50.63277933211977 118.5
0 1 42.40795965093505 -49.20040829304675 108.5
1 0 -6.383352359489632 -16.825989637904502 -117.5
1 1 -4.331903673071508 -18.18712079988054 -108.0
118
-------------------New----------------
0 0 -42.56143460987347 -1.4121231561694487 118.5
0 1 -46.04087840060826 -2.457120138521462 108.5
1 0 -124.6649442933884 -26.005777840714337 -117.5
1 1 -121.35923309679308 -25.021863048024574 -108.0
122
-------------------New----------------
0 0 -35.97314525326901 39.75968999747714 118.5
0 1 -31.749439013954266 37.65932375959077 108.5
1 0 63.68135595628289 -9.897646833652697 -117.5
1 1 59.671314566054114 -7.89452786282683 -108.0
125
-------------------New----------------
0 0 98.1461908329413 -15.380871647792361 118.5
0 1 97.28480013423776 -18.29172864399657 108.5
1 0 77.46999247692972 -84.42204281088075 -117.5
1 1 78.3005400343367 -81.64327254073885 -108.0
145
-------------------New----------------
0 0 -3.8414397342018716 32.74558170914351 118.5
0 1 -2.0466954080813102 35.81616106176553 108.5
1 0 38.44121287320238 105.22475268322758 -117.5
1 1 36.742029255856586 102.30944841167688 -108.0
146
-------------------New----------------
0 0 80.36977323247191 14.441004010156524 118.5
0 1 80.63328528618537 13.396234347903555 108.5
1 0 86.58211685146023 -9.027620523827254 -117.5
1 1 86.37476309428452 -8.121698164862037 -108.0
147
-------------------New----------------
0 0 50.259885666940605 75.56737950947557 118.5
0 1 49.65669342398212 74.99812238284125 108.5
1 0 36.03080404884489 62.13462443152649 -117.5
1 1 36.603473841843915 62.675719809306756 -108.0
149
-------------------New----------------
0 0 -95.2932970664716 -25.623306577309563 118.5
0 1 -95.31766360693527 -19.79159805111894 108.5
1 0 -95.8730882046752 112.04875310032457 -117.5
1 1 -95.84974229740689 106.50999654162311 -108.0
154
-------------------New----------------
0 0 -21.690214395566436 89.45510222752236 118.5
0 1 -23.055092356819692 87.83179469118103 108.5
1 0 -53.95032768795485 51.08846315965182 -117.5
1 1 -52.65109334685849 52.63527345845316 -108.0
162
-------------------New----------------
0 0 -11.832094980828112 0.8825223992873596 118.5
0 1 -10.705313361056142 4.830543730157327 108.5
1 0 14.818101051090977 93.95811714326973 -117.5
1 1 13.74427380228794 90.21315801767093 -108.0
175
-------------------New----------------
0 0 -17.404838017948837 -19.85994734755058 118.5
0 1 -19.875064121298944 -18.56327354284068 108.5
1 0 -75.6974492805028 10.839715907097585 -117.5
1 1 -73.35089552015081 9.596653936659935 -108.0
178
-------------------New----------------
0 0 38.29361016300102 48.78344276721522 118.5
0 1 41.09632065050191 48.40522156777108 108.5
1 0 104.46011393323757 39.788343286406686 -117.5
1 1 101.79697690344825 40.15147762326668 -108.0
183
-------------------New----------------
0 0 96.17696635811865 -57.85789020465063 118.5
0 1 96.83746689639068 -56.72756251791175 108.5
1 0 111.75241710007245 -31.13789592330675 -117.5
1 1 111.12863947260887 -32.21196464115786 -108.0
188
-------------------New----------------
0 0 -57.522743063330154 -25.22041723563592 118.5
0 1 -55.607483521934455 -24.92568356819484 108.5
1 0 -12.334565999575476 -18.264372063573852 -117.5
1 1 -14.152284850325993 -18.54488999048106 -108.0
192
-------------------New----------------
0 0 -74.5497811158662 -50.12379857584436 118.5
0 1 -74.9656632491919 -50.02175713325516 108.5
1 0 -84.37208652704858 -47.71336122721788 -117.5
1 1 -83.97672172661557 -47.81021434626255 -108.0
198
-------------------New----------------
0 0 29.19012132303094 -42.261824400352886 118.5
0 1 30.356357612164622 -41.08803408101349 108.5
1 0 56.701768685446346 -14.593551030699505 -117.5
1 1 55.59493011725008 -15.724162993221967 -108.0
200
-------------------New----------------
0 0 27.207574289946972 -19.98380010761528 118.5
0 1 25.93721749890932 -23.928113119425554 108.5
1 0 -3.3160506777113974 -113.58887352828572 -117.5
1 1 -2.092075252491843 -109.8454308022577 -108.0
201
-------------------New----------------
0 0 -4.441971052943568 8.012123661450785 118.5
0 1 -3.546389302079478 10.518044529024374 108.5
1 0 16.70141601975154 67.14054583542593 -117.5
1 1 15.850521400844851 64.76030864344507 -108.0
205
-------------------New----------------
0 0 -34.240126554525524 -7.421746097180436 118.5
0 1 -28.77454098715815 -8.402098270165975 108.5
1 0 94.85765359743151 -30.46035609851021 -117.5
1 1 89.64656404432571 -29.531345132646884 -108.0
209
-------------------New----------------
0 0 73.3274427085709 62.33248225490801 118.5
0 1 71.13869502196412 62.34931125921774 108.5
1 0 21.690418646181747 62.6808984186254 -117.5
1 1 23.772527685388013 62.664454330024945 -108.0
218
-------------------New----------------
0 0 -4.651994001653508 -82.10080563795944 118.5
0 1 -3.030599977836615 -83.54221892208542 108.5
1 0 33.31730393896386 -116.11528793383715 -117.5
1 1 31.80231510150959 -114.74643381951702 -108.0
220
-------------------New----------------
0 0 5.5389367222345935 -99.53141414167433 118.5
0 1 1.3043154840840714 -99.62467363864322 108.5
1 0 -94.36835095179708 -101.80890659560528 -117.5
1 1 -90.35130473349415 -101.71454195225803 -108.0
224
-------------------New----------------
0 0 50.46769260973138 -1.981029105796452 118.5
0 1 51.63697870885774 -3.2069359632619494 108.5
1 0 78.05485959192006 -30.922457077438214 -117.5
1 1 76.94512921463763 -29.757064052097302 -108.0
225
-------------------New----------------
0 0 -83.1502840396199 -39.717417368637214 118.5
0 1 -84.16502649859436 -38.601682989664525 108.5
1 0 -107.25120684543886 -13.455675245304297 -117.5
1 1 -106.277316512272 -14.509934821246503 -108.0
241
-------------------New----------------
0 0 -2.11054958309224 48.34924934319588 118.5
0 1 -2.8755350055043634 50.29032159792513 108.5
1 0 -20.23260359577593 94.0131657455367 -117.5
1 1 -19.511408303008395 92.17374601138076 -108.0
242
-------------------New----------------
0 0 -42.0718515677816 70.01253272852829 118.5
0 1 -43.04600533096617 67.7277403521214 108.5
1 0 -65.0810830598969 16.070537552185066 -117.5
1 1 -64.15697377029704 18.241832174862164 -108.0
265
-------------------New----------------
0 0 58.54447992433006 87.52756431817122 118.5
0 1 56.826473334762284 88.47486383512852 108.5
1 0 17.99597547945931 109.89758693094466 -117.5
1 1 19.628976912709795 108.99617768483643 -108.0
266
-------------------New----------------
0 0 -88.08298876809928 -24.206305278191603 118.5
0 1 -85.9027384819226 -20.296999392420513 108.5
1 0 -36.69322369351964 68.09199031445179 -117.5
1 1 -38.758748098832115 64.37663897842752 -108.0
278
-------------------New----------------
0 0 -18.57408684131219 13.62961395555621 118.5
0 1 -21.30747290586263 13.282116344279334 108.5
1 0 -82.86371964770917 6.212001785293866 -117.5
1 1 -80.29110874913599 6.471069497327901 -108.0
284
-------------------New----------------
0 0 74.35750081365678 56.90067699750218 118.5
0 1 76.51974883069688 54.84810745515155 108.5
1 0 125.39699577128265 8.522119124164455 -117.5
1 1 123.3457447949684 10.46589259019283 -108.0
301
-------------------New----------------
0 0 24.491341216313764 -117.99351751277837 118.5
0 1 23.40251000969494 -117.60651680593132 108.5
1 0 -1.204210015546483 -108.85694967540005 -117.5
1 1 -0.1698074307085025 -109.22481179132672 -108.0
307
-------------------New----------------
0 0 -5.584880919306267 93.11436345034689 118.5
0 1 -5.941624697586632 91.30446361611239 108.5
1 0 -14.414678752068394 50.618712147688456 -117.5
1 1 -14.057187782201684 52.31938781645556 -108.0
311
-------------------New----------------
0 0 18.056022125947557 -77.73173896083308 118.5
0 1 19.07188808178469 -79.03121854707135 108.5
1 0 42.04819420874966 -108.43393119466327 -117.5
1 1 41.083864132339755 -107.20025652230743 -108.0
315
-------------------New----------------
0 0 42.10162275251592 -90.24322054763772 118.5
0 1 38.18186191240456 -89.48450852926817 108.5
1 0 -50.49355633700848 -72.25352341405983 -117.5
1 1 -46.778583490004344 -72.97933992907844 -108.0
317
-------------------New----------------
0 0 12.728743216665157 50.54434688198013 118.5
0 1 14.22551557014105 46.586452155538474 108.5
1 0 47.97035872992936 -42.959908383586935 -117.5
1 1 46.551453522848604 -39.18629684268761 -108.0
319
-------------------New----------------
0 0 110.08059690895077 102.63537568940254 118.5
0 1 109.27722007802171 102.2311466402361 108.5
1 0 91.33528840343283 93.03794962291587 -117.5
1 1 92.08934196063882 93.42267320316668 -108.0
320
-------------------New----------------
0 0 52.076171333414194 8.821982317202448 118.5
0 1 53.851056131094126 6.338025374718877 108.5
1 0 93.9978766956436 -49.7791086116425 -117.5
1 1 92.30973169454766 -47.420573025641886 -108.0
326
-------------------New----------------
0 0 22.056358906878454 112.54787123388863 118.5
0 1 24.697122511369667 113.15529556023742 108.5
1 0 84.28520458917262 126.86656991252212 -117.5
1 1 81.78154575385534 126.28878140362625 -108.0
328
-------------------New----------------
0 0 67.67520423730546 -13.024845813870936 118.5
0 1 69.23487208652753 -17.307321106340563 108.5
1 0 104.29349264780979 -114.68835526003613 -117.5
1 1 102.81847771554055 -110.5527607768299 -108.0
329
-------------------New----------------
0 0 89.99600940313226 70.67556009075591 118.5
0 1 90.26010848094431 67.56820406561903 108.5
1 0 96.23384363173324 -2.6150968176848517 -117.5
1 1 95.9826994100384 0.33573253118758617 -108.0
331
-------------------New----------------
0 0 30.629068925397938 -24.127590319917704 118.5
0 1 33.077859181290705 -20.515055190074442 108.5
1 0 88.41800701497655 61.13490801592011 -117.5
1 1 86.09086427840445 57.70537460945307 -108.0
337
-------------------New----------------
0 0 78.427583393069 109.73151255066568 118.5
0 1 77.74786660864098 110.25850572271142 108.5
1 0 62.39550919295997 122.1251213491893 -117.5
1 1 63.03778871383084 121.62805053951013 -108.0
338
-------------------New----------------
0 0 -9.239882397554185 10.185597299615191 118.5
0 1 -7.135886001345528 11.359427392339512 108.5
1 0 40.43313323015941 37.93229383778201 -117.5
1 1 38.4328513233292 36.81670102927316 -108.0
343
-------------------New----------------
0 0 -11.21868062521247 -47.75562175483968 118.5
0 1 -12.436175542169035 -49.56891988382899 108.5
1 0 -39.86594260983438 -90.63448357750778 -117.5
1 1 -38.722352805382315 -88.91178624578944 -108.0
358
-------------------New----------------
0 0 -14.947605229559247 -92.07587573485293 118.5
0 1 -11.95779309247335 -91.30141637762061 108.5
1 0 55.61242284626742 -73.80450682810512 -117.5
1 1 52.77281733188264 -74.53986846398337 -108.0
360
-------------------New----------------
0 0 -55.0917691021235 -21.65059696668397 118.5
0 1 -55.09257830233647 -21.696984687918437 108.5
1 0 -55.12249938700842 -22.80590269059999 -117.5
1 1 -55.12066229441823 -22.75802558403149 -108.0
361
-------------------New----------------
0 0 -78.36329105723689 -11.67641067079246 118.5
0 1 -75.86036041426027 -9.645720412792897 108.5
1 0 -19.28558546530949 36.24456029930793 -117.5
1 1 -21.66329086417473 34.315632299695935 -108.0
362
-------------------New----------------
0 0 77.9476291163007 -90.47329163444941 118.5
0 1 76.51678499631691 -91.40459873901582 108.5
1 0 44.15151632989283 -112.59763776553707 -117.5
1 1 45.512336839325386 -111.70528275800135 -108.0
364
-------------------New----------------
0 0 -22.82000077089297 -70.35690276554723 118.5
0 1 -26.976034304204525 -70.744545635881 108.5
1 0 -120.93342429586126 -79.66486149903267 -117.5
1 1 -116.9837640907336 -79.28314664406628 -108.0
365
-------------------New----------------
0 0 62.386579605728194 29.05127851945531 118.5
0 1 61.33397481314697 28.526576908878496 108.5
1 0 37.59656094215221 16.561224332701624 -117.5
1 1 38.60312624334142 17.078865287919438 -108.0
372
-------------------New----------------
0 0 45.311463458660825 117.84237744699885 118.5
0 1 47.82835546255525 118.16585656064665 108.5
1 0 104.70978731546577 125.46228164975665 -117.5
1 1 102.31973790997384 125.1559262432758 -108.0
373
-------------------New----------------
0 0 -83.16134553865686 75.72385208589193 118.5
0 1 -81.3373228159014 77.31699349478065 108.5
1 0 -40.120193587228705 113.2930262179769 -117.5
1 1 -41.845206008679185 111.78608375670345 -108.0
386
-------------------New----------------
0 0 -27.59640839437547 -54.38957996899079 118.5
0 1 -30.56540592747415 -51.6460832997398 108.5
1 0 -97.54551560837453 10.434883560842755 -117.5
1 1 -94.73403040199626 7.822050492846637 -108.0
387
-------------------New----------------
0 0 -21.59962753391283 46.649730198690996 118.5
0 1 -16.489503491164655 47.31646069079706 108.5
1 0 98.9595474096491 62.320632124854626 -117.5
1 1 94.10409824181637 61.689388738188335 -108.0
389
-------------------New----------------
0 0 -14.113538736539823 -101.93860522909944 118.5
0 1 -15.275937091388807 -100.92118573451081 108.5
1 0 -41.47693203532902 -78.03059058940944 -117.5
1 1 -40.37589431515164 -78.99131540314374 -108.0
397
-------------------New----------------
0 0 69.62843471062709 -67.32895189695478 118.5
0 1 67.03475924645977 -64.44733411093122 108.5
1 0 8.438800353792885 0.7228787319694863 -117.5
1 1 10.906279775237326 -2.022611439852677 -108.0
401
-------------------New----------------
0 0 11.880949674430877 27.897830123969243 118.5
0 1 14.594243599932657 28.283772988325598 108.5
1 0 75.92768344842355 36.980310735531496 -117.5
1 1 73.34860101330625 36.61608770108505 -108.0
404
-------------------New----------------
0 0 -6.281704805398347 -72.00101128045324 118.5
0 1 -2.723185136710337 -69.52318194076152 108.5
1 0 77.88537656131908 -14.491264024202504 -117.5
1 1 74.49810512198145 -16.81019068220931 -108.0
409
-------------------New----------------
0 0 -72.35835252578569 10.169903235468508 118.5
0 1 -68.96383957258845 7.056084722511239 108.5
1 0 7.95628735789717 -63.17880160694013 -117.5
1 1 4.7212925305868625 -60.22915393403618 -108.0
416
-------------------New----------------
0 0 71.72910247857001 40.47509332307696 118.5
0 1 69.84349556850813 39.01514161842711 108.5
1 0 27.21717809926352 6.025546920571307 -117.5
1 1 29.010161182449867 7.411920715305778 -108.0
417
-------------------New----------------
0 0 -39.91762458328286 110.25385873543306 118.5
0 1 -40.67092128894702 109.87688693454818 108.5
1 0 -57.68077072208653 101.3497876415112 -117.5
1 1 -56.96775678417424 101.70719142816242 -108.0
430
-------------------New----------------
0 0 6.739906473900835 33.02798752383386 118.5
0 1 5.669798652292274 34.622191215492094 108.5
1 0 -18.5154360065846 70.57743820264868 -117.5
1 1 -17.502848936987206 69.07440042819864 -108.0
434
-------------------New----------------
0 0 64.96093885838094 50.591100850857245 118.5
0 1 64.25245679265004 52.47071035815444 108.5
1 0 49.54172464866387 93.37987464439674 -117.5
1 1 50.15646583018077 91.65433428097165 -108.0
445
-------------------New----------------
0 0 -41.38355845599413 1.9126173819056398 118.5
0 1 -36.12768223971025 6.386586523667413 108.5
1 0 82.66601121899866 107.4749638661453 -117.5
1 1 77.67217311495655 103.22614708360732 -108.0
446
-------------------New----------------
0 0 112.3009129714056 39.570593009656 118.5
0 1 112.40298399858004 41.6575145576103 108.5
1 0 114.73766434124855 88.87116457137667 -117.5
1 1 114.6436808771249 86.88831442355959 -108.0
448
-------------------New----------------
0 0 15.134142524291224 80.62679980463332 118.5
0 1 16.491750551961392 82.59843411904706 108.5
1 0 47.08908534581694 127.16597699208145 -117.5
1 1 45.80300855937979 125.29471159054893 -108.0
452
-------------------New----------------
0 0 -100.71767727184837 70.00745861377402 118.5
0 1 -98.816956328563 70.54402801903309 108.5
1 0 -55.91720673054086 82.67254174863805 -117.5
1 1 -57.72002282428316 82.16137058918318 -108.0
457
-------------------New----------------
0 0 -24.580653696099326 -49.87594763604608 118.5
0 1 -32.738106415615306 -56.744749214196965 108.5
1 0 38.90848789784574 -111.86254726862259 -117.5
1 1 40.16916856465589 -112.22495434362322 -108.0
464
-------------------New----------------
0 0 -111.39269439076254 -96.46165534950337 118.5
0 1 -111.17452942607622 -96.68797398217261 108.5
1 0 -106.25597229426822 -101.83524611294737 -117.5
1 1 -106.46151094183456 -101.61706993462477 -108.0
465
-------------------New----------------
0 0 4.633618232877977 -6.339089244109415 118.5
0 1 7.625713078161629 -5.961749400653287 108.5
1 0 75.25897229071157 2.5681552024687164 -117.5
1 1 72.41628474335317 2.2097391442245695 -108.0
466
-------------------New----------------
0 0 51.60759869902527 85.74659743749805 118.5
0 1 49.3481378760893 84.61607334566733 108.5
1 0 -1.9302858575442339 58.985002571525456 -117.5
1 1 0.2236797488015217 60.07098802780793 -108.0
467
-------------------New----------------
0 0 39.40339793220026 44.0552389883501 118.5
0 1 38.00000868987415 41.021367471216585 108.5
1 0 6.6505800487373605 -29.499350576450684 -117.5
1 1 7.951838478361348 -26.449466104339372 -108.0
470
-------------------New----------------
0 0 -46.36876802586584 -64.68011714148767 118.5
0 1 -46.81812941029488 -66.43892822238219 108.5
1 0 -56.926838223185065 -106.21381775366419 -117.5
1 1 -56.50326025465331 -104.54353815596457 -108.0
473
-------------------New----------------
0 0 29.50724763643447 -26.521507475369287 118.5
0 1 22.963196489070125 -24.573977795805774 108.5
1 0 -124.93107320980653 19.51966265069759 -117.5
1 1 -118.7179925670109 17.66198447622994 -108.0
483
-------------------New----------------
0 0 -46.03093631540845 7.477251364902209 118.5
0 1 -41.70246989838709 5.857827696706406 108.5
1 0 56.13350133226019 -30.746034398579713 -117.5
1 1 52.01849944489957 -29.208341834195846 -108.0
492
-------------------New----------------
0 0 -59.62074522650907 16.307678996296968 118.5
0 1 -61.2061753042161 16.27482941703599 108.5
1 0 -97.03032111536207 15.515984491637715 -117.5
1 1 -95.52474909671898 15.548122099797311 -108.0
496
-------------------New----------------
0 0 -54.23564341095074 81.22929612753948 118.5
0 1 -52.71462360848634 82.52514082584086 108.5
1 0 -18.1555364248941 112.00412563955051 -117.5
1 1 -19.606125083353724 110.76088564967726 -108.0
498
-------------------New----------------
0 0 113.89376291440438 55.07135316297463 118.5
0 1 114.30067745280508 54.804437355314334 108.5
1 0 123.57328205569475 48.82648440200513 -117.5
1 1 123.17280910545817 49.07560693473626 -108.0
502
-------------------New----------------
0 0 -0.01798682872022326 -37.993536801252745 118.5
0 1 -4.041245806842306 -41.120280178273745 108.5
1 0 -94.96824519037897 -111.80908832537334 -117.5
1 1 -91.1469800585231 -108.83636604301437 -108.0
507
-------------------New----------------
0 0 -81.27297311822333 56.0273631976615 118.5
0 1 -81.31374426077386 56.02015827476741 108.5
1 0 -82.19241569619396 55.846358389344495 -117.5
1 1 -82.15659203550551 55.85353310609946 -108.0
520
-------------------New----------------
0 0 5.484966686540244 -16.01867483656538 118.5
0 1 5.090685747494244 -15.819357841260034 108.5
1 0 -3.6943562284991933 -11.34365678101126 -117.5
1 1 -3.370873927593408 -11.53672176682543 -108.0
521
-------------------New----------------
0 0 -38.332088277067655 31.069653080156495 118.5
0 1 -38.81922170126205 32.48534403211852 108.5
1 0 -49.78791349638501 64.4056722069582 -117.5
1 1 -49.328085805394046 63.06452588336013 -108.0
524
-------------------New----------------
0 0 -39.45675725542473 8.880996879114392 118.5
0 1 -35.956796996076434 11.944151652524246 108.5
1 0 43.13566472990773 81.12513486353154 -117.5
1 1 39.80942188492988 78.21662390249112 -108.0
525
-------------------New----------------
0 0 51.436570181476654 -64.1380279906878 118.5
0 1 51.196574181792165 -62.68465316191413 108.5
1 0 45.787533304046995 -29.85943373418157 -117.5
1 1 46.01347965115171 -31.24047824616063 -108.0
534
-------------------New----------------
0 0 -68.41876215295424 10.031812244944446 118.5
0 1 -65.67232985443272 13.092470351015018 108.5
1 0 -3.5310415711695127 82.30370859263519 -117.5
1 1 -6.143631831147389 79.3963242653874 -108.0
535
-------------------New----------------
0 0 113.82784889204902 -19.407444956085335 118.5
0 1 113.59573809406807 -18.691904158691706 108.5
1 0 108.28968598862257 -1.6542885909724638 -117.5
1 1 108.52393004336875 -2.3924374527919614 -108.0
536
-------------------New----------------
0 0 -95.01473308592608 -56.10050417022162 118.5
0 1 -95.77806647509962 -52.05570640050522 108.5
1 0 -113.0016393263154 39.35891326825023 -117.5
1 1 -112.27493612970974 35.51415233496523 -108.0
554
-------------------New----------------
0 0 -96.20929403005373 -32.90416188849025 118.5
0 1 -96.44243104258653 -30.098395143546917 108.5
1 0 -101.74043796079714 33.2221267518179 -117.5
1 1 -101.51033810324758 30.559441534894553 -108.0
555
-------------------New----------------
0 0 65.72852616634184 52.60327829184089 118.5
0 1 62.772078094791496 54.27703844561938 108.5
1 0 -4.03936921104618 92.10821023796161 -117.5
1 1 -1.2310853172839282 90.51954814695394 -108.0
568
-------------------New----------------
0 0 -50.38851141044468 -25.718786371845404 118.5
0 1 -53.08632455243561 -23.744811792326473 108.5
1 0 -114.06920593352622 20.86006978458793 -117.5
1 1 -111.50739837741074 18.98594988673121 -108.0
573
-------------------New----------------
0 0 86.6458335410684 -26.17838841215218 118.5
0 1 87.48301352552946 -24.55020259863433 108.5
1 0 106.54218648215537 12.200239454721878 -117.5
1 1 105.73733301367368 10.652365562301409 -108.0
580
-------------------New----------------
0 0 -76.35769377758903 14.578901788969683 118.5
0 1 -77.8203885940413 9.972841836014954 108.5
1 0 -110.88823353437124 -94.10644937583497 -117.5
1 1 -109.49647914826953 -89.73224986402047 -108.0
583
-------------------New----------------
0 0 28.85374643242266 85.74373277821422 118.5
0 1 26.671597332403202 84.51546202315575 108.5
1 0 -22.626313446044968 56.75640346388826 -117.5
1 1 -20.555376906951658 57.92271807351693 -108.0
586
-------------------New----------------
0 0 10.577178926879501 7.073869403901931 118.5
0 1 11.807324096288891 5.099248021627516 108.5
1 0 39.620876728217176 -39.46689835732976 -117.5
1 1 38.45214198978743 -37.59476399311559 -108.0
592
-------------------New----------------
0 0 -20.422336078022937 103.92438343413951 118.5
0 1 -24.626407268112423 104.75618252741768 108.5
1 0 -119.65547647441922 123.56252671083132 -117.5
1 1 -115.6591184473352 122.77131100381413 -108.0
595
-------------------New----------------
0 0 -44.19543541571806 -43.35003699970362 118.5
0 1 -39.7533437874788 -46.482594879175494 108.5
1 0 60.55422915127527 -117.27583668934116 -117.5
1 1 56.34273648051264 -114.29913033821477 -108.0
598
-------------------New----------------
0 0 35.930891485599645 41.095680076243674 118.5
0 1 37.45825985906319 39.52414494638312 108.5
1 0 71.94662131410806 4.009513459682426 -117.5
1 1 70.49762644886222 5.500962918221353 -108.0
602
-------------------New----------------
0 0 -19.82090922261389 -4.752630778264743 118.5
0 1 -17.296520296376638 0.650602889826619 108.5
1 0 39.657328819911605 122.73191776580325 -117.5
1 1 37.26335515878197 117.60359569296129 -108.0
606
-------------------New----------------
0 0 -32.90248934142142 14.754165248750173 118.5
0 1 -33.42758114834932 18.36594617020142 108.5
1 0 -45.24338672926105 100.03740880140451 -117.5
1 1 -44.74905216324957 96.60331777155795 -108.0
608
-------------------New----------------
0 0 13.563683022305145 -95.92707110881693 118.5
0 1 17.09331264145868 -97.02225955915677 108.5
1 0 96.86298550700141 -121.77233523382338 -117.5
1 1 93.50986919779021 -120.73205397776466 -108.0
613
-------------------New----------------
0 0 -43.14779715992315 106.65204624819856 118.5
0 1 -44.480466630502576 105.6527412434402 108.5
1 0 -74.56541127039092 82.99254043341477 -117.5
1 1 -73.29443164671511 83.95014352711254 -108.0
620
-------------------New----------------
0 0 101.7525868918789 -29.588270223960212 118.5
0 1 101.30352708296718 -30.25053989507553 108.5
1 0 91.14280315053176 -45.29402861964802 -117.5
1 1 91.56815620479804 -44.659195651512775 -108.0
625
-------------------New----------------
0 0 -19.63336608362146 -97.53097181067977 118.5
0 1 -16.95561277030221 -96.90636424170492 108.5
1 0 43.65088547745863 -82.85840290880054 -117.5
1 1 41.10222229029095 -83.44464436882411 -108.0
630
-------------------New----------------
0 0 47.377194634112065 -12.074946572651593 118.5
0 1 45.93439218973188 -15.244826476935922 108.5
1 0 13.233415351688189 -86.65825404373389 -117.5
1 1 14.610524093395146 -83.65812272666786 -108.0
635
-------------------New----------------
0 0 -111.70163723069227 92.0880560697076 118.5
0 1 -110.78291944847399 91.26996351939758 108.5
1 0 -90.01040046490382 72.77256605038278 -117.5
1 1 -90.8843188236689 73.549621677866 -108.0
639
-------------------New----------------
0 0 -7.569574106538549 87.73611476967133 118.5
0 1 -8.258086020228966 88.42697389627699 108.5
1 0 -24.69686245714002 103.84482149881471 -117.5
1 1 -23.962469428894877 103.19111592541215 -108.0
641
-------------------New----------------
0 0 -42.046207901325644 40.18794070600179 118.5
0 1 -44.62919900586993 38.50711547931828 108.5
1 0 -103.05712029486116 0.47909582121326305 -117.5
1 1 -100.60362805903301 2.0771200692592413 -108.0
645
-------------------New----------------
0 0 -24.717263545582163 -38.759717608527495 118.5
0 1 -27.16097071273639 -36.326606265613094 108.5
1 0 -82.06396209403425 18.697487706907815 -117.5
1 1 -79.76100020143213 16.38261264469313 -108.0
647
-------------------New----------------
0 0 -15.691615042080338 45.61492356852911 118.5
0 1 -19.78250130763376 46.054703387004835 108.5
1 0 -112.27940410894215 55.977938187558394 -117.5
1 1 -108.39084523886092 55.56071430383999 -108.0
654
-------------------New----------------
0 0 34.067179129179586 -5.973763055259161 118.5
0 1 32.19985082483249 -1.3440904930068753 108.5
1 0 -9.976060026677594 103.28058886551044 -117.5
1 1 -8.203391556512617 98.88490928315528 -108.0
658
-------------------New----------------
0 0 13.273549029522433 -25.37646654992862 118.5
0 1 10.880237405197576 -22.38163474330718 108.5
1 0 -43.265057587702145 45.29567295364976 -117.5
1 1 -40.990238033991716 42.45676724143861 -108.0
662
-------------------New----------------
0 0 -27.71058938779351 111.26453076521837 118.5
0 1 -27.120477884600696 111.95905542153983 108.5
1 0 -13.715009846005088 127.72202039914546 -117.5
1 1 -14.28032988341283 127.05650168710346 -108.0
664
-------------------New----------------
0 0 -24.41071224831162 -17.983601123295728 118.5
0 1 -25.48632141617275 -13.458035226372761 108.5
1 0 -49.77166312687104 88.76600456514998 -117.5
1 1 -48.75769192258712 84.47026816012304 -108.0
667
-------------------New----------------
0 0 -17.82166896678839 8.236756188253391 118.5
0 1 -19.5826452363387 2.9667474522673762 108.5
1 0 -59.34409885903044 -116.16633674428991 -117.5
1 1 -57.67040012118425 -111.14974608263849 -108.0
673
-------------------New----------------
0 0 -35.53000984095706 -6.714090182903209 118.5
0 1 -34.46723942990447 -7.357466402971954 108.5
1 0 -10.636779971857987 -21.966444737610384 -117.5
1 1 -11.62993005485664 -21.35039182696846 -108.0
688
-------------------New----------------
0 0 -81.215730088955 -3.0580867793300133 118.5
0 1 -80.24377241212076 0.06629466853352797 108.5
1 0 -58.304803441054574 70.73629271875423 -117.5
1 1 -59.22434510768659 67.76436356859064 -108.0
696
-------------------New----------------
0 0 107.17984996492021 -113.26220543194572 118.5
0 1 107.91285949395908 -112.30645479153254 108.5
1 0 124.47279849999595 -90.69255844535833 -117.5
1 1 123.77610922769001 -91.60119502729002 -108.0
697
-------------------New----------------
0 0 54.09880491231729 -20.542492600729485 118.5
0 1 49.78538988673961 -24.82819592915766 108.5
1 0 -47.990151533984545 -121.60248090797502 -117.5
1 1 -43.86300674998584 -117.5419860907662 -108.0
701
-------------------New----------------
0 0 24.74272439239036 -111.6566043805697 118.5
0 1 22.44902457688957 -111.39146996875616 108.5
1 0 -29.720756932498226 -105.71190981566922 -117.5
1 1 -27.514619520900993 -105.94145741105156 -108.0
704
-------------------New----------------
0 0 -6.048379523500259 63.60007032045443 118.5
0 1 -5.9752013274783495 59.659117957419895 108.5
1 0 -4.27256729324564 -29.200794707033527 -117.5
1 1 -4.340428354426504 -25.46592849611974 -108.0
707
-------------------New----------------
0 0 64.09317903481835 -23.99432472284468 118.5
0 1 63.408921900405176 -27.94223846567477 108.5
1 0 48.125971771388805 -116.89538535885154 -117.5
1 1 48.74830687036297 -113.15389961439521 -108.0
713
-------------------New----------------
0 0 -68.05341149142225 -64.49347239149527 118.5
0 1 -65.03693433686759 -64.56336192507732 108.5
1 0 3.149348842327188 -66.18693641163027 -117.5
1 1 0.2821207454518005 -66.11902135228382 -108.0
721
-------------------New----------------
0 0 49.29295289275754 -41.301625442792925 118.5
0 1 47.40449191920155 -43.71414188949855 108.5
1 0 4.283175700098312 -98.57586695245797 -117.5
1 1 6.105961796407032 -96.25666037762517 -108.0
723
-------------------New----------------
0 0 73.61644362527497 80.93523603640178 118.5
0 1 72.32133200831123 82.06292918191949 108.5
1 0 43.14322160882626 107.54745786584333 -117.5
1 1 44.365638270850766 106.47736316382573 -108.0
724
-------------------New----------------
0 0 -29.37078281522134 -38.23880514444072 118.5
0 1 -31.635239701054594 -38.99791200657775 108.5
1 0 -83.081130893537 -55.60607841427618 -117.5
1 1 -80.96641804815637 -54.910493164342334 -108.0
732
-------------------New----------------
0 0 -6.838001878657676 -70.08031155528771 118.5
0 1 -4.891420368019204 -68.03702856963626 108.5
1 0 39.14753812853997 -21.800344997162988 -117.5
1 1 37.294297662555216 -23.746137864518072 -108.0
741
-------------------New----------------
0 0 -30.78999772600942 -25.11418157042781 118.5
0 1 -34.56625966093924 -24.998083375266308 108.5
1 0 -119.87165780920809 -22.3582898926156 -117.5
1 1 -116.28550454290351 -22.469408205243734 -108.0
746
-------------------New----------------
0 0 -27.63068102421344 -73.12845578658813 118.5
0 1 -29.0211567268488 -69.95181019482267 108.5
1 0 -60.46993891603597 1.8376285384373527 -117.5
1 1 -59.14736087635081 -1.175339775380418 -108.0
751
-------------------New----------------
0 0 57.97513913289153 13.809302199707057 118.5
0 1 53.73360421318896 17.81282027016778 108.5
1 0 -42.2297334842398 108.74946555700308 -117.5
1 1 -38.20838069464562 104.9106256930215 -108.0
753
-------------------New----------------
0 0 -58.715620856117525 -101.85730793272458 118.5
0 1 -60.81311258595857 -102.13492963998155 108.5
1 0 -108.25689216482363 -108.43681544624494 -117.5
1 1 -106.26123620952778 -108.17131432313074 -108.0
754
-------------------New----------------
0 0 -5.203080942450983 -25.45157265979593 118.5
0 1 -3.0948888044187726 -27.402605831679836 108.5
1 0 44.70359194666994 -71.60103716475206 -117.5
1 1 42.67207903512044 -69.7267755826984 -108.0
760
-------------------New----------------
0 0 62.96709770968802 65.23023072183216 118.5
0 1 60.99905140107003 66.31570818445547 108.5
1 0 16.62459941423348 90.87498796375564 -117.5
1 1 18.486051610397958 89.83872346455931 -108.0
773
-------------------New----------------
0 0 -26.126482835050673 -42.40163721136606 118.5
0 1 -28.814463795232502 -43.94983718778123 108.5
1 0 -89.5527660396625 -78.9156298792012 -117.5
1 1 -87.0006145704212 -77.44678563063488 -108.0
784
-------------------New----------------
0 0 2.0949167845647656 31.73418657044646 118.5
0 1 -1.5104016240440745 33.39530735127094 108.5
1 0 -82.9965343377749 71.0165911825091 -117.5
1 1 -79.57103527720957 69.4304945031637 -108.0
796
-------------------New----------------
0 0 67.98984721098995 31.850277231057056 118.5
0 1 64.37009849207848 33.24701122183301 108.5
1 0 -17.444321561135173 64.77855509676456 -117.5
1 1 -14.002383439637011 63.455730770503195 -108.0
799
-------------------New----------------
0 0 -36.191844853777226 78.1820884600057 118.5
0 1 -33.33713165222212 77.42764559402144 108.5
1 0 31.18865566532415 60.37192179367935 -117.5
1 1 28.476031577837084 61.08974013496692 -108.0
803
-------------------New----------------
0 0 -14.763311716827294 41.618978041415424 118.5
0 1 -9.98220351489359 43.099350149446714 108.5
1 0 98.05692934662419 76.53702404162058 -117.5
1 1 93.51588666107648 75.13186019112382 -108.0
804
-------------------New----------------
0 0 -105.8622332567711 -49.63720645729035 118.5
0 1 -104.88696388232081 -51.0130583157607 108.5
1 0 -82.93266772069951 -82.46666549735218 -117.5
1 1 -83.84586573940909 -81.1260171348612 -108.0
819
-------------------New----------------
0 0 8.545060895292421 114.83237001942027 118.5
0 1 11.106084284112203 114.07237877199239 108.5
1 0 68.94627062930577 96.89054453390874 -117.5
1 1 66.5158791368211 97.61395726390596 -108.0
820
-------------------New----------------
0 0 -34.66293815693498 103.54435378524424 118.5
0 1 -29.62325264210603 103.09339163645689 108.5
1 0 84.29345028018882 93.10270557063122 -117.5
1 1 79.51047827465784 93.5182961881114 -108.0
821
-------------------New----------------
0 0 -39.75227423503697 45.59071537174588 118.5
0 1 -41.77148052615517 41.73587032032328 108.5
1 0 -86.80946073183087 -44.82643148150779 -117.5
1 1 -84.91649830284376 -41.20039580884806 -108.0
824
-------------------New----------------
0 0 -91.64048921507319 26.29217762074582 118.5
0 1 -92.97966856151899 26.161709930584458 108.5
1 0 -123.27659590837409 23.150894204547626 -117.5
1 1 -121.9983811576946 23.280017078335668 -108.0
825
-------------------New----------------
0 0 -39.267339715046624 -27.22352778597928 118.5
0 1 -40.28125104014852 -26.641325514622167 108.5
1 0 -63.121710226268746 -13.57398581453453 -117.5
1 1 -62.16348085725592 -14.119405596604244 -108.0
827
-------------------New----------------
0 0 -26.454826247247468 1.3968434438126764 118.5
0 1 -25.773975489726684 6.030238445126474 108.5
1 0 -10.33651433077185 110.7587383062815 -117.5
1 1 -10.97604964363395 106.36432437232529 -108.0
841
-------------------New----------------
0 0 -74.91708520025318 37.90846967184051 118.5
0 1 -74.50117508601964 41.59230807510322 108.5
1 0 -65.40878930372347 124.58812760078959 -117.5
1 1 -65.76777967931694 121.11521144442277 -108.0
851
-------------------New----------------
0 0 3.634692171840949 10.178157480362275 118.5
0 1 8.004879836072519 8.751295450384339 108.5
1 0 106.93008457128697 -23.387427150961052 -117.5
1 1 102.76486251674983 -22.04400049951998 -108.0
856
-------------------New----------------
0 0 77.1482037103107 -49.596597558225284 118.5
0 1 77.08367655768265 -44.46772019838551 108.5
1 0 75.65497134118114 71.42346354368661 -117.5
1 1 75.71491063793985 66.5534551802222 -108.0
874
-------------------New----------------
0 0 63.894508872014114 -24.793508669026785 118.5
0 1 59.3533839398698 -24.649856749328343 108.5
1 0 -43.36420575691822 -21.510190920589697 -117.5
1 1 -39.04794573093436 -21.636191214310067 -108.0
877
-------------------New----------------
0 0 1.078444177710476 3.5118563409697976 118.5
0 1 -3.667777324068723 1.3754760091314513 108.5
1 0 -110.92031071352616 -46.8867632299801 -117.5
1 1 -106.41248182655049 -44.858622478192885 -108.0
885
-------------------New----------------
0 0 -81.55065229031314 66.20330690920164 118.5
0 1 -79.0655277568778 68.59134288708168 108.5
1 0 -22.966276921245203 122.3667686486516 -117.5
1 1 -25.3179020789232 120.11062409746455 -108.0
888
-------------------New----------------
0 0 -26.67626063189592 41.483058650580816 118.5
0 1 -26.293321906225696 42.62699798105333 108.5
1 0 -17.642329287386254 68.48106839630071 -117.5
1 1 -18.005813804009485 67.3938131123438 -108.0
893
-------------------New----------------
0 0 0.2765607362670911 -30.85592317930577 118.5
0 1 2.249846926924708 -27.247594729233118 108.5
1 0 46.78930888832048 54.214346482759176 -117.5
1 1 44.91868660603118 50.7904798965471 -108.0
897
-------------------New----------------
0 0 14.741862997336057 -47.63711726607538 118.5
0 1 18.402678611080372 -46.32853135661573 108.5
1 0 103.01306417397566 -16.097011082364737 -117.5
1 1 99.38930534172222 -17.458992730371346 -108.0
901
-------------------New----------------
0 0 -86.30511935496199 -63.8993072354168 118.5
0 1 -83.83108210367783 -64.35583327537276 108.5
1 0 -28.021398289083084 -74.48709943812375 -117.5
1 1 -30.36211683199694 -74.0676333492776 -108.0
908
-------------------New----------------
0 0 110.42785701965428 -70.11147783563732 118.5
0 1 109.53824903988951 -67.65015260647803 108.5
1 0 89.52756436318859 -11.90828676605469 -117.5
1 1 90.36353090096745 -14.254012700696663 -108.0
912
-------------------New----------------
0 0 97.54060828428779 54.830338850928584 118.5
0 1 98.14897775772147 49.58252088267178 108.5
1 0 111.91964163613201 -69.03289876215209 -117.5
1 1 111.34226605895739 -64.04826389907215 -108.0
913
-------------------New----------------
0 0 -39.342363819819596 32.73932706095608 118.5
0 1 -38.336807741327064 34.810665784967306 108.5
1 0 -15.587925824069293 81.65064379422199 -117.5
1 1 -16.54507775380975 79.6805415139162 -108.0
916
-------------------New----------------
0 0 100.69380971673407 -48.88769941426245 118.5
0 1 100.97696249807136 -50.42181912062672 108.5
1 0 107.32382067331949 -85.20728634943612 -117.5
1 1 107.05600030257582 -83.74273587243762 -108.0
928
-------------------New----------------
0 0 -32.31800891319422 74.63068150209499 118.5
0 1 -36.18661396744824 71.17848079293204 108.5
1 0 -123.64705674084885 -6.875802138809138 -117.5
1 1 -119.96983155524417 -3.5911302391880247 -108.0
930
-------------------New----------------
0 0 -86.68639923122949 32.73730409494063 118.5
0 1 -88.1252049566146 32.32187291535173 108.5
1 0 -120.60628327220502 22.920937397407567 -117.5
1 1 -119.24229889959224 23.315468327033635 -108.0
931
-------------------New----------------
0 0 82.11523622881754 6.901361047518913 118.5
0 1 83.70427482606146 4.1360088328516005 108.5
1 0 119.59531955673533 -58.33337929760486 -117.5
1 1 118.08769544220434 -55.708632534078575 -108.0
932
-------------------New----------------
0 0 48.93797451844055 -95.49050503762996 118.5
0 1 51.45086606886768 -93.66894099291531 108.5
1 0 108.31377246614527 -52.50446954574268 -117.5
1 1 105.92085196753871 -54.234652104071884 -108.0
941
-------------------New----------------
0 0 66.66271822104572 -13.536909756224503 118.5
0 1 63.88722475860569 -9.282794673275095 108.5
1 0 1.1812289317422298 86.83186806383226 -117.5
1 1 3.8170936493340806 82.79055500738575 -108.0
956
-------------------New----------------
0 0 -6.087676043327098 -71.6760823083018 118.5
0 1 -1.9992913940408505 -69.32020857094389 108.5
1 0 90.37436845847903 -16.054152580205788 -117.5
1 1 86.49334671855654 -18.297472275612172 -108.0
958
-------------------New----------------
0 0 -21.537673087348605 -21.53962892975301 118.5
0 1 -17.60062168786522 -19.393332714070304 108.5
1 0 71.37912646725583 29.10820835359981 -117.5
1 1 67.63863356924074 27.069663158898642 -108.0
969
-------------------New----------------
0 0 -86.12776209826364 -88.41689530684786 118.5
0 1 -87.67322383660016 -86.87117729812623 108.5
1 0 -122.47890182948625 -51.60621042654562 -117.5
1 1 -121.00207179345018 -53.09393015774191 -108.0
978
-------------------New----------------
0 0 120.38992362318598 35.30471243591105 118.5
0 1 120.17481434487748 34.976134370712664 108.5
1 0 115.4191394798025 27.518596538339732 -117.5
1 1 115.61583013305444 27.83438152643493 -108.0
979
-------------------New----------------
0 0 -52.685874856992164 -13.850809500726868 118.5
0 1 -51.37131658957774 -14.48839266901835 108.5
1 0 -21.782947521378563 -28.784685890026328 -117.5
1 1 -23.018791014360232 -28.184435540865245 -108.0
981
-------------------New----------------
0 0 27.63112275631006 -12.261650711292155 118.5
0 1 25.520187840703723 -16.194183737693884 108.5
1 0 -22.140353273988488 -105.11781474048848 -117.5
1 1 -20.139944274136013 -101.37712808032742 -108.0
984
-------------------New----------------
0 0 -109.21604883573359 45.115403285563865 118.5
0 1 -109.83453134602121 47.194996202451385 108.5
1 0 -123.88854250654553 94.252162978695 -117.5
1 1 -123.2945676024934 92.27441127554751 -108.0
988
-------------------New----------------
0 0 -17.829929603963127 16.782608030087367 118.5
0 1 -14.969036446325077 14.569780771863051 108.5
1 0 49.70193703151572 -35.45585559036876 -117.5
1 1 46.98519213865124 -33.351188267227414 -108.0
994
-------------------New----------------
0 0 6.002339390232087 64.13704469941068 118.5
0 1 8.435387541996528 61.9823874310967 108.5
1 0 63.37938220522036 13.193068669421937 -117.5
1 1 61.07223011181136 15.247399523037421 -108.0
1004
-------------------New----------------
0 0 -23.111214857971124 -20.22514071541487 118.5
0 1 -21.529538027908348 -18.144876592883566 108.5
1 0 14.187259540671292 28.868651165546027 -117.5
1 1 12.688286647754216 26.8899688015062 -108.0
1013
-------------------New----------------
0 0 -19.302116280556206 83.1027565372954 118.5
0 1 -13.276935063711514 84.40231449537887 108.5
1 0 122.84152076869186 113.90765019639905 -117.5
1 1 117.12150309418527 112.66062136327082 -108.0
1014
-------------------New----------------
0 0 51.44690874328294 -63.042477041758715 118.5
0 1 47.11540353821303 -64.9635315245973 108.5
1 0 -50.80918480797574 -108.41047708811827 -117.5
1 1 -46.69010123485145 -106.58253574130761 -108.0
1017
-------------------New----------------
0 0 20.245221773973586 60.70544154188254 118.5
0 1 19.899743708906904 59.39649669840158 108.5
1 0 12.071680165348965 29.8284306989129 -117.5
1 1 12.401150926386304 31.071418997997775 -108.0
1019
-------------------New----------------
0 0 -85.69751535361229 19.896083223909315 118.5
0 1 -86.33472058377806 19.180897366572484 108.5
1 0 -100.76905031199628 3.002309306859752 -117.5
1 1 -100.15847348716883 3.68472137439664 -108.0
1021
-------------------New----------------
0 0 8.205839257885119 48.341195761044645 118.5
0 1 5.956886424872441 44.38601659741424 108.5
1 0 -44.713666659743566 -47.682516613992206 -117.5
1 1 -42.590082020876096 -43.69663957962771 -108.0
1022
-------------------New----------------
0 0 5.597949264483114 -61.97048636386931 118.5
0 1 0.3644146387624758 -58.10436995288059 108.5
1 0 -117.82649197682467 29.368226028521832 -117.5
1 1 -112.85746797119889 25.685697864609203 -108.0
1026
-------------------New----------------
0 0 38.05001418880467 54.984497484434556 118.5
0 1 36.62089780062166 57.26051441235428 108.5
1 0 4.265255283467816 108.7264955873338 -117.5
1 1 5.629089870019507 106.56285264771873 -108.0
1039
-------------------New----------------
0 0 34.46212394965908 4.150985624279451 118.5
0 1 32.422058658408375 1.3621283516976728 108.5
1 0 -13.651602910477635 -61.67982026383388 -117.5
1 1 -11.711481863474287 -59.02864149624359 -108.0
1042
-------------------New----------------
0 0 -22.75364528418198 -18.108739934542186 118.5
0 1 -23.30429285132501 -16.49494144090089 108.5
1 0 -35.91156174592018 18.295138802154575 -117.5
1 1 -35.377906415780004 16.90757382882861 -108.0
1045
-------------------New----------------
0 0 10.778662784965473 13.179251164361512 118.5
0 1 9.538151438981057 11.718771443891077 108.5
1 0 -18.768259883493585 -21.282427454559034 -117.5
1 1 -17.573022692446894 -19.8959051847056 -108.0
1048
-------------------New----------------
0 0 31.234809839412083 9.269369154285894 118.5
0 1 25.672067664429743 3.937559048209421 108.5
1 0 -100.14679543316818 -116.67027111717933 -117.5
1 1 -94.85317590431397 -111.59454558172138 -108.0
1053
-------------------New----------------
0 0 -31.882756107705273 94.51851510500555 118.5
0 1 -25.663993224658384 95.30818228387247 108.5
1 0 114.85187629165378 113.19108466525583 -117.5
1 1 108.94976330338105 112.43786700555775 -108.0
1056
-------------------New----------------
0 0 13.990643557988104 32.83335757554807 118.5
0 1 11.245409603412478 33.43716587232639 108.5
1 0 -50.83130049661366 47.058713215597734 -117.5
1 1 -48.21697853193599 46.48644212306068 -108.0
1064
-------------------New----------------
0 0 -59.463097700316425 -99.37567977445906 118.5
0 1 -60.791038448524624 -97.49039585758777 108.5
1 0 -90.77606977027607 -54.89348542934275 -117.5
1 1 -89.5151556206728 -56.68333684098072 -108.0
1068
-------------------New----------------
0 0 19.193478157798275 -94.18516656011882 118.5
0 1 23.299054044664953 -93.81267767446869 108.5
1 0 116.07345075035 -85.38850092661217 -117.5
1 1 112.17208368643075 -85.74150549446388 -108.0
1079
-------------------New----------------
0 0 -30.357523230098188 40.94697254516895 118.5
0 1 -26.472030997994437 36.51104331356772 108.5
1 0 61.679473267540324 -64.44891911365238 -117.5
1 1 57.96680112132382 -60.187261571113574 -108.0
1092
-------------------New----------------
0 0 -31.61673993347356 -52.821432578438646 118.5
0 1 -31.84777739191677 -52.509536985782646 108.5
1 0 -37.06479017955107 -45.41795864112026 -117.5
1 1 -36.845880062516734 -45.717404652058356 -108.0
1093
-------------------New----------------
0 0 -86.53885492420918 110.38202742467038 118.5
0 1 -87.53404693612876 111.02095406680817 108.5
1 0 -109.8353167583851 124.86366936927807 -117.5
1 1 -108.877242239461 124.2803972721122 -108.0
1095
-------------------New----------------
0 0 9.481576648703841 -10.469392915379142 118.5
0 1 11.224976773422842 -9.250060148359392 108.5
1 0 50.68709552485588 18.437111204773082 -117.5
1 1 49.020883441982946 17.265136784772192 -108.0
1098
-------------------New----------------
0 0 -87.6835346437843 -51.46388936753967 118.5
0 1 -85.87523893272166 -50.32586672214168 108.5
1 0 -45.2872713939384 -24.335242642590764 -117.5
1 1 -46.97612963549385 -25.459966198764604 -108.0
1104
-------------------New----------------
0 0 48.269957080740426 -107.09408604116388 118.5
0 1 49.57491651735553 -107.43079241918676 108.5
1 0 79.18389948209648 -115.13269435282102 -117.5
1 1 77.94354754961952 -114.80206125821363 -108.0
1110
-------------------New----------------
0 0 25.812633051222587 -37.959617283271555 118.5
0 1 22.987967270999487 -33.201273893445936 108.5
1 0 -40.90977991647061 74.32289964525184 -117.5
1 1 -38.21911297336493 69.8001881263011 -108.0
1112
-------------------New----------------
0 0 110.84247158196672 50.81899867283655 118.5
0 1 110.5264751418385 51.02734630725101 108.5
1 0 103.40051693983685 55.72693120975326 -117.5
1 1 103.70194306381848 55.52850007142386 -108.0
1122
-------------------New----------------
0 0 -69.85042211379684 26.34382947837788 118.5
0 1 -72.15458539610935 20.663155881999288 108.5
1 0 -124.28453587207218 -107.65813126508965 -117.5
1 1 -122.09306959213764 -102.2656247947463 -108.0
1123
-------------------New----------------
0 0 -13.091771155326631 33.507232333753215 118.5
0 1 -7.19888882219014 32.3885658351685 108.5
1 0 125.71708924835555 7.2037581505474275 -117.5
1 1 120.14097445249561 8.264157463276012 -108.0
1126
-------------------New----------------
0 0 -39.97084302219329 15.67239702098841 118.5
0 1 -34.88870504480485 14.985013322947117 108.5
1 0 79.91384764978362 -0.48477607071034845 -117.5
1 1 75.08775932862943 0.16658525883442543 -108.0
1131
-------------------New----------------
0 0 -73.98346900341247 83.87582682082999 118.5
0 1 -73.5004884121486 81.22980846676694 108.5
1 0 -62.95286098567776 21.478002798222697 -117.5
1 1 -63.38877466079809 24.009236047777325 -108.0
1132
-------------------New----------------
0 0 0.9241841314566654 96.70934472911948 118.5
0 1 0.9237177206472549 94.94692541914972 108.5
1 0 0.902926589915818 55.04266100956509 -117.5
1 1 0.9049542576999381 56.72068581723978 -108.0
1142
-------------------New----------------
0 0 -0.6595677964174392 29.213347979656806 118.5
0 1 -5.812997533060089 32.41275586207611 108.5
1 0 -122.37526112993191 104.6737532420691 -117.5
1 1 -117.47446064982626 101.6426033036136 -108.0
1145
-------------------New----------------
0 0 41.52393285204735 -14.216932122104918 118.5
0 1 38.304493045324264 -14.002813397767815 108.5
1 0 -34.460592369265484 -8.968710971028585 -117.5
1 1 -31.396019220351526 -9.18119611311592 -108.0
1150
-------------------New----------------
0 0 -5.840292045352806 34.76357071424668 118.5
0 1 -2.921141252025053 37.11619862181219 108.5
1 0 63.066950319609795 90.29048104362198 -117.5
1 1 60.2920473154647 88.05446903663358 -108.0
1152
-------------------New----------------
0 0 108.95886394964164 -8.163754270050465 118.5
0 1 108.4957648771971 -5.545433162087775 108.5
1 0 98.04523818796947 53.58498764719879 -117.5
1 1 98.48250319853767 51.100044617439885 -108.0
1159
-------------------New----------------
0 0 9.470381356538201 -87.457407291593 118.5
0 1 9.29551098463553 -85.65915117679164 108.5
1 0 5.3709197433107985 -45.00352024889938 -117.5
1 1 5.537679597696197 -46.71255881430454 -108.0
1163
-------------------New----------------
0 0 -64.843430082922 106.76048419992927 118.5
0 1 -63.37915569999338 106.68793080203139 108.5
1 0 -30.189301577589255 104.99144918216969 -117.5
1 1 -31.580383298937146 105.06683128306875 -108.0
1164
-------------------New----------------
0 0 86.75076571646441 -4.9939365606839115 118.5
0 1 87.21079686340087 -4.142708318057941 108.5
1 0 97.60778809700366 15.094647548081005 -117.5
1 1 97.17029590565059 14.285854985015103 -108.0
1174
-------------------New----------------
0 0 -81.21098519641666 59.87293624317905 118.5
0 1 -82.14802983961778 61.1032737303355 108.5
1 0 -103.40850708431822 88.48716685343634 -117.5
1 1 -102.51767483707397 87.35609268469719 -108.0
1183
-------------------New----------------
0 0 -9.608621831351023 96.58134548756632 118.5
0 1 -6.434229104825979 97.7169594065106 108.5
1 0 65.32102002420488 123.34438380343761 -117.5
1 1 62.30548996879811 122.26677046356727 -108.0
1194
-------------------New----------------
0 0 -38.436539807804934 118.70055722427716 118.5
0 1 -34.907462350200504 118.04568897299995 108.5
1 0 44.949774446480816 103.26015858655221 -117.5
1 1 41.58776525644618 103.88484342440242 -108.0
1198
-------------------New----------------
0 0 58.99901911010642 -99.32995685920407 118.5
0 1 59.99720059036474 -98.38023714029444 108.5
1 0 82.5553980310611 -76.92150504376488 -117.5
1 1 81.60698579781523 -77.82308133958972 -108.0
1201
-------------------New----------------
0 0 56.31045412681243 -96.61725293343396 118.5
0 1 56.46041170887433 -96.42143207355988 108.5
1 0 59.813122583751216 -92.02844698235887 -117.5
1 1 59.66599341438486 -92.21214455436439 -108.0
1208
-------------------New----------------
0 0 84.68623540723209 -52.977151880618564 118.5
0 1 82.55408378442318 -54.127458719386496 108.5
1 0 34.32381726388641 -80.37413261456555 -117.5
1 1 36.347403440736244 -79.2682172839593 -108.0
1209
-------------------New----------------
0 0 64.10538017362187 11.379468664971249 118.5
0 1 62.26465259402481 7.71140654074032 108.5
1 0 20.659532630177257 -75.29873276029663 -117.5
1 1 22.41228597344596 -71.81366898288427 -108.0
1215
-------------------New----------------
0 0 49.98338500138355 23.359197612570036 118.5
0 1 49.569384265439986 25.487526541713425 108.5
1 0 40.224141183865754 73.56999562567105 -117.5
1 1 40.61518000648532 71.5486006168488 -108.0
1217
-------------------New----------------
0 0 38.89067046601913 53.87950072546958 118.5
0 1 40.60699761258446 52.540621018036894 108.5
1 0 79.28364157054703 21.96573909112144 -117.5
1 1 77.66497800615777 23.25164300992399 -108.0
1219
-------------------New----------------
0 0 -12.189572276992475 -44.81356396735036 118.5
0 1 -10.506074440160186 -44.99477890875623 108.5
1 0 27.579975280556358 -49.089884054624534 -117.5
1 1 25.978091882005735 -48.918929960199485 -108.0
1223
-------------------New----------------
0 0 -27.194335080733794 -93.11583934138567 118.5
0 1 -27.490939902493135 -92.75911074686567 108.5
1 0 -34.35908444449586 -85.04137941494331 -117.5
1 1 -34.07133596693827 -85.36071543418089 -108.0
1234
-------------------New----------------
0 0 -11.756634028288806 -29.92072943751048 118.5
0 1 -11.516000691268811 -24.648935984194736 108.5
1 0 -6.140172285760315 94.4361704652385 -117.5
1 1 -6.3644681698507215 89.43097418770505 -108.0
1239
-------------------New----------------
0 0 51.21409346999511 18.87483676879887 118.5
0 1 54.14155236178171 22.69930696263727 108.5
1 0 120.28084266629462 109.10639372503249 -117.5
1 1 117.49979778716325 105.4713995870774 -108.0
1241
-------------------New----------------
0 0 60.22761719936237 -23.500704561219443 118.5
0 1 62.93978388136749 -20.72537509752553 108.5
1 0 124.23969551742785 41.99867754027541 -117.5
1 1 121.66026970276259 39.36058310335728 -108.0
1244
-------------------New----------------
0 0 -30.66153887515609 15.734431282136338 118.5
0 1 -31.164796851387813 18.1401522673599 108.5
1 0 -42.49400558834171 72.57081803674447 -117.5
1 1 -42.019722558615115 70.28132540809753 -108.0
1245
-------------------New----------------
0 0 44.62077949878325 87.49149737400616 118.5
0 1 45.22603764822959 86.73815225399139 108.5
1 0 58.895300252802805 69.73754697623984 -117.5
1 1 58.32287957054532 70.45170725037569 -108.0
1247
-------------------New----------------
0 0 43.16733620619404 -83.12684679616885 118.5
0 1 43.451173892004114 -82.98090013013622 108.5
1 0 49.71858229662361 -79.26670963833624 -117.5
1 1 49.46360663130204 -79.43262366200749 -108.0
1257
-------------------New----------------
0 0 -83.6576290931784 -22.172879110052175 118.5
0 1 -80.51566609120754 -25.199047993961095 108.5
1 0 -9.62612458574029 -93.59536134303895 -117.5
1 1 -12.597410126494726 -90.71941477585445 -108.0
1263
-------------------New----------------
0 0 77.77959504907128 -17.702931587085008 118.5
0 1 79.63336781130099 -16.767339609508234 108.5
1 0 121.49711559977797 4.381934665108205 -117.5
1 1 119.74044039206896 3.492970838547263 -108.0
1270
-------------------New----------------
0 0 24.449337667159778 38.536385547218444 118.5
0 1 27.40201501200982 41.54893445477004 108.5
1 0 94.11206851692347 109.67289134999471 -117.5
1 1 91.30725143616198 106.8086017839141 -108.0
1280
-------------------New----------------
0 0 52.046588592560525 21.12795958535503 118.5
0 1 51.53483210488903 17.798136618884627 108.5
1 0 40.148230217259595 -57.90354512307167 -117.5
1 1 40.61980875930463 -54.72883654115776 -108.0
1281
-------------------New----------------
0 0 27.943729311543485 29.751184280716387 118.5
0 1 29.501258480768012 31.330954673462475 108.5
1 0 64.68799817638367 67.04297634103764 -117.5
1 1 63.20798658631967 65.5417234660537 -108.0
1282
-------------------New----------------
0 0 42.544044809580456 58.36955697390505 118.5
0 1 40.07326777131368 54.07456678252587 108.5
1 0 -15.822498530960107 -42.99848124448165 -117.5
1 1 -13.4997725800875 -38.87792452433985 -108.0
1286
-------------------New----------------
0 0 -16.09770874976862 60.47685589359209 118.5
0 1 -20.02459929525147 59.458810402390974 108.5
1 0 -108.89431964303019 36.31264829218922 -117.5
1 1 -105.14804972275788 37.29371475270583 -108.0
1289
-------------------New----------------
0 0 -56.83376531237208 -7.955700037050214 118.5
0 1 -57.82550854714076 -5.414970636821821 108.5
1 0 -79.16496588754451 52.45064477606276 -117.5
1 1 -78.37846979006096 49.828732341467315 -108.0
1290
-------------------New----------------
0 0 63.0903058017131 -64.1186734036742 118.5
0 1 62.26073370221572 -63.611772738380424 108.5
1 0 43.57755262646925 -52.13095184399125 -117.5
1 1 44.36010872430389 -52.61944711324861 -108.0
1293
-------------------New----------------
0 0 49.766516046937596 19.743757285338788 118.5
0 1 48.85088977552881 16.481905378690794 108.5
1 0 28.16352336074717 -57.236654570847165 -117.5
1 1 29.031684247469013 -54.13960728578405 -108.0
1304
-------------------New----------------
0 0 4.2272470848575425 -19.19470604258543 118.5
0 1 7.298478301114207 -18.278202229500458 108.5
1 0 76.70683119295032 2.427114567525989 -117.5
1 1 73.78968382922922 1.5582131186155395 -108.0
1315
-------------------New----------------
0 0 48.596349037470375 78.39207363263948 118.5
0 1 52.93817494427473 76.90637915714613 108.5
1 0 65.19170919514248 108.08730033566592 -117.5
1 1 64.99865676002852 106.56308700562101 -108.0
1317
-------------------New----------------
0 0 30.333226672454156 -1.754601708298177 118.5
0 1 32.31313843829331 -1.7236950362901662 108.5
1 0 77.04609025486418 -1.0326125885035435 -117.5
1 1 75.16612949159529 -1.0617930590730924 -108.0
1320
-------------------New----------------
0 0 0.910370145138009 -7.709846442664054 118.5
0 1 4.237371748516821 -2.9323739906926005 108.5
1 0 79.43604351839971 104.93285919083185 -117.5
1 1 76.27693742627211 100.40332481649716 -108.0
1334
-------------------New----------------
0 0 92.93665745009562 104.76980385800728 118.5
0 1 90.63672342064908 104.07428530451936 108.5
1 0 38.55148391596782 88.336589786058 -117.5
1 1 40.74592962479049 88.99928546667522 -108.0
1336
-------------------New----------------
0 0 -2.201818764781269 -19.795516411624543 118.5
0 1 1.4161630396778428 -22.396815806719665 108.5
1 0 83.31124461419645 -81.17400509821213 -117.5
1 1 79.8579527674681 -78.69975226449118 -108.0
1337
-------------------New----------------
0 0 58.76545952872785 -17.331709895693223 118.5
0 1 59.08249291351818 -16.65128141286343 108.5
1 0 66.22504294083781 -1.4533894794904163 -117.5
1 1 65.9231343405076 -2.0883161900085616 -108.0
1340
-------------------New----------------
0 0 -47.59630635105755 -63.907442363622046 118.5
0 1 -43.37274589835893 -65.90930991555538 108.5
1 0 51.91748561649895 -110.55737660181856 -117.5
1 1 47.923087481709615 -108.68917015320156 -108.0
1342
-------------------New----------------
0 0 75.12695823114585 12.412458112817232 118.5
0 1 73.59099514979103 11.27629317350202 108.5
1 0 38.89378148563175 -14.424775857056352 -117.5
1 1 40.3516716906437 -13.344427362428144 -108.0
1345
-------------------New----------------
0 0 35.823168552624324 -30.84296984587578 118.5
0 1 30.047527471645026 -32.29350401659439 108.5
1 0 -100.3837221146475 -64.93214941587392 -117.5
1 1 -94.90589565783777 -63.557628661172075 -108.0
1366
-------------------New----------------
0 0 11.972778415654938 36.29695998520127 118.5
0 1 10.661991995309002 37.6979345580897 108.5
1 0 -19.022064946993773 69.0804615490367 -117.5
1 1 -17.77184081741303 67.7613973028209 -108.0
1367
-------------------New----------------
0 0 -33.579903083205586 -57.14166672531346 118.5
0 1 -29.73074574768077 -58.64699417739412 108.5
1 0 57.31533341820553 -92.68927114200315 -117.5
1 1 53.65984179961837 -91.25872150119093 -108.0
1379
-------------------New----------------
0 0 -60.89968036400718 36.341606508620444 118.5
0 1 -57.13538306557907 32.21486369332132 108.5
1 0 27.956303936861815 -61.04873711635793 -117.5
1 1 24.379029746705086 -57.128611004800504 -108.0
1380
-------------------New----------------
0 0 10.976281147327501 31.12729529591859 118.5
0 1 5.342014589938442 30.175526071868717 108.5
1 0 -122.08970919072533 8.649242743466866 -117.5
1 1 -116.73425819418699 9.54910242349057 -108.0
1398
-------------------New----------------
0 0 62.75801208987101 99.29745881838332 118.5
0 1 62.224336830566486 99.83687420932608 108.5
1 0 50.140915187982515 112.0461319288451 -117.5
1 1 50.64627178118812 111.53162501723509 -108.0
1400
-------------------New----------------
0 0 57.90340457531737 13.142655018476844 118.5
0 1 54.838681691866086 16.783348252203968 108.5
1 0 -14.446979017337402 99.09370958393058 -117.5
1 1 -11.532745314491663 95.6311271831132 -108.0
1402
-------------------New----------------
0 0 -37.35377116635592 -102.63926152761599 118.5
0 1 -33.611373283149206 -101.44205045990961 108.5
1 0 50.888641846930646 -74.36404716611824 -117.5
1 1 47.33689683172064 -75.50306075196497 -108.0
1406
-------------------New----------------
0 0 -68.21377983544909 -106.50629412296419 118.5
0 1 -64.77968592246931 -107.25653112906704 108.5
1 0 12.887310992652923 -124.18880722375168 -117.5
1 1 9.621852316586004 -123.47828970509188 -108.0
1413
-------------------New----------------
0 0 -34.62592124459276 49.47627772479103 118.5
0 1 -36.838750089653956 49.37933225654986 108.5
1 0 -86.8068002952978 47.20662376224776 -117.5
1 1 -84.70755038247901 47.297495046954495 -108.0
1414
-------------------New----------------
0 0 -53.522120670144105 -5.137304375844619 118.5
0 1 -52.34748662396928 -6.2600210603354824 108.5
1 0 -25.810801849706376 -31.88156941264097 -117.5
1 1 -26.934444660807834 -30.79648811724629 -108.0
1416
-------------------New----------------
0 0 -27.704632698895637 22.027600244958535 118.5
0 1 -25.503581284521786 19.635102866372083 108.5
1 0 24.343069275072178 -34.360262544514164 -117.5
1 1 22.248115756865996 -32.093537586527546 -108.0
1426
-------------------New----------------
0 0 -54.55287435461287 15.162525204793463 118.5
0 1 -49.572865489113 11.1223525369915 108.5
1 0 63.22721628507304 -80.03083220685686 -117.5
1 1 58.47947183254852 -76.20486398699697 -108.0
1428
-------------------New----------------
0 0 28.296079092623977 94.53298593005455 118.5
0 1 26.71584918341541 95.15733842736762 108.5
1 0 -9.202766752373423 109.01335908114523 -117.5
1 1 -7.656891698150777 108.44594194606854 -108.0
1432
-------------------New----------------
0 0 -74.13076768148002 -35.37938874553828 118.5
0 1 -70.46990891514412 -37.62043298933318 108.5
1 0 12.288126858887916 -88.31349465916927 -117.5
1 1 8.810473351083878 -86.18300187073842 -108.0
1440
-------------------New----------------
0 0 75.08633378433797 -7.753240484167307 118.5
0 1 72.91384350108125 -9.483082898807215 108.5
1 0 23.820086666390214 -48.58504619573324 -117.5
1 1 25.883484395565908 -46.94106356924357 -108.0
1441
-------------------New----------------
0 0 -102.68413794459312 -89.7570694543617 118.5
0 1 -102.23946513897174 -87.27689411642606 108.5
1 0 -92.188890982474 -31.207529961668065 -117.5
1 1 -92.61102815659638 -33.56488168412834 -108.0
1443
-------------------New----------------
0 0 61.030778577749075 -10.620801180994446 118.5
0 1 61.326621481243095 -10.219977891736717 108.5
1 0 68.0228715105164 -1.137580092344732 -117.5
1 1 67.74140593961528 -1.5195127306785488 -108.0
1446
-------------------New----------------
0 0 34.65151528640113 92.35841223832696 118.5
0 1 35.988062714218124 92.96362819009622 108.5
1 0 66.30159066390897 106.35904913872908 -117.5
1 1 65.00338048904601 105.83526392129974 -108.0
1452
-------------------New----------------
0 0 -12.439324877997763 74.43029628367034 118.5
0 1 -12.278823898056967 74.40677985654548 108.5
1 0 -8.325160479376583 73.73375477824995 -117.5
1 1 -8.470717887454509 73.74885630722329 -108.0
1454
-------------------New----------------
0 0 -35.48949782316349 -74.84061485212463 118.5
0 1 -38.571282327587554 -71.41277552301145 108.5
1 0 -108.21766387093768 6.054963346472556 -117.5
1 1 -105.28998731405522 2.7984350113970087 -108.0
1470
-------------------New----------------
0 0 29.875793635882417 35.965189766539694 118.5
0 1 30.23091386746002 36.75361248391402 108.5
1 0 38.26012302573923 54.577003969884245 -117.5
1 1 37.922120601022144 53.82751007855262 -108.0
1474
-------------------New----------------
0 0 41.882737969263374 -63.7096278425091 118.5
0 1 41.08498004322343 -61.6519527278644 108.5
1 0 23.067901076560357 -15.15525671549716 -117.5
1 1 23.824557223361296 -17.10889592087363 -108.0
1477
-------------------New----------------
0 0 45.098454169867814 74.839227576615 118.5
0 1 43.88371081064041 72.17567376112622 108.5
1 0 16.44414129964934 12.021617359261404 -117.5
1 1 17.598884040838254 14.54978275001893 -108.0
1485
-------------------New----------------
0 0 -104.29506386233909 56.3229965071004 118.5
0 1 -104.40656086862346 55.97899161399731 108.5
1 0 -106.90236506512323 48.1795044022255 -117.5
1 1 -106.79772155706758 48.50762160899278 -108.0
1498
-------------------New----------------
0 0 95.84143830105228 105.37148836772829 118.5
0 1 96.65778786866215 104.05139383279064 108.5
1 0 115.11319994839812 74.23851478781256 -117.5
1 1 114.33704315229258 75.49073470084483 -108.0
1501
-------------------New----------------
0 0 33.55091504804494 91.38262902352122 118.5
0 1 29.69009656283625 91.05411012917786 108.5
1 0 -57.58571562306427 83.62998539795807 -117.5
1 1 -53.92222581159236 83.94823874815913 -108.0
1505
-------------------New----------------
0 0 24.281889044246377 -46.03350979532963 118.5
0 1 26.636867952908762 -44.295807202271284 108.5
1 0 79.87610229243315 -5.01570389082786 -117.5
1 1 77.63885126656109 -6.666968416280072 -108.0
1512
-------------------New----------------
0 0 70.73014274267881 64.43091729062034 118.5
0 1 71.28793356804263 65.43996423854988 108.5
1 0 83.86751842967146 88.33145325615313 -117.5
1 1 83.34130846464997 87.36696456063756 -108.0
1521
-------------------New----------------
0 0 -21.922401539204635 29.087437532904357 118.5
0 1 -17.96305410226489 22.618509946931617 108.5
1 0 71.53799402878815 -123.59465841782085 -117.5
1 1 67.77543597598273 -117.44723973662735 -108.0
1522
-------------------New----------------
0 0 -107.81943990233704 18.657860878621484 118.5
0 1 -106.52932773605676 16.174265970178602 108.5
1 0 -77.38966697169975 -39.94735952707356 -117.5
1 1 -78.61486654985416 -37.58665606262809 -108.0
1527
-------------------New----------------
0 0 40.417271045790464 -34.48592921549486 118.5
0 1 40.4518369077344 -29.73259681022475 108.5
1 0 41.23327313003222 77.96337959339857 -117.5
1 1 41.19716139087294 73.43203446237209 -108.0
1528
-------------------New----------------
0 0 -27.387002853857688 -2.378474082807307 118.5
0 1 -31.46930880859884 -4.683139151334412 108.5
1 0 -123.73586625024453 -56.78343653672518 -117.5
1 1 -119.85614919893287 -54.59256356418407 -108.0
1533
-------------------New----------------
0 0 16.947146410499208 28.222048947338426 118.5
0 1 19.758921666530686 31.92140202992909 108.5
1 0 83.2588979106915 115.52312443653607 -117.5
1 1 80.59184687779836 112.00896371965351 -108.0
1534
-------------------New----------------
0 0 -47.42076310709076 23.41263128354178 118.5
0 1 -46.56322445282266 25.732596714110098 108.5
1 0 -27.23280694545918 78.18163503669162 -117.5
1 1 -28.045127181633568 75.97646819057802 -108.0
1536
-------------------New----------------
0 0 -70.21738471158982 -53.53967307815204 118.5
0 1 -66.8525410719234 -54.60222471414225 108.5
1 0 9.34483431724777 -78.69073346578523 -117.5
1 1 6.1036114196400995 -77.65299459749384 -108.0
1544
-------------------New----------------
0 0 -22.39704173333825 60.74216601849762 118.5
0 1 -20.56874186644065 59.389973287092765 108.5
1 0 21.16306826204394 28.61714124317416 -117.5
1 1 19.372826528584508 29.936074763467126 -108.0
1546
-------------------New----------------
0 0 -2.1260281556089673 -21.21153267220261 118.5
0 1 2.142597654189866 -19.755355545253174 108.5
1 0 98.58119673093947 13.167496301474355 -117.5
1 1 94.5271971285629 11.782469195714995 -108.0
1550
-------------------New----------------
0 0 27.60175109296003 59.24477786360296 118.5
0 1 21.548420283531037 57.04099932810841 108.5
1 0 -115.26005691482337 7.236307973407799 -117.5
1 1 -109.50923536903197 9.329895148110579 -108.0
1552
-------------------New----------------
0 0 26.576307532351127 59.73306351299884 118.5
0 1 25.935009066850018 56.56811670427233 108.5
1 0 11.499667006869172 -14.48583170095011 -117.5
1 1 12.091434983433144 -11.510137998123165 -108.0
1556
-------------------New----------------
0 0 59.3106852629266 -25.591569926933225 118.5
0 1 58.32008577640771 -23.827805309351387 108.5
1 0 35.92428705389524 16.04050743209889 -117.5
1 1 36.86461828804024 14.363684213251918 -108.0
1561
-------------------New----------------
0 0 -82.89644669095446 -10.09744693106485 118.5
0 1 -81.87863694472989 -4.357871944743182 108.5
1 0 -58.86538120010886 125.34217927972301 -117.5
1 1 -59.83267468016195 119.8906086771129 -108.0
1565
-------------------New----------------
0 0 2.5896521209934913 -9.179502966548355 118.5
0 1 6.502867004806514 -6.073724416329366 108.5
1 0 94.89280023978124 64.1368739382601 -117.5
1 1 91.17949977435694 61.185324737229585 -108.0
1584
-------------------New----------------
0 0 -33.41035048874001 33.433199113974695 118.5
0 1 -31.547590855174366 31.377522160807594 108.5
1 0 10.55131329333708 -15.088552219993309 -117.5
1 1 8.781762539823054 -13.134599707987068 -108.0
1585
-------------------New----------------
0 0 37.29252593230328 -115.36947021540861 118.5
0 1 35.5320054257273 -115.29918056972167 108.5
1 0 -4.26768806252442 -113.64706288672622 -117.5
1 1 -2.595345948718214 -113.71678726005534 -108.0
1587
-------------------New----------------
0 0 -45.3025874756387 -38.94913164329908 118.5
0 1 -42.91009468885622 -35.268186257106244 108.5
1 0 9.418416265149414 48.23650488075157 -117.5
1 1 7.291760118837521 44.71173808489358 -108.0
1600
-------------------New----------------
0 0 36.12071739730918 -8.086678712613013 118.5
0 1 38.11731091375094 -8.453484746495672 108.5
1 0 83.25314985685976 -16.728716243573768 -117.5
1 1 81.35581930457124 -16.381286758077984 -108.0
1606
-------------------New----------------
0 0 32.789710859097525 -66.45759760627507 118.5
0 1 30.58925113848202 -64.99978442615117 108.5
1 0 -19.1065840623486 -32.01359473206956 -117.5
1 1 -17.01952019946436 -33.401452615139604 -108.0
1619
-------------------New----------------
0 0 117.70091856426284 89.15230697161873 118.5
0 1 117.94333820183644 86.644005322276 108.5
1 0 123.54135493166606 29.740115736050704 -117.5
1 1 123.30328791286237 32.13107559726802 -108.0
1620
-------------------New----------------
0 0 71.42714347559554 22.916782700161928 118.5
0 1 72.24285368673868 26.064790970387786 108.5
1 0 90.59237330613874 97.34307379861745 -117.5
1 1 89.82063462273787 94.34486928943892 -108.0
1624
-------------------New----------------
0 0 55.25800081368677 4.154499035102218 118.5
0 1 54.81312465139788 0.5187532278455521 108.5
1 0 44.734589230266245 -81.62758172984395 -117.5
1 1 45.15783004448205 -78.17529282161082 -108.0
1626
-------------------New----------------
0 0 17.93804024065198 -42.65159824758017 118.5
0 1 20.136816498966677 -42.925618711165896 108.5
1 0 69.84011996512447 -49.287732715739324 -117.5
1 1 67.75125712271236 -49.01567700090812 -108.0
1633
-------------------New----------------
0 0 -36.11999696428002 -48.27385853844309 118.5
0 1 -39.98560978831695 -47.5728404332861 108.5
1 0 -127.34707998695214 -31.663827130408702 -117.5
1 1 -123.67530858074517 -32.33252452398768 -108.0
1637
-------------------New----------------
0 0 24.110304264009194 -122.65876498839415 118.5
0 1 22.645571494297833 -122.39511850824924 108.5
1 0 -10.38699378463433 -116.53345071430115 -117.5
1 1 -8.998149495071022 -116.77245022983391 -108.0
1647
-------------------New----------------
0 0 -21.960296883342135 -46.90073849006543 118.5
0 1 -21.935826124710136 -46.7986147315524 108.5
1 0 -21.37888119732838 -44.49464922463847 -117.5
1 1 -21.402697116866797 -44.59067415579266 -108.0
1660
-------------------New----------------
0 0 -25.617507694102 -7.9233325303709705 118.5
0 1 -26.501341653768414 -4.141634428105709 108.5
1 0 -46.47041884605658 81.31086104644298 -117.5
1 1 -45.630604590106536 77.71957513492583 -108.0
1665
-------------------New----------------
0 0 -91.13075104371923 104.28641859642087 118.5
0 1 -90.31181268458901 103.56887736534047 108.5
1 0 -71.77992689540531 87.37246110501789 -117.5
1 1 -72.55912467201519 88.05324168106632 -108.0
1675
-------------------New----------------
0 0 -31.36076755343468 -78.37164484384296 118.5
0 1 -31.78715934373576 -77.84033502502433 108.5
1 0 -41.43754488057188 -65.68011347935249 -117.5
1 1 -41.03025928367179 -66.19397014125767 -108.0
1679
-------------------New----------------
0 0 27.117685884993808 98.87312729710203 118.5
0 1 28.665707793275374 97.67967851690578 108.5
1 0 63.7633634788837 70.72983560004818 -117.5
1 1 62.288177578698125 71.86606594246811 -108.0
1680
-------------------New----------------
0 0 -10.608975961476222 -23.93358421033207 118.5
0 1 -14.945296009271289 -19.608777335364003 108.5
1 0 -113.12193528105895 78.16852433339413 -117.5
1 1 -108.98935538633343 74.05431392852152 -108.0
1685
-------------------New----------------
0 0 -23.019768776017294 34.45168857592607 118.5
0 1 -20.383075534903902 31.14392063278808 108.5
1 0 47.897101261948166 -37.94581873851441 -117.5
1 1 44.64736944841472 -35.29612259790722 -108.0
1689
-------------------New----------------
0 0 25.53712966202533 -44.99854483662356 118.5
0 1 26.905766264669857 -44.0112668706747 108.5
1 0 58.43022405462591 -22.067554452303977 -117.5
1 1 57.11321402583709 -22.967491235230142 -108.0
1692
-------------------New----------------
0 0 18.87688993682481 -24.479998857330237 118.5
0 1 19.190542768177885 -24.46507770409707 108.5
1 0 26.375051604472453 -24.178719249303427 -117.5
1 1 26.071167628272725 -24.189832237083117 -108.0
1699
-------------------New----------------
0 0 58.91196885278539 65.04974675177343 118.5
0 1 60.019108521176875 63.67264572200363 108.5
1 0 80.84303178524458 32.6399382794013 -117.5
1 1 79.96582619734284 33.97598474720054 -108.0
1705
-------------------New----------------
0 0 -17.46349418367427 -49.292990347973216 118.5
0 1 -18.996334301350213 -50.015431360014254 108.5
1 0 -53.63481322927247 -66.29598344997225 -117.5
1 1 -52.17895852972786 -65.61331927898843 -108.0
1712
-------------------New----------------
0 0 9.085478779870698 2.335119410104239 118.5
0 1 11.021840216565 0.3847254646529287 108.5
1 0 54.800303716956854 -43.66661089629734 -117.5
1 1 52.9607435221918 -41.81641895074613 -108.0
1717
-------------------New----------------
0 0 -16.12990942556182 6.817802074446473 118.5
0 1 -12.74713626395998 8.66495566796861 108.5
1 0 63.69901866954681 50.40439843445458 -117.5
1 1 60.48553853066146 48.65004450416269 -108.0
1719
-------------------New----------------
0 0 70.26097667349028 37.35572592350998 118.5
0 1 69.6200016938927 37.977726557086434 108.5
1 0 55.13939530749726 51.904508922486606 -117.5
1 1 55.747715554144236 51.32148630742269 -108.0
1730
-------------------New----------------
0 0 4.4953366034957725 54.6909498679215 118.5
0 1 4.594011305247103 51.78254676471994 108.5
1 0 6.804174505836862 -13.983417281738145 -117.5
1 1 6.713938473781314 -11.216456116859112 -108.0
1744
-------------------New----------------
0 0 -72.7427651372973 74.21820509560351 118.5
0 1 -72.76244202018943 73.01175622350806 108.5
1 0 -73.33337692328045 45.86890183553665 -117.5
1 1 -73.3027694020434 47.010534535402016 -108.0
1751
-------------------New----------------
0 0 -71.55679891216803 34.856449983062866 118.5
0 1 -70.71034808856112 31.694634676149327 108.5
1 0 -51.41521887953074 -39.864215322373084 -117.5
1 1 -52.24612553815389 -36.87856543042521 -108.0
1756
-------------------New----------------
0 0 107.94426820103766 71.64810529665274 118.5
0 1 107.34898936225787 70.26442002113356 108.5
1 0 93.89626701948427 39.007171491362314 -117.5
1 1 94.46151137034946 40.32200041036773 -108.0
1774
-------------------New----------------
0 0 14.351751533578366 94.064135156592 118.5
0 1 14.961042365755114 92.55609365053537 108.5
1 0 29.26105543369721 58.43982293817421 -117.5
1 1 28.6245845404924 59.872254539548386 -108.0
1788
-------------------New----------------
0 0 -47.85912097606404 0.7902949641074251 118.5
0 1 -51.05864931420906 0.30843430884689826 108.5
1 0 -123.3610594474355 -10.58295564805891 -117.5
1 1 -120.32157580185458 -10.125332186735626 -108.0
1794
-------------------New----------------
0 0 9.099960786348998 89.73192385628722 118.5
0 1 11.305474438360928 91.2533797155959 108.5
1 0 61.12290440329806 125.62230970976957 -117.5
1 1 59.02867226009058 124.17766002626558 -108.0
1798
-------------------New----------------
0 0 -61.635775669513656 -92.75992890901455 118.5
0 1 -57.91855030276969 -93.07321135177736 108.5
1 0 26.4143014044888 -99.99279327146124 -117.5
1 1 22.86791929146587 -99.69246224899267 -108.0
1802
-------------------New----------------
0 0 99.05167796784778 -30.158975367715946 118.5
0 1 99.2634563522429 -29.12064714344526 108.5
1 0 104.11377978238094 -5.675283505764614 -117.5
1 1 103.90829126745328 -6.660210860197279 -108.0
1818
-------------------New----------------
0 0 8.419659376677673 85.43288360979531 118.5
0 1 7.971909720248121 85.13114164934697 108.5
1 0 -2.1041914355343065 78.31555567903446 -117.5
1 1 -1.6817509891757534 78.60428066936268 -108.0
1819
-------------------New----------------
0 0 -40.56839520526993 65.37166071160064 118.5
0 1 -42.02297512256372 65.11139525023815 108.5
1 0 -75.19227034591873 59.26011999065273 -117.5
1 1 -73.80269136402252 59.500798752714346 -108.0
1821
-------------------New----------------
0 0 35.748191759755 59.81461207626711 118.5
0 1 29.768593297395377 55.691801703227874 108.5
1 0 -105.33045210436846 -37.82247885310049 -117.5
1 1 -99.66022364282864 -33.88406874263352 -108.0
1822
-------------------New----------------
0 0 18.11226955253498 6.536582073666563 118.5
0 1 16.71414573472927 4.6034222347648655 108.5
1 0 -14.824989032967796 -38.960200352783865 -117.5
1 1 -13.499411150559656 -37.128832677074364 -108.0
1824
-------------------New----------------
0 0 38.59111836696074 76.98170782082259 118.5
0 1 38.581533716565346 74.2687926231487 108.5
1 0 38.35443938175711 12.96316356678705 -117.5
1 1 38.36475188156507 15.539249499823871 -108.0
1841
-------------------New----------------
0 0 -4.780360332394851 -33.3062616736245 118.5
0 1 -7.511983197553933 -33.46807900626778 108.5
1 0 -69.23972681446034 -37.097605126092304 -117.5
1 1 -66.64244279707262 -36.94786462277419 -108.0
1842
-------------------New----------------
0 0 20.587987872816907 97.71578499134401 118.5
0 1 23.1280974505605 96.2721853725928 108.5
1 0 80.4905017789786 63.749931996439365 -117.5
1 1 78.07816145188191 65.11325270421537 -108.0
1849
-------------------New----------------
0 0 -79.10380695249455 97.20162685922777 118.5
0 1 -77.54791221859665 96.43115269805213 108.5
1 0 -42.504390281978 79.15562565178355 -117.5
1 1 -43.98364138928243 79.89240240947181 -108.0
1851
-------------------New----------------
0 0 -110.24915955857989 32.92484459004667 118.5
0 1 -110.27908346950137 28.926550217038745 108.5
1 0 -110.98487826620132 -61.44022709304367 -117.5
1 1 -110.95395762601788 -57.64383239880466 -108.0
1859
-------------------New----------------
0 0 64.30863452974201 30.627300649028804 118.5
0 1 64.48575181436436 34.556841513978654 108.5
1 0 68.48762907657544 123.4791379656635 -117.5
1 1 68.31900619662017 119.73826082290459 -108.0
1861
-------------------New----------------
0 0 50.3212790934327 -17.328809187689263 118.5
0 1 51.891179608335584 -14.235091275170046 108.5
1 0 87.42147448682066 55.663054180735266 -117.5
1 1 85.92673603624814 52.72443859165471 -108.0
1865
-------------------New----------------
0 0 -11.174632570877474 -93.95969306532686 118.5
0 1 -9.53882529596827 -91.79226423279684 108.5
1 0 27.354550223987694 -42.751008508133935 -117.5
1 1 25.804777567548392 -44.81179547261807 -108.0
1870
-------------------New----------------
0 0 -109.9435810050777 35.73949180266433 118.5
0 1 -108.91394500808515 29.854478414014977 108.5
1 0 -85.60104854883147 -103.11869945799894 -117.5
1 1 -86.58046382332438 -97.53072441076668 -108.0
1874
-------------------New----------------
0 0 80.94698877534138 56.374441867442954 118.5
0 1 79.16925806784417 58.91342641588913 108.5
1 0 38.98605051794409 116.36397491399434 -117.5
1 1 40.677628306887534 113.95033490896635 -108.0
1879
-------------------New----------------
0 0 25.87395865224919 -18.24707923383479 118.5
0 1 25.37334753704916 -16.896608554301583 108.5
1 0 14.063653329641642 13.52405832590018 -117.5
1 1 14.54288695364841 12.250657685866639 -108.0
1880
-------------------New----------------
0 0 -108.91541022531358 97.08781083537009 118.5
0 1 -109.56292134493196 97.21410213773409 108.5
1 0 -124.16729728100879 100.05355723082873 -117.5
1 1 -123.55395361860664 99.93526193665295 -108.0
1881
-------------------New----------------
0 0 74.45087264324954 37.46162975070556 118.5
0 1 76.61083043793214 40.04142894356488 108.5
1 0 125.16368685367419 98.11578763575417 -117.5
1 1 123.13009368477772 95.67240764263394 -108.0
1884
-------------------New----------------
0 0 -17.52352034902243 80.89552844690073 118.5
0 1 -17.459129236336473 78.02692379708792 108.5
1 0 -16.00866689728415 13.205034703843666 -117.5
1 1 -16.069524886914937 15.929588959771504 -108.0
1887
-------------------New----------------
0 0 45.35681382802974 22.31399569992851 118.5
0 1 46.016851218348194 24.257603748506625 108.5
1 0 60.91482216267258 68.19575259004236 -117.5
1 1 60.287987869944615 66.34743170264679 -108.0
1889
-------------------New----------------
0 0 64.30329663804169 71.90017553752497 118.5
0 1 61.874754000712734 69.59199442512467 108.5
1 0 6.96864071839566 17.38051670456918 -117.5
1 1 9.278361959988835 19.575487256146594 -108.0
1891
-------------------New----------------
0 0 106.1086641144379 89.20077466385763 118.5
0 1 105.45448924795865 89.38584770851537 108.5
1 0 90.76709849540472 93.96664208654883 -117.5
1 1 91.38247761855114 93.77311936620382 -108.0
1894
-------------------New----------------
0 0 79.68228557600105 -90.59665966968706 118.5
0 1 78.51924998773119 -89.28201380215793 108.5
1 0 52.23445040001487 -59.575996716722806 -117.5
1 1 53.33932757973906 -60.82445160261225 -108.0
1901
-------------------New----------------
0 0 11.304310602240218 53.05885177479975 118.5
0 1 7.710429850893365 51.47772490659295 108.5
1 0 -74.0453407565921 15.540286884091236 -117.5
1 1 -70.60707806186247 17.046129122759588 -108.0
1903
-------------------New----------------
0 0 -14.964422867476852 -16.316416871456475 118.5
0 1 -18.317418627674908 -17.32906398543131 108.5
1 0 -94.0907385750683 -40.22102854723009 -117.5
1 1 -90.9055774503085 -39.258409838174536 -108.0
1905
-------------------New----------------
0 0 88.00365118431675 14.256290085556818 118.5
0 1 88.92948447112977 13.987473459153293 108.5
1 0 109.81781097470821 7.942735246228208 -117.5
1 1 108.94008994983776 8.19348873815003 -108.0
1912
-------------------New----------------
0 0 -9.844187021611454 96.25364403220655 118.5
0 1 -14.654931489684222 97.13843525639537 108.5
1 0 -123.30094160527169 117.12104938854702 -117.5
1 1 -118.73402758410423 116.2892974974383 -108.0
1922
-------------------New----------------
0 0 68.4162351574928 -18.816017650440344 118.5
0 1 69.35110993326188 -16.28185016886392 108.5
1 0 90.47573613294063 41.004142675305246 -117.5
1 1 89.58816898623665 38.59581128091852 -108.0
1925
-------------------New----------------
0 0 -44.80948210690201 -4.0666711196733045 118.5
0 1 -46.270421645628026 -7.02643281038595 108.5
1 0 -79.0671765709634 -73.82537270856834 -117.5
1 1 -77.68734845390479 -71.01209804290826 -108.0
1933
-------------------New----------------
0 0 26.67628231433516 91.59278319244743 118.5
0 1 26.200432920482616 91.15466943423034 108.5
1 0 15.431460666967606 81.30675745434272 -117.5
1 1 15.885244870119157 81.71906717530194 -108.0
1934
-------------------New----------------
0 0 24.071084763124862 -79.25388790602165 118.5
0 1 21.151144284178883 -80.93084310806803 108.5
1 0 -44.8496569330011 -118.82338508534284 -117.5
1 1 -42.075597635770514 -117.23080641206873 -108.0
1937
-------------------New----------------
0 0 26.549890228610217 25.344436235508212 118.5
0 1 25.318922670883694 24.44379149680616 108.5
1 0 -2.893947883254227 3.885606168932644 -117.5
1 1 -1.6748776023713794 4.768197442290293 -108.0
1945
-------------------New----------------
0 0 86.61945588997882 54.8701699416171 118.5
0 1 84.18364249599954 54.65011260168477 108.5
1 0 29.06721922997217 49.26653683854974 -117.5
1 1 31.377465666455112 49.47741328833558 -108.0
1953
-------------------New----------------
0 0 -27.027399075087736 -62.55243304217849 118.5
0 1 -20.654212288398515 -63.42610213834337 108.5
1 0 123.38870491023492 -83.07404390328878 -117.5
1 1 117.34123776262439 -82.26311278259956 -108.0
1958
-------------------New----------------
0 0 -91.42114826030995 38.457964278795515 118.5
0 1 -92.41839913412242 32.24029410429704 108.5
1 0 -114.9749773955718 -108.9541406311932 -117.5
1 1 -114.00808267586156 -103.00722007044035 -108.0
1963
-------------------New----------------
0 0 -2.2632713973580807 -38.44247857169812 118.5
0 1 -6.477390815008517 -38.63898624124196 108.5
1 0 -101.6108588284643 -43.115285239769335 -117.5
1 1 -97.61529592685892 -42.925509866106225 -108.0
1964
-------------------New----------------
0 0 6.6855787620187925 0.29353375366623535 118.5
0 1 6.1290715931458575 2.5199184184559043 108.5
1 0 -6.467425325452952 52.827080257579176 -117.5
1 1 -5.9375958401179405 50.71246137117571 -108.0
1966
-------------------New----------------
0 0 -93.49000840291325 -33.50889662474755 118.5
0 1 -92.03032063994421 -32.4171050478916 108.5
1 0 -58.99630658130506 -7.781923225168765 -117.5
1 1 -60.38522519681379 -8.814776898637579 -108.0
1975
-------------------New----------------
0 0 -23.90340507458402 52.275778287122606 118.5
0 1 -25.329962766681756 54.84212754150791 108.5
1 0 -57.53788331799346 112.79610512538302 -117.5
1 1 -56.185618575259674 110.36073972461334 -108.0
1981
-------------------New----------------
0 0 -56.78246026013075 -17.51862642636689 118.5
0 1 -57.43014840137319 -17.817864034760632 108.5
1 0 -72.24307203980928 -24.75886006498261 -117.5
1 1 -71.61845437278704 -24.459878531154907 -108.0
1990
-------------------New----------------
0 0 53.11784294924307 -108.58474798952773 118.5
0 1 49.41635722585355 -108.14345830902309 108.5
1 0 -34.259142654724585 -98.15854304299276 -117.5
1 1 -30.74294667490015 -98.5770835925412 -108.0
1999
-------------------New----------------
0 0 -47.04344538658019 -38.34865767611835 118.5
0 1 -42.49706333670582 -41.39409134722978 108.5
1 0 60.26589840019055 -110.19705335766989 -117.5
1 1 55.9463379881934 -107.30556438274252 -108.0
2001
-------------------New----------------
0 0 -86.10593039799014 -65.52785109296528 118.5
0 1 -87.56419509115729 -67.60982461973228 108.5
1 0 -120.62022907117012 -114.7042628118821 -117.5
1 1 -119.22970043005353 -112.72179420846412 -108.0
2005
-------------------New----------------
0 0 -16.266085798710556 -63.90382100433702 118.5
0 1 -14.834244064267073 -64.73396044415179 108.5
1 0 17.60128761560039 -83.31158833204807 -117.5
1 1 16.23617603417802 -82.54498764096246 -108.0
2015
-------------------New----------------
0 0 -30.644340574708213 -65.60436254905349 118.5
0 1 -32.16113788378924 -66.03693647204008 108.5
1 0 -66.40921008835295 -75.83649781248639 -117.5
1 1 -64.96971447531381 -75.4205086427695 -108.0
2016
-------------------New----------------
0 0 26.36168414014217 69.96396853612131 118.5
0 1 20.633425124418874 71.15390187430839 108.5
1 0 -108.83148492888294 98.04809815204459 -117.5
1 1 -103.38929369178018 96.91747144987241 -108.0
2017
-------------------New----------------
0 0 45.368661210761445 16.142152897844774 118.5
0 1 41.584629699650286 19.993451940516383 108.5
1 0 -43.94134219511445 107.10196528605233 -117.5
1 1 -40.34493095661177 103.4376971811766 -108.0
2024
-------------------New----------------
0 0 75.51687145306526 32.88837104907789 118.5
0 1 77.0009768695617 32.738903165558824 108.5
1 0 110.50801990061004 29.357325438307168 -117.5
1 1 109.10107652676894 29.500480393423498 -108.0
2042
-------------------New----------------
0 0 27.0500592272061 24.880222559447795 118.5
0 1 26.767303779405324 27.09112604987059 108.5
1 0 20.274160266544204 76.96289606238945 -117.5
1 1 20.5517921093783 74.85926263040983 -108.0
2050
-------------------New----------------
0 0 -60.055120963474224 6.089237752042619 118.5
0 1 -58.081226683550426 9.304433127064081 108.5
1 0 -13.4955168685062 81.97524329985113 -117.5
1 1 -15.369167096400398 78.91896154758957 -108.0
2072
-------------------New----------------
0 0 -104.11899436962165 13.239923743753305 118.5
0 1 -105.09822931276861 7.808723813691232 108.5
1 0 -127.15066695376493 -115.01505233955417 -117.5
1 1 -126.23136489857025 -109.84691273008382 -108.0
2075
-------------------New----------------
0 0 26.801423722266588 -2.096625500752661 118.5
0 1 25.785749120532603 -7.277119041085863 108.5
1 0 3.001339320461806 -123.99598603925935 -117.5
1 1 3.9548709992012916 -119.09476710719272 -108.0
2105
-------------------New----------------
0 0 -42.37619530200473 -1.5993754298429481 118.5
0 1 -45.428208028662134 -1.4365506352445128 108.5
1 0 -114.4399098171323 2.428027678934847 -117.5
1 1 -111.53563313717798 2.2632992473374887 -108.0
2109
-------------------New----------------
0 0 -44.1494763586986 -56.88433567667772 118.5
0 1 -38.52871286278256 -52.09751177725074 108.5
1 0 88.27050498669891 61.98048938199988 -117.5
1 1 82.93808678446881 56.92952525547273 -108.0
2123
-------------------New----------------
0 0 -67.34417293276753 25.005029778700674 118.5
0 1 -68.59272028395239 19.603602147890804 108.5
1 0 -96.76998689346246 -102.45638471902132 -117.5
1 1 -95.59228350827169 -97.32789080008341 -108.0
2124
-------------------New----------------
0 0 -27.27039422142563 -107.61556216304307 118.5
0 1 -25.065675298075252 -107.96617589725129 108.5
1 0 24.76973123278259 -115.9418195310067 -117.5
1 1 22.673756461826017 -115.60286686828886 -108.0
2127
-------------------New----------------
0 0 99.21818778667168 31.604147761894808 118.5
0 1 98.02233828595726 26.606019559649685 108.5
1 0 71.50496759826056 -86.356161479664 -117.5
1 1 72.60507913413852 -81.60218415704874 -108.0
2141
-------------------New----------------
0 0 -9.89232776591438 -17.230287211254346 118.5
0 1 -9.886386966606905 -21.531650458360083 108.5
1 0 -9.739636714802995 -118.7172797970859 -117.5
1 1 -9.745285516278534 -114.6300911152709 -108.0
2145
-------------------New----------------
0 0 0.5201656091643242 16.791633249656822 118.5
0 1 0.7779074384240994 19.681264512633796 108.5
1 0 6.611081554593021 84.99330076221838 -117.5
1 1 6.366009148205076 82.24739946221452 -108.0
2161
-------------------New----------------
0 0 36.19412712760846 36.09103128774278 118.5
0 1 34.48598765529549 37.86502428711704 108.5
1 0 -4.797152828118371 77.74270737237994 -117.5
1 1 -3.1360908420718583 76.04606648275362 -108.0
2162
-------------------New----------------
0 0 24.514528446170516 7.487231010204259 118.5
0 1 28.573546299294282 6.570806615371916 108.5
1 0 120.24825924969521 -14.111626405315082 -117.5
1 1 116.39736415261196 -13.241059303609243 -108.0
2163
-------------------New----------------
0 0 -89.15575416684013 25.039832697770695 118.5
0 1 -87.37814617479196 28.190836167307275 108.5
1 0 -47.23252089643463 99.33913243408222 -117.5
1 1 -48.92290417914253 96.35277729162205 -108.0
2168
-------------------New----------------
0 0 53.37171232206492 -18.07183825901108 118.5
0 1 53.528112688398096 -19.546228154548803 108.5
1 0 57.20199310279387 -52.905211231461905 -117.5
1 1 57.044320525517946 -51.49140588606772 -108.0
2177
-------------------New----------------
0 0 84.35746249905054 -48.43462432728095 118.5
0 1 86.17557273281582 -49.863898040475796 108.5
1 0 127.30072991166537 -82.19344076417995 -117.5
1 1 125.56803650754652 -80.83519127741104 -108.0
2193
-------------------New----------------
0 0 -53.71510324151658 0.7582015522623962 118.5
0 1 -52.966714234575264 -2.5655625704645977 108.5
1 0 -36.03118113872892 -77.68928743495451 -117.5
1 1 -36.74421386996428 -74.53108098853947 -108.0
2197
-------------------New----------------
0 0 13.335384033708682 -35.08788788012437 118.5
0 1 10.690386306623044 -37.83933172153223 108.5
1 0 -49.09709983154167 -100.08797710108793 -117.5
1 1 -46.58136852057427 -97.46923703065892 -108.0
2210
-------------------New----------------
0 0 31.945269259367073 -32.99650581737018 118.5
0 1 32.805204760102335 -32.116809432910685 108.5
1 0 52.236475832940094 -12.312268678608282 -117.5
1 1 51.41596604488368 -13.14282659000087 -108.0
2214
-------------------New----------------
0 0 -13.307220042783461 -40.3721199564329 118.5
0 1 -9.116454977689928 -36.35998733589222 108.5
1 0 85.60342848788126 54.3010451993582 -117.5
1 1 81.62015862485342 50.48869978125378 -108.0
2218
-------------------New----------------
0 0 -5.65966286343736 39.470093782364316 118.5
0 1 -0.632974016444172 39.0118777559163 108.5
1 0 112.95551147867249 28.661130106646397 -117.5
1 1 108.18020012997104 29.09775586014331 -108.0
2239
-------------------New----------------
0 0 1.3685136463610825 -57.58558565149544 118.5
0 1 5.188676452050172 -56.67763695212375 108.5
1 0 91.512581587562 -36.21782398165627 -117.5
1 1 87.88221248510152 -37.07517786197307 -108.0
2241
-------------------New----------------
0 0 81.49349748844472 27.288373936533333 118.5
0 1 78.40384072198951 30.99102249372418 108.5
1 0 8.69041939650565 114.54942419939223 -117.5
1 1 11.609136165965538 111.04063854371387 -108.0
2243
-------------------New----------------
0 0 -54.25947291343122 33.6177836648198 118.5
0 1 -56.05152014632425 29.708055393157217 108.5
1 0 -96.59995816830524 -58.64314627755406 -117.5
1 1 -94.89638708601755 -54.9297386454943 -108.0
2251
-------------------New----------------
0 0 22.594253672770886 -55.739340555038304 118.5
0 1 20.423601269117952 -54.08295632191465 108.5
1 0 -28.602457095211967 -16.601113813520264 -117.5
1 1 -26.542514337099227 -18.175786930596054 -108.0
2256
-------------------New----------------
0 0 37.17453891123407 57.154076838838684 118.5
0 1 35.38842511417934 55.11776063611868 108.5
1 0 -4.913511583511453 9.10889483289185 -117.5
1 1 -3.2245792470537724 11.039618805437671 -108.0
2265
-------------------New----------------
0 0 -17.719803505880428 26.333783761133283 118.5
0 1 -18.162344104023653 19.913965169798985 108.5
1 0 -28.20081286670017 -125.28988785511055 -117.5
1 1 -27.77688605242468 -119.18416991972211 -108.0
2278
-------------------New----------------
0 0 -52.90941362751171 -53.82437705991613 118.5
0 1 -54.21490021736362 -54.3144383703891 108.5
1 0 -83.70887036356828 -65.33222538502238 -117.5
1 1 -82.47021457712343 -64.86519798693178 -108.0
2293
-------------------New----------------
0 0 63.864708209140346 -108.39998322738052 118.5
0 1 63.99406171570983 -108.22907371154585 108.5
1 0 66.96484470161724 -104.36519021721287 -117.5
1 1 66.83819201584365 -104.52613081323814 -108.0
2297
-------------------New----------------
0 0 86.76629678767117 100.24577647838028 118.5
0 1 83.86853561383643 99.91581555597354 108.5
1 0 18.431541172957644 92.50025227412924 -117.5
1 1 21.176785887934496 92.80869914042982 -108.0
2320
-------------------New----------------
0 0 -20.418953378550107 76.26958677246861 118.5
0 1 -24.54695744638775 75.14714570720153 108.5
1 0 -118.17564051126779 49.75224929698523 -117.5
1 1 -114.2349975833345 50.826948672368744 -108.0
2333
-------------------New----------------
0 0 -108.76699759683393 -19.763370123041216 118.5
0 1 -108.88023646125146 -17.308916808474244 108.5
1 0 -111.62226762580842 38.4432246721877 -117.5
1 1 -111.50170666447397 36.10144589679366 -108.0
2340
-------------------New----------------
0 0 -57.751708976752695 22.738056055643945 118.5
0 1 -57.70324789484609 23.901541312294828 108.5
1 0 -56.63960703295769 50.22181340887537 -117.5
1 1 -56.68608335692259 49.115903114629006 -108.0
2342
-------------------New----------------
0 0 101.86051319973488 -8.945467009539223 118.5
0 1 100.67976695754541 -4.590661686171911 108.5
1 0 73.99405948279376 93.85878868035566 -117.5
1 1 75.11835484464272 89.71907004898804 -108.0
2344
-------------------New----------------
0 0 36.77784624184988 57.68504537303496 118.5
0 1 38.80290556384229 59.791989102822455 108.5
1 0 84.5551287321951 107.42574685226684 -117.5
1 1 82.63228413142255 105.42302801620724 -108.0
2351
-------------------New----------------
0 0 58.54904203897344 60.00697789221598 118.5
0 1 55.77256139207807 58.85567962342397 108.5
1 0 -6.99496214757327 32.80446692818344 -117.5
1 1 -4.362568964885812 33.90014385719647 -108.0
2353
-------------------New----------------
0 0 -67.74286289344704 6.977537121265729 118.5
0 1 -69.31703161809438 10.17382437367063 108.5
1 0 -104.87386109032657 82.43171250446946 -117.5
1 1 -103.3801361501445 79.39366689075649 -108.0
2358
-------------------New----------------
0 0 11.247205038835647 -11.742942681157995 118.5
0 1 7.859772127919013 -13.57968485378434 108.5
1 0 -68.67266735604412 -55.058208832556275 -117.5
1 1 -65.45650157777946 -53.31431222767981 -108.0
2366
-------------------New----------------
0 0 77.94598930378484 2.0020453592699297 118.5
0 1 79.07330285174582 6.731704505639257 108.5
1 0 104.73369469354654 113.64622859970947 -117.5
1 1 103.65347962289536 109.14571011972268 -108.0
2368
-------------------New----------------
0 0 1.8596659388402892 71.00303002139441 118.5
0 1 0.5794312433700191 68.35830590249054 108.5
1 0 -28.372731651839437 8.657563912374446 -117.5
1 1 -27.156076438350805 11.16601562404933 -108.0
2369
-------------------New----------------
0 0 42.802399836875416 -11.498300866220353 118.5
0 1 40.38616252686533 -11.046892076854679 108.5
1 0 -14.2572781422901 -0.8564561498949466 -117.5
1 1 -11.95654414680221 -1.2861264236455399 -108.0
2380
-------------------New----------------
0 0 -55.96518394793141 98.50112559726774 118.5
0 1 -57.87314056486881 96.8796466857739 108.5
1 0 -100.98719062765458 60.22335003487892 -117.5
1 1 -99.17358080109305 61.76533595271534 -108.0
2382
-------------------New----------------
0 0 64.10427289276677 -12.716636331017638 118.5
0 1 64.34627862531443 -8.491353326412167 108.5
1 0 69.7738269625614 87.01492657282928 -117.5
1 1 69.5491663530544 83.00059413929397 -108.0
2383
-------------------New----------------
0 0 56.43592136758265 26.437768310994947 118.5
0 1 54.49305634168796 26.04851655526602 108.5
1 0 10.36603816315649 17.328077556776215 -117.5
1 1 12.232663702937003 17.690534844519288 -108.0
2385
-------------------New----------------
0 0 -111.08050267535575 1.2789945109231744 118.5
0 1 -110.60334345638823 -3.518034193506577 108.5
1 0 -99.81213267893757 -111.9676016203114 -117.5
1 1 -100.26360786997964 -107.40679539625974 -108.0
2390
-------------------New----------------
0 0 44.535412441092696 -44.08503120609747 118.5
0 1 41.37892667472583 -44.24663486274202 108.5
1 0 -30.008339052484537 -47.88726132299828 -117.5
1 1 -27.007063497993794 -47.73481575396764 -108.0
2394
-------------------New----------------
0 0 54.7285559727667 -25.03562336251624 118.5
0 1 57.82695236541034 -20.813791071776826 108.5
1 0 127.85393309976158 74.60580842064171 -117.5
1 1 124.9097213231368 70.59659212754141 -108.0
2402
-------------------New----------------
0 0 40.30456778018575 -23.432507894188998 118.5
0 1 42.817733466766086 -22.618925094170553 108.5
1 0 99.66011717933134 -4.237236617813652 -117.5
1 1 97.2697147867564 -5.009520669591613 -108.0
2404
-------------------New----------------
0 0 30.933447852688765 -34.832524658453096 118.5
0 1 30.90203462260508 -33.337451328055145 108.5
1 0 30.20397132274862 0.40869961348766265 -117.5
1 1 30.233988222858805 -1.0107692061580984 -108.0
2410
-------------------New----------------
0 0 24.567204227037585 -8.689979492363856 118.5
0 1 24.793108971944434 -10.525164481460662 108.5
1 0 29.889219026743255 -52.03685363873177 -117.5
1 1 29.673170281167792 -50.28994537263226 -108.0
2424
-------------------New----------------
0 0 57.3797610026444 12.996883464947635 118.5
0 1 58.907119199887006 11.88473348492462 108.5
1 0 93.30301141071067 -13.194095263746018 -117.5
1 1 91.87889784541284 -12.140883288952207 -108.0
2436
-------------------New----------------
0 0 -11.771649837995506 -59.15226446686451 118.5
0 1 -7.803269711755634 -56.493131148504844 108.5
1 0 81.97774417719197 3.6431235969086018 -117.5
1 1 78.21394417362984 1.117531923350888 -108.0
2444
-------------------New----------------
0 0 -68.46936294761308 13.538767438357635 118.5
0 1 -67.70744773558404 15.153830312418966 108.5
1 0 -50.470364556393 51.64894662209417 -117.5
1 1 -51.1956058129107 50.11475383873433 -108.0
2445
-------------------New----------------
0 0 65.30842375743464 -37.08502568181716 118.5
0 1 65.63294408934908 -33.10335850192889 108.5
1 0 72.84447938837903 56.94650003353096 -117.5
1 1 72.54502468991173 53.16032398379124 -108.0
2450
-------------------New----------------
0 0 -15.729978987562003 -51.591895514171014 118.5
0 1 -11.164438373913152 -53.93403953160028 108.5
1 0 92.01900376975034 -106.87677892744732 -117.5
1 1 87.68157114867147 -104.6512734605438 -108.0
2451
-------------------New----------------
0 0 -31.00312123805092 -18.975514952585637 118.5
0 1 -28.39887665916148 -21.58216684444681 108.5
1 0 30.15509968395247 -79.7758502467913 -117.5
1 1 27.65318314436745 -77.32679486236688 -108.0
2462
-------------------New----------------
0 0 39.83570631806477 -66.60430653870374 118.5
0 1 35.57190387149217 -66.1035508739653 108.5
1 0 -60.8841284229991 -54.8659259563619 -117.5
1 1 -56.82966233981652 -55.34098754414 -108.0
2470
-------------------New----------------
0 0 39.93282990075759 -88.75349500067335 118.5
0 1 40.06651924034964 -89.44077275058615 108.5
1 0 43.03630582322557 -105.00819703969914 -117.5
1 1 42.91480140921617 -104.35224137652676 -108.0
2491
-------------------New----------------
0 0 -14.915946811448583 -26.88365934145162 118.5
0 1 -11.736829089320397 -29.896061517711455 108.5
1 0 60.00145714026809 -97.98683920292494 -117.5
1 1 56.98756626311096 -95.12494307534017 -108.0
2492
-------------------New----------------
0 0 -61.47715950994446 -49.889265946897815 118.5
0 1 -60.17417046381604 -51.29298473777912 108.5
1 0 -30.699475499882595 -83.10593859245255 -117.5
1 1 -31.94188273919243 -81.76720292983376 -108.0
2494
-------------------New----------------
0 0 -81.35287021010484 0.7096137481340092 118.5
0 1 -82.44831067024555 4.48232188402978 108.5
1 0 -107.19564512215284 89.76071434235848 -117.5
1 1 -106.15582499320752 86.1713797137991 -108.0
2495
-------------------New----------------
0 0 -76.41638955878057 34.01657468518873 118.5
0 1 -75.74959437994724 32.25751076703717 108.5
1 0 -60.666450632493785 -7.406292079375602 -117.5
1 1 -61.30201568363482 -5.740203617971229 -108.0
2497
-------------------New----------------
0 0 17.805685345343527 43.85325305008141 118.5
0 1 19.4376682432107 39.014274896293436 108.5
1 0 56.35632181923394 -70.34972497526087 -117.5
1 1 54.80340062490869 -65.75408480238931 -108.0
2502
-------------------New----------------
0 0 -102.05427462045557 -64.5340586406362 118.5
0 1 -101.25242796379322 -66.85818576469893 108.5
1 0 -83.14597356289295 -119.37098800468843 -117.5
1 1 -83.9066640916491 -117.16467061840827 -108.0
2505
-------------------New----------------
0 0 -46.11352819578572 13.427062034747028 118.5
0 1 -47.42853451253133 12.43925730349687 108.5
1 0 -78.01509062534281 -12.25458637386881 -117.5
1 1 -76.70745656477365 -11.102885054591919 -108.0
2508
-------------------New----------------
0 0 52.743712654036315 -59.72096340377267 118.5
0 1 49.24476118303459 -56.306196399108316 108.5
1 0 -29.833795526761282 20.879195588052557 -117.5
1 1 -26.509525396329035 17.634548352509576 -108.0
2511
-------------------New----------------
0 0 -59.761922654441435 46.83661519569999 118.5
0 1 -58.18109666215828 45.55668223459166 108.5
1 0 -22.452351939481474 16.618814176490858 -117.5
1 1 -23.954319318590258 17.835480901452534 -108.0
2512
-------------------New----------------
0 0 -47.25818224917851 -38.813145246248766 118.5
0 1 -43.18314387990033 -37.82261203052899 108.5
1 0 49.37596071866791 -15.161636859328127 -117.5
1 1 45.50202674760143 -16.114709120245436 -108.0
2518
-------------------New----------------
0 0 47.398276699014616 -118.2941107897741 118.5
0 1 46.734864373634466 -118.40277985363396 108.5
1 0 31.746117783381504 -120.84525952794215 -117.5
1 1 32.375760628179016 -120.74296865429979 -108.0
2519
-------------------New----------------
0 0 49.972608731690876 49.976494483854715 118.5
0 1 47.62590012725135 47.825110444492864 108.5
1 0 -5.354106217265948 -0.8023386193793686 -117.5
1 1 -3.1282754467170824 1.2413655641871735 -108.0
2520
-------------------New----------------
0 0 99.93449197691609 56.251768419913596 118.5
0 1 98.71861951712293 58.83254193748145 108.5
1 0 71.2257589066863 117.06091314209596 -117.5
1 1 72.3817500089871 114.61556982192124 -108.0
2563
-------------------New----------------
0 0 95.76363013736443 13.357747567387145 118.5
0 1 94.12135276376196 12.019064988625196 108.5
1 0 57.08816938791517 -18.243741525018837 -117.5
1 1 58.63971812628516 -16.972766863147932 -108.0
2565
-------------------New----------------
0 0 27.91073164970353 -67.81940170578923 118.5
0 1 25.535063129487067 -65.77064214683672 108.5
1 0 -28.130018077649474 -19.575468600939892 -117.5
1 1 -25.87478436290745 -21.513711900197354 -108.0
2570
-------------------New----------------
0 0 -24.874684248444034 -40.35641190880166 118.5
0 1 -21.727844163661178 -38.42512308291014 108.5
1 0 49.39125353090161 5.224390467706579 -117.5
1 1 46.40184580511398 3.388552004104388 -108.0
2573
-------------------New----------------
0 0 -7.531919816732741 -57.036074005396564 118.5
0 1 -2.0853855390756992 -56.10699582233117 108.5
1 0 121.06733147869252 -35.160181649544015 -117.5
1 1 115.88728883582624 -36.039071848420846 -108.0
2577
-------------------New----------------
0 0 92.78378012956601 -7.9836565352521465 118.5
0 1 93.22916968955226 -7.894909259474064 108.5
1 0 103.31495899510787 -5.873105829915795 -117.5
1 1 102.89120073634967 -5.957831295652655 -108.0
2578
-------------------New----------------
0 0 -27.149447404519513 -49.36755778627051 118.5
0 1 -31.20255140912625 -47.66723384701889 108.5
1 0 -122.75623605194316 -9.318106139860557 -117.5
1 1 -118.90578040871056 -10.926512052469267 -108.0
2579
-------------------New----------------
0 0 -89.86060178420327 60.54739860561855 118.5
0 1 -90.43759934820201 61.68627008792563 108.5
1 0 -103.46605816182917 87.4202403988593 -117.5
1 1 -102.91921576258248 86.33832815876355 -108.0
2589
-------------------New----------------
0 0 5.948071403099417 -54.267154386853214 118.5
0 1 3.8851517016485575 -57.09920393059706 108.5
1 0 -43.119473629939755 -120.10821749426592 -117.5
1 1 -41.13504763637518 -117.45571986108192 -108.0
2592
-------------------New----------------
0 0 71.18027026290797 52.76253917165825 118.5
0 1 70.10567163312471 53.101069484125006 108.5
1 0 45.68894449053209 60.91078967041169 -117.5
1 1 46.719001799775235 60.575488962861016 -108.0
2595
-------------------New----------------
0 0 -50.4759290782181 68.92945575153702 118.5
0 1 -50.89344951637663 69.22135263074217 108.5
1 0 -60.36485173255962 75.84505760310074 -117.5
1 1 -59.96455514794032 75.5634211327971 -108.0
2603
-------------------New----------------
0 0 1.3681383297666938 34.03209537169484 118.5
0 1 0.8317443686240142 36.30618265650086 108.5
1 0 -11.294201781265581 87.70431291558415 -117.5
1 1 -10.784762331480835 85.54397592036095 -108.0
2613
-------------------New----------------
0 0 -8.166635962790961 -43.10826367414923 118.5
0 1 -10.367486325275205 -46.35545464236593 108.5
1 0 -60.08618052896969 -119.70278579886558 -117.5
1 1 -58.006552907854655 -116.62613749458039 -108.0
2616
-------------------New----------------
0 0 33.60137361035565 33.89977412780242 118.5
0 1 33.988113629464905 35.02537313816922 108.5
1 0 42.761677895974536 60.44465981817443 -117.5
1 1 42.39313043861041 59.376222609192965 -108.0
2629
-------------------New----------------
0 0 -72.87528782562023 0.7885994060479183 118.5
0 1 -71.40733955812298 0.8989132501362562 108.5
1 0 -38.22112034974715 3.398081781775928 -117.5
1 1 -39.616884539329995 3.2924534489180433 -108.0
2631
-------------------New----------------
0 0 -26.73534281909982 -106.54190036541274 118.5
0 1 -24.696238231318482 -104.99004009416328 108.5
1 0 21.56798661720113 -70.38855706677818 -117.5
1 1 19.625813408497 -71.84293904661207 -108.0
2632
-------------------New----------------
0 0 -58.548708958221674 -105.16877269406616 118.5
0 1 -55.76499049356264 -104.74970534287566 108.5
1 0 7.17292870397762 -95.30566799329411 -117.5
1 1 4.527598846337066 -95.70279402572768 -108.0
2634
-------------------New----------------
0 0 9.282963320109346 26.931943577632943 118.5
0 1 8.474368720182872 21.944218110110135 108.5
1 0 -9.87460945686437 -90.797108381815 -117.5
1 1 -9.09835221761666 -86.05345345684934 -108.0
2637
-------------------New----------------
0 0 -12.964578637735736 43.234546704697735 118.5
0 1 -16.38527656226442 38.862304326829175 108.5
1 0 -93.70430694526837 -59.94465776852671 -117.5
1 1 -90.45347148327133 -55.79019761708891 -108.0
2638
-------------------New----------------
0 0 -19.301403819934734 6.790155807159526 118.5
0 1 -18.869629356712764 2.665033528851383 108.5
1 0 -9.088124240834034 -90.57970130747447 -117.5
1 1 -9.49968443602877 -86.65942882606134 -108.0
2643
-------------------New----------------
0 0 85.21112082426123 -1.8017894501175156 118.5
0 1 84.65322535671302 1.9688440781748437 108.5
1 0 72.06574916647169 87.2203370630524 -117.5
1 1 72.59164371483288 83.63461603489091 -108.0
2672
-------------------New----------------
0 0 46.416895401821094 35.39497129962274 118.5
0 1 43.17991605645107 32.15016932827173 108.5
1 0 -30.127135004255514 -41.16291140752106 -117.5
1 1 -27.048809594995777 -38.08345540761758 -108.0
2673
-------------------New----------------
0 0 -64.39645872352654 78.21832779019458 118.5
0 1 -65.08883166060754 78.70554189748378 108.5
1 0 -80.75024191233993 89.51316931988451 -117.5
1 1 -80.10377586771126 89.0830147621645 -108.0
2679
-------------------New----------------
0 0 -65.20057590620166 69.0500756941699 118.5
0 1 -64.45286219652563 66.54243254341294 108.5
1 0 -47.46641384933041 9.153561837158875 -117.5
1 1 -48.17406783111103 11.612178125215404 -108.0
2700
-------------------New----------------
0 0 -39.44504958337535 -3.196295957479183 118.5
0 1 -38.98560479947251 0.4104491421319967 108.5
1 0 -28.60823030708452 81.93122538992837 -117.5
1 1 -29.043953728814223 78.50336138484168 -108.0
2701
-------------------New----------------
0 0 -96.77379550416292 -46.173545062982825 118.5
0 1 -95.71219483567636 -48.729248749885976 108.5
1 0 -71.83462603245682 -106.59035882959355 -117.5
1 1 -72.80107318441 -104.14337710112093 -108.0
2719
-------------------New----------------
0 0 -31.234853420170214 3.477944130399716 118.5
0 1 -25.749047444736554 2.729190364192438 108.5
1 0 97.81585372611781 -15.523736182884386 -117.5
1 1 92.64259483220383 -14.706670395929526 -108.0
2723
-------------------New----------------
0 0 -0.7435579199420861 56.37588951400322 118.5
0 1 -2.581942386019278 51.877734111778366 108.5
1 0 -44.432958134986166 -50.25743039540875 -117.5
1 1 -42.66601997668843 -45.93400314590162 -108.0
2728
-------------------New----------------
0 0 -35.94914235932615 39.71431388738775 118.5
0 1 -38.39045833584217 35.84954254196919 108.5
1 0 -93.48681607322355 -51.40985537450756 -117.5
1 1 -91.16938319494234 -47.74674909990842 -108.0
2731
-------------------New----------------
0 0 52.374225613013344 -66.70748452429385 118.5
0 1 55.10823809301779 -68.14004280255509 108.5
1 0 116.87315339774527 -100.49047568150402 -117.5
1 1 114.27698729921829 -99.12963213521039 -108.0
2732
-------------------New----------------
0 0 -26.176776633193363 -0.6060765996477508 118.5
0 1 -25.23452265565441 2.3551011619926667 108.5
1 0 -3.944055808291963 69.18706042483174 -117.5
1 1 -4.836870815925552 66.37738023637647 -108.0
2735
-------------------New----------------
0 0 107.78566025518619 -28.769020899948107 118.5
0 1 106.42309524172867 -26.57429353379889 108.5
1 0 75.63001886740189 23.0275811731563 -117.5
1 1 76.9239813815413 20.94262134652345 -108.0
2736
-------------------New----------------
0 0 -42.80380706948159 79.40257153725773 118.5
0 1 -43.9320135105114 81.240585644614 108.5
1 0 -69.8890915260388 123.31938010121125 -117.5
1 1 -68.82490804722696 121.54480625726448 -108.0
2746
-------------------New----------------
0 0 -107.70258135041817 -25.469197210802264 118.5
0 1 -106.49542418582648 -25.64012971570785 108.5
1 0 -78.3884157887748 -32.34700036893815 -117.5
1 1 -79.50291451506868 -31.962479180719633 -108.0
2747
-------------------New----------------
0 0 91.26668907411012 65.18861329894645 118.5
0 1 91.01988183309462 67.50767563887514 108.5
1 0 85.45430079409907 119.9225403788145 -117.5
1 1 85.68820324561561 117.71955995223111 -108.0
2754
-------------------New----------------
0 0 84.47994031679112 29.813177376495013 118.5
0 1 81.65204771306837 28.46881307066558 108.5
1 0 17.774331998548025 -1.944020308755433 -117.5
1 1 20.458584276063604 -0.665732347322524 -108.0
2759
-------------------New----------------
0 0 -45.47065235433502 -102.40762266227061 118.5
0 1 -45.13114822140214 -101.83114246427328 108.5
1 0 -37.43631253990192 -88.7897822218799 -117.5
1 1 -37.75975388000605 -89.33895174715906 -108.0
2760
-------------------New----------------
0 0 -36.6048484431948 -13.297574503219362 118.5
0 1 -30.929781506765295 -11.5086515448872 108.5
1 0 97.35309699538085 29.074422844004772 -117.5
1 1 91.96211474702386 27.362567203793116 -108.0
2764
-------------------New----------------
0 0 47.85871767957708 -36.45573114522287 118.5
0 1 48.87034987387626 -39.610258931477105 108.5
1 0 71.72251891324262 -110.91017049600514 -117.5
1 1 70.76281080712266 -107.91210348930925 -108.0
2775
-------------------New----------------
0 0 61.29160719921077 -39.150777129080886 118.5
0 1 59.502956798472134 -40.939444107695486 108.5
1 0 19.041930886982342 -81.45251912072237 -117.5
1 1 20.745704285924063 -79.74718920936775 -108.0
2780
-------------------New----------------
0 0 7.056547311090085 -49.32617766677963 118.5
0 1 6.24900417547926 -47.97430205763006 108.5
1 0 -11.91350938607362 -17.267336140895956 -117.5
1 1 -11.149223368047691 -18.5603920584663 -108.0
2781
-------------------New----------------
0 0 83.39007583137865 38.947332853864914 118.5
0 1 81.13633743096314 41.80966388517969 108.5
1 0 30.139207498838772 106.57814156353277 -117.5
1 1 32.28649461583213 103.85629793504677 -108.0
2810
-------------------New----------------
0 0 64.4031730029084 -20.25668944119901 118.5
0 1 65.7753591518486 -23.3037305612042 108.5
1 0 96.81043568603954 -92.01982621728747 -117.5
1 1 95.50644652023162 -89.13535917377291 -108.0
2819
-------------------New----------------
0 0 54.26773633262381 -28.100436737901465 118.5
0 1 51.307542347327214 -24.653215705486176 108.5
1 0 -15.569537461450295 53.251985250762615 -117.5
1 1 -12.759371124348846 49.97762644885698 -108.0
2824
-------------------New----------------
0 0 89.81429582683062 -101.42455119140679 118.5
0 1 87.8166418406158 -102.11731930363656 108.5
1 0 42.64588454186196 -117.85347683486093 -117.5
1 1 44.549715626017715 -117.18791976473574 -108.0
2848
-------------------New----------------
0 0 -0.614366503237029 7.299705834186969 118.5
0 1 -3.92783497530343 8.808578119563595 108.5
1 0 -78.02155797372487 42.69426707377666 -117.5
1 1 -74.9091295979801 41.27991124404589 -108.0
2849
-------------------New----------------
0 0 -85.28384210487074 10.5876509372162 118.5
0 1 -82.44754024605771 9.984116001333506 108.5
1 0 -18.35671175642682 -4.493992571090812 -117.5
1 1 -21.030575341091556 -3.8681364039152966 -108.0
2852
-------------------New----------------
0 0 -79.64810023863507 -9.450252128414915 118.5
0 1 -81.18372242518072 -12.273554793189227 108.5
1 0 -115.65542360559623 -75.9579545042472 -117.5
1 1 -114.20550179396028 -73.2777195628398 -108.0
2859
-------------------New----------------
0 0 -98.54534799740303 13.811685667217315 118.5
0 1 -97.91073970746449 10.376619390181645 108.5
1 0 -83.57446120588298 -67.27127952998455 -117.5
1 1 -84.1762546729985 -64.00736734663649 -108.0
2863
-------------------New----------------
0 0 71.40175375237409 -99.18104544067543 118.5
0 1 72.39332318918532 -99.31533640006977 108.5
1 0 94.76731540829428 -102.31394366793123 -117.5
1 1 93.8288503290748 -102.18852554438732 -108.0
2867
-------------------New----------------
0 0 32.46087620360642 2.967401749581547 118.5
0 1 36.14515692572286 7.670115524481477 108.5
1 0 119.19321807271608 114.03633843060618 -117.5
1 1 115.72953405942542 109.56947666653602 -108.0
2878
-------------------New----------------
0 0 -1.9715692523338226 10.312746221002339 118.5
0 1 0.4251299450683511 13.321351013366893 108.5
1 0 54.572075054382836 81.32853487012103 -117.5
1 1 52.29532470341182 78.47029240776754 -108.0
2891
-------------------New----------------
0 0 63.46457278435101 17.893758548552615 118.5
0 1 62.79041292131959 22.117334773814655 108.5
1 0 47.469999671102805 117.50847256202822 -117.5
1 1 48.11421909601322 113.5014821874242 -108.0
2895
-------------------New----------------
0 0 13.07603536714837 37.319043438633635 118.5
0 1 8.892295838541019 35.08986816929949 108.5
1 0 -85.63987168709966 -15.277611700423828 -117.5
1 1 -81.66907964465511 -13.161384945155044 -108.0
2896
-------------------New----------------
0 0 17.667053930924197 -30.52981715365712 118.5
0 1 16.24473606273468 -24.18491492171171 108.5
1 0 -15.90751571997109 119.157275812407 -117.5
1 1 -14.557120024250619 113.1368304118386 -108.0
2907
-------------------New----------------
0 0 34.55646474265778 -43.42354081878064 118.5
0 1 31.071555329842614 -38.024966961681656 108.5
1 0 -47.737785247072516 84.14670120274499 -117.5
1 1 -44.43577107724805 79.02112721023067 -108.0
2921
-------------------New----------------
0 0 -90.50301592890762 -87.82797197535658 118.5
0 1 -96.09648392841186 -91.9548401752667 108.5
1 0 12.22172673957316 63.27274994276807 -117.5
1 1 11.250028291917092 63.79138451559386 -108.0
2923
-------------------New----------------
0 0 -28.48684698982415 73.42992832139524 118.5
0 1 -22.908260932282655 72.2202315490702 108.5
1 0 103.06473290046668 44.9542117753886 -117.5
1 1 97.77275289798078 46.09648555301415 -108.0
2932
-------------------New----------------
0 0 -86.28232873033757 -66.71469324886235 118.5
0 1 -87.27832804102401 -68.1494899573609 108.5
1 0 -109.51203870399672 -100.70534944858665 -117.5
1 1 -108.54988718745078 -99.33148971155177 -108.0
2936
-------------------New----------------
0 0 37.264388759886174 27.40060296852875 118.5
0 1 38.82405987075508 30.644459028077172 108.5
1 0 74.1449750012619 103.9577854137162 -117.5
1 1 72.6575445276146 100.87532500664723 -108.0
2947
-------------------New----------------
0 0 78.50630377867377 -30.621826198794782 118.5
0 1 75.67904548028758 -29.806348901184247 108.5
1 0 11.764530300820493 -11.146017536446255 -117.5
1 1 14.454833607415006 -11.938917892462438 -108.0
2956
-------------------New----------------
0 0 58.5138887000514 96.6166501966501 118.5
0 1 57.04703806642209 95.24217402114645 108.5
1 0 23.729812551148832 65.19895360432412 -117.5
1 1 25.130153344183245 66.45422664769613 -108.0
2960
-------------------New----------------
0 0 18.182939248458464 -76.25755099300218 118.5
0 1 19.872971355254702 -77.32014725195606 108.5
1 0 58.13234430834384 -101.3963049622582 -117.5
1 1 56.5238387628268 -100.37646059383034 -108.0
2964
-------------------New----------------
0 0 78.25647260905981 -90.03472509380148 118.5
0 1 78.93353690789587 -88.48576926962356 108.5
1 0 94.26144175126578 -53.45792759273551 -117.5
1 1 93.62489327320152 -54.93429115013421 -108.0
2971
-------------------New----------------
0 0 -15.823841272158196 27.240961738272524 118.5
0 1 -15.330054696132228 22.60886623988339 108.5
1 0 -4.235373879267258 -82.09097079482531 -117.5
1 1 -4.700893540261206 -77.69105680228509 -108.0
2978
-------------------New----------------
0 0 17.088080836951082 -85.38247047170627 118.5
0 1 12.545581340131642 -84.8582210650043 108.5
1 0 -90.34884072055198 -72.42543050003506 -117.5
1 1 -86.0077277292705 -72.9705440210614 -108.0
2982
-------------------New----------------
0 0 72.3198602374471 68.28787430640833 118.5
0 1 68.77961594706639 67.84631029805698 108.5
1 0 -11.24640874982117 57.89576858300346 -117.5
1 1 -7.882390813852249 58.31220686149008 -108.0
2985
-------------------New----------------
0 0 58.76597660013299 25.895542210666484 118.5
0 1 60.474490922822 20.952357790903513 108.5
1 0 99.10591547715778 -90.78825520132771 -117.5
1 1 97.48364109076546 -86.08755422379198 -108.0
2989
-------------------New----------------
0 0 -99.93060104276853 27.440481482608913 118.5
0 1 -97.99713664422774 24.871591413386426 108.5
1 0 -54.130554765517914 -33.10574356627875 -117.5
1 1 -55.98520251338522 -30.668022210678476 -108.0
2993
-------------------New----------------
0 0 85.6183923825159 -8.586087297811195 118.5
0 1 87.10043840005909 -5.230621525502685 108.5
1 0 120.79573876473569 70.5714593018188 -117.5
1 1 119.37659162250375 67.38286905915373 -108.0
3029
-------------------New----------------
0 0 -29.60234641650275 -50.35251110658838 118.5
0 1 -23.440355477017523 -46.01661410654386 108.5
1 0 115.81116710503245 51.96244685290124 -117.5
1 1 109.95710326321765 47.84338814749585 -108.0
3030
-------------------New----------------
0 0 -100.55851129657034 22.959148852271788 118.5
0 1 -99.74827734612835 24.950020242682672 108.5
1 0 -81.83403582473093 69.74757907071692 -117.5
1 1 -82.58949838562691 67.87994140220056 -108.0
3031
-------------------New----------------
0 0 37.34241031022218 25.72168673124196 118.5
0 1 36.51721912405007 23.00574173011742 108.5
1 0 17.896813264136195 -38.19684033021648 -117.5
1 1 18.67921276816304 -35.62843825738005 -108.0
3034
-------------------New----------------
0 0 38.603454720526976 -111.63324846712199 118.5
0 1 42.2384409590407 -110.82304528900242 108.5
1 0 124.37801031875968 -92.12100044812622 -117.5
1 1 120.91384668810306 -92.91671714010907 -108.0
3037
-------------------New----------------
0 0 -12.23218049009948 -10.95317608423657 118.5
0 1 -14.931415399426632 -8.54871906929316 108.5
1 0 -75.98356280697801 45.769856960132834 -117.5
1 1 -73.41668659472742 43.48725483276599 -108.0
3040
-------------------New----------------
0 0 92.85045019763172 17.76859594232529 118.5
0 1 93.22151150914235 12.576327537009973 108.5
1 0 101.56610036528362 -104.74260620610812 -117.5
1 1 101.21640998871005 -99.81107703155291 -108.0
3052
-------------------New----------------
0 0 17.863007116900683 8.906847406229657 118.5
0 1 17.860849962609784 5.814682752235354 108.5
1 0 17.821386979853482 -64.06033232497481 -117.5
1 1 17.8233018542909 -61.121593170317134 -108.0
3054
-------------------New----------------
0 0 31.709197771968814 35.92375522963665 118.5
0 1 29.970075695502594 39.02254137726531 108.5
1 0 -9.323206218420037 109.09551629529423 -117.5
1 1 -7.671480790221731 106.1494465964956 -108.0
3058
-------------------New----------------
0 0 35.35496447676644 -24.787484868766274 118.5
0 1 40.400431977811415 -25.723020875755054 108.5
1 0 -44.61196202690887 -10.526120679349336 -117.5
1 1 -46.66278531646641 -9.002200688639071 -108.0
3063
-------------------New----------------
0 0 8.29304953151029 -102.49824476555114 118.5
0 1 7.2707800576087696 -101.3641766404614 108.5
1 0 -15.413278760701004 -75.06342477655576 -117.5
1 1 -14.47274946750288 -76.17988423171293 -108.0
3078
-------------------New----------------
0 0 -81.84806406927521 33.926867347168354 118.5
0 1 -80.52139414336972 33.791108577588815 108.5
1 0 -50.53108870409848 30.728699895508214 -117.5
1 1 -51.79268062633997 30.857931187716567 -108.0
3080
-------------------New----------------
0 0 -42.04838040515965 53.91183932872336 118.5
0 1 -39.303219023513684 51.89463452830074 108.5
1 0 22.71076813498806 6.3580524277218355 -117.5
1 1 20.10672509244762 8.27223658369694 -108.0
3083
-------------------New----------------
0 0 -53.16416749446616 91.50408363918861 118.5
0 1 -49.85816704663843 89.92126485913691 108.5
1 0 25.002553370731825 54.1214813022905 -117.5
1 1 21.852388011058366 55.61933288267444 -108.0
3084
-------------------New----------------
0 0 52.30142427913696 115.44842181450164 118.5
0 1 54.630604899495474 115.08092314331259 108.5
1 0 107.2837887986577 106.75679506063886 -117.5
1 1 105.07053892884733 107.10602449286148 -108.0
3101
-------------------New----------------
0 0 42.110679121158725 47.21258818463064 118.5
0 1 39.141380123014045 48.87411776353227 108.5
1 0 -27.96111849448501 86.4154003796767 -117.5
1 1 -25.139922302490476 84.83703231062324 -108.0
3102
-------------------New----------------
0 0 54.8415646176843 75.12710992153464 118.5
0 1 51.41784881582671 72.67994184594873 108.5
1 0 -25.985581755268253 17.367860386222933 -117.5
1 1 -22.731744021984472 19.69121351768355 -108.0
3104
-------------------New----------------
0 0 93.17966681245234 89.05449789320058 118.5
0 1 93.42063445580912 86.45239154457956 108.5
1 0 98.8779079409856 27.558297476834685 -117.5
1 1 98.65209368260034 30.038474979815312 -108.0
3110
-------------------New----------------
0 0 103.54057372269554 -28.144982956392397 118.5
0 1 102.4860021411444 -25.34001371981885 108.5
1 0 78.6423873942596 38.0510953320305 -117.5
1 1 79.64356881956715 35.38586679197477 -108.0
3121
-------------------New----------------
0 0 57.41725998478576 39.24886966238331 118.5
0 1 54.44286749990448 37.09168667489368 108.5
1 0 -12.622734492362735 -11.342965266715252 -117.5
1 1 -9.796873773566704 -9.311446179326145 -108.0
3122
-------------------New----------------
0 0 42.30448582441453 -45.589828383886086 118.5
0 1 41.270800405083584 -44.04368283398061 108.5
1 0 17.903425884813796 -9.122493273095756 -117.5
1 1 18.8855043992816 -10.589482878115803 -108.0
3128
-------------------New----------------
0 0 46.264894082918985 79.91775921361122 118.5
0 1 43.60593647357086 81.51892799011384 108.5
1 0 -16.341469758936455 117.73413382872975 -117.5
1 1 -13.82468159879283 116.21240977226985 -108.0
3133
-------------------New----------------
0 0 12.697525932225204 -54.08290471679648 118.5
0 1 8.114011389021304 -54.74585188734967 108.5
1 0 -95.65202420030967 -69.55809678640409 -117.5
1 1 -91.30732539038858 -68.92224844800766 -108.0
3140
-------------------New----------------
0 0 -65.37401473831557 43.185119825395724 118.5
0 1 -64.46639644675646 38.55826670022246 108.5
1 0 -43.88437169994785 -66.08083702438287 -117.5
1 1 -44.7487820581514 -61.679438497131436 -108.0
3142
-------------------New----------------
0 0 -18.875578680293987 12.685228871743913 118.5
0 1 -18.326788341061835 13.494738465712981 108.5
1 0 -5.912289303876965 31.57764185697016 -117.5
1 1 -6.442017562674534 30.830117454251308 -108.0
3160
-------------------New----------------
0 0 22.617644987205413 -55.539880855357964 118.5
0 1 21.737805892625623 -53.14161522513767 108.5
1 0 1.7716558134330853 1.0627662211228759 -117.5
1 1 2.6098083851093095 -1.216009505878273 -108.0
3163
-------------------New----------------
0 0 63.08096253229136 5.457091908748881 118.5
0 1 65.32099052983256 7.704603884481401 108.5
1 0 115.98402561072517 58.561322974781774 -117.5
1 1 113.85594936822349 56.4186311544572 -108.0
3176
-------------------New----------------
0 0 37.57369545895063 47.48744246337618 118.5
0 1 40.00742664255927 45.29533309871836 108.5
1 0 95.03244919463627 -4.3201819295794905 -117.5
1 1 92.71962270288768 -2.23033744507351 -108.0
3178
-------------------New----------------
0 0 -41.725763672083886 26.869029150046735 118.5
0 1 -44.72070792575974 29.457412206710323 108.5
1 0 -112.36321851024816 87.98341628531678 -117.5
1 1 -109.51994127185017 85.52299963153847 -108.0
3182
-------------------New----------------
0 0 -10.72491744046047 -53.82918675523174 118.5
0 1 -9.557761482015461 -55.5261347740917 108.5
1 0 16.664063621004775 -93.69462509382784 -117.5
1 1 15.556603255046562 -92.09464561574435 -108.0
3198
-------------------New----------------
0 0 -16.590087290300684 -68.74496501499723 118.5
0 1 -13.932818456486908 -67.98306696937343 108.5
1 0 46.099450188952304 -50.743260462251904 -117.5
1 1 43.576447429168795 -51.46749498088612 -108.0
3199
-------------------New----------------
0 0 -8.477565797233302 -38.18930663227312 118.5
0 1 -10.492570215875961 -37.9284887379345 108.5
1 0 -56.02409168460497 -32.029395892231015 -117.5
1 1 -54.110334021547985 -32.27768652187509 -108.0
3203
-------------------New----------------
0 0 89.63777730828875 -47.12628754644934 118.5
0 1 88.14936492981373 -46.18944360832366 108.5
1 0 54.516016942722615 -25.01194096190326 -117.5
1 1 55.92970814915632 -25.902168214977838 -108.0
3205
-------------------New----------------
0 0 116.51941722343088 -41.47570579054714 118.5
0 1 118.61629684961979 -40.89926760314428 108.5
1 0 -73.12467260765445 44.65353743648883 -117.5
1 1 -70.41772642539368 45.608767309110206 -108.0
3206
-------------------New----------------
0 0 30.47381543680378 -28.222128029747665 118.5
0 1 34.05211304675883 -32.08618597401339 108.5
1 0 115.22444182753047 -120.03347089619403 -117.5
1 1 111.80276402110067 -116.3258641773951 -108.0
3207
-------------------New----------------
0 0 -21.409961088752922 -62.051919189426314 118.5
0 1 -25.909121647316624 -61.614749526065985 108.5
1 0 -127.50533878263411 -51.734139950198255 -117.5
1 1 -123.23792844195948 -52.13555763556982 -108.0
3209
-------------------New----------------
0 0 -27.703646248445814 50.249058978194356 118.5
0 1 -24.78081580499692 51.725740855455264 108.5
1 0 41.34361763230891 85.22615422988886 -117.5
1 1 38.55859448186196 83.81832924625604 -108.0
3218
-------------------New----------------
0 0 -52.295428717706855 45.87596377594706 118.5
0 1 -50.96637666987773 45.82545783310094 108.5
1 0 -20.91357043854778 44.68560448654697 -117.5
1 1 -22.177291195841732 44.73412884151749 -108.0
3226
-------------------New----------------
0 0 -123.17256890283377 40.98171072599279 118.5
0 1 -123.16490535590381 37.71491325423796 108.5
1 0 -124.04403807997137 -36.70847909521659 -117.5
1 1 -123.99182327401839 -33.56503138643488 -108.0
3230
-------------------New----------------
0 0 20.36403839180297 -6.347864425944643 118.5
0 1 18.15503893104138 -2.757454383728133 108.5
1 0 -31.66815633045036 78.36564710414709 -117.5
1 1 -29.582427190069986 74.95161897877793 -108.0
3237
-------------------New----------------
0 0 7.006271532922329 17.18817390556108 118.5
0 1 7.637292586172211 11.368409642176298 108.5
1 0 21.419043761539037 -119.45847368411606 -117.5
1 1 20.830038739645122 -113.98668619986816 -108.0
3238
-------------------New----------------
0 0 -23.06207798225897 30.81610473766712 118.5
0 1 -20.39767940762001 32.35364457198476 108.5
1 0 39.82759359845176 67.10504453097396 -117.5
1 1 37.295797344098 65.64458342234204 -108.0
3242
-------------------New----------------
0 0 85.14578074049963 -0.43401502490303956 118.5
0 1 84.77878121876091 -0.4703140046653697 108.5
1 0 76.1978613861352 -1.1986222604014969 -117.5
1 1 76.56346860542523 -1.1703431080095745 -108.0
3251
-------------------New----------------
0 0 67.10361125994334 40.502447354535505 118.5
0 1 68.20054144318011 46.8423766318492 108.5
1 0 -23.94019559372867 80.46869658346095 -117.5
1 1 -24.17871825083472 79.38761300211667 -108.0
3253
-------------------New----------------
0 0 21.35087756271872 10.651487147417678 118.5
0 1 16.54434159124905 11.547667702497519 108.5
1 0 -92.32831780240558 31.80288732004592 -117.5
1 1 -87.75233780675484 30.942679380919913 -108.0
3255
-------------------New----------------
0 0 -12.067548054593559 11.765603267697637 118.5
0 1 -10.927792918939451 9.06713632401971 108.5
1 0 14.812680995895471 -51.96961435140757 -117.5
1 1 13.731924675768003 -49.403698354173876 -108.0
3260
-------------------New----------------
0 0 75.07831562470885 3.982138686339611 118.5
0 1 71.44889175925687 -0.3604056943400735 108.5
1 0 -10.5865044908934 -98.50674903414219 -117.5
1 1 -7.138270908656374 -94.38111480672673 -108.0
3269
-------------------New----------------
0 0 11.279935712280597 21.53369837441182 118.5
0 1 11.648601101043235 17.23513030399546 108.5
1 0 20.003640649918246 -79.9866435143333 -117.5
1 1 19.65746621272232 -75.90106282844248 -108.0
3270
-------------------New----------------
0 0 -52.147827929291125 -16.372580435785167 118.5
0 1 -49.44747137663784 -17.425154160687452 108.5
1 0 11.943273202823107 -41.3511732588277 -117.5
1 1 9.338189466060491 -40.332925108843426 -108.0
3272
-------------------New----------------
0 0 -110.04155444065539 -32.3136369898242 118.5
0 1 -110.10894487268078 -34.275888455763514 108.5
1 0 -111.52687074483629 -78.76687225788295 -117.5
1 1 -111.46892764525455 -76.89322426455499 -108.0
3279
-------------------New----------------
0 0 -38.80350290976072 -3.2637957929275494 118.5
0 1 -38.72941523926514 -7.160546572671464 108.5
1 0 -37.01592213215824 -95.2373424578594 -117.5
1 1 -37.08884479730795 -91.53566455435707 -108.0
3291
-------------------New----------------
0 0 29.958586089088755 10.618850447731504 118.5
0 1 30.632483138690286 14.864866957179634 108.5
1 0 45.87519496689789 110.83954177991725 -117.5
1 1 45.234373969766374 106.80576297676198 -108.0
3302
-------------------New----------------
0 0 -44.599492674927305 64.142298883257 118.5
0 1 -45.380861082299354 63.295876234146775 108.5
1 0 -63.035217827359006 44.09802534028189 -117.5
1 1 -62.29345828941182 44.90843782707255 -108.0
3306
-------------------New----------------
0 0 35.56115312974856 -14.490845228232924 118.5
0 1 35.76251941726263 -15.318420217842382 108.5
1 0 40.288247501058464 -34.108800721765235 -117.5
1 1 40.097613112215534 -33.320770077672435 -108.0
3308
-------------------New----------------
0 0 -46.96154123541596 -34.09005615002633 118.5
0 1 -48.55927662172746 -28.429191694237055 108.5
1 0 -84.66554830157796 99.50631887158133 -117.5
1 1 -83.14771464590743 94.12827292874587 -108.0
3318
-------------------New----------------
0 0 -21.97212979381481 92.19400566345944 118.5
0 1 -24.04945609934193 93.0236259687624 108.5
1 0 -70.98810146777336 111.77117492697266 -117.5
1 1 -69.01949169956518 110.97993840326163 -108.0
3325
-------------------New----------------
0 0 37.908858301846514 -5.349032596294942 118.5
0 1 33.3890505897396 -8.545957560795815 108.5
1 0 -68.78820268086417 -80.782079805745 -117.5
1 1 -64.49305754847742 -77.74630362456935 -108.0
3331
-------------------New----------------
0 0 -57.30405501152866 8.72867248367477 118.5
0 1 -55.87466094091072 11.926538005896457 108.5
1 0 -23.564577647231964 84.16139681318839 -117.5
1 1 -24.91030642735658 81.14939966011787 -108.0
3337
-------------------New----------------
0 0 49.45516304733201 -26.00213352263387 118.5
0 1 50.7713760728213 -24.253950755965093 108.5
1 0 80.51383729650816 15.24069769038365 -117.5
1 1 79.26350780938199 13.581677738456824 -108.0
3341
-------------------New----------------
0 0 -69.97636944387632 -45.266069040102096 118.5
0 1 -72.11060851355435 -44.53460928425257 108.5
1 0 -120.35088362622392 -28.00764726203236 -117.5
1 1 -118.32213424460672 -28.699746946234235 -108.0
3353
-------------------New----------------
0 0 38.281731932312574 79.82555802932224 118.5
0 1 34.62701160886626 77.56720636525881 108.5
1 0 -48.0687477979244 26.533571613848785 -117.5
1 1 -44.58903985714024 28.678280447774917 -108.0
3360
-------------------New----------------
0 0 -38.114382557811226 78.04000262637432 118.5
0 1 -36.88068927788913 78.50134565342616 108.5
1 0 -8.972103030405263 88.94732537254951 -117.5
1 1 -10.144600018877323 88.50998886065747 -108.0
3365
-------------------New----------------
0 0 35.759817915186204 38.789778561746324 118.5
0 1 37.66374863052813 41.08730773488106 108.5
1 0 80.62495728073701 93.0660747200034 -117.5
1 1 78.82796244233717 90.88223977432973 -108.0
3368
-------------------New----------------
0 0 -54.59536348000788 17.036470018536846 118.5
0 1 -55.50103504687788 19.108005614119826 108.5
1 0 -75.95764384553046 65.93096873245445 -117.5
1 1 -75.09811902853819 63.96364668049746 -108.0
3377
-------------------New----------------
0 0 22.31632551211664 93.4464895894643 118.5
0 1 18.76160299615831 93.47564205473705 108.5
1 0 -62.04263129844894 94.35749692946482 -117.5
1 1 -58.63767015706982 94.30228041508713 -108.0
3382
-------------------New----------------
0 0 89.95581821072632 -55.20323017840997 118.5
0 1 89.68547136474142 -56.88431244814136 108.5
1 0 83.81185682967066 -95.25631452257211 -117.5
1 1 84.05148262871077 -93.6275388154611 -108.0
3397
-------------------New----------------
0 0 18.212304495299154 -71.99213285469393 118.5
0 1 19.580028271182915 -69.74389670256127 108.5
1 0 50.27479511382125 -19.08538310377152 -117.5
1 1 48.99128250684874 -21.214826508132663 -108.0
3404
-------------------New----------------
0 0 -26.624899546577694 100.46243850673916 118.5
0 1 -29.070465819688717 101.42736528067297 108.5
1 0 -84.29421389695952 123.21250055861404 -117.5
1 1 -81.97103670998237 122.29963776053353 -108.0
3415
-------------------New----------------
0 0 17.15664809861517 -45.28521330229259 118.5
0 1 16.572799280424142 -45.31608328914825 108.5
1 0 3.8756230421738396 -46.099912006585086 -117.5
1 1 4.391706433412788 -46.0761686443099 -108.0
3426
-------------------New----------------
0 0 40.29870204769493 97.41143911283719 118.5
0 1 41.71291105075804 98.3933048864229 108.5
1 0 73.56597636702034 120.39444892220442 -117.5
1 1 72.23397216725093 119.47277442792748 -108.0
3431
-------------------New----------------
0 0 3.2372652549102527 -84.42153129369169 118.5
0 1 3.1837860165697425 -82.66234174888508 108.5
1 0 1.8843419535085288 -43.157622282560695 -117.5
1 1 1.9412914891975537 -44.80954363975661 -108.0
3434
-------------------New----------------
0 0 -43.948707327657004 -61.9299450244615 118.5
0 1 -44.968423650511326 -62.58973844064278 108.5
1 0 -67.98774422398175 -77.47516429829302 -117.5
1 1 -67.02088243341363 -76.85024113909 -108.0
3437
-------------------New----------------
0 0 -66.05035732454954 16.46082028118748 118.5
0 1 -65.13773092218688 17.720951824449322 108.5
1 0 -44.494887701272624 45.94226947032048 -117.5
1 1 -45.346398066341166 44.77679868837161 -108.0
3453
-------------------New----------------
0 0 7.870133744444352 80.97821021034363 118.5
0 1 8.832340955898783 77.72830356188895 108.5
1 0 30.579481181382583 4.018714655007015 -117.5
1 1 29.67460205533738 7.127383581042585 -108.0
3455
-------------------New----------------
0 0 31.591620133198962 62.08274105357718 118.5
0 1 29.464639452343185 60.285199715761664 108.5
1 0 -18.599226511472274 19.659747245671237 -117.5
1 1 -16.577036247917444 21.369947989743718 -108.0
3460
-------------------New----------------
0 0 -25.182920247678375 84.19218106332093 118.5
0 1 -21.985190843041647 81.89267233738713 108.5
1 0 50.19420823014396 29.97036301087955 -117.5
1 1 47.15968721834941 32.15111899879604 -108.0
3461
-------------------New----------------
0 0 28.612668266060332 33.74281735475274 118.5
0 1 24.079294298751698 31.656341809942784 108.5
1 0 -78.3344027898944 -15.511663734225039 -117.5
1 1 -74.02978764689452 -13.528416575149128 -108.0
3465
-------------------New----------------
0 0 -86.7342579320018 -0.3323271491431477 118.5
0 1 -85.05499309186871 -2.4733945067874408 108.5
1 0 -47.127657483326075 -50.970866333061885 -117.5
1 1 -48.71897104817015 -48.92823081631826 -108.0
3466
-------------------New----------------
0 0 73.70180709032762 82.75228938211656 118.5
0 1 72.61948082457106 81.86048476555864 108.5
1 0 48.14937008762143 61.69386486153242 -117.5
1 1 49.178218105336 62.54333055362438 -108.0
3467
-------------------New----------------
0 0 23.278242802119745 22.814242715337663 118.5
0 1 24.420767580289695 22.99728600113619 108.5
1 0 50.21611683841944 27.087315123823778 -117.5
1 1 49.13013795219003 26.91927444926885 -108.0
3468
-------------------New----------------
0 0 -6.309939319961245 50.13591345120734 118.5
0 1 -8.512902826179777 51.32579571397348 108.5
1 0 -58.31887234703279 78.25916822261838 -117.5
1 1 -56.22303838806788 77.1246018927108 -108.0
3472
-------------------New----------------
0 0 -113.56210351451966 -22.24399547983641 118.5
0 1 -113.34225787139326 -26.42165269784279 108.5
1 0 -108.39787493871992 -120.83128404214456 -117.5
1 1 -108.605865522678 -116.8606230595459 -108.0
3486
-------------------New----------------
0 0 -74.76493131642218 70.48307714500004 118.5
0 1 -73.90443224411895 67.84321225266623 108.5
1 0 -54.316171428386745 8.158307707436016 -117.5
1 1 -55.14974959919275 10.670063648325833 -108.0
3493
-------------------New----------------
0 0 91.68980081572332 -41.4898625779928 118.5
0 1 93.1108895282374 -41.31769664280732 108.5
1 0 125.39598384292435 -37.399529779546484 -117.5
1 1 124.03235546609733 -37.56731940385691 -108.0
3499
-------------------New----------------
0 0 -29.286342457883016 54.71977015009878 118.5
0 1 -25.654501760528813 56.73913182416662 108.5
1 0 56.43232933849204 102.36903729471331 -117.5
1 1 52.98172522517666 100.4511057846238 -108.0
3502
-------------------New----------------
0 0 -124.73464620363177 81.1468465621812 118.5
0 1 -124.828479934867 80.60113664183825 108.5
1 0 -126.90454447028814 68.22640609504911 -117.5
1 1 -126.81828563582796 68.74516239645848 -108.0
3508
-------------------New----------------
0 0 -3.462409933672938 -49.36353822527884 118.5
0 1 -3.241448234902065 -52.49782721354728 108.5
1 0 1.7025356940878793 -123.343080491453 -117.5
1 1 1.4941671192471406 -120.36658255060362 -108.0
3511
-------------------New----------------
0 0 31.61937014707077 -18.77512541822088 118.5
0 1 28.909607343929384 -19.218243329290313 108.5
1 0 -32.3228146351489 -29.247198839599623 -117.5
1 1 -29.750428403679724 -28.823686649926476 -108.0
3522
-------------------New----------------
0 0 -69.69986402280486 -70.02323825573112 118.5
0 1 -69.7067890936434 -66.14204662331922 108.5
1 0 -69.83829310888905 21.65682617506603 -117.5
1 1 -69.83264600360297 17.965797500469343 -108.0
3539
-------------------New----------------
0 0 98.35206100679869 36.8797120570468 118.5
0 1 97.47404279138456 37.590558305244066 108.5
1 0 77.80478535629148 53.58923793944759 -117.5
1 1 78.62970760127385 52.92906341155655 -108.0
3540
-------------------New----------------
0 0 -90.78405285740254 22.477294298219125 118.5
0 1 -89.96022506604893 20.578707385123906 108.5
1 0 -71.34474492883393 -22.32380864884309 -117.5
1 1 -72.12682107247728 -20.51887880408917 -108.0
3541
-------------------New----------------
0 0 -14.645321568391449 63.46266772223987 118.5
0 1 -12.622742323913254 62.78277299966093 108.5
1 0 33.44745199964113 47.358920485005484 -117.5
1 1 31.506674637954962 48.0077211056027 -108.0
3548
-------------------New----------------
0 0 2.0171041626736637 6.796263431880652 118.5
0 1 -2.6345017826071637 5.273784140265004 108.5
1 0 -107.69719294373768 -29.04599395542378 -117.5
1 1 -103.28180959332572 -27.60512135882609 -108.0
3556
-------------------New----------------
0 0 26.801883103761394 32.333527974968646 118.5
0 1 28.59275683337008 31.588319033734695 108.5
1 0 68.81803612133368 15.019269178636998 -117.5
1 1 67.13835038140502 15.700742633049794 -108.0
3561
-------------------New----------------
0 0 -47.23674414814917 62.39860655096677 118.5
0 1 -48.8021694521244 64.73385689641289 108.5
1 0 -84.17290734509392 117.50274647683668 -117.5
1 1 -82.68581689304901 115.28552149464488 -108.0
3566
-------------------New----------------
0 0 -64.3622447987808 24.101531613033977 118.5
0 1 -63.92792449907093 23.61024146476814 108.5
1 0 -54.1020368968546 12.543723588323779 -117.5
1 1 -54.51500810207982 13.00510937229084 -108.0
3570
-------------------New----------------
0 0 -22.825928064731425 94.61393440223435 118.5
0 1 -20.28928140284467 93.99782358678323 108.5
1 0 37.0065328959666 80.0342284525137 -117.5
1 1 34.600088535866064 80.62038967513764 -108.0
3578
-------------------New----------------
0 0 59.01687458452352 68.0928233618793 118.5
0 1 55.67977800688205 68.27096277755768 108.5
1 0 -19.715081263247093 72.27802418073695 -117.5
1 1 -16.547390682486075 72.11014567234203 -108.0
3588
-------------------New----------------
0 0 -24.93326272119148 -32.0644030556861 118.5
0 1 -24.373813019337454 -31.27585627935165 108.5
1 0 -11.770413890249987 -13.214658798156837 -117.5
1 1 -12.300322410430686 -13.986337401757922 -108.0
3591
-------------------New----------------
0 0 56.171903023832364 -42.22049078805675 118.5
0 1 55.056317010331895 -44.02725985255655 108.5
1 0 30.332317122118674 -84.66094543612772 -117.5
1 1 31.37640446501127 -82.99632117016752 -108.0
3593
-------------------New----------------
0 0 -97.83861123843275 62.8664773528486 118.5
0 1 -98.79237746141784 58.65449307721379 108.5
1 0 -120.31287606654591 -36.57147971563329 -117.5
1 1 -119.40972149611726 -32.57167725624593 -108.0
3602
-------------------New----------------
0 0 47.819878850359636 68.36240975550724 118.5
0 1 45.49151410613884 70.35432094173763 108.5
1 0 -7.1374946450203725 115.3456697045289 -117.5
1 1 -4.924549637186657 113.45453994632355 -108.0
3608
-------------------New----------------
0 0 16.233855045753494 -24.35566751266628 118.5
0 1 15.026572264937716 -25.464611997431508 108.5
1 0 -11.208803150040477 -49.18726505877801 -117.5
1 1 -10.126330533085246 -48.245831995702 -108.0
3609
-------------------New----------------
0 0 -82.66785650736456 3.222436738217192 118.5
0 1 -80.17860529498775 7.084464731754714 108.5
1 0 -23.906237363178736 94.38797209188884 -117.5
1 1 -26.27210179131925 90.71657181145511 -108.0
3639
-------------------New----------------
0 0 75.1164828621426 -20.444074326658274 118.5
0 1 74.62352076351938 -14.843088829761205 108.5
1 0 63.25177168628305 111.63653519086711 -117.5
1 1 63.7352622642945 106.32556808856332 -108.0
3656
-------------------New----------------
0 0 -63.210103514673406 -53.42614217502394 118.5
0 1 -58.669468418393464 -52.616290192493146 108.5
1 0 44.06199312086322 -34.350699340139094 -117.5
1 1 39.74239081498457 -35.121896893856544 -108.0
3659
-------------------New----------------
0 0 66.42879287154096 -91.20289077101663 118.5
0 1 67.56790604629963 -92.65141216835191 108.5
1 0 93.35654865546995 -125.48154033062922 -117.5
1 1 92.27707479390365 -124.09535377293003 -108.0
3660
-------------------New----------------
0 0 37.852786397256736 -2.5322876085800408 118.5
0 1 35.72382121766492 -0.18625031157681454 108.5
1 0 -12.445986418743297 52.74884390473922 -117.5
1 1 -10.417574254964332 50.52645375082467 -108.0
3663
-------------------New----------------
0 0 33.66591360449338 46.46075269453942 118.5
0 1 32.23590686070578 46.37201522253183 108.5
1 0 -0.3048179914832792 43.966320606812204 -117.5
1 1 1.0852308157952297 44.06495936265312 -108.0
3674
-------------------New----------------
0 0 -11.320502670651356 46.823610428053385 118.5
0 1 -9.463992209901104 47.87623269331433 108.5
1 0 32.655007008136366 71.68117532218305 -117.5
1 1 30.881922644282476 70.67955607694182 -108.0
3676
-------------------New----------------
0 0 -13.521169704587681 -43.01297062433251 118.5
0 1 -16.10681732155196 -42.03965121444842 108.5
1 0 -74.677446775511 -19.69078166845666 -117.5
1 1 -72.21242491815855 -20.631508075501227 -108.0
3688
-------------------New----------------
0 0 -33.12985306219779 -20.540282761274405 118.5
0 1 -26.791720172048702 -23.14486260781046 108.5
1 0 116.4423690365705 -82.01825793139172 -117.5
1 1 110.42238194347674 -79.54358962982192 -108.0
3697
-------------------New----------------
0 0 33.419792663533904 -57.383071042839596 118.5
0 1 36.459393242432704 -55.78140725136816 108.5
1 0 105.15945422050747 -19.589660365518046 -117.5
1 1 102.27077488807427 -21.111794157202223 -108.0
3700
-------------------New----------------
0 0 83.20703905989906 -65.94640883071888 118.5
0 1 83.3110359577099 -64.09936530607649 108.5
1 0 85.63152455269831 -22.244146952440623 -117.5
1 1 85.53127556054571 -24.005075749576033 -108.0
3706
-------------------New----------------
0 0 -41.39012434901095 -95.44966127464008 118.5
0 1 -36.474051425994716 -95.08255416934121 108.5
1 0 74.66270981119209 -86.81436329008989 -117.5
1 1 69.9906508107743 -87.16065156683653 -108.0
3716
-------------------New----------------
0 0 63.63109447895545 -106.38635303022458 118.5
0 1 65.8357367096526 -105.98302562435086 108.5
1 0 115.56311234195512 -96.84138055246406 -117.5
1 1 113.47518941317404 -97.22752126672795 -108.0
3757
-------------------New----------------
0 0 -77.95789595500386 -39.439021120315545 118.5
0 1 -78.05683620517844 -42.00315019296484 108.5
1 0 -80.30661761750197 -99.9385793595215 -117.5
1 1 -80.21221803503877 -97.50351679296001 -108.0
3761
-------------------New----------------
0 0 -37.30743568908933 -42.75278341755886 118.5
0 1 -37.13295071099455 -41.649879270410835 108.5
1 0 -33.33958898593209 -16.69471844573613 -117.5
1 1 -33.49723190353276 -17.74646646570717 -108.0
3763
-------------------New----------------
0 0 -36.95187343631379 25.062277974214545 118.5
0 1 -38.78862012521767 22.447542088478965 108.5
1 0 -80.58403690004289 -36.638207443509216 -117.5
1 1 -78.81864486143367 -34.14282136691156 -108.0
3769
-------------------New----------------
0 0 72.89680825907615 92.94979088696819 118.5
0 1 70.07686111013713 92.24780692287749 108.5
1 0 6.3304314451827794 76.39341966674536 -117.5
1 1 9.01056454098473 77.05981250636214 -108.0
3772
-------------------New----------------
0 0 46.26563232011796 73.97649310724498 118.5
0 1 45.15027409517568 75.23922097159402 108.5
1 0 19.908572792842556 103.75044642710188 -117.5
1 1 20.970014019031787 102.55249494176951 -108.0
3773
-------------------New----------------
0 0 1.2730987401334126 -39.608134813001655 118.5
0 1 -2.762614975517171 -42.340859102287496 108.5
1 0 -94.21448493401742 -103.95100026899975 -117.5
1 1 -90.37862918943377 -101.3564381861626 -108.0
3778
-------------------New----------------
0 0 -89.25615185762356 8.299422735560414 118.5
0 1 -90.36280672771399 9.201870626609928 108.5
1 0 -115.34265547598766 29.625703052550968 -117.5
1 1 -114.29207461344461 28.76662809377841 -108.0
3781
-------------------New----------------
0 0 -3.027372745687736 -5.146506806627568 118.5
0 1 -2.5011465845054226 -6.725461968781531 108.5
1 0 9.401619818550495 -42.42029732343745 -117.5
1 1 8.901233375499828 -40.91924057275944 -108.0
3793
-------------------New----------------
0 0 119.09237970439524 8.591962071328137 118.5
0 1 119.13648174286148 11.448177683260983 108.5
1 0 120.11246990723104 76.04350036526083 -117.5
1 1 120.07171332368395 73.32731273962409 -108.0
3798
-------------------New----------------
0 0 -76.40801261125652 -13.903348781191246 118.5
0 1 -73.67975363303123 -13.626263330874613 108.5
1 0 -11.927933786349893 -7.431211356851371 -117.5
1 1 -14.524662357449523 -7.693543198642111 -108.0
3803
-------------------New----------------
0 0 -23.420838924920105 -102.08520290930349 118.5
0 1 -22.65453508879614 -101.34023080232853 108.5
1 0 -5.651171564188712 -84.15641016104911 -117.5
1 1 -6.371119211781863 -84.8868781479394 -108.0
3811
-------------------New----------------
0 0 -45.074331667974306 34.09984816653768 118.5
0 1 -44.45403447873635 32.26290195300737 108.5
1 0 -30.4597517145315 -9.409409873087103 -117.5
1 1 -31.05808605816327 -7.647486648687798 -108.0
3815
-------------------New----------------
0 0 2.057955879758283 -10.839737704121472 118.5
0 1 0.6229187308609039 -9.13352417915471 108.5
1 0 -31.773680972463318 29.401548745790215 -117.5
1 1 -30.41533616520466 27.78345632770307 -108.0
3819
-------------------New----------------
0 0 93.37978420080404 77.68217380249834 118.5
0 1 91.6916639614811 77.83940302708118 108.5
1 0 53.317109444426364 81.39830961244176 -117.5
1 1 54.93217245395359 81.24392428795662 -108.0
3823
-------------------New----------------
0 0 -64.96823877538786 5.556682319687528 118.5
0 1 -65.2332242495933 -0.04280822138493505 108.5
1 0 -71.22896103562172 -126.60039231567778 -117.5
1 1 -70.97637956615343 -121.28046106593324 -108.0
3826
-------------------New----------------
0 0 49.44972074916048 49.10498379398085 118.5
0 1 50.579114476994356 46.260057622138405 108.5
1 0 76.10414393567456 -17.99233540648627 -117.5
1 1 75.02937066223835 -15.293486212396497 -108.0
3846
-------------------New----------------
0 0 -19.28901601088128 -57.30271043093571 118.5
0 1 -18.905368494605874 -55.83937230949666 108.5
1 0 -10.226453449432686 -22.797294972429224 -117.5
1 1 -10.59153021502749 -24.185783806666745 -108.0
3854
-------------------New----------------
0 0 -40.86659192397862 12.151469944820596 118.5
0 1 -36.09435367765932 12.660979660323028 108.5
1 0 71.75862390941447 24.17792179444063 -117.5
1 1 67.22498737886686 23.693740205958296 -108.0
3868
-------------------New----------------
0 0 4.532666839956121 68.14196348657808 118.5
0 1 -0.0854276109644676 66.67822631571372 108.5
1 0 -104.44469464254003 33.61783596920958 -117.5
1 1 -100.05888495742302 35.0050440002542 -108.0
3870
-------------------New----------------
0 0 -68.37913091981727 -8.539904524108715 118.5
0 1 -69.79644514018881 -6.504739897529279 108.5
1 0 -101.87339526694169 39.5265017960126 -117.5
1 1 -100.52781002870297 37.592026684794234 -108.0
3872
-------------------New----------------
0 0 37.56256052601551 15.081938351323336 118.5
0 1 39.16868806408905 14.866232533459407 108.5
1 0 75.47146536053764 9.892660851262807 -117.5
1 1 73.94449233648996 10.103003758120552 -108.0
3877
-------------------New----------------
0 0 48.68892917129326 22.410715168353924 118.5
0 1 48.632138995500185 24.972473476428135 108.5
1 0 47.47832668490691 82.93673659650696 -117.5
1 1 47.52248553331454 80.49985889566949 -108.0
3879
-------------------New----------------
0 0 -28.62618490687374 25.926521502606978 118.5
0 1 -28.18119831507274 24.77295222161364 108.5
1 0 -16.97548613106939 -0.44276321171435046 -117.5
1 1 -17.517634273040336 0.5874530525446506 -108.0
3889
-------------------New----------------
0 0 -15.26144528062203 20.04762055261558 118.5
0 1 -16.321534461251623 22.86601532752798 108.5
1 0 -40.21717841826704 86.44200826342542 -117.5
1 1 -39.21504028902794 83.77149560029422 -108.0
3892
-------------------New----------------
0 0 -26.607738231205605 -24.66715291562451 118.5
0 1 -20.975606172022545 -22.189412162681585 108.5
1 0 106.32022914409747 33.81235161988787 -117.5
1 1 100.96924210414304 31.458223972822445 -108.0
3895
-------------------New----------------
0 0 -62.26892294157979 -79.54318082854871 118.5
0 1 -63.80235958634395 -78.76355741128096 108.5
1 0 -98.49760266614427 -61.181907589460046 -117.5
1 1 -97.03786250646155 -61.919920707858026 -108.0
3904
-------------------New----------------
0 0 -1.1338130143597092 -9.41510174076998 118.5
0 1 2.340675316341532 -10.53132009780201 108.5
1 0 80.94771417983756 -35.56924743401264 -117.5
1 1 77.64185207311318 -34.51890406582752 -108.0
3906
-------------------New----------------
0 0 -46.81677949352925 117.00223768411031 118.5
0 1 -43.52814679808215 117.33151346301456 108.5
1 0 30.899461124387408 125.15097633201158 -117.5
1 1 27.763084167364383 124.81255816421181 -108.0
3917
-------------------New----------------
0 0 -16.93947954367065 -105.544571518077 118.5
0 1 -13.608773981205129 -104.45338459040764 108.5
1 0 61.61603374638751 -79.82908304257282 -117.5
1 1 58.4522283373276 -80.86169436126706 -108.0
3918
-------------------New----------------
0 0 -68.42094614678146 16.409538229882028 118.5
0 1 -67.24698950742845 13.609230949918768 108.5
1 0 -40.68315827671335 -49.663947176682825 -117.5
1 1 -41.800003842467376 -47.00505743011836 -108.0
3920
-------------------New----------------
0 0 -9.512017934538203 33.588409854320645 118.5
0 1 -11.119963562499517 35.35819152340237 108.5
1 0 -47.528999929013295 75.38957199385318 -117.5
1 1 -45.998403183443244 73.70516619422142 -108.0
3925
-------------------New----------------
0 0 102.17137658196248 -7.927871105310423 118.5
0 1 102.37361593728028 -9.900053094175062 108.5
1 0 106.8933491178602 -54.434136325214375 -117.5
1 1 106.70720580856121 -52.56002845130447 -108.0
3937
-------------------New----------------
0 0 -42.47880981417808 -20.54821247204949 118.5
0 1 -41.70398680779764 -18.869589052884862 108.5
1 0 -26.5709468678362 19.001122631507812 -117.5
1 1 -27.10108397362875 17.41340192585668 -108.0
3941
-------------------New----------------
0 0 -24.8517501202245 -81.93862245334658 118.5
0 1 -28.296190679899336 -79.23994369810882 108.5
1 0 -106.19960395716853 -18.25118643818515 -117.5
1 1 -102.91982923503869 -20.813421051690128 -108.0
3946
-------------------New----------------
0 0 -22.10054461732573 8.481423564785445 118.5
0 1 -19.024106827858983 11.193324802110173 108.5
1 0 50.494597568378026 72.47447343738312 -117.5
1 1 47.57273199741 69.89877693728836 -108.0
3953
-------------------New----------------
0 0 -77.97936296533156 -11.910621584555013 118.5
0 1 -76.03412675218081 -10.047176959686494 108.5
1 0 -32.10733734484312 32.08763678861975 -117.5
1 1 -33.956107790481624 30.31395511016609 -108.0
3961
-------------------New----------------
0 0 46.102783598036424 57.680826158624335 118.5
0 1 42.959436543248295 60.61014672954318 108.5
1 0 -28.68341896614333 127.32932152158814 -117.5
1 1 -25.61920192331336 124.46632578582788 -108.0
3962
-------------------New----------------
0 0 64.34957533709346 -5.0444393564065475 118.5
0 1 66.58246795970908 -0.21491977212261712 108.5
1 0 117.10455667856918 108.87520060950035 -117.5
1 1 114.97812567903642 104.29074334978016 -108.0
3965
-------------------New----------------
0 0 -105.06943065818 -8.624075415314488 118.5
0 1 -105.5211047898749 -8.359164316374711 108.5
1 0 -115.70598507310925 -2.3583243952368553 -117.5
1 1 -115.27785295723584 -2.613609514505794 -108.0
3973
-------------------New----------------
0 0 -38.31886513055911 56.76847811535132 118.5
0 1 -37.877314809305474 58.437974642097835 108.5
1 0 -27.414773298493753 96.27131229635789 -117.5
1 1 -27.874724781815388 94.68347652850002 -108.0
3978
-------------------New----------------
0 0 20.743006130248418 5.979612831816704 118.5
0 1 20.16641376658302 5.043785183404688 108.5
1 0 7.182913778265565 -16.10091961206198 -117.5
1 1 7.727360905633911 -15.211045417418882 -108.0
3985
-------------------New----------------
0 0 -99.54870975194248 55.08627222634361 118.5
0 1 -98.20805326839776 52.18929368407963 108.5
1 0 -67.91071119262077 -13.335582139215145 -117.5
1 1 -69.18354335731436 -10.573610538496203 -108.0
3988
-------------------New----------------
0 0 -18.201515432909122 -23.836487359026513 118.5
0 1 -18.655134106062764 -27.425897537643237 108.5
1 0 -28.894380952356578 -108.53214111248622 -117.5
1 1 -28.46410503981569 -105.12280927312823 -108.0
3991
-------------------New----------------
0 0 -24.589702266728477 9.885192743096455 118.5
0 1 -28.475267608687744 11.996194298887739 108.5
1 0 -116.40842451198327 59.74578109336085 -117.5
1 1 -112.70941406025092 57.7421748447171 -108.0
3992
-------------------New----------------
0 0 90.37362388007276 -100.23147128982777 118.5
0 1 88.81257200875226 -98.72103873433718 108.5
1 0 53.62273863756275 -64.60237720765657 -117.5
1 1 55.0975895832236 -66.0367651775988 -108.0
3995
-------------------New----------------
0 0 -42.9234842749091 -86.07886998852459 118.5
0 1 -43.93199987689881 -87.56508681489753 108.5
1 0 -66.7863782206929 -121.12974803935595 -117.5
1 1 -65.82413751986697 -119.71982200169748 -108.0
4000
-------------------New----------------
0 0 5.500557596682716 1.9240056952848625 118.5
0 1 7.4688456279732325 2.0977522358200376 108.5
1 0 51.98226142968845 6.029676134162202 -117.5
1 1 50.1103611611701 5.8655617977627035 -108.0
4001
-------------------New----------------
0 0 -53.024428397214024 -10.608946898486789 118.5
0 1 -47.957021061013606 -5.88284202713834 108.5
1 0 67.27693384419537 101.0664113859896 -117.5
1 1 62.3992062081295 96.56822852642642 -108.0
4002
-------------------New----------------
0 0 18.98605577318969 -76.6281484319555 118.5
0 1 13.967155509856974 -72.98869819925508 108.5
1 0 -99.44220612654973 9.166710868306641 -117.5
1 1 -94.6780456223515 5.7158997686290665 -108.0
4003
-------------------New----------------
0 0 75.23938388425132 -95.89335041357013 118.5
0 1 72.46066406495319 -93.7283279623768 108.5
1 0 9.778648067712384 -44.97201097390071 -117.5
1 1 12.409956527889577 -47.018713067981125 -108.0
4008
-------------------New----------------
0 0 88.32092708229307 4.268982754666016 118.5
0 1 89.83739662886384 5.667769294312528 108.5
1 0 124.12963344911581 37.25898204253343 -117.5
1 1 122.6870525012883 35.93199687121058 -108.0
4017
-------------------New----------------
0 0 60.36106318630677 -15.4335032642206 118.5
0 1 63.20214329406848 -16.53653653061375 108.5
1 0 127.68326036231512 -41.7798518653609 -117.5
1 1 124.95606046892699 -40.73283744183024 -108.0
4022
-------------------New----------------
0 0 -34.13470895569789 -113.78973056997127 118.5
0 1 -37.45936476872925 -113.03527456443001 108.5
1 0 -112.58102515255146 -95.98942446577163 -117.5
1 1 -109.42369679372803 -96.7057999712927 -108.0
4024
-------------------New----------------
0 0 -5.384112745703526 50.022148210420774 118.5
0 1 -2.965128847714211 45.118935106634055 108.5
1 0 51.71038230818065 -65.69613369303222 -117.5
1 1 49.4138168870319 -61.039315018126345 -108.0
4031
-------------------New----------------
0 0 -91.04023701344146 76.82221041047924 118.5
0 1 -89.93082095594679 73.91141573005672 108.5
1 0 -64.87716153840458 8.082989507707563 -117.5
1 1 -65.92987869249538 10.850858584484993 -108.0
4061
-------------------New----------------
0 0 53.39299330916568 65.42691505103423 118.5
0 1 55.311953665665214 67.96344741780034 108.5
1 0 98.7463609454047 125.23674290306758 -117.5
1 1 96.91732502706506 122.82614047348686 -108.0
4071
-------------------New----------------
0 0 33.25755900800214 -90.98494615317748 118.5
0 1 33.36192195970957 -90.94307580963616 108.5
1 0 36.06264161770528 -89.97919045838414 -117.5
1 1 35.944376200783395 -90.02034378277769 -108.0
4081
-------------------New----------------
0 0 65.64592247436278 21.59309528628335 118.5
0 1 67.5166889740645 22.245182349543548 108.5
1 0 109.8080208576151 36.955414931749196 -117.5
1 1 108.03081140749892 36.3379859028302 -108.0
4082
-------------------New----------------
0 0 43.022423905005475 -34.007375776393864 118.5
0 1 42.55752317135922 -43.65035658862313 108.5
1 0 93.47340349737347 69.8049198312005 -117.5
1 1 93.26578596411113 68.40285883873976 -108.0
4088
-------------------New----------------
0 0 -72.05141978444456 16.680632077248383 118.5
0 1 -70.4640160040141 15.244192858835211 108.5
1 0 -34.67762805147089 -17.338376114010277 -117.5
1 1 -36.180382907317394 -15.970933879242903 -108.0
4091
-------------------New----------------
0 0 20.19682290084193 -56.16775671072437 118.5
0 1 20.58429856220964 -56.90482425193109 108.5
1 0 29.41103442787038 -73.61679976173046 -117.5
1 1 29.03885180250429 -72.91318466680372 -108.0
4096
-------------------New----------------
0 0 -56.23564310157012 93.84598783814933 118.5
0 1 -51.403460548803494 91.41396242679748 108.5
1 0 57.79495680567161 36.44372524126048 -117.5
1 1 53.20682815910644 38.75498664823807 -108.0
4099
-------------------New----------------
0 0 -15.073924544882596 24.781754191147485 118.5
0 1 -17.59055272381452 23.643028939204868 108.5
1 0 -74.52230840754905 -2.114827223880627 -117.5
1 1 -72.12909480929896 -1.0328548643119977 -108.0
4100
-------------------New----------------
0 0 78.60740946860115 -47.79447732279262 118.5
0 1 80.47270383493772 -49.475244846593796 108.5
1 0 122.61964460296572 -87.45068542353388 -117.5
1 1 120.84839477132869 -85.85472107138688 -108.0
4117
-------------------New----------------
0 0 -100.50473756111901 24.56539929318912 118.5
0 1 -100.46697920267825 25.54711536719541 108.5
1 0 -99.59523161921227 47.78006445287644 -117.5
1 1 -99.63373613832948 46.84409330426398 -108.0
4120
-------------------New----------------
0 0 33.456274027916734 -124.06186896703665 118.5
0 1 32.88564150883215 -124.18793491346624 108.5
1 0 20.016529348808387 -127.01240158519292 -117.5
1 1 20.55320888946664 -126.88870139366209 -108.0
4125
-------------------New----------------
0 0 -63.629882220758574 -93.4694822372778 118.5
0 1 -62.48523474855914 -94.86262144088529 108.5
1 0 -36.60498904909457 -126.35255499904432 -117.5
1 1 -37.69250572654164 -125.02862656193831 -108.0
4132
-------------------New----------------
0 0 24.443093947834505 -91.12087017091335 118.5
0 1 19.886566364436813 -92.06397451704139 108.5
1 0 -83.11231655637607 -113.40481481958633 -117.5
1 1 -78.7836623275724 -112.51020160552757 -108.0
4138
-------------------New----------------
0 0 41.09900489069683 -58.34138632948026 118.5
0 1 42.342705358025725 -59.67471785833048 108.5
1 0 70.42652148748996 -89.8276986247891 -117.5
1 1 69.24592012384576 -88.5588709652001 -108.0
4142
-------------------New----------------
0 0 -6.839488738013887 -49.07001678276946 118.5
0 1 -5.408388547030602 -49.52429077195779 108.5
1 0 26.856358367942995 -59.86527171407831 -117.5
1 1 25.499043021459862 -59.43914539886229 -108.0
4149
-------------------New----------------
0 0 1.6456979190857268 1.218198977109593 118.5
0 1 -2.3602272214516353 0.7966159157638851 108.5
1 0 -92.91558553122049 -8.739601779568307 -117.5
1 1 -89.10732911254298 -8.338335557615876 -108.0
4159
-------------------New----------------
0 0 78.28920061407256 -49.001924060362285 118.5
0 1 77.38003430675221 -51.73208520999894 108.5
1 0 56.7346945043454 -113.47384565883667 -117.5
1 1 57.60465060028688 -110.87643359804724 -108.0
4169
-------------------New----------------
0 0 -9.181246461164907 64.93269202196724 118.5
0 1 -5.284411908946208 63.443314718500254 108.5
1 0 82.74259384021668 29.85746081150641 -117.5
1 1 79.04351533773901 31.264590310189355 -108.0
4173
-------------------New----------------
0 0 -30.365696291811396 44.015115276236415 118.5
0 1 -28.570795892372445 45.04738643658271 108.5
1 0 11.964251685950952 68.31714149915051 -117.5
1 1 10.26150878922269 67.3399896194426 -108.0
4183
-------------------New----------------
0 0 -31.910031923545397 47.836427041314465 118.5
0 1 -26.256075362964832 45.469049822636904 108.5
1 0 101.64609541561482 -7.850249765386165 -117.5
1 1 96.26344504407572 -5.610381099624506 -108.0
4189
-------------------New----------------
0 0 101.01084081114445 -15.420845391433044 118.5
0 1 100.93550584302277 -17.36917767809267 108.5
1 0 99.2321185070936 -61.39871052870892 -117.5
1 1 99.30326293814088 -59.548066021320565 -108.0
4191
-------------------New----------------
0 0 -49.536317028031426 55.795590849739845 118.5
0 1 -51.51188096712491 56.81659991594662 108.5
1 0 -95.9372911219422 79.62680242237617 -117.5
1 1 -94.07896260027539 78.66854404946876 -108.0
4192
-------------------New----------------
0 0 -8.949742502886682 15.286820682867244 118.5
0 1 -4.30758127545251 18.36886915139005 108.5
1 0 100.62522410758734 88.00817892367326 -117.5
1 1 96.21410611193804 85.08129851259532 -108.0
4197
-------------------New----------------
0 0 -84.15710763664865 67.92968652762089 118.5
0 1 -82.7523942129776 67.05146936009596 108.5
1 0 -51.043987867778824 47.21403421664483 -117.5
1 1 -52.37647474559393 48.04578390955625 -108.0
4202
-------------------New----------------
0 0 -37.81669812374187 -68.81961370328479 118.5
0 1 -39.89666778686059 -70.8314419425452 108.5
1 0 -86.88887379735232 -116.29985436897263 -117.5
1 1 -84.91263651592388 -114.38764708058473 -108.0
4212
-------------------New----------------
0 0 52.66052090507266 -53.37402226895064 118.5
0 1 47.69405007347159 -48.36133577487011 108.5
1 0 -64.5512615664058 64.94213663150188 -117.5
1 1 -59.83257998761858 60.178789493791406 -108.0
4215
-------------------New----------------
0 0 -18.562005913401663 -48.64832519858666 118.5
0 1 -19.424432740238892 -47.02621347375492 108.5
1 0 -38.89327136465384 -10.409668583257828 -117.5
1 1 -38.0746438831507 -11.947522777425478 -108.0
4218
-------------------New----------------
0 0 -98.6267772226653 120.7203823910719 118.5
0 1 -98.19419051122959 120.8181399752533 108.5
1 0 -88.43172601888172 123.00344390470222 -117.5
1 1 -88.84108392125776 122.91265232176315 -108.0
4233
-------------------New----------------
0 0 -95.50826049956821 -62.19584343827156 118.5
0 1 -95.96309815106022 -64.03854831984975 108.5
1 0 -106.40115727379744 -105.53298756432464 -117.5
1 1 -105.94800943699298 -103.78261573842038 -108.0
4242
-------------------New----------------
0 0 -89.95208110112631 69.08712138403227 118.5
0 1 -88.30153521993493 75.29947971365371 108.5
1 0 87.16724818245243 -23.82642627238599 -117.5
1 1 83.83850254323036 -26.309852967206535 -108.0
4244
-------------------New----------------
0 0 61.480826391418965 -29.20050664322158 118.5
0 1 60.65045727486081 -31.963571021345736 108.5
1 0 41.84382708375058 -94.66587198553454 -117.5
1 1 42.646745444984774 -92.02669189230024 -108.0
4245
-------------------New----------------
0 0 -66.4103053432228 85.55793342705562 118.5
0 1 -62.40465298853236 84.1616391058505 108.5
1 0 28.113299076177782 52.589158842609244 -117.5
1 1 24.30861488670782 53.91689328932405 -108.0
4249
-------------------New----------------
0 0 111.0811144734384 -57.75144195448805 118.5
0 1 111.52199553144813 -53.18528143916092 108.5
1 0 121.61380728438341 50.061344368553094 -117.5
1 1 121.20454531005501 45.685375403030136 -108.0
4251
-------------------New----------------
0 0 31.684340847746785 -22.16067829504781 118.5
0 1 25.58832472182408 -22.555495325897958 108.5
1 0 -112.03240962857323 -31.560394925697512 -117.5
1 1 -106.2478750520368 -31.179856733863765 -108.0
4255
-------------------New----------------
0 0 88.80488504909708 14.656671140996428 118.5
0 1 87.21503580839908 17.74938814021849 108.5
1 0 51.27095266588459 87.6254966153625 -117.5
1 1 52.77972406147038 84.68888277366584 -108.0
4257
-------------------New----------------
0 0 -48.68793568528306 46.971226147955356 118.5
0 1 -51.371326075435015 48.19541604777002 108.5
1 0 -112.01182373970073 75.8557302741142 -117.5
1 1 -109.46293260413238 74.69321455865655 -108.0
4260
-------------------New----------------
0 0 -79.65410926457498 58.000004545698495 118.5
0 1 -81.28520998373507 57.57794045009988 108.5
1 0 -118.09217432004066 48.19437481428156 -117.5
1 1 -116.54611953468603 48.582977917636455 -108.0
4265
-------------------New----------------
0 0 96.22768975247024 107.16580936427692 118.5
0 1 95.9205098046651 105.87155749123738 108.5
1 0 89.02762904176687 76.64457962011252 -117.5
1 1 89.31506063470496 77.87667955023635 -108.0
4269
-------------------New----------------
0 0 -85.96748012886756 -64.27180995580323 118.5
0 1 -85.20194935702716 -60.13710641371739 108.5
1 0 -67.92139004530374 33.328509044383495 -117.5
1 1 -68.64442950507944 29.40016038468995 -108.0
4276
-------------------New----------------
0 0 -5.333480448700416 44.69215394636461 118.5
0 1 -8.117252429192671 47.87553136564209 108.5
1 0 -70.96554792135217 119.63758536344899 -117.5
1 1 -68.31648573128034 116.62998832465178 -108.0
4278
-------------------New----------------
0 0 -20.609289305300685 31.811715926054962 118.5
0 1 -15.091386157002399 30.588011148942666 108.5
1 0 109.56467543818198 2.975857541912009 -117.5
1 1 104.32252166369669 4.137220215469763 -108.0
4286
-------------------New----------------
0 0 70.10090563604058 -47.44519976633306 118.5
0 1 67.63973759677354 -48.59305399050072 108.5
1 0 12.00392997434067 -74.56244149109122 -117.5
1 1 14.343734180914335 -73.47061216034773 -108.0
4305
-------------------New----------------
0 0 -5.314508531969276 85.89737821952876 118.5
0 1 -7.407592675301425 85.78075499190912 108.5
1 0 -54.72948773533345 83.12409941754971 -117.5
1 1 -52.74048640667921 83.23635636924305 -108.0
4309
-------------------New----------------
0 0 1.7051813923376617 -95.33386603923518 118.5
0 1 4.002321167236976 -94.46441716295102 108.5
1 0 55.91174554765671 -74.82028340189278 -117.5
1 1 53.72965338906539 -75.64651442389058 -108.0
4316
-------------------New----------------
0 0 42.85063929780657 -8.038624078199692 118.5
0 1 44.07886473439926 -9.966926330123373 108.5
1 0 71.78169022378314 -53.5226085483399 -117.5
1 1 70.6172028639145 -51.6932381958563 -108.0
4321
-------------------New----------------
0 0 -28.52074370363486 75.32781318780674 118.5
0 1 -28.38619949162994 73.94072528357646 108.5
1 0 -25.299918400139266 42.60551248472113 -117.5
1 1 -25.430514562058836 43.923500031513264 -108.0
4322
-------------------New----------------
0 0 119.56881910382762 -29.83335943417227 118.5
0 1 119.16564430938017 -26.806926694359664 108.5
1 0 110.07994510792787 41.55447873323966 -117.5
1 1 110.46497339508065 38.679643531338726 -108.0
4326
-------------------New----------------
0 0 -52.766148361486 0.21774297045348145 118.5
0 1 -47.627680850266685 -0.8037601509956753 108.5
1 0 68.87597801679927 -23.618860365069857 -117.5
1 1 63.96767296425628 -22.66356869467486 -108.0
4335
-------------------New----------------
0 0 76.18800901239484 -54.68286227552109 118.5
0 1 73.96282608497911 -51.749149726232 108.5
1 0 23.732945530642134 14.380968324329583 -117.5
1 1 25.842862242352773 11.605676778582588 -108.0
4344
-------------------New----------------
0 0 -80.07825678093812 20.44289420193848 118.5
0 1 -82.59285252035617 15.916625156303581 108.5
1 0 92.49389245710744 -15.829011792385012 -117.5
1 1 87.08501009663667 -16.78159356435305 -108.0
4345
-------------------New----------------
0 0 23.46882376441794 -82.87816543707152 118.5
0 1 23.628289627018184 -82.07914188004563 108.5
1 0 27.205458547697237 -64.08681684931153 -117.5
1 1 27.056964427292172 -64.84533913476443 -108.0
4357
-------------------New----------------
0 0 -30.089889574627545 -30.624469550792618 118.5
0 1 -32.682172907885196 -29.609735122533902 108.5
1 0 -91.24490638726273 -6.701643747732798 -117.5
1 1 -88.78252501600684 -7.667267911763602 -108.0
4360
-------------------New----------------
0 0 57.48655836625634 -112.36405311693957 118.5
0 1 55.21135137571201 -113.64814723633026 108.5
1 0 -24.58530691853883 21.88387606173969 -117.5
1 1 -23.61124858986107 20.455670102084238 -108.0
4364
-------------------New----------------
0 0 -67.98808646098017 -15.596364563914927 118.5
0 1 -64.621645412436 -15.615531177988242 108.5
1 0 11.355094505904841 -15.97970515899937 -117.5
1 1 8.166365701371802 -15.96209485683787 -108.0
4367
-------------------New----------------
0 0 -24.926956483989315 41.29094777561677 118.5
0 1 -21.40869364428833 43.60652394516815 108.5
1 0 58.13846868627015 95.90210370605921 -117.5
1 1 54.796079414596534 93.70515648273545 -108.0
4368
-------------------New----------------
0 0 -37.04470932245217 34.66828117546989 118.5
0 1 -33.68754043909391 37.317901039726664 108.5
1 0 42.403762611142035 97.30633120520822 -117.5
1 1 39.20250615483771 94.79260594095955 -108.0
4374
-------------------New----------------
0 0 -91.8746356409552 106.6704906799514 118.5
0 1 -92.29524663205316 107.11337681660746 108.5
1 0 -101.78383383627377 117.1147667715035 -117.5
1 1 -101.38568658758963 116.69506445540917 -108.0
4375
-------------------New----------------
0 0 80.36946919410273 -48.70463693785465 118.5
0 1 81.99535934150104 -44.22721103053556 108.5
1 0 118.70832876963735 57.000301479919436 -117.5
1 1 117.16462964837729 52.74536730655103 -108.0
4393
-------------------New----------------
0 0 35.650693149607704 -97.15909289765366 118.5
0 1 29.555175155020528 -97.09006442352515 108.5
1 0 -108.30485983143993 -95.58077739735242 -117.5
1 1 -102.50596519038363 -95.64374393323774 -108.0
4395
-------------------New----------------
0 0 15.589695733431435 7.465918008412373 118.5
0 1 15.34980813833269 6.150190101232707 108.5
1 0 9.427103067031178 -24.150387146865267 -117.5
1 1 9.687799538472616 -22.876378361407962 -108.0
4413
-------------------New----------------
0 0 14.568810411224064 -36.611660883769346 118.5
0 1 12.704431932475575 -39.13303500322767 108.5
1 0 -29.43689170310313 -96.13780667050786 -117.5
1 1 -27.666289231598473 -93.73940118865991 -108.0
4414
-------------------New----------------
0 0 89.7594522314379 -86.38177859456432 118.5
0 1 88.28513206870386 -84.37542433961019 108.5
1 0 54.904342548726014 -39.05023834903094 -117.5
1 1 56.31261256876253 -40.958440773020484 -108.0
4418
-------------------New----------------
0 0 21.57699993446654 16.1256709996595 118.5
0 1 20.356353493358693 12.835706307365754 108.5
1 0 -7.244939119293335 -61.51115523605015 -117.5
1 1 -6.085703731816674 -58.3873238150538 -108.0
4424
-------------------New----------------
0 0 -46.96601489573305 48.78912260835365 118.5
0 1 -44.166737069452694 48.47011523067005 108.5
1 0 19.00628223127606 41.15801920992961 -117.5
1 1 16.347868156759056 41.46824392130621 -108.0
4431
-------------------New----------------
0 0 74.11850466483008 21.76148826959807 118.5
0 1 72.24203776385451 17.324937669560043 108.5
1 0 29.691690474225386 -83.07495165016164 -117.5
1 1 31.490416584986757 -78.8671531901355 -108.0
4433
-------------------New----------------
0 0 74.02407546199358 68.70401161622952 118.5
0 1 75.43717553507811 66.87655307617936 108.5
1 0 107.35054483585566 25.59542205542724 -117.5
1 1 106.00964523286214 27.3310714378894 -108.0
4436
-------------------New----------------
0 0 -72.90633787957559 46.49426170950263 118.5
0 1 -74.53512943546986 48.70274337246362 108.5
1 0 -111.44116496914118 98.60850086961554 -117.5
1 1 -109.89189455680477 96.51289424634919 -108.0
4437
-------------------New----------------
0 0 92.00412988353352 -43.86856158758506 118.5
0 1 91.44718052307607 -40.02082022484576 108.5
1 0 78.89871379583819 46.86951534633489 -117.5
1 1 79.42594490419587 43.21565530541034 -108.0
4450
-------------------New----------------
0 0 -38.69817142656821 32.63053201933836 118.5
0 1 -39.906058081482946 34.6989645408308 108.5
1 0 -67.24925075688346 81.53074498920812 -117.5
1 1 -66.0940302482557 79.54964401741589 -108.0
4456
-------------------New----------------
0 0 -1.0648754064671404 119.75415104430465 118.5
0 1 2.1960648288024873 119.42634058030922 108.5
1 0 75.91042185306581 111.94568336876014 -117.5
1 1 72.80917484458489 112.2620781799126 -108.0
4461
-------------------New----------------
0 0 20.452609606155743 -26.33315264117916 118.5
0 1 18.632273410825327 -29.96465832289302 108.5
1 0 -22.628566325406133 -111.9374749184744 -117.5
1 1 -20.892780316244988 -108.48940958130285 -108.0
4463
-------------------New----------------
0 0 2.413783391547236 -28.823535426235576 118.5
0 1 4.19237768592163 -26.252008465973557 108.5
1 0 64.6444277927815 24.052874083814924 -117.5
1 1 61.215457234189316 22.264835029318853 -108.0
4466
-------------------New----------------
0 0 -37.249208571990685 54.41319869486565 118.5
0 1 -38.93219003692761 52.23320585976478 108.5
1 0 -76.888828296146 3.242517658806277 -117.5
1 1 -75.28471481603304 5.280788732118701 -108.0
4498
-------------------New----------------
0 0 52.04838089408911 -10.580694236059244 118.5
0 1 51.41466585565689 -7.850643248624214 108.5
1 0 37.06259578523133 53.826729420965 -117.5
1 1 37.66773557120506 51.235088647937836 -108.0
4500
-------------------New----------------
0 0 -71.9166427610349 12.831126144885365 118.5
0 1 -71.79908705060363 16.808718044092977 108.5
1 0 -69.13303606632891 106.68133206655193 -117.5
1 1 -69.24607073485292 102.90343393580808 -108.0
4502
-------------------New----------------
0 0 -44.72867306262965 14.886921828739181 118.5
0 1 -40.189453501760205 15.629320257611127 108.5
1 0 62.4260354347452 32.41867158832328 -117.5
1 1 58.104309444018234 31.711370796852187 -108.0
4514
-------------------New----------------
0 0 -74.36693567182218 -42.1257650583636 118.5
0 1 -70.7339049669747 -38.74767223805849 108.5
1 0 11.318302622732821 37.56274749716092 -117.5
1 1 7.869253893733102 34.36031812903009 -108.0
4517
-------------------New----------------
0 0 35.85520753746937 -2.498972883650738 118.5
0 1 39.12577239780911 -2.8203767678475864 108.5
1 0 113.28815704160529 -10.370931072465337 -117.5
1 1 110.17171456116708 -10.04575189416087 -108.0
4518
-------------------New----------------
0 0 -43.044705500429885 -31.548317382074583 118.5
0 1 -39.66327516136108 -29.56053146716921 108.5
1 0 36.738256910339615 15.359216697372304 -117.5
1 1 33.52826683945473 13.470426580255184 -108.0
4523
-------------------New----------------
0 0 24.14079551413626 2.1651313712504865 118.5
0 1 24.775513765238635 4.813497379211501 108.5
1 0 39.18451427223482 64.6065347720373 -117.5
1 1 38.57946239155768 62.096304183307595 -108.0
4528
-------------------New----------------
0 0 -34.046485610621104 -22.76678631108752 118.5
0 1 -37.415564630485605 -20.576836183724613 108.5
1 0 -113.52176121670121 29.949041229408397 -117.5
1 1 -110.32783076952407 27.80636684700328 -108.0
4531
-------------------New----------------
0 0 -10.039841800058692 17.012993441257798 118.5
0 1 -8.711889793122761 18.666360463963453 108.5
1 0 21.349463053672103 56.04228133481696 -117.5
1 1 20.087540785691715 54.46970069032047 -108.0
4534
-------------------New----------------
0 0 -32.040963156736595 -74.96647460523076 118.5
0 1 -28.494138481804942 -73.73764124681632 108.5
1 0 51.81366457571096 -45.96858786422483 -117.5
1 1 48.43882412016383 -47.137138656358545 -108.0
4545
-------------------New----------------
0 0 15.297235050381522 94.32606967978731 118.5
0 1 16.252619114987418 92.99218908743293 108.5
1 0 37.86738523076043 62.872424849657875 -117.5
1 1 36.95555200030115 64.14061507246358 -108.0
4549
-------------------New----------------
0 0 41.87152432883493 -56.31130702790085 118.5
0 1 39.876577008007274 -57.98719839023247 108.5
1 0 -5.757633737195398 -95.29645606642761 -117.5
1 1 -3.8119374964501263 -93.65335603449448 -108.0
4551
-------------------New----------------
0 0 22.56388201940005 -33.188293432338845 118.5
0 1 25.382560868459894 -29.310315927373132 108.5
1 0 89.07982749697177 58.25600845478571 -117.5
1 1 86.4043056134466 54.57946876890016 -108.0
4555
-------------------New----------------
0 0 -24.765126245097694 20.231178025200652 118.5
0 1 -21.82782967420056 19.75285083892324 108.5
1 0 44.522169638450194 8.94385237322337 -117.5
1 1 41.73474936127856 9.397688157674795 -108.0
4564
-------------------New----------------
0 0 -73.76825077329804 14.008811517526052 118.5
0 1 -71.27540025980723 11.190033571847117 108.5
1 0 -15.036488438364387 -52.46863781390533 -117.5
1 1 -17.404640580737137 -49.803403788631236 -108.0
4567
-------------------New----------------
0 0 67.19763291316961 -85.12526381865965 118.5
0 1 69.56347054293357 -83.56797798413194 108.5
1 0 123.05338089351373 -48.36906800797725 -117.5
1 1 120.80066431411282 -49.84712953027378 -108.0
4573
-------------------New----------------
0 0 -55.117023787018276 -30.653423803933514 118.5
0 1 -56.597141269065766 -30.27247645921281 108.5
1 0 -89.9420107771264 -21.701919885389657 -117.5
1 1 -88.53634296327286 -22.06481832043283 -108.0
4574
-------------------New----------------
0 0 -59.745860883972554 -28.206291422649365 118.5
0 1 -61.28732977889183 -28.10038704717428 108.5
1 0 -96.0100151019018 -25.56449028213843 -117.5
1 1 -94.54959468841113 -25.673257113322386 -108.0
4579
-------------------New----------------
0 0 34.64970170339254 -11.87712165798051 118.5
0 1 33.47460929183144 -14.360963848806687 108.5
1 0 6.977236322793684 -70.51678197697251 -117.5
1 1 8.09001126656759 -68.15643855190692 -108.0
4586
-------------------New----------------
0 0 15.699266899902558 -2.7819451914829836 118.5
0 1 13.610029059544692 -4.61482383696209 108.5
1 0 -33.65689953415891 -46.513456165312775 -117.5
1 1 -31.67713730137054 -44.74978003137266 -108.0
4589
-------------------New----------------
0 0 54.3729750683097 -0.7713521926689966 118.5
0 1 53.2399288713955 0.1981869710393659 108.5
1 0 27.681533330316057 22.11138020930368 -117.5
1 1 28.755114483783053 21.19190685939012 -108.0
4612
-------------------New----------------
0 0 -47.53146320778081 -3.7534649812720446 118.5
0 1 -47.86353091534656 -6.6439224080391 108.5
1 0 -55.33220687301489 -71.96237442261307 -117.5
1 1 -55.01686309618559 -69.21566806201518 -108.0
4622
-------------------New----------------
0 0 -48.51629548002756 -1.8090559963392008 118.5
0 1 -43.462437084539985 0.8578381359423581 108.5
1 0 70.75968175390496 61.11558864796699 -117.5
1 1 65.96039630794645 58.58403158031069 -108.0
4632
-------------------New----------------
0 0 -69.27302687144496 104.91579775207204 118.5
0 1 -71.27197185618886 103.69643148071714 108.5
1 0 -116.4570218703773 76.14158176310465 -117.5
1 1 -114.55663103266235 77.29941218492448 -108.0
4639
-------------------New----------------
0 0 -74.75743742866243 10.071642242845703 118.5
0 1 -70.95426425617387 5.643795537460089 108.5
1 0 15.162059428065032 -94.404418798938 -117.5
1 1 11.540253722881111 -90.19425538030444 -108.0
4644
-------------------New----------------
0 0 -62.433921101549956 114.64813842571539 118.5
0 1 -60.31814763564056 114.47537824667957 108.5
1 0 -12.515221036281169 110.55933175326842 -117.5
1 1 -14.523108394103838 110.72566041023404 -108.0
4646
-------------------New----------------
0 0 -101.63676232856076 -31.785882023506286 118.5
0 1 -102.00444225125857 -30.118529178230347 108.5
1 0 -110.28338861402077 7.555325897550678 -117.5
1 1 -109.93622786013887 5.972139736996399 -108.0
4650
-------------------New----------------
0 0 -68.08994962885389 42.57191716331243 118.5
0 1 -67.47553106392724 38.83995631581239 108.5
1 0 -53.64030559100762 -45.515877515876596 -117.5
1 1 -54.220603305438736 -41.968864724800206 -108.0
4654
-------------------New----------------
0 0 -47.0351948372276 -29.58723783248147 118.5
0 1 -44.51626774341106 -28.90641352542574 108.5
1 0 12.429023818065584 -13.526935821414934 -117.5
1 1 10.034732677954732 -14.173209299973909 -108.0
4657
-------------------New----------------
0 0 58.608690833996604 -71.76048047665016 118.5
0 1 59.305081981710956 -69.92890482649406 108.5
1 0 75.04484119400064 -28.515886501479237 -117.5
1 1 74.38316693946811 -30.256827939346152 -108.0
4662
-------------------New----------------
0 0 -65.92178478104447 29.261155851435632 118.5
0 1 -64.59048056993933 31.46545367910378 108.5
1 0 -34.48834921521298 81.29005447836431 -117.5
1 1 -35.75441523770651 79.19710572620293 -108.0
4670
-------------------New----------------
0 0 70.15554080045725 34.59180644607615 118.5
0 1 69.03374511101704 32.05166070191429 108.5
1 0 43.83017482378027 -25.563845136222366 -117.5
1 1 44.88975577502267 -23.141591730772028 -108.0
4671
-------------------New----------------
0 0 -28.22211726495314 -49.86592871144248 118.5
0 1 -31.37560698043842 -52.3378699702458 108.5
1 0 -102.85055010378524 -107.94659476084851 -117.5
1 1 -99.83592007758948 -105.61316865446145 -108.0
4676
-------------------New----------------
0 0 1.4772411659221216 -93.92956519630258 118.5
0 1 0.4442756925452815 -93.8564538951679 108.5
1 0 -22.87956390788295 -92.17427528826852 -117.5
1 1 -21.89992071504701 -92.24486736743492 -108.0
4677
-------------------New----------------
0 0 -19.53838792446518 82.78195073740876 118.5
0 1 -21.424211455514815 83.60806708629997 108.5
1 0 -64.077835648059 102.21665602520163 -117.5
1 1 -62.28239049793685 101.43364804855118 -108.0
4679
-------------------New----------------
0 0 -44.28591704035124 16.934708259573377 118.5
0 1 -38.68470475481247 20.32911020219542 108.5
1 0 87.89015733080404 96.98128715438357 -117.5
1 1 82.56964648000326 93.75585610815071 -108.0
4683
-------------------New----------------
0 0 0.8610016341032061 68.76509053843625 118.5
0 1 -1.9589963441668736 67.92930536290946 108.5
1 0 -65.55178803880298 48.82197592184472 -117.5
1 1 -62.88352209843286 49.6295280285819 -108.0
4689
-------------------New----------------
0 0 96.17076017654986 68.39691017626991 118.5
0 1 95.61081509837047 64.83868293392337 108.5
1 0 82.94774268410393 -15.586475503245925 -117.5
1 1 83.48005823663757 -12.20526308261893 -108.0
4690
-------------------New----------------
0 0 -14.899464306471511 -59.61975504548794 118.5
0 1 -10.663446590891331 -61.05179288821141 108.5
1 0 85.11938457953418 -93.44704212111925 -117.5
1 1 81.09450409529876 -92.0859660845284 -108.0
4691
-------------------New----------------
0 0 -78.21265184856244 -37.76929310307356 118.5
0 1 -76.3580048946503 -32.16088727120005 108.5
1 0 -34.481430803995316 94.57402429629445 -117.5
1 1 -36.24082901639892 89.24971805581318 -108.0
4700
-------------------New----------------
0 0 -29.70434955226262 -39.18751223397871 118.5
0 1 -32.79871618492963 -35.42200633509428 108.5
1 0 -102.7388444689079 49.662305025900054 -117.5
1 1 -99.79966962389919 46.08756066860646 -108.0
4705
-------------------New----------------
0 0 -42.74603445512243 22.811982677820055 118.5
0 1 -44.329645814486994 19.142449285417815 108.5
1 0 -79.93550972707767 -63.797070318198635 -117.5
1 1 -78.43958985353058 -60.316110778493396 -108.0
4714
-------------------New----------------
0 0 50.07356077971645 69.2535451259782 118.5
0 1 51.123176941975196 70.03559302575397 108.5
1 0 75.73281391704917 87.42299892097657 -117.5
1 1 74.64509591811635 86.70744181193064 -108.0
4728
-------------------New----------------
0 0 -55.609036668578405 -100.9032949862119 118.5
0 1 -53.82324454242356 -100.21701916136367 108.5
1 0 -13.444262093082099 -84.82989905850194 -117.5
1 1 -15.14661685095177 -85.47077501120523 -108.0
4736
-------------------New----------------
0 0 -58.71838904122269 38.05757607897417 118.5
0 1 -55.97435966924074 34.59224496564013 108.5
1 0 6.206322430183924 -43.739821082813194 -117.5
1 1 3.5782392256670534 -40.44341315299248 -108.0
4748
-------------------New----------------
0 0 58.731160229023416 73.45332386838541 118.5
0 1 54.9265392295451 74.76904454988775 108.5
1 0 -31.088942038994084 104.80809157427545 -117.5
1 1 -27.46999996734875 103.53039274497937 -108.0
4756
-------------------New----------------
0 0 -25.957251342686938 -66.15966238503668 118.5
0 1 -27.209375304206265 -67.51239187648213 108.5
1 0 -55.64534652381225 -98.47087536192247 -117.5
1 1 -54.44238187116016 -97.16726017490548 -108.0
4769
-------------------New----------------
0 0 60.020144241685806 15.429720580240687 118.5
0 1 61.955608039300465 12.45034959927944 108.5
1 0 105.70683573022555 -54.893569244994296 -117.5
1 1 103.86703219135143 -52.06230191657279 -108.0
4778
-------------------New----------------
0 0 14.330472755986653 27.605519502877712 118.5
0 1 9.237988136946045 28.232479795964174 108.5
1 0 -105.83825188142536 42.37587065800899 -117.5
1 1 -101.00144856357343 41.78191215632818 -108.0
4787
-------------------New----------------
0 0 96.92777787404903 -15.212041913733495 118.5
0 1 95.3136072519124 -16.198496045702868 108.5
1 0 58.86903420928079 -38.488223636339356 -117.5
1 1 60.39917937029154 -37.552517568136224 -108.0
4789
-------------------New----------------
0 0 65.90926663580063 -4.829552152842785 118.5
0 1 68.24733128003183 -0.9564776611825522 108.5
1 0 121.07609684842188 86.60957907242427 -117.5
1 1 118.8530832418235 82.92786018942797 -108.0
4790
-------------------New----------------
0 0 -30.689924350030594 16.79317063906387 118.5
0 1 -27.04293053292946 15.168954208017634 108.5
1 0 55.389661441228746 -21.54990183312301 -117.5
1 1 51.92012533630864 -20.006267579753967 -108.0
4797
-------------------New----------------
0 0 72.78549915608534 -80.86770742570594 118.5
0 1 71.61919366532877 -82.8330076513578 108.5
1 0 45.29091355694992 -127.29279028001717 -117.5
1 1 46.401950013801795 -125.42110158906704 -108.0
4803
-------------------New----------------
0 0 -47.418326204056484 58.78498117625948 118.5
0 1 -46.56409279010744 56.42361799290434 108.5
1 0 -27.278263232151836 3.2051772005333263 -117.5
1 1 -28.086550823494925 5.435014055789072 -108.0
4812
-------------------New----------------
0 0 -9.373870556334182 -58.29300012788914 118.5
0 1 -5.2240265098664915 -59.47832176547295 108.5
1 0 88.30979348560155 -86.65333909462939 -117.5
1 1 84.39328637796487 -85.5030960356747 -108.0
4814
-------------------New----------------
0 0 18.786711941803993 43.86710363823717 118.5
0 1 14.634134060630862 43.34938185449374 108.5
1 0 -74.8566330707977 29.778385339470805 -117.5
1 1 -71.14018458308176 30.623506101199006 -108.0
4818
-------------------New----------------
0 0 36.23734994059406 -2.6476383060544957 118.5
0 1 32.094035894130585 0.673212294231547 108.5
1 0 -61.56786931712777 75.77111148416415 -117.5
1 1 -57.63030610130502 72.61295007788625 -108.0
4819
-------------------New----------------
0 0 -60.0006436190316 -37.052144337386025 118.5
0 1 -60.542409674941794 -35.21307358597345 108.5
1 0 -72.57367490178277 6.489621251724349 -117.5
1 1 -72.06952141194088 4.7364329971383485 -108.0
4822
-------------------New----------------
0 0 72.8265549907307 36.41086602705502 118.5
0 1 73.69299540308889 36.443311100581106 108.5
1 0 91.74614173556508 37.40177066761508 -117.5
1 1 91.01024649862202 37.37995159125303 -108.0
4823
-------------------New----------------
0 0 56.550573253049876 -39.64979346442917 118.5
0 1 52.41317452664424 -35.93439891392187 108.5
1 0 -45.13267459376807 50.10230908621552 -117.5
1 1 -40.85384917483328 46.396083913862675 -108.0
4825
-------------------New----------------
0 0 -37.397562159899614 50.46177320537828 118.5
0 1 -39.04952578511946 45.03872245257111 108.5
1 0 -76.05969957347666 -77.85963308136112 -117.5
1 1 -74.52087356753998 -72.69208338500309 -108.0
4829
-------------------New----------------
0 0 -15.645198911709812 -27.220861302330583 118.5
0 1 -10.90594073951446 -30.26355092309463 108.5
1 0 96.20945410545099 -99.02985637589788 -117.5
1 1 91.70763236155207 -96.13860064399033 -108.0
4832
-------------------New----------------
0 0 47.15060322174731 3.6181280872200383 118.5
0 1 47.16990659602717 7.46860791276269 108.5
1 0 47.600803958927095 94.49364417529483 -117.5
1 1 47.5827291244662 90.83525811878111 -108.0
4838
-------------------New----------------
0 0 -64.23106553124839 61.287944166446024 118.5
0 1 -64.91404558360469 63.41476373388126 108.5
1 0 -80.26914759614321 111.38094701301448 -117.5
1 1 -79.62616237363913 109.36815883385529 -108.0
4841
-------------------New----------------
0 0 -52.89515927399678 -20.426322339555213 118.5
0 1 -48.50127557838859 -24.198344859767847 108.5
1 0 50.584641139151834 -109.08947054355026 -117.5
1 1 46.42088731916124 -105.52676431858106 -108.0
4843
-------------------New----------------
0 0 0.8527623464153397 -15.998008120153932 118.5
0 1 -0.30764988407788296 -19.778609926853676 108.5
1 0 -26.49164960996891 -105.2182228921451 -117.5
1 1 -25.391911675523744 -101.62659753342331 -108.0
4848
-------------------New----------------
0 0 26.186317693240376 -27.749889513705426 118.5
0 1 28.46272309284648 -22.90729419120009 108.5
1 0 79.73136070609536 86.52208922275386 -117.5
1 1 77.54895092015965 81.93777181760304 -108.0
4858
-------------------New----------------
0 0 11.924037642237698 -63.18248775679026 118.5
0 1 9.545635507271593 -64.98111318224089 108.5
1 0 -44.18708060714209 -105.63483023434819 -117.5
1 1 -41.928349329231274 -103.9260556740953 -108.0
4911
-------------------New----------------
0 0 70.03253758501671 49.30002034746339 118.5
0 1 68.74598624561929 48.9335924889091 108.5
1 0 39.65449052060539 40.653312515648054 -117.5
1 1 40.87839799727316 41.002069470039345 -108.0
4925
-------------------New----------------
0 0 -28.76815263496645 36.6769697650613 118.5
0 1 -27.58931574917766 38.716811197185905 108.5
1 0 -0.9059472985695989 84.85186043626985 -117.5
1 1 -2.0287331965946023 82.9129590023092 -108.0
4926
-------------------New----------------
0 0 92.78540052767157 86.26772801200481 118.5
0 1 93.43639831331748 85.08047656612592 108.5
1 0 108.13482684282653 58.31325269523141 -117.5
1 1 107.51569830241269 59.437183859571135 -108.0
4942
-------------------New----------------
0 0 8.491953457811258 7.506170961211657 118.5
0 1 13.19911605789182 11.871062051419624 108.5
1 0 119.57583650387764 110.50459831891567 -117.5
1 1 115.10447479330108 106.35842395476115 -108.0
4952
-------------------New----------------
0 0 -56.31766833322308 -102.16913215796055 118.5
0 1 -54.41022600474304 -102.90638898137607 108.5
1 0 -11.368751742918192 -119.61381784976054 -117.5
1 1 -13.17523239205568 -118.90853406245182 -108.0
4955
-------------------New----------------
0 0 37.037599287472155 49.54901270348919 118.5
0 1 39.71655558057519 51.151599409904016 108.5
1 0 100.3174007074631 87.39013759657837 -117.5
1 1 97.76827742265044 85.86484733883267 -108.0
4958
-------------------New----------------
0 0 57.728164699042416 -16.07597687517473 118.5
0 1 60.5675243385424 -12.61834091257829 108.5
1 0 124.72828519003443 65.53424944831501 -117.5
1 1 122.03174793442524 62.248681540116046 -108.0
4967
-------------------New----------------
0 0 11.536745620817923 -45.280354593524386 118.5
0 1 13.645731658227632 -48.65942030977409 108.5
1 0 61.67026014376937 -124.9120910821108 -117.5
1 1 59.645863370797905 -121.69062677017959 -108.0
4971
-------------------New----------------
0 0 105.69613913261772 39.26394319184007 118.5
0 1 104.3030518014145 42.36001891175136 108.5
1 0 73.15871742753741 112.30559962148155 -117.5
1 1 74.46364035475804 109.37413910528282 -108.0
4972
-------------------New----------------
0 0 -108.91738174083598 -25.232765153651215 118.5
0 1 -108.54845885317965 -21.08053053451267 108.5
1 0 -100.19919446101356 72.80730171314346 -117.5
1 1 -100.54921696040856 68.86020291351133 -108.0
4975
-------------------New----------------
0 0 107.65686290999955 -33.3010365536721 118.5
0 1 108.1428927116942 -33.552328206035995 108.5
1 0 119.10473503781115 -39.18467196200785 -117.5
1 1 118.64519103221906 -38.949855511978704 -108.0
4977
-------------------New----------------
0 0 57.51041612232594 82.23261110200403 118.5
0 1 56.46337394668922 81.32824459001024 108.5
1 0 32.86042529977229 60.92427485304986 -117.5
1 1 33.85312168314583 61.78030323025439 -108.0
4979
-------------------New----------------
0 0 -32.96553303138266 -9.16577385862006 118.5
0 1 -33.41488434584661 -7.830520694138895 108.5
1 0 -43.61123641740898 22.17832368890553 -117.5
1 1 -43.180515446158196 20.92748860354993 -108.0
4987
-------------------New----------------
0 0 0.6652748447551986 81.62951080485387 118.5
0 1 3.162523647192171 79.07359411445991 108.5
1 0 59.674614856542654 21.32131982072567 -117.5
1 1 57.29937557205486 23.747742557701294 -108.0
4995
-------------------New----------------
0 0 -49.53232469865752 55.74385911220109 118.5
0 1 -49.21561005478246 56.37402342850875 108.5
1 0 -41.93303944833255 70.5773326518722 -117.5
1 1 -42.23893298622196 69.97803271010508 -108.0
5010
-------------------New----------------
0 0 81.97753566315603 -52.25574155279973 118.5
0 1 80.22792307074732 -51.627916459729406 108.5
1 0 40.67523945366274 -37.419433909210085 -117.5
1 1 42.338424170715335 -38.017013684843505 -108.0
5012
-------------------New----------------
0 0 -11.86038398764573 16.963357986549678 118.5
0 1 -8.941343472702654 13.841866440344063 108.5
1 0 57.01603169665325 -56.693815756517985 -117.5
1 1 54.24350580189616 -53.72864423234135 -108.0
5013
-------------------New----------------
0 0 73.95277636503606 25.94662434010592 118.5
0 1 71.50080785779394 22.354050685199542 108.5
1 0 16.18389271199769 -58.757182399865634 -117.5
1 1 18.51246513342807 -55.35207446627014 -108.0
5015
-------------------New----------------
0 0 -90.97417163004556 -92.00465829538801 118.5
0 1 -91.78228432824992 -90.92415309461737 108.5
1 0 -110.03293222802378 -66.48930859341958 -117.5
1 1 -109.26587723063726 -67.51694970454182 -108.0
5016
-------------------New----------------
0 0 34.03904886478697 -42.87447475371371 118.5
0 1 34.15632419662647 -37.721503287934596 108.5
1 0 36.807435387070015 78.72244278843523 -117.5
1 1 36.69592480272999 73.82869022765853 -108.0
5017
-------------------New----------------
0 0 101.83406839337107 106.69456769074411 118.5
0 1 101.31440259180548 107.30380504394266 108.5
1 0 89.56909347704479 121.05717484544621 -117.5
1 1 90.06329562293062 120.47918272068053 -108.0
5033
-------------------New----------------
0 0 -38.132474913376456 1.9351206013679771 118.5
0 1 -37.240297390032936 0.9421930168023629 108.5
1 0 -17.084509401576376 -21.53210709649598 -117.5
1 1 -17.930345797170308 -20.587851490858718 -108.0
5037
-------------------New----------------
0 0 21.352669532747914 -3.167824318015522 118.5
0 1 17.839912982441938 -2.315486460878408 108.5
1 0 -61.611426451968626 17.38141101725836 -117.5
1 1 -58.277750715714696 16.50924702403297 -108.0
5040
-------------------New----------------
0 0 -59.05893332439682 42.94379723150984 118.5
0 1 -60.68384790544623 38.45932806575933 108.5
1 0 -97.41544591463035 -62.92031974574864 -117.5
1 1 -95.87154743370972 -58.658910471417144 -108.0
5048
-------------------New----------------
0 0 -40.00102645909716 -14.730063551652586 118.5
0 1 -42.09810256833944 -16.854209286367954 108.5
1 0 -89.58526068355233 -64.87891278258718 -117.5
1 1 -87.58475535823365 -62.86118945091757 -108.0
5049
-------------------New----------------
0 0 -62.18526916202823 107.93714866589667 118.5
0 1 -61.48288996913239 106.6226364636655 108.5
1 0 -45.60143200397298 76.91702008316767 -117.5
1 1 -46.266518537556735 78.16731787483828 -108.0
5051
-------------------New----------------
0 0 94.2450927863168 43.14201907395695 118.5
0 1 94.88554534002904 43.54961868569125 108.5
1 0 109.35508742785946 52.65439879137739 -117.5
1 1 108.74693424974164 52.274068487795205 -108.0
5056
-------------------New----------------
0 0 125.39128636416501 18.526642535871837 118.5
0 1 125.44928147290766 17.500453350685728 108.5
1 0 126.75975276825973 -5.721581753207568 -117.5
1 1 126.70563004141786 -4.745938257386244 -108.0
5059
-------------------New----------------
0 0 62.92451968778462 -14.679126639150041 118.5
0 1 62.27945646600175 -11.052707314233896 108.5
1 0 47.63927933460597 70.71315458043047 -117.5
1 1 48.26045927546833 67.28550444292787 -108.0
5061
-------------------New----------------
0 0 33.20850756852856 85.93810755300552 118.5
0 1 30.692266600118096 82.91829612315392 108.5
1 0 -26.090498397792107 14.704979610268865 -117.5
1 1 -23.706912523207556 17.569064431893825 -108.0
5072
-------------------New----------------
0 0 -35.72265121470109 109.238395551099 118.5
0 1 -34.08306757316652 108.38631556854334 108.5
1 0 2.9994206862250485 89.22967086985611 -117.5
1 1 1.4346362010160096 90.03713040820377 -108.0
5090
-------------------New----------------
0 0 -78.56178296908972 -8.411354685194066 118.5
0 1 -75.89469044591274 -8.085859129148147 108.5
1 0 -15.562494265266514 -0.8678361176712418 -117.5
1 1 -18.0911349003266 -1.1704845550504783 -108.0
5092
-------------------New----------------
0 0 -72.10663399245429 -25.815807572532293 118.5
0 1 -72.94489151223895 -22.57521466377137 108.5
1 0 -91.95213416249831 50.67714541132221 -117.5
1 1 -91.16332542628828 47.58674848173551 -108.0
5094
-------------------New----------------
0 0 24.435936266512062 -11.657148034129731 118.5
0 1 23.529420181482806 -12.856181042795606 108.5
1 0 3.0774491482461164 -39.93596318987139 -117.5
1 1 3.935281491415492 -38.79863184355902 -108.0
5097
-------------------New----------------
0 0 39.27219702783628 62.078168215610035 118.5
0 1 35.986465133936704 59.97639206428217 108.5
1 0 -38.27279855892455 12.482539164136726 -117.5
1 1 -35.15113078444837 14.479041158078397 -108.0
5099
-------------------New----------------
0 0 -58.589464715890145 -55.14328661066579 118.5
0 1 -57.26562967813443 -56.184748836019466 108.5
1 0 -27.575716700330567 -80.00972300999834 -117.5
1 1 -28.825905225382428 -78.99371431565109 -108.0
5102
-------------------New----------------
0 0 24.082447689380686 -104.36388548892253 118.5
0 1 18.922223671366567 -103.27708257582633 108.5
1 0 -97.8380023880107 -78.53226173539187 -117.5
1 1 -92.90625574671091 -79.5786328008935 -108.0
5120
-------------------New----------------
0 0 -61.376472382594386 38.45195328403479 118.5
0 1 -59.56856188069937 35.16977928288982 108.5
1 0 -18.71538566206035 -39.012641306783735 -117.5
1 1 -20.432649839470304 -35.89432673556267 -108.0
5142
-------------------New----------------
0 0 1.810402155625353 43.02814382999916 118.5
0 1 -2.808459818676836 39.408049770014784 108.5
1 0 -107.20072728002614 -42.38056566805515 -117.5
1 1 -102.81308141531926 -38.94303767062013 -108.0
5143
-------------------New----------------
0 0 -39.70251572133168 -44.104321927604 118.5
0 1 -39.45546939558334 -43.363858677888516 108.5
1 0 -33.92291351733345 -26.746582720449418 -117.5
1 1 -34.154953396356895 -27.441261898827985 -108.0
5146
-------------------New----------------
0 0 -11.04815029969298 -98.22565497068902 118.5
0 1 -12.025286540791297 -98.61617651409358 108.5
1 0 -34.08790613206201 -107.42696363857354 -117.5
1 1 -33.1599931849502 -107.05682938820503 -108.0
5153
-------------------New----------------
0 0 -69.97577157536517 -91.26496243638722 118.5
0 1 -69.58919208839734 -92.22937946034071 108.5
1 0 -63.74493755611786 -113.52611065522558 -117.5
1 1 -63.82934348232318 -112.6705911332343 -108.0
5158
-------------------New----------------
0 0 -83.1461985027224 18.635465989730005 118.5
0 1 -83.28052650573251 19.73603816613016 108.5
1 0 -86.30943547298527 44.64990950203939 -117.5
1 1 -86.1820823460165 43.600980324928756 -108.0
5164
-------------------New----------------
0 0 7.5902284746973026 -28.31545762213397 118.5
0 1 10.590713887927398 -23.140449499495865 108.5
1 0 78.40894056039554 93.74785903754844 -117.5
1 1 75.5625993854105 88.84232241836509 -108.0
5168
-------------------New----------------
0 0 29.44880966970256 9.306336703545236 118.5
0 1 24.589211412695445 11.330130738390698 108.5
1 0 -85.2498696096693 57.062246407289045 -117.5
1 1 -80.63254980312058 55.13914544177167 -108.0
5174
-------------------New----------------
0 0 71.16601419395928 8.60072775885963 118.5
0 1 70.04704895465578 5.587713121467947 108.5
1 0 44.570029926410925 -62.49151012505746 -117.5
1 1 45.64674086946384 -59.62534023796521 -108.0
5190
-------------------New----------------
0 0 -2.4934121158657585 11.933261253594265 118.5
0 1 -0.7734021915784763 9.8318370956272 108.5
1 0 38.368675913938475 -37.742746001836494 -117.5
1 1 36.72822480437266 -35.740503593434894 -108.0
5197
-------------------New----------------
0 0 -27.702341146425674 -2.8048990792651614 118.5
0 1 -28.909881204171995 2.1502190056213526 108.5
1 0 -56.220627941408814 114.1593289788556 -117.5
1 1 -55.071250413571114 109.4479483349897 -108.0
5199
-------------------New----------------
0 0 46.12139241658084 60.5190567116223 118.5
0 1 43.881943768073356 59.285969273691265 108.5
1 0 -6.743280097249125 31.422695020442596 -117.5
1 1 -4.614891409569971 32.59299135373231 -108.0
5223
-------------------New----------------
0 0 -33.76205680913138 4.271441631293973 118.5
0 1 -29.805579624985842 7.118311274597412 108.5
1 0 59.932705438589856 71.48214135821992 -117.5
1 1 56.1438122722853 68.77423513595768 -108.0
5224
-------------------New----------------
0 0 15.631948215786645 -21.945356812636184 118.5
0 1 19.944986942756934 -20.17644917075765 108.5
1 0 117.62015118265192 20.112445487632463 -117.5
1 1 113.49792095880166 18.4119341139859 -108.0
5225
-------------------New----------------
0 0 4.728758513739215 48.293582357688116 118.5
0 1 4.765192846275284 48.01826954558444 108.5
1 0 5.635871679444213 41.8045798618802 -117.5
1 1 5.596373140348135 42.06379694669602 -108.0
5229
-------------------New----------------
0 0 -8.397405325222504 -105.44223192120839 118.5
0 1 -4.994141462818666 -104.52099871776349 108.5
1 0 71.93153200092297 -83.71407820723411 -117.5
1 1 68.69633053416634 -84.58791711509181 -108.0
5236
-------------------New----------------
0 0 44.88688742873745 -2.4306950181033526 118.5
0 1 43.461061702681036 -0.8847308300707395 108.5
1 0 11.259434038647155 34.050627416832455 -117.5
1 1 12.612478462133309 32.58309644085994 -108.0
5240
-------------------New----------------
0 0 55.238428112609405 11.379808356401684 118.5
0 1 56.090692201182684 8.94978761856428 108.5
1 0 74.9258099889311 -46.14941843316833 -117.5
1 1 74.13550208586346 -43.842875432821515 -108.0
5242
-------------------New----------------
0 0 46.69750787952641 -3.361446723018773 118.5
0 1 42.34400501717417 -7.654442168873476 108.5
1 0 -56.268690978468456 -104.80443780222754 -117.5
1 1 -52.11529455193109 -100.71889466641686 -108.0
5251
-------------------New----------------
0 0 -25.71019462817302 33.92092189669971 118.5
0 1 -26.350492769653822 36.76114303568979 108.5
1 0 -40.782147593833834 101.01144912464694 -117.5
1 1 -40.177196082713884 98.31264502897149 -108.0
5258
-------------------New----------------
0 0 -73.10158313240333 68.9567979939501 118.5
0 1 -74.91289811489158 68.24728102161829 108.5
1 0 -115.84764441927807 52.21137235222518 -117.5
1 1 -114.12708065723773 52.88546482304987 -108.0
5259
-------------------New----------------
0 0 -16.81668019780394 13.457603015755646 118.5
0 1 -15.905570665623362 11.392568612659305 108.5
1 0 4.6765557466342615 -35.21454747129487 -117.5
1 1 3.8101510628508293 -33.256187205567436 -108.0
5263
-------------------New----------------
0 0 47.23321722632794 24.907264188166586 118.5
0 1 45.25258944368711 26.635723056327002 108.5
1 0 0.4631815497776408 65.71965294744302 -117.5
1 1 2.346140755145245 64.07684052126041 -108.0
5272
-------------------New----------------
0 0 123.07310436062798 -36.10077883422889 118.5
0 1 122.81118084501523 -30.153723587132 108.5
1 0 116.902252414674 104.42643640638758 -117.5
1 1 117.1476919027361 98.76993165124978 -108.0
5279
-------------------New----------------
0 0 -34.847738052893035 -92.5448767881335 118.5
0 1 -34.38575158006289 -93.62966439797127 108.5
1 0 -23.952903143846175 -118.15560715802124 -117.5
1 1 -24.39165321391202 -117.12390469480479 -108.0
5280
-------------------New----------------
0 0 -67.3442962350235 61.81049021146614 118.5
0 1 -67.91945472063077 60.06941753030111 108.5
1 0 -80.9619014057981 20.7154093094984 -117.5
1 1 -80.41194058344618 22.3708732185166 -108.0
5281
-------------------New----------------
0 0 -84.05721515426954 -92.00279596709927 118.5
0 1 -83.76013027019614 -93.22306610393166 108.5
1 0 -76.79561384079778 -120.93317491522514 -117.5
1 1 -77.09641541465876 -119.77376494022633 -108.0
5296
-------------------New----------------
0 0 -1.1343222649500038 -63.707389805024754 118.5
0 1 -0.5155517798853672 -63.44988770384343 108.5
1 0 13.466695712113482 -57.66522337341181 -117.5
1 1 12.87828300511048 -57.90588418746324 -108.0
5298
-------------------New----------------
0 0 69.85174331862679 -14.512195283399702 118.5
0 1 67.31552245272056 -15.19392287643216 108.5
1 0 9.86805185885242 -30.575815078342593 -117.5
1 1 12.287641257084042 -29.92816600421144 -108.0
5300
-------------------New----------------
0 0 -53.20634603347459 75.83671323520237 118.5
0 1 -52.412086972399734 72.04112865472345 108.5
1 0 -34.13574194756565 -14.329400599983853 -117.5
1 1 -34.91896424270381 -10.694843351527993 -108.0
5301
-------------------New----------------
0 0 -68.42641848210897 -60.94808353891517 118.5
0 1 -68.61734838630188 -62.055556246046635 108.5
1 0 -73.02705250925902 -86.98025517778851 -117.5
1 1 -72.84898175958169 -85.93832832170303 -108.0
5303
-------------------New----------------
0 0 61.57237859028443 -11.456875234094314 118.5
0 1 59.70603285589182 -9.961042165491872 108.5
1 0 17.582590014972745 23.959873942508025 -117.5
1 1 19.35194566009905 22.532360780414017 -108.0
5305
-------------------New----------------
0 0 -0.6293377166870228 58.95164457551134 118.5
0 1 -4.522040795783911 60.323566147491285 108.5
1 0 -92.50964143983195 91.32300131403565 -117.5
1 1 -88.81249096464322 90.02062700226568 -108.0
5315
-------------------New----------------
0 0 26.7252966164342 2.2319002422552776 118.5
0 1 29.593035040574012 4.13283520918783 108.5
1 0 94.92521626078943 47.082308659926795 -117.5
1 1 92.17424693098654 45.26955608486836 -108.0
5322
-------------------New----------------
0 0 -19.128115163849078 109.46695946832715 118.5
0 1 -18.10599748108742 110.12780041264125 108.5
1 0 5.069498167059882 125.23716032690274 -117.5
1 1 4.1011032533665785 124.59628890595707 -108.0
5324
-------------------New----------------
0 0 -71.87669990529588 -85.56850232284837 118.5
0 1 -70.90522615495529 -84.7308659402149 108.5
1 0 -48.9912393770644 -65.81077313102759 -117.5
1 1 -49.912582340914476 -66.60681506709429 -108.0
5328
-------------------New----------------
0 0 12.828355905528667 8.75289080710041 118.5
0 1 13.369449642561435 3.9000052221855332 108.5
1 0 25.694179690487704 -106.009043289662 -117.5
1 1 25.167585071443416 -101.38110415943177 -108.0
5333
-------------------New----------------
0 0 -71.29124138669516 39.58502098552931 118.5
0 1 -70.80594318258788 37.31934521425084 108.5
1 0 -59.84281128941094 -13.721646605223459 -117.5
1 1 -60.30112335062639 -11.58106475551294 -108.0
5338
-------------------New----------------
0 0 74.0666805460447 -46.99206322393489 118.5
0 1 71.66893433304519 -48.15855315324185 108.5
1 0 17.39506284554505 -74.5508450415146 -117.5
1 1 19.675517560351388 -73.43539292726354 -108.0
5345
-------------------New----------------
0 0 87.39867343791056 -100.36231297178173 118.5
0 1 90.70859674064448 -104.24081692988133 108.5
1 0 -22.533665828132577 -77.70852426476893 -117.5
1 1 -20.320558387501034 -73.36751630586961 -108.0
5350
-------------------New----------------
0 0 43.58550790603239 27.432383920045584 118.5
0 1 43.358302086015726 23.038376040489077 108.5
1 0 38.21539482274978 -76.16515191461299 -117.5
1 1 38.42992374704452 -72.00048434454654 -108.0
5382
-------------------New----------------
0 0 -52.640688790286696 -42.91828929307305 118.5
0 1 -50.22758330517951 -45.4092171716557 108.5
1 0 4.31306347701598 -101.71352235785353 -117.5
1 1 2.019925728117393 -99.34721469052103 -108.0
5388
-------------------New----------------
0 0 56.56577351900935 -66.3025886205176 118.5
0 1 55.40622838854658 -65.64349227457203 108.5
1 0 29.194542084195426 -50.76824102415983 -117.5
1 1 30.29655597492309 -51.39329665054858 -108.0
5389
-------------------New----------------
0 0 52.590276584638914 88.83640353309514 118.5
0 1 49.00767668972923 88.27111515937223 108.5
1 0 -32.00101034317779 75.47288045040317 -117.5
1 1 -28.594982127210073 76.01097759448166 -108.0
5393
-------------------New----------------
0 0 -36.57588939054916 2.4919632466169754 118.5
0 1 -36.73489032161969 -2.5243077108713043 108.5
1 0 -40.32072778962028 -115.88918767968377 -117.5
1 1 -40.17011794813727 -111.12338225838835 -108.0
5399
-------------------New----------------
0 0 51.68363854956838 -18.093620917046305 118.5
0 1 51.07425537719605 -18.76114838510582 108.5
1 0 37.301617772157115 -33.843528377799224 -117.5
1 1 37.880885139033424 -33.21023615635024 -108.0
5400
-------------------New----------------
0 0 6.750531749515099 10.099590262552173 118.5
0 1 5.5713961289959375 11.198102996005915 108.5
1 0 -21.053070122272544 36.055846054492 -117.5
1 1 -19.93477208238084 35.010475335982946 -108.0
5401
-------------------New----------------
0 0 -35.02625119357184 34.709363134083134 118.5
0 1 -35.08706105399194 29.634532003606967 108.5
1 0 -36.46133573831109 -84.82973714895412 -117.5
1 1 -36.40100235396593 -80.03203961833641 -108.0
5402
-------------------New----------------
0 0 106.38619236329532 -50.14077124516191 118.5
0 1 105.63897716174401 -52.93912508621524 108.5
1 0 88.94454932552982 -115.57789115763583 -117.5
1 1 89.61174626241947 -112.96625426116262 -108.0
5413
-------------------New----------------
0 0 118.38896963838079 -87.32026513238003 118.5
0 1 118.75596424246703 -85.42752471387702 108.5
1 0 127.07307552901166 -42.626555798890486 -117.5
1 1 126.7189757537355 -44.43189355070295 -108.0
5417
-------------------New----------------
0 0 -56.78253036831039 49.40385478304031 118.5
0 1 -55.31267759876405 44.16185939152759 108.5
1 0 -22.07833959171685 -74.33489737700943 -117.5
1 1 -23.47696310095071 -69.35379085136358 -108.0
5423
-------------------New----------------
0 0 11.591849304406189 0.7838168148869137 118.5
0 1 10.537310145993954 5.356364742459562 108.5
1 0 -13.301596512778612 108.70592003304064 -117.5
1 1 -12.299116785196754 104.36140438031764 -108.0
5425
-------------------New----------------
0 0 23.061522962617083 -37.62633203579678 118.5
0 1 19.542981078291668 -37.58209942922652 108.5
1 0 -60.01916862927457 -36.57299677331341 -117.5
1 1 -56.672342661589994 -36.615516412597685 -108.0
5426
-------------------New----------------
0 0 32.2266381004071 -12.205470544320315 118.5
0 1 36.08474976802928 -15.29502789563908 108.5
1 0 123.29437213906922 -85.13852407111624 -117.5
1 1 119.62766163684577 -82.20219822985585 -108.0
5428
-------------------New----------------
0 0 21.54756304532888 26.193020233557053 118.5
0 1 18.85672252478455 22.434959721026324 108.5
1 0 -42.068467462000825 -62.554836126414195 -117.5
1 1 -39.50384988335342 -58.97942917272045 -108.0
5430
-------------------New----------------
0 0 -17.380940447004978 6.055423845060345 118.5
0 1 -18.125973668443855 8.057226552857387 108.5
1 0 -34.95727974445954 53.3299955996957 -117.5
1 1 -34.25242753639193 51.42494052498755 -108.0
5438
-------------------New----------------
0 0 44.85352751681688 94.04171156797824 118.5
0 1 40.659169952089236 91.72404866345269 108.5
1 0 -54.12965390758744 39.34302997822958 -117.5
1 1 -50.14521485099111 41.5449078465059 -108.0
5446
-------------------New----------------
0 0 -54.264172836791374 23.81155492375904 118.5
0 1 -55.584723255882764 24.474140640794158 108.5
1 0 -85.5520319756011 39.683529836810294 -117.5
1 1 -84.2856355716169 39.040628601103535 -108.0
5448
-------------------New----------------
0 0 40.586041942416465 52.439612447209946 118.5
0 1 35.58079554961641 49.57892890199629 108.5
1 0 -77.39843054728436 -15.308267287498605 -117.5
1 1 -72.72995880189413 -12.573779004928998 -108.0
5455
-------------------New----------------
0 0 -26.733438605961602 56.106959011956256 118.5
0 1 -28.697511263715466 56.91549756370792 108.5
1 0 -73.0872089776642 75.19289738283216 -117.5
1 1 -71.22133237930902 74.42427230756591 -108.0
5456
-------------------New----------------
0 0 39.39232625141637 3.193320701774053 118.5
0 1 42.73954555101902 6.416276634338368 108.5
1 0 118.15440202864121 79.65023260600388 -117.5
1 1 114.9758622678361 76.55158921144027 -108.0
5459
-------------------New----------------
0 0 -39.30285263271715 -16.792502784281808 118.5
0 1 -36.04816875876035 -18.45750106302467 108.5
1 0 37.45884440086342 -56.06073854284658 -117.5
1 1 34.370228348536216 -54.48084027646861 -108.0
5464
-------------------New----------------
0 0 34.32371124447989 20.828784768605622 118.5
0 1 31.008470272322388 19.87807792634211 108.5
1 0 -43.927890907188285 -1.5876631044637182 -117.5
1 1 -40.77753186715516 -0.686100877873925 -108.0
5466
-------------------New----------------
0 0 5.062369358224977 94.83417556919275 118.5
0 1 4.36648689734212 93.32077663587812 108.5
1 0 -11.273305873401892 59.09086315673003 -117.5
1 1 -10.617451080053453 60.52732783879846 -108.0
5468
-------------------New----------------
0 0 -24.977331292913256 -36.91953416869183 118.5
0 1 -22.731307166067197 -39.077721659539975 108.5
1 0 27.99993522488589 -87.82268338299866 -117.5
1 1 25.878739149404502 -85.76958087376673 -108.0
5472
-------------------New----------------
0 0 40.175457167664526 27.697578836637412 118.5
0 1 42.88872840330528 22.942862767250457 108.5
1 0 104.36826754745164 -84.44165022574055 -117.5
1 1 101.77668596956435 -79.93931483104879 -108.0
5474
-------------------New----------------
0 0 51.99904814586398 -38.844429595663506 118.5
0 1 50.41575344896053 -36.02255131162444 108.5
1 0 14.187045656142246 28.124130987905602 -117.5
1 1 15.730119867849258 25.4109840575638 -108.0
5481
-------------------New----------------
0 0 -63.21302646609142 -43.8115864903513 118.5
0 1 -64.32236878717784 -41.55468278572353 108.5
1 0 -88.2207588524187 9.478092154902656 -117.5
1 1 -87.28116453305256 7.345864448279701 -108.0
5491
-------------------New----------------
0 0 -30.118162877388 11.896044680182717 118.5
0 1 -32.50150229282084 9.565031179151946 108.5
1 0 -86.61707118629496 -42.88821253625527 -117.5
1 1 -84.32802273761742 -40.69616658789704 -108.0
5505
-------------------New----------------
0 0 16.822390166929857 66.85887304067974 118.5
0 1 18.004473430721553 65.47277231336987 108.5
1 0 44.49830629497427 34.19094056102514 -117.5
1 1 43.39094480051982 35.50256761879696 -108.0
5506
-------------------New----------------
0 0 -1.603944902853645 40.50788784900384 118.5
0 1 -3.084120544991216 41.56755840419142 108.5
1 0 -36.551197935424945 65.6322707854944 -117.5
1 1 -35.14472765026786 64.61886287497153 -108.0
5518
-------------------New----------------
0 0 -72.58637676840091 113.13291749558607 118.5
0 1 -74.83516043809576 113.31919340925633 108.5
1 0 -125.7173425863537 117.47665099951692 -117.5
1 1 -123.57785121423896 117.30246795563657 -108.0
5522
-------------------New----------------
0 0 -62.067832192626085 58.5643214717393 118.5
0 1 -61.909119206024954 59.3708333405203 108.5
1 0 -58.41557128812726 77.66408235008468 -117.5
1 1 -58.56049470507844 76.89575471841627 -108.0
5523
-------------------New----------------
0 0 59.072870063417305 -84.74896678577474 118.5
0 1 59.45310094605395 -83.08567601228262 108.5
1 0 67.83245638280502 -44.961053501600915 -117.5
1 1 67.4951640008255 -46.533533822548826 -108.0
5529
-------------------New----------------
0 0 117.82348062393973 26.881276890735357 118.5
0 1 117.43787835885658 26.214063504869035 108.5
1 0 108.42791949716823 11.17295654546948 -117.5
1 1 108.8142858927954 11.778612740803077 -108.0
5530
-------------------New----------------
0 0 84.44452709354263 46.80952601323057 118.5
0 1 86.24446768027782 44.51028660381459 108.5
1 0 126.78210997788418 -7.434988007186611 -117.5
1 1 125.08104278990747 -5.257176295173124 -108.0
5553
-------------------New----------------
0 0 28.16300366564868 9.436722556903103 118.5
0 1 27.57756302786699 12.031549752847692 108.5
1 0 14.34625378025378 70.67798962829573 -117.5
1 1 14.902622813914817 68.21271127724604 -108.0
5560
-------------------New----------------
0 0 -9.492320377508767 70.5684536054044 118.5
0 1 -6.873905657976965 70.67309675458677 108.5
1 0 52.31704597329362 73.0174902740088 -117.5
1 1 49.8284953736151 72.91938681074603 -108.0
5561
-------------------New----------------
0 0 86.0901429984096 1.7074983118646894 118.5
0 1 84.01738880093546 5.96480012940957 108.5
1 0 37.17085111307413 102.19484173748664 -117.5
1 1 39.140513508904135 98.14984226533592 -108.0
5565
-------------------New----------------
0 0 -16.114841786706712 -41.10730189038132 118.5
0 1 -11.640856560365178 -40.41522453868209 108.5
1 0 89.4791363506994 -24.79032148020071 -117.5
1 1 85.22828766228614 -25.447708173212796 -108.0
5607
-------------------New----------------
0 0 -92.67470422715904 35.23841697282829 118.5
0 1 -93.80351171824661 34.93396323715076 108.5
1 0 -119.32430688320787 28.051948438044622 -117.5
1 1 -118.25167267923625 28.341256578466034 -108.0
5612
-------------------New----------------
0 0 36.97133359423911 54.71617290474005 118.5
0 1 40.337360189259435 54.01581523861506 108.5
1 0 116.4831812547554 38.094239152748116 -117.5
1 1 113.27696547030617 38.76247505769331 -108.0
5616
-------------------New----------------
0 0 -95.26796026083363 -81.41523417526825 118.5
0 1 -95.52059464318808 -80.28264861502154 108.5
1 0 -101.14892137446398 -54.69839116386407 -117.5
1 1 -100.91483709966832 -55.77025130232945 -108.0
5625
-------------------New----------------
0 0 28.306629721399396 -35.57338475434516 118.5
0 1 27.736576769759218 -29.115066554171886 108.5
1 0 14.808366021592196 116.75456693214787 -117.5
1 1 15.35642689553895 110.6218094710604 -108.0
5629
-------------------New----------------
0 0 -22.138816197487696 -54.41186475681426 118.5
0 1 -22.440743415503608 -56.700982929883786 108.5
1 0 -29.26515154132605 -108.38316252768007 -117.5
1 1 -28.97685862479687 -106.21223423877245 -108.0
5647
-------------------New----------------
0 0 -26.866932111390447 -42.92458632483508 118.5
0 1 -20.51627548289496 -36.94418865007462 108.5
1 0 122.14299412403898 96.7962150054062 -117.5
1 1 116.13846913006924 91.18746919770572 -108.0
5665
-------------------New----------------
0 0 38.694190165263976 65.70011009871855 118.5
0 1 39.42263095701034 65.46426457631912 108.5
1 0 55.82425264310903 59.99947669508144 -117.5
1 1 55.134418007812044 60.22834943886373 -108.0
5666
-------------------New----------------
0 0 38.77516675191259 49.86148439303884 118.5
0 1 42.25097718581334 47.190857854872306 108.5
1 0 120.78992478575228 -13.249244593557496 -117.5
1 1 117.48713783122862 -10.707040630165466 -108.0
5672
-------------------New----------------
0 0 65.95279403819848 -44.85133010715971 118.5
0 1 64.25932086208205 -45.46789062484793 108.5
1 0 26.046271104529193 -59.46697614006332 -117.5
1 1 27.65080658004864 -58.8780706773277 -108.0
5680
-------------------New----------------
0 0 -35.92528784645289 23.414374534475762 118.5
0 1 -37.49132293927327 18.700667231997087 108.5
1 0 -72.9303475024482 -87.88694412464405 -117.5
1 1 -71.44065546731773 -83.40516579544588 -108.0
5684
-------------------New----------------
0 0 109.01785859940483 -23.4071722540789 118.5
0 1 108.81176777902438 -23.97552021406485 108.5
1 0 104.13438009819768 -37.04787992183783 -117.5
1 1 104.33675398222852 -36.49069706467607 -108.0
5689
-------------------New----------------
0 0 -47.061277302695075 -0.5479543904710539 118.5
0 1 -45.570761673359115 2.5316715455943024 108.5
1 0 -11.886863589612009 72.13142396209324 -117.5
1 1 -13.303246827630279 69.20558501838153 -108.0
5705
-------------------New----------------
0 0 59.439255699449575 -51.58847895245077 118.5
0 1 55.817303739827025 -53.96603649352953 108.5
1 0 -26.025665236201604 -107.7457670383402 -117.5
1 1 -22.585522216371224 -105.48294058457127 -108.0
5706
-------------------New----------------
0 0 -4.6678971941904495 55.48445716449059 118.5
0 1 -0.8733300689501007 54.32191750796882 108.5
1 0 84.88443579452345 28.048763620760628 -117.5
1 1 81.2796980940048 29.15304556627939 -108.0
5713
-------------------New----------------
0 0 -12.958616512607794 -61.40926801812659 118.5
0 1 -10.386101454097513 -63.375963724613506 108.5
1 0 47.72689839837596 -107.79480384707169 -117.5
1 1 45.28287465813057 -105.92716942829352 -108.0
5721
-------------------New----------------
0 0 -22.23062918797744 -44.52348020342179 118.5
0 1 -24.164948635316 -45.62580945864738 108.5
1 0 -67.88188176534823 -70.57078499793198 -117.5
1 1 -66.04531029635869 -69.52010983733298 -108.0
5723
-------------------New----------------
0 0 84.15682298924297 11.70249257205849 118.5
0 1 81.01698662219255 13.25686326749361 108.5
1 0 9.780259637620768 48.715549281154885 -117.5
1 1 12.781433992073957 47.24292482285912 -108.0
5733
-------------------New----------------
0 0 97.69659384389902 -28.3787601795873 118.5
0 1 95.85829756365257 -23.438702508819055 108.5
1 0 54.28839290323606 88.28450957011134 -117.5
1 1 56.03529685612849 83.58621004023433 -108.0
5746
-------------------New----------------
0 0 26.605229020082966 -97.33924890222549 118.5
0 1 24.04304556236361 -97.33210642683017 108.5
1 0 -33.56462974373692 -97.0858642990828 -117.5
1 1 -31.14174580285022 -97.09379525014457 -108.0
5747
-------------------New----------------
0 0 33.83671882867617 -34.3718916130274 118.5
0 1 32.66083190193123 -30.249179377154736 108.5
1 0 6.124418207315566 62.89306072456068 -117.5
1 1 7.2399206680529575 58.98092083914837 -108.0
5753
-------------------New----------------
0 0 26.399394614044798 52.92791642031589 118.5
0 1 20.899203509058548 48.984255432122 108.5
1 0 -103.38532544115063 -40.07831799266243 -117.5
1 1 -98.15819528916553 -36.33486656541802 -108.0
5759
-------------------New----------------
0 0 45.509398851942834 81.23148660054292 118.5
0 1 42.36931212085746 79.78724127148337 108.5
1 0 -28.673928063810838 47.157989152215215 -117.5
1 1 -25.68117824388675 48.533776809971826 -108.0
5761
-------------------New----------------
0 0 -11.629128247686007 -76.18638199095881 118.5
0 1 -10.17270418884894 -73.79323963832886 108.5
1 0 22.69388902536584 -19.720293197369156 -117.5
1 1 21.315551277663072 -21.995135650871312 -108.0
5763
-------------------New----------------
0 0 -34.89174788827273 -7.668541746755852 118.5
0 1 -37.18169635323356 -6.9425235855453264 108.5
1 0 -88.9462177732299 9.474073985915751 -117.5
1 1 -86.77078141032692 8.784311826947164 -108.0
5766
-------------------New----------------
0 0 27.790498711619342 -36.94980106791741 118.5
0 1 29.091775552941165 -38.59941812489227 108.5
1 0 58.40639845921047 -75.80960775265001 -117.5
1 1 57.175242106133155 -74.25211827644708 -108.0
5772
-------------------New----------------
0 0 -10.980552381662338 20.351023599208453 118.5
0 1 -7.410755730019058 17.810421128289377 108.5
1 0 73.26210685218571 -39.626205233130705 -117.5
1 1 69.8709409923555 -37.211064381860865 -108.0
5788
-------------------New----------------
0 0 -91.48982222897833 -31.36766418227482 118.5
0 1 -92.41434614230313 -33.939866315044455 108.5
1 0 -113.60482891999331 -91.73507019204129 -117.5
1 1 -112.70377498868322 -89.30702360854839 -108.0
5789
-------------------New----------------
0 0 50.91237973819169 -77.57778409773378 118.5
0 1 48.98527670407485 -76.54167285493239 108.5
1 0 5.467670844849193 -53.09274386091768 -117.5
1 1 7.296435812220028 -54.07966636031621 -108.0
5792
-------------------New----------------
0 0 83.30190652664257 -28.954259076982204 118.5
0 1 81.0861810212801 -27.597245189341567 108.5
1 0 31.03260775218388 3.0625990351060617 -117.5
1 1 33.135522387702494 1.7736039988350971 -108.0
5799
-------------------New----------------
0 0 -42.374449676527334 68.2986202991722 118.5
0 1 -42.18307819791668 67.9840375736399 108.5
1 0 -37.85295366219432 61.04411192411815 -117.5
1 1 -38.03649003439656 61.333279922566376 -108.0
5802
-------------------New----------------
0 0 -74.02404675493273 43.7507018555317 118.5
0 1 -75.06516051015197 44.607233689813555 108.5
1 0 -98.59808941771442 63.955230695765536 -117.5
1 1 -97.61115217923842 63.14179270856319 -108.0
5808
-------------------New----------------
0 0 22.744553499882038 -59.61097326573355 118.5
0 1 25.643571088600492 -58.88540297142846 108.5
1 0 91.3008253968839 -42.49322508201501 -117.5
1 1 88.53757409358776 -43.1796646535374 -108.0
5819
-------------------New----------------
0 0 -3.0915771612683907 54.985872201525886 118.5
0 1 -4.413927345212014 58.01700057100305 108.5
1 0 -34.156321164328205 126.54479691151292 -117.5
1 1 -32.909361768723684 123.65835090014227 -108.0
5829
-------------------New----------------
0 0 -30.980711496494486 92.52170126019482 118.5
0 1 -26.172517426920006 90.83553787205572 108.5
1 0 82.28837208494264 52.52383576075205 -117.5
1 1 77.73590374955768 54.14408069042696 -108.0
5831
-------------------New----------------
0 0 -47.658778962699834 25.64242254448896 118.5
0 1 -44.28638924724577 24.677691958699736 108.5
1 0 31.923760588888058 2.8703610274378777 -117.5
1 1 28.719978360610753 3.7872311524701416 -108.0
5834
-------------------New----------------
0 0 -16.094144350289966 106.86618639070916 118.5
0 1 -20.586195358417875 107.23990547009483 108.5
1 0 -122.17114548764633 115.42522879397563 -117.5
1 1 -117.89447119082278 115.09421112353235 -108.0
5835
-------------------New----------------
0 0 53.530199201596076 59.64721474318547 118.5
0 1 55.44183980344356 58.99906238814515 108.5
1 0 98.68284905244556 44.37219708871841 -117.5
1 1 96.86757657334688 44.987122100443045 -108.0
5837
-------------------New----------------
0 0 104.74834584726598 -30.75851404365871 118.5
0 1 103.39131068136162 -27.57747867863909 108.5
1 0 72.71289506886485 44.35832907971214 -117.5
1 1 74.00398211422018 41.33657201715807 -108.0
5840
-------------------New----------------
0 0 115.95118894755096 -85.7399923210119 118.5
0 1 115.86795583671498 -85.46678397803578 108.5
1 0 114.52134106915544 -79.05882735639588 -117.5
1 1 114.54862589262402 -79.34058464189715 -108.0
5847
-------------------New----------------
0 0 87.93196321228109 -89.07833564853749 118.5
0 1 87.50882116269212 -88.23256797912424 108.5
1 0 78.12623438500893 -69.39509203946253 -117.5
1 1 78.5254293146807 -70.1708039032898 -108.0
5848
-------------------New----------------
0 0 110.59373956857803 10.369420951167674 118.5
0 1 109.75783845037003 12.309728918711034 108.5
1 0 90.51630818341548 57.02467007689978 -117.5
1 1 91.37366330299434 55.133719626170205 -108.0
5850
-------------------New----------------
0 0 25.171053816358626 70.30950605622877 118.5
0 1 25.451836919630345 67.57285268856445 108.5
1 0 31.830065738033177 5.727032119039187 -117.5
1 1 31.560447932997057 8.326524575974851 -108.0
5855
-------------------New----------------
0 0 -35.047974760467596 72.1685622701863 118.5
0 1 -31.97775326556149 68.76283083856637 108.5
1 0 37.52170147594986 -8.160657832752118 -117.5
1 1 34.60216458334553 -4.926767758119284 -108.0
5874
-------------------New----------------
0 0 77.48360447056523 24.183288881328327 118.5
0 1 76.57897012358684 26.29288651747583 108.5
1 0 56.133087594661525 73.9372606968195 -117.5
1 1 56.992511992147094 71.93479729878031 -108.0
5878
-------------------New----------------
0 0 53.642396770548906 0.7224902341398179 118.5
0 1 55.62672879951683 3.9575875855514546 108.5
1 0 100.48789807775887 77.1039179670557 -117.5
1 1 98.600515366457 74.02710716108052 -108.0
5879
-------------------New----------------
0 0 9.567913852881485 31.340568533852824 118.5
0 1 5.906082973760064 31.68527468190001 108.5
1 0 -76.83201486669773 39.33607234052043 -117.5
1 1 -73.35735160715984 39.0154709648758 -108.0
5881
-------------------New----------------
0 0 -9.720901453533234 -20.25361385820885 118.5
0 1 -12.747861792974243 -16.91930591047981 108.5
1 0 -81.01540450085388 58.29692304223814 -117.5
1 1 -78.16070954379899 55.14580315383422 -108.0
5882
-------------------New----------------
0 0 -40.84669330206736 -119.29784601991692 118.5
0 1 -44.48096665179382 -119.07675324478794 108.5
1 0 -126.59390400928642 -114.0531858986117 -117.5
1 1 -123.14302241367568 -114.26546132351038 -108.0
5883
-------------------New----------------
0 0 47.578906034974615 33.243684913852285 118.5
0 1 43.303652207722344 35.519457906226975 108.5
1 0 -53.291986314095894 86.83887196627974 -117.5
1 1 -49.237722725424824 84.68132055831157 -108.0
5884
-------------------New----------------
0 0 17.615938817201233 30.583971933259043 118.5
0 1 17.18197429758107 30.452298155955685 108.5
1 0 7.538597575952326 27.86522096264897 -117.5
1 1 7.924676404166371 27.972201765502952 -108.0
5886
-------------------New----------------
0 0 49.23971689595409 6.500075935971026 118.5
0 1 48.83769611278649 5.92664814822551 108.5
1 0 39.8289788072363 -7.31067020942555 -117.5
1 1 40.20641031121007 -6.750118169509053 -108.0
5887
-------------------New----------------
0 0 84.49216562284217 81.93856425300841 118.5
0 1 83.24852520709041 81.39005291777387 108.5
1 0 55.12935593545883 69.00216497837084 -117.5
1 1 56.311664754854334 69.52278367066138 -108.0
5898
-------------------New----------------
0 0 64.8968566551437 110.7194350937682 118.5
0 1 65.370921375126 111.01030221104531 108.5
1 0 75.63141098777852 117.25659062083837 -117.5
1 1 75.20788402709357 117.01186009937294 -108.0
5903
-------------------New----------------
0 0 -91.13416124564404 0.40189869458811794 118.5
0 1 -92.52784035008328 4.494921465274748 108.5
1 0 -124.44759801653422 96.75006979310767 -117.5
1 1 -123.11477193666312 92.87898703524934 -108.0
5904
-------------------New----------------
0 0 86.7618419288191 120.7076929240804 118.5
0 1 85.94789553435511 120.63378158658165 108.5
1 0 67.48035928081894 119.12522082782989 -117.5
1 1 68.26633687491342 119.1824239610936 -108.0
5908
-------------------New----------------
0 0 47.615286783702906 -57.85340810756228 118.5
0 1 45.65126899242925 -55.491604886647565 108.5
1 0 1.2644842366351365 -2.113018506988472 -117.5
1 1 3.1302816097940296 -4.356853918339102 -108.0
5910
-------------------New----------------
0 0 -12.71002709409596 -28.26607977449613 118.5
0 1 -10.58433245386487 -29.814920475480296 108.5
1 0 37.45850756616598 -64.8124939964762 -117.5
1 1 35.4401293549147 -63.34178400872729 -108.0
5912
-------------------New----------------
0 0 71.71636705195235 -47.6925054989412 118.5
0 1 73.11931575277778 -50.58587800507776 108.5
1 0 104.80666642178078 -116.0073616134307 -117.5
1 1 103.47518830406825 -113.25222719729133 -108.0
5913
-------------------New----------------
0 0 115.30495624174739 34.904118165929795 118.5
0 1 114.99172794518442 36.007873110862064 108.5
1 0 107.84961343657376 60.84509484237623 -117.5
1 1 108.14853722322155 59.803603408492755 -108.0
5914
-------------------New----------------
0 0 23.10314099085318 -73.80778232922769 118.5
0 1 27.3563784399313 -70.27746538819858 108.5
1 0 123.4589425137954 9.504981022498972 -117.5
1 1 119.42151693426695 6.151017686764311 -108.0
5916
-------------------New----------------
0 0 -50.354351381684666 62.25787624911489 118.5
0 1 -52.79798350999223 60.67989281246175 108.5
1 0 -107.96725119217687 24.9250284555566 -117.5
1 1 -105.65152816867332 26.431094669899057 -108.0
5924
-------------------New----------------
0 0 -106.13344694387851 -39.96201287028838 118.5
0 1 -105.92712988331229 -37.27365222327448 108.5
1 0 -101.26628678116256 23.48637380802511 -117.5
1 1 -101.46225939302825 20.93239023018372 -108.0
5928
-------------------New----------------
0 0 8.810619344720788 -1.453039203058627 118.5
0 1 10.521879486132377 3.886893809964506 108.5
1 0 49.19767928519836 124.55311795128846 -117.5
1 1 47.571912317329996 119.48094261682934 -108.0
5930
-------------------New----------------
0 0 113.93672673155439 -37.570914551086545 118.5
0 1 113.95328406272866 -32.901716371799395 108.5
1 0 114.25292655485762 72.55897884875374 -117.5
1 1 114.24106310690176 68.12657373900862 -108.0
5939
-------------------New----------------
0 0 -26.76787227015695 61.98275381635068 118.5
0 1 -30.177815536433616 61.17581034561675 108.5
1 0 -107.28911741652465 42.905029591927935 -117.5
1 1 -104.04717000780825 43.67325125738807 -108.0
5942
-------------------New----------------
0 0 -88.0366502408175 -13.930116154608834 118.5
0 1 -89.28819404366284 -11.012399315948254 108.5
1 0 -116.93755444786238 55.37039233717053 -117.5
1 1 -115.85922693000964 52.54672625332624 -108.0
5943
-------------------New----------------
0 0 -1.6584305493219405 43.09072332615664 118.5
0 1 -0.581709750875927 43.21981583496124 108.5
1 0 23.74946487615558 46.14417718720089 -117.5
1 1 22.726411846174734 46.02087621765792 -108.0
5948
-------------------New----------------
0 0 -88.29851349545399 -101.61673528103725 118.5
0 1 -85.83679664181605 -100.7267520204185 108.5
1 0 -30.103754084844876 -80.62119241581773 -117.5
1 1 -32.44804368815179 -81.46563156012743 -108.0
5973
-------------------New----------------
0 0 -11.344576574176005 -66.94380530182664 118.5
0 1 -11.257113680597616 -63.741152072656305 108.5
1 0 -9.282947616084815 8.66316200448245 -117.5
1 1 -9.364516183216248 5.618196910122707 -108.0
5980
-------------------New----------------
0 0 -67.31987971798756 -104.01848215672733 118.5
0 1 -67.13545337854788 -103.61187335123608 108.5
1 0 -62.97236269631414 -94.39738737492141 -117.5
1 1 -63.1478497371423 -94.78581388413849 -108.0
5982
-------------------New----------------
0 0 49.430017940544644 -24.568903482894203 118.5
0 1 48.41128987781017 -22.58389100857148 108.5
1 0 25.224400098663384 22.241079137429242 -117.5
1 1 26.20489454745759 20.352470210980776 -108.0
5983
-------------------New----------------
0 0 -12.06522924784628 31.29453834999099 118.5
0 1 -10.899726150879967 32.804502412343126 108.5
1 0 15.634452815185048 66.77419964408296 -117.5
1 1 14.510061012964789 65.34225054281885 -108.0
5987
-------------------New----------------
0 0 18.721806810850403 -95.97450123210444 118.5
0 1 15.784922916789117 -95.29767748427443 108.5
1 0 -50.577956681158355 -80.02094517991563 -117.5
1 1 -47.789020941597755 -80.66303806257082 -108.0
6004
-------------------New----------------
0 0 110.82883838055507 -5.287254148971216 118.5
0 1 109.90614981761424 -6.029940438839882 108.5
1 0 88.96235612437599 -22.636914886678905 -117.5
1 1 89.85178858436826 -21.9483957343031 -108.0
6006
-------------------New----------------
0 0 -22.46195864643458 -24.22258990886069 118.5
0 1 -20.882620027526293 -27.184911210086653 108.5
1 0 14.811710164351002 -94.13260503040846 -117.5
1 1 13.311223130703112 -91.31815267798427 -108.0
6007
-------------------New----------------
0 0 -47.181934508067606 29.93622782514921 118.5
0 1 -42.498217023357945 33.714585414754126 108.5
1 0 63.40078703103262 119.14387694027775 -117.5
1 1 58.94801990456212 115.55141592023799 -108.0
6023
-------------------New----------------
0 0 -51.909810596716184 56.24720120906388 118.5
0 1 -48.34257157451451 51.93381551468262 108.5
1 0 32.30936914493256 -45.57190134231756 -117.5
1 1 28.918042851889783 -41.475215150212186 -108.0
6027
-------------------New----------------
0 0 48.03467939571056 76.72322825284851 118.5
0 1 50.09701084651673 75.65748024842759 108.5
1 0 96.7235028697486 51.57613642822683 -117.5
1 1 94.76413605888547 52.58825930854789 -108.0
6036
-------------------New----------------
0 0 84.27002718013173 -83.22769841541387 118.5
0 1 85.9217581713038 -84.62438297292985 108.5
1 0 123.3024991611101 -116.20331113667135 -117.5
1 1 121.72703934215056 -114.87785021514375 -108.0
6042
-------------------New----------------
0 0 54.31164968286205 -27.685221845319575 118.5
0 1 52.99703072456939 -27.718784764077306 108.5
1 0 23.34189105431231 -28.489355941340115 -117.5
1 1 24.58738425852727 -28.45618916043268 -108.0
6057
-------------------New----------------
0 0 -46.52566705670154 -4.314785075138795 118.5
0 1 -42.69930014499097 -0.37997220214631716 108.5
1 0 43.70898541998376 88.47405593066769 -117.5
1 1 40.07949575139542 84.74244644905959 -108.0
6071
-------------------New----------------
0 0 -83.19643250747183 85.11139359944748 118.5
0 1 -83.89262126755229 86.65946552972285 108.5
1 0 -99.58053053832148 121.71275231290792 -117.5
1 1 -98.93023205942242 120.23109348079636 -108.0
6078
-------------------New----------------
0 0 -22.706241092401754 25.75964876770137 118.5
0 1 -23.052897940236768 25.371603978941867 108.5
1 0 -30.479289296532762 16.379558516938083 -117.5
1 1 -30.1871590180776 16.753614930577363 -108.0
6089
-------------------New----------------
0 0 -5.81388116362408 -13.741298055338802 118.5
0 1 -5.326639246444552 -9.578450134901086 108.5
1 0 5.32832255459872 84.62936402385242 -117.5
1 1 4.890460044848289 80.67566179912492 -108.0
6090
-------------------New----------------
0 0 48.0106592963183 30.536717396910568 118.5
0 1 42.85081417562826 25.277037990073897 108.5
1 0 -73.36803634785579 -93.27001354654941 -117.5
1 1 -68.48323619490812 -88.31940047032741 -108.0
6093
-------------------New----------------
0 0 21.559650226171392 -96.37024829091384 118.5
0 1 18.519494494165258 -94.72929151480328 108.5
1 0 -50.19953985236441 -57.64954442609077 -117.5
1 1 -47.31039539391185 -59.208326897696075 -108.0
6097
-------------------New----------------
0 0 17.22660565326976 -22.653884017341234 118.5
0 1 18.64058150249236 -20.532325736489454 108.5
1 0 48.47765438849816 35.5993673589758 -117.5
1 1 47.29581577129662 32.89964460639537 -108.0
6101
-------------------New----------------
0 0 75.78265217376676 -44.379350714603646 118.5
0 1 74.46128853967079 -44.31198380469675 108.5
1 0 44.61702704034019 -42.77834760196753 -117.5
1 1 45.87141494569055 -42.84148457628338 -108.0
6105
-------------------New----------------
0 0 14.963446482238941 57.92675651603639 118.5
0 1 14.990430584215412 56.72754469154967 108.5
1 0 15.554877641846726 29.617655270552728 -117.5
1 1 15.53102974710912 30.759586027427332 -108.0
6118
-------------------New----------------
0 0 -86.4529597743549 35.24545412316074 118.5
0 1 -87.52961406132076 30.311958009472324 108.5
1 0 -111.94518157888017 -81.1324079978306 -117.5
1 1 -110.91820456439048 -76.45127422138991 -108.0
6123
-------------------New----------------
0 0 -15.701754125627238 -24.37011691360923 118.5
0 1 -13.886996795426736 -26.166818432320856 108.5
1 0 27.269244761592354 -66.82396013531664 -117.5
1 1 25.537801300015502 -65.11505874416433 -108.0
6124
-------------------New----------------
0 0 89.86044830806358 -39.89838770632807 118.5
0 1 89.70101444094928 -38.428119530689536 108.5
1 0 86.0992980212261 -5.193694821425732 -117.5
1 1 86.25074350772823 -6.590517504375834 -108.0
6125
-------------------New----------------
0 0 -98.95906075496518 55.8395563980546 118.5
0 1 -99.37083570254168 54.22905418540307 108.5
1 0 -108.67484492650537 17.83113599027886 -117.5
1 1 -108.28366491133394 19.36132404159528 -108.0
6129
-------------------New----------------
0 0 35.02560332126332 -88.3319764922583 118.5
0 1 34.51972156308295 -87.65463073435515 108.5
1 0 22.614382617757208 -72.3413213050222 -117.5
1 1 23.115608547442037 -72.96761206581495 -108.0
6133
-------------------New----------------
0 0 -27.954492872343003 -71.7429091426645 118.5
0 1 -29.947867617115016 -69.46151183366514 108.5
1 0 -74.94975915187447 -18.15925768900565 -117.5
1 1 -73.05735989066602 -20.309539896797297 -108.0
6140
-------------------New----------------
0 0 -61.92889611017326 17.47898007455512 118.5
0 1 -58.71975062131382 19.24617347614241 108.5
1 0 13.80123134769705 59.19133664330631 -117.5
1 1 10.753168780267584 57.51242066236339 -108.0
6147
-------------------New----------------
0 0 21.289595665911804 -70.57806914519624 118.5
0 1 21.842259615530345 -72.3576416431275 108.5
1 0 34.28719530616719 -112.65456894812264 -117.5
1 1 33.77067571827136 -110.95772888901956 -108.0
6159
-------------------New----------------
0 0 66.55181910492946 -53.059752653612534 118.5
0 1 63.77266718787822 -55.71182326480829 108.5
1 0 0.9617044885944146 -115.65291515383771 -117.5
1 1 3.6022933475331547 -113.13232261329001 -108.0
6162
-------------------New----------------
0 0 29.142871158947834 62.59988287907174 118.5
0 1 32.62262051773985 63.31205102708215 108.5
1 0 111.26839774183915 79.4226850471084 -117.5
1 1 107.96466324986727 78.74624015640006 -108.0
6164
-------------------New----------------
0 0 -59.661556116738765 -64.46632069825941 118.5
0 1 -56.47166179017036 -61.354886244391466 108.5
1 0 15.594871223039737 8.80359117396494 -117.5
1 1 12.566460378738029 5.857753427429981 -108.0
6165
-------------------New----------------
0 0 -44.35045271859576 56.23297584080855 118.5
0 1 -41.96390090055036 56.41239231721213 108.5
1 0 11.912110046924148 60.52494702112517 -117.5
1 1 9.650728780358879 60.35177638461748 -108.0
6170
-------------------New----------------
0 0 -31.327243925971935 15.278955782688987 118.5
0 1 -29.48554625265362 19.166623805872966 108.5
1 0 12.124627830545162 107.00906589335948 -117.5
1 1 10.3758024757198 103.3169371590997 -108.0
6174
-------------------New----------------
0 0 4.493355211720786 -71.83661087019007 118.5
0 1 2.796982958828405 -69.9708655681807 108.5
1 0 -35.44275477883566 -27.762516172673514 -117.5
1 1 -33.83743164683186 -29.533571397960863 -108.0
6175
-------------------New----------------
0 0 90.45300382154961 60.2622426410846 118.5
0 1 91.72812754310442 60.488771928213566 108.5
1 0 120.58993853227051 65.51927091664123 -117.5
1 1 119.37766400778219 65.30933182356675 -108.0
6183
-------------------New----------------
0 0 121.3523387876359 24.206064045173196 118.5
0 1 121.10318104443957 20.454947945155936 108.5
1 0 115.46852047536383 -64.31545595572997 -117.5
1 1 115.70505043860946 -60.75210624687911 -108.0
6217
-------------------New----------------
0 0 93.10506923101532 103.11180733704825 118.5
0 1 91.84025090463865 103.8565750397432 108.5
1 0 63.43323165195968 120.7246602523541 -117.5
1 1 64.62368601802203 120.01955833438024 -108.0
6220
-------------------New----------------
0 0 39.11870071929359 93.8946605130261 118.5
0 1 36.3228667252043 91.5345102803358 108.5
1 0 -26.78891365451825 38.35740511894999 -117.5
1 1 -24.14435100015034 40.58718511803188 -108.0
6227
-------------------New----------------
0 0 15.45315760244704 -76.2580588985197 118.5
0 1 19.933404259245982 -78.05721979030245 108.5
1 0 121.22531722236018 -118.79418300043463 -117.5
1 1 116.97060774222537 -117.08038384176534 -108.0
6233
-------------------New----------------
0 0 -100.27425399083623 -71.6840524422757 118.5
0 1 -99.89637614827618 -72.58572947036672 108.5
1 0 -91.56896323465347 -93.21749152108623 -117.5
1 1 -91.90453134289564 -92.35071057948602 -108.0
6234
-------------------New----------------
0 0 -6.776711376433828 -76.23172153263258 118.5
0 1 -7.504673848923905 -73.88885749675636 108.5
1 0 -24.30146458543718 -21.582719438689587 -117.5
1 1 -23.57768137362 -23.758901663169496 -108.0
6242
-------------------New----------------
0 0 -0.3709154357564313 72.09970233318907 118.5
0 1 -0.7539144280952774 69.63703306894125 108.5
1 0 -9.362653670170891 14.041221930239786 -117.5
1 1 -9.00442876206449 16.384380972956553 -108.0
6257
-------------------New----------------
0 0 2.151232401958093 105.8753108859366 118.5
0 1 5.684129036599873 104.90405623515433 108.5
1 0 85.60817046147207 82.8881912661435 -117.5
1 1 82.24826968272974 83.8154910823071 -108.0
6260
-------------------New----------------
0 0 -36.072817722452136 -47.576189285177556 118.5
0 1 -34.77469862564439 -50.53432028622076 108.5
1 0 -5.466217803823876 -117.36486149668667 -117.5
1 1 -6.698485478705623 -114.55630883787019 -108.0
6264
-------------------New----------------
0 0 13.96980045488427 106.25894869615074 118.5
0 1 18.435803533702707 104.81211793305263 108.5
1 0 119.38765694971373 72.21741016460639 -117.5
1 1 115.14313099923613 73.58125935236028 -108.0
6265
-------------------New----------------
0 0 26.86316641980711 50.201554744448 118.5
0 1 30.789245194204284 48.809337128837996 108.5
1 0 119.51460007686462 17.309973978404273 -117.5
1 1 115.78539502479684 18.63580352005393 -108.0
6269
-------------------New----------------
0 0 -24.478675226182183 68.10089805270245 118.5
0 1 -22.225637254304992 66.58288541463942 108.5
1 0 28.617798584173705 31.92706402581131 -117.5
1 1 26.47220539292814 33.39906047032151 -108.0
6281
-------------------New----------------
0 0 -2.14446650255977 48.83713691768582 118.5
0 1 0.19857920001746993 46.66429114459915 108.5
1 0 53.234234015004155 -2.5324853637412037 -117.5
1 1 51.0051585280606 -0.4622690084639327 -108.0
6285
-------------------New----------------
0 0 67.5809938218292 60.01323110395384 118.5
0 1 65.45236426604683 60.27802510760622 108.5
1 0 17.507109999153926 66.33092013768187 -117.5
1 1 19.52569259803376 66.07601106460382 -108.0
6286
-------------------New----------------
0 0 27.815697447913426 58.22870363116093 118.5
0 1 30.39350646496343 60.465261259414454 108.5
1 0 88.54030215029438 111.26401370689568 -117.5
1 1 86.09727982188635 109.13047803753821 -108.0
6291
-------------------New----------------
0 0 -4.760750589897886 -53.56717928771707 118.5
0 1 -0.6024270190621877 -48.51467974003308 108.5
1 0 93.34184553303812 65.72590840932625 -117.5
1 1 89.3954444088736 60.924518192620475 -108.0
6302
-------------------New----------------
0 0 -24.964630224183917 -50.59044711775466 118.5
0 1 -22.939693331228874 -50.27453216207166 108.5
1 0 22.81089982793458 -43.12340318534743 -117.5
1 1 20.888135102031438 -43.423587542614364 -108.0
6335
-------------------New----------------
0 0 -21.50092991435328 13.88623620594537 118.5
0 1 -18.723582970814682 15.092330704888088 108.5
1 0 44.15839139840713 42.28345915727819 -117.5
1 1 41.51741074564984 41.14295042939562 -108.0
6336
-------------------New----------------
0 0 -72.19950454917526 -8.977735069797816 118.5
0 1 -74.08209576502668 -7.993003112139026 108.5
1 0 -116.59294679972467 14.294744858684021 -117.5
1 1 -114.8054595727142 13.355699454812235 -108.0
6337
-------------------New----------------
0 0 -55.670793366618476 -6.245759119069488 118.5
0 1 -56.11344399211366 -1.0560862662602175 108.5
1 0 -66.0808018569601 116.23478670373179 -117.5
1 1 -65.66279699609682 111.30377450474035 -108.0
6339
-------------------New----------------
0 0 88.60027178861898 -98.13367135906377 118.5
0 1 87.35483398142004 -96.34475751891878 108.5
1 0 59.298887690830746 -55.99070387063061 -117.5
1 1 60.476839780827525 -57.68934695703083 -108.0
6340
-------------------New----------------
0 0 -2.8379698173462984 -72.43922450179491 118.5
0 1 -5.088021086022405 -71.53761943632051 108.5
1 0 -55.77545340595166 -51.278693060816565 -117.5
1 1 -53.63897379958384 -52.12712423976522 -108.0
6347
-------------------New----------------
0 0 -58.757779248577734 -14.062065862537557 118.5
0 1 -59.24695060602427 -14.332915733961931 108.5
1 0 -70.25933536103182 -20.422385323813398 -117.5
1 1 -69.79406977884238 -20.170749604511663 -108.0
6351
-------------------New----------------
0 0 2.931492208152645 18.41296071293166 118.5
0 1 6.986391118007232 17.210056684618763 108.5
1 0 98.61327013934502 -9.966385091837155 -117.5
1 1 94.76113311385146 -8.823737064918058 -108.0
6355
-------------------New----------------
0 0 6.507584243845367 -29.39095207931701 118.5
0 1 11.045419409460788 -28.673498770384345 108.5
1 0 113.621279084723 -12.47051572587977 -117.5
1 1 109.30918255627834 -13.15206857795838 -108.0
6356
-------------------New----------------
0 0 -28.91549596300151 -67.21117652285285 118.5
0 1 -23.852752970405227 -64.86541797618703 108.5
1 0 90.65421920630111 -11.855933265097507 -117.5
1 1 85.8361932111045 -14.078610442760143 -108.0
6361
-------------------New----------------
0 0 41.93879198915131 85.27350695489338 118.5
0 1 40.889323449496594 86.42316382822489 108.5
1 0 17.191254024761264 112.44441606856401 -117.5
1 1 18.185523657826643 111.34846040303754 -108.0
6369
-------------------New----------------
0 0 46.150277464562805 -103.83342179324902 118.5
0 1 43.73736209034354 -103.07823531235044 108.5
1 0 -10.741127071092277 -85.967821206992 -117.5
1 1 -8.453439938872089 -86.68683435397656 -108.0
6379
-------------------New----------------
0 0 51.26145493310819 44.270902230800914 118.5
0 1 51.97513316833694 44.98270296312512 108.5
1 0 68.0004647012992 61.06971048937987 -117.5
1 1 67.33125889965436 60.391254451712925 -108.0
6383
-------------------New----------------
0 0 11.57312112040545 -52.04806340132475 118.5
0 1 12.955427845299742 -53.487486627015116 108.5
1 0 44.067345542449885 -86.03453214927123 -117.5
1 1 42.759614682528394 -84.66576027781022 -108.0
6393
-------------------New----------------
0 0 -61.770191600582905 32.87226968902088 118.5
0 1 -60.773634325425974 34.533422225316045 108.5
1 0 -38.25292641831618 72.0703134479411 -117.5
1 1 -39.199618509113414 70.49260803658156 -108.0
6411
-------------------New----------------
0 0 -15.4858459250059 -103.13877266450136 118.5
0 1 -11.832133865619529 -103.48415749765755 108.5
1 0 70.76613843024442 -111.36865552450952 -117.5
1 1 67.29230022895953 -111.03460521979214 -108.0
6420
-------------------New----------------
0 0 31.590124043538644 -23.780659619869272 118.5
0 1 33.36076143852681 -19.57625029491827 108.5
1 0 73.37454328384196 75.44124214514929 -117.5
1 1 71.69262590809853 71.44726113963864 -108.0
6426
-------------------New----------------
0 0 -58.12777305460988 -72.36066507382125 118.5
0 1 -56.29259049518485 -72.38235583898548 108.5
1 0 -14.925799092968637 -72.76476972369252 -117.5
1 1 -16.661747729359536 -72.74849987450861 -108.0
6430
-------------------New----------------
0 0 36.49370334529338 -50.07868415285172 118.5
0 1 35.84565089529427 -48.652818199716094 108.5
1 0 21.1884047441607 -16.451092736579852 -117.5
1 1 21.804963612927757 -17.804650190083326 -108.0
6450
-------------------New----------------
0 0 21.462389697834237 -63.85932309812009 118.5
0 1 23.422506160386522 -65.4733914031843 108.5
1 0 67.69919937279192 -101.9559225248835 -117.5
1 1 65.83719957751343 -100.42363504129386 -108.0
6459
-------------------New----------------
0 0 54.01018925262268 100.6392330762486 118.5
0 1 49.95016838743231 101.7382543384119 108.5
1 0 -41.795166986005896 126.57532220993826 -117.5
1 1 -37.93878556506225 125.53085862522862 -108.0
6463
-------------------New----------------
0 0 12.054747872689152 68.77371695592171 118.5
0 1 12.953304040005165 66.65408059435603 108.5
1 0 33.33172938761638 18.725147872879248 -117.5
1 1 32.47393032605872 20.74225457409731 -108.0
6473
-------------------New----------------
0 0 -32.486333755816055 39.3133378118802 118.5
0 1 -33.18904069523557 41.97169162919838 108.5
1 0 -49.06487933363609 102.05965343435753 -117.5
1 1 -48.397350576075695 99.53220765906985 -108.0
6478
-------------------New----------------
0 0 -107.96636062385343 -9.711566749121122 118.5
0 1 -107.65588339290714 -12.900186972387854 108.5
1 0 -100.63911790476692 -84.9748156687497 -117.5
1 1 -100.9333169146226 -81.94509872333086 -108.0
6493
-------------------New----------------
0 0 16.86799627370973 86.8765971904735 118.5
0 1 14.329633188682356 86.28127405444359 108.5
1 0 -43.07241245647178 72.72621398414461 -117.5
1 1 -40.648933359233645 73.30878132646754 -108.0
6498
-------------------New----------------
0 0 -58.42529953772436 -77.78991867799972 118.5
0 1 -54.43498022474927 -77.63270689911471 108.5
1 0 35.74260344513275 -74.05820420534303 -117.5
1 1 31.95215485828776 -74.20853303996226 -108.0
6503
-------------------New----------------
0 0 -2.1501009871104095 42.33593053565794 118.5
0 1 2.9397257617412333 42.31064876531008 108.5
1 0 117.98344210430233 41.93646955033538 -117.5
1 1 113.15143118241372 41.95223248574335 -108.0
6504
-------------------New----------------
0 0 -0.28027221778054723 31.92077308294872 118.5
0 1 -1.1910614405466233 25.923803230917223 108.5
1 0 -21.763824399885536 -109.65413658783748 -117.5
1 1 -20.899697656284836 -103.95296502295733 -108.0
6506
-------------------New----------------
0 0 16.748556599923415 -25.561766304289403 118.5
0 1 17.209725144875183 -23.873889671482836 108.5
1 0 27.642692786357674 14.252419029136323 -117.5
1 1 27.203517452004764 12.649009266666454 -108.0
6520
-------------------New----------------
0 0 -50.37858853624248 14.994908411951041 118.5
0 1 -49.64865481582276 19.629322162916672 108.5
1 0 -33.12052798088737 124.3372946111892 -117.5
1 1 -33.81692351910226 119.93807184784507 -108.0
6525
-------------------New----------------
0 0 21.01523354597169 -50.220965696363734 118.5
0 1 22.379938811294036 -49.25552009954964 108.5
1 0 53.22852329084243 -27.457199271736812 -117.5
1 1 51.93146303775602 -28.37312413719142 -108.0
6534
-------------------New----------------
0 0 -17.299544685259157 19.09647146225859 118.5
0 1 -18.17297836896153 14.489512830875771 108.5
1 0 -37.91335658938504 -89.62910391461385 -117.5
1 1 -37.083616400705736 -85.25243819969948 -108.0
6536
-------------------New----------------
0 0 -62.221808302093095 11.799858599266894 118.5
0 1 -61.22224727708531 9.223675614723291 108.5
1 0 -38.08487969503711 -49.03794724470991 -117.5
1 1 -39.07737825985974 -46.59241910360956 -108.0
6542
-------------------New----------------
0 0 77.74766839551015 11.465016432175895 118.5
0 1 74.7632699407624 10.691968455923746 108.5
1 0 7.498152838859116 -6.752104319014161 -117.5
1 1 10.323915162528186 -6.02123111810719 -108.0
6546
-------------------New----------------
0 0 15.304635617423822 68.37009899141017 118.5
0 1 16.019348312852706 64.95249153687799 108.5
1 0 32.02419599858068 -11.4930165782518 -117.5
1 1 31.37564544409623 -8.292513161695434 -108.0
6550
-------------------New----------------
0 0 64.49510991066222 36.67980732050789 118.5
0 1 65.561751014535 36.506973596212234 108.5
1 0 89.65700466734437 32.60355105571812 -117.5
1 1 88.64477740586986 32.767151691257645 -108.0
6565
-------------------New----------------
0 0 -102.46258124102651 -5.315145703267224 118.5
0 1 -101.95917944609867 -4.734775490164416 108.5
1 0 -90.5952273437501 8.333071733192286 -117.5
1 1 -91.07438279646408 7.790675753492191 -108.0
6566
-------------------New----------------
0 0 -76.55849716138816 45.92536170956226 118.5
0 1 -77.70000484206699 43.9959856448207 108.5
1 0 -103.52447383084507 0.3687263157636423 -117.5
1 1 -102.43850535038803 2.200547897714226 -108.0
6585
-------------------New----------------
0 0 -104.44764135746928 70.84323877806796 118.5
0 1 -103.28456287733138 71.54426078744908 108.5
1 0 -77.01414443399696 87.37941279743674 -117.5
1 1 -78.11917298518742 86.71407236158797 -108.0
6587
-------------------New----------------
0 0 -53.29465842443701 -1.2150773545172833 118.5
0 1 -55.0404854301798 1.0065710060731006 108.5
1 0 -94.45755233026445 51.12699189007216 -117.5
1 1 -92.80379445285483 49.02461647431981 -108.0
6601
-------------------New----------------
0 0 -5.620075530984794 -43.20962443162413 118.5
0 1 -8.399495161000536 -45.01609301828934 108.5
1 0 -71.23746659115687 -85.81054499734032 -117.5
1 1 -68.5965644928527 -84.09888811313786 -108.0
6607
-------------------New----------------
0 0 -54.029955801568335 55.065010780023115 118.5
0 1 -53.67458839676584 51.465754607057 108.5
1 0 -45.588184202893345 -29.868546603950534 -117.5
1 1 -45.931783556583106 -26.442291037975025 -108.0
6617
-------------------New----------------
0 0 7.676441202338431 -32.667817330119405 118.5
0 1 4.652144706698573 -28.32288808247045 108.5
1 0 -63.67748562504859 69.79557271174262 -117.5
1 1 -60.798158985503335 65.67523688405203 -108.0
6620
-------------------New----------------
0 0 -47.84968616789668 -80.6138436311421 118.5
0 1 -47.710414409229514 -81.52461394379368 108.5
1 0 -44.58400175815117 -102.10627318802078 -117.5
1 1 -44.71556127004696 -101.24097102663343 -108.0
6621
-------------------New----------------
0 0 105.60322733704879 -108.05053493903816 118.5
0 1 106.24457956150061 -106.78582571696045 108.5
1 0 120.76417565281758 -78.2618957939832 -117.5
1 1 120.1545469101111 -79.4598725724085 -108.0
6622
-------------------New----------------
0 0 42.87072932542078 -51.93274121093411 118.5
0 1 42.568040561787754 -52.23443576256865 108.5
1 0 35.37652690382619 -59.50080069948907 -117.5
1 1 35.69279037068581 -59.19239590830133 -108.0
6627
-------------------New----------------
0 0 -55.41329102414228 -82.56382035477743 118.5
0 1 -56.83858837143667 -82.2492129551518 108.5
1 0 -89.13116938247582 -75.22241901482616 -117.5
1 1 -87.76990947176903 -75.51717430083272 -108.0
6632
-------------------New----------------
0 0 31.71521294604719 8.21155272810591 118.5
0 1 34.97390626700654 5.493788713512593 108.5
1 0 108.61824922460603 -55.908673755690224 -117.5
1 1 105.52292253109962 -53.32840294333835 -108.0
6634
-------------------New----------------
0 0 -43.15520764627147 101.25172268783638 118.5
0 1 -42.322222691064205 102.19738822391744 108.5
1 0 -23.510076474920314 123.54350221741447 -117.5
1 1 -24.29924761489932 122.6475922332349 -108.0
6642
-------------------New----------------
0 0 -26.03027241613099 43.41958408331056 118.5
0 1 -20.971393612834664 41.33449261290486 108.5
1 0 93.38561139993736 -5.778538289954843 -117.5
1 1 88.5778725891059 -3.7971424255752595 -108.0
6648
-------------------New----------------
0 0 -31.762911420415957 93.14601009716486 118.5
0 1 -31.50777166678575 93.22955329662396 108.5
1 0 -25.733471540791463 95.14969369610971 -117.5
1 1 -25.977555612098364 95.06834393675749 -108.0
6650
-------------------New----------------
0 0 -108.40571688212849 -35.55529352424764 118.5
0 1 -108.13373440389645 -39.07814809878614 108.5
1 0 -101.9522810996596 -118.77616362408057 -117.5
1 1 -102.21393809418021 -115.4224842497724 -108.0
6651
-------------------New----------------
0 0 43.2437306410672 -8.624458406912165 118.5
0 1 38.673265259870185 -6.841188291654599 108.5
1 0 -64.87905567993883 33.76724552846177 -117.5
1 1 -60.63268991276802 32.100812508217324 -108.0
6658
-------------------New----------------
0 0 -49.877846013239726 -43.27367490883625 118.5
0 1 -50.046895834632856 -42.01411223693522 108.5
1 0 -53.84151037592331 -13.550247727028207 -117.5
1 1 -53.682611601025144 -14.746276785038983 -108.0
6668
-------------------New----------------
0 0 -18.54292201169353 -22.603236879796576 118.5
0 1 -17.402394954865926 -20.1053932849721 108.5
1 0 8.37513942566368 36.312018976716864 -117.5
1 1 7.2924536359644545 33.940648642739106 -108.0
6675
-------------------New----------------
0 0 -8.48188710242308 -39.78447980860133 118.5
0 1 -3.882662471617345 -43.36190591012239 108.5
1 0 99.9615121708308 -123.69565516133733 -117.5
1 1 95.59794409720705 -120.33860622588914 -108.0
6694
-------------------New----------------
0 0 -70.63027449811281 -8.73482842025472 118.5
0 1 -67.61512033843685 -8.60500837240725 108.5
1 0 -1.0457188158694746 -4.633328003068452 -117.5
1 1 -3.765968325149874 -4.842294336285262 -108.0
6695
-------------------New----------------
0 0 -0.1387279657288726 46.1023925500899 118.5
0 1 -1.7252244410064557 43.52987200360404 108.5
1 0 -37.57304166272805 -14.568708160346375 -117.5
1 1 -36.06908060306017 -12.127591942979684 -108.0
6696
-------------------New----------------
0 0 23.350770440136372 41.48179718152556 118.5
0 1 25.618176136090415 40.277408997675614 108.5
1 0 76.87832956711709 13.096168951432603 -117.5
1 1 74.72224681340025 14.235596287249143 -108.0
6699
-------------------New----------------
0 0 -55.573874528775626 -44.00994185965264 118.5
0 1 -53.75822329344982 -43.15212199082919 108.5
1 0 -12.71664575094868 -23.763327411551863 -117.5
1 1 -14.441739412179668 -24.5784466449505 -108.0
6703
-------------------New----------------
0 0 -48.30725109858848 76.2546839028931 118.5
0 1 -47.40348429664131 74.87161752528091 108.5
1 0 -26.916373348599155 43.67133656616453 -117.5
1 1 -27.769444559105466 44.98459353089376 -108.0
6714
-------------------New----------------
0 0 -66.31395416564042 -39.54170479617285 118.5
0 1 -62.60622305780945 -37.776489868430275 108.5
1 0 21.20702705360029 2.1173602471476083 -117.5
1 1 17.68303272606944 0.4403334278015638 -108.0
6715
-------------------New----------------
0 0 -25.714753672093572 -23.374951503882226 118.5
0 1 -22.582161850804734 -27.675374714474422 108.5
1 0 48.09873924768481 -124.95249535773198 -117.5
1 1 45.13318018384858 -120.86089499280664 -108.0
6716
-------------------New----------------
0 0 32.19199570658394 60.325941703531655 118.5
0 1 29.875270765314667 58.4953002231437 108.5
1 0 -22.56293254027077 17.058600377262028 -117.5
1 1 -20.361750927156923 18.796380629375186 -108.0
6723
-------------------New----------------
0 0 38.159994226806205 97.18231978646777 118.5
0 1 40.5115391828852 96.2962409604697 108.5
1 0 93.26065157914353 76.5623221993292 -117.5
1 1 91.05282155372896 77.3925407374535 -108.0
6728
-------------------New----------------
0 0 37.59467623046458 76.81281374116324 118.5
0 1 40.28171792625515 77.28101578154626 108.5
1 0 99.77313216252065 87.48517066763844 -117.5
1 1 97.27961811515597 87.0664126603052 -108.0
6730
-------------------New----------------
0 0 -8.393123603545074 -115.9425456644587 118.5
0 1 -7.145334624306533 -115.65234987764181 108.5
1 0 21.31639956191163 -110.16785117195911 -117.5
1 1 20.122242506219568 -110.40583490360748 -108.0
6731
-------------------New----------------
0 0 59.60902842824165 87.55733304303034 118.5
0 1 61.277325739623095 88.00241330133278 108.5
1 0 98.97789055584789 98.0024084868212 -117.5
1 1 97.39514843133 97.58374827330823 -108.0
6733
-------------------New----------------
0 0 -9.952141083182422 -101.47022360331518 118.5
0 1 -4.674212801148709 -100.24795440884361 108.5
1 0 114.63587432326801 -72.53897759414095 -117.5
1 1 109.61861081569177 -73.70940243841275 -108.0
6741
-------------------New----------------
0 0 -11.811613436449145 -2.8536970148513605 118.5
0 1 -6.630675664986077 -4.1077459563814305 108.5
1 0 110.66736594910871 -32.66895524084423 -117.5
1 1 105.71189810362003 -31.452572679376722 -108.0
6751
-------------------New----------------
0 0 -5.05693828818889 -102.78398454714326 118.5
0 1 -4.274938168918223 -102.2909546543089 108.5
1 0 13.350250147735656 -91.17164216360307 -117.5
1 1 12.610392104922528 -91.63836986386838 -108.0
6754
-------------------New----------------
0 0 -18.939851378981132 54.10397065592866 118.5
0 1 -18.014520116580417 55.3148293727874 108.5
1 0 2.9953580376613287 82.70115862606642 -117.5
1 1 2.11202803146685 81.54824885552662 -108.0
6761
-------------------New----------------
0 0 -58.35050942601797 -2.0228485514163532 118.5
0 1 -55.55833799939235 -2.5387433342633985 108.5
1 0 7.562715157040128 -14.214950159560178 -117.5
1 1 4.909305509515711 -13.72131340230583 -108.0
6771
-------------------New----------------
0 0 -99.3776153117097 56.52468459591258 118.5
0 1 -100.47835082884959 54.72284661571005 108.5
1 0 -125.29627323222651 14.031064889693061 -117.5
1 1 -124.25320108892524 15.742618686892495 -108.0
6777
-------------------New----------------
0 0 84.37368719957306 -2.8917180815970123 118.5
0 1 84.47017945446524 -1.9717923986566928 108.5
1 0 86.47034659021928 18.37820003946864 -117.5
1 1 86.40511897326809 17.553809342928712 -108.0
6784
-------------------New----------------
0 0 -48.85559695375862 55.09440622065684 118.5
0 1 -44.07502955401023 50.43140981651496 108.5
1 0 63.89304680561321 -54.87901664211277 -117.5
1 1 59.35228420465457 -50.452750038846716 -108.0
6796
-------------------New----------------
0 0 41.362603970278926 -2.897847618668215 118.5
0 1 39.30953312450454 -5.638979647987662 108.5
1 0 -7.145314070620119 -67.6067433801733 -117.5
1 1 -5.1943108037002474 -65.00641427003636 -108.0
6802
-------------------New----------------
0 0 -87.04054823612134 -23.24174313772098 118.5
0 1 -87.21756185232279 -24.91802943753639 108.5
1 0 -91.05651758578465 -62.826141678615485 -117.5
1 1 -90.89806884140923 -61.234285881031056 -108.0
6824
-------------------New----------------
0 0 -1.1475347020761997 58.945441511266985 118.5
0 1 2.1237649744155718 55.89662472797437 108.5
1 0 76.10562603183733 -12.937284346035801 -117.5
1 1 72.99344285236425 -10.042451484161301 -108.0
6830
-------------------New----------------
0 0 -97.18671147261355 115.06783677370213 118.5
0 1 -97.37916604191216 114.8699065386473 108.5
1 0 -101.73536812919039 110.40200537984663 -117.5
1 1 -101.55049866303003 110.59017408069622 -108.0
6831
-------------------New----------------
0 0 -65.71403814791395 1.0642873528299206 118.5
0 1 -65.88101700758315 1.4365702638747595 108.5
1 0 -69.71992192877175 9.856679767807513 -117.5
1 1 -69.55620933951094 9.504318714896193 -108.0
6840
-------------------New----------------
0 0 -48.58366280260147 -33.651033639420845 118.5
0 1 -43.67107763249444 -37.33394073830859 108.5
1 0 67.50131213941597 -120.72258335101733 -117.5
1 1 62.82512544292742 -117.20787718364704 -108.0
6842
-------------------New----------------
0 0 18.196740070657267 25.77212723284085 118.5
0 1 21.535848420629 22.28361045105752 108.5
1 0 97.01808755639303 -56.698759917113556 -117.5
1 1 93.84118114066212 -53.37295147733786 -108.0
6843
-------------------New----------------
0 0 -52.415897462108035 -73.1456400571771 118.5
0 1 -51.13847373859452 -72.60627288884976 108.5
1 0 -22.261199016273647 -60.430677013729635 -117.5
1 1 -23.476703811374414 -60.942751007018174 -108.0
6853
-------------------New----------------
0 0 39.54992673988804 -39.76762049220427 118.5
0 1 38.24973167150876 -41.00380397465573 108.5
1 0 8.923013954169354 -68.9308468757268 -117.5
1 1 10.157098972233985 -67.75854909196036 -108.0
6857
-------------------New----------------
0 0 -81.97916388550311 47.4795933772555 118.5
0 1 -82.2348296228593 49.033942352048356 108.5
1 0 -87.99894592974057 84.15696365647884 -117.5
1 1 -87.75856439169323 82.68018811055917 -108.0
6859
-------------------New----------------
0 0 -39.28305503544101 11.453301852793743 118.5
0 1 -40.789653905816174 10.883145289648485 108.5
1 0 -74.82226502843395 -1.9992611360734993 -117.5
1 1 -73.39211088198387 -1.4577749458105274 -108.0
6861
-------------------New----------------
0 0 17.538800952161278 33.48712162617718 118.5
0 1 18.16268336996239 28.7973594979807 108.5
1 0 32.23472511363461 -77.35937751951647 -117.5
1 1 31.64151958029324 -72.88931561446933 -108.0
6865
-------------------New----------------
0 0 -28.154059706231976 -34.76806435178424 118.5
0 1 -31.123171789605088 -36.950837626918485 108.5
1 0 -98.27163927649451 -86.29262798437517 -117.5
1 1 -95.4481472966409 -84.21997833481201 -108.0
6875
-------------------New----------------
0 0 -107.46870327181003 -19.988720315867386 118.5
0 1 -108.30513527970413 -20.769857237241347 108.5
1 0 -127.19395924618667 -38.47999222726695 -117.5
1 1 -126.40183660882538 -37.73699875376749 -108.0
6892
-------------------New----------------
0 0 82.80558972393446 -22.225071320172596 118.5
0 1 82.47773764616389 -21.948959152674142 108.5
1 0 75.06236537090408 -15.72944125167832 -117.5
1 1 75.37407423387107 -15.99054027125855 -108.0
6898
-------------------New----------------
0 0 33.67734235566085 -17.918727532276343 118.5
0 1 33.882334120925584 -18.533842220358114 108.5
1 0 38.54797214687443 -32.48092059323331 -117.5
1 1 38.35186670832215 -31.89183601034975 -108.0
6900
-------------------New----------------
0 0 -13.566135398426416 5.736903274906022 118.5
0 1 -15.747229813490122 7.049566961336543 108.5
1 0 -65.06584491521372 36.70446162645669 -117.5
1 1 -62.99157219155241 35.457588504061405 -108.0
6917
-------------------New----------------
0 0 5.857151221418378 43.10960231835043 118.5
0 1 2.448241979937417 43.73799140057195 108.5
1 0 -74.56301993396464 57.93654961333211 -117.5
1 1 -71.32627876608844 57.3393793745747 -108.0
6918
-------------------New----------------
0 0 -5.69492250416864 83.33914436083595 118.5
0 1 -7.749138755355197 82.34497886985706 108.5
1 0 -54.14070003084238 60.01156525837166 -117.5
1 1 -52.19050435831158 60.94341711351276 -108.0
6922
-------------------New----------------
0 0 15.566793434461522 38.217905700692775 118.5
0 1 18.462257879483257 33.6077648803312 108.5
1 0 83.90994476841989 -70.58620446746995 -117.5
1 1 81.15839235332186 -66.20601828613147 -108.0
6923
-------------------New----------------
0 0 2.214693400677686 -74.53296881536598 118.5
0 1 -2.852618775246635 -73.24718418472384 108.5
1 0 -117.38320005011253 -44.18562087087952 -117.5
1 1 -112.56857714577532 -45.407640790649815 -108.0
6926
-------------------New----------------
0 0 22.705958869951857 41.61237259164254 118.5
0 1 21.093885465178232 42.539762471832056 108.5
1 0 -15.34718914601404 63.54791757809338 -117.5
1 1 -13.814972137425954 62.66405144343472 -108.0
6927
-------------------New----------------
0 0 34.99342731931161 32.56240982898004 118.5
0 1 31.63208097902779 35.720503820245966 108.5
1 0 -44.32875627930894 107.14563181660603 -117.5
1 1 -41.137760442960186 104.14146100161479 -108.0
6929
-------------------New----------------
0 0 -34.65928854522254 -53.552432831887906 118.5
0 1 -30.50992021373606 -55.004720183119694 108.5
1 0 63.2732124929483 -87.81468717914359 -117.5
1 1 59.33034304898932 -86.436147990943 -108.0
6933
-------------------New----------------
0 0 9.850786140401478 -57.1214681360795 118.5
0 1 9.58819772078557 -58.97638687276551 108.5
1 0 3.51014427228207 -100.74421615281264 -117.5
1 1 3.769041052693782 -98.99806552539528 -108.0
6935
-------------------New----------------
0 0 -58.888214559708445 11.024119317606528 118.5
0 1 -58.712665372290154 13.960230278229208 108.5
1 0 -54.76508743037412 80.29572939115508 -117.5
1 1 -54.933155339613904 77.5114892028044 -108.0
6948
-------------------New----------------
0 0 -90.95298005705578 -3.236360851849927 118.5
0 1 -89.18714228086614 -5.829812359283578 108.5
1 0 -49.17631012160868 -64.63321431524645 -117.5
1 1 -50.83197890086404 -62.156260069514175 -108.0
6957
-------------------New----------------
0 0 -32.08051812150635 51.74277661021315 118.5
0 1 -27.494936455982774 53.806029763499396 108.5
1 0 76.20871541721475 100.47496698008416 -117.5
1 1 71.84601178179017 98.51158659371843 -108.0
6966
-------------------New----------------
0 0 83.86965310540516 -93.32090802633465 118.5
0 1 83.12226326016966 -91.09514141708055 108.5
1 0 66.19288753469418 -40.78882754208515 -117.5
1 1 66.90322005538086 -42.90115310227267 -108.0
6967
-------------------New----------------
0 0 -37.00400702528984 98.72721129045655 118.5
0 1 -34.47584470641828 98.57865090536761 108.5
1 0 22.432848160525676 95.21464215033382 -117.5
1 1 20.05548600548908 95.3605762164098 -108.0
6973
-------------------New----------------
0 0 0.4644412517913736 -44.146951085623655 118.5
0 1 -4.797105007204953 -43.04958027304293 108.5
1 0 -124.16153905209953 -18.094591308322467 -117.5
1 1 -119.1301644496082 -19.14684336842768 -108.0
6975
-------------------New----------------
0 0 70.95213191489545 -74.7544647185799 118.5
0 1 71.74875512564182 -75.7883831168158 108.5
1 0 89.74203968773602 -99.17473775546071 -117.5
1 1 88.98600590793079 -98.19165397471971 -108.0
6981
-------------------New----------------
0 0 -93.89431118576042 -79.21160514994122 118.5
0 1 -94.45509010469883 -79.93458200012802 108.5
1 0 -107.47546720322312 -96.33595651888004 -117.5
1 1 -106.91803828126623 -95.64120507472502 -108.0
6983
-------------------New----------------
0 0 -20.67457592611077 -9.448903728733075 118.5
0 1 -22.918586787149955 -10.647840639788365 108.5
1 0 -73.519175630033 -37.80691201364259 -117.5
1 1 -71.39932587259833 -36.66498410353378 -108.0
6984
-------------------New----------------
0 0 -123.56544491357165 -101.16009654862646 118.5
0 1 -123.51740936486856 -102.18518557057418 108.5
1 0 -122.11081188882744 -125.27507893986702 -117.5
1 1 -122.17581894987556 -124.30672971276742 -108.0
6990
-------------------New----------------
0 0 40.29895722744353 -45.45973325964297 118.5
0 1 43.858163355909234 -41.08541179043735 108.5
1 0 124.29930033430716 57.77910094182538 -117.5
1 1 120.91765348230948 53.62315684825437 -108.0
6992
-------------------New----------------
0 0 -83.62668952575505 -23.016211858189934 118.5
0 1 -85.34893446945657 -20.47195310862041 108.5
1 0 -124.89112326944162 37.374820718052696 -117.5
1 1 -123.22031997592015 34.93499184328191 -108.0
7010
-------------------New----------------
0 0 -25.987250820911676 -21.576734796095412 118.5
0 1 -22.50958580597628 -17.204313864489823 108.5
1 0 56.12922323736168 81.58481940026341 -117.5
1 1 52.824036113459286 77.43233970952984 -108.0
7014
-------------------New----------------
0 0 -6.435510703282995 -16.396671299886183 118.5
0 1 -7.2262544039786265 -13.496417087119966 108.5
1 0 -25.08401002900929 51.9864946065994 -117.5
1 1 -24.334454713761723 49.23750899995192 -108.0
7021
-------------------New----------------
0 0 -39.55312210820219 46.12083772458301 118.5
0 1 -38.31860895728084 45.17397975928559 108.5
1 0 -10.408272011183007 23.743312856411855 -117.5
1 1 -11.581298435745357 24.644578455219683 -108.0
7024
-------------------New----------------
0 0 -75.4335589867504 -29.40961973285589 118.5
0 1 -75.72795816428682 -30.152851128307123 108.5
1 0 -82.2996195588625 -47.141996071834555 -117.5
1 1 -82.02105850798057 -46.42639358878121 -108.0
7026
-------------------New----------------
0 0 17.254727860239875 15.17785861024176 118.5
0 1 19.742709859691544 15.799996695895535 108.5
1 0 75.80285077182604 30.423666537330767 -117.5
1 1 73.44164288308133 29.81620300473539 -108.0
7032
-------------------New----------------
0 0 111.00268260715896 24.171897997935698 118.5
0 1 111.71053613617876 23.13893837817594 108.5
1 0 127.69690635943873 -0.22984722716074443 -117.5
1 1 127.0248982897526 0.7523437412189817 -108.0
7033
-------------------New----------------
0 0 66.84381706549027 15.667334934799333 118.5
0 1 67.08336433728047 16.908517539996758 108.5
1 0 72.49079766138863 45.02535221837421 -117.5
1 1 72.26284449592438 43.841533558359835 -108.0
7046
-------------------New----------------
0 0 61.34097968281087 -72.25573656717653 118.5
0 1 57.068933967697454 -73.90702356301168 108.5
1 0 -39.49560396090867 -111.24413896711319 -117.5
1 1 -35.43590056717453 -109.67378242355085 -108.0
7050
-------------------New----------------
0 0 -25.896922433270095 69.63290264675723 118.5
0 1 -28.6007200587203 68.67609846798739 108.5
1 0 -89.76250807819713 47.35216549072065 -117.5
1 1 -87.1977738076607 48.2456677345027 -108.0
7052
-------------------New----------------
0 0 28.553698082526648 -27.6640796266863 118.5
0 1 25.997898606514603 -30.852552811471536 108.5
1 0 -31.731465203171087 -102.83501675506015 -117.5
1 1 -29.294007220332475 -99.82374987143545 -108.0
7056
-------------------New----------------
0 0 111.16337302595616 -64.26218795749699 118.5
0 1 110.20821728260746 -63.707262298754415 108.5
1 0 87.44903336578408 -51.34962949198568 -117.5
1 1 88.48436864746267 -51.89711432537575 -108.0
7060
-------------------New----------------
0 0 72.10550168483957 71.80150818849545 118.5
0 1 72.5809141315568 67.74760665031951 108.5
1 0 83.33991708909292 -23.850679019391674 -117.5
1 1 82.8873258645304 -19.999898443659127 -108.0
7070
-------------------New----------------
0 0 28.419560742093815 31.9149379577305 118.5
0 1 26.80914363980009 30.29551834347374 108.5
1 0 -9.384160763557322 -6.461807981276823 -117.5
1 1 -7.854687963008286 -4.913454894507237 -108.0
7081
-------------------New----------------
0 0 -22.146184582753598 -79.91746168416945 118.5
0 1 -21.951629215777054 -79.89940775755615 108.5
1 0 -18.903484331194797 -80.72224111956754 -117.5
1 1 -18.98733472710892 -80.70961074509188 -108.0
7092
-------------------New----------------
0 0 -1.7324115922138599 69.22056690190632 118.5
0 1 -5.655394721444329 69.61935755569228 108.5
1 0 -94.29511957145861 78.62121464094626 -117.5
1 1 -90.56937932349834 78.24345958742359 -108.0
7103
-------------------New----------------
0 0 -98.82948129084778 -73.48091352626133 118.5
0 1 -97.6643282649003 -74.01323829406846 108.5
1 0 -71.33947562199798 -86.04551408918249 -117.5
1 1 -72.44272421767606 -85.54180646067408 -108.0
7110
-------------------New----------------
0 0 43.63883584432325 10.05583180369219 118.5
0 1 43.302178636687806 13.753058912697199 108.5
1 0 35.77409223745952 97.32748063509435 -117.5
1 1 36.0927998116445 93.80994961363362 -108.0
7111
-------------------New----------------
0 0 50.40530037971471 6.971541920633472 118.5
0 1 49.28641838202503 3.7411946642749347 108.5
1 0 24.03917682083392 -69.40437227428251 -117.5
1 1 25.096814488221735 -66.32757688479026 -108.0
7117
-------------------New----------------
0 0 -37.336975637712044 -39.39312894622149 118.5
0 1 -40.52814622312464 -34.922000940100425 108.5
1 0 -112.6540955267501 66.11640855076021 -117.5
1 1 -109.62218790434754 61.86913022852489 -108.0
7119
-------------------New----------------
0 0 -78.10017487359245 56.76567528470565 118.5
0 1 -75.93032772623168 57.018695251217785 108.5
1 0 -26.909301147797766 62.73217404580343 -117.5
1 1 -28.96882537197208 62.4921952922255 -108.0
7121
-------------------New----------------
0 0 -45.615788807954004 -18.321157400382965 118.5
0 1 -40.71717392525292 -21.98375899621887 108.5
1 0 70.11096092673965 -103.985760735393 -117.5
1 1 65.42195066515333 -100.5496257070291 -108.0
7125
-------------------New----------------
0 0 57.90999269696886 28.489484346159827 118.5
0 1 54.22650335622639 24.569374227840004 108.5
1 0 -29.07011780988239 -64.0518477445296 -117.5
1 1 -25.566330122679783 -60.326019078469656 -108.0
7128
-------------------New----------------
0 0 25.4762174289221 49.193473507727674 118.5
0 1 25.473842803600178 46.83433956280518 108.5
1 0 25.424467950858194 -6.483674250461516 -117.5
1 1 25.426571525467004 -4.24240792141024 -108.0
7131
-------------------New----------------
0 0 -5.299765427544801 101.83233246901274 118.5
0 1 -4.3509238832841985 102.7543241507515 108.5
1 0 17.172029224721026 123.55022475752617 -117.5
1 1 16.26378351825386 122.67766949561333 -108.0
7137
-------------------New----------------
0 0 19.17578549900003 -78.62231676825155 118.5
0 1 15.626857408461262 -80.34564268189715 108.5
1 0 -64.69086772944644 -119.31444288868322 -117.5
1 1 -61.313760332946856 -117.67458633456451 -108.0
7140
-------------------New----------------
0 0 -40.100963104539154 -66.85545650984008 118.5
0 1 -39.178811912122114 -66.2214814393243 108.5
1 0 -18.427032948005348 -51.984323218485905 -117.5
1 1 -19.29618296414389 -52.5830691757569 -108.0
7146
-------------------New----------------
0 0 15.87524924001462 31.4718573454958 118.5
0 1 15.513356758696045 35.44404160311655 108.5
1 0 7.326140871744975 125.21945951506773 -117.5
1 1 7.670262183710257 121.44572272270061 -108.0
7151
-------------------New----------------
0 0 -61.23505151859755 -16.08638400910577 118.5
0 1 -61.32554610090415 -19.99632114181887 108.5
1 0 -62.93893083510267 -108.21508142362939 -117.5
1 1 -62.87301149536412 -104.50512142070411 -108.0
7159
-------------------New----------------
0 0 18.74144130755257 60.9562268298773 118.5
0 1 20.865526877713656 56.95711989220157 108.5
1 0 68.83753515258601 -33.525840528005844 -117.5
1 1 66.8228063645723 -29.719643410087702 -108.0
7171
-------------------New----------------
0 0 -64.1516623457328 2.5827676739238576 118.5
0 1 -63.402746749240706 1.5980471227937936 108.5
1 0 -46.498086010870544 -20.63929856300014 -117.5
1 1 -47.209276945408675 -19.70750660627743 -108.0
7173
-------------------New----------------
0 0 22.652744284230174 51.32245961720788 118.5
0 1 25.46439897511341 52.99305935095872 108.5
1 0 88.90405627678709 90.69439681567609 -117.5
1 1 86.24155675286134 89.10704323528158 -108.0
7177
-------------------New----------------
0 0 -9.7731262028303 -80.54081849920802 118.5
0 1 -13.072212080491804 -81.05283340538176 108.5
1 0 -87.63386357903866 -92.5870023687025 -117.5
1 1 -84.49862785180372 -92.10363476165809 -108.0
7182
-------------------New----------------
0 0 107.39988958366087 34.187588524230094 118.5
0 1 105.96027290580498 27.7994769884062 108.5
1 0 73.38350217277728 -116.51586600311707 -117.5
1 1 74.75463183129673 -110.4533611636322 -108.0
7186
-------------------New----------------
0 0 25.245949964709816 112.94315692325142 118.5
0 1 27.87709112796876 113.34416050228762 108.5
1 0 87.35033565063472 122.40281940739366 -117.5
1 1 84.85075354537884 122.02477780311517 -108.0
7198
-------------------New----------------
0 0 -59.21969524480012 8.172576430048819 118.5
0 1 -60.975953552778876 7.0121001717963365 108.5
1 0 -100.71357756921647 -19.282840048981537 -117.5
1 1 -99.04137127903974 -18.17357900272399 -108.0
7203
-------------------New----------------
0 0 32.96665996510764 23.41948946754838 118.5
0 1 32.094491528101734 23.257168692920523 108.5
1 0 12.387530893918136 19.583359586383636 -117.5
1 1 13.215974905096004 19.738320100441022 -108.0
7205
-------------------New----------------
0 0 102.38699479846616 -119.20782667108256 118.5
0 1 100.99671603614858 -119.41187609077156 108.5
1 0 69.60997376566655 -123.99279217153455 -117.5
1 1 70.92957407129931 -123.79792202851509 -108.0
7210
-------------------New----------------
0 0 -54.4722895721009 36.07382659927499 118.5
0 1 -49.84891650876029 30.936862401267284 108.5
1 0 54.60513866721362 -85.18571490721123 -117.5
1 1 50.213581554934265 -80.30139631702073 -108.0
7211
-------------------New----------------
0 0 10.400232200685878 110.30302551933298 118.5
0 1 6.139168907156676 110.06276162642912 108.5
1 0 -90.22311735753264 104.68906671437523 -117.5
1 1 -86.17021258630064 104.91663953888148 -108.0
7215
-------------------New----------------
0 0 51.572207986924035 -71.25732191592598 118.5
0 1 54.102185358289674 -70.86575136810231 108.5
1 0 111.1882743244103 -62.04075393897076 -117.5
1 1 108.78771872803243 -62.41321215428551 -108.0
7216
-------------------New----------------
0 0 -43.03896846921956 -94.23915709537035 118.5
0 1 -39.80811686050686 -93.97097256786444 108.5
1 0 33.195358680948736 -87.9137798624891 -117.5
1 1 30.126337453217367 -88.1685740161752 -108.0
7223
-------------------New----------------
0 0 -30.12956756345335 -72.3605240311495 118.5
0 1 -29.975110254484758 -71.5349616400496 108.5
1 0 -26.484508554729654 -53.13725715168499 -117.5
1 1 -26.631123995870972 -53.905827517275156 -108.0
7226
-------------------New----------------
0 0 -32.1644727890402 -108.40133940437946 118.5
0 1 -27.907450646443966 -108.48665822024232 108.5
1 0 67.90210783304835 -110.38088728972362 -117.5
1 1 63.886869259487675 -110.30590243517024 -108.0
7241
-------------------New----------------
0 0 -47.00744951910775 -79.61102894415204 118.5
0 1 -43.48200428751257 -80.3192357162302 108.5
1 0 36.264443709448905 -96.34884063891027 -117.5
1 1 32.90960065334885 -95.67282391267891 -108.0
7242
-------------------New----------------
0 0 -28.646231706323466 -29.634150663519097 118.5
0 1 -24.20635879540479 -30.51740306531719 108.5
1 0 76.12794713515777 -50.47480780156782 -117.5
1 1 71.91087891949391 -49.63699826025261 -108.0
7249
-------------------New----------------
0 0 50.23449368338241 92.21390938880381 118.5
0 1 47.914316145332904 91.62917468147215 108.5
1 0 -4.505540445048009 78.42243075326093 -117.5
1 1 -2.303188865469582 78.97716049660062 -108.0
7252
-------------------New----------------
0 0 7.199522885803947 -11.446987290811169 118.5
0 1 3.8000994272949327 -12.782141220888754 108.5
1 0 -73.26118045407453 -42.72230048250477 -117.5
1 1 -69.9908059423664 -41.46657627011682 -108.0
7257
-------------------New----------------
0 0 -64.76135724353415 53.302856204746945 118.5
0 1 -65.9925913611879 55.147756425564936 108.5
1 0 -93.82297679610677 96.84444436647894 -117.5
1 1 -92.6534579135341 95.0926372666693 -108.0
7264
-------------------New----------------
0 0 -39.98493640551038 -23.193503553789075 118.5
0 1 -43.14678107156047 -22.76679068507071 108.5
1 0 -115.59064279000786 -13.660202865119748 -117.5
1 1 -112.53852528622585 -14.040452412058443 -108.0
7266
-------------------New----------------
0 0 82.12806348095776 23.21873430794559 118.5
0 1 78.98641966429416 24.551672677174246 108.5
1 0 7.9681015753973465 54.64749369426713 -117.5
1 1 10.952157387511601 53.381720572669224 -108.0
7267
-------------------New----------------
0 0 19.711268884496874 -31.216433707927052 118.5
0 1 20.73682478950804 -32.90420620037442 108.5
1 0 43.99995088879105 -71.0145435355415 -117.5
1 1 43.01153636029307 -69.42318683581604 -108.0
7280
-------------------New----------------
0 0 54.413200831583616 -24.045591531212068 118.5
0 1 50.160685818949666 -22.890845869717886 108.5
1 0 -45.960142176995376 3.212942737836774 -117.5
1 1 -41.91957955152341 2.115814112795661 -108.0
7283
-------------------New----------------
0 0 63.57067078233056 5.2234382389027045 118.5
0 1 62.97912280718275 -0.03823637736164258 108.5
1 0 49.54630644639427 -118.88843623309822 -117.5
1 1 50.11016974085767 -113.8964380122421 -108.0
7284
-------------------New----------------
0 0 70.06170184996814 -13.325207414959442 118.5
0 1 67.28044546739464 -7.652380765365966 108.5
1 0 4.388803831500747 120.5210714287228 -117.5
1 1 7.034203436251093 115.13624555544394 -108.0
7286
-------------------New----------------
0 0 -39.8834715180498 -14.589438101832462 118.5
0 1 -33.97771648834013 -11.512805729691888 108.5
1 0 99.65844431152351 58.505073761763526 -117.5
1 1 93.97608106176642 55.60915992668587 -108.0
7291
-------------------New----------------
0 0 68.48319854531607 82.41053561813132 118.5
0 1 70.5340750392015 80.17152750252744 108.5
1 0 116.98402445026473 29.62186554677104 -117.5
1 1 115.03020171513492 31.748318052941734 -108.0
7293
-------------------New----------------
0 0 -66.1615523844509 -34.24908805832603 118.5
0 1 -64.80857424910899 -34.81645201454052 108.5
1 0 -34.23287949582918 -47.61645220452722 -117.5
1 1 -35.51718130053109 -47.081174659499624 -108.0
7315
-------------------New----------------
0 0 -41.12072738675375 -44.43441755573217 118.5
0 1 -41.24209395436821 -38.92583323248672 108.5
1 0 -43.99150402543919 85.24083193993609 -117.5
1 1 -43.87603487329139 80.05096778761948 -108.0
7343
-------------------New----------------
0 0 10.923268893093597 40.36811131082446 118.5
0 1 10.028128983590811 42.03489037023025 108.5
1 0 -10.218447917479784 79.69408692749762 -117.5
1 1 -9.367238928077901 78.1107846933827 -108.0
7346
-------------------New----------------
0 0 35.373710933394776 110.18489184772768 118.5
0 1 38.325322871182664 109.07258826603318 108.5
1 0 105.0104831358919 83.93463873968702 -117.5
1 1 102.20646943566814 84.99187560215076 -108.0
7354
-------------------New----------------
0 0 2.1344629766526113 -36.98814013787057 118.5
0 1 0.12439391193045637 -33.14169903045358 108.5
1 0 -45.27993911030102 53.76379448908396 -117.5
1 1 -43.36996637213217 50.1114135272766 -108.0
7363
-------------------New----------------
0 0 -30.828176263990212 -70.43314312151179 118.5
0 1 -28.28907860438509 -68.50790927332817 108.5
1 0 29.110917196672613 -24.962441053921573 -117.5
1 1 26.698426435644496 -26.794173188949475 -108.0
7370
-------------------New----------------
0 0 -26.161186317872797 15.754317957070176 118.5
0 1 -27.53066780757259 18.962701073127302 108.5
1 0 -58.50984862622463 91.46715411460109 -117.5
1 1 -57.20644489455242 88.41961495895718 -108.0
7374
-------------------New----------------
0 0 24.958732860516 35.384840211831616 118.5
0 1 23.273802523507705 37.81762718652184 108.5
1 0 -14.840472109107264 92.69868337717736 -117.5
1 1 -13.24904905720663 90.4036116742483 -108.0
7376
-------------------New----------------
0 0 -45.30748614002924 1.098259340894856 118.5
0 1 -47.62448155756595 1.7141390266634005 108.5
1 0 -100.25036309702567 15.359765850091128 -117.5
1 1 -98.02596655446314 14.791510971733484 -108.0
7379
-------------------New----------------
0 0 -23.868211112701097 2.173678352701115 118.5
0 1 -19.915711688724375 5.2236508886976 108.5
1 0 69.36579805613044 74.10588854791787 -117.5
1 1 65.61987264158702 71.21270339085457 -108.0
7386
-------------------New----------------
0 0 21.71316139840046 7.283450080975714 118.5
0 1 20.204364161773448 9.72846961082973 108.5
1 0 -13.926683280551554 64.95822534973806 -117.5
1 1 -12.492013140672857 62.63735352317796 -108.0
7387
-------------------New----------------
0 0 37.58766714183578 -57.31668231372644 118.5
0 1 39.13556255266657 -55.98135900519143 108.5
1 0 74.38753538189268 -25.85099199242689 -117.5
1 1 72.90163743604421 -27.118517400271163 -108.0
7391
-------------------New----------------
0 0 -14.002023798793925 -88.8913655691154 118.5
0 1 -13.535410239130261 -87.63867518193925 108.5
1 0 -3.0170528833415946 -59.36536298250237 -117.5
1 1 -3.458636270753131 -60.55294887795933 -108.0
7413
-------------------New----------------
0 0 -13.633308732128057 42.62248180068357 118.5
0 1 -17.198024194913007 42.996308834465765 108.5
1 0 -97.45785775647019 51.690570395436644 -117.5
1 1 -94.09260413880418 51.319293611500505 -108.0
7427
-------------------New----------------
0 0 -0.34621517036236016 -69.30525400873367 118.5
0 1 -1.076503990001545 -66.31412915966786 108.5
1 0 -17.705634899792855 1.3179926457434517 -117.5
1 1 -17.00418651861382 -1.5324618191336874 -108.0
7429
-------------------New----------------
0 0 40.349111033611464 30.01495073787903 118.5
0 1 34.899430751105015 33.5185291147949 108.5
1 0 -88.25322157207816 112.67312380233557 -117.5
1 1 -83.07589795671157 109.34741828685756 -108.0
7435
-------------------New----------------
0 0 -52.74465952129086 -3.0526034509340363 118.5
0 1 -52.679290766186696 -6.514421114946917 108.5
1 0 -51.76117214315845 -84.61946213170867 -117.5
1 1 -51.800716836131166 -81.33886236186049 -108.0
7444
-------------------New----------------
0 0 -16.132829115207024 109.66182961645316 118.5
0 1 -17.3997252466525 109.04161551603889 108.5
1 0 -46.04296723916388 95.02208263841966 -117.5
1 1 -44.83839534195161 95.61184349484037 -108.0
7448
-------------------New----------------
0 0 -101.3378913157766 -65.14447752008687 118.5
0 1 -100.63730234373517 -66.00729638282152 108.5
1 0 -84.79919297625453 -85.37571616330416 -117.5
1 1 -85.46690288687594 -84.56457676244301 -108.0
7453
-------------------New----------------
0 0 -88.24931354640844 8.581572968769262 118.5
0 1 -89.15937863972215 6.6033906560031514 108.5
1 0 -109.68618422548397 -38.32718724106986 -117.5
1 1 -108.82282898036279 -36.43278920382808 -108.0
7459
-------------------New----------------
0 0 -59.90683685246081 10.146225189018514 118.5
0 1 -56.212278823330074 14.054943117349515 108.5
1 0 27.162680283041652 102.24945154919595 -117.5
1 1 23.6673349561633 98.54575229467154 -108.0
7462
-------------------New----------------
0 0 49.24893130137791 -81.0154947545986 118.5
0 1 43.864389961529874 -79.26399508298542 108.5
1 0 -77.81105747791717 -39.51385794186051 -117.5
1 1 -72.70067754788644 -41.18647839009874 -108.0
7469
-------------------New----------------
0 0 -102.21742192227146 -49.66641789082989 118.5
0 1 -101.88761959802027 -52.49378200546628 108.5
1 0 -94.52417133634918 -116.51224603945147 -117.5
1 1 -94.82894763524834 -113.8161118731695 -108.0
7472
-------------------New----------------
0 0 -20.41325274946743 18.28167196487316 118.5
0 1 -19.6226904583639 15.458717650930183 108.5
1 0 -1.7575953313644543 -48.34800808689973 -117.5
1 1 -2.5085697847832438 -45.66567844650921 -108.0
7474
-------------------New----------------
0 0 52.20298884109506 8.490939457941188 118.5
0 1 49.324360180056104 4.962609892271237 108.5
1 0 -15.713594118338943 -74.72637056894365 -117.5
1 1 -12.976765956084716 -71.37964520686235 -108.0
7475
-------------------New----------------
0 0 83.65014019060592 -65.85678902806515 118.5
0 1 81.97211936404827 -67.17163357118295 108.5
1 0 44.088862244793205 -96.8648502357075 -117.5
1 1 45.674199884296286 -95.6191974493664 -108.0
7476
-------------------New----------------
0 0 -9.43405936889563 -37.591747589398054 118.5
0 1 -5.236454496458029 -38.77365149400009 108.5
1 0 89.48209745567371 -65.5051940068381 -117.5
1 1 85.50216362178895 -64.39183387119228 -108.0
7478
-------------------New----------------
0 0 84.42209512113051 -23.748178435700552 118.5
0 1 84.9815450066125 -18.160373562165912 108.5
1 0 97.6727677666295 108.15775512524593 -117.5
1 1 97.13624856285917 102.84397852607454 -108.0
7492
-------------------New----------------
0 0 -68.63032994426277 21.10028088557262 118.5
0 1 -70.81056559565889 23.695466784513407 108.5
1 0 -120.25151639575677 82.50321397983261 -117.5
1 1 -118.16512583856061 80.03295480678936 -108.0
7499
-------------------New----------------
0 0 80.90630149341821 -22.91564972662539 118.5
0 1 79.45479711947708 -24.987277604008217 108.5
1 0 47.55258427694405 -71.69566200452755 -117.5
1 1 48.84913537048582 -69.74634554413095 -108.0
7504
-------------------New----------------
0 0 -6.368343735711415 70.73597575582303 118.5
0 1 -5.682295573650005 71.01584705560215 108.5
1 0 9.820523313513938 77.3384949140351 -117.5
1 1 9.169200481564719 77.07272485415885 -108.0
7507
-------------------New----------------
0 0 0.041252804263314416 -69.37179940796396 118.5
0 1 -1.1683906931040202 -70.55180400643971 108.5
1 0 -28.438321606402702 -97.01560159426033 -117.5
1 1 -27.300227180906482 -95.89786255923669 -108.0
7510
-------------------New----------------
0 0 86.69116460061694 37.56849072875924 118.5
0 1 85.48205102311792 33.65488802418556 108.5
1 0 58.12738159839089 -54.89366047838464 -117.5
1 1 59.28076037629397 -51.16825656723519 -108.0
7521
-------------------New----------------
0 0 -55.85467350911646 34.40511528881354 118.5
0 1 -56.069237143425845 34.37542961521827 108.5
1 0 -60.78835170558276 33.819545525626125 -117.5
1 1 -60.59299916782152 33.846723502181064 -108.0
7527
-------------------New----------------
0 0 -5.510650505937199 18.728617916276182 118.5
0 1 -0.5217931692143019 18.89552972488209 108.5
1 0 112.24747835110668 22.681309969624927 -117.5
1 1 107.50703612253744 22.522097538984635 -108.0
7531
-------------------New----------------
0 0 61.57527933123894 -91.54028894218985 118.5
0 1 61.791728323891256 -90.83569936461527 108.5
1 0 66.680130761176 -74.93817326662273 -117.5
1 1 66.4814122139555 -75.60068220595421 -108.0
7543
-------------------New----------------
0 0 29.540748682032508 -47.12034001560853 118.5
0 1 32.12506235397832 -46.08839107040946 108.5
1 0 90.52521261085434 -22.767705943611794 -117.5
1 1 88.07012338778432 -23.747362947410647 -108.0
7552
-------------------New----------------
0 0 -22.139982498401118 82.03365781916628 118.5
0 1 -26.307854574753396 79.0968176820186 108.5
1 0 -120.51392021913884 12.680905740311843 -117.5
1 1 -116.55439788097245 15.473991338180474 -108.0
7556
-------------------New----------------
0 0 112.63644112904942 13.882635822131707 118.5
0 1 111.89327426586874 14.514555469709796 108.5
1 0 95.11398864047116 28.74545675363 -117.5
1 1 95.81939395378308 28.148964398132005 -108.0
7562
-------------------New----------------
0 0 -58.36028367908742 0.940519408707965 118.5
0 1 -61.10155874752972 -0.6507841522618343 108.5
1 0 -123.06832658946851 -36.61746261675843 -117.5
1 1 -120.4631748157793 -35.107392270828036 -108.0
7563
-------------------New----------------
0 0 -41.90354462657724 2.2157162507488373 118.5
0 1 -39.04267498884362 -1.6348640208424712 108.5
1 0 25.619478683845205 -88.64510100980037 -117.5
1 1 22.900939729071613 -84.98882112300058 -108.0
7566
-------------------New----------------
0 0 16.298739980729106 42.7542627766394 118.5
0 1 19.02147400569853 36.996075183255506 108.5
1 0 80.51678829312179 -93.18408452574165 -117.5
1 1 77.91696245686322 -87.7100681102128 -108.0
7583
-------------------New----------------
0 0 58.41587667462058 19.324430883996286 118.5
0 1 54.778609940852846 20.093149952170617 108.5
1 0 -27.480912143493356 37.542102922287015 -117.5
1 1 -24.02056402517946 36.80764421603304 -108.0
7585
-------------------New----------------
0 0 -63.98365366805022 -73.06885438724608 118.5
0 1 -66.48593834827005 -73.6325054067743 108.5
1 0 -123.0437717402754 -86.3564740515104 -117.5
1 1 -120.66614590838917 -85.82227170285466 -108.0
7592
-------------------New----------------
0 0 -81.34273565022593 -45.68323866405588 118.5
0 1 -82.73683598188958 -43.00309237921753 108.5
1 0 -114.23027264156967 17.560807149015584 -117.5
1 1 -112.90700401130248 15.015465339678357 -108.0
7599
-------------------New----------------
0 0 -76.68101701312858 -5.232987888629355 118.5
0 1 -73.35032675577483 -6.813161534464126 108.5
1 0 1.946678062405607 -42.66011004384863 -117.5
1 1 -1.2164872072452 -41.15643239823869 -108.0
7602
-------------------New----------------
0 0 50.404852076101086 -20.43166266573484 118.5
0 1 50.69292425371792 -22.1546014462635 108.5
1 0 57.239409023066436 -61.185471451569015 -117.5
1 1 56.96398484267964 -59.541136955038226 -108.0
7610
-------------------New----------------
0 0 -67.77521860574434 103.89126001025299 118.5
0 1 -69.40423722056462 104.35764460329344 108.5
1 0 -106.21668549849872 114.94106700825662 -117.5
1 1 -104.67028751310986 114.49386297611315 -108.0
7611
-------------------New----------------
0 0 -3.7646245947887578 -25.676915336895085 118.5
0 1 -1.7538584818479919 -23.78158651161261 108.5
1 0 39.30391710288303 18.20441116462559 -117.5
1 1 37.77511611505789 16.476871799279834 -108.0
7620
-------------------New----------------
0 0 -67.86525212411664 -25.476649836235897 118.5
0 1 -64.72960157705688 -22.79088171545489 108.5
1 0 6.124712330007998 37.90176667443613 -117.5
1 1 3.1494347134407557 35.34944760781355 -108.0
7624
-------------------New----------------
0 0 24.50133170250637 -36.089932344555294 118.5
0 1 19.214270784684004 -32.191650916473215 108.5
1 0 -100.33507473718207 55.75189264892892 -117.5
1 1 -95.30982079950624 52.037802974302984 -108.0
7649
-------------------New----------------
0 0 2.5946399598541126 -85.0123507067185 118.5
0 1 1.347918167820028 -86.64041657893772 108.5
1 0 -26.76627853638602 -123.44533500821224 -117.5
1 1 -25.58303706354547 -121.89612795953742 -108.0
7652
-------------------New----------------
0 0 -0.4144013425418233 -105.83256288161449 118.5
0 1 -5.634208024070139 -104.61292812679376 108.5
1 0 -123.47748584541316 -77.00615073686349 -117.5
1 1 -118.52619943284276 -78.16732081150008 -108.0
7660
-------------------New----------------
0 0 9.866071458551794 105.89821635670344 118.5
0 1 7.034241844415675 104.67708368046519 108.5
1 0 -56.96157659327205 77.02753266981375 -117.5
1 1 -54.27301672777264 78.18966217372011 -108.0
7661
-------------------New----------------
0 0 34.44152307984996 32.05066798898114 118.5
0 1 30.22427285347403 30.10358568681908 108.5
1 0 -64.87670674402408 -14.263340673333113 -117.5
1 1 -60.88701427752402 -12.381833881413089 -108.0
7664
-------------------New----------------
0 0 -66.51805895266311 13.36372298835747 118.5
0 1 -65.73304455701302 10.0852134914944 108.5
1 0 -47.992030288488024 -64.01349866005305 -117.5
1 1 -48.73775787382529 -60.897935357294976 -108.0
7668
-------------------New----------------
0 0 -32.32157124375225 -59.84221656675735 118.5
0 1 -34.083031876542506 -60.881234418442794 108.5
1 0 -73.9721376445207 -84.33973787036108 -117.5
1 1 -72.29795512578465 -83.35195279002411 -108.0
7669
-------------------New----------------
0 0 85.12054512306405 27.72271049819663 118.5
0 1 82.36238095049121 26.702006690196633 108.5
1 0 20.20676688904294 3.7965973858527713 -117.5
1 1 22.81405459541355 4.7513851486440375 -108.0
7670
-------------------New----------------
0 0 -13.884046734254895 -113.43571029398561 118.5
0 1 -15.687587158956395 -113.57275571956745 108.5
1 0 -56.438800776082886 -116.70442923000755 -117.5
1 1 -54.728393273487406 -116.57028138320015 -108.0
7684
-------------------New----------------
0 0 10.0054822072263 46.63645253291238 118.5
0 1 7.117036384352201 44.210099122744325 108.5
1 0 -58.15817702586943 -10.628987629128105 -117.5
1 1 -55.41407536523466 -8.324261773946535 -108.0
7689
-------------------New----------------
0 0 -26.716283618839118 -103.51110213948179 118.5
0 1 -22.85828102784813 -104.14104537340089 108.5
1 0 64.29939271165118 -118.4953754117249 -117.5
1 1 60.644498256776686 -117.87927908726542 -108.0
7691
-------------------New----------------
0 0 -24.209212867640474 -72.52606465782148 118.5
0 1 -23.444245464473084 -68.91190802492306 108.5
1 0 -6.215480138125019 12.763026667174273 -117.5
1 1 -6.938214994917461 9.325998995802856 -108.0
7698
-------------------New----------------
0 0 -79.78839257865413 -28.908391668115296 118.5
0 1 -81.81970880308356 -30.539469999236417 108.5
1 0 -127.69656106806072 -67.38822053178548 -117.5
1 1 -125.7685340518608 -65.83849425591079 -108.0
7711
-------------------New----------------
0 0 107.62350165808338 107.6941973106885 118.5
0 1 108.2953557405295 107.16739233176584 108.5
1 0 123.48996407255144 95.25486808332187 -117.5
1 1 122.85276599274152 95.7572777072925 -108.0
7716
-------------------New----------------
0 0 -72.63441213866969 39.70776009756646 118.5
0 1 -72.93399413539959 36.60084930483598 108.5
1 0 -79.78183981001098 -33.7802835543544 -117.5
1 1 -79.49563440880357 -30.812909056779137 -108.0
7717
-------------------New----------------
0 0 37.41104966610885 5.861800471289656 118.5
0 1 34.64825937326586 6.516964391718385 108.5
1 0 -27.73931604749264 21.32125632933904 -117.5
1 1 -25.11685607596919 20.697294943572768 -108.0
7720
-------------------New----------------
0 0 5.466574566902588 51.6997942440596 118.5
0 1 0.08001471877936588 47.98800280198908 108.5
1 0 -121.65558064067879 -35.89050159987785 -117.5
1 1 -116.53888962116976 -32.36538648076477 -108.0
7743
-------------------New----------------
0 0 42.669299153481965 -29.064262230468767 118.5
0 1 45.67799197827189 -23.212761504131553 108.5
1 0 113.71679137423567 109.05456864127788 -117.5
1 1 110.8601029967479 103.49017839858557 -108.0
7752
-------------------New----------------
0 0 12.882592116768645 40.99126143337374 118.5
0 1 16.0526145834078 35.4596366167766 108.5
1 0 87.71280553903084 -89.54717646190491 -117.5
1 1 84.70044432164094 -84.29378642019283 -108.0
7760
-------------------New----------------
0 0 3.7856374586591928 31.174370886971747 118.5
0 1 7.088175845068344 33.601210590780134 108.5
1 0 82.12229237174526 88.13754389454223 -117.5
1 1 78.97067196832941 85.86080434342145 -108.0
7763
-------------------New----------------
0 0 90.3506629914411 25.187582835028415 118.5
0 1 91.36328469504896 28.18009939678469 108.5
1 0 114.43255856591898 95.87342422182756 -117.5
1 1 113.4553137106811 93.02881478329928 -108.0
7765
-------------------New----------------
0 0 -118.43862885761128 -37.35455024088792 118.5
0 1 -117.76880538999782 -36.990962927092546 108.5
1 0 -102.58271999366502 -28.79761104521426 -117.5
1 1 -103.2229428892442 -29.139154192671384 -108.0
7768
-------------------New----------------
0 0 57.18032929941346 26.538882292166686 118.5
0 1 56.74558839492005 28.323247342746555 108.5
1 0 47.139801952655716 68.4903789789172 -117.5
1 1 47.532064512174586 66.80314610813697 -108.0
7770
-------------------New----------------
0 0 40.64892316440206 -40.64466899550701 118.5
0 1 40.36259726506566 -39.40051966537731 108.5
1 0 33.90355836073423 -11.33637395397572 -117.5
1 1 34.17449867092899 -12.51643082261683 -108.0
7774
-------------------New----------------
0 0 22.846369316781278 79.9339732120916 118.5
0 1 26.174382788379994 80.97886851900375 108.5
1 0 101.4498758762267 104.44237419630163 -117.5
1 1 98.28742071042454 103.45982104360674 -108.0
7777
-------------------New----------------
0 0 -38.876177377327025 -31.18937502295291 118.5
0 1 -41.391537627809015 -30.109292168587597 108.5
1 0 -98.23980964550312 -5.687258839155897 -117.5
1 1 -95.85025708108921 -6.7141396804387865 -108.0
7778
-------------------New----------------
0 0 40.84422482508175 18.291877094165603 118.5
0 1 41.5051551976065 13.470976282567609 108.5
1 0 56.55761382562431 -95.25137515171208 -117.5
1 1 55.91578588068289 -90.68291919572519 -108.0
7788
-------------------New----------------
0 0 3.1932059718586197 64.94491168103423 118.5
0 1 6.3876136370491015 61.8960314424793 108.5
1 0 78.6670832899741 -7.119764355915197 -117.5
1 1 75.63269884799912 -4.211970774573526 -108.0
7812
-------------------New----------------
0 0 -84.62223924918611 -73.0006231080512 118.5
0 1 -84.34264909339558 -73.36026417475446 108.5
1 0 -78.02361862997141 -81.51361249616824 -117.5
1 1 -78.28783067776959 -81.16986485461334 -108.0
7815
-------------------New----------------
0 0 -25.536057146475198 -90.70187475804093 118.5
0 1 -22.030548631542672 -88.62821842412163 108.5
1 0 57.1290521026483 -41.71149854856553 -117.5
1 1 53.80712438504544 -43.67976372478536 -108.0
7820
-------------------New----------------
0 0 -58.503504347501384 3.123914020381709 118.5
0 1 -57.32104310110988 2.865625729540613 108.5
1 0 -30.597682922218628 -2.9706692810155126 -117.5
1 1 -31.721190688552696 -2.7249290397896404 -108.0
7823
-------------------New----------------
0 0 46.6266204809266 -39.13936253868028 118.5
0 1 41.00947362723864 -37.30614823755606 108.5
1 0 -85.17628217720542 3.625985819379803 -117.5
1 1 -79.90196425942804 1.8971244689408606 -108.0
7835
-------------------New----------------
0 0 -33.917692311062524 -80.2884174553889 118.5
0 1 -31.180861354248833 -78.91250098141253 108.5
1 0 30.653526161760293 -47.77158040660343 -117.5
1 1 28.055621386528053 -49.083218644477896 -108.0
7841
-------------------New----------------
0 0 -23.845077313954672 -101.48511537133263 118.5
0 1 -26.76150321140388 -102.12544429643252 108.5
1 0 -92.76140495423036 -116.4396251528685 -117.5
1 1 -89.98952683122486 -115.83674806453041 -108.0
7843
-------------------New----------------
0 0 120.40505201020999 -46.85778077658641 118.5
0 1 122.99018706004782 -47.034225906658506 108.5
1 0 126.65258085560215 -71.22196485275124 -117.5
1 1 123.98957317182945 -68.48688465502423 -108.0
7849
-------------------New----------------
0 0 3.059913098690077 50.71384390594171 118.5
0 1 3.394782450412304 47.33102834572897 108.5
1 0 10.889361640693846 -29.093342155214742 -117.5
1 1 10.577674859208056 -25.881976026809003 -108.0
7854
-------------------New----------------
0 0 -37.35567942210644 62.25672018148623 118.5
0 1 -31.007231092810525 58.28159046943491 108.5
1 0 112.3919954021309 -31.66147648911209 -117.5
1 1 106.36688241448778 -27.876705508425125 -108.0
7860
-------------------New----------------
0 0 49.82285360003262 74.76121227198955 118.5
0 1 51.33234984669995 72.5295474245067 108.5
1 0 85.6134503377378 21.938948769289265 -117.5
1 1 84.16787110139097 24.06611333419022 -108.0
7867
-------------------New----------------
0 0 3.5772875644895015 45.642282808012496 118.5
0 1 6.357223085630156 43.92631738199542 108.5
1 0 69.1706802089698 5.156598386855484 -117.5
1 1 66.53023202753852 6.785648509717939 -108.0
7873
-------------------New----------------
0 0 -61.662063522310504 10.197538131914357 118.5
0 1 -63.956858399434374 13.63529158747873 108.5
1 0 -115.85873339382121 91.34491000484677 -117.5
1 1 -113.67817634627072 88.07850404748638 -108.0
7877
-------------------New----------------
0 0 -42.661759378090515 11.419467767501107 118.5
0 1 -39.98812905978382 9.548139390537404 108.5
1 0 20.45455560031909 -32.71574104181285 -117.5
1 1 17.913312088395685 -30.940066959469476 -108.0
7892
-------------------New----------------
0 0 -86.47350489829483 14.538832122178794 118.5
0 1 -88.21961115995092 12.22570472944431 108.5
1 0 -127.72069521607818 -40.03619899583042 -117.5
1 1 -126.07436031154745 -37.83859437199935 -108.0
7893
-------------------New----------------
0 0 60.13688694465725 -16.008316605413818 118.5
0 1 60.545445952063595 -13.579693671670046 108.5
1 0 69.80806502179325 41.328467322205015 -117.5
1 1 69.41683478108604 39.01858584501878 -108.0
7900
-------------------New----------------
0 0 56.14703912298063 -51.53383961674514 118.5
0 1 52.33717189676935 -50.77754726403391 108.5
1 0 -33.80826230908004 -33.67126314020644 -117.5
1 1 -30.187957740807498 -34.388640039500714 -108.0
7901
-------------------New----------------
0 0 -49.0403688059706 -16.85736325354503 118.5
0 1 -44.132948340404184 -18.295695743444764 108.5
1 0 66.78008255457749 -50.79989893351957 -117.5
1 1 62.11780891419473 -49.43379776993173 -108.0
7906
-------------------New----------------
0 0 -13.670063523398767 34.45544177394744 118.5
0 1 -11.183620191333805 36.32491810419307 108.5
1 0 45.30160442988368 78.86367185044313 -117.5
1 1 42.91929867830155 77.06767659986623 -108.0
7908
-------------------New----------------
0 0 -25.91246840517992 -25.200163209012672 118.5
0 1 -27.42717050045038 -21.39504897318503 108.5
1 0 -61.65550650133034 64.56735389809306 -117.5
1 1 -60.21586130634212 60.954489831731415 -108.0
7909
-------------------New----------------
0 0 29.773484207441452 -2.827637841118355 118.5
0 1 32.690694424883176 -3.046857116509682 108.5
1 0 98.508218444338 -7.882512060745933 -117.5
1 1 95.74690031105315 -7.686640043530256 -108.0
7911
-------------------New----------------
0 0 -7.957569488369356 -46.32383975720965 118.5
0 1 -4.478754791723143 -43.962892373939084 108.5
1 0 74.18903082904549 9.184737826401687 -117.5
1 1 70.89162901986475 6.95696080093604 -108.0
7920
-------------------New----------------
0 0 -0.9906211003152563 -84.30567668175604 118.5
0 1 4.3842724576590095 -85.92407798908245 108.5
1 0 125.72776555863008 -122.74197622911484 -117.5
1 1 120.64516809576776 -121.18189357691983 -108.0
7922
-------------------New----------------
0 0 -32.783518891500634 84.79706194845025 118.5
0 1 -33.16067793471643 82.27488075436085 108.5
1 0 -41.67963733181159 25.25178699804972 -117.5
1 1 -41.32259370151868 27.648200248716773 -108.0
7929
-------------------New----------------
0 0 75.87166923767344 -10.123988591263574 118.5
0 1 74.5405243645124 -8.14755676048664 108.5
1 0 44.5467824246961 36.42902417429771 -117.5
1 1 45.8098290757013 34.55901779740921 -108.0
7941
-------------------New----------------
0 0 60.95393624050879 -12.022895488557362 118.5
0 1 61.32209447606383 -8.396846835834255 108.5
1 0 69.3383540425101 73.3227167524458 -117.5
1 1 69.00843628414535 69.88936115639927 -108.0
7946
-------------------New----------------
0 0 -59.66860106158566 -47.86051346223577 118.5
0 1 -56.33340260386751 -43.27708402511432 108.5
1 0 19.04395020304467 60.32162571655503 -117.5
1 1 15.875296059618648 55.96652849602933 -108.0
7948
-------------------New----------------
0 0 -25.709894980799145 2.085414158554353 118.5
0 1 -19.86186018058871 1.072482400561485 108.5
1 0 112.26883341350565 -21.82702889385313 -117.5
1 1 106.7162473326568 -20.865692464711692 -108.0
7956
-------------------New----------------
0 0 60.38547206221854 -61.147278567392945 118.5
0 1 61.542938208406625 -61.24063224691499 108.5
1 0 87.6931437496967 -63.33714257356024 -117.5
1 1 86.59387554491705 -63.25036847090413 -108.0
7957
-------------------New----------------
0 0 -36.73065299254124 -82.34520026004814 118.5
0 1 -40.591861715468866 -83.1954895305274 108.5
1 0 -127.84258875223051 -102.38213769757493 -117.5
1 1 -124.17401926802597 -101.5774025733231 -108.0
7960
-------------------New----------------
0 0 46.537834245001825 -29.144216767133468 118.5
0 1 47.924349578982174 -26.750855707898967 108.5
1 0 79.2299488822859 27.35689602654626 -117.5
1 1 77.91818727987518 25.080872211758773 -108.0
7966
-------------------New----------------
0 0 40.17142550328878 54.33669211403382 118.5
0 1 39.91197549501349 52.665011077488295 108.5
1 0 34.00701554575505 14.896871789142093 -117.5
1 1 34.25510001940752 16.48507412216482 -108.0
7967
-------------------New----------------
0 0 -30.857897903515244 -95.78377638478291 118.5
0 1 -33.46197179930824 -94.21888557035231 108.5
1 0 -92.1534423202934 -58.94927661650702 -117.5
1 1 -89.69924288325896 -60.43736370165095 -108.0
7969
-------------------New----------------
0 0 10.802583369488913 -79.94294303346445 118.5
0 1 10.460871150934967 -78.3927426041779 108.5
1 0 2.75176037982196 -43.38099847041452 -117.5
1 1 3.0752030666294194 -44.85143810337883 -108.0
7975
-------------------New----------------
0 0 -5.759202075214441 -4.42596692757046 118.5
0 1 -4.107156885101128 -5.449294176121375 108.5
1 0 33.208465264687355 -28.594631630504807 -117.5
1 1 31.63945580242851 -27.621650808151863 -108.0
7978
-------------------New----------------
0 0 78.11427469465187 3.980536236710909 118.5
0 1 77.8476653847116 0.9235291767725329 108.5
1 0 71.93534307255216 -68.37645855147544 -117.5
1 1 72.18687161178693 -65.43859105488782 -108.0
7979
-------------------New----------------
0 0 -109.4885957683194 77.28969176295797 118.5
0 1 -109.779812347301 75.22404213964889 108.5
1 0 -116.34509041884637 28.54318074302372 -117.5
1 1 -116.06828883644383 30.504453462539516 -108.0
7983
-------------------New----------------
0 0 -21.71188164417116 -63.06036149351537 118.5
0 1 -19.707101956506904 -59.74453069465427 108.5
1 0 25.681548315172314 15.076894432696701 -117.5
1 1 23.7723035400778 11.934894357554114 -108.0
7987
-------------------New----------------
0 0 -17.946782429154354 -55.3483576601197 118.5
0 1 -20.519704586970118 -55.67424626264191 108.5
1 0 -78.84668201054907 -63.22282454330101 -117.5
1 1 -76.39122581910738 -62.904342344497955 -108.0
7989
-------------------New----------------
0 0 30.87365666823546 -89.67319725276005 118.5
0 1 28.48845571888115 -89.1920161145218 108.5
1 0 -25.38902993430786 -78.33801949382797 -117.5
1 1 -23.1254563098096 -78.79315737657316 -108.0
7990
-------------------New----------------
0 0 5.546235419452612 -63.553617011916195 118.5
0 1 5.46593995681628 -64.50660631318624 108.5
1 0 3.5447748753645705 -86.12951042313514 -117.5
1 1 3.631184227528061 -85.21421789703466 -108.0
7993
-------------------New----------------
0 0 41.62657299852718 -6.392398058186437 118.5
0 1 41.687417840797636 -10.198580430100323 108.5
1 0 43.0612632677792 -96.2335619750891 -117.5
1 1 43.00346856739013 -92.61643649072654 -108.0
8002
-------------------New----------------
0 0 -86.02905764496167 8.936182303657617 118.5
0 1 -87.67918182180202 5.171837894536396 108.5
1 0 -125.1648683834887 -80.07566329977179 -117.5
1 1 -123.5842898717236 -76.48545527702154 -108.0
8006
-------------------New----------------
0 0 35.2669675174317 39.49415383931577 118.5
0 1 36.088831538876505 42.88004137593862 108.5
1 0 54.68467111788739 119.36537129879324 -117.5
1 1 53.901483892622615 116.15055397599644 -108.0
8022
-------------------New----------------
0 0 20.292517398749272 13.341021117963683 118.5
0 1 22.571208316473776 10.217939666071118 108.5
1 0 74.07363184644758 -60.27553334214876 -117.5
1 1 71.91099202944538 -57.30967623490129 -108.0
8026
-------------------New----------------
0 0 85.0764134590259 -60.42519751081494 118.5
0 1 85.28586069333005 -57.055430941534155 108.5
1 0 90.1628988943452 19.145363175195225 -117.5
1 1 89.9628448908887 15.941413491134204 -108.0
8032
-------------------New----------------
0 0 56.247903624447346 3.8521106243247436 118.5
0 1 55.364324598011976 6.4014772964699915 108.5
1 0 35.534688993669846 63.96518617513093 -117.5
1 1 36.37180597307552 61.54166521030552 -108.0
8040
-------------------New----------------
0 0 -12.774179793813982 -18.985373898260928 118.5
0 1 -10.357101411785948 -16.225178755968585 108.5
1 0 44.3469151947855 46.20481561926057 -117.5
1 1 42.05051456980578 43.57930687101545 -108.0
8055
-------------------New----------------
0 0 -27.051952332612018 122.27970003363653 118.5
0 1 -23.96262834992335 121.87423913278826 108.5
1 0 45.88592966255314 112.68840738096881 -117.5
1 1 42.949691175176746 113.07508588345658 -108.0
8071
-------------------New----------------
0 0 17.464746747567 39.20372953168811 118.5
0 1 21.882606043759786 38.31138013280748 108.5
1 0 121.74646261580486 18.18047791016003 -117.5
1 1 117.54598886794702 19.02644766438106 -108.0
8073
-------------------New----------------
0 0 -2.399630141188248 27.28664486390835 118.5
0 1 -0.1481361047060179 23.51920175962469 108.5
1 0 50.78791331663645 -61.51567327800755 -117.5
1 1 48.65088723678341 -57.94260976884137 -108.0
8077
-------------------New----------------
0 0 -23.46767780293808 13.374632919221824 118.5
0 1 -27.54923296926459 18.070442946031157 108.5
1 0 -119.92557025425135 124.07442963436601 -117.5
1 1 -116.04020011924531 119.62486653455929 -108.0
8081
-------------------New----------------
0 0 78.50577954968035 -47.4428852918482 118.5
0 1 77.02893440469862 -45.27557832033888 108.5
1 0 43.586151837997264 3.7453018871438686 -117.5
1 1 44.991515709877746 1.6859682733530044 -108.0
8083
-------------------New----------------
0 0 42.85588194284702 63.78952399213855 118.5
0 1 45.019093194520735 65.95844971636282 108.5
1 0 93.89761409248848 114.95461302322056 -117.5
1 1 91.84310109242793 112.89677695628802 -108.0
8114
-------------------New----------------
0 0 92.24047420396437 7.808193729863883 118.5
0 1 92.04166964469061 6.395999061881245 108.5
1 0 87.61333748364497 -25.45393709304178 -117.5
1 1 87.80043945979699 -24.113674873286968 -108.0
8119
-------------------New----------------
0 0 -102.53949467796403 93.30004339945957 118.5
0 1 -101.03000408036678 93.9910253336225 108.5
1 0 -66.90336761153459 109.63290613159681 -117.5
1 1 -68.33795409125665 108.97404496574806 -108.0
8120
-------------------New----------------
0 0 -95.55574465157305 -7.161447113020384 118.5
0 1 -95.44899684970865 -9.00815553125825 108.5
1 0 -92.99910585925952 -51.42735684267369 -117.5
1 1 -93.12752482466651 -49.6039509009439 -108.0
8128
-------------------New----------------
0 0 60.74739103067151 70.80613367903361 118.5
0 1 59.11187375116475 71.21163257874053 108.5
1 0 22.13064996513043 80.34734352300333 -117.5
1 1 23.686424875379608 79.96456469513706 -108.0
8139
-------------------New----------------
0 0 -42.32727407355337 66.41157310898811 118.5
0 1 -39.70384967391372 64.98487439986961 108.5
1 0 19.58971143954105 32.76663590494879 -117.5
1 1 17.09606305928494 34.11794103905348 -108.0
8157
-------------------New----------------
0 0 30.655510234500788 15.670997072984742 118.5
0 1 30.289490725116462 12.711935571553383 108.5
1 0 22.0440644710175 -54.18786319390762 -117.5
1 1 22.39090191342705 -51.37554232096053 -108.0
8158
-------------------New----------------
0 0 -21.195165679500928 -102.75438537155898 118.5
0 1 -21.97989694254475 -103.12413870528799 108.5
1 0 -39.72784080192805 -111.4782510846189 -117.5
1 1 -38.98194375823779 -111.13015427528826 -108.0
8159
-------------------New----------------
0 0 46.98633735487202 -16.638905330474707 118.5
0 1 47.739015145052605 -11.741305859182045 108.5
1 0 64.78915253350445 98.96606390404332 -117.5
1 1 64.06966501114746 94.31124859291165 -108.0
8160
-------------------New----------------
0 0 65.65666745208347 -69.10314970483508 118.5
0 1 66.66482768780737 -66.20032442529069 108.5
1 0 89.48971106968501 -0.5146549875406841 -117.5
1 1 88.52954150048568 -3.277668879246524 -108.0
8161
-------------------New----------------
0 0 -101.7259089721682 22.02434338752473 118.5
0 1 -101.21913236612775 24.232297181881925 108.5
1 0 -89.78268797096314 74.13041158498405 -117.5
1 1 -90.26254896251467 72.03263830493081 -108.0
8162
-------------------New----------------
0 0 -47.449525354905624 57.29813934153909 118.5
0 1 -42.54514907287165 57.848234386669766 108.5
1 0 68.0641224739882 70.24336743209838 -117.5
1 1 63.420045262990456 69.72243891425987 -108.0
8177
-------------------New----------------
0 0 39.82325615295183 -40.95292473310681 118.5
0 1 36.68948927269786 -44.038976225584825 108.5
1 0 -34.115025846600744 -113.73829534592414 -117.5
1 1 -31.137601611425303 -110.80363615800266 -108.0
8178
-------------------New----------------
0 0 -76.09616156682452 4.899622714548532 118.5
0 1 -77.05297239155895 1.6810069107881567 108.5
1 0 -98.67694768040242 -71.04578562516271 -117.5
1 1 -97.76873218428008 -67.98927460959445 -108.0
8186
-------------------New----------------
0 0 43.07258820388025 66.4392224893944 118.5
0 1 40.27445744384483 66.76563971237246 108.5
1 0 -22.777413706151847 74.15498088789785 -117.5
1 1 -20.137183957722943 73.84739032249706 -108.0
8190
-------------------New----------------
0 0 -46.8168107530924 31.25734233786381 118.5
0 1 -49.00944491805015 28.661045790196436 108.5
1 0 -98.5631814450006 -30.01851268792806 -117.5
1 1 -96.47973699243722 -27.551633674086947 -108.0
8198
-------------------New----------------
0 0 -67.40599275595432 31.149366640523063 118.5
0 1 -66.09855008524917 32.60564707921368 108.5
1 0 -36.576049020651475 65.4485784252713 -117.5
1 1 -37.81578477952722 64.06988550939107 -108.0
8199
-------------------New----------------
0 0 100.35689178870192 67.78051450525899 118.5
0 1 99.45570568739504 65.00094284355917 108.5
1 0 79.07437972104701 2.179905118814541 -117.5
1 1 79.93068817740883 4.820429312893678 -108.0
8210
-------------------New----------------
0 0 6.173988131226039 15.637951553009156 118.5
0 1 8.550277225049596 15.286433567254823 108.5
1 0 62.52012984278574 7.4204922922201915 -117.5
1 1 60.26344898104812 7.755665440513259 -108.0
8213
-------------------New----------------
0 0 26.411878221309415 -40.249466778639395 118.5
0 1 30.502371683600607 -43.19227963616329 108.5
1 0 122.76611874453451 -110.13698142176004 -117.5
1 1 118.89343265763667 -107.32144436005169 -108.0
8217
-------------------New----------------
0 0 7.483903623839777 -60.78581619516929 118.5
0 1 7.1241599125707 -65.90487106491852 108.5
1 0 36.296056642054 -82.59595486300468 -117.5
1 1 34.63523943842907 -80.13003254785481 -108.0
8226
-------------------New----------------
0 0 48.91872216209894 -36.01080867496018 118.5
0 1 50.50532369593709 -38.68125230671178 108.5
1 0 86.30516799901636 -99.15249628672933 -117.5
1 1 84.8024758281054 -96.60985226778602 -108.0
8230
-------------------New----------------
0 0 105.35944587801426 -43.10750810326703 118.5
0 1 104.07516804501279 -41.06816679118721 108.5
1 0 75.07521857995707 5.110922239550969 -117.5
1 1 76.29603906028373 3.1719961843371087 -108.0
8233
-------------------New----------------
0 0 -66.12652256576922 15.0264905501897 118.5
0 1 -61.84245464367477 16.590485513687433 108.5
1 0 34.95848855124599 51.94197330566708 -117.5
1 1 30.88927738453996 50.455642832110385 -108.0
8236
-------------------New----------------
0 0 -40.78479199732198 -61.58105906333657 118.5
0 1 -34.624853825118684 -57.315373914245086 108.5
1 0 104.5925021903799 39.105634491929905 -117.5
1 1 98.73996837766708 35.05278181296738 -108.0
8239
-------------------New----------------
0 0 1.5496345513331804 -37.88207829837709 118.5
0 1 0.6184045671724234 -35.21828663817163 108.5
1 0 -20.41225870385581 24.979996931089804 -117.5
1 1 -19.52848673034042 22.449428496261852 -108.0
8240
-------------------New----------------
0 0 39.24410550239744 47.76149313050061 118.5
0 1 35.164901735972244 48.26328095340678 108.5
1 0 -57.13299052765333 59.57163557150981 -117.5
1 1 -53.253733223727565 59.09071875762991 -108.0
8247
-------------------New----------------
0 0 -0.4533521410666258 -24.875919324414294 118.5
0 1 -0.5044759767430387 -26.432667258901166 108.5
1 0 -1.694485192839646 -61.62506186395814 -117.5
1 1 -1.6409566094911656 -60.14672100922653 -108.0
8251
-------------------New----------------
0 0 -104.89199271209574 -15.077158374094457 118.5
0 1 -105.37988755506444 -12.845251436785563 108.5
1 0 -116.41683912281091 37.5736306162514 -117.5
1 1 -115.95082196718292 35.45448185748421 -108.0
8254
-------------------New----------------
0 0 16.437812054354765 -71.7105117571323 118.5
0 1 13.953974987923 -74.07023030161857 108.5
1 0 -42.182447542243224 -127.42914973518188 -117.5
1 1 -39.821035210670125 -125.1844132942617 -108.0
8257
-------------------New----------------
0 0 -23.780195211281274 103.43419711587872 118.5
0 1 -22.532510738848433 103.65411516732402 108.5
1 0 5.796556969054526 108.47675117318902 -117.5
1 1 4.601830665041165 108.2792705353869 -108.0
8273
-------------------New----------------
0 0 -3.194292758363325 -16.56044651122197 118.5
0 1 -3.0206127668298857 -13.618059592982794 108.5
1 0 0.9535825256702081 52.86341460325465 -117.5
1 1 0.7836736999647016 50.06989980221601 -108.0
8281
-------------------New----------------
0 0 6.4512527544905724 -93.52968794735973 118.5
0 1 8.654792481246698 -94.68658583948768 108.5
1 0 58.7259346404614 -120.82287315622975 -117.5
1 1 56.615307785676485 -119.72414790996486 -108.0
8283
-------------------New----------------
0 0 32.38538614616701 57.06114307705077 118.5
0 1 34.91794907265784 58.51614392165122 108.5
1 0 92.2031135961675 91.28373924200163 -117.5
1 1 89.79318209739465 89.90791100012066 -108.0
8287
-------------------New----------------
0 0 65.91707519685693 -35.25081650372865 118.5
0 1 66.45906928866223 -36.12309296018476 108.5
1 0 78.68478568933844 -55.90331192725249 -117.5
1 1 78.17136793007452 -55.07029908733809 -108.0
8301
-------------------New----------------
0 0 -32.18136366492234 71.80321168151121 118.5
0 1 -31.898645625286992 73.21473408515394 108.5
1 0 -25.45327097830306 105.19805238282929 -117.5
1 1 -25.729195788573442 103.85149521016486 -108.0
8305
-------------------New----------------
0 0 -4.45177280119117 -6.861952487859964 118.5
0 1 -5.761787801170732 -7.962102660773854 108.5
1 0 -35.39095488444173 -32.84135908672057 -117.5
1 1 -34.145899722837385 -31.79478928904273 -108.0
8310
-------------------New----------------
0 0 51.996861058107925 69.37806888022062 118.5
0 1 52.71195159302022 69.70542550889202 108.5
1 0 69.07098359745211 76.97234124837107 -117.5
1 1 68.38410141873722 76.6692299396287 -108.0
8315
-------------------New----------------
0 0 -90.01603289019315 46.8767918902867 118.5
0 1 -90.1050482096786 45.96181061876914 108.5
1 0 -92.08434627676405 25.29132482726615 -117.5
1 1 -92.00032417205287 26.16136273697212 -108.0
8332
-------------------New----------------
0 0 13.043611457255333 34.54942521554781 118.5
0 1 17.628470487742618 36.86352546732863 108.5
1 0 121.18271165138302 89.26126386653041 -117.5
1 1 116.83359852246629 87.05883335459907 -108.0
8339
-------------------New----------------
0 0 -0.14795647270004927 13.143675534931308 118.5
0 1 -0.4615881158380756 15.856061022882136 108.5
1 0 -7.540240016489898 77.17760385582869 -117.5
1 1 -7.243723149414686 74.59915629100115 -108.0
8340
-------------------New----------------
0 0 -112.90367184125907 55.00767602732698 118.5
0 1 -112.05135696192994 53.303916370234674 108.5
1 0 -92.62942504807148 14.692618711151983 -117.5
1 1 -93.44928032759404 16.31217129868235 -108.0
8358
-------------------New----------------
0 0 71.11400833786591 104.71935691255958 118.5
0 1 71.9455968776347 103.64689672235701 108.5
1 0 90.71738584997021 79.43502155139555 -117.5
1 1 89.92979598470585 80.45213592364317 -108.0
8375
-------------------New----------------
0 0 -26.354033742256405 -73.16118825672518 118.5
0 1 -23.66653024040506 -74.56684412828784 108.5
1 0 37.02973521522004 -105.80722434628012 -117.5
1 1 34.47311675259395 -104.49878073434391 -108.0
8392
-------------------New----------------
0 0 -44.972468619809874 44.38479473592858 118.5
0 1 -44.06434184356925 39.13433343735436 108.5
1 0 -23.497120037479675 -79.51272416562367 -117.5
1 1 -24.363068799842047 -74.52566986379745 -108.0
8396
-------------------New----------------
0 0 41.1697761294278 -16.763907019502476 118.5
0 1 44.349837616281164 -11.01800437584603 108.5
1 0 116.22013313958173 118.84913881649621 -117.5
1 1 113.19728048300053 113.390568254059 -108.0
8400
-------------------New----------------
0 0 67.62011209992612 75.10534740827688 118.5
0 1 69.45420694809422 76.47298289170001 108.5
1 0 110.9780568806392 107.38491033626426 -117.5
1 1 109.23115094629952 106.08053120314239 -108.0
8416
-------------------New----------------
0 0 15.459974958167802 24.795504463625054 118.5
0 1 16.110851847552418 22.5723005331949 108.5
1 0 30.81537214123233 -27.651645423900078 -117.5
1 1 30.197191412244287 -25.53956430627507 -108.0
8420
-------------------New----------------
0 0 43.755371680695184 -41.55209550803066 118.5
0 1 43.35214455948997 -41.491296584887195 108.5
1 0 34.22759631291838 -40.12272696290013 -117.5
1 1 34.61077795419207 -40.179255698072055 -108.0
8422
-------------------New----------------
0 0 -72.81830103279198 86.29208983149816 118.5
0 1 -72.1030853784073 87.82310172943644 108.5
1 0 -56.00432863332058 122.48686824062622 -117.5
1 1 -56.68015600684724 121.02998985192308 -108.0
8425
-------------------New----------------
0 0 -9.880093224957486 -112.51213844506643 118.5
0 1 -13.563809405546678 -112.65980905203227 108.5
1 0 -96.79830595926036 -115.75444088503318 -117.5
1 1 -93.30327449243974 -115.62869236658028 -108.0
8427
-------------------New----------------
0 0 10.7326720653213 -79.21558327695645 118.5
0 1 8.599181422149774 -80.42924077645411 108.5
1 0 -39.53643644171262 -107.85106117133714 -117.5
1 1 -37.51756762795785 -106.69866612149353 -108.0
8428
-------------------New----------------
0 0 -0.3989106666676275 -7.462159510086562 118.5
0 1 -1.4996341284925745 -9.415732379333994 108.5
1 0 -26.439263162438095 -53.25362587879952 -117.5
1 1 -25.380961881604115 -51.406222897682824 -108.0
8444
-------------------New----------------
0 0 80.72601752972808 -60.721012257627365 118.5
0 1 79.03860764231875 -58.82494797764561 108.5
1 0 41.08094112417393 -15.80286875036359 -117.5
1 1 42.67625722314271 -17.614821938512716 -108.0
8454
-------------------New----------------
0 0 67.4420089759498 -7.960744670973841 118.5
0 1 65.40607389370295 -4.584151440647465 108.5
1 0 19.39505913942833 71.6982109033906 -117.5
1 1 21.32856144457597 68.49120074622087 -108.0
8460
-------------------New----------------
0 0 24.729547449927473 107.21830956950399 118.5
0 1 27.726702153530653 106.61812568776168 108.5
1 0 95.46073275537245 93.05515921168339 -117.5
1 1 92.61295135602026 93.62499711405687 -108.0
8474
-------------------New----------------
0 0 -45.12607482708587 74.89823943734926 118.5
0 1 -40.89808670961435 73.5594386572834 108.5
1 0 54.96910065489387 43.14798237243356 -117.5
1 1 50.92371370676356 44.44067079851058 -108.0
8478
-------------------New----------------
0 0 23.267961372487825 -80.19963675730483 118.5
0 1 26.257740395853197 -80.62042620290308 108.5
1 0 94.34372271662316 -91.34252882308631 -117.5
1 1 91.48430544253827 -90.86253658762777 -108.0
8479
-------------------New----------------
0 0 6.313705393417235 -7.468693575541714 118.5
0 1 5.058996165080691 -9.353669502829742 108.5
1 0 -23.07399688226372 -52.144298313537355 -117.5
1 1 -21.899668078850258 -50.3479400240007 -108.0
8482
-------------------New----------------
0 0 56.79476843335906 -35.88821073565547 118.5
0 1 55.48101684754332 -36.27174215603371 108.5
1 0 25.796419649284633 -44.94066146526471 -117.5
1 1 27.04422778391708 -44.57628740293434 -108.0
8487
-------------------New----------------
0 0 23.24939835559369 -51.853296811890985 118.5
0 1 24.658688659113842 -47.102947695083465 108.5
1 0 56.98245017134451 60.45187381859294 -117.5
1 1 55.627446217189075 55.96582719559613 -108.0
8491
-------------------New----------------
0 0 24.755186080773733 -34.379360129682325 118.5
0 1 23.788206364541605 -34.143623908704804 108.5
1 0 1.9403747693096265 -28.877941845767037 -117.5
1 1 2.8629148970528093 -29.09738712213366 -108.0
8494
-------------------New----------------
0 0 65.43164395031366 31.76157002693669 118.5
0 1 62.79865594589607 32.799856962707 108.5
1 0 3.297363986350141 56.25674524422868 -117.5
1 1 5.798636837582762 55.27102326192022 -108.0
8501
-------------------New----------------
0 0 -19.33037156925187 16.946015299130785 118.5
0 1 -18.018641768448596 19.00284615695923 108.5
1 0 11.652560462023656 65.49764439976295 -117.5
1 1 10.403070979679972 63.54192312335822 -108.0
8510
-------------------New----------------
0 0 -2.1497632059456144 73.35680409664175 118.5
0 1 2.479845729696024 73.80595923280143 108.5
1 0 107.2940936713995 83.90280460812481 -117.5
1 1 102.88979729653894 83.48251360656535 -108.0
8525
-------------------New----------------
0 0 -72.53708692346449 52.64151007484004 118.5
0 1 -72.08665622764903 49.95410998759269 108.5
1 0 -61.8723046450167 -10.754825555659957 -117.5
1 1 -62.30326619212057 -8.202283075552696 -108.0
8528
-------------------New----------------
0 0 1.0178380430088194 -97.98495707542966 118.5
0 1 3.6119792003522404 -96.92412237215362 108.5
1 0 62.22690116030627 -73.15441459988628 -117.5
1 1 59.76630980007294 -74.14843915338125 -108.0
8529
-------------------New----------------
0 0 -13.387954075405535 -72.28626753621994 118.5
0 1 -8.486755047586318 -69.8938405120952 108.5
1 0 102.2539183890321 -15.819845215544698 -117.5
1 1 97.59960622256122 -18.09326241540351 -108.0
8541
-------------------New----------------
0 0 50.10604523425048 -43.79254018868207 118.5
0 1 45.136016717275396 -44.903673709884636 108.5
1 0 -67.23272118723503 -70.12527855856706 -117.5
1 1 -62.51566618052179 -69.07261242859673 -108.0
8546
-------------------New----------------
0 0 105.65202897718889 47.60355090444781 118.5
0 1 104.51699793677626 49.112628620505134 108.5
1 0 78.88357634713549 83.17842948577817 -117.5
1 1 79.96151821375742 81.74717604838098 -108.0
8547
-------------------New----------------
0 0 -25.70488574793497 51.7256454709375 118.5
0 1 -28.90053905656662 51.902998449952534 108.5
1 0 -101.12410925720746 55.90759549303935 -117.5
1 1 -98.08845325026358 55.73930202566292 -108.0
8551
-------------------New----------------
0 0 -18.83348553106285 -98.21295547681565 118.5
0 1 -22.56132943780661 -98.79486326885646 108.5
1 0 -106.85470165085545 -111.87319611280718 -117.5
1 1 -103.31131168761935 -111.3250675511986 -108.0
8552
-------------------New----------------
0 0 86.44634729779882 32.14853569273593 118.5
0 1 87.21406783803606 33.15185356690772 108.5
1 0 104.66182561261687 55.853901263616365 -117.5
1 1 103.926691251294 54.899523835856165 -108.0
8553
-------------------New----------------
0 0 -54.04273639518648 63.49355479693378 118.5
0 1 -52.96556172887098 64.79702485386846 108.5
1 0 -28.65351364864667 94.2887560674844 -117.5
1 1 -29.67328835050252 93.04825775663038 -108.0
8554
-------------------New----------------
0 0 38.54955301029309 -90.26150059527285 118.5
0 1 38.762853968378366 -91.26132062377908 108.5
1 0 43.55110596855198 -113.85417467060654 -117.5
1 1 43.35067054153903 -112.90440932019688 -108.0
8558
-------------------New----------------
0 0 -27.183136724113417 32.68387935150034 118.5
0 1 -20.62315958489097 36.20976808409598 108.5
1 0 127.7484496650316 115.85546323725706 -117.5
1 1 121.5018089429866 112.50417946161119 -108.0
8580
-------------------New----------------
0 0 -26.917734275237798 -55.38282670813442 118.5
0 1 -24.81341474681224 -57.518182852949714 108.5
1 0 22.754894346372442 -105.79155620522106 -117.5
1 1 20.754966200077877 -103.76200136184082 -108.0
8581
-------------------New----------------
0 0 -31.053700353422 -23.13710265035919 118.5
0 1 -29.534629112429332 -23.795824532542092 108.5
1 0 4.818227127143213 -38.66719808958093 -117.5
1 1 3.372233181900235 -38.040954187419594 -108.0
8583
-------------------New----------------
0 0 85.82463345978235 -73.018406952536 118.5
0 1 86.98415069876587 -71.16676020562305 108.5
1 0 113.18811807918226 -29.29677240861067 -117.5
1 1 112.08694334981806 -31.05717446087552 -108.0
8584
-------------------New----------------
0 0 -52.783861505336496 -7.926626295630119 118.5
0 1 -49.27331333990966 -9.510802459488811 108.5
1 0 30.242730099275576 -46.131401221265634 -117.5
1 1 26.84435049336536 -44.59009394249512 -108.0
8593
-------------------New----------------
0 0 -90.95362861954433 -44.18879477159764 118.5
0 1 -91.30027865747302 -47.1952502783985 108.5
1 0 -99.13165745131438 -115.14411677043529 -117.5
1 1 -98.80276381483867 -112.28769444355825 -108.0
8598
-------------------New----------------
0 0 -13.388768194976908 18.150434395055882 118.5
0 1 -13.354772894668534 18.030180782423795 108.5
1 0 -12.547892304162312 15.266578940986903 -117.5
1 1 -12.582461507097932 15.38380533036312 -108.0
8610
-------------------New----------------
0 0 61.77371970234471 67.2669192499399 118.5
0 1 63.24555054547831 65.69445870928868 108.5
1 0 96.50439103287547 30.19302661165684 -117.5
1 1 95.10733467883325 31.684407354141012 -108.0
8622
-------------------New----------------
0 0 8.844417875144995 83.35495458340561 118.5
0 1 9.628076639676966 81.32501749794625 108.5
1 0 27.336370549835586 35.44662427521712 -117.5
1 1 26.59166512631557 37.37509163765499 -108.0
8624
-------------------New----------------
0 0 -69.2229830192584 -10.218611050934186 118.5
0 1 -66.38025950224956 -11.48425440039998 108.5
1 0 -3.2475073079555203 -39.8437362968168 -117.5
1 1 -5.830678644291476 -38.64581450314576 -108.0
8628
-------------------New----------------
0 0 -48.36383872686988 43.077564233392124 118.5
0 1 -43.44374301802924 46.62874265258961 108.5
1 0 67.75534618068774 126.89397910950609 -117.5
1 1 63.080679044463565 123.51987660990616 -108.0
8631
-------------------New----------------
0 0 31.090085255499492 36.21637314075537 118.5
0 1 26.655637956267032 37.46170176512133 108.5
1 0 -73.56891566231637 65.6076560159147 -117.5
1 1 -69.35615793189 64.42370675823723 -108.0
8635
-------------------New----------------
0 0 73.62049704089962 -3.7956104992677213 118.5
0 1 75.21557865378426 -8.826699664627752 108.5
1 0 111.29197191761818 -122.55298395868303 -117.5
1 1 109.77548356477419 -117.77304118884301 -108.0
8642
-------------------New----------------
0 0 -105.14899804642053 64.92035003517275 118.5
0 1 -105.84675633037459 62.78876551682373 108.5
1 0 -121.60635452358311 14.644077305773763 -117.5
1 1 -120.94528179930485 16.668718865235 -108.0
8653
-------------------New----------------
0 0 91.0351607844607 33.25586930492833 118.5
0 1 90.66633045489468 31.004582563330807 108.5
1 0 82.28033292329901 -19.7966021656161 -117.5
1 1 82.63130382313483 -17.662946851724744 -108.0
8659
-------------------New----------------
0 0 -58.85593028352116 -22.721744708129428 118.5
0 1 -57.33244516283501 -22.53008891391073 108.5
1 0 -22.896216544483675 -18.202004701714664 -117.5
1 1 -24.343230964552088 -18.384297486085266 -108.0
8662
-------------------New----------------
0 0 -24.0751666461528 95.09194812167905 118.5
0 1 -20.80310721090041 95.03556567515193 108.5
1 0 53.20309466446143 93.71938437774622 -117.5
1 1 50.090743901243656 93.77467641492447 -108.0
8667
-------------------New----------------
0 0 49.912921593559886 -32.422579808444844 118.5
0 1 49.61522919907223 -25.86964168364748 108.5
1 0 43.067348439723425 122.20682581948203 -117.5
1 1 43.329661178911934 115.978411802941 -108.0
8670
-------------------New----------------
0 0 58.36312388844086 -86.12310026896884 118.5
0 1 55.65151678465473 -86.68179655609352 108.5
1 0 -5.644095856253247 -99.30060185859638 -117.5
1 1 -3.0664371863561737 -98.77161189847678 -108.0
8671
-------------------New----------------
0 0 46.758760900745635 68.59925789878638 118.5
0 1 42.16685972415938 68.17905276921253 108.5
1 0 -61.43985482021418 58.66394515068081 -117.5
1 1 -57.08480755205369 59.071641174058165 -108.0
8677
-------------------New----------------
0 0 37.856726262030925 22.0070807941376 118.5
0 1 40.66037639479956 20.622301056677774 108.5
1 0 104.02225884055163 -10.674472462455066 -117.5
1 1 101.35882060753349 -9.358927692235428 -108.0
8680
-------------------New----------------
0 0 -7.038784677368025 -25.263427916388586 118.5
0 1 -3.449228910004996 -23.23307848798029 108.5
1 0 77.56122992955389 22.466335532833472 -117.5
1 1 74.15883197867369 20.547934022934562 -108.0
8696
-------------------New----------------
0 0 -17.69986571754341 -55.15006105074993 118.5
0 1 -12.368785703980304 -57.89221612334101 108.5
1 0 108.0290715551015 -119.75387176262821 -117.5
1 1 102.9737111622309 -117.15116725122898 -108.0
8699
-------------------New----------------
0 0 87.45334119760531 -92.86304670938104 118.5
0 1 86.01248941194798 -93.11325375854709 108.5
1 0 53.445157632094755 -98.77790984681681 -117.5
1 1 54.814125582674684 -98.53985372749946 -108.0
8703
-------------------New----------------
0 0 -76.23019352029726 12.607869284332583 118.5
0 1 -78.05165685023304 9.199806585476383 108.5
1 0 -118.94441950999348 -67.93380189725362 -117.5
1 1 -117.23170390634668 -64.69534897472192 -108.0
8704
-------------------New----------------
0 0 21.178283638229672 29.964751542226843 118.5
0 1 24.658910320981725 30.429829741679708 108.5
1 0 103.33189078777215 40.950989359193 -117.5
1 1 100.02493812510396 40.509557600064774 -108.0
8726
-------------------New----------------
0 0 -69.36981943130557 -59.79832516303943 118.5
0 1 -68.50646684940713 -57.16564370268001 108.5
1 0 -48.88757631340236 2.4015122898678936 -117.5
1 1 -49.71398381870893 -0.10060464699950274 -108.0
8729
-------------------New----------------
0 0 27.102335560803635 3.1823038081143915 118.5
0 1 22.51805672327894 5.089086022802467 108.5
1 0 -81.05272738504834 48.10444999968377 -117.5
1 1 -76.69694298900598 46.298630215244636 -108.0
8731
-------------------New----------------
0 0 -30.88374258818924 98.6534308645762 118.5
0 1 -26.049274705345766 99.33462920342058 108.5
1 0 83.18679278273352 114.69391466176708 -117.5
1 1 78.5959642950785 114.04719590307238 -108.0
8733
-------------------New----------------
0 0 99.74297143860412 35.42443437561948 118.5
0 1 98.64515599288784 34.64259150296423 108.5
1 0 73.81184683308366 16.919616781130223 -117.5
1 1 74.85720239308472 17.664917867100762 -108.0
8743
-------------------New----------------
0 0 85.60027685901098 -12.359093738724448 118.5
0 1 86.92138907348833 -9.854174236411772 108.5
1 0 116.75107690832715 46.663745710409486 -117.5
1 1 115.4993418550027 44.29046972059252 -108.0
8751
-------------------New----------------
0 0 65.94853476377186 -25.886678231398417 118.5
0 1 67.53846757700487 -26.530369790302153 108.5
1 0 103.46757466261609 -41.04833011339198 -117.5
1 1 101.95584898142255 -40.43934497085812 -108.0
8752
-------------------New----------------
0 0 34.04967592733509 -6.636744871580129 118.5
0 1 36.535175268445386 -6.087266592496722 108.5
1 0 92.24359466970307 6.708317411228505 -117.5
1 1 89.94644516499253 6.103983874448717 -108.0
8755
-------------------New----------------
0 0 -49.71420971955415 14.37793590747487 118.5
0 1 -51.93304621630931 18.61979729380089 108.5
1 0 -102.0742869685158 114.50098674912715 -117.5
1 1 -99.96554754942025 110.4707066716112 -108.0
8756
-------------------New----------------
0 0 11.807217049427127 14.207643048253596 118.5
0 1 8.500976895035333 17.961210274523612 108.5
1 0 -66.20104899980477 102.75938647615608 -117.5
1 1 -63.061504406063726 99.19538392045794 -108.0
8760
-------------------New----------------
0 0 -44.77886663821776 -11.69466327129665 118.5
0 1 -42.74362317791364 -14.175363548988548 108.5
1 0 3.20810399248236 -70.16554632321971 -117.5
1 1 1.2843078853039 -67.8157150030406 -108.0
8762
-------------------New----------------
0 0 -60.43541034452414 -61.07515865409251 118.5
0 1 -57.3613945049713 -61.90423941283042 108.5
1 0 12.490501998803024 -80.38487533638188 -117.5
1 1 9.545622541979188 -79.60061537732538 -108.0
8764
-------------------New----------------
0 0 -84.37430905506703 -6.738348915442501 118.5
0 1 -84.56566421842098 -7.42622004560712 108.5
1 0 -88.96244482721809 -22.99162752792061 -117.5
1 1 -88.77818383256655 -22.34095945909456 -108.0
8774
-------------------New----------------
0 0 -5.576474580112482 -13.414709876958284 118.5
0 1 -2.0881495074722993 -9.386517608077046 108.5
1 0 76.72336068327304 81.70684264864671 -117.5
1 1 73.40806019687707 77.8766330242743 -108.0
8778
-------------------New----------------
0 0 93.90630188229605 93.92472293714646 118.5
0 1 98.54699789873358 92.9355593614622 108.5
1 0 99.62069011043107 -1.2434777516176374 -117.5
1 1 95.4803462093823 0.45462944014700674 -108.0
8789
-------------------New----------------
0 0 -87.57116806071974 -25.141526927985495 118.5
0 1 -85.19238005140576 -26.696205974328752 108.5
1 0 -31.405135014180086 -61.86033970699972 -117.5
1 1 -33.66895051505703 -60.381059863512554 -108.0
8792
-------------------New----------------
0 0 -16.252711240638305 43.75545475562597 118.5
0 1 -14.829485717215789 43.023959095587585 108.5
1 0 17.36539687597815 26.51718170095008 -117.5
1 1 16.01247799605536 27.209870633228952 -108.0
8797
-------------------New----------------
0 0 7.920430531903534 -22.550424559431384 118.5
0 1 8.251732624320672 -22.227033297832048 108.5
1 0 15.768398459050022 -14.917043144243497 -117.5
1 1 15.452426725978464 -15.223056371101103 -108.0
8799
-------------------New----------------
0 0 -59.176439102140804 23.011594160865183 118.5
0 1 -59.51402081714887 24.14044380716152 108.5
1 0 -67.16847006175391 49.680075794318164 -117.5
1 1 -66.8482487735388 48.60642367682371 -108.0
8801
-------------------New----------------
0 0 -78.66206574643624 -10.174339884543325 118.5
0 1 -77.4956980926207 -6.025936273204201 108.5
1 0 -51.14524167175717 87.7128389439222 -117.5
1 1 -52.2515345681871 83.77319203971675 -108.0
8807
-------------------New----------------
0 0 -25.14809678726795 -30.803258446812702 118.5
0 1 -24.053079799576754 -32.17671370860369 108.5
1 0 0.7048332468418433 -63.22029689973825 -117.5
1 1 -0.3362808824518247 -61.915495134161105 -108.0
8808
-------------------New----------------
0 0 -70.91564836015986 -51.882761533575 118.5
0 1 -72.29353341320818 -54.38823467449599 108.5
1 0 -103.48198145585177 -110.97107820609524 -117.5
1 1 -102.16674150673137 -108.59100882089353 -108.0
8809
-------------------New----------------
0 0 36.86691184529892 -61.302945550616776 118.5
0 1 32.1865998719223 -59.12156462635634 108.5
1 0 -73.77712027844576 -9.933353080215777 -117.5
1 1 -69.31804491656479 -12.000202396269044 -108.0
8818
-------------------New----------------
0 0 66.23883653380057 76.6104010392992 118.5
0 1 68.21175732072803 75.20873210130546 108.5
1 0 112.76355674193121 43.49528283969424 -117.5
1 1 110.89283853541644 44.82780227717036 -108.0
8830
-------------------New----------------
0 0 -18.031839973145125 45.84318635692732 118.5
0 1 -19.67692567097628 41.640984391710326 108.5
1 0 -56.7256855802194 -53.54649612305244 -117.5
1 1 -55.16723708987185 -49.54433327310918 -108.0
8838
-------------------New----------------
0 0 7.770096222950191 -73.22557900720658 118.5
0 1 12.331125455252451 -73.1544187941567 108.5
1 0 115.28334750102809 -71.44537880054595 -117.5
1 1 110.95877403138047 -71.51986517702343 -108.0
8846
-------------------New----------------
0 0 -4.376008383219404 51.14819706015488 118.5
0 1 0.9962939945590243 53.77726350457446 108.5
1 0 122.76571295279874 113.34514909420167 -117.5
1 1 117.62226658675857 110.82954057822253 -108.0
8848
-------------------New----------------
0 0 -22.854661238169776 41.53348061507255 118.5
0 1 -21.389267896204252 38.39937475788306 108.5
1 0 11.732456880046913 -32.435176550230096 -117.5
1 1 10.34012919235758 -29.45764307549593 -108.0
8850
-------------------New----------------
0 0 18.992047451342263 2.986029747185589 118.5
0 1 15.168342310126182 8.190226375378131 108.5
1 0 -71.14337300344313 125.7418750874655 -117.5
1 1 -67.51271613455656 120.80561318311473 -108.0
8852
-------------------New----------------
0 0 73.92114038337623 48.10750895662329 118.5
0 1 74.55824989581863 49.284121055425594 108.5
1 0 89.01144614145161 75.82860320544519 -117.5
1 1 88.3989355979713 74.71428823923915 -108.0
8854
-------------------New----------------
0 0 90.11665857933707 -1.179516892606348 118.5
0 1 88.84234235059081 -4.342530365033921 108.5
1 0 60.04084643982527 -75.8272227014354 -117.5
1 1 61.25143735584887 -72.82230715077695 -108.0
8860
-------------------New----------------
0 0 -38.25261156892047 15.012327042803838 118.5
0 1 -36.40216429702859 11.322476382332585 108.5
1 0 5.397404327592276 -72.09428112839966 -117.5
1 1 3.641269947444562 -68.58704112809467 -108.0
8864
-------------------New----------------
0 0 22.65068700377229 0.30312551250387276 118.5
0 1 20.809764918687307 3.637981270765791 108.5
1 0 -20.803903670359084 78.9846582060379 -117.5
1 1 -19.05244741532432 75.81943223595553 -108.0
8873
-------------------New----------------
0 0 -25.785867321539797 -94.56306920643149 118.5
0 1 -24.14350383522933 -93.19608921471043 108.5
1 0 13.0005840354138 -62.313305223801606 -117.5
1 1 11.438460500377214 -63.60960898255655 -108.0
8879
-------------------New----------------
0 0 35.45922590423358 3.0299023795266176 118.5
0 1 36.59417776113874 3.6249870942044056 108.5
1 0 61.99220848230956 17.058318839713472 -117.5
1 1 60.93031507860345 16.4851537635787 -108.0
8887
-------------------New----------------
0 0 44.62036435220408 -7.7800432163862565 118.5
0 1 47.56132256102603 -8.585465328277484 108.5
1 0 114.04201800564019 -26.790887009889552 -117.5
1 1 111.24624721683058 -26.025508782919264 -108.0
8904
-------------------New----------------
0 0 0.6013607136199568 -91.31998774455052 118.5
0 1 -3.1332224417639396 -89.90536594719299 108.5
1 0 -87.54764755028006 -57.939597581123095 -117.5
1 1 -83.99842541243927 -59.28357619724088 -108.0
8905
-------------------New----------------
0 0 -17.602643166534595 -72.83164345314108 118.5
0 1 -16.36980503888822 -72.61233816046152 108.5
1 0 11.340158603328696 -67.69396015980156 -117.5
1 1 10.174800219016351 -67.90838833532516 -108.0
8909
-------------------New----------------
0 0 72.54635074276347 32.00747994676585 118.5
0 1 73.42696313834523 29.66698301102325 108.5
1 0 93.32740433877768 -23.238891636331353 -117.5
1 1 92.4894374373513 -21.01610312364666 -108.0
8920
-------------------New----------------
0 0 -1.6909115234216663 -84.12632179003093 118.5
0 1 -2.6169537107396494 -83.86585151326318 108.5
1 0 -23.537747428378456 -77.91694367504948 -117.5
1 1 -22.65903300806482 -78.16871466509723 -108.0
8923
-------------------New----------------
0 0 -41.99085224919703 14.914425468691823 118.5
0 1 -44.76414197369364 18.346579192589367 108.5
1 0 -107.38010403956824 95.9642445208146 -117.5
1 1 -104.74695598083284 92.6980156607547 -108.0
8929
-------------------New----------------
0 0 87.79189296349614 7.567673172269197 118.5
0 1 85.75709059566493 4.234818996619658 108.5
1 0 39.80508134356305 -71.2458872334705 -117.5
1 1 41.73751397186395 -68.06463320570634 -108.0
8935
-------------------New----------------
0 0 71.48419452703668 -37.092695957556565 118.5
0 1 73.31921108508878 -37.0924329130119 108.5
1 0 114.79741591793905 -37.09885371166235 -117.5
1 1 113.0532743804168 -37.09863227312808 -108.0
8944
-------------------New----------------
0 0 -89.74446809263124 77.52260632561394 118.5
0 1 -89.14117438441076 74.07167198424014 108.5
1 0 -75.52343104722891 -3.8531109767849294 -117.5
1 1 -76.10041062480026 -0.579969919599884 -108.0
8947
-------------------New----------------
0 0 48.408979556759576 99.48127923219711 118.5
0 1 44.80053032573277 99.41137001388527 108.5
1 0 -36.84753457345779 97.87312981972079 -117.5
1 1 -33.41774762096709 97.93151507248706 -108.0
8949
-------------------New----------------
0 0 -58.51117085095059 -62.30387761477948 118.5
0 1 -57.44243574645666 -63.596565122388085 108.5
1 0 -33.310078001894176 -92.80379370483216 -117.5
1 1 -34.32378611371346 -91.57682536425112 -108.0
8971
-------------------New----------------
0 0 -87.6075164736569 -66.8132423645425 118.5
0 1 -88.77125668397488 -64.11020439490406 108.5
1 0 -115.06280301758034 -3.041752051483894 -117.5
1 1 -113.95594462492825 -5.609328887208868 -108.0
8977
-------------------New----------------
0 0 30.42080081157716 40.07867719640996 118.5
0 1 30.95375043267985 40.99261425542092 108.5
1 0 42.99813368393476 61.68690196828858 -117.5
1 1 42.49132669537009 60.81719769992229 -108.0
8981
-------------------New----------------
0 0 -57.85293953026328 -16.301986222366285 118.5
0 1 -58.34433983542954 -14.445322700450527 108.5
1 0 -69.09563961928754 27.359611087063445 -117.5
1 1 -68.68056956341624 25.620311415821902 -108.0
8984
-------------------New----------------
0 0 48.97983967121926 -91.57715258219316 118.5
0 1 46.1004513759252 -91.29789093907416 108.5
1 0 -18.72882250881834 -84.67346758100628 -117.5
1 1 -16.02002337484497 -84.9770181623075 -108.0
8987
-------------------New----------------
0 0 6.080016818391816 -44.71729816295705 118.5
0 1 2.834970299410885 -43.94504472781078 108.5
1 0 -70.48134846534813 -26.481493108377094 -117.5
1 1 -67.40009264837228 -27.214192504917754 -108.0
8992
-------------------New----------------
0 0 47.6248376576667 -12.922082121176718 118.5
0 1 48.85150715816674 -12.648754847805264 108.5
1 0 76.56438542738378 -6.483137538287124 -117.5
1 1 75.39383407648776 -6.73774004922331 -108.0
8995
-------------------New----------------
0 0 -22.753151403091046 2.750797129985943 118.5
0 1 -20.3956962087474 7.557455996878102 108.5
1 0 32.89806832007839 116.15821218383465 -117.5
1 1 30.656653787057035 111.58913777800203 -108.0
8996
-------------------New----------------
0 0 -29.24337305016517 -69.25589525986717 118.5
0 1 -26.11411269889249 -68.24101000114764 108.5
1 0 44.57841188949957 -45.29903942027191 -117.5
1 1 41.60723939207356 -46.26424524579468 -108.0
9000
-------------------New----------------
0 0 -61.90748812009706 77.93648087837973 118.5
0 1 -62.95688879934261 75.25629229906573 108.5
1 0 -86.67070828813392 14.655344458197266 -117.5
1 1 -85.67430884759095 17.201630793776705 -108.0
9006
-------------------New----------------
0 0 -31.97919038928351 -75.33237113893907 118.5
0 1 -34.788729264974826 -74.72846445681076 108.5
1 0 -98.18786548042075 -60.98461748079335 -117.5
1 1 -95.52245892636341 -61.55962327711224 -108.0
9009
-------------------New----------------
0 0 14.407813687979253 22.424573841501363 118.5
0 1 15.469823056471622 19.50165708637055 108.5
1 0 39.199762795972575 -46.553038420640775 -117.5
1 1 38.206896047989126 -43.78252940920759 -108.0
9012
-------------------New----------------
0 0 40.569284132450235 -13.396501984981574 118.5
0 1 39.84647142823759 -15.566926503924426 108.5
1 0 23.64059005720275 -64.59068338804687 -117.5
1 1 24.320505241980634 -62.52578769922296 -108.0
9016
-------------------New----------------
0 0 101.4537287322465 -7.584977826425191 118.5
0 1 101.35552337409857 -10.2197683152111 108.5
1 0 99.17737556305796 -69.68592812284112 -117.5
1 1 99.27029400676004 -67.1842469920016 -108.0
9020
-------------------New----------------
0 0 3.8821728477092976 13.18817185375553 118.5
0 1 8.008562322128343 16.80545869468454 108.5
1 0 101.42042627009627 98.49034119660641 -117.5
1 1 97.48915659329028 95.05663705565334 -108.0
9038
-------------------New----------------
0 0 7.287165309279589 -62.66085045420874 118.5
0 1 4.920258410257097 -62.14745300158544 108.5
1 0 -48.52659417401258 -50.59192219388157 -117.5
1 1 -46.2813127861185 -51.0758206093758 -108.0
9041
-------------------New----------------
0 0 29.655040314457544 -39.281095371702406 118.5
0 1 24.38316287702615 -42.804592920649114 108.5
1 0 -94.96585658638807 -122.65394352827695 -117.5
1 1 -89.95061969080997 -119.29234542288528 -108.0
9042
-------------------New----------------
0 0 1.0685014338830254 21.693568681417766 118.5
0 1 -1.5188184710160635 22.30418931929657 108.5
1 0 -59.72147846153231 35.44515479849242 -117.5
1 1 -57.25852131048121 34.89819871600617 -108.0
9043
-------------------New----------------
0 0 12.53341319577795 44.535300458467376 118.5
0 1 16.815535817678132 45.396875855060514 108.5
1 0 113.58890845527817 64.89465263206033 -117.5
1 1 109.52124683646905 64.07425888807427 -108.0
9045
-------------------New----------------
0 0 9.333509055079789 98.4243796581629 118.5
0 1 5.52135320612326 97.11583680172177 108.5
1 0 -80.49337419945502 67.64548098117795 -117.5
1 1 -76.88179354506289 68.88432910558582 -108.0
9046
-------------------New----------------
0 0 15.354511088124264 25.35253752485221 118.5
0 1 12.072047745558754 23.44139583367529 108.5
1 0 -63.7873221899236 -19.895988423912183 -117.5
1 1 -60.52269353553324 -18.070760590292636 -108.0
9047
-------------------New----------------
0 0 -53.15055239150903 -49.318323112337964 118.5
0 1 -52.245667373308834 -52.368460178940026 108.5
1 0 -31.719700178920448 -121.3572494399137 -117.5
1 1 -32.5821048526296 -118.4540765684502 -108.0
9056
-------------------New----------------
0 0 -5.8424268351423905 20.478202086047848 118.5
0 1 -4.3136654072290455 23.82007227730516 108.5
1 0 30.0105146854173 99.37379549924113 -117.5
1 1 28.56372122442258 96.19509931312874 -108.0
9057
-------------------New----------------
0 0 -25.916666067966723 -54.670555745405544 118.5
0 1 -23.94491969271281 -50.79666703378648 108.5
1 0 20.60954763394249 36.41858687304568 -117.5
1 1 18.737009740648627 32.767846643151934 -108.0
9063
-------------------New----------------
0 0 57.29994654332499 -69.37458440054505 118.5
0 1 58.16755720460431 -69.85730508340164 108.5
1 0 77.75219907239332 -80.78930409329533 -117.5
1 1 76.9288825738154 -80.3297574232924 -108.0
9069
-------------------New----------------
0 0 44.72371536951821 -17.966532491079267 118.5
0 1 47.71632730300689 -11.93409474525844 108.5
1 0 115.51016160826327 124.31573697104412 -117.5
1 1 112.66523925709842 118.57858705097723 -108.0
9073
-------------------New----------------
0 0 -28.657452713247977 -32.06730178486238 118.5
0 1 -30.890197985234607 -30.34638561390809 108.5
1 0 -81.34851655832674 8.54595063390104 -117.5
1 1 -79.22792417492767 6.911113940124632 -108.0
9076
-------------------New----------------
0 0 32.07165447008561 38.426181764157256 118.5
0 1 35.56330723292357 37.701748831584304 108.5
1 0 114.37885234119592 21.32506106473461 -117.5
1 1 111.06551193087891 22.015025596276914 -108.0
9079
-------------------New----------------
0 0 67.1311693786538 66.69536947863907 118.5
0 1 65.57007820125173 65.18630615982482 108.5
1 0 30.632284366239826 30.765868672129006 -117.5
1 1 32.10041648105861 32.21718778773054 -108.0
9083
-------------------New----------------
0 0 -103.80399427375444 -47.63972934476131 118.5
0 1 -104.58609049607848 -44.62944245114224 108.5
1 0 -122.28970429037479 23.376337186394966 -117.5
1 1 -121.5464730173632 20.51951874750184 -108.0
9084
-------------------New----------------
0 0 73.51520540960203 69.85177094611915 118.5
0 1 73.56133359784613 68.95622252440097 108.5
1 0 74.77360852295087 48.8076199597922 -117.5
1 1 74.71656858627497 49.64825744880578 -108.0
9087
-------------------New----------------
0 0 -23.542259806080573 -97.11785703310241 118.5
0 1 -22.635086891453497 -97.76176538711303 108.5
1 0 -2.1847170428067226 -112.22007612203986 -117.5
1 1 -3.045957315627903 -111.61550423273547 -108.0
9098
-------------------New----------------
0 0 11.320403111337034 111.43150391270049 118.5
0 1 10.89241573723846 110.33379217462875 108.5
1 0 1.2898663169305276 85.67570245133571 -117.5
1 1 1.6888266559941119 86.70638429949132 -108.0
9104
-------------------New----------------
0 0 68.67521194729655 -99.77842861218647 118.5
0 1 66.87073773514807 -98.21477177510337 108.5
1 0 26.086152370324136 -62.88122160017203 -117.5
1 1 27.800918325370684 -64.36662334155353 -108.0
9114
-------------------New----------------
0 0 -69.58640536493769 0.9691979277071827 118.5
0 1 -68.95991216760667 -4.039166580073569 108.5
1 0 -54.86520342114848 -117.14300185135748 -117.5
1 1 -55.456424086625134 -112.39005515696203 -108.0
9116
-------------------New----------------
0 0 -38.44168217757054 -65.9024120942488 118.5
0 1 -33.86407755831495 -67.43380186344545 108.5
1 0 69.94363288415416 -102.3473664354304 -117.5
1 1 65.57249429113442 -100.88167182297461 -108.0
9121
-------------------New----------------
0 0 6.100758336816068 -11.1701312452 118.5
0 1 0.5843172591458945 -13.640151123527787 108.5
1 0 -124.09003464597681 -69.45336821017625 -117.5
1 1 -118.85053982368477 -67.10821022080408 -108.0
9129
-------------------New----------------
0 0 -54.48036193549141 67.28443500191062 118.5
0 1 -53.99779377418569 66.72987340275577 108.5
1 0 -43.08817156340624 54.19277337293238 -117.5
1 1 -43.54678897337195 54.719684807227395 -108.0
9135
-------------------New----------------
0 0 -92.4291022204709 -43.02202963258017 118.5
0 1 -93.80689449748111 -39.95038305663737 108.5
1 0 -124.93918973229567 29.43255775522394 -117.5
1 1 -123.63109737724358 26.51651340842829 -108.0
9139
-------------------New----------------
0 0 44.61100162060232 -9.94506924666347 118.5
0 1 40.02444015165081 -10.246618257377108 108.5
1 0 -63.60734625353096 -17.01491258013836 -117.5
1 1 -59.25153890811138 -16.732591704302454 -108.0
9163
-------------------New----------------
0 0 5.663955759071664 56.39118138509608 118.5
0 1 7.690235401422231 57.99923013402614 108.5
1 0 53.3573338280374 94.3982989315968 -117.5
1 1 51.44412074294432 92.86300874551794 -108.0
9170
-------------------New----------------
0 0 68.7714578751982 -42.15634698356514 118.5
0 1 66.11412367075027 -43.6304071058452 108.5
1 0 6.091349640774733 -76.8971768955514 -117.5
1 1 8.613821313485094 -75.50028942131354 -108.0
9180
-------------------New----------------
0 0 10.403842007119191 111.81690789637749 118.5
0 1 9.672364446482757 112.22148810864182 108.5
1 0 -6.828946549248153 121.38445358410529 -117.5
1 1 -6.137652997836907 120.99933789160323 -108.0
9182
-------------------New----------------
0 0 75.90613747586266 33.39589832268718 118.5
0 1 75.55555851850451 33.60374044840802 108.5
1 0 67.68101563175173 38.590767742614894 -117.5
1 1 68.0077012092182 38.3747040887268 -108.0
9191
-------------------New----------------
0 0 -52.7618164517315 9.671129766721885 118.5
0 1 -52.100256303946175 10.995009310118855 108.5
1 0 -37.009255719703745 40.695219414732605 -117.5
1 1 -37.64280039961613 39.45462379678209 -108.0
9198
-------------------New----------------
0 0 -108.79492538541008 101.89873613995795 118.5
0 1 -108.94449263437366 102.25887739021721 108.5
1 0 -112.35671344720822 110.28323635960805 -117.5
1 1 -112.21161248321398 109.95310670895995 -108.0
9200
-------------------New----------------
0 0 8.074137648553684 -17.24923726566978 118.5
0 1 12.309645456852854 -14.648146007816411 108.5
1 0 108.02905849180885 44.39847551295916 -117.5
1 1 104.01330429215918 41.91677293258833 -108.0
9202
-------------------New----------------
0 0 51.09240736849004 -74.10032941555428 118.5
0 1 50.53764917524936 -75.08172952695965 108.5
1 0 38.02306972202487 -97.29211891592516 -117.5
1 1 38.54977375387339 -96.35730637824945 -108.0
9238
-------------------New----------------
0 0 34.78931237898418 -13.163060505500832 118.5
0 1 31.15416088206017 -15.75552940634017 108.5
1 0 -50.98139987473516 -74.33712799418454 -117.5
1 1 -47.528633773116304 -71.87471119227665 -108.0
9239
-------------------New----------------
0 0 112.17523305129654 10.25409367358331 118.5
0 1 112.54058698023009 5.781140299055235 108.5
1 0 120.80525089496606 -95.34029199911893 -117.5
1 1 120.45608307311018 -91.0887429715705 -108.0
9243
-------------------New----------------
0 0 -26.44923423512168 -32.217795590909915 118.5
0 1 -23.97342677535772 -33.70310245108796 108.5
1 0 31.612924045677875 -67.25448393249147 -117.5
1 1 29.304877582935188 -65.82926124027415 -108.0
9266
-------------------New----------------
0 0 -92.96016087843397 45.416967256449 118.5
0 1 -93.24877875832871 42.81992574618773 108.5
1 0 -99.73029290172434 -15.995484479178362 -117.5
1 1 -99.4668439616859 -13.517136901248 -108.0
9267
-------------------New----------------
0 0 58.637498478152224 -1.3779971036698009 118.5
0 1 57.374412262236376 -2.9713671675528435 108.5
1 0 28.829569092182776 -39.05096339606505 -117.5
1 1 30.031615860061095 -37.5347045536902 -108.0
9269
-------------------New----------------
0 0 25.888878052957615 93.2555256048839 118.5
0 1 26.42516583529446 91.8534833259997 108.5
1 0 38.497086944592176 59.802626148209086 -117.5
1 1 37.98505108456679 61.17533286708683 -108.0
9277
-------------------New----------------
0 0 90.25749629633539 -83.27543891289672 118.5
0 1 90.40255788485385 -80.25139605310962 108.5
1 0 93.71665285294108 -11.901251383577655 -117.5
1 1 93.57368892118988 -14.774589966853563 -108.0
9280
-------------------New----------------
0 0 -115.53482805826202 61.066542723814926 118.5
0 1 -114.67218920273322 62.17180443491293 108.5
1 0 -95.16636383393642 87.10105875836489 -117.5
1 1 -95.98715264376875 86.05818364207319 -108.0
9284
-------------------New----------------
0 0 -38.11732611246323 50.938944571390735 118.5
0 1 -34.20481408348938 46.96102531434409 108.5
1 0 54.233087093731775 -42.92626179523324 -117.5
1 1 50.51559818589419 -39.14795394947729 -108.0
9289
-------------------New----------------
0 0 79.77131005685256 72.02437907880048 118.5
0 1 80.75483395186824 73.78334178200686 108.5
1 0 102.72487926322069 113.7089273732297 -117.5
1 1 101.79922248802572 112.02296584880636 -108.0
9314
-------------------New----------------
0 0 18.588084730515714 -84.45757230135271 118.5
0 1 16.77287572658506 -81.57349157034419 108.5
1 0 -24.259113685969663 -16.378577738380535 -117.5
1 1 -22.533977729779988 -19.11902588873599 -108.0
9321
-------------------New----------------
0 0 -2.8168330305729716 93.13021967071462 118.5
0 1 -4.568426122698686 90.95337370218223 108.5
1 0 -44.201908634857446 41.72355792049599 -117.5
1 1 -42.53266968715846 43.79104750526776 -108.0
9342
-------------------New----------------
0 0 -27.40831668717483 -34.145694624213405 118.5
0 1 -26.21654687392526 -35.34555519239867 108.5
1 0 0.6689735495249285 -62.534315737340954 -117.5
1 1 -0.4591056592178971 -61.388971115386234 -108.0
9350
-------------------New----------------
0 0 -27.20795891626549 -5.6759169100491516 118.5
0 1 -27.656213095852223 -9.83497609983468 108.5
1 0 -37.71975324732631 -103.78932185392492 -117.5
1 1 -37.301347263251316 -99.84090988181268 -108.0
9357
-------------------New----------------
0 0 46.86493627657892 -36.68028964913557 118.5
0 1 48.64756661134314 -37.63490765165778 108.5
1 0 88.92218964834557 -59.276618513886 -117.5
1 1 87.22645177400128 -58.367550707930185 -108.0
9359
-------------------New----------------
0 0 73.53393794662894 82.97376509584822 118.5
0 1 70.98433600018936 84.59476942760392 108.5
1 0 13.356564506496488 121.23286909752308 -117.5
1 1 15.77934836748885 119.69226393789388 -108.0
9367
-------------------New----------------
0 0 45.018719031022755 -13.281525559655682 118.5
0 1 43.971452322081674 -19.382739197269448 108.5
1 0 -49.35483740579464 -38.05287676196236 -117.5
1 1 -45.86677717118779 -36.93336690951951 -108.0
9368
-------------------New----------------
0 0 44.28121206154365 23.177009305944093 118.5
0 1 47.070444862891314 19.046072018386305 108.5
1 0 109.9426946411904 -74.08273672652135 -117.5
1 1 107.29991825414928 -70.17531220653451 -108.0
9372
-------------------New----------------
0 0 -88.54597968605476 -52.45791843180278 118.5
0 1 -87.84580346914115 -53.37037637444979 108.5
1 0 -72.02300647061492 -74.00562990546771 -117.5
1 1 -72.68707420655642 -73.13740937180089 -108.0
9385
-------------------New----------------
0 0 112.97713746192817 34.62902498944752 118.5
0 1 112.91901845090067 31.987541751156023 108.5
1 0 111.54456721646655 -27.738152637981948 -117.5
1 1 111.60335404991413 -25.226312239140906 -108.0
9389
-------------------New----------------
0 0 -61.04059974367438 -58.1600863971946 118.5
0 1 -59.98392532869807 -59.53825387074331 108.5
1 0 -36.02495289162216 -90.75362789181925 -117.5
1 1 -37.03118651813924 -89.44311916953892 -108.0
9390
-------------------New----------------
0 0 -52.87453410815719 53.76444984036451 118.5
0 1 -51.87347609959253 51.25225132389677 108.5
1 0 -29.26350405929491 -5.513629345386582 -117.5
1 1 -30.213356037835666 -3.1258563060436666 -108.0
9396
-------------------New----------------
0 0 21.234547976571122 55.29889547409298 118.5
0 1 20.79371203935611 56.542092298302535 108.5
1 0 10.78827918209079 84.67519190775452 -117.5
1 1 11.209946580534679 83.48999439177517 -108.0
9402
-------------------New----------------
0 0 17.3853610096649 2.5709280993315 118.5
0 1 16.738013001887754 6.802118265336932 108.5
1 0 2.053437383325983 102.4042123878465 -117.5
1 1 2.6806528372347813 98.36080899998159 -108.0
9407
-------------------New----------------
0 0 -3.7927112366016957 47.979086745439915 118.5
0 1 -2.9795430509022576 50.16877158976984 108.5
1 0 15.58586062678501 100.00278009972435 -117.5
1 1 14.77789057007926 97.89619099912578 -108.0
9415
-------------------New----------------
0 0 -22.4243550258605 78.00593338020423 118.5
0 1 -19.23024127256091 79.6399505205193 108.5
1 0 52.72656954885402 116.57525097193361 -117.5
1 1 49.711480975955894 115.02738754293064 -108.0
9417
-------------------New----------------
0 0 -62.173733941985425 100.22100547684181 118.5
0 1 -58.83207776722033 99.8253702648097 108.5
1 0 16.5793463443388 90.99145586267392 -117.5
1 1 13.412389248387887 91.36366647044422 -108.0
9420
-------------------New----------------
0 0 -27.390490828462156 -23.00686547517387 118.5
0 1 -22.477786602574966 -23.089565091111552 108.5
1 0 88.67355772340035 -24.955441583548264 -117.5
1 1 83.98704724133572 -24.878749780231907 -108.0
9425
-------------------New----------------
0 0 20.539672923919195 -34.23026764432987 118.5
0 1 15.014661701638733 -29.160556580748192 108.5
1 0 -109.84529105411158 85.3371822185334 -117.5
1 1 -104.59546742652716 80.52511746750353 -108.0
9426
-------------------New----------------
0 0 -11.798506059653374 25.060233911515326 118.5
0 1 -7.889727455230516 26.363488489102924 108.5
1 0 80.43418212624331 55.81884430814252 -117.5
1 1 76.72096340751764 54.580863642875954 -108.0
9428
-------------------New----------------
0 0 35.55079544104792 55.33422497081709 118.5
0 1 35.29811599807126 54.963329694763374 108.5
1 0 29.480007756464268 46.61832260301569 -117.5
1 1 29.72739404011649 46.96539887612177 -108.0
9432
-------------------New----------------
0 0 37.87218253482068 -30.85883907351689 118.5
0 1 40.202852074079566 -31.236190799186396 108.5
1 0 92.9064791059325 -39.775238919171855 -117.5
1 1 90.69161780821473 -39.41522577859439 -108.0
9444
-------------------New----------------
0 0 -31.824307274405065 -11.968561591783985 118.5
0 1 -28.414528080417718 -6.793492413790737 108.5
1 0 48.66263604875258 110.1586380514174 -117.5
1 1 45.42186539977565 105.2427360766236 -108.0
9448
-------------------New----------------
0 0 -111.68649717708043 -4.14083129616777 118.5
0 1 -111.02561553289395 -1.4612036936137192 108.5
1 0 -96.06143672958467 59.08624645272988 -117.5
1 1 -96.69191549047181 56.541599168769054 -108.0
9453
-------------------New----------------
0 0 23.751756757857272 6.389784896436701 118.5
0 1 18.9055760229627 5.68306498705689 108.5
1 0 -90.3935747544909 -9.918863305312685 -117.5
1 1 -85.80376402553203 -9.283860155790268 -108.0
9461
-------------------New----------------
0 0 50.00185749121412 -32.09051456264696 118.5
0 1 47.09156967659144 -35.8929939254884 108.5
1 0 -18.67970571225348 -121.82012194190288 -117.5
1 1 -15.915567835289627 -118.20865644359601 -108.0
9466
-------------------New----------------
0 0 18.79249787059293 48.18467318426307 118.5
0 1 22.881924702530313 47.74958217147378 108.5
1 0 115.23262140770085 37.86877627794665 -117.5
1 1 111.3498097809071 38.288536274521014 -108.0
9481
-------------------New----------------
0 0 -106.0319157691167 108.1854928050307 118.5
0 1 -104.73118671258553 108.85675725775079 108.5
1 0 -75.36304182000204 123.96026616295566 -117.5
1 1 -76.59756976143785 123.32921713158984 -108.0
9483
-------------------New----------------
0 0 11.128273334792379 68.92247757534669 118.5
0 1 8.626041732644104 65.49601149567728 108.5
1 0 -47.554032379087275 -12.09015742892769 -117.5
1 1 -45.193707791811875 -8.820483419552973 -108.0
9484
-------------------New----------------
0 0 -71.62876450783234 -67.8935600050203 118.5
0 1 -71.48323305229438 -69.2123877562984 108.5
1 0 -68.46531377948394 -99.05676193275086 -117.5
1 1 -68.58726274527575 -97.79177609876103 -108.0
9488
-------------------New----------------
0 0 117.43268299522757 -55.35520587231292 118.5
0 1 117.83214436004334 -56.431201283431086 108.5
1 0 127.13545323238517 -80.6193518027022 -117.5
1 1 126.74000736774933 -79.6017328537641 -108.0
9490
-------------------New----------------
0 0 25.99964502487711 55.92915258034801 118.5
0 1 25.52797843894969 54.32552260216627 108.5
1 0 14.857337368947217 18.011130312200518 -117.5
1 1 15.303324570820413 19.537822972481354 -108.0
9495
-------------------New----------------
0 0 -101.58808411686667 39.32500726757917 118.5
0 1 -102.68768387855705 40.81251792144921 108.5
1 0 -127.55250367576934 74.44229633925974 -117.5
1 1 -126.50749428590686 73.02852115440295 -108.0
9508
-------------------New----------------
0 0 39.81222759584502 6.379337223301401 118.5
0 1 35.73074111187389 8.685865922527515 108.5
1 0 -56.494380295131194 60.909822511098945 -117.5
1 1 -52.616798224201354 58.712239502647165 -108.0
9518
-------------------New----------------
0 0 -26.515459145096504 23.578497727275952 118.5
0 1 -28.511766175167747 21.982421831588766 108.5
1 0 -73.6593092871623 -14.109745568278777 -117.5
1 1 -71.76143369470171 -12.591786900754986 -108.0
9520
-------------------New----------------
0 0 106.50904877355524 -75.8109907034104 118.5
0 1 105.6759318231586 -72.93573811221476 108.5
1 0 86.90243333336603 -7.975132664205036 -117.5
1 1 87.69100922839027 -10.7061034193846 -108.0
9529
-------------------New----------------
0 0 -14.537624680448786 -55.98866429424523 118.5
0 1 -10.616790612268428 -58.42556929150636 108.5
1 0 77.98316885516537 -113.4365705864507 -117.5
1 1 74.25939596650268 -111.12709626374189 -108.0
9536
-------------------New----------------
0 0 16.604631767727295 -58.61796464438065 118.5
0 1 20.482740070839476 -54.71422446569629 108.5
1 0 108.17142626761225 33.56263570878607 -117.5
1 1 104.4873031774152 29.850486895708617 -108.0
9537
-------------------New----------------
0 0 65.92071280114166 -20.961847506624192 118.5
0 1 64.4889191095335 -23.30636377292035 108.5
1 0 32.055413409168935 -76.3573887962945 -117.5
1 1 33.428301743785475 -74.12153251536833 -108.0
9539
-------------------New----------------
0 0 52.70404223404539 18.76927837101939 118.5
0 1 49.1795196789767 14.363816667414847 108.5
1 0 -30.440658775903653 -85.17256608296142 -117.5
1 1 -27.09080246504066 -80.98679241162193 -108.0
9546
-------------------New----------------
0 0 11.045143480425772 35.28869246550706 118.5
0 1 15.875178817144823 35.657010166455635 108.5
1 0 124.96331595411309 43.90743737934878 -117.5
1 1 120.37964614714562 43.56468803220712 -108.0
9559
-------------------New----------------
0 0 31.194694743821504 66.08253343974548 118.5
0 1 27.66428130999852 62.513124139716226 108.5
1 0 -52.09756457296705 -18.18526769980238 -117.5
1 1 -48.74648207005894 -14.792581975685778 -108.0
9563
-------------------New----------------
0 0 -5.973809147419582 -52.5348681482203 118.5
0 1 -5.965545037394753 -49.47536014822251 108.5
1 0 -5.779719526548424 19.700179075238122 -117.5
1 1 -5.788102339329368 16.792375573392917 -108.0
9568
-------------------New----------------
0 0 -43.56807714510013 -16.609904915423307 118.5
0 1 -42.50854642414225 -16.001777235918706 108.5
1 0 -18.531628241423636 -2.2511720168147145 -117.5
1 1 -19.537923025534617 -2.8285018227805603 -108.0
9569
-------------------New----------------
0 0 60.440653564085835 -16.136919620774613 118.5
0 1 62.703765336724146 -19.32432350490088 108.5
1 0 113.68116856922447 -91.36324482945722 -117.5
1 1 111.5409455156135 -88.33304544540877 -108.0
9579
-------------------New----------------
0 0 36.346411644513196 51.058196075249285 118.5
0 1 32.8265630640865 47.511258417218 108.5
1 0 -46.7193871334964 -32.62445812977519 -117.5
1 1 -43.36904401352457 -29.25619855244134 -108.0
9587
-------------------New----------------
0 0 67.0269211168525 -107.77166628314407 118.5
0 1 62.96308434192166 -107.59854583245358 108.5
1 0 -28.92988527491665 -103.76887871044023 -117.5
1 1 -25.067093890018803 -103.92989842494225 -108.0
9601
-------------------New----------------
0 0 -44.6619411430802 -84.18179368282586 118.5
0 1 -40.14758789847925 -84.68340940266835 108.5
1 0 61.9157713184119 -96.01022481806666 -117.5
1 1 57.62309918751 -95.5323939962147 -108.0
9603
-------------------New----------------
0 0 111.4888218706606 -22.804282626080294 118.5
0 1 111.968139205867 -22.23906779489034 108.5
1 0 122.80377325440342 -9.489262386586326 -117.5
1 1 122.36104760179917 -10.02321246207175 -108.0
9605
-------------------New----------------
0 0 57.575689850479705 77.82183929797628 118.5
0 1 58.90826649510882 76.92746368773058 108.5
1 0 89.76592657865184 56.46131005815619 -117.5
1 1 88.47520878376135 57.31508824534874 -108.0
9606
-------------------New----------------
0 0 -8.012479932693214 -48.874917173588166 118.5
0 1 -9.081121786068142 -51.47492390647659 108.5
1 0 -33.261795755579975 -110.47926568056639 -117.5
1 1 -32.24535572320825 -107.99342399362736 -108.0
9608
-------------------New----------------
0 0 -8.70268406616125 -74.24339061675911 118.5
0 1 -11.41152262048259 -70.5811880146666 108.5
1 0 -72.63992928180826 12.195867706176404 -117.5
1 1 -70.06590567270763 8.715572090762583 -108.0
9611
-------------------New----------------
0 0 27.616750449906398 -73.45423450299864 118.5
0 1 31.275563170927995 -73.78998592624805 108.5
1 0 113.9369899839073 -81.35147115889922 -117.5
1 1 110.46239178440592 -81.03634607299185 -108.0
9618
-------------------New----------------
0 0 -83.82866846522423 -28.013857942744163 118.5
0 1 -80.81840556439101 -31.426640955798955 108.5
1 0 -12.692121734973274 -108.6007090813224 -117.5
1 1 -15.557886010310801 -105.35075991327999 -108.0
9619
-------------------New----------------
0 0 70.33220352458943 -101.57920501829102 118.5
0 1 68.45758274793351 -102.441071126007 108.5
1 0 26.331707999876034 -121.78658566539414 -117.5
1 1 28.108694330153526 -120.96691571260314 -108.0
9625
-------------------New----------------
0 0 20.2984961642086 -68.83290776927944 118.5
0 1 20.339969286992307 -71.06506876935843 108.5
1 0 21.266009304932393 -121.4696712779344 -117.5
1 1 21.22778013378836 -119.3515614806178 -108.0
9640
-------------------New----------------
0 0 -13.180505671381516 -56.62111493934045 118.5
0 1 -15.205306770339835 -53.909569914290294 108.5
1 0 -61.1274061405803 7.528886194825904 -117.5
1 1 -59.19206485775909 4.942670320265861 -108.0
9646
-------------------New----------------
0 0 -16.901452731023266 -14.108528174366057 118.5
0 1 -13.909878466966797 -11.557766682598215 108.5
1 0 53.69937335920681 46.08979574389267 -117.5
1 1 50.85752079522256 43.666735954548464 -108.0
9648
-------------------New----------------
0 0 -60.302596906446446 78.83383334065249 118.5
0 1 -59.263487238998074 77.57119651458378 108.5
1 0 -35.78073887651549 49.04083020651152 -117.5
1 1 -36.76798699046952 50.23984601989773 -108.0
9649
-------------------New----------------
0 0 -77.17394653759825 -11.723416717521149 118.5
0 1 -77.51300309451575 -12.884967809843257 108.5
1 0 -85.17645878481034 -39.148876941488446 -117.5
1 1 -84.85436926305128 -38.04408578103805 -108.0
9655
-------------------New----------------
0 0 -16.515918140495586 -11.820116152173288 118.5
0 1 -13.12146543295315 -10.781697718022757 108.5
1 0 62.348309146434985 17.555792543984815 -117.5
1 1 59.24103651554104 16.141640428479043 -108.0
9659
-------------------New----------------
0 0 -96.51503455345505 -10.061660969199686 118.5
0 1 -94.86470821477431 -4.958389389458629 108.5
1 0 -57.33134318629546 110.45462382697261 -117.5
1 1 -58.91303555529696 105.6058084331141 -108.0
9663
-------------------New----------------
0 0 107.0727731756961 20.534793545004586 118.5
0 1 107.65065881301174 17.80649121006033 108.5
1 0 120.758432798023 -43.56329662273803 -117.5
1 1 120.21705444277032 -40.998303745360026 -108.0
9673
-------------------New----------------
0 0 -50.32730873214648 58.174314559666286 118.5
0 1 -47.68265805181161 54.92065327006397 108.5
1 0 11.692927463442382 -18.746782223136805 -117.5
1 1 9.21175494464089 -15.637049843143071 -108.0
9676
-------------------New----------------
0 0 -67.96592548577961 -47.61012444458253 118.5
0 1 -65.03367543917193 -46.931317256173756 108.5
1 0 1.21588739375972 -31.585834108261658 -117.5
1 1 -1.5677134268020048 -32.2301809271661 -108.0
9686
-------------------New----------------
0 0 -37.53215969185508 83.27603576941827 118.5
0 1 -36.36360664241256 82.2711821698822 108.5
1 0 -9.944455345944494 59.55585993777879 -117.5
1 1 -11.055991922051806 60.51038845454135 -108.0
9690
-------------------New----------------
0 0 -37.47057909589345 -58.56781134092182 118.5
0 1 -31.88837909981774 -59.509693967022294 108.5
1 0 94.12695541975641 -80.94541045956888 -117.5
1 1 88.8370477814931 -80.03398118159313 -108.0
9699
-------------------New----------------
0 0 30.28722356376311 37.45848810285348 118.5
0 1 33.80630013937396 38.571817090439744 108.5
1 0 113.26838963962139 63.75202789018459 -117.5
1 1 109.93052384188172 62.69218597007692 -108.0
9701
-------------------New----------------
0 0 -7.870862871779215 -29.206592330936036 118.5
0 1 -7.85404775532876 -26.768098588034196 108.5
1 0 -7.491344624253682 28.315130566621075 -117.5
1 1 -7.507849170228306 26.000056982035453 -108.0
9706
-------------------New----------------
0 0 34.41580775246763 43.91853162442106 118.5
0 1 36.995830973875876 40.748721776644935 108.5
1 0 95.31306690842102 -30.904035507289638 -117.5
1 1 92.86076824208362 -27.891082934648335 -108.0
9714
-------------------New----------------
0 0 57.81809405487485 -22.51072341380411 118.5
0 1 53.502164213512756 -17.544945055487023 108.5
1 0 -44.21177229091405 94.74636120257769 -117.5
1 1 -40.096183493648795 90.03641508861924 -108.0
9725
-------------------New----------------
0 0 -95.51084902852371 -75.27014465697667 118.5
0 1 -95.70006405161188 -72.66569010125144 108.5
1 0 -99.23747597533576 -13.559896198044294 -117.5
1 1 -99.1267238762641 -16.045007421186387 -108.0
9736
-------------------New----------------
0 0 -1.5219127276276851 -32.36911428736464 118.5
0 1 -2.3708047280259996 -32.10263509385664 108.5
1 0 -21.528335167889516 -26.13052857186981 -117.5
1 1 -20.723168315780402 -26.381393989330604 -108.0
9738
-------------------New----------------
0 0 -77.50344942496233 1.5232031014931469 118.5
0 1 -76.79820220377347 -1.2587370521967505 108.5
1 0 -60.862342487334104 -64.12257666542493 -117.5
1 1 -61.53204518446038 -61.48183805253884 -108.0
9740
-------------------New----------------
0 0 -36.55757569650335 -71.36100059891243 118.5
0 1 -34.41278213076268 -71.80173060904596 108.5
1 0 14.07108530749046 -81.78848816794913 -117.5
1 1 12.03274666737973 -81.36710004050566 -108.0
9741
-------------------New----------------
0 0 40.633536989516244 -49.29745001535688 118.5
0 1 39.17353598192612 -51.94537835447945 108.5
1 0 6.196451086315394 -111.76906566580385 -117.5
1 1 7.583359144374984 -109.25565495220835 -108.0
9742
-------------------New----------------
0 0 -9.192294973777146 48.11843031221945 118.5
0 1 -12.174034477286606 47.14186101839216 108.5
1 0 -79.55761840963085 25.085555247135137 -117.5
1 1 -76.7254277259008 26.01204483625552 -108.0
9744
-------------------New----------------
0 0 -93.7274924345801 45.06953142783699 118.5
0 1 -91.5514559216332 42.15421490123477 108.5
1 0 -42.288729689270724 -23.731610731835946 -117.5
1 1 -44.361335616585215 -20.961274970704967 -108.0
9748
-------------------New----------------
0 0 -35.08703111746466 28.528159050804458 118.5
0 1 -38.353827791768815 24.565623584968073 108.5
1 0 -112.18317015566205 -64.93285854970244 -117.5
1 1 -109.07959399237268 -61.17019963072615 -108.0
9756
-------------------New----------------
0 0 20.229021818521407 -77.02078227116091 118.5
0 1 21.816115585523278 -73.69012908408153 108.5
1 0 57.696303342619004 1.5833714556807217 -117.5
1 1 56.18883102581909 -1.5806384371118738 -108.0
9757
-------------------New----------------
0 0 78.6690296488459 -30.51992816898914 118.5
0 1 77.41371208804554 -30.34146106262453 108.5
1 0 49.02799559479644 -26.314126356949185 -117.5
1 1 50.22143842062012 -26.482784919404157 -108.0
9772
-------------------New----------------
0 0 -124.72002422777935 -39.86020825601869 118.5
0 1 -125.29097158028912 -37.61408129492189 108.5
1 0 -116.74707011731611 25.281228729811684 -117.5
1 1 -117.36983849202568 22.95140076408967 -108.0
9782
-------------------New----------------
0 0 -10.956361155986594 -44.178863592024165 118.5
0 1 -9.843935791132944 -42.08297936622143 108.5
1 0 15.297857580702509 5.302961667667996 -117.5
1 1 14.24175143186821 3.3107425613920767 -108.0
9799
-------------------New----------------
0 0 -73.84228205033912 15.051031248510554 118.5
0 1 -74.07928121569323 16.610568255148102 108.5
1 0 -79.43411145159253 51.82010230276402 -117.5
1 1 -79.20939113486727 50.34166517942045 -108.0
9801
-------------------New----------------
0 0 -96.45036474356152 58.23608281317145 118.5
0 1 -97.66561665403847 59.85094902860561 108.5
1 0 -125.13044017117923 96.35035333046409 -117.5
1 1 -123.97518292528912 94.8146133796148 -108.0
9806
-------------------New----------------
0 0 26.94237861822642 -24.474263868202602 118.5
0 1 23.68643721283789 -18.237360551601665 108.5
1 0 -49.91414444250136 122.73180605510035 -117.5
1 1 -46.81870555586817 116.80954575640558 -108.0
9813
-------------------New----------------
0 0 13.402593453342556 -74.24692575345665 118.5
0 1 8.872298755213935 -71.13509519903654 108.5
1 0 -93.55271029377094 -0.8234559606652827 -117.5
1 1 -89.24637905026117 -3.7781337519413762 -108.0
9824
-------------------New----------------
0 0 40.910708595235135 -35.1640671669426 118.5
0 1 41.07873250208974 -38.41455191940237 108.5
1 0 44.93080109196419 -112.76916748080805 -117.5
1 1 44.77427388917476 -109.60904603290108 -108.0
9827
-------------------New----------------
0 0 -17.709655789261088 42.25912910148556 118.5
0 1 -18.447450553085545 40.25371183684918 108.5
1 0 -34.92221180698904 -5.24147238550308 -117.5
1 1 -34.2328285509126 -3.3262053232600097 -108.0
9839
-------------------New----------------
0 0 58.6560155059333 58.81995966458302 118.5
0 1 60.48847971786249 59.793575419303615 108.5
1 0 101.88171421360082 81.75166718486899 -117.5
1 1 100.14077733468415 80.82931388176065 -108.0
9842
-------------------New----------------
0 0 112.3549205344473 -80.14873447631112 118.5
0 1 112.71090404934228 -80.22041436612672 108.5
1 0 120.70438474010521 -81.81679655119027 -117.5
1 1 120.36941401762672 -81.7508378208713 -108.0
9844
-------------------New----------------
0 0 -10.247845834459337 -46.13755952072369 118.5
0 1 -7.184117108694392 -47.01808880901186 108.5
1 0 62.137628025455605 -66.93212603657263 -117.5
1 1 59.222714274070256 -66.09296166871813 -108.0
9846
-------------------New----------------
0 0 29.768984226517688 -107.3391787577104 118.5
0 1 31.072670985736217 -107.50707930078809 108.5
1 0 60.543796453073625 -111.2946405352532 -117.5
1 1 59.30495569102069 -111.13620425559535 -108.0
9849
-------------------New----------------
0 0 -10.285846754274358 78.20448432627015 118.5
0 1 -7.639892341169182 74.98422075229965 108.5
1 0 52.18158631404174 2.2208680439836344 -117.5
1 1 49.66085651612949 5.275746286760793 -108.0
9850
-------------------New----------------
0 0 -38.76409667775009 62.044087086604705 118.5
0 1 -39.66829698135918 60.82837350574481 108.5
1 0 -60.044495696890486 33.35350715960587 -117.5
1 1 -59.18946469848172 34.50801519454496 -108.0
9853
-------------------New----------------
0 0 -75.01324307178658 34.86234851552624 118.5
0 1 -74.12658091310351 32.15909041375859 108.5
1 0 -54.063596788657 -28.903025963495725 -117.5
1 1 -54.90811327125041 -26.33659406758672 -108.0
9854
-------------------New----------------
0 0 -0.7467681396810589 -28.175887265164143 118.5
0 1 -3.803693759411421 -27.80316842133622 108.5
1 0 -73.08775881317841 -19.388958008456207 -117.5
1 1 -70.17246465170373 -19.741768409183607 -108.0
9856
-------------------New----------------
0 0 22.582033600267014 19.35355674243871 118.5
0 1 19.883205533273216 22.828049672492366 108.5
1 0 -41.09272532468934 101.34408621841527 -117.5
1 1 -38.52908206950725 98.04267769715577 -108.0
9865
-------------------New----------------
0 0 -9.522705908336395 34.83079353611077 118.5
0 1 -10.12071015095511 37.08069842214674 108.5
1 0 -23.536965269013656 87.85807159674064 -117.5
1 1 -22.9752378457926 85.72595903889203 -108.0
9868
-------------------New----------------
0 0 53.17328485879642 -74.34020681415439 118.5
0 1 54.17852290819059 -72.89109604401534 108.5
1 0 77.03340181653297 -40.133468014901936 -117.5
1 1 76.07961494464345 -41.500706803262595 -108.0
9869
-------------------New----------------
0 0 0.5570922481147427 2.9577089838594337 118.5
0 1 -1.6146215549683114 -0.24457489514077896 108.5
1 0 -49.95703181694005 -73.8019943549057 -117.5
1 1 -47.9211573751691 -70.72256204815068 -108.0
9870
-------------------New----------------
0 0 -73.78320555484115 52.210638240870594 118.5
0 1 -72.61052365174172 48.2350374406427 108.5
1 0 -46.11924500415088 -41.60217025209835 -117.5
1 1 -47.23264681500761 -37.82592968438678 -108.0
9888
-------------------New----------------
0 0 -52.580288701401756 -92.46947117806054 118.5
0 1 -55.43111644121636 -93.33400414028675 108.5
1 0 -120.04999339832861 -112.90892167803563 -117.5
1 1 -117.33133705756259 -112.09456024454236 -108.0
9897
-------------------New----------------
0 0 -4.989996003908651 -22.55621719601367 118.5
0 1 -5.375994166951719 -21.593091372907857 108.5
1 0 -14.055088392184114 -0.057024421035660564 -117.5
1 1 -13.690267599395131 -0.9529822796095038 -108.0
9906
-------------------New----------------
0 0 4.966383742213499 93.83293800335306 118.5
0 1 6.397529072727807 94.95480785734884 108.5
1 0 38.73525267231719 120.36993263244224 -117.5
1 1 37.37645595059334 119.29986927965233 -108.0
9917
-------------------New----------------
0 0 -16.184093541821493 -11.109982433642113 118.5
0 1 -18.72856227514155 -12.24917218091063 108.5
1 0 -76.10977318627184 -37.68730808263303 -117.5
1 1 -73.70459021187168 -36.631252047564686 -108.0
9927
-------------------New----------------
0 0 0.9665451491222832 -9.583343987348496 118.5
0 1 -1.465143718351957 -10.492545498743134 108.5
1 0 -56.061367067939024 -30.709862734996896 -117.5
1 1 -53.775224703650075 -29.87594228549981 -108.0
9928
-------------------New----------------
0 0 14.403787890390197 24.533094338745528 118.5
0 1 14.06376453696179 28.681183163315673 108.5
1 0 6.223835734076781 121.97383601098045 -117.5
1 1 6.554052318379176 118.0572015567471 -108.0
9933
-------------------New----------------
0 0 -22.96334614204822 -22.661674712392994 118.5
0 1 -20.666769578391172 -18.800595109949267 108.5
1 0 31.24453189410317 68.45895756379045 -117.5
1 1 29.061092671201358 64.7893964025391 -108.0
9934
-------------------New----------------
0 0 -79.45376179194412 -49.68842373967918 118.5
0 1 -76.80175057642782 -47.12721218602919 108.5
1 0 -17.060631399281757 10.866507016079472 -117.5
1 1 -19.568571419526155 8.43476357054079 -108.0
9948
-------------------New----------------
0 0 93.6253869671455 42.07244801136471 118.5
0 1 91.5656661070108 43.61066767842142 108.5
1 0 45.12054493177339 78.30519784276207 -117.5
1 1 47.06964869625557 76.85056875865266 -108.0
9952
-------------------New----------------
0 0 -50.33028896964875 31.139409139264195 118.5
0 1 -50.06811701683348 29.798757907650035 108.5
1 0 -44.14637607366744 -0.4586032441940996 -117.5
1 1 -44.39485736640395 0.8125314704519914 -108.0
9954
-------------------New----------------
0 0 -25.232212836423503 12.21580627517804 118.5
0 1 -27.076454590122715 8.96172065765651 108.5
1 0 -68.73382344189673 -64.58021937929229 -117.5
1 1 -66.98291813884819 -61.48885015673104 -108.0
9955
-------------------New----------------
0 0 -54.67212050946695 -87.3031724859978 118.5
0 1 -51.094075371262505 -85.4148426792035 108.5
1 0 29.769129663525025 -42.74191320084782 -117.5
1 1 26.371829325335465 -44.53174375315074 -108.0
9958
-------------------New----------------
0 0 -0.23011680616341046 23.173492769365318 118.5
0 1 -3.098804013778485 22.78749212918793 108.5
1 0 -67.87758046268955 14.320693861534863 -117.5
1 1 -65.16442334013419 14.665663598741016 -108.0
9962
-------------------New----------------
0 0 45.44841676347369 -38.42520895732896 118.5
0 1 41.24044934384483 -41.25340292775095 108.5
1 0 -53.84056468106127 -105.17997955724903 -117.5
1 1 -49.84441847949522 -102.49161904825289 -108.0
9964
-------------------New----------------
0 0 -1.3735297040544616 80.45388329156927 118.5
0 1 2.1116427423166906 82.44900413438144 108.5
1 0 80.58095383325113 127.63453226360768 -117.5
1 1 77.28386011156178 125.74641752657303 -108.0
9968
-------------------New----------------
0 0 63.641502777910134 -0.2565532038339934 118.5
0 1 61.49245088100778 -1.0613200995571979 108.5
1 0 12.820118791759992 -19.256278288647074 -117.5
1 1 14.863597874400512 -18.48656599705121 -108.0
9973
-------------------New----------------
0 0 107.22675008359201 60.877784163621335 118.5
0 1 107.18462641911098 60.29448496864235 108.5
1 0 106.23970699823629 47.1399739713745 -117.5
1 1 106.28137500532004 47.690991129556565 -108.0
9977
-------------------New----------------
0 0 30.697639777379884 -53.52533035364901 118.5
0 1 26.640012320171735 -53.12872497292435 108.5
1 0 -65.04702781419344 -44.31141063253759 -117.5
1 1 -61.192890027842985 -44.68032718980554 -108.0
9978
-------------------New----------------
0 0 -2.1436663890881773 -89.6660705046758 118.5
0 1 -5.52065150061091 -90.82212275786706 108.5
1 0 -81.83922594357553 -116.93411496330013 -117.5
1 1 -78.63175441092054 -115.83802569220072 -108.0
9988
-------------------New----------------
0 0 -115.47373578770575 43.02409774534629 118.5
0 1 -114.58756834122894 40.88945763455912 108.5
1 0 -94.62761530378536 -7.313610688629792 -117.5
1 1 -95.4634258765676 -5.286879417752213 -108.0
9995
-------------------New----------------
0 0 -1.0585386371680954 -54.301837184724846 118.5
0 1 -1.8309356660403993 -54.82552675972973 108.5
1 0 -19.32444094623866 -66.61864189820969 -117.5
1 1 -18.590386797300482 -66.12678801953624 -108.0
9998
-------------------New----------------
0 0 -22.977228292777582 -29.375359551166593 118.5
0 1 -24.200438848531277 -28.8237610950504 108.5
1 0 -51.934630983920485 -16.41182257342177 -117.5
1 1 -50.76628790041311 -16.934122780795114 -108.0
9999
-------------------New----------------
0 0 63.97578223859686 -86.02293116280782 118.5
0 1 62.33941668012344 -86.83810100067454 108.5
1 0 25.334459313866674 -105.19670486487821 -117.5
1 1 26.889689128079926 -104.42503085791165 -108.0
5624 events has been processed trough the script makeHLTuple.py
[CORRECT] makeHLTuple done.
[INFO] Running POCA...
Iniciando POCA (python entered)
basic libraries imported
[CORRECT] ----- ALL LIBRARIES successfully imported
Volume: [-128.0,128.0] x [-128.0,128.0] x [-128.0,128.0] cm
Grid:   128 x 128 x 128 voxels
Voxel size: 2.000 x 2.000 x 2.000 cm
[INFO] ----- Current: Voxelization of POCA points...
POCA aplicado. Eventos tras filtro: 305
[CORRECT] POCA results saved to: /gpfs/users/dominguezs/Muography_Denoising/MuonGeneration/data/post_POCA_data/POCA_2D_Lpx256_Lpy256_Lpz256_npx128_npy128_npz128_zTop118_zBot-118_spacing1_ratio1_FontX8_FontY8_matlead_wordMUON_stroke1_seed7.npy
[CORRECT] POCA done.
[CORRECT] Job finished: 2D_Lpx256_Lpy256_Lpz256_npx128_npy128_npz128_zTop118_zBot-118_spacing1_ratio1_FontX8_FontY8_matlead_wordMUON_stroke1 | seed=7
