[INFO] Job started: 2D_Lpx256_Lpy256_Lpz256_npx128_npy128_npz128_zTop118_zBot-118_spacing1_ratio1_FontX8_FontY8_matlead_wordMUON_stroke1 | seed=9
[INFO] Running Geant4 simulation...
[1;34m ____  _____  __  __  __  __  __    ___    __    ____     ___  ____  __  __  __  __  __      __   ____  _____  ____   
(_  _)(  _  )(  \/  )(  )(  )(  )  / __)  /__\  (  _ \   / __)(_  _)(  \/  )(  )(  )(  )    /__\ (_  _)(  _  )(  _ \  
  )(   )(_)(  )    (  )(__)(  )(__( (_-. /(__)\  )(_) )  \__ \ _)(_  )    (  )(__)(  )(__  /(__)\  )(   )(_)(  )   /  
 (__) (_____)(_/\/\_)(______)(____)\___/(__)(__)(____/   (___/(____)(_/\/\_)(______)(____)(__)(__)(__) (_____)(_)\_)  
[0m

**************************************************************
 Geant4 version Name: geant4-11-02-patch-01 [MT]   (16-February-2024)
                       Copyright : Geant4 Collaboration
                      References : NIM A 506 (2003), 250-303
                                 : IEEE-TNS 53 (2006), 270-278
                                 : NIM A 835 (2016), 186-225
                             WWW : http://geant4.org/
**************************************************************

DEBUG: Lectura de archivo completada. Iniciando parser...
DEBUG: Parser exitoso. Accediendo a los datos...
DEBUG: Mundo y detectores cargados correctamente.
[1;34mLoaded 88 voxels from JSON configuration file.[0m
DEBUG: Constructor finalizado con éxito.
[1;34m---------------------------------------Geometry information-----------------------------------[0m
[1;34mThe loaded geometry is as follows: 
[1;34mThe world is contained in [-128, 128]x[-128, 128]x[-256, 256]
[1;34mDetector[0m
[1;34mLocation x: 0, y: 0, z: 118
[1;34mRotation x: 0, y: 0, z: 0
[1;34mSizes x: 256, y: 256, z: 20
[1;34mNumber of layers 2
[1;34mLayer[0m
[1;34mLocation x: 0, y: 0, z: 0
[1;34mRotation x: 0, y: 0, z: 0
[1;34mSizes x: 256, y: 256, z: 1
[0m
[1;34mLayer[0m
[1;34mLocation x: 0, y: 0, z: -10
[1;34mRotation x: 0, y: 0, z: 0
[1;34mSizes x: 256, y: 256, z: 1
[0m
[0m
[1;34mDetector[0m
[1;34mLocation x: 0, y: 0, z: -118
[1;34mRotation x: 0, y: 0, z: 0
[1;34mSizes x: 256, y: 256, z: 20
[1;34mNumber of layers 2
[1;34mLayer[0m
[1;34mLocation x: 0, y: 0, z: 0
[1;34mRotation x: 0, y: 0, z: 0
[1;34mSizes x: 256, y: 256, z: 1
[0m
[1;34mLayer[0m
[1;34mLocation x: 0, y: 0, z: 10
[1;34mRotation x: 0, y: 0, z: 0
[1;34mSizes x: 256, y: 256, z: 1
[0m
[0m
[1;34mNumber of voxels: 88[0m
  Voxel 0  pos=(-33, -7, -6) cm  xSize=2 cm  ySize=2 cm  zSize=4 cm  mat=lead
  Voxel 1  pos=(-33, -5, -6) cm  xSize=2 cm  ySize=2 cm  zSize=4 cm  mat=lead
  Voxel 2  pos=(-33, -3, -6) cm  xSize=2 cm  ySize=2 cm  zSize=4 cm  mat=lead
  Voxel 3  pos=(-33, -1, -6) cm  xSize=2 cm  ySize=2 cm  zSize=4 cm  mat=lead
  Voxel 4  pos=(-33, 1, -6) cm  xSize=2 cm  ySize=2 cm  zSize=4 cm  mat=lead
  Voxel 5  pos=(-33, 3, -6) cm  xSize=2 cm  ySize=2 cm  zSize=4 cm  mat=lead
  Voxel 6  pos=(-33, 5, -6) cm  xSize=2 cm  ySize=2 cm  zSize=4 cm  mat=lead
  Voxel 7  pos=(-33, 7, -6) cm  xSize=2 cm  ySize=2 cm  zSize=4 cm  mat=lead
  Voxel 8  pos=(-31, 5, -6) cm  xSize=2 cm  ySize=2 cm  zSize=4 cm  mat=lead
  Voxel 9  pos=(-29, 3, -6) cm  xSize=2 cm  ySize=2 cm  zSize=4 cm  mat=lead
  Voxel 10  pos=(-27, 1, -6) cm  xSize=2 cm  ySize=2 cm  zSize=4 cm  mat=lead
  Voxel 11  pos=(-25, 1, -6) cm  xSize=2 cm  ySize=2 cm  zSize=4 cm  mat=lead
  Voxel 12  pos=(-23, 3, -6) cm  xSize=2 cm  ySize=2 cm  zSize=4 cm  mat=lead
  Voxel 13  pos=(-21, 5, -6) cm  xSize=2 cm  ySize=2 cm  zSize=4 cm  mat=lead
  Voxel 14  pos=(-19, -7, -6) cm  xSize=2 cm  ySize=2 cm  zSize=4 cm  mat=lead
  Voxel 15  pos=(-19, -5, -6) cm  xSize=2 cm  ySize=2 cm  zSize=4 cm  mat=lead
  Voxel 16  pos=(-19, -3, -6) cm  xSize=2 cm  ySize=2 cm  zSize=4 cm  mat=lead
  Voxel 17  pos=(-19, -1, -6) cm  xSize=2 cm  ySize=2 cm  zSize=4 cm  mat=lead
  Voxel 18  pos=(-19, 1, -6) cm  xSize=2 cm  ySize=2 cm  zSize=4 cm  mat=lead
  Voxel 19  pos=(-19, 3, -6) cm  xSize=2 cm  ySize=2 cm  zSize=4 cm  mat=lead
  Voxel 20  pos=(-19, 5, -6) cm  xSize=2 cm  ySize=2 cm  zSize=4 cm  mat=lead
  Voxel 21  pos=(-19, 7, -6) cm  xSize=2 cm  ySize=2 cm  zSize=4 cm  mat=lead
  Voxel 22  pos=(-15, -5, -6) cm  xSize=2 cm  ySize=2 cm  zSize=4 cm  mat=lead
  Voxel 23  pos=(-15, -3, -6) cm  xSize=2 cm  ySize=2 cm  zSize=4 cm  mat=lead
  Voxel 24  pos=(-15, -1, -6) cm  xSize=2 cm  ySize=2 cm  zSize=4 cm  mat=lead
  Voxel 25  pos=(-15, 1, -6) cm  xSize=2 cm  ySize=2 cm  zSize=4 cm  mat=lead
  Voxel 26  pos=(-15, 3, -6) cm  xSize=2 cm  ySize=2 cm  zSize=4 cm  mat=lead
  Voxel 27  pos=(-15, 5, -6) cm  xSize=2 cm  ySize=2 cm  zSize=4 cm  mat=lead
  Voxel 28  pos=(-15, 7, -6) cm  xSize=2 cm  ySize=2 cm  zSize=4 cm  mat=lead
  Voxel 29  pos=(-13, -7, -6) cm  xSize=2 cm  ySize=2 cm  zSize=4 cm  mat=lead
  Voxel 30  pos=(-11, -7, -6) cm  xSize=2 cm  ySize=2 cm  zSize=4 cm  mat=lead
  Voxel 31  pos=(-9, -7, -6) cm  xSize=2 cm  ySize=2 cm  zSize=4 cm  mat=lead
  Voxel 32  pos=(-7, -7, -6) cm  xSize=2 cm  ySize=2 cm  zSize=4 cm  mat=lead
  Voxel 33  pos=(-5, -7, -6) cm  xSize=2 cm  ySize=2 cm  zSize=4 cm  mat=lead
  Voxel 34  pos=(-3, -7, -6) cm  xSize=2 cm  ySize=2 cm  zSize=4 cm  mat=lead
  Voxel 35  pos=(-1, -5, -6) cm  xSize=2 cm  ySize=2 cm  zSize=4 cm  mat=lead
  Voxel 36  pos=(-1, -3, -6) cm  xSize=2 cm  ySize=2 cm  zSize=4 cm  mat=lead
  Voxel 37  pos=(-1, -1, -6) cm  xSize=2 cm  ySize=2 cm  zSize=4 cm  mat=lead
  Voxel 38  pos=(-1, 1, -6) cm  xSize=2 cm  ySize=2 cm  zSize=4 cm  mat=lead
  Voxel 39  pos=(-1, 3, -6) cm  xSize=2 cm  ySize=2 cm  zSize=4 cm  mat=lead
  Voxel 40  pos=(-1, 5, -6) cm  xSize=2 cm  ySize=2 cm  zSize=4 cm  mat=lead
  Voxel 41  pos=(-1, 7, -6) cm  xSize=2 cm  ySize=2 cm  zSize=4 cm  mat=lead
  Voxel 42  pos=(3, -5, -6) cm  xSize=2 cm  ySize=2 cm  zSize=4 cm  mat=lead
  Voxel 43  pos=(3, -3, -6) cm  xSize=2 cm  ySize=2 cm  zSize=4 cm  mat=lead
  Voxel 44  pos=(3, -1, -6) cm  xSize=2 cm  ySize=2 cm  zSize=4 cm  mat=lead
  Voxel 45  pos=(3, 1, -6) cm  xSize=2 cm  ySize=2 cm  zSize=4 cm  mat=lead
  Voxel 46  pos=(3, 3, -6) cm  xSize=2 cm  ySize=2 cm  zSize=4 cm  mat=lead
  Voxel 47  pos=(3, 5, -6) cm  xSize=2 cm  ySize=2 cm  zSize=4 cm  mat=lead
  Voxel 48  pos=(5, -7, -6) cm  xSize=2 cm  ySize=2 cm  zSize=4 cm  mat=lead
  Voxel 49  pos=(5, 7, -6) cm  xSize=2 cm  ySize=2 cm  zSize=4 cm  mat=lead
  Voxel 50  pos=(7, -7, -6) cm  xSize=2 cm  ySize=2 cm  zSize=4 cm  mat=lead
  Voxel 51  pos=(7, 7, -6) cm  xSize=2 cm  ySize=2 cm  zSize=4 cm  mat=lead
  Voxel 52  pos=(9, -7, -6) cm  xSize=2 cm  ySize=2 cm  zSize=4 cm  mat=lead
  Voxel 53  pos=(9, 7, -6) cm  xSize=2 cm  ySize=2 cm  zSize=4 cm  mat=lead
  Voxel 54  pos=(11, -7, -6) cm  xSize=2 cm  ySize=2 cm  zSize=4 cm  mat=lead
  Voxel 55  pos=(11, 7, -6) cm  xSize=2 cm  ySize=2 cm  zSize=4 cm  mat=lead
  Voxel 56  pos=(13, -7, -6) cm  xSize=2 cm  ySize=2 cm  zSize=4 cm  mat=lead
  Voxel 57  pos=(13, 7, -6) cm  xSize=2 cm  ySize=2 cm  zSize=4 cm  mat=lead
  Voxel 58  pos=(15, -7, -6) cm  xSize=2 cm  ySize=2 cm  zSize=4 cm  mat=lead
  Voxel 59  pos=(15, 7, -6) cm  xSize=2 cm  ySize=2 cm  zSize=4 cm  mat=lead
  Voxel 60  pos=(17, -5, -6) cm  xSize=2 cm  ySize=2 cm  zSize=4 cm  mat=lead
  Voxel 61  pos=(17, -3, -6) cm  xSize=2 cm  ySize=2 cm  zSize=4 cm  mat=lead
  Voxel 62  pos=(17, -1, -6) cm  xSize=2 cm  ySize=2 cm  zSize=4 cm  mat=lead
  Voxel 63  pos=(17, 1, -6) cm  xSize=2 cm  ySize=2 cm  zSize=4 cm  mat=lead
  Voxel 64  pos=(17, 3, -6) cm  xSize=2 cm  ySize=2 cm  zSize=4 cm  mat=lead
  Voxel 65  pos=(17, 5, -6) cm  xSize=2 cm  ySize=2 cm  zSize=4 cm  mat=lead
  Voxel 66  pos=(21, -7, -6) cm  xSize=2 cm  ySize=2 cm  zSize=4 cm  mat=lead
  Voxel 67  pos=(21, -5, -6) cm  xSize=2 cm  ySize=2 cm  zSize=4 cm  mat=lead
  Voxel 68  pos=(21, -3, -6) cm  xSize=2 cm  ySize=2 cm  zSize=4 cm  mat=lead
  Voxel 69  pos=(21, -1, -6) cm  xSize=2 cm  ySize=2 cm  zSize=4 cm  mat=lead
  Voxel 70  pos=(21, 1, -6) cm  xSize=2 cm  ySize=2 cm  zSize=4 cm  mat=lead
  Voxel 71  pos=(21, 3, -6) cm  xSize=2 cm  ySize=2 cm  zSize=4 cm  mat=lead
  Voxel 72  pos=(21, 5, -6) cm  xSize=2 cm  ySize=2 cm  zSize=4 cm  mat=lead
  Voxel 73  pos=(21, 7, -6) cm  xSize=2 cm  ySize=2 cm  zSize=4 cm  mat=lead
  Voxel 74  pos=(23, 5, -6) cm  xSize=2 cm  ySize=2 cm  zSize=4 cm  mat=lead
  Voxel 75  pos=(25, 3, -6) cm  xSize=2 cm  ySize=2 cm  zSize=4 cm  mat=lead
  Voxel 76  pos=(27, 1, -6) cm  xSize=2 cm  ySize=2 cm  zSize=4 cm  mat=lead
  Voxel 77  pos=(29, -1, -6) cm  xSize=2 cm  ySize=2 cm  zSize=4 cm  mat=lead
  Voxel 78  pos=(31, -3, -6) cm  xSize=2 cm  ySize=2 cm  zSize=4 cm  mat=lead
  Voxel 79  pos=(33, -5, -6) cm  xSize=2 cm  ySize=2 cm  zSize=4 cm  mat=lead
  Voxel 80  pos=(35, -7, -6) cm  xSize=2 cm  ySize=2 cm  zSize=4 cm  mat=lead
  Voxel 81  pos=(35, -5, -6) cm  xSize=2 cm  ySize=2 cm  zSize=4 cm  mat=lead
  Voxel 82  pos=(35, -3, -6) cm  xSize=2 cm  ySize=2 cm  zSize=4 cm  mat=lead
  Voxel 83  pos=(35, -1, -6) cm  xSize=2 cm  ySize=2 cm  zSize=4 cm  mat=lead
  Voxel 84  pos=(35, 1, -6) cm  xSize=2 cm  ySize=2 cm  zSize=4 cm  mat=lead
  Voxel 85  pos=(35, 3, -6) cm  xSize=2 cm  ySize=2 cm  zSize=4 cm  mat=lead
  Voxel 86  pos=(35, 5, -6) cm  xSize=2 cm  ySize=2 cm  zSize=4 cm  mat=lead
  Voxel 87  pos=(35, 7, -6) cm  xSize=2 cm  ySize=2 cm  zSize=4 cm  mat=lead
[0m
G4VUserPhysicsList::SetVerboseLevel  : Verbose level is set to 3
List of instantiated particles ============================================
GenericIon He3 alpha anti_He3 anti_alpha anti_deuteron anti_doublehyperH4 anti_doublehyperdoubleneutron anti_hyperH4 anti_hyperHe5 
anti_hyperalpha anti_hypertriton anti_kaon0 anti_lambda anti_neutron anti_nu_e anti_nu_mu anti_omega- anti_proton anti_sigma0 
anti_triton anti_xi- anti_xi0 chargedgeantino deuteron doublehyperH4 doublehyperdoubleneutron e+ e- eta 
eta_prime gamma geantino hyperH4 hyperHe5 hyperalpha hypertriton kaon+ kaon- kaon0 
kaon0L kaon0S lambda mu+ mu- neutron nu_e nu_mu omega- pi+ 
pi- pi0 proton sigma+ sigma- sigma0 triton xi- xi0 
CRY::CRYSetup: Setting returnNeutrons to 0
CRY::CRYSetup: Setting returnProtons to 0
CRY::CRYSetup: Setting returnGammas to 0
CRY::CRYSetup: Setting date to 7-1-2012 (month-day-year)
CRY::CRYSetup: Setting latitude to 90
CRY::CRYSetup: Setting altitude to 0
CRY::CRYSetup: Setting subboxLength to 2.56
userDetector->Construct() start.
Creando los objetos
Checking overlaps for volume layerPhys_0_0:0 (G4Box) ... OK! 
Checking overlaps for volume layerPhys_0_1:0 (G4Box) ... 
-------- WWWW ------- G4Exception-START -------- WWWW -------
*** G4Exception : GeomVol1002
      issued by : G4PVPlacement::CheckOverlaps()
Overlap with mother volume !
          Overlap is detected for volume layerPhys_0_1:0 (G4Box) with its mother volume detector_0 (G4Box)
          protrusion at mother local point (833.379,-284.345,-105) by 5 mm  (max of 517 cases)
NOTE: Reached maximum fixed number -1- of overlaps reports for this volume !
*** This is just a warning message. ***
-------- WWWW -------- G4Exception-END --------- WWWW -------

Checking overlaps for volume detectorPhys_0:0 (G4Box) ... OK! 
Checking overlaps for volume layerPhys_1_0:0 (G4Box) ... OK! 
Checking overlaps for volume layerPhys_1_1:0 (G4Box) ... 
-------- WWWW ------- G4Exception-START -------- WWWW -------
*** G4Exception : GeomVol1002
      issued by : G4PVPlacement::CheckOverlaps()
Overlap with mother volume !
          Overlap is detected for volume layerPhys_1_1:0 (G4Box) with its mother volume detector_1 (G4Box)
          protrusion at mother local point (-950.771,574.296,105) by 5 mm  (max of 502 cases)
NOTE: Reached maximum fixed number -1- of overlaps reports for this volume !
*** This is just a warning message. ***
-------- WWWW -------- G4Exception-END --------- WWWW -------

Checking overlaps for volume detectorPhys_1:0 (G4Box) ... OK! 
worldLogical is registered to the default region.
physicsList->Construct() start.
G4VUserPhysicsList::Construct()
G4VUserPhysicsList::InitializeProcessManager: creating ProcessManager to GenericIon
G4VUserPhysicsList::InitializeProcessManager: creating ProcessManager to He3
G4VUserPhysicsList::InitializeProcessManager: creating ProcessManager to alpha
G4VUserPhysicsList::InitializeProcessManager: creating ProcessManager to anti_He3
G4VUserPhysicsList::InitializeProcessManager: creating ProcessManager to anti_alpha
G4VUserPhysicsList::InitializeProcessManager: creating ProcessManager to anti_deuteron
G4VUserPhysicsList::InitializeProcessManager: creating ProcessManager to anti_doublehyperH4
G4VUserPhysicsList::InitializeProcessManager: creating ProcessManager to anti_doublehyperdoubleneutron
G4VUserPhysicsList::InitializeProcessManager: creating ProcessManager to anti_hyperH4
G4VUserPhysicsList::InitializeProcessManager: creating ProcessManager to anti_hyperHe5
G4VUserPhysicsList::InitializeProcessManager: creating ProcessManager to anti_hyperalpha
G4VUserPhysicsList::InitializeProcessManager: creating ProcessManager to anti_hypertriton
G4VUserPhysicsList::InitializeProcessManager: creating ProcessManager to anti_kaon0
G4VUserPhysicsList::InitializeProcessManager: creating ProcessManager to anti_lambda
G4VUserPhysicsList::InitializeProcessManager: creating ProcessManager to anti_neutron
G4VUserPhysicsList::InitializeProcessManager: creating ProcessManager to anti_nu_e
G4VUserPhysicsList::InitializeProcessManager: creating ProcessManager to anti_nu_mu
G4VUserPhysicsList::InitializeProcessManager: creating ProcessManager to anti_omega-
G4VUserPhysicsList::InitializeProcessManager: creating ProcessManager to anti_proton
G4VUserPhysicsList::InitializeProcessManager: creating ProcessManager to anti_sigma0
G4VUserPhysicsList::InitializeProcessManager: creating ProcessManager to anti_triton
G4VUserPhysicsList::InitializeProcessManager: creating ProcessManager to anti_xi-
G4VUserPhysicsList::InitializeProcessManager: creating ProcessManager to anti_xi0
G4VUserPhysicsList::InitializeProcessManager: creating ProcessManager to chargedgeantino
G4VUserPhysicsList::InitializeProcessManager: creating ProcessManager to deuteron
G4VUserPhysicsList::InitializeProcessManager: creating ProcessManager to doublehyperH4
G4VUserPhysicsList::InitializeProcessManager: creating ProcessManager to doublehyperdoubleneutron
G4VUserPhysicsList::InitializeProcessManager: creating ProcessManager to e+
G4VUserPhysicsList::InitializeProcessManager: creating ProcessManager to e-
G4VUserPhysicsList::InitializeProcessManager: creating ProcessManager to eta
G4VUserPhysicsList::InitializeProcessManager: creating ProcessManager to eta_prime
G4VUserPhysicsList::InitializeProcessManager: creating ProcessManager to gamma
G4VUserPhysicsList::InitializeProcessManager: creating ProcessManager to geantino
G4VUserPhysicsList::InitializeProcessManager: creating ProcessManager to hyperH4
G4VUserPhysicsList::InitializeProcessManager: creating ProcessManager to hyperHe5
G4VUserPhysicsList::InitializeProcessManager: creating ProcessManager to hyperalpha
G4VUserPhysicsList::InitializeProcessManager: creating ProcessManager to hypertriton
G4VUserPhysicsList::InitializeProcessManager: creating ProcessManager to kaon+
G4VUserPhysicsList::InitializeProcessManager: creating ProcessManager to kaon-
G4VUserPhysicsList::InitializeProcessManager: creating ProcessManager to kaon0
G4VUserPhysicsList::InitializeProcessManager: creating ProcessManager to kaon0L
G4VUserPhysicsList::InitializeProcessManager: creating ProcessManager to kaon0S
G4VUserPhysicsList::InitializeProcessManager: creating ProcessManager to lambda
G4VUserPhysicsList::InitializeProcessManager: creating ProcessManager to mu+
G4VUserPhysicsList::InitializeProcessManager: creating ProcessManager to mu-
G4VUserPhysicsList::InitializeProcessManager: creating ProcessManager to neutron
G4VUserPhysicsList::InitializeProcessManager: creating ProcessManager to nu_e
G4VUserPhysicsList::InitializeProcessManager: creating ProcessManager to nu_mu
G4VUserPhysicsList::InitializeProcessManager: creating ProcessManager to omega-
G4VUserPhysicsList::InitializeProcessManager: creating ProcessManager to pi+
G4VUserPhysicsList::InitializeProcessManager: creating ProcessManager to pi-
G4VUserPhysicsList::InitializeProcessManager: creating ProcessManager to pi0
G4VUserPhysicsList::InitializeProcessManager: creating ProcessManager to proton
G4VUserPhysicsList::InitializeProcessManager: creating ProcessManager to sigma+
G4VUserPhysicsList::InitializeProcessManager: creating ProcessManager to sigma-
G4VUserPhysicsList::InitializeProcessManager: creating ProcessManager to sigma0
G4VUserPhysicsList::InitializeProcessManager: creating ProcessManager to triton
G4VUserPhysicsList::InitializeProcessManager: creating ProcessManager to xi-
G4VUserPhysicsList::InitializeProcessManager: creating ProcessManager to xi0
Construct processes 
G4PhysicsListHelper::AddTransportation()  
physicsList->CheckParticleList() start.
physicsList->setCut() start.
G4VUserPhysicsList::SetParticleCuts:   :1[mm] for gamma
G4VUserPhysicsList::SetParticleCuts:   :1[mm] for e-
G4VUserPhysicsList::SetParticleCuts:   :1[mm] for e+
G4VUserPhysicsList::SetParticleCuts:   :1[mm] for proton
G4VUserPhysicsList::SetDefaultCutValue:default cut value is changed to   :1[mm]
G4VUserPhysicsList::SetCuts:   
Cut for gamma: 1[mm]
Cut  for e-: 1[mm]
Cut  for e+: 1[mm]
Cut  for proton: 1[mm]
/
/layer_0_0   *** Active 
/layer_0_1   *** Active 
/layer_1_0   *** Active 
/layer_1_1   *** Active 
Visualization Manager instantiating with verbosity "warnings (3)"...
Visualization Manager initialising...
Registering graphics systems...

You have successfully registered the following graphics systems.
Registered graphics systems are:
  ASCIITree (ATree)
  DAWNFILE (DAWNFILE)
  G4HepRepFile (HepRepFile)
  RayTracer (RayTracer)
  VRML2FILE (VRML2FILE)
  gMocrenFile (gMocrenFile)
  TOOLSSG_OFFSCREEN (TSG_OFFSCREEN)
  TOOLSSG_OFFSCREEN (TSG_OFFSCREEN, TSG_FILE, TSG)
Default graphics system is: TSG_OFFSCREEN (based on batch session).
Default window size hint is: 600x600-0+0 (based on G4VisManager initialisation).
Note: Parameters specified on the command line will override these defaults.
      Use "vis/open" without parameters to get these defaults.

Registering model factories...

You have successfully registered the following model factories.
Registered model factories:
  generic
  drawByAttribute
  drawByCharge
  drawByOriginVolume
  drawByParticleID
  drawByEncounteredVolume

Registered models:
  None

Registered filter factories:
  attributeFilter
  chargeFilter
  originVolumeFilter
  particleFilter
  encounteredVolumeFilter

Registered filters:
  None

You have successfully registered the following user vis actions.
Run Duration User Vis Actions: none
End of Event User Vis Actions: none
End of Run User Vis Actions: none

Some /vis commands (optionally) take a string to specify colour.
"/vis/list" to see available colours.
Starging the party joder
Starging the party
G4ProductionCutsTable::UpdateCoupleTable() - Elapsed time for calculation of energy cuts: 
User=0.000000s Real=0.000067s Sys=0.000000s [Cpu=0.0%]
=======================================================================
======                 Electromagnetic Physics Parameters      ========
=======================================================================
LPM effect enabled                                 1
Enable creation and use of sampling tables         0
Apply cuts on all EM processes                     0
Use combined TransportationWithMsc                 Disabled
Use general process                                0
Enable linear polarisation for gamma               0
Enable photoeffect sampling below K-shell          1
Enable sampling of quantum entanglement            0
X-section factor for integral approach             0.8
Min kinetic energy for tables                      100 eV 
Max kinetic energy for tables                      100 TeV
Number of bins per decade of a table               7
Verbose level                                      1
Verbose level for worker thread                    0
Bremsstrahlung energy threshold above which 
  primary e+- is added to the list of secondary    100 TeV
Bremsstrahlung energy threshold above which primary
  muon/hadron is added to the list of secondary    100 TeV
Lowest triplet kinetic energy                      1 MeV
Enable sampling of gamma linear polarisation       0
5D gamma conversion model type                     0
5D gamma conversion model on isolated ion          0
Livermore data directory                           epics_2017
=======================================================================
======                 Ionisation Parameters                   ========
=======================================================================
Step function for e+-                              (0.2, 1 mm)
Step function for muons/hadrons                    (0.2, 0.1 mm)
Step function for light ions                       (0.2, 0.1 mm)
Step function for general ions                     (0.2, 0.1 mm)
Lowest e+e- kinetic energy                         1 keV
Lowest muon/hadron kinetic energy                  1 keV
Use ICRU90 data                                    0
Fluctuations of dE/dx are enabled                  1
Type of fluctuation model for leptons and hadrons  Universal
Use built-in Birks satuaration                     0
Build CSDA range enabled                           0
Use cut as a final range enabled                   0
Enable angular generator interface                 0
Max kinetic energy for CSDA tables                 1 GeV
Max kinetic energy for NIEL computation            0 eV 
Linear loss limit                                  0.01
Read data from file for e+e- pair production by mu 0
=======================================================================
======                 Multiple Scattering Parameters          ========
=======================================================================
Type of msc step limit algorithm for e+-           1
Type of msc step limit algorithm for muons/hadrons 0
Msc lateral displacement for e+- enabled           1
Msc lateral displacement for muons and hadrons     0
Urban msc model lateral displacement alg96         1
Range factor for msc step limit for e+-            0.04
Range factor for msc step limit for muons/hadrons  0.2
Geometry factor for msc step limitation of e+-     2.5
Safety factor for msc step limit for e+-           0.6
Skin parameter for msc step limitation of e+-      1
Lambda limit for msc step limit for e+-            1 mm
Use Mott correction for e- scattering              0
Factor used for dynamic computation of angular 
  limit between single and multiple scattering     1
Fixed angular limit between single 
  and multiple scattering                          3.1416 rad
Upper energy limit for e+- multiple scattering     100 MeV
Type of electron single scattering model           0
Type of nuclear form-factor                        1
Screening factor                                   1
=======================================================================
G4VUserPhysicsList::BuildPhysicsTable does not retrieve Cut Table but calculate 
G4VUserPhysicsList::BuildPhysicsTable  Calculate Physics Table for gamma
G4VUserPhysicsList::BuildPhysicsTable %%%%%% gamma
 ProcessManager : 0x11faeb0 ProcessManagerShadow : 0x11faeb0
  0 - Transportation
  1 - phot
  2 - compt
  3 - pol-compt
  4 - conv
--------------------------------------------------------------
  0 - Transportation
  1 - phot
  2 - compt
  3 - pol-compt
  4 - conv

phot:  for gamma SubType=12 BuildTable=0
      LambdaPrime table from 200 keV to 100 TeV in 61 bins 
      ===== EM models for the G4Region  DefaultRegionForTheWorld ======
       PhotoElectric : Emin=    0 eV  Emax=  100 TeV  SauterGavrila

compt:  for gamma SubType=13 BuildTable=1
      Lambda table from 100 eV  to 1 MeV, 7 bins/decade, spline: 1
      LambdaPrime table from 1 MeV to 100 TeV in 56 bins 
      ===== EM models for the G4Region  DefaultRegionForTheWorld ======
       Klein-Nishina : Emin=    0 eV  Emax=  100 TeV

pol-compt:  for gamma SubType=13 BuildTable=1
      Lambda table from 100 eV  to 1 MeV, 7 bins/decade, spline: 1
      LambdaPrime table from 1 MeV to 100 TeV in 56 bins 
      ===== EM models for the G4Region  DefaultRegionForTheWorld ======
   Polarized-Compton : Emin=    0 eV  Emax=  100 TeV

conv:  for gamma SubType=14 BuildTable=1
      Lambda table from 1.022 MeV to 100 TeV, 18 bins/decade, spline: 1
      ===== EM models for the G4Region  DefaultRegionForTheWorld ======
     BetheHeitlerLPM : Emin=    0 eV  Emax=  100 TeV  ModifiedTsai
G4VUserPhysicsList::BuildPhysicsTable  Calculate Physics Table for e-
G4VUserPhysicsList::BuildPhysicsTable %%%%%% e-
 ProcessManager : 0x11fa7c0 ProcessManagerShadow : 0x11fa7c0
  0 - Transportation
  1 - msc
  2 - eIoni
  3 - eBrem
--------------------------------------------------------------
  0 - Transportation
  1 - msc
  2 - eIoni
  3 - eBrem

msc:  for e-  SubType= 10
      ===== EM models for the G4Region  DefaultRegionForTheWorld ======
            UrbanMsc : Emin=    0 eV  Emax=  100 TeV Nbins=84 100 eV  - 100 TeV
          StepLim=UseSafety Rfact=0.04 Gfact=2.5 Sfact=0.6 DispFlag:1 Skin=1 Llim=1 mm

eIoni:  for e-  XStype:3  SubType=2
      dE/dx and range tables from 100 eV  to 100 TeV in 84 bins
      Lambda tables from threshold to 100 TeV, 7 bins/decade, spline: 1
      StepFunction=(0.2, 1 mm), integ: 3, fluct: 1, linLossLim= 0.01
      ===== EM models for the G4Region  DefaultRegionForTheWorld ======
        MollerBhabha : Emin=    0 eV  Emax=  100 TeV

eBrem:  for e-  XStype:4  SubType=3
      dE/dx and range tables from 100 eV  to 100 TeV in 84 bins
      Lambda tables from threshold to 100 TeV, 7 bins/decade, spline: 1
      LPM flag: 1 for E > 1 GeV,  VertexHighEnergyTh(GeV)= 100000
      ===== EM models for the G4Region  DefaultRegionForTheWorld ======
             eBremSB : Emin=    0 eV  Emax=    1 GeV  ModifiedTsai
            eBremLPM : Emin=    1 GeV Emax=  100 TeV  ModifiedTsai
G4VUserPhysicsList::BuildPhysicsTable  Calculate Physics Table for e+
G4VUserPhysicsList::BuildPhysicsTable %%%%%% e+
 ProcessManager : 0x11fa570 ProcessManagerShadow : 0x11fa570
  0 - Transportation
  1 - msc
  2 - eIoni
  3 - eBrem
  4 - annihil
--------------------------------------------------------------
  0 - Transportation
  1 - msc
  2 - eIoni
  3 - eBrem
  4 - annihil

msc:  for e+  SubType= 10
      ===== EM models for the G4Region  DefaultRegionForTheWorld ======
            UrbanMsc : Emin=    0 eV  Emax=  100 TeV Nbins=84 100 eV  - 100 TeV
          StepLim=UseSafety Rfact=0.04 Gfact=2.5 Sfact=0.6 DispFlag:1 Skin=1 Llim=1 mm

eIoni:  for e+  XStype:3  SubType=2
      dE/dx and range tables from 100 eV  to 100 TeV in 84 bins
      Lambda tables from threshold to 100 TeV, 7 bins/decade, spline: 1
      StepFunction=(0.2, 1 mm), integ: 3, fluct: 1, linLossLim= 0.01
      ===== EM models for the G4Region  DefaultRegionForTheWorld ======
        MollerBhabha : Emin=    0 eV  Emax=  100 TeV

eBrem:  for e+  XStype:4  SubType=3
      dE/dx and range tables from 100 eV  to 100 TeV in 84 bins
      Lambda tables from threshold to 100 TeV, 7 bins/decade, spline: 1
      LPM flag: 1 for E > 1 GeV,  VertexHighEnergyTh(GeV)= 100000
      ===== EM models for the G4Region  DefaultRegionForTheWorld ======
             eBremSB : Emin=    0 eV  Emax=    1 GeV  ModifiedTsai
            eBremLPM : Emin=    1 GeV Emax=  100 TeV  ModifiedTsai

annihil:  for e+ XStype:2 SubType=5 BuildTable=0
      ===== EM models for the G4Region  DefaultRegionForTheWorld ======
            eplus2gg : Emin=    0 eV  Emax=  100 TeV
G4VUserPhysicsList::BuildPhysicsTable  Calculate Physics Table for proton
G4VUserPhysicsList::BuildPhysicsTable %%%%%% proton
 ProcessManager : 0x11fdf40 ProcessManagerShadow : 0x11fdf40
  0 - Transportation
  1 - msc
  2 - hIoni
--------------------------------------------------------------
  0 - Transportation
  1 - msc
  2 - hIoni

msc:  for proton  SubType= 10
      ===== EM models for the G4Region  DefaultRegionForTheWorld ======
            UrbanMsc : Emin=    0 eV  Emax=  100 TeV Nbins=84 100 eV  - 100 TeV
          StepLim=Minimal Rfact=0.2 Gfact=2.5 Sfact=0.6 DispFlag:0 Skin=1 Llim=1 mm

hIoni:  for proton  XStype:3  SubType=2
      dE/dx and range tables from 100 eV  to 100 TeV in 84 bins
      Lambda tables from threshold to 100 TeV, 7 bins/decade, spline: 1
      StepFunction=(0.2, 0.1 mm), integ: 3, fluct: 1, linLossLim= 0.01
      ===== EM models for the G4Region  DefaultRegionForTheWorld ======
               Bragg : Emin=    0 eV  Emax=    2 MeV
          BetheBloch : Emin=    2 MeV Emax=  100 TeV
G4VUserPhysicsList::BuildPhysicsTable  Calculate Physics Table for GenericIon
G4VUserPhysicsList::BuildPhysicsTable %%%%%% GenericIon
 ProcessManager : 0x11f25e0 ProcessManagerShadow : 0x11f25e0
  0 - Transportation
  1 - msc
  2 - hIoni
--------------------------------------------------------------
  0 - Transportation
  1 - msc
  2 - hIoni

msc:  for GenericIon  SubType= 10
      ===== EM models for the G4Region  DefaultRegionForTheWorld ======
            UrbanMsc : Emin=    0 eV  Emax=  100 TeV
          StepLim=Minimal Rfact=0.2 Gfact=2.5 Sfact=0.6 DispFlag:0 Skin=1 Llim=1 mm

hIoni:  for GenericIon  XStype:3  SubType=2
      dE/dx and range tables from 100 eV  to 100 TeV in 84 bins
      Lambda tables from threshold to 100 TeV, 7 bins/decade, spline: 1
      StepFunction=(0.2, 0.1 mm), integ: 3, fluct: 1, linLossLim= 0.01
      ===== EM models for the G4Region  DefaultRegionForTheWorld ======
               Bragg : Emin=    0 eV  Emax=    2 MeV
          BetheBloch : Emin=    2 MeV Emax=  100 TeV
G4VUserPhysicsList::BuildPhysicsTable  Calculate Physics Table for He3
G4VUserPhysicsList::BuildPhysicsTable %%%%%% He3
 ProcessManager : 0x11f6a10 ProcessManagerShadow : 0x11f6a10
  0 - Transportation
  1 - msc
  2 - hIoni
--------------------------------------------------------------
  0 - Transportation
  1 - msc
  2 - hIoni
G4VUserPhysicsList::BuildPhysicsTable  Calculate Physics Table for alpha
G4VUserPhysicsList::BuildPhysicsTable %%%%%% alpha
 ProcessManager : 0x11f6ba0 ProcessManagerShadow : 0x11f6ba0
  0 - Transportation
  1 - msc
  2 - hIoni
--------------------------------------------------------------
  0 - Transportation
  1 - msc
  2 - hIoni

msc:  for alpha  SubType= 10
      ===== EM models for the G4Region  DefaultRegionForTheWorld ======
            UrbanMsc : Emin=    0 eV  Emax=  100 TeV
          StepLim=Minimal Rfact=0.2 Gfact=2.5 Sfact=0.6 DispFlag:0 Skin=1 Llim=1 mm

hIoni:  for alpha  XStype:3  SubType=2
      dE/dx and range tables from 100 eV  to 100 TeV in 84 bins
      Lambda tables from threshold to 100 TeV, 7 bins/decade, spline: 1
      StepFunction=(0.2, 0.1 mm), integ: 3, fluct: 1, linLossLim= 0.01
      ===== EM models for the G4Region  DefaultRegionForTheWorld ======
               Bragg : Emin=    0 eV  Emax=7.9452 MeV
          BetheBloch : Emin=7.9452 MeV Emax=  100 TeV
G4VUserPhysicsList::BuildPhysicsTable  Calculate Physics Table for anti_He3
G4VUserPhysicsList::BuildPhysicsTable %%%%%% anti_He3
 ProcessManager : 0x11f6df0 ProcessManagerShadow : 0x11f6df0
  0 - Transportation
  1 - msc
  2 - hIoni
--------------------------------------------------------------
  0 - Transportation
  1 - msc
  2 - hIoni
G4VUserPhysicsList::BuildPhysicsTable  Calculate Physics Table for anti_alpha
G4VUserPhysicsList::BuildPhysicsTable %%%%%% anti_alpha
 ProcessManager : 0x11f7040 ProcessManagerShadow : 0x11f7040
  0 - Transportation
  1 - msc
  2 - hIoni
--------------------------------------------------------------
  0 - Transportation
  1 - msc
  2 - hIoni
G4VUserPhysicsList::BuildPhysicsTable  Calculate Physics Table for anti_deuteron
G4VUserPhysicsList::BuildPhysicsTable %%%%%% anti_deuteron
 ProcessManager : 0x11f7290 ProcessManagerShadow : 0x11f7290
  0 - Transportation
  1 - msc
  2 - hIoni
--------------------------------------------------------------
  0 - Transportation
  1 - msc
  2 - hIoni
G4VUserPhysicsList::BuildPhysicsTable  Calculate Physics Table for anti_doublehyperH4
G4VUserPhysicsList::BuildPhysicsTable %%%%%% anti_doublehyperH4
 ProcessManager : 0x11f74e0 ProcessManagerShadow : 0x11f74e0
  0 - Transportation
  1 - Decay
  2 - msc
  3 - hIoni
--------------------------------------------------------------
  0 - Transportation
  1 - Decay
  2 - msc
  3 - hIoni
G4VUserPhysicsList::BuildPhysicsTable  Calculate Physics Table for anti_doublehyperdoubleneutron
G4VUserPhysicsList::BuildPhysicsTable %%%%%% anti_doublehyperdoubleneutron
 ProcessManager : 0x11f7730 ProcessManagerShadow : 0x11f7730
  0 - Transportation
  1 - Decay
--------------------------------------------------------------
  0 - Transportation
  1 - Decay
G4VUserPhysicsList::BuildPhysicsTable  Calculate Physics Table for anti_hyperH4
G4VUserPhysicsList::BuildPhysicsTable %%%%%% anti_hyperH4
 ProcessManager : 0x11f7980 ProcessManagerShadow : 0x11f7980
  0 - Transportation
  1 - Decay
  2 - msc
  3 - hIoni
--------------------------------------------------------------
  0 - Transportation
  1 - Decay
  2 - msc
  3 - hIoni
G4VUserPhysicsList::BuildPhysicsTable  Calculate Physics Table for anti_hyperHe5
G4VUserPhysicsList::BuildPhysicsTable %%%%%% anti_hyperHe5
 ProcessManager : 0x11f7bd0 ProcessManagerShadow : 0x11f7bd0
  0 - Transportation
  1 - Decay
  2 - msc
  3 - hIoni
--------------------------------------------------------------
  0 - Transportation
  1 - Decay
  2 - msc
  3 - hIoni
G4VUserPhysicsList::BuildPhysicsTable  Calculate Physics Table for anti_hyperalpha
G4VUserPhysicsList::BuildPhysicsTable %%%%%% anti_hyperalpha
 ProcessManager : 0x11f7e20 ProcessManagerShadow : 0x11f7e20
  0 - Transportation
  1 - Decay
  2 - msc
  3 - hIoni
--------------------------------------------------------------
  0 - Transportation
  1 - Decay
  2 - msc
  3 - hIoni
G4VUserPhysicsList::BuildPhysicsTable  Calculate Physics Table for anti_hypertriton
G4VUserPhysicsList::BuildPhysicsTable %%%%%% anti_hypertriton
 ProcessManager : 0x11f8070 ProcessManagerShadow : 0x11f8070
  0 - Transportation
  1 - Decay
  2 - msc
  3 - hIoni
--------------------------------------------------------------
  0 - Transportation
  1 - Decay
  2 - msc
  3 - hIoni
G4VUserPhysicsList::BuildPhysicsTable  Calculate Physics Table for anti_kaon0
G4VUserPhysicsList::BuildPhysicsTable %%%%%% anti_kaon0
 ProcessManager : 0x11f82c0 ProcessManagerShadow : 0x11f82c0
  0 - Transportation
  1 - Decay
--------------------------------------------------------------
  0 - Transportation
  1 - Decay
G4VUserPhysicsList::BuildPhysicsTable  Calculate Physics Table for anti_lambda
G4VUserPhysicsList::BuildPhysicsTable %%%%%% anti_lambda
 ProcessManager : 0x11f8510 ProcessManagerShadow : 0x11f8510
  0 - Transportation
  1 - Decay
--------------------------------------------------------------
  0 - Transportation
  1 - Decay
G4VUserPhysicsList::BuildPhysicsTable  Calculate Physics Table for anti_neutron
G4VUserPhysicsList::BuildPhysicsTable %%%%%% anti_neutron
 ProcessManager : 0x11f8760 ProcessManagerShadow : 0x11f8760
  0 - Transportation
  1 - Decay
--------------------------------------------------------------
  0 - Transportation
  1 - Decay
G4VUserPhysicsList::BuildPhysicsTable  Calculate Physics Table for anti_nu_e
G4VUserPhysicsList::BuildPhysicsTable %%%%%% anti_nu_e
 ProcessManager : 0x11f89b0 ProcessManagerShadow : 0x11f89b0
  0 - Transportation
--------------------------------------------------------------
  0 - Transportation
G4VUserPhysicsList::BuildPhysicsTable  Calculate Physics Table for anti_nu_mu
G4VUserPhysicsList::BuildPhysicsTable %%%%%% anti_nu_mu
 ProcessManager : 0x11f8c00 ProcessManagerShadow : 0x11f8c00
  0 - Transportation
--------------------------------------------------------------
  0 - Transportation
G4VUserPhysicsList::BuildPhysicsTable  Calculate Physics Table for anti_omega-
G4VUserPhysicsList::BuildPhysicsTable %%%%%% anti_omega-
 ProcessManager : 0x11f8e50 ProcessManagerShadow : 0x11f8e50
  0 - Transportation
  1 - Decay
  2 - msc
  3 - hIoni
--------------------------------------------------------------
  0 - Transportation
  1 - Decay
  2 - msc
  3 - hIoni
G4VUserPhysicsList::BuildPhysicsTable  Calculate Physics Table for anti_proton
G4VUserPhysicsList::BuildPhysicsTable %%%%%% anti_proton
 ProcessManager : 0x11f90a0 ProcessManagerShadow : 0x11f90a0
  0 - Transportation
  1 - msc
  2 - hIoni
--------------------------------------------------------------
  0 - Transportation
  1 - msc
  2 - hIoni

msc:  for anti_proton  SubType= 10
      ===== EM models for the G4Region  DefaultRegionForTheWorld ======
            UrbanMsc : Emin=    0 eV  Emax=  100 TeV Nbins=84 100 eV  - 100 TeV
          StepLim=Minimal Rfact=0.2 Gfact=2.5 Sfact=0.6 DispFlag:0 Skin=1 Llim=1 mm

hIoni:  for anti_proton  XStype:3  SubType=2
      dE/dx and range tables from 100 eV  to 100 TeV in 84 bins
      Lambda tables from threshold to 100 TeV, 7 bins/decade, spline: 1
      StepFunction=(0.2, 0.1 mm), integ: 3, fluct: 1, linLossLim= 0.01
      ===== EM models for the G4Region  DefaultRegionForTheWorld ======
            ICRU73QO : Emin=    0 eV  Emax=    2 MeV
          BetheBloch : Emin=    2 MeV Emax=  100 TeV
G4VUserPhysicsList::BuildPhysicsTable  Calculate Physics Table for anti_sigma0
G4VUserPhysicsList::BuildPhysicsTable %%%%%% anti_sigma0
 ProcessManager : 0x11f92f0 ProcessManagerShadow : 0x11f92f0
  0 - Transportation
  1 - Decay
--------------------------------------------------------------
  0 - Transportation
  1 - Decay
G4VUserPhysicsList::BuildPhysicsTable  Calculate Physics Table for anti_triton
G4VUserPhysicsList::BuildPhysicsTable %%%%%% anti_triton
 ProcessManager : 0x11f9540 ProcessManagerShadow : 0x11f9540
  0 - Transportation
  1 - Decay
  2 - msc
  3 - hIoni
--------------------------------------------------------------
  0 - Transportation
  1 - Decay
  2 - msc
  3 - hIoni
G4VUserPhysicsList::BuildPhysicsTable  Calculate Physics Table for anti_xi-
G4VUserPhysicsList::BuildPhysicsTable %%%%%% anti_xi-
 ProcessManager : 0x11f9790 ProcessManagerShadow : 0x11f9790
  0 - Transportation
  1 - Decay
  2 - msc
  3 - hIoni
--------------------------------------------------------------
  0 - Transportation
  1 - Decay
  2 - msc
  3 - hIoni
G4VUserPhysicsList::BuildPhysicsTable  Calculate Physics Table for anti_xi0
G4VUserPhysicsList::BuildPhysicsTable %%%%%% anti_xi0
 ProcessManager : 0x11f99e0 ProcessManagerShadow : 0x11f99e0
  0 - Transportation
  1 - Decay
--------------------------------------------------------------
  0 - Transportation
  1 - Decay
G4VUserPhysicsList::BuildPhysicsTable  Calculate Physics Table for chargedgeantino
G4VUserPhysicsList::BuildPhysicsTable %%%%%% chargedgeantino
 ProcessManager : 0x11f9c30 ProcessManagerShadow : 0x11f9c30
  0 - Transportation
--------------------------------------------------------------
  0 - Transportation
G4VUserPhysicsList::BuildPhysicsTable  Calculate Physics Table for deuteron
G4VUserPhysicsList::BuildPhysicsTable %%%%%% deuteron
 ProcessManager : 0x11f9e80 ProcessManagerShadow : 0x11f9e80
  0 - Transportation
  1 - msc
  2 - hIoni
--------------------------------------------------------------
  0 - Transportation
  1 - msc
  2 - hIoni
G4VUserPhysicsList::BuildPhysicsTable  Calculate Physics Table for doublehyperH4
G4VUserPhysicsList::BuildPhysicsTable %%%%%% doublehyperH4
 ProcessManager : 0x11fa0d0 ProcessManagerShadow : 0x11fa0d0
  0 - Transportation
  1 - Decay
  2 - msc
  3 - hIoni
--------------------------------------------------------------
  0 - Transportation
  1 - Decay
  2 - msc
  3 - hIoni
G4VUserPhysicsList::BuildPhysicsTable  Calculate Physics Table for doublehyperdoubleneutron
G4VUserPhysicsList::BuildPhysicsTable %%%%%% doublehyperdoubleneutron
 ProcessManager : 0x11fa320 ProcessManagerShadow : 0x11fa320
  0 - Transportation
  1 - Decay
--------------------------------------------------------------
  0 - Transportation
  1 - Decay
G4VUserPhysicsList::BuildPhysicsTable  Calculate Physics Table for eta
G4VUserPhysicsList::BuildPhysicsTable %%%%%% eta
 ProcessManager : 0x11faa10 ProcessManagerShadow : 0x11faa10
  0 - Transportation
  1 - Decay
--------------------------------------------------------------
  0 - Transportation
  1 - Decay
G4VUserPhysicsList::BuildPhysicsTable  Calculate Physics Table for eta_prime
G4VUserPhysicsList::BuildPhysicsTable %%%%%% eta_prime
 ProcessManager : 0x11fac60 ProcessManagerShadow : 0x11fac60
  0 - Transportation
  1 - Decay
--------------------------------------------------------------
  0 - Transportation
  1 - Decay
G4VUserPhysicsList::BuildPhysicsTable  Calculate Physics Table for geantino
G4VUserPhysicsList::BuildPhysicsTable %%%%%% geantino
 ProcessManager : 0x11fb100 ProcessManagerShadow : 0x11fb100
  0 - Transportation
--------------------------------------------------------------
  0 - Transportation
G4VUserPhysicsList::BuildPhysicsTable  Calculate Physics Table for hyperH4
G4VUserPhysicsList::BuildPhysicsTable %%%%%% hyperH4
 ProcessManager : 0x11fb350 ProcessManagerShadow : 0x11fb350
  0 - Transportation
  1 - Decay
  2 - msc
  3 - hIoni
--------------------------------------------------------------
  0 - Transportation
  1 - Decay
  2 - msc
  3 - hIoni
G4VUserPhysicsList::BuildPhysicsTable  Calculate Physics Table for hyperHe5
G4VUserPhysicsList::BuildPhysicsTable %%%%%% hyperHe5
 ProcessManager : 0x11fb5a0 ProcessManagerShadow : 0x11fb5a0
  0 - Transportation
  1 - Decay
  2 - msc
  3 - hIoni
--------------------------------------------------------------
  0 - Transportation
  1 - Decay
  2 - msc
  3 - hIoni
G4VUserPhysicsList::BuildPhysicsTable  Calculate Physics Table for hyperalpha
G4VUserPhysicsList::BuildPhysicsTable %%%%%% hyperalpha
 ProcessManager : 0x11fb7f0 ProcessManagerShadow : 0x11fb7f0
  0 - Transportation
  1 - Decay
  2 - msc
  3 - hIoni
--------------------------------------------------------------
  0 - Transportation
  1 - Decay
  2 - msc
  3 - hIoni
G4VUserPhysicsList::BuildPhysicsTable  Calculate Physics Table for hypertriton
G4VUserPhysicsList::BuildPhysicsTable %%%%%% hypertriton
 ProcessManager : 0x11fba40 ProcessManagerShadow : 0x11fba40
  0 - Transportation
  1 - Decay
  2 - msc
  3 - hIoni
--------------------------------------------------------------
  0 - Transportation
  1 - Decay
  2 - msc
  3 - hIoni
G4VUserPhysicsList::BuildPhysicsTable  Calculate Physics Table for kaon+
G4VUserPhysicsList::BuildPhysicsTable %%%%%% kaon+
 ProcessManager : 0x11fbc90 ProcessManagerShadow : 0x11fbc90
  0 - Transportation
  1 - Decay
  2 - msc
  3 - hIoni
--------------------------------------------------------------
  0 - Transportation
  1 - Decay
  2 - msc
  3 - hIoni

msc:  for kaon+  SubType= 10
      ===== EM models for the G4Region  DefaultRegionForTheWorld ======
            UrbanMsc : Emin=    0 eV  Emax=  100 TeV Nbins=84 100 eV  - 100 TeV
          StepLim=Minimal Rfact=0.2 Gfact=2.5 Sfact=0.6 DispFlag:0 Skin=1 Llim=1 mm

hIoni:  for kaon+  XStype:3  SubType=2
      dE/dx and range tables from 100 eV  to 100 TeV in 84 bins
      Lambda tables from threshold to 100 TeV, 7 bins/decade, spline: 1
      StepFunction=(0.2, 0.1 mm), integ: 3, fluct: 1, linLossLim= 0.01
      ===== EM models for the G4Region  DefaultRegionForTheWorld ======
               Bragg : Emin=    0 eV  Emax=1.05231 MeV
          BetheBloch : Emin=1.05231 MeV Emax=  100 TeV
G4VUserPhysicsList::BuildPhysicsTable  Calculate Physics Table for kaon-
G4VUserPhysicsList::BuildPhysicsTable %%%%%% kaon-
 ProcessManager : 0x11fbee0 ProcessManagerShadow : 0x11fbee0
  0 - Transportation
  1 - Decay
  2 - msc
  3 - hIoni
--------------------------------------------------------------
  0 - Transportation
  1 - Decay
  2 - msc
  3 - hIoni

msc:  for kaon-  SubType= 10
      ===== EM models for the G4Region  DefaultRegionForTheWorld ======
            UrbanMsc : Emin=    0 eV  Emax=  100 TeV Nbins=84 100 eV  - 100 TeV
          StepLim=Minimal Rfact=0.2 Gfact=2.5 Sfact=0.6 DispFlag:0 Skin=1 Llim=1 mm

hIoni:  for kaon-  XStype:3  SubType=2
      dE/dx and range tables from 100 eV  to 100 TeV in 84 bins
      Lambda tables from threshold to 100 TeV, 7 bins/decade, spline: 1
      StepFunction=(0.2, 0.1 mm), integ: 3, fluct: 1, linLossLim= 0.01
      ===== EM models for the G4Region  DefaultRegionForTheWorld ======
            ICRU73QO : Emin=    0 eV  Emax=1.05231 MeV
          BetheBloch : Emin=1.05231 MeV Emax=  100 TeV
G4VUserPhysicsList::BuildPhysicsTable  Calculate Physics Table for kaon0
G4VUserPhysicsList::BuildPhysicsTable %%%%%% kaon0
 ProcessManager : 0x11fc130 ProcessManagerShadow : 0x11fc130
  0 - Transportation
  1 - Decay
--------------------------------------------------------------
  0 - Transportation
  1 - Decay
G4VUserPhysicsList::BuildPhysicsTable  Calculate Physics Table for kaon0L
G4VUserPhysicsList::BuildPhysicsTable %%%%%% kaon0L
 ProcessManager : 0x11fc380 ProcessManagerShadow : 0x11fc380
  0 - Transportation
  1 - Decay
--------------------------------------------------------------
  0 - Transportation
  1 - Decay
G4VUserPhysicsList::BuildPhysicsTable  Calculate Physics Table for kaon0S
G4VUserPhysicsList::BuildPhysicsTable %%%%%% kaon0S
 ProcessManager : 0x11fc5d0 ProcessManagerShadow : 0x11fc5d0
  0 - Transportation
  1 - Decay
--------------------------------------------------------------
  0 - Transportation
  1 - Decay
G4VUserPhysicsList::BuildPhysicsTable  Calculate Physics Table for lambda
G4VUserPhysicsList::BuildPhysicsTable %%%%%% lambda
 ProcessManager : 0x11fc820 ProcessManagerShadow : 0x11fc820
  0 - Transportation
  1 - Decay
--------------------------------------------------------------
  0 - Transportation
  1 - Decay
G4VUserPhysicsList::BuildPhysicsTable  Calculate Physics Table for mu+
G4VUserPhysicsList::BuildPhysicsTable %%%%%% mu+
 ProcessManager : 0x11fca70 ProcessManagerShadow : 0x11fca70
  0 - Transportation
  1 - Decay
  2 - msc
  3 - muIoni
  4 - muBrems
  5 - muPairProd
--------------------------------------------------------------
  0 - Transportation
  1 - Decay
  2 - msc
  3 - muIoni
  4 - muBrems
  5 - muPairProd

msc:  for mu+  SubType= 10
      ===== EM models for the G4Region  DefaultRegionForTheWorld ======
            UrbanMsc : Emin=    0 eV  Emax=  100 TeV Nbins=84 100 eV  - 100 TeV
          StepLim=Minimal Rfact=0.2 Gfact=2.5 Sfact=0.6 DispFlag:0 Skin=1 Llim=1 mm

muIoni:  for mu+  XStype:3  SubType=2
      dE/dx and range tables from 100 eV  to 100 TeV in 84 bins
      Lambda tables from threshold to 100 TeV, 7 bins/decade, spline: 1
      StepFunction=(0.2, 0.1 mm), integ: 3, fluct: 1, linLossLim= 0.01
      ===== EM models for the G4Region  DefaultRegionForTheWorld ======
               Bragg : Emin=    0 eV  Emax=  200 keV
        MuBetheBloch : Emin=  200 keV Emax=  100 TeV

muBrems:  for mu+  XStype:1  SubType=3
      dE/dx and range tables from 100 eV  to 100 TeV in 84 bins
      Lambda tables from threshold to 100 TeV, 7 bins/decade, spline: 1
      ===== EM models for the G4Region  DefaultRegionForTheWorld ======
              MuBrem : Emin=    0 eV  Emax=  100 TeV  ModifiedMephi

muPairProd:  for mu+  XStype:1  SubType=4
      dE/dx and range tables from 100 eV  to 100 TeV in 84 bins
      Lambda tables from threshold to 100 TeV, 7 bins/decade, spline: 1
      Sampling table 21x1001; from 0.85 GeV to 100 TeV 
      ===== EM models for the G4Region  DefaultRegionForTheWorld ======
          muPairProd : Emin=    0 eV  Emax=  100 TeV  ModifiedMephi
G4VUserPhysicsList::BuildPhysicsTable  Calculate Physics Table for mu-
G4VUserPhysicsList::BuildPhysicsTable %%%%%% mu-
 ProcessManager : 0x11fccc0 ProcessManagerShadow : 0x11fccc0
  0 - Transportation
  1 - Decay
  2 - msc
  3 - muIoni
  4 - muBrems
  5 - muPairProd
--------------------------------------------------------------
  0 - Transportation
  1 - Decay
  2 - msc
  3 - muIoni
  4 - muBrems
  5 - muPairProd

msc:  for mu-  SubType= 10
      ===== EM models for the G4Region  DefaultRegionForTheWorld ======
            UrbanMsc : Emin=    0 eV  Emax=  100 TeV Nbins=84 100 eV  - 100 TeV
          StepLim=Minimal Rfact=0.2 Gfact=2.5 Sfact=0.6 DispFlag:0 Skin=1 Llim=1 mm

muIoni:  for mu-  XStype:3  SubType=2
      dE/dx and range tables from 100 eV  to 100 TeV in 84 bins
      Lambda tables from threshold to 100 TeV, 7 bins/decade, spline: 1
      StepFunction=(0.2, 0.1 mm), integ: 3, fluct: 1, linLossLim= 0.01
      ===== EM models for the G4Region  DefaultRegionForTheWorld ======
            ICRU73QO : Emin=    0 eV  Emax=  200 keV
        MuBetheBloch : Emin=  200 keV Emax=  100 TeV

muBrems:  for mu-  XStype:1  SubType=3
      dE/dx and range tables from 100 eV  to 100 TeV in 84 bins
      Lambda tables from threshold to 100 TeV, 7 bins/decade, spline: 1
      ===== EM models for the G4Region  DefaultRegionForTheWorld ======
              MuBrem : Emin=    0 eV  Emax=  100 TeV  ModifiedMephi

muPairProd:  for mu-  XStype:1  SubType=4
      dE/dx and range tables from 100 eV  to 100 TeV in 84 bins
      Lambda tables from threshold to 100 TeV, 7 bins/decade, spline: 1
      Sampling table 21x1001; from 0.85 GeV to 100 TeV 
      ===== EM models for the G4Region  DefaultRegionForTheWorld ======
          muPairProd : Emin=    0 eV  Emax=  100 TeV  ModifiedMephi
G4VUserPhysicsList::BuildPhysicsTable  Calculate Physics Table for neutron
G4VUserPhysicsList::BuildPhysicsTable %%%%%% neutron
 ProcessManager : 0x11fcf10 ProcessManagerShadow : 0x11fcf10
  0 - Transportation
  1 - Decay
--------------------------------------------------------------
  0 - Transportation
  1 - Decay
G4VUserPhysicsList::BuildPhysicsTable  Calculate Physics Table for nu_e
G4VUserPhysicsList::BuildPhysicsTable %%%%%% nu_e
 ProcessManager : 0x11fd160 ProcessManagerShadow : 0x11fd160
  0 - Transportation
--------------------------------------------------------------
  0 - Transportation
G4VUserPhysicsList::BuildPhysicsTable  Calculate Physics Table for nu_mu
G4VUserPhysicsList::BuildPhysicsTable %%%%%% nu_mu
 ProcessManager : 0x11fd3b0 ProcessManagerShadow : 0x11fd3b0
  0 - Transportation
--------------------------------------------------------------
  0 - Transportation
G4VUserPhysicsList::BuildPhysicsTable  Calculate Physics Table for omega-
G4VUserPhysicsList::BuildPhysicsTable %%%%%% omega-
 ProcessManager : 0x11fd600 ProcessManagerShadow : 0x11fd600
  0 - Transportation
  1 - Decay
  2 - msc
  3 - hIoni
--------------------------------------------------------------
  0 - Transportation
  1 - Decay
  2 - msc
  3 - hIoni
G4VUserPhysicsList::BuildPhysicsTable  Calculate Physics Table for pi+
G4VUserPhysicsList::BuildPhysicsTable %%%%%% pi+
 ProcessManager : 0x11fd850 ProcessManagerShadow : 0x11fd850
  0 - Transportation
  1 - Decay
  2 - msc
  3 - hIoni
--------------------------------------------------------------
  0 - Transportation
  1 - Decay
  2 - msc
  3 - hIoni

msc:  for pi+  SubType= 10
      ===== EM models for the G4Region  DefaultRegionForTheWorld ======
            UrbanMsc : Emin=    0 eV  Emax=  100 TeV Nbins=84 100 eV  - 100 TeV
          StepLim=Minimal Rfact=0.2 Gfact=2.5 Sfact=0.6 DispFlag:0 Skin=1 Llim=1 mm

hIoni:  for pi+  XStype:3  SubType=2
      dE/dx and range tables from 100 eV  to 100 TeV in 84 bins
      Lambda tables from threshold to 100 TeV, 7 bins/decade, spline: 1
      StepFunction=(0.2, 0.1 mm), integ: 3, fluct: 1, linLossLim= 0.01
      ===== EM models for the G4Region  DefaultRegionForTheWorld ======
               Bragg : Emin=    0 eV  Emax=297.505 keV
          BetheBloch : Emin=297.505 keV Emax=  100 TeV
G4VUserPhysicsList::BuildPhysicsTable  Calculate Physics Table for pi-
G4VUserPhysicsList::BuildPhysicsTable %%%%%% pi-
 ProcessManager : 0x11fdaa0 ProcessManagerShadow : 0x11fdaa0
  0 - Transportation
  1 - Decay
  2 - msc
  3 - hIoni
--------------------------------------------------------------
  0 - Transportation
  1 - Decay
  2 - msc
  3 - hIoni

msc:  for pi-  SubType= 10
      ===== EM models for the G4Region  DefaultRegionForTheWorld ======
            UrbanMsc : Emin=    0 eV  Emax=  100 TeV Nbins=84 100 eV  - 100 TeV
          StepLim=Minimal Rfact=0.2 Gfact=2.5 Sfact=0.6 DispFlag:0 Skin=1 Llim=1 mm

hIoni:  for pi-  XStype:3  SubType=2
      dE/dx and range tables from 100 eV  to 100 TeV in 84 bins
      Lambda tables from threshold to 100 TeV, 7 bins/decade, spline: 1
      StepFunction=(0.2, 0.1 mm), integ: 3, fluct: 1, linLossLim= 0.01
      ===== EM models for the G4Region  DefaultRegionForTheWorld ======
            ICRU73QO : Emin=    0 eV  Emax=297.505 keV
          BetheBloch : Emin=297.505 keV Emax=  100 TeV
G4VUserPhysicsList::BuildPhysicsTable  Calculate Physics Table for pi0
G4VUserPhysicsList::BuildPhysicsTable %%%%%% pi0
 ProcessManager : 0x11fdcf0 ProcessManagerShadow : 0x11fdcf0
  0 - Transportation
  1 - Decay
--------------------------------------------------------------
  0 - Transportation
  1 - Decay
G4VUserPhysicsList::BuildPhysicsTable  Calculate Physics Table for sigma+
G4VUserPhysicsList::BuildPhysicsTable %%%%%% sigma+
 ProcessManager : 0x11fe190 ProcessManagerShadow : 0x11fe190
  0 - Transportation
  1 - Decay
  2 - msc
  3 - hIoni
--------------------------------------------------------------
  0 - Transportation
  1 - Decay
  2 - msc
  3 - hIoni
G4VUserPhysicsList::BuildPhysicsTable  Calculate Physics Table for sigma-
G4VUserPhysicsList::BuildPhysicsTable %%%%%% sigma-
 ProcessManager : 0x11fe3e0 ProcessManagerShadow : 0x11fe3e0
  0 - Transportation
  1 - Decay
  2 - msc
  3 - hIoni
--------------------------------------------------------------
  0 - Transportation
  1 - Decay
  2 - msc
  3 - hIoni
G4VUserPhysicsList::BuildPhysicsTable  Calculate Physics Table for sigma0
G4VUserPhysicsList::BuildPhysicsTable %%%%%% sigma0
 ProcessManager : 0x11fe630 ProcessManagerShadow : 0x11fe630
  0 - Transportation
  1 - Decay
--------------------------------------------------------------
  0 - Transportation
  1 - Decay
G4VUserPhysicsList::BuildPhysicsTable  Calculate Physics Table for triton
G4VUserPhysicsList::BuildPhysicsTable %%%%%% triton
 ProcessManager : 0x11fe880 ProcessManagerShadow : 0x11fe880
  0 - Transportation
  1 - Decay
  2 - msc
  3 - hIoni
--------------------------------------------------------------
  0 - Transportation
  1 - Decay
  2 - msc
  3 - hIoni
G4VUserPhysicsList::BuildPhysicsTable  Calculate Physics Table for xi-
G4VUserPhysicsList::BuildPhysicsTable %%%%%% xi-
 ProcessManager : 0x11fead0 ProcessManagerShadow : 0x11fead0
  0 - Transportation
  1 - Decay
  2 - msc
  3 - hIoni
--------------------------------------------------------------
  0 - Transportation
  1 - Decay
  2 - msc
  3 - hIoni
G4VUserPhysicsList::BuildPhysicsTable  Calculate Physics Table for xi0
G4VUserPhysicsList::BuildPhysicsTable %%%%%% xi0
 ProcessManager : 0x11fed20 ProcessManagerShadow : 0x11fed20
  0 - Transportation
  1 - Decay
--------------------------------------------------------------
  0 - Transportation
  1 - Decay

Region <DefaultRegionForTheWorld> --  -- appears in <worldPhysical> world volume
 This region is in the mass world.
 Root logical volume(s) : worldLogical 
 Pointers : G4VUserRegionInformation[0], G4UserLimits[0], G4FastSimulationManager[0], G4UserSteppingAction[0]
 Materials : G4_AIR G4_Pb 
 Production cuts :   gamma 1 mm      e- 1 mm      e+ 1 mm  proton 1 mm 

Region <DefaultRegionForParallelWorld> --  -- is not associated to any world.
 Root logical volume(s) : 
 Pointers : G4VUserRegionInformation[0], G4UserLimits[0], G4FastSimulationManager[0], G4UserSteppingAction[0]
 Materials : 
 Production cuts :   gamma 1 mm      e- 1 mm      e+ 1 mm  proton 1 mm 

========= Table of registered couples ============================

Index : 0     used in the geometry : Yes
 Material : G4_AIR
 Range cuts        :  gamma  1 mm     e-  1 mm     e+  1 mm  proton 1 mm 
 Energy thresholds :  gamma  990 eV     e-  990 eV     e+  990 eV  proton 100 keV
 Region(s) which use this couple : 
    DefaultRegionForTheWorld

Index : 1     used in the geometry : Yes
 Material : G4_Pb
 Range cuts        :  gamma  1 mm     e-  1 mm     e+  1 mm  proton 1 mm 
 Energy thresholds :  gamma  101.797 keV    e-  1.37158 MeV    e+  1.2826 MeV proton 100 keV
 Region(s) which use this couple : 
    DefaultRegionForTheWorld

==================================================================

Start closing geometry.
G4GeometryManager::ReportVoxelStats -- Voxel Statistics

    Total memory consumed for geometry optimisation:   37 kByte
    Total CPU time elapsed for geometry optimisation: 0 seconds

    Voxelisation: top CPU users:
    Percent   Total CPU    System CPU       Memory  Volume
    -------   ----------   ----------     --------  ----------
       0.00         0.00         0.00           37k worldLogical
       0.00         0.00         0.00            0k detector_0
       0.00         0.00         0.00            0k detector_1

    Voxelisation: top memory users:
    Percent     Memory      Heads    Nodes   Pointers    Total CPU    Volume
    -------   --------     ------   ------   --------   ----------    ----------
      98.69         36k        83      453       1220         0.00    worldLogical
       0.65          0k         1        3          4         0.00    detector_0
       0.65          0k         1        3          4         0.00    detector_1
G4VisManager: Using G4TrajectoryDrawByCharge as fallback trajectory model.
See commands in /vis/modeling/trajectories/ for other options.
### Run 0 starts.
 Run terminated.
Run Summary
  Number of events processed : 10000
  User=1.860000s Real=1.866597s Sys=0.000000s [Cpu=99.6%]
Graphics systems deleted.
Visualization Manager deleting...
G4 kernel has come to Quit state.
UserDetectorConstruction deleted.
G4VUserPhysicsList::RemoveProcessManager: remove ProcessManager from GenericIon
G4VUserPhysicsList::RemoveProcessManager: remove ProcessManager from He3
G4VUserPhysicsList::RemoveProcessManager: remove ProcessManager from alpha
G4VUserPhysicsList::RemoveProcessManager: remove ProcessManager from anti_He3
G4VUserPhysicsList::RemoveProcessManager: remove ProcessManager from anti_alpha
G4VUserPhysicsList::RemoveProcessManager: remove ProcessManager from anti_deuteron
G4VUserPhysicsList::RemoveProcessManager: remove ProcessManager from anti_doublehyperH4
G4VUserPhysicsList::RemoveProcessManager: remove ProcessManager from anti_doublehyperdoubleneutron
G4VUserPhysicsList::RemoveProcessManager: remove ProcessManager from anti_hyperH4
G4VUserPhysicsList::RemoveProcessManager: remove ProcessManager from anti_hyperHe5
G4VUserPhysicsList::RemoveProcessManager: remove ProcessManager from anti_hyperalpha
G4VUserPhysicsList::RemoveProcessManager: remove ProcessManager from anti_hypertriton
G4VUserPhysicsList::RemoveProcessManager: remove ProcessManager from anti_kaon0
G4VUserPhysicsList::RemoveProcessManager: remove ProcessManager from anti_lambda
G4VUserPhysicsList::RemoveProcessManager: remove ProcessManager from anti_neutron
G4VUserPhysicsList::RemoveProcessManager: remove ProcessManager from anti_nu_e
G4VUserPhysicsList::RemoveProcessManager: remove ProcessManager from anti_nu_mu
G4VUserPhysicsList::RemoveProcessManager: remove ProcessManager from anti_omega-
G4VUserPhysicsList::RemoveProcessManager: remove ProcessManager from anti_proton
G4VUserPhysicsList::RemoveProcessManager: remove ProcessManager from anti_sigma0
G4VUserPhysicsList::RemoveProcessManager: remove ProcessManager from anti_triton
G4VUserPhysicsList::RemoveProcessManager: remove ProcessManager from anti_xi-
G4VUserPhysicsList::RemoveProcessManager: remove ProcessManager from anti_xi0
G4VUserPhysicsList::RemoveProcessManager: remove ProcessManager from chargedgeantino
G4VUserPhysicsList::RemoveProcessManager: remove ProcessManager from deuteron
G4VUserPhysicsList::RemoveProcessManager: remove ProcessManager from doublehyperH4
G4VUserPhysicsList::RemoveProcessManager: remove ProcessManager from doublehyperdoubleneutron
G4VUserPhysicsList::RemoveProcessManager: remove ProcessManager from e+
G4VUserPhysicsList::RemoveProcessManager: remove ProcessManager from e-
G4VUserPhysicsList::RemoveProcessManager: remove ProcessManager from eta
G4VUserPhysicsList::RemoveProcessManager: remove ProcessManager from eta_prime
G4VUserPhysicsList::RemoveProcessManager: remove ProcessManager from gamma
G4VUserPhysicsList::RemoveProcessManager: remove ProcessManager from geantino
G4VUserPhysicsList::RemoveProcessManager: remove ProcessManager from hyperH4
G4VUserPhysicsList::RemoveProcessManager: remove ProcessManager from hyperHe5
G4VUserPhysicsList::RemoveProcessManager: remove ProcessManager from hyperalpha
G4VUserPhysicsList::RemoveProcessManager: remove ProcessManager from hypertriton
G4VUserPhysicsList::RemoveProcessManager: remove ProcessManager from kaon+
G4VUserPhysicsList::RemoveProcessManager: remove ProcessManager from kaon-
G4VUserPhysicsList::RemoveProcessManager: remove ProcessManager from kaon0
G4VUserPhysicsList::RemoveProcessManager: remove ProcessManager from kaon0L
G4VUserPhysicsList::RemoveProcessManager: remove ProcessManager from kaon0S
G4VUserPhysicsList::RemoveProcessManager: remove ProcessManager from lambda
G4VUserPhysicsList::RemoveProcessManager: remove ProcessManager from mu+
G4VUserPhysicsList::RemoveProcessManager: remove ProcessManager from mu-
G4VUserPhysicsList::RemoveProcessManager: remove ProcessManager from neutron
G4VUserPhysicsList::RemoveProcessManager: remove ProcessManager from nu_e
G4VUserPhysicsList::RemoveProcessManager: remove ProcessManager from nu_mu
G4VUserPhysicsList::RemoveProcessManager: remove ProcessManager from omega-
G4VUserPhysicsList::RemoveProcessManager: remove ProcessManager from pi+
G4VUserPhysicsList::RemoveProcessManager: remove ProcessManager from pi-
G4VUserPhysicsList::RemoveProcessManager: remove ProcessManager from pi0
G4VUserPhysicsList::RemoveProcessManager: remove ProcessManager from proton
G4VUserPhysicsList::RemoveProcessManager: remove ProcessManager from sigma+
G4VUserPhysicsList::RemoveProcessManager: remove ProcessManager from sigma-
G4VUserPhysicsList::RemoveProcessManager: remove ProcessManager from sigma0
G4VUserPhysicsList::RemoveProcessManager: remove ProcessManager from triton
G4VUserPhysicsList::RemoveProcessManager: remove ProcessManager from xi-
G4VUserPhysicsList::RemoveProcessManager: remove ProcessManager from xi0
UserPhysicsList deleted.
UserActionInitialization deleted.
UserWorkerInitialization deleted.
UserWorkerThreadInitialization deleted.
UserRunAction deleted.
Time simulated: 10.7163
UserPrimaryGenerator deleted.
RunManager is deleting RunManagerKernel.
G4SDManager deleted.
EventManager deleted.
Units table cleared.
TransportationManager deleted.
Total navigation history collections cleaned: 15
G4RNGHelper object is deleted.
================== Deleting memory pools ===================
Pool ID '20G4NavigationLevelRep', size : 0.0221 MB
Pool ID '24G4ReferenceCountedHandleIvE', size : 0.000961 MB
Pool ID '16G4SmartVoxelNode', size : 0.0154 MB
Pool ID '17G4SmartVoxelProxy', size : 0.00865 MB
Pool ID '7G4Event', size : 0.000961 MB
Pool ID '15G4PrimaryVertex', size : 0.000961 MB
Pool ID '17G4PrimaryParticle', size : 0.000961 MB
Pool ID '15G4HCofThisEvent', size : 0.000961 MB
Pool ID '16G4HitsCollection', size : 0.000961 MB
Pool ID '17G4DynamicParticle', size : 0.0423 MB
Pool ID '7G4Track', size : 0.0836 MB
Pool ID '18G4TouchableHistory', size : 0.00192 MB
Pool ID '15G4CountedObjectIvE', size : 0.000961 MB
Number of memory pools allocated: 14; of which, static: 1
Dynamic pools deleted: 13 / Total memory freed: 0.19 MB
============================================================
G4Allocator objects are deleted.
UImanager deleted.
StateManager deleted.
RunManagerKernel is deleted. Good bye :)
RunManager is deleted.
The program finished successfully
[CORRECT] Geant4 done.
[INFO] Running makeHLTuple...
Number of events 5618
21
-------------------New----------------
0 0 67.20653591145219 11.86650292466438 118.5
0 1 68.1982590448197 12.277841092211958 108.5
1 0 90.63900737372907 21.62640516666813 -117.5
1 1 89.69692579722994 21.233438555557626 -108.0
22
-------------------New----------------
0 0 -9.924990189270748 86.97785863417009 118.5
0 1 -11.993159707652072 84.34515192337571 108.5
1 0 -58.74959049808264 24.851141333231716 -117.5
1 1 -56.783031860875255 27.352153216987375 -108.0
29
-------------------New----------------
0 0 26.695698115595757 46.96678860910973 118.5
0 1 27.948900385813527 48.75755685681066 108.5
1 0 56.28739686981169 89.23008913798985 -117.5
1 1 55.09584966279256 87.5292876991555 -108.0
35
-------------------New----------------
0 0 7.924261630915519 50.17493674555524 118.5
0 1 8.900032743628543 49.43262440262059 108.5
1 0 30.971107184483362 32.650431290192756 -117.5
1 1 30.044572580031105 33.35581285854825 -108.0
47
-------------------New----------------
0 0 12.408029137883323 -55.73553639364936 118.5
0 1 7.033100357948223 -53.40171197007906 108.5
1 0 -114.27138127728225 -0.6883358868105048 -117.5
1 1 -109.1777323893997 -2.902302917648833 -108.0
56
-------------------New----------------
0 0 32.22140502696253 -68.0595602065429 118.5
0 1 29.47051605624717 -67.97193378049222 108.5
1 0 -32.707347705999425 -65.96488459877159 -117.5
1 1 -30.09274325721691 -66.04959200698895 -108.0
59
-------------------New----------------
0 0 54.359067793537044 -26.606514749413623 118.5
0 1 54.912217239978624 -27.74507046393547 108.5
1 0 67.44106751913412 -53.48476679792655 -117.5
1 1 66.91334735208406 -52.40267853719776 -108.0
60
-------------------New----------------
0 0 87.08435020132463 -27.902389627250365 118.5
0 1 84.68589098840788 -22.76083304115278 108.5
1 0 30.452913059932502 93.460999351765 -117.5
1 1 32.73205607183239 88.57794073821847 -108.0
67
-------------------New----------------
0 0 -17.957200854144194 43.31881071626297 118.5
0 1 -16.69562301867965 42.586602486944436 108.5
1 0 11.775728004700627 26.07376820850073 -117.5
1 1 10.581285593857075 26.764280744169252 -108.0
70
-------------------New----------------
0 0 79.35178253488081 45.66843564898712 118.5
0 1 77.6547161430602 41.913211880251865 108.5
1 0 39.29719858585776 -42.951717270218765 -117.5
1 1 40.90935666455091 -39.38440451794811 -108.0
74
-------------------New----------------
0 0 -59.29844418128441 90.96235453385826 118.5
0 1 -57.592841519616265 90.45615905860112 108.5
1 0 -18.9594769678141 78.98965043503992 -117.5
1 1 -20.585110724232365 79.47553750960006 -108.0
77
-------------------New----------------
0 0 10.676388881132379 2.517351539460246 118.5
0 1 13.119364318111256 1.0305997832537845 108.5
1 0 68.22348406776497 -32.538567718807556 -117.5
1 1 65.91022812502678 -31.12826657078142 -108.0
94
-------------------New----------------
0 0 -19.454184459442107 -120.44324107848495 118.5
0 1 -23.008468559494343 -119.94532289167023 108.5
1 0 -103.33825909847376 -108.67002103811737 -117.5
1 1 -99.9613248945112 -109.14484282447222 -108.0
100
-------------------New----------------
0 0 -27.738136579294274 29.121586048981943 118.5
0 1 -25.419096653006157 25.12124057270794 108.5
1 0 27.031491114730347 -65.22522587488629 -117.5
1 1 24.82495361855557 -61.42613758851833 -108.0
107
-------------------New----------------
0 0 -86.69989014239744 28.857289000762215 118.5
0 1 -84.06297719879413 28.88934575372797 108.5
1 0 -24.473724984121468 29.724813641885525 -117.5
1 1 -26.981139140576612 29.686031821520153 -108.0
108
-------------------New----------------
0 0 -109.98744660516829 -85.11453839747045 118.5
0 1 -110.57948562331026 -83.1444063508068 108.5
1 0 -121.81262059814814 -39.35802761552124 -117.5
1 1 -121.37415354311543 -41.19564102142404 -108.0
119
-------------------New----------------
0 0 100.90144602050495 48.71541449242933 118.5
0 1 100.43957379954226 51.57858611999827 108.5
1 0 90.14324581563721 116.34765773416459 -117.5
1 1 90.57435647354961 113.62761656981745 -108.0
121
-------------------New----------------
0 0 4.473312920820687 -54.34398419718211 118.5
0 1 0.7261431964275555 -54.45046018203875 108.5
1 0 -83.9511647342817 -56.86024501837271 -117.5
1 1 -80.39190300969206 -56.75897014461981 -108.0
126
-------------------New----------------
0 0 -50.87353719044593 88.81982855525544 118.5
0 1 -51.31219624637616 86.30888447163781 108.5
1 0 -61.27083883439366 29.53144712666259 -117.5
1 1 -60.854432570749836 31.91956397693546 -108.0
127
-------------------New----------------
0 0 -22.006059672527204 -54.40453485754517 118.5
0 1 -17.93117777636719 -50.76784637538795 108.5
1 0 74.17738353327324 31.433740024692753 -117.5
1 1 70.30413241595622 27.977289838960917 -108.0
138
-------------------New----------------
0 0 76.92986327480921 9.624870820485691 118.5
0 1 78.9069372041138 12.220747175221168 108.5
1 0 123.65002444916372 71.08295654775836 -117.5
1 1 121.76819500407343 68.60687479877546 -108.0
148
-------------------New----------------
0 0 -96.92251700540169 -1.0211496515033922 118.5
0 1 -95.80403601429678 -0.3669153321965107 108.5
1 0 -70.53937829884009 14.414031419429756 -117.5
1 1 -71.60071650529825 13.793186905026095 -108.0
149
-------------------New----------------
0 0 -13.082797507314655 -44.31042285410017 118.5
0 1 -16.391407917301873 -46.93550485940298 108.5
1 0 -91.1584532074137 -106.2488245140739 -117.5
1 1 -88.01648422601973 -103.75612875668642 -108.0
158
-------------------New----------------
0 0 78.48493508130966 -11.685685862665553 118.5
0 1 77.74995519670918 -15.364787166696834 108.5
1 0 61.19442286673844 -98.47470578083701 -117.5
1 1 61.88757336266694 -94.98330514048845 -108.0
164
-------------------New----------------
0 0 -75.13847448585402 24.355019943607637 118.5
0 1 -76.88361498392887 24.121222601886295 108.5
1 0 -116.3131673659927 18.808272338006784 -117.5
1 1 -114.65686698257386 19.03169479674673 -108.0
170
-------------------New----------------
0 0 53.96299066047741 -18.598429295375993 118.5
0 1 53.271244992026176 -20.188545830708616 108.5
1 0 37.63093097715085 -56.13554171891552 -117.5
1 1 38.288416778903226 -54.624654907023896 -108.0
182
-------------------New----------------
0 0 57.248304005196225 -51.838902251359045 118.5
0 1 57.84651104657456 -53.851211667486254 108.5
1 0 71.35208520393152 -99.32796619506591 -117.5
1 1 70.78379794342905 -97.41691399578613 -108.0
191
-------------------New----------------
0 0 -17.38000109016102 -30.697190355655227 118.5
0 1 -17.623262006606843 -29.42024073402276 108.5
1 0 -23.028135520602632 -0.4518496622697046 -117.5
1 1 -22.80779011045356 -1.6832860162465786 -108.0
192
-------------------New----------------
0 0 39.31495238075419 -34.704672825233764 118.5
0 1 37.98610491675223 -34.24636099722138 108.5
1 0 7.968845376499765 -23.886634297770875 -117.5
1 1 9.230701078877477 -24.321126450452038 -108.0
195
-------------------New----------------
0 0 -7.788110187138086 -80.77371085234807 118.5
0 1 -11.586554771814418 -79.9659418408298 108.5
1 0 -97.49751047212554 -61.71138074381281 -117.5
1 1 -93.8808845764805 -62.47669167783376 -108.0
198
-------------------New----------------
0 0 20.780246279519467 -48.07386112308762 118.5
0 1 16.863542007549366 -45.991379343718634 108.5
1 0 -71.63910385324489 1.010725016737592 -117.5
1 1 -67.91947762774478 -0.9645361123313109 -108.0
202
-------------------New----------------
0 0 -96.9722409653846 13.192463746236616 118.5
0 1 -96.30204060702025 7.373287784887117 108.5
1 0 -81.09565972999738 -124.05872399301013 -117.5
1 1 -81.73048184821552 -118.52804263791423 -108.0
203
-------------------New----------------
0 0 -42.457394516261665 13.452307671775113 118.5
0 1 -37.65308177943904 8.345131932485488 108.5
1 0 70.92635834421232 -107.07457765201312 -117.5
1 1 66.36220495053803 -102.2233857257084 -108.0
209
-------------------New----------------
0 0 -25.142068210624867 59.693281793493064 118.5
0 1 -22.759679769923842 60.558986723947065 108.5
1 0 31.06914930173783 80.13569207267302 -117.5
1 1 28.807557481434184 79.31283604363601 -108.0
217
-------------------New----------------
0 0 5.437938246635137 84.37493893193015 118.5
0 1 2.52479763428846 84.78478805363508 108.5
1 0 -63.22712420827865 94.20442255539982 -117.5
1 1 -60.46198187905509 93.79493759259898 -108.0
222
-------------------New----------------
0 0 98.03583394827392 24.65202034186802 118.5
0 1 98.9744913005321 20.753426752131446 108.5
1 0 120.02666474563514 -67.22158486521855 -117.5
1 1 119.14266743205296 -63.5278929980672 -108.0
224
-------------------New----------------
0 0 -58.583776827572514 -25.69187918852483 118.5
0 1 -55.40561178691149 -22.129674936049422 108.5
1 0 16.401956879972282 58.43963241902262 -117.5
1 1 13.374136737418917 55.04589146765271 -108.0
226
-------------------New----------------
0 0 56.107752074747815 -0.8430194043673224 118.5
0 1 57.86008112425181 2.9610637967211155 108.5
1 0 97.4903745976649 88.90114520387152 -117.5
1 1 95.82310861133884 85.28932005012976 -108.0
227
-------------------New----------------
0 0 72.62661445676116 -30.69626262374001 118.5
0 1 74.61911123297163 -25.21722831765807 108.5
1 0 119.55604770223677 98.58720010906077 -117.5
1 1 117.66954547938481 93.38272553630652 -108.0
253
-------------------New----------------
0 0 -106.43170826661917 -31.795103397588285 118.5
0 1 -105.90679015187978 -32.64790473311471 108.5
1 0 -94.04285425168642 -51.92393087479407 -117.5
1 1 -94.5414150217764 -51.11357618438952 -108.0
258
-------------------New----------------
0 0 38.195286051096595 -21.337255667939164 118.5
0 1 34.498711569544334 -24.20107115779789 108.5
1 0 -49.00482556492073 -88.95093918257469 -117.5
1 1 -45.496686526553376 -86.22781735634025 -108.0
262
-------------------New----------------
0 0 -88.32299848091519 22.418204437027473 118.5
0 1 -86.29574217688493 19.448775127863563 108.5
1 0 -40.48980381860473 -47.68286858876583 -117.5
1 1 -42.41742535340941 -44.860558908973566 -108.0
271
-------------------New----------------
0 0 -47.96387546658063 32.74348298041782 118.5
0 1 -48.33718467076029 36.40635090213744 108.5
1 0 -56.744252559594386 119.17030556625227 -117.5
1 1 -56.393534411794406 115.69087959285942 -108.0
272
-------------------New----------------
0 0 -69.01877662002221 -41.020883339269915 118.5
0 1 -68.58474517203948 -36.661192911392625 108.5
1 0 -58.75586871535815 61.91574078204335 -117.5
1 1 -59.167779777607244 57.77543225000761 -108.0
274
-------------------New----------------
0 0 28.538392835847116 -30.885298504019367 118.5
0 1 31.137377380258624 -33.60035529752738 108.5
1 0 89.93607061547887 -94.9765794615717 -117.5
1 1 87.46353232961411 -92.39730815859004 -108.0
283
-------------------New----------------
0 0 -108.27778302889064 -9.64663356849235 118.5
0 1 -108.73431757023987 -9.890673052592264 108.5
1 0 -119.05816277173176 -15.407177237366614 -117.5
1 1 -118.62418498693394 -15.175549349349373 -108.0
285
-------------------New----------------
0 0 8.801251577162864 58.24284732500094 118.5
0 1 12.457091798783026 61.04101677077243 108.5
1 0 94.91817949817195 124.55482197628189 -117.5
1 1 91.44443271136952 121.88047360941327 -108.0
287
-------------------New----------------
0 0 -73.65375276347176 -84.24115532046689 118.5
0 1 -74.36405581694734 -81.40460974904276 108.5
1 0 -89.92248868444332 -16.929193803780652 -117.5
1 1 -89.26496429220991 -19.652696999807695 -108.0
288
-------------------New----------------
0 0 -94.0168011350479 31.527198590207398 118.5
0 1 -93.4851216055792 33.067076852741835 108.5
1 0 -81.56695234871971 67.89174287786525 -117.5
1 1 -82.06370299860487 66.4276672591928 -108.0
309
-------------------New----------------
0 0 86.64247428217917 -76.42301456120121 118.5
0 1 87.23045814866549 -74.2587123054378 108.5
1 0 100.51549152427467 -25.350892797343768 -117.5
1 1 99.95695210807442 -27.40665899217216 -108.0
317
-------------------New----------------
0 0 -16.22995789402396 26.345713668969893 118.5
0 1 -12.5714201604686 25.796090510942683 108.5
1 0 70.10020900901296 13.499402219999435 -117.5
1 1 66.62661371646485 14.008943303766793 -108.0
319
-------------------New----------------
0 0 20.996617603300088 -19.236347938419023 118.5
0 1 20.127135487966584 -23.469816730588924 108.5
1 0 0.5233196635403938 -119.16113008439126 -117.5
1 1 1.342611337457249 -115.13932448533225 -108.0
323
-------------------New----------------
0 0 -14.718533383534538 44.39940845578082 118.5
0 1 -8.928541102692709 41.106574888440974 108.5
1 0 121.83728516828849 -33.23540999132367 -117.5
1 1 116.34161913415599 -30.111838376079003 -108.0
327
-------------------New----------------
0 0 101.3643956860863 -45.87950934520591 118.5
0 1 100.52335062703223 -48.64763873920532 108.5
1 0 81.52768197397275 -111.20013751492839 -117.5
1 1 82.32627003848641 -108.57058516216432 -108.0
329
-------------------New----------------
0 0 2.0763517493762707 -50.59916660894005 118.5
0 1 -0.3294205654824543 -49.0886093906713 108.5
1 0 -54.69636436938263 -14.98234059517882 -117.5
1 1 -52.41034854782788 -16.41507694165749 -108.0
341
-------------------New----------------
0 0 -72.99234099477559 -75.44961037004452 118.5
0 1 -74.40917047484253 -72.51765449713523 108.5
1 0 -106.57786090868444 -6.1057809002689964 -117.5
1 1 -105.22310860000964 -8.908504927744266 -108.0
346
-------------------New----------------
0 0 -103.79450766549618 -64.49371288877836 118.5
0 1 -102.9610177645394 -63.5823562620241 108.5
1 0 -84.15258964615862 -43.00541785100652 -117.5
1 1 -84.9413229895201 -43.8725808509057 -108.0
349
-------------------New----------------
0 0 107.07302766835039 57.27118164501437 118.5
0 1 107.50121839464433 54.25454471255976 108.5
1 0 117.17852243792909 -13.910935653054915 -117.5
1 1 116.77210710090837 -11.04583590590288 -108.0
355
-------------------New----------------
0 0 49.057123387470575 -7.17025606137432 118.5
0 1 47.79510202811311 -10.954491596919192 108.5
1 0 19.386441528927442 -96.45518960863174 -117.5
1 1 20.57674198120474 -92.86604633623733 -108.0
356
-------------------New----------------
0 0 105.73502923971705 -17.768575234102627 118.5
0 1 105.7154556963342 -21.205258423975934 108.5
1 0 105.33213857487563 -98.83919227488104 -117.5
1 1 105.3420175910348 -95.57320926321961 -108.0
357
-------------------New----------------
0 0 60.332775343041064 112.97041177183704 118.5
0 1 59.06299410224295 113.24988437091001 108.5
1 0 30.21977848537126 119.97910419877037 -117.5
1 1 31.43107786175612 119.6874956678007 -108.0
372
-------------------New----------------
0 0 -51.202528715199755 -23.976294499454067 118.5
0 1 -47.11745552495175 -25.989611997105094 108.5
1 0 45.23572883163561 -71.45307650398692 -117.5
1 1 41.35132338330019 -69.54297164954444 -108.0
373
-------------------New----------------
0 0 116.61826356015777 -6.536069789304494 118.5
0 1 116.58978209185753 -2.6783449028933752 108.5
1 0 115.94225550608465 84.52532022254506 -117.5
1 1 115.96945867990671 80.85924334786374 -108.0
378
-------------------New----------------
0 0 73.6819722583592 42.832665821745124 118.5
0 1 72.41220683570913 40.29524851593527 108.5
1 0 43.77096159419149 -17.122074945015584 -117.5
1 1 44.96988206153032 -14.70626272814917 -108.0
382
-------------------New----------------
0 0 -6.554225304445685 -19.38908369923176 118.5
0 1 -6.803635843098364 -17.848868115483622 108.5
1 0 -12.449728614985746 16.983572277587708 -117.5
1 1 -12.212134703559098 15.514964058856453 -108.0
401
-------------------New----------------
0 0 -83.39712393553356 7.703703031753366 118.5
0 1 -81.60441063206586 11.862004767070365 108.5
1 0 -40.97157136447522 105.952666540828 -117.5
1 1 -42.678391982139416 101.99725427734755 -108.0
409
-------------------New----------------
0 0 -2.1669059247139075 81.88263521028692 118.5
0 1 -0.7760789943003417 82.01928962407987 108.5
1 0 30.70715767550205 85.09136240205325 -117.5
1 1 29.38300698521087 84.96211294435058 -108.0
415
-------------------New----------------
0 0 -88.17554200629948 -106.10760454770056 118.5
0 1 -86.8388559266557 -104.75324579805483 108.5
1 0 -56.61245205964642 -74.166375346715 -117.5
1 1 -57.88215132493899 -75.45217213724335 -108.0
420
-------------------New----------------
0 0 8.898152990423938 66.12977669228972 118.5
0 1 9.345504175968228 66.40133709172173 108.5
1 0 19.46067839069096 72.53339134614477 -117.5
1 1 19.035733099408482 72.27560186741988 -108.0
421
-------------------New----------------
0 0 -72.30196152192836 -31.708856615793913 118.5
0 1 -71.96738706298885 -34.067423434447036 108.5
1 0 -64.50396312350105 -87.23322920953824 -117.5
1 1 -64.81345954252178 -84.99948992238679 -108.0
424
-------------------New----------------
0 0 68.19405534704362 55.35965074152328 118.5
0 1 67.67133473934959 53.76077789665449 108.5
1 0 55.92390763991729 17.586635331771454 -117.5
1 1 56.41647471187862 19.10477915960335 -108.0
425
-------------------New----------------
0 0 -88.66903759882477 42.6983035557097 118.5
0 1 -89.56254608609785 44.254832865001156 108.5
1 0 -109.75206524725941 79.4401435080624 -117.5
1 1 -108.9029342560433 77.95809391213527 -108.0
448
-------------------New----------------
0 0 -2.9453026322714693 80.26677307180535 118.5
0 1 -0.7174924179388196 78.09579654523476 108.5
1 0 48.24494113274372 27.967898934901463 -117.5
1 1 46.230710398392645 30.10021524791896 -108.0
452
-------------------New----------------
0 0 -14.882329244935235 -26.664901243486156 118.5
0 1 -17.354949664223504 -24.329130750076295 108.5
1 0 -73.3396369590999 28.794211022496256 -117.5
1 1 -70.9788002292934 26.53797112186397 -108.0
465
-------------------New----------------
0 0 -66.29392617089272 2.399017954593049 118.5
0 1 -68.42646915043392 5.6986197921592625 108.5
1 0 -116.60037288593017 80.24119747829592 -117.5
1 1 -114.57573078633611 77.10991357908226 -108.0
471
-------------------New----------------
0 0 -0.22215049013865543 -33.97117576401494 118.5
0 1 0.691422367964434 -33.946872102014005 108.5
1 0 21.33913045296161 -33.401957048339035 -117.5
1 1 20.471997309966262 -33.42344152210632 -108.0
475
-------------------New----------------
0 0 61.7620582155477 2.6224109195585656 118.5
0 1 58.23798598568933 2.8316637234533553 108.5
1 0 -37.475743897745794 9.17451529329745 -117.5
1 1 -32.74821560968388 8.834500550339985 -108.0
477
-------------------New----------------
0 0 -111.38898826687742 -16.130771531536674 118.5
0 1 -110.81316468933178 -14.58271501086421 108.5
1 0 -97.82210115844848 20.388543161938046 -117.5
1 1 -98.36874298579792 18.91748220440322 -108.0
481
-------------------New----------------
0 0 -56.30243637366492 51.27497997453099 118.5
0 1 -57.79538257002772 51.44577365883581 108.5
1 0 -91.38396367042566 55.35806270667274 -117.5
1 1 -89.97950182963841 55.195123530389516 -108.0
484
-------------------New----------------
0 0 84.11453477785571 -112.4209670441129 118.5
0 1 83.59327001712246 -111.48990062359898 108.5
1 0 71.88469977999532 -90.53569067137515 -117.5
1 1 72.37736291001124 -91.41782722889612 -108.0
486
-------------------New----------------
0 0 57.27939920179635 71.5103550589806 118.5
0 1 53.05928698378476 70.4268230119998 108.5
1 0 -42.3173082923077 45.92576066308838 -117.5
1 1 -38.30792122840891 46.9563030115735 -108.0
488
-------------------New----------------
0 0 -92.22779545159986 0.5465979970665218 118.5
0 1 -91.41445880310347 1.4029091652120054 108.5
1 0 -72.92461326155704 20.409460911896446 -117.5
1 1 -73.71257211781948 19.61237260404663 -108.0
492
-------------------New----------------
0 0 -43.26709806820695 14.26214289215327 118.5
0 1 -43.753490514494636 14.950413064856463 108.5
1 0 -54.751986244523366 30.501531032060353 -117.5
1 1 -54.289238094579176 29.848060631272034 -108.0
501
-------------------New----------------
0 0 -32.13516794561164 -17.402913360244384 118.5
0 1 -31.516833904518585 -16.21289152626213 108.5
1 0 -17.310967150256513 10.764701645662024 -117.5
1 1 -17.91139356423009 9.626533937996268 -108.0
513
-------------------New----------------
0 0 -19.34446107842533 58.15879081631747 118.5
0 1 -20.375890331709623 58.28585939756707 108.5
1 0 -43.56589413952228 61.21700347034442 -117.5
1 1 -42.591796942190875 61.091290402115916 -108.0
515
-------------------New----------------
0 0 80.73698518041559 -6.184072172815701 118.5
0 1 82.36983212664538 -1.9092945051175776 108.5
1 0 119.32346696072811 94.590158334361 -117.5
1 1 117.77228654957192 90.5347123368584 -108.0
517
-------------------New----------------
0 0 -54.94703637199213 -25.624610075772164 118.5
0 1 -50.65968270798628 -21.716536177137634 108.5
1 0 46.23281583387107 66.57218982637808 -117.5
1 1 42.15581710991096 62.8599485073551 -108.0
522
-------------------New----------------
0 0 17.103926524434073 -40.697624628478856 118.5
0 1 17.37905286971751 -37.60203969235617 108.5
1 0 23.683652312123648 32.41593357526124 -117.5
1 1 23.414968898340643 29.466537140089514 -108.0
530
-------------------New----------------
0 0 37.94210096860472 83.02975400230804 118.5
0 1 34.05153614889023 80.41214105403228 108.5
1 0 -53.869674299183394 21.169372878270906 -117.5
1 1 -50.1855380093901 23.659560061022233 -108.0
536
-------------------New----------------
0 0 11.778911474475734 10.774034084976753 118.5
0 1 8.174596906809217 9.514449300336315 108.5
1 0 -86.07335725941272 4.59750757286499 -117.5
1 1 -81.53852303050724 3.7573458576342547 -108.0
540
-------------------New----------------
0 0 -13.775990107957494 107.35792599115625 118.5
0 1 -14.20396607431297 106.33588464771765 108.5
1 0 -23.94363390178849 83.28189111950398 -117.5
1 1 -23.531856538123236 84.24964960239055 -108.0
544
-------------------New----------------
0 0 -43.52677054212026 -48.895386134378704 118.5
0 1 -44.35532273395049 -47.48184922742506 108.5
1 0 -63.07237255702144 -15.561732469167822 -117.5
1 1 -62.286733442356116 -16.90242099791566 -108.0
547
-------------------New----------------
0 0 -71.33652032427236 17.900232424935517 118.5
0 1 -72.82032302375585 16.18067801085845 108.5
1 0 -106.28874809873594 -22.776012039499044 -117.5
1 1 -104.8836607845312 -21.131307011392433 -108.0
561
-------------------New----------------
0 0 32.91964051253994 -106.50221798160689 118.5
0 1 31.700504309711608 -106.07310737709531 108.5
1 0 4.125078713497716 -96.31253783940942 -117.5
1 1 5.286863430345701 -96.72627430744916 -108.0
562
-------------------New----------------
0 0 -26.38092381705449 43.73265808055059 118.5
0 1 -28.71584743416518 43.0139941589054 108.5
1 0 -81.4509672150916 26.790837185366257 -117.5
1 1 -79.23683815129834 27.47257329189195 -108.0
566
-------------------New----------------
0 0 -77.0907663482293 54.22670176743718 118.5
0 1 -78.36922032786879 57.08542982389879 108.5
1 0 -107.19905605051488 121.82598372928376 -117.5
1 1 -105.99233846693585 119.09730590707667 -108.0
571
-------------------New----------------
0 0 -70.60948787323093 -65.08224945761427 118.5
0 1 -69.3290148409608 -66.64807670750325 108.5
1 0 -40.387345651634064 -102.01703450868014 -117.5
1 1 -41.603936633326846 -100.53121079677092 -108.0
581
-------------------New----------------
0 0 33.24273051059809 69.39588955202971 118.5
0 1 29.8393455356862 70.41416924546209 108.5
1 0 -47.061997375692684 93.42260977636889 -117.5
1 1 -43.82914127333338 92.45652951911543 -108.0
585
-------------------New----------------
0 0 42.28653323411404 -27.470241990485512 118.5
0 1 43.08462901697261 -23.60490386895965 108.5
1 0 62.75129071847696 61.326446181530535 -117.5
1 1 61.76350024141976 57.778367331638414 -108.0
589
-------------------New----------------
0 0 -42.63235676026413 -47.554195592760564 118.5
0 1 -41.744743153938764 -48.29545032827823 108.5
1 0 -21.58197435239929 -65.01427564651863 -117.5
1 1 -22.435101280677415 -64.31186231851966 -108.0
603
-------------------New----------------
0 0 15.048737801850589 97.76882439106477 118.5
0 1 16.819801546883404 98.38427727085629 108.5
1 0 56.85916745379776 112.27363278470577 -117.5
1 1 55.1774316473038 111.6892161058611 -108.0
605
-------------------New----------------
0 0 55.650840129734185 57.468120643077114 118.5
0 1 51.96560389233825 56.10969041778719 108.5
1 0 -31.315149216996748 25.4123452213422 -117.5
1 1 -27.815114353771158 26.701910798770406 -108.0
612
-------------------New----------------
0 0 61.478617416078364 -7.157768229893693 118.5
0 1 56.77869339179453 -4.549010745858349 108.5
1 0 -49.47368879928028 54.42859182565852 -117.5
1 1 -45.00829055797659 51.94994181806898 -108.0
616
-------------------New----------------
0 0 26.138177817231185 59.528889244284336 118.5
0 1 25.02267553267988 62.29933348334371 108.5
1 0 -0.2098232297968222 124.95799888687202 -117.5
1 1 0.8506872446015844 122.32349872114328 -108.0
623
-------------------New----------------
0 0 89.45204941652698 87.21403373452227 118.5
0 1 87.34024952181278 86.34044637691024 108.5
1 0 39.65376643762969 66.41946736225705 -117.5
1 1 41.665193359419106 67.24816151580104 -108.0
624
-------------------New----------------
0 0 -46.89301204365568 -79.06727158203975 118.5
0 1 -43.311006372727306 -76.36862774462513 108.5
1 0 37.62561406300813 -15.309479861484016 -117.5
1 1 34.22254884090505 -17.87437037650644 -108.0
625
-------------------New----------------
0 0 87.65610150590159 105.332691208586 118.5
0 1 85.90132890373302 104.10458905301394 108.5
1 0 46.413468419147144 76.83726871206139 -117.5
1 1 48.07027386077897 77.96703354977365 -108.0
626
-------------------New----------------
0 0 -32.56967792783279 10.631648562693178 118.5
0 1 -31.537418622703207 15.507408231768457 108.5
1 0 -8.176548982796527 125.64727577874073 -117.5
1 1 -9.15701672515231 121.0185439945155 -108.0
628
-------------------New----------------
0 0 15.256682982904973 71.17704966643427 118.5
0 1 11.742673403636529 70.62785332410814 108.5
1 0 -67.58935720697505 58.18761722426588 -117.5
1 1 -64.25682037496495 58.71548253685768 -108.0
640
-------------------New----------------
0 0 -29.52437246848516 21.837723512522633 118.5
0 1 -30.64918784042594 23.341042911272513 108.5
1 0 -56.061147910579145 57.318742474871975 -117.5
1 1 -54.99374055463802 55.89018514895419 -108.0
652
-------------------New----------------
0 0 -71.065479137457 -126.18720644685698 118.5
0 1 -70.92926936107554 -126.18589366651622 108.5
1 0 -67.82746248522024 -126.1995541323457 -117.5
1 1 -67.95903666241819 -126.19818278260288 -108.0
653
-------------------New----------------
0 0 52.50354069788732 -39.023553087658705 118.5
0 1 52.23025833197981 -32.861197453815606 108.5
1 0 45.95274852000949 106.49495123458249 -117.5
1 1 46.22056668732395 100.63244417383969 -108.0
659
-------------------New----------------
0 0 -81.76691016113988 58.13626349815691 118.5
0 1 -80.51166445575409 58.907955305315134 108.5
1 0 -52.144662585350225 76.45860638503392 -117.5
1 1 -53.335619317142985 75.72940976353155 -108.0
672
-------------------New----------------
0 0 -65.56332149752396 102.71948844120735 118.5
0 1 -63.826672595837444 101.85129045820347 108.5
1 0 -24.579192217358234 82.2194799235821 -117.5
1 1 -26.229062561179717 83.04563214442473 -108.0
684
-------------------New----------------
0 0 6.833326623217576 35.91444307930102 118.5
0 1 4.318430019629174 36.252068411795946 108.5
1 0 -52.6030451413042 43.82440966107058 -117.5
1 1 -50.208993362270306 43.506881802398865 -108.0
686
-------------------New----------------
0 0 -6.4603501778269745 35.78926311656811 118.5
0 1 -2.213127371733439 33.40211870429873 108.5
1 0 93.04918054903402 -20.160224548361985 -117.5
1 1 88.99746443119238 -17.84725213571121 -108.0
687
-------------------New----------------
0 0 10.505026806796735 -125.93624302611349 118.5
0 1 13.637188691647367 -126.0024502176868 108.5
1 0 84.35307538477493 -126.95237616894687 -117.5
1 1 81.37820850375013 -126.92358221906734 -108.0
690
-------------------New----------------
0 0 -58.414384011546346 35.72363780482483 118.5
0 1 -57.972232913805215 34.5023581580246 108.5
1 0 -48.02892044562106 6.936768913368098 -117.5
1 1 -48.44476186651136 8.09427620228235 -108.0
701
-------------------New----------------
0 0 -81.64977506205096 39.85135788583629 118.5
0 1 -78.56511764630088 43.17663638951456 108.5
1 0 -8.863719506325639 118.36177960403025 -117.5
1 1 -11.792736171800486 115.19957693042872 -108.0
704
-------------------New----------------
0 0 97.02016609233083 56.42621928262069 118.5
0 1 96.11822762930721 58.25602361509635 108.5
1 0 75.75842953769529 99.59068807111241 -117.5
1 1 76.61259759097527 97.85392786949366 -108.0
714
-------------------New----------------
0 0 -17.66601134450616 87.29137838503725 118.5
0 1 -15.477215086617068 87.9751996501607 108.5
1 0 33.98959608340638 103.4530641093558 -117.5
1 1 31.910639301810182 102.80170650728049 -108.0
726
-------------------New----------------
0 0 26.957272832824078 0.06736284953033964 118.5
0 1 29.2197279008361 -0.015754288405512636 108.5
1 0 80.34006603840572 -1.9124107464499958 -117.5
1 1 78.19111484453737 -1.8330063667097118 -108.0
745
-------------------New----------------
0 0 -59.200589542629224 -10.894467446445404 118.5
0 1 -59.86510364531762 -15.269485094519535 108.5
1 0 -74.960538025538 -114.01038414508272 -117.5
1 1 -74.32886130556294 -109.85906868170176 -108.0
753
-------------------New----------------
0 0 -21.41254670102942 39.44551591179875 118.5
0 1 -23.211221622555566 35.73707605125486 108.5
1 0 -63.72338570818094 -48.133647969385535 -117.5
1 1 -62.01942583041608 -44.60528766612999 -108.0
758
-------------------New----------------
0 0 -72.47687094136985 107.43692694072679 118.5
0 1 -75.81902009670614 106.24084557587801 108.5
1 0 -78.24520905377018 -77.24269066171595 -117.5
1 1 -77.46736671705855 -74.12754292264222 -108.0
774
-------------------New----------------
0 0 32.043856158878214 -82.63501374887967 118.5
0 1 25.904553584972355 -82.38100308683413 108.5
1 0 -112.94771416373972 -76.5789401723646 -117.5
1 1 -107.10949342263245 -76.82495502958939 -108.0
792
-------------------New----------------
0 0 15.086685578483198 -94.88216937312473 118.5
0 1 16.14945195170732 -96.01939601078851 108.5
1 0 40.004513241960446 -122.12950984163217 -117.5
1 1 39.009607752977566 -121.01633195375851 -108.0
804
-------------------New----------------
0 0 -44.19914304037543 -54.06850618449339 118.5
0 1 -41.95359095995578 -54.238113699710084 108.5
1 0 8.788532174491953 -58.097037672767684 -117.5
1 1 6.655587618191838 -57.93396980998021 -108.0
809
-------------------New----------------
0 0 15.046127903122386 20.111169431335544 118.5
0 1 14.907523105327844 23.10698292124306 108.5
1 0 11.781141497698302 90.81184661810067 -117.5
1 1 11.912805562524532 87.96524840746268 -108.0
813
-------------------New----------------
0 0 32.11023903780635 -57.97942474374183 118.5
0 1 30.77275648620958 -59.80573865880753 108.5
1 0 0.5435048251775007 -101.05510515870347 -117.5
1 1 1.8150744847175289 -99.3215358466613 -108.0
815
-------------------New----------------
0 0 -11.948916930943273 -110.64221330468922 118.5
0 1 -14.36717350122368 -111.32873525678164 108.5
1 0 -68.84267679978066 -126.5391358453927 -117.5
1 1 -66.56352975567079 -125.90571265706095 -108.0
816
-------------------New----------------
0 0 -38.6653029724436 71.46187584836319 118.5
0 1 -36.12027092291048 72.68681778539114 108.5
1 0 21.398464224150704 100.32556171704988 -117.5
1 1 18.980798985333276 99.16588169840145 -108.0
818
-------------------New----------------
0 0 20.344848296694792 -5.459078519158085 118.5
0 1 19.997834192818466 -0.386245769296189 108.5
1 0 12.111927835114912 114.44103300690935 -117.5
1 1 12.447968925084435 109.6082434519381 -108.0
819
-------------------New----------------
0 0 -47.61575292832379 59.62674272495538 118.5
0 1 -47.619737942695515 61.93494916976783 108.5
1 0 -47.753839303382414 114.08752354371359 -117.5
1 1 -47.74818353452967 111.89589953134228 -108.0
827
-------------------New----------------
0 0 -61.403800034983895 31.440794655965504 118.5
0 1 -62.834117289819254 32.91447660022836 108.5
1 0 -95.0769811013864 66.29453993793442 -117.5
1 1 -93.72471544269754 64.88783884856328 -108.0
833
-------------------New----------------
0 0 -17.492041325169307 -105.37936670950043 118.5
0 1 -17.85065526615651 -105.37092238045992 108.5
1 0 -26.00798156343717 -105.22740960670767 -117.5
1 1 -25.663385545029808 -105.23188237478985 -108.0
846
-------------------New----------------
0 0 -35.540805912507665 13.828522443301775 118.5
0 1 -29.366642746430347 13.76738595843436 108.5
1 0 109.99966598982921 12.177547102067564 -117.5
1 1 104.1443666960566 12.247697174296123 -108.0
854
-------------------New----------------
0 0 56.202613153816955 -122.08738669140332 118.5
0 1 58.251225473821684 -121.68113128520368 108.5
1 0 104.52461309942073 -112.51465405158872 -117.5
1 1 102.57985675758216 -112.89913796496614 -108.0
856
-------------------New----------------
0 0 -57.753023100936716 -17.3963045473136 118.5
0 1 -59.915660659612605 -20.224067823820274 108.5
1 0 -108.7875137112879 -84.1472733695916 -117.5
1 1 -106.73337963524659 -81.46191371867009 -108.0
861
-------------------New----------------
0 0 -30.542983500328347 -54.63697262442493 118.5
0 1 -28.235058987874186 -52.576282349500026 108.5
1 0 23.91290651629786 -6.015592626143615 -117.5
1 1 21.721943493588686 -7.973771279417441 -108.0
867
-------------------New----------------
0 0 69.1582352812118 7.518813590558783 118.5
0 1 69.2101043084817 7.891401821749705 108.5
1 0 70.48256413785307 16.205148626801737 -117.5
1 1 70.42380139787504 15.85594019210814 -108.0
878
-------------------New----------------
0 0 29.648070407303123 7.6990220239056955 118.5
0 1 30.421938511809213 4.369423864824736 108.5
1 0 48.08958832524145 -71.00599583507824 -117.5
1 1 47.3329926635313 -67.84105222258492 -108.0
900
-------------------New----------------
0 0 -11.54825346930485 97.3366588073109 118.5
0 1 -15.911725343564743 97.36563362738488 108.5
1 0 -114.45218299984435 97.93400277151338 -117.5
1 1 -110.31131761618387 97.91262346563472 -108.0
905
-------------------New----------------
0 0 -15.38277126610403 -33.56775091575675 118.5
0 1 -16.204376077264023 -29.09448808075384 108.5
1 0 -34.44463567334749 72.2921365592524 -117.5
1 1 -33.682286551080495 68.03552777971079 -108.0
910
-------------------New----------------
0 0 -53.572489261270746 22.472974369739685 118.5
0 1 -49.0797787107308 22.08681616330549 108.5
1 0 52.46664907884845 13.35163390100667 -117.5
1 1 48.19847740275485 13.718821840601304 -108.0
912
-------------------New----------------
0 0 -46.94330975602687 78.59925018295627 118.5
0 1 -47.78999800985851 79.90705370929031 108.5
1 0 -66.99684720379294 109.61345894853007 -117.5
1 1 -66.18555590965045 108.36707880102298 -108.0
919
-------------------New----------------
0 0 -82.00127597599219 12.045703663763259 118.5
0 1 -79.20876522526406 10.141334816355204 108.5
1 0 -16.08392186046485 -32.89289986682293 -117.5
1 1 -18.736894673954406 -31.08361710693556 -108.0
922
-------------------New----------------
0 0 87.32340486875668 55.014361588950635 118.5
0 1 88.58000001100478 49.80237125701967 108.5
1 0 117.05998853165019 -68.04075000696997 -117.5
1 1 115.86062065234046 -63.08513970701934 -108.0
925
-------------------New----------------
0 0 -34.74422059038781 -59.28565612554445 118.5
0 1 -36.971266597127 -61.745494616904544 108.5
1 0 -87.33304306529348 -117.34306335115079 -117.5
1 1 -85.2167572851191 -115.00377556686901 -108.0
930
-------------------New----------------
0 0 20.49877333926747 -82.59654677749685 118.5
0 1 18.653905664939998 -83.22573653100513 108.5
1 0 -23.043262730888703 -97.44406770011798 -117.5
1 1 -21.29040158946477 -96.84627917530729 -108.0
937
-------------------New----------------
0 0 -47.33366136370559 -9.936753816838856 118.5
0 1 -46.01339539833275 -9.713004226956084 108.5
1 0 -16.18829907482801 -4.6473743033188875 -117.5
1 1 -17.44054901667066 -4.859271927577388 -108.0
947
-------------------New----------------
0 0 -39.032963186897184 51.78685334282153 118.5
0 1 -40.88518471749361 51.698542677289694 108.5
1 0 -82.78465691054086 49.90912514871248 -117.5
1 1 -81.02976739463989 49.98947515747469 -108.0
952
-------------------New----------------
0 0 59.89154763267802 -34.224538254404344 118.5
0 1 62.152331565060635 -34.07560646594625 108.5
1 0 113.24365002539415 -30.704502196748543 -117.5
1 1 111.0961023633624 -30.846206546600307 -108.0
961
-------------------New----------------
0 0 73.28366659414641 42.520356499197135 118.5
0 1 73.66314936178088 41.23010333315894 108.5
1 0 82.24552405379025 12.066760520642926 -117.5
1 1 81.88390023671106 13.292344878394355 -108.0
962
-------------------New----------------
0 0 63.878470070854576 -51.40433362278105 118.5
0 1 61.59705108718358 -53.11083098886976 108.5
1 0 10.03161249699473 -91.66404068097013 -117.5
1 1 12.19961560919314 -90.04464648121979 -108.0
969
-------------------New----------------
0 0 -53.685521618319264 34.06534555469936 118.5
0 1 -54.47448041411557 31.716505225717746 108.5
1 0 -72.34604874640183 -21.28706593653239 -117.5
1 1 -71.59333299319096 -19.06027591004373 -108.0
972
-------------------New----------------
0 0 67.66357316996815 -31.81021094040114 118.5
0 1 68.01919095409366 -33.837697472950246 108.5
1 0 76.01861342224552 -79.61149031010768 -117.5
1 1 75.68213234304997 -77.68645428008888 -108.0
982
-------------------New----------------
0 0 60.51399951330883 -41.387958471289075 118.5
0 1 56.34869351282259 -40.71789276611451 108.5
1 0 -39.62822513076523 -24.654389288193915 -117.5
1 1 -35.58603625088937 -25.337815115565743 -108.0
992
-------------------New----------------
0 0 17.289655195629926 36.71937440687064 118.5
0 1 19.850313889383916 39.12228506718496 108.5
1 0 77.72456233474729 93.40823544308951 -117.5
1 1 75.28997101494392 91.12583797689169 -108.0
995
-------------------New----------------
0 0 -41.574023610633304 -33.1759398801245 118.5
0 1 -38.14924748665173 -31.595970085864366 108.5
1 0 39.242808172742556 3.985598934883499 -117.5
1 1 35.98840700904105 2.49129154501995 -108.0
1009
-------------------New----------------
0 0 -93.60079030813971 -71.71830534755772 118.5
0 1 -93.84900322720995 -71.27849054837782 108.5
1 0 -99.41111272973909 -61.34700474956244 -117.5
1 1 -99.17772423264066 -61.76554599807265 -108.0
1028
-------------------New----------------
0 0 30.43004437799859 -26.345885912597605 118.5
0 1 28.43246514478576 -24.335855441103476 108.5
1 0 -16.741688339383302 21.044431414819783 -117.5
1 1 -14.841904844771165 19.139199046401824 -108.0
1044
-------------------New----------------
0 0 40.08804037917848 4.027444720150435 118.5
0 1 38.37832405945353 2.9569289466843607 108.5
1 0 -0.2355365498610819 -21.231220607605792 -117.5
1 1 1.3879670428298252 -20.2139700051774 -108.0
1054
-------------------New----------------
0 0 -38.253019154371195 67.71358851881928 118.5
0 1 -39.941763948127225 69.12789472123058 108.5
1 0 -78.00123305767872 101.1492272554849 -117.5
1 1 -76.4080795690152 99.80142700721595 -108.0
1056
-------------------New----------------
0 0 -51.700375048067976 68.74761667705351 118.5
0 1 -51.61841710462711 67.35712829684418 108.5
1 0 -49.7991559519429 36.04516490307357 -117.5
1 1 -49.88504495107179 37.3602294755487 -108.0
1065
-------------------New----------------
0 0 -29.61409630115414 99.25142151451722 118.5
0 1 -29.070757940144745 97.79231699686439 108.5
1 0 -16.78994517882416 64.8109901016704 -117.5
1 1 -17.30636667595281 66.19780477845521 -108.0
1071
-------------------New----------------
0 0 95.25357818856253 3.2109173666004964 118.5
0 1 92.97961143880016 6.234448337852014 108.5
1 0 41.7222002514125 74.61236093871382 -117.5
1 1 43.873668605616885 71.74023285125573 -108.0
1073
-------------------New----------------
0 0 30.730218352069528 -18.31702434418152 118.5
0 1 32.040802339108765 -18.700660539831066 108.5
1 0 61.54002009721364 -27.403607279851286 -117.5
1 1 60.30312020018008 -27.03407790257669 -108.0
1074
-------------------New----------------
0 0 -13.119388168727815 -44.67403893631201 118.5
0 1 -7.303015102939544 -39.6767615658543 108.5
1 0 124.14611063146856 73.22800473182431 -117.5
1 1 118.62062068659 68.48346984144237 -108.0
1075
-------------------New----------------
0 0 42.84254579170606 69.02056248008333 118.5
0 1 42.899099984145266 67.48843886377284 108.5
1 0 44.18110850694687 32.86473093414959 -117.5
1 1 44.12701873114737 34.3200100386435 -108.0
1079
-------------------New----------------
0 0 27.274918960950902 51.25156997749067 118.5
0 1 29.530420745210268 50.85154202972105 108.5
1 0 80.60798931790535 41.726314675526204 -117.5
1 1 78.4546361777617 42.111087557911766 -108.0
1080
-------------------New----------------
0 0 23.398916032205484 -49.05226020272176 118.5
0 1 19.738263961380387 -43.48360668246532 108.5
1 0 -62.994829681357984 82.35387528647357 -117.5
1 1 -59.517169724271966 77.06505496371483 -108.0
1091
-------------------New----------------
0 0 66.0581018335618 -22.228698035597475 118.5
0 1 65.71510504338971 -20.388560461788035 108.5
1 0 58.056112601007634 21.4045923406839 -117.5
1 1 58.37182675483059 19.63174661839319 -108.0
1092
-------------------New----------------
0 0 -78.82881830937359 16.962552762999803 118.5
0 1 -77.80852767220387 21.450533441819314 108.5
1 0 -54.759328523046726 122.89277252537053 -117.5
1 1 -55.728285520400824 118.62957178945223 -108.0
1099
-------------------New----------------
0 0 69.64674252143868 3.5234634283518673 118.5
0 1 68.30883069390443 7.524791841376232 108.5
1 0 38.04508315494077 97.98943524489955 -117.5
1 1 39.316844185709996 94.186057431368 -108.0
1104
-------------------New----------------
0 0 -50.61760363948939 -104.57390572738538 118.5
0 1 -46.97019769342401 -104.1136035717163 108.5
1 0 35.43855809133165 -93.66886920147792 -117.5
1 1 31.97492884190269 -94.10795978710108 -108.0
1106
-------------------New----------------
0 0 -41.95030869384882 85.88329928720371 118.5
0 1 -45.15772467925953 87.33253374029921 108.5
1 0 -117.67277740709089 120.14182070340743 -117.5
1 1 -114.62410162693261 118.76388798323649 -108.0
1118
-------------------New----------------
0 0 25.691452004401334 42.15419654189761 118.5
0 1 21.033045950090617 45.50025228521002 108.5
1 0 -85.37519808274337 125.31520793856232 -117.5
1 1 -80.9050869301953 121.87609060826303 -108.0
1128
-------------------New----------------
0 0 -23.93119244437141 -0.6965192890265415 118.5
0 1 -24.45473806954032 -0.03667750517019952 108.5
1 0 -36.2784189963896 14.874583364916859 -117.5
1 1 -35.7821354736255 14.247959022665778 -108.0
1129
-------------------New----------------
0 0 -19.945400596769186 4.7560821215239155 118.5
0 1 -18.325427346997177 -0.39679639451529064 108.5
1 0 18.22516424730849 -116.80725365741989 -117.5
1 1 16.689102071746696 -111.91484910596046 -108.0
1132
-------------------New----------------
0 0 -22.616642585325515 -78.15229882423147 118.5
0 1 -21.406579298898954 -79.44274670699987 108.5
1 0 5.941160455687248 -108.60561585171313 -117.5
1 1 4.791672982740818 -107.37980310886746 -108.0
1148
-------------------New----------------
0 0 -34.58457033543572 -35.470357828125536 118.5
0 1 -36.52541352181813 -32.605785653724986 108.5
1 0 -80.43347232917914 32.087714816737424 -117.5
1 1 -78.58673084900855 29.36856426198915 -108.0
1157
-------------------New----------------
0 0 31.52323391609649 49.53374539749727 118.5
0 1 28.365587427522478 44.18357505942217 108.5
1 0 -43.28498793531567 -76.6706188693714 -117.5
1 1 -40.246968761852045 -71.5832248747254 -108.0
1164
-------------------New----------------
0 0 -49.02246784325447 -114.880842652455 118.5
0 1 -43.63178116784981 -115.35567615662004 108.5
1 0 78.59718183527077 -126.93632111645812 -117.5
1 1 73.46725947485834 -126.37299130613614 -108.0
1167
-------------------New----------------
0 0 -63.894495633070065 -79.48294775712097 118.5
0 1 -60.42551026315 -81.0709344371329 108.5
1 0 17.977632421949327 -116.95725212700488 -117.5
1 1 14.68209924254038 -115.44905964102068 -108.0
1168
-------------------New----------------
0 0 15.11830661070411 1.8985832881682458 118.5
0 1 15.826721588201602 -1.3483570157722413 108.5
1 0 31.808033240816854 -74.74769834245204 -117.5
1 1 31.1353735989566 -71.66215372090626 -108.0
1174
-------------------New----------------
0 0 9.40780296979597 -80.90561521212592 118.5
0 1 9.681970900296719 -77.52317810025133 108.5
1 0 15.863898903484076 -1.063815768205663 -117.5
1 1 15.606968070261562 -4.280737603758321 -108.0
1183
-------------------New----------------
0 0 11.22343102639871 43.66894624280839 118.5
0 1 12.97275194089606 43.834585228108885 108.5
1 0 52.57810411369212 47.60603155531328 -117.5
1 1 50.91382988247951 47.448612149993956 -108.0
1184
-------------------New----------------
0 0 74.41397933517132 14.72929546785755 118.5
0 1 72.63533607547623 13.754952205599727 108.5
1 0 32.381324731696125 -8.079305599718655 -117.5
1 1 34.074649342391425 -7.1628762496517355 -108.0
1188
-------------------New----------------
0 0 47.616759175847804 -78.48402572511364 118.5
0 1 46.4231008607491 -76.28317909321036 108.5
1 0 19.4502814181925 -26.53952697359342 -117.5
1 1 20.584427314642948 -28.631143670301185 -108.0
1194
-------------------New----------------
0 0 6.938911180001099 21.35416483170677 118.5
0 1 7.834114739274585 24.722088850157526 108.5
1 0 28.054876020872904 100.78747799324549 -117.5
1 1 27.203345231254552 97.58847309159052 -108.0
1202
-------------------New----------------
0 0 -3.5174426266758134 22.47903232430081 118.5
0 1 -3.8828932255872766 20.815458819096655 108.5
1 0 -12.071914050476881 -16.805334441792404 -117.5
1 1 -11.724942710870598 -15.22532274161723 -108.0
1203
-------------------New----------------
0 0 84.04300880051962 -4.665672316661151 118.5
0 1 82.9443647877778 -3.873507389487256 108.5
1 0 57.99915113362887 13.912117029589629 -117.5
1 1 59.05464422021921 13.170426965404179 -108.0
1207
-------------------New----------------
0 0 -77.28245619366844 -102.98715899368199 118.5
0 1 -77.21346841043211 -101.18345592959601 108.5
1 0 -75.6680700733535 -60.42098468967855 -117.5
1 1 -75.73427897280062 -62.13338221368732 -108.0
1213
-------------------New----------------
0 0 59.73274114698556 -86.55678185216496 118.5
0 1 59.993979567371774 -87.53500465284455 108.5
1 0 65.88967497191986 -109.64650726607718 -117.5
1 1 65.64186467375069 -108.7168455867544 -108.0
1214
-------------------New----------------
0 0 -55.820812026663894 15.434034698188608 118.5
0 1 -54.02170392203293 19.255657889101457 108.5
1 0 -13.358496346363712 105.6144367988093 -117.5
1 1 -15.067860347615774 101.98712444124223 -108.0
1215
-------------------New----------------
0 0 65.43219451037263 18.863006822164973 118.5
0 1 61.47582463722673 21.14736042683133 108.5
1 0 -27.890206946299948 72.7566403565733 -117.5
1 1 -24.134394555504354 70.58729735785167 -108.0
1222
-------------------New----------------
0 0 7.81454183913564 -100.61203225564387 118.5
0 1 3.2653603722610924 -100.99597111209542 108.5
1 0 -99.56052949051909 -109.63749267573026 -117.5
1 1 -95.2374485955132 -109.27587750958762 -108.0
1231
-------------------New----------------
0 0 -39.04653430552018 25.38590929877752 118.5
0 1 -39.162506189481626 26.191612849662345 108.5
1 0 -41.772370600619396 44.396417039437736 -117.5
1 1 -41.66311633854529 43.63029661641342 -108.0
1242
-------------------New----------------
0 0 -27.333317442239718 17.066109292233104 118.5
0 1 -26.995507125164494 18.43420676200382 108.5
1 0 -19.3918093365642 49.27740056296905 -117.5
1 1 -19.709972721324707 47.98091033384429 -108.0
1253
-------------------New----------------
0 0 73.10006899415174 19.909935540563303 118.5
0 1 69.72416411061931 20.542720534534567 108.5
1 0 -6.568655088309005 34.84526124034279 -117.5
1 1 -3.3615302451701146 34.24395402571708 -108.0
1255
-------------------New----------------
0 0 -19.799273111918904 -70.55719424678126 118.5
0 1 -17.291033075553187 -66.89887429841305 108.5
1 0 39.26423341088754 15.918100001842362 -117.5
1 1 36.8866517592459 12.43487512820446 -108.0
1263
-------------------New----------------
0 0 -7.226729677285161 -29.789383729015327 118.5
0 1 -3.067842182136965 -28.503542851565406 108.5
1 0 90.94740392478552 0.5450709741674178 -117.5
1 1 86.99615113271436 -0.6746801067647523 -108.0
1283
-------------------New----------------
0 0 99.93628628551497 0.480812045798311 118.5
0 1 99.77088775310472 -2.5560303283699684 108.5
1 0 96.10186214731395 -71.0245921441084 -117.5
1 1 96.25966443085868 -68.14442715450716 -108.0
1291
-------------------New----------------
0 0 69.32168230581699 1.427786664158964 118.5
0 1 69.23788769698811 -3.8105297349559293 108.5
1 0 66.96658614270247 -122.99094803948103 -117.5
1 1 67.07657244674623 -118.00651807906453 -108.0
1292
-------------------New----------------
0 0 87.2271548964944 29.07992219787305 118.5
0 1 88.27828358840753 29.505373130070165 108.5
1 0 112.06058974380043 39.13946578753991 -117.5
1 1 111.06206564981785 38.7367855043595 -108.0
1294
-------------------New----------------
0 0 84.98536738705798 -49.22479592664576 118.5
0 1 85.89175744849271 -46.22432814779802 108.5
1 0 106.17907787212967 21.666365478008085 -117.5
1 1 105.31770337784738 18.805850369757007 -108.0
1297
-------------------New----------------
0 0 7.553225014437679 18.56061206047307 118.5
0 1 7.619710370301503 15.25079738569849 108.5
1 0 9.094543240085246 -59.55060348780891 -117.5
1 1 9.031585482045717 -56.406831725487905 -108.0
1301
-------------------New----------------
0 0 77.12883115670493 -58.879728066963594 118.5
0 1 77.0340485550553 -61.11196246236635 108.5
1 0 74.93928676951492 -111.4969850223742 -117.5
1 1 75.01648121454357 -109.37778600223695 -108.0
1303
-------------------New----------------
0 0 -71.33359442849306 67.4822637864711 118.5
0 1 -68.3755225376345 64.7722405086869 108.5
1 0 -1.7559667987590082 3.3542999580913007 -117.5
1 1 -4.552400488926862 5.940964184021004 -108.0
1307
-------------------New----------------
0 0 57.865452674685216 -92.54904808082782 118.5
0 1 55.99940777479384 -89.97074691572641 108.5
1 0 13.7874796104378 -31.654287934944573 -117.5
1 1 15.565475069882973 -34.105021256999954 -108.0
1310
-------------------New----------------
0 0 57.0711396668372 -79.38871790073786 118.5
0 1 55.90366088671451 -77.91945307272105 108.5
1 0 29.521976498924055 -44.66697787708273 -117.5
1 1 30.629675839060592 -46.067002129181866 -108.0
1316
-------------------New----------------
0 0 17.847943805359076 -65.03485024580299 118.5
0 1 13.49824627205793 -65.27690684332876 108.5
1 0 -84.78871075602659 -70.7515231359155 -117.5
1 1 -80.65543751653362 -70.52055061987919 -108.0
1339
-------------------New----------------
0 0 -55.64009849606937 34.734281751903914 118.5
0 1 -52.15264705050551 30.658486637023678 108.5
1 0 26.667225650369563 -61.45778107847159 -117.5
1 1 23.35395916714416 -57.584027878290236 -108.0
1349
-------------------New----------------
0 0 -3.2348142032934555 -66.58224781009804 118.5
0 1 -7.138651132255509 -67.16838031926675 108.5
1 0 -95.34403822887423 -80.35797830430116 -117.5
1 1 -91.63865700226282 -79.80657398989649 -108.0
1360
-------------------New----------------
0 0 100.01354994896082 -104.49588649694064 118.5
0 1 100.2868685315753 -104.30587738124288 108.5
1 0 106.49145030901187 -100.35392183272151 -117.5
1 1 106.22001016999141 -100.50411471249802 -108.0
1367
-------------------New----------------
0 0 7.434876436071332 -40.059953940504045 118.5
0 1 10.093969624924977 -36.172970500446766 108.5
1 0 70.06915496431697 51.75523171144234 -117.5
1 1 67.55394458170154 48.06650004653527 -108.0
1386
-------------------New----------------
0 0 -109.96796315452391 -77.6148026512752 118.5
0 1 -109.99600189218457 -79.40363691868134 108.5
1 0 -110.16014233571465 -119.43012780534215 -117.5
1 1 -110.16315795996987 -117.75576975096905 -108.0
1390
-------------------New----------------
0 0 29.329025519267145 58.46700181456093 118.5
0 1 30.125429985197815 55.76609813592455 108.5
1 0 48.089102093625996 -5.330890308262029 -117.5
1 1 47.33644240693799 -2.7579055444893514 -108.0
1399
-------------------New----------------
0 0 82.07953813240908 -26.33235946087698 118.5
0 1 83.55002637020293 -28.86447466661765 108.5
1 0 116.7464992000882 -86.07363707720307 -117.5
1 1 115.35239460535001 -83.66893161796193 -108.0
1400
-------------------New----------------
0 0 4.50433591684171 17.64468001973345 118.5
0 1 2.4260845021861144 14.18012697205404 108.5
1 0 -43.31347871257934 -59.96288154304051 -117.5
1 1 -41.45205222268604 -56.92624190953993 -108.0
1420
-------------------New----------------
0 0 -25.555608004235136 45.260439241275115 118.5
0 1 -22.41733357661662 40.8338046084884 108.5
1 0 49.70453713996675 -59.48999643060139 -117.5
1 1 46.59709033740155 -55.32307607763746 -108.0
1440
-------------------New----------------
0 0 -20.035627176639903 37.69159820314714 118.5
0 1 -19.06955115253658 35.16906851786714 108.5
1 0 2.8920074251327854 -21.832734609364238 -117.5
1 1 1.9678374601442954 -19.433428377594115 -108.0
1442
-------------------New----------------
0 0 -87.45476616810778 63.11718669793618 118.5
0 1 -85.5784273827305 60.699482401724104 108.5
1 0 -43.21982115826007 6.003227381499729 -117.5
1 1 -44.99812252181566 8.304510679040408 -108.0
1445
-------------------New----------------
0 0 55.80134289404316 -71.17214049217803 118.5
0 1 57.36149211067984 -72.57102152201259 108.5
1 0 92.87632471331014 -104.26481777469262 -117.5
1 1 91.37757117081853 -102.93176202056881 -108.0
1446
-------------------New----------------
0 0 35.062429190346656 -83.20333665824627 118.5
0 1 32.60732564808951 -81.70694594035805 108.5
1 0 -22.963040683329204 -47.67768020788383 -117.5
1 1 -20.62616941222247 -49.10988190209582 -108.0
1455
-------------------New----------------
0 0 24.197334386458575 42.12732573904777 118.5
0 1 17.85015168381907 45.16584161960431 108.5
1 0 -125.62587829150164 113.83120973802413 -117.5
1 1 -119.5955097965531 110.94478197871368 -108.0
1457
-------------------New----------------
0 0 -11.705952919136987 11.09844935287812 118.5
0 1 -16.21358065267855 6.557403509802695 108.5
1 0 -118.21428001559596 -95.94919423708487 -117.5
1 1 -113.92263753709153 -91.64094661107083 -108.0
1458
-------------------New----------------
0 0 55.22638260940247 -16.868051580048665 118.5
0 1 54.96540558573811 -12.622826304332628 108.5
1 0 49.052524301604656 83.32534855389856 -117.5
1 1 49.301691510461026 79.29327747749693 -108.0
1459
-------------------New----------------
0 0 -102.94623006409388 56.80952382058585 118.5
0 1 -102.72104377406677 53.190374494091124 108.5
1 0 -97.69862857281196 -28.544163369798326 -117.5
1 1 -97.91290315961983 -25.103290856948384 -108.0
1460
-------------------New----------------
0 0 17.324005925192377 -13.16284516561171 118.5
0 1 20.4323730332715 -14.099066603360807 108.5
1 0 90.69166024343797 -35.25510744425116 -117.5
1 1 87.73761537281402 -34.3656845307912 -108.0
1462
-------------------New----------------
0 0 105.65949383882108 -85.57651615881885 118.5
0 1 105.17266668639414 -84.19778638419402 108.5
1 0 94.18072888793425 -53.03687805506338 -117.5
1 1 94.6439750937691 -54.347912864696944 -108.0
1466
-------------------New----------------
0 0 -27.385772468357793 45.103143521138875 118.5
0 1 -28.502408241637234 48.0380379651506 108.5
1 0 -53.61971306295332 114.3540903873504 -117.5
1 1 -52.567023088653535 111.56764802102546 -108.0
1467
-------------------New----------------
0 0 29.408194554938046 -52.99042001952455 118.5
0 1 28.331045597425913 -54.90372461367265 108.5
1 0 3.971517257249844 -98.17658050167424 -117.5
1 1 4.9961615995086195 -96.35770572584813 -108.0
1470
-------------------New----------------
0 0 -42.15622461310052 17.174064433635245 118.5
0 1 -38.48114714913003 18.992139530105213 108.5
1 0 44.55609044405151 60.07495066994378 -117.5
1 1 41.06539329979755 58.34833877339967 -108.0
1475
-------------------New----------------
0 0 -45.39591777480607 -0.2635888511133624 118.5
0 1 -47.039690533093435 -1.827227003108024 108.5
1 0 -84.17351178709183 -37.193525757059255 -117.5
1 1 -82.61277360784534 -35.709104627712186 -108.0
1476
-------------------New----------------
0 0 -1.603650317407667 23.71585623942303 118.5
0 1 2.352169587271293 26.322995881868373 108.5
1 0 91.74769225080868 85.2433965748599 -117.5
1 1 87.99046160910953 82.76626721503176 -108.0
1498
-------------------New----------------
0 0 65.28898266043075 19.254267702624848 118.5
0 1 62.66222278245175 13.089616036785415 108.5
1 0 3.3709298452647145 -126.37312735738753 -117.5
1 1 5.863397874168832 -120.509353578205 -108.0
1508
-------------------New----------------
0 0 -69.76705180727927 12.211181082188132 118.5
0 1 -68.52172226139757 13.986225546144194 108.5
1 0 -40.32484917652015 54.14486575600348 -117.5
1 1 -41.513097253510615 52.45754302449258 -108.0
1516
-------------------New----------------
0 0 85.39921797452325 -42.62172377460193 118.5
0 1 85.96876710251016 -40.218071427124855 108.5
1 0 98.89619323296321 14.101714710916202 -117.5
1 1 98.35096700495868 11.81990945629069 -108.0
1518
-------------------New----------------
0 0 -11.762531132986872 -68.90688712339656 118.5
0 1 -12.315407670905909 -71.30606268071583 108.5
1 0 -26.87796008230008 -125.57690104786636 -117.5
1 1 -26.23641031351166 -123.30280994095605 -108.0
1526
-------------------New----------------
0 0 -49.62673342180396 62.48335518768535 118.5
0 1 -50.38643406811636 63.649639175880985 108.5
1 0 -67.48924802752535 89.99186943578249 -117.5
1 1 -66.7703013732465 88.8820688612092 -108.0
1527
-------------------New----------------
0 0 -66.70732321705476 21.54753509999586 118.5
0 1 -67.99601963549831 25.04426914001245 108.5
1 0 -97.08078903465216 104.04458249932551 -117.5
1 1 -95.86223611229305 100.72673607476575 -108.0
1536
-------------------New----------------
0 0 75.37180447795285 74.98026937388383 118.5
0 1 74.55186169015701 72.51806693323502 108.5
1 0 56.184316403767596 16.942800421123717 -117.5
1 1 56.96167405996215 19.277127460103678 -108.0
1539
-------------------New----------------
0 0 -35.277369515618254 94.63506021291734 118.5
0 1 -30.665185505193506 92.70648108981052 108.5
1 0 73.50566508475512 49.05801709770454 -117.5
1 1 69.13023438834641 50.89905659083219 -108.0
1550
-------------------New----------------
0 0 -7.279176738633383 -18.482459172914673 118.5
0 1 -4.3908875447540465 -15.094442196622177 108.5
1 0 60.519216303271 61.08949979836444 -117.5
1 1 57.80491144990528 57.892973593211664 -108.0
1552
-------------------New----------------
0 0 63.896788812942646 -41.17085255526497 118.5
0 1 61.190828610386305 -40.5404592555198 108.5
1 0 -0.17335270042597556 -26.44856533943916 -117.5
1 1 2.4035108774819265 -27.04118304439021 -108.0
1553
-------------------New----------------
0 0 -92.3149606306575 -46.241877104030955 118.5
0 1 -91.13558560068515 -41.73683122447477 108.5
1 0 -64.4573779382193 60.01890774755903 -117.5
1 1 -65.5777045592076 55.73721052918482 -108.0
1556
-------------------New----------------
0 0 -25.2940853174455 25.173305190829264 118.5
0 1 -26.220626568492207 26.51105314995157 108.5
1 0 -46.49655169151177 57.90217975169171 -117.5
1 1 -45.66580219568367 56.55512147202629 -108.0
1573
-------------------New----------------
0 0 -75.85349620240068 -69.06067076736123 118.5
0 1 -77.42714273215424 -69.54892456837548 108.5
1 0 -112.99071618271338 -80.5744296363551 -117.5
1 1 -111.49693056344509 -80.11186008561405 -108.0
1579
-------------------New----------------
0 0 -2.803810668850274 -9.895655386653791 118.5
0 1 -0.01106348819812375 -11.919052520696777 108.5
1 0 63.1048452876077 -57.64628301685762 -117.5
1 1 60.4513430016856 -55.72433677234536 -108.0
1580
-------------------New----------------
0 0 45.79529744072088 91.97054816702703 118.5
0 1 45.552895215011105 93.36304574042762 108.5
1 0 40.086308069490215 124.81915097133393 -117.5
1 1 40.315782199518466 123.4970024397689 -108.0
1586
-------------------New----------------
0 0 -65.32042234527 18.348724618337272 118.5
0 1 -65.4490154731092 14.862750116681742 108.5
1 0 -67.94139127104854 -63.998135150914365 -117.5
1 1 -67.84485062345195 -60.68154103326572 -108.0
1590
-------------------New----------------
0 0 33.05546508256303 -70.32908321344698 118.5
0 1 34.02561334526552 -72.767280350046 108.5
1 0 55.901251939740725 -127.87798898055678 -117.5
1 1 54.98475938090007 -125.56289159284555 -108.0
1599
-------------------New----------------
0 0 63.33623386445288 18.090796791029153 118.5
0 1 66.0719752904124 17.430638744500083 108.5
1 0 127.94684780897808 2.5305360743556142 -117.5
1 1 125.34926123870291 3.1519880644677074 -108.0
1606
-------------------New----------------
0 0 8.893111436212383 62.814437804472526 118.5
0 1 7.3802318202608586 60.12996040661238 108.5
1 0 -26.807085389175533 -0.5407333904219684 -117.5
1 1 -25.370985533007943 2.008563257936738 -108.0
1611
-------------------New----------------
0 0 -41.177202598708966 -10.47005163796619 118.5
0 1 -38.91651893329761 -5.6774682015936 108.5
1 0 12.162629857576366 102.66304785769576 -117.5
1 1 10.01785672305274 98.10026548796587 -108.0
1612
-------------------New----------------
0 0 -51.938274315806346 -30.618087160914634 118.5
0 1 -51.03402613582624 -30.526683891388075 108.5
1 0 -30.62130744913904 -28.456216285802583 -117.5
1 1 -31.47926133868347 -28.542856390777366 -108.0
1616
-------------------New----------------
0 0 23.643418185920403 -76.45676975936158 118.5
0 1 23.497339573239568 -75.56536842423102 108.5
1 0 20.189969972954735 -55.42924517108695 -117.5
1 1 20.32901598469426 -56.275138649187724 -108.0
1617
-------------------New----------------
0 0 -104.26412082862562 49.988484522707765 118.5
0 1 -105.01091245899889 44.80029411628594 108.5
1 0 -121.8619313405811 -72.43727002599974 -117.5
1 1 -121.15339250358036 -67.51044144053625 -108.0
1625
-------------------New----------------
0 0 15.03995070695188 -65.02123199631612 118.5
0 1 15.748338014271477 -66.96673999592045 108.5
1 0 31.751981460899525 -110.9543735357865 -117.5
1 1 31.0843590652734 -109.0995016330667 -108.0
1628
-------------------New----------------
0 0 -60.410463628771915 86.19865458050765 118.5
0 1 -60.22375333618031 86.44666506580384 108.5
1 0 -56.00395764148982 91.78525457140681 -117.5
1 1 -56.173465908250456 91.56174580034322 -108.0
1639
-------------------New----------------
0 0 42.84745132640847 -33.663915551154226 118.5
0 1 44.91106480829269 -31.628248597294895 108.5
1 0 91.52520903338898 14.37214983848774 -117.5
1 1 89.56634548866703 12.437921310024565 -108.0
1640
-------------------New----------------
0 0 89.326378768282 57.14414193885587 118.5
0 1 86.94688318849997 53.40805345822518 108.5
1 0 33.16740657427506 -31.01481712916327 -117.5
1 1 35.42810465577881 -27.46475848674185 -108.0
1646
-------------------New----------------
0 0 -36.09983054277269 35.38516327341792 118.5
0 1 -34.80507689535485 31.781258868969566 108.5
1 0 -5.496647897853913 -49.70253392484174 -117.5
1 1 -6.727826200360125 -46.27665117169649 -108.0
1647
-------------------New----------------
0 0 -64.12339636727435 -37.271470070126554 118.5
0 1 -61.47522340627288 -37.726014024534926 108.5
1 0 -1.4980669561091198 -48.136716633850995 -117.5
1 1 -4.023618733136117 -47.69437619589361 -108.0
1649
-------------------New----------------
0 0 74.1406469477314 82.09901384567226 118.5
0 1 71.92123361543942 81.26626301497419 108.5
1 0 21.640431567441002 62.38938253040819 -117.5
1 1 23.756652882641156 63.18883007841921 -108.0
1656
-------------------New----------------
0 0 -12.827972790072925 54.603448759162404 118.5
0 1 -9.640863535599522 52.487377400023966 108.5
1 0 62.414984566769114 4.699572391608397 -117.5
1 1 59.38874774870683 6.7059868553860635 -108.0
1658
-------------------New----------------
0 0 -101.30035191230884 -59.12910654458635 118.5
0 1 -99.67358474027208 -57.86197353150575 108.5
1 0 -62.91522473862331 -29.22213491816165 -117.5
1 1 -64.45919232187795 -30.42571188132178 -108.0
1662
-------------------New----------------
0 0 53.82120561420676 59.07689839264507 118.5
0 1 48.98170765646302 55.614402524849574 108.5
1 0 -60.1357801818639 -22.642356572788092 -117.5
1 1 -55.5512437126841 -19.351708042209633 -108.0
1666
-------------------New----------------
0 0 -91.99380091364564 51.167646736721046 118.5
0 1 -89.77953446335393 45.76541497669789 108.5
1 0 -39.70928624874515 -76.33198900562698 -117.5
1 1 -41.81456642968994 -71.19934582866497 -108.0
1698
-------------------New----------------
0 0 -43.30870606272116 61.88616521947938 118.5
0 1 -45.79422665883123 61.70337701974563 108.5
1 0 -101.9358513568468 57.5101338398811 -117.5
1 1 -99.57565952088333 57.68672306138755 -108.0
1701
-------------------New----------------
0 0 -31.489227673451268 -28.70808108858144 118.5
0 1 -30.685660490627207 -28.59333333883145 108.5
1 0 -12.587924042999589 -25.965511477071384 -117.5
1 1 -13.34756489116361 -26.07853939096101 -108.0
1703
-------------------New----------------
0 0 -43.96096832216624 62.74874310561948 118.5
0 1 -38.45339008004434 59.363173692992234 108.5
1 0 85.98754316219475 -17.152714484283575 -117.5
1 1 80.75703480353573 -13.93639486220425 -108.0
1708
-------------------New----------------
0 0 19.366789046817882 23.71599494193226 118.5
0 1 16.0219186978618 23.49366809120115 108.5
1 0 -59.56050366464815 18.50286095456747 -117.5
1 1 -56.38356736775431 18.711651312103044 -108.0
1711
-------------------New----------------
0 0 -119.51673354774621 67.36590035854775 118.5
0 1 -119.28176002713 64.49517794225139 108.5
1 0 -114.01122338880266 -0.4005108342293539 -117.5
1 1 -114.23144120838776 2.3297109898008217 -108.0
1724
-------------------New----------------
0 0 98.40388649311694 -54.20001136100666 118.5
0 1 96.274093071075 -55.26695994919866 108.5
1 0 48.132962911851266 -79.40016738830442 -117.5
1 1 50.15570726161765 -78.38508953928522 -108.0
1727
-------------------New----------------
0 0 -115.0071707818835 83.76949259361523 118.5
0 1 -114.44006024437844 85.23332275111171 108.5
1 0 -101.6336125696414 118.3206551094077 -117.5
1 1 -102.17227701469992 116.92894431486476 -108.0
1734
-------------------New----------------
0 0 61.46826322133478 -7.6843357541872 118.5
0 1 62.95256596671053 -7.940237595622561 108.5
1 0 96.53195279634626 -13.734739720782372 -117.5
1 1 95.12579175995079 -13.497128380817475 -108.0
1740
-------------------New----------------
0 0 -51.45839093797334 36.04173541183332 118.5
0 1 -47.83751482845809 37.96083726023702 108.5
1 0 33.95952179422548 81.3326241246201 -117.5
1 1 30.522605115569633 79.51104576157755 -108.0
1743
-------------------New----------------
0 0 0.2762163221133623 -90.63547389138475 118.5
0 1 -2.190972958980862 -89.02192692575105 108.5
1 0 -57.478002593390656 -51.85486026857744 -117.5
1 1 -55.164109763626925 -53.41849917372595 -108.0
1747
-------------------New----------------
0 0 -37.20315465283289 65.38509590511589 118.5
0 1 -36.44760637522771 64.33952225887809 108.5
1 0 -19.377560315666233 40.661941501803184 -117.5
1 1 -20.09550267048926 41.65787045519885 -108.0
1750
-------------------New----------------
0 0 -11.627268348287492 -39.91887461168979 118.5
0 1 -14.713082211898927 -38.76970986518164 108.5
1 0 -84.41776937729125 -12.779969858150185 -117.5
1 1 -81.48734864736653 -13.85897002649114 -108.0
1772
-------------------New----------------
0 0 4.053708255163845 -100.10575766979049 118.5
0 1 7.426872958355612 -99.81427790234213 108.5
1 0 83.76621407694962 -93.24413446433222 -117.5
1 1 80.55908597457132 -93.5177286787269 -108.0
1786
-------------------New----------------
0 0 1.2865362656753425 -61.67308330234662 118.5
0 1 3.663915185544588 -59.06315663897827 108.5
1 0 57.36124652586458 -0.08361294608346874 -117.5
1 1 55.10339666040917 -2.5633300379324284 -108.0
1787
-------------------New----------------
0 0 -70.94629366762724 -79.8517846970804 118.5
0 1 -72.75174827593776 -78.34522050074507 108.5
1 0 -113.58177477940826 -44.29631804079288 -117.5
1 1 -111.86720170866036 -45.728171254947576 -108.0
1790
-------------------New----------------
0 0 108.43547704868907 -91.09635523777459 118.5
0 1 107.34212590654481 -91.67286690172074 108.5
1 0 81.88135160967093 -104.60658666680897 -117.5
1 1 82.95899131247089 -104.04739311841381 -108.0
1791
-------------------New----------------
0 0 -9.209306776721574 -60.63880862213646 118.5
0 1 -10.37722348279995 -57.650636011207474 108.5
1 0 -36.696260268361016 9.911496554643575 -117.5
1 1 -35.59387002831109 7.070177830836615 -108.0
1801
-------------------New----------------
0 0 68.18127688406096 69.09815841867383 118.5
0 1 70.09411142384253 70.09829592077882 108.5
1 0 113.31926452702282 92.69243325895326 -117.5
1 1 111.50086078048177 91.74176585126872 -108.0
1817
-------------------New----------------
0 0 -7.1064698045726855 64.49006901518467 118.5
0 1 -5.299951869472654 60.770100166426445 108.5
1 0 35.38527056368618 -23.390127286062306 -117.5
1 1 33.67504629159424 -19.859847616304858 -108.0
1827
-------------------New----------------
0 0 64.09434501155769 32.25920579755621 118.5
0 1 61.174119312850074 31.43002909823651 108.5
1 0 -4.826367118678919 12.701335817900794 -117.5
1 1 -2.0520794587102786 13.48815823507116 -108.0
1839
-------------------New----------------
0 0 0.35189236892440406 36.425403192833045 118.5
0 1 -3.818376800460831 33.2684061301636 108.5
1 0 -98.06476974056218 -38.077420499954876 -117.5
1 1 -94.10315193485397 -35.078579454317094 -108.0
1841
-------------------New----------------
0 0 41.99951654954481 -40.67749198759261 118.5
0 1 37.46311657111444 -37.099057399959214 108.5
1 0 -77.29185721593738 50.57429683842419 -117.5
1 1 -71.92896290990767 46.597929232710406 -108.0
1846
-------------------New----------------
0 0 66.36045263260971 -10.792024173017108 118.5
0 1 65.5275402367849 -6.793543443728905 108.5
1 0 46.71844152995468 83.57635772567781 -117.5
1 1 47.50871490612328 79.77850206732157 -108.0
1848
-------------------New----------------
0 0 -101.90409949200941 8.382114724141305 118.5
0 1 -101.4459363413863 13.229316877665985 108.5
1 0 -90.96175537528387 122.89900537676913 -117.5
1 1 -91.3977229603029 118.26921607102688 -108.0
1851
-------------------New----------------
0 0 -6.334320887423449 -11.746493622680102 118.5
0 1 -5.719169159843398 -12.369797140778255 108.5
1 0 8.183863644174263 -26.515934222407964 -117.5
1 1 7.603884448607502 -25.921306804924047 -108.0
1855
-------------------New----------------
0 0 -76.1749050308218 4.875031708948624 118.5
0 1 -74.69750521418763 5.359508199117965 108.5
1 0 -41.257940376604665 16.41369899476819 -117.5
1 1 -42.664431329538424 15.950705664993915 -108.0
1858
-------------------New----------------
0 0 34.633676545009344 -1.0058996638810918 118.5
0 1 33.41943326302698 -5.802912946615824 108.5
1 0 5.980427932956298 -114.21626015217046 -117.5
1 1 7.13352477956295 -109.65926138913498 -108.0
1865
-------------------New----------------
0 0 58.964571345034074 -54.58058085674621 118.5
0 1 56.30608933372419 -51.96310284537914 108.5
1 0 -3.7433531650902694 7.172652256721958 -117.5
1 1 -1.2186956501229944 4.686127270425862 -108.0
1883
-------------------New----------------
0 0 -81.02766485700786 13.030766772196419 118.5
0 1 -80.89268961746248 15.732130611441937 108.5
1 0 -78.07056200979213 76.9726112049004 -117.5
1 1 -78.15337653379103 74.37293991699167 -108.0
1890
-------------------New----------------
0 0 -70.10393521188581 -16.085333528010175 118.5
0 1 -71.75437134172715 -18.420615116260883 108.5
1 0 -108.61214488346498 -70.88276033057262 -117.5
1 1 -107.06081852553254 -68.70535455615699 -108.0
1894
-------------------New----------------
0 0 -63.87681578840228 30.731842329309472 118.5
0 1 -60.14919120411122 28.54778573110343 108.5
1 0 23.64260661711498 -19.94615421290843 -117.5
1 1 20.140074535280018 -17.945213758945137 -108.0
1900
-------------------New----------------
0 0 20.772974847251035 -3.9685717161453278 118.5
0 1 22.65127539959176 -3.978559237662175 108.5
1 0 64.98870454591766 -4.24966633014901 -117.5
1 1 63.21686558526708 -4.244230682588882 -108.0
1901
-------------------New----------------
0 0 -32.93021645578511 -45.79208398660889 118.5
0 1 -33.809870539212746 -42.87785856430723 108.5
1 0 -53.28428278785483 23.082195983618977 -117.5
1 1 -52.4560703311904 20.304499403814326 -108.0
1902
-------------------New----------------
0 0 -60.91454197100213 56.79860440397723 118.5
0 1 -60.91459162786742 54.615572544369286 108.5
1 0 -60.90634246975586 5.273647458416809 -117.5
1 1 -60.9069863209037 7.348090998047098 -108.0
1929
-------------------New----------------
0 0 91.46595342450085 11.346784577662076 118.5
0 1 91.36148114961244 8.413911286026583 108.5
1 0 88.94191013928727 -57.85989837284636 -117.5
1 1 89.04172967539223 -55.07930520871459 -108.0
1932
-------------------New----------------
0 0 52.32671496553619 -54.9464205408852 118.5
0 1 54.08622208129001 -50.624269132321174 108.5
1 0 94.02554435186502 46.96679988371373 -117.5
1 1 92.34201437306729 42.861519951717106 -108.0
1933
-------------------New----------------
0 0 28.808453121895973 -104.26004537942633 118.5
0 1 27.014114426644745 -104.88469797042414 108.5
1 0 -13.468607004980887 -119.11675379473346 -117.5
1 1 -11.770235223448308 -118.51466557752488 -108.0
1934
-------------------New----------------
0 0 64.6935729614772 23.847808476589922 118.5
0 1 62.25978053379536 21.442633625032606 108.5
1 0 12.648553770137951 -34.49825620257121 -117.5
1 1 14.50374780190317 -32.07377105651405 -108.0
1941
-------------------New----------------
0 0 81.58342838641174 -36.34590436410188 118.5
0 1 80.14861534264088 -36.669630882171624 108.5
1 0 47.71349140203058 -43.99097460162928 -117.5
1 1 49.0800151920555 -43.68179866414781 -108.0
1952
-------------------New----------------
0 0 69.68239936017395 31.510228473120748 118.5
0 1 69.35975260417374 32.14178435558028 108.5
1 0 62.065573274798695 46.44621837047946 -117.5
1 1 62.37297636473536 45.843566996725976 -108.0
1953
-------------------New----------------
0 0 25.51766444382232 -27.85067654057115 118.5
0 1 26.665993739113013 -22.477133546953514 108.5
1 0 52.49188208965622 98.81759353074787 -117.5
1 1 51.40707392624084 93.72002811396075 -108.0
1964
-------------------New----------------
0 0 -68.50879906260732 23.47458126773897 118.5
0 1 -68.04803642600294 26.603395215458022 108.5
1 0 -57.65837668756914 97.30375271297514 -117.5
1 1 -58.09367194911355 94.33224803896772 -108.0
1969
-------------------New----------------
0 0 33.92672244588009 -106.85149131797782 118.5
0 1 31.903800800405527 -107.33509426454661 108.5
1 0 -13.55548590288046 -118.17576074597385 -117.5
1 1 -11.661638404468238 -117.71137291119253 -108.0
1972
-------------------New----------------
0 0 -105.96623807961494 -54.802936907420325 118.5
0 1 -105.99876389951032 -53.27548850176337 108.5
1 0 -106.71760723681078 -18.748428795670016 -117.5
1 1 -106.68829805252157 -20.200797346013033 -108.0
1973
-------------------New----------------
0 0 51.12807390074499 103.34603721532804 118.5
0 1 54.1935273217396 103.70837695829277 108.5
1 0 123.48574344986685 111.94308279587577 -117.5
1 1 120.57331340437656 111.5972313753219 -108.0
1988
-------------------New----------------
0 0 -56.45328671390242 -92.10550241882079 118.5
0 1 -54.71512002286755 -91.12520821286822 108.5
1 0 -15.418153717339663 -68.96325637793643 -117.5
1 1 -17.07028671979238 -69.89547071122402 -108.0
1990
-------------------New----------------
0 0 70.72431918258283 -22.090096467330884 118.5
0 1 70.79957667797147 -23.330940379166183 108.5
1 0 73.22332745617813 -51.44852071660485 -117.5
1 1 73.11401949801417 -50.26074962570684 -108.0
1992
-------------------New----------------
0 0 -96.20238763616888 59.70916775415128 118.5
0 1 -94.00185682387621 61.08503185248901 108.5
1 0 -44.24378016974851 92.27711317397643 -117.5
1 1 -46.337439178621636 90.96506301650768 -108.0
2000
-------------------New----------------
0 0 -85.65941801116035 15.020550106911594 118.5
0 1 -87.05200639747862 12.31668678558449 108.5
1 0 -118.52166517016806 -48.80670262513242 -117.5
1 1 -117.19758593071757 -46.23731251567206 -108.0
2001
-------------------New----------------
0 0 47.65898135814594 -33.766977386226316 118.5
0 1 46.830524546862094 -32.57540506477875 108.5
1 0 28.344540857939897 -5.815471611344625 -117.5
1 1 29.118977327482288 -6.939145369332098 -108.0
2008
-------------------New----------------
0 0 71.81273716158621 34.80166772946579 118.5
0 1 68.54630937086239 29.307898817796495 108.5
1 0 -5.307453026606921 -94.72928723911974 -117.5
1 1 -2.20251067473651 -89.51751622632705 -108.0
2013
-------------------New----------------
0 0 -23.42886902404739 -3.6215533617740845 118.5
0 1 -24.03081006135305 -6.203514101541202 108.5
1 0 -37.592296877764795 -64.48068215082111 -117.5
1 1 -37.02413777485785 -62.03237687683812 -108.0
2017
-------------------New----------------
0 0 21.461928377635076 -23.648411854090075 118.5
0 1 19.468798544151227 -17.71993648053633 108.5
1 0 -25.692660845661806 116.16924368907988 -117.5
1 1 -23.805554258262163 110.53580047696724 -108.0
2021
-------------------New----------------
0 0 -53.97691344874979 -54.61581353384391 118.5
0 1 -54.777645920350416 -52.704481928430084 108.5
1 0 -72.51142516590046 -9.16739586105648 -117.5
1 1 -71.7869346534594 -10.991548503014855 -108.0
2033
-------------------New----------------
0 0 -39.56771955714129 22.051047070022523 118.5
0 1 -39.59739948713373 19.86232106396923 108.5
1 0 -40.15967606024647 -29.8658712016862 -117.5
1 1 -40.13746089377996 -27.769959065829973 -108.0
2040
-------------------New----------------
0 0 -114.17911397884848 -11.133933355530932 118.5
0 1 -114.39457316736994 -15.73714220481909 108.5
1 0 -119.32893370407461 -119.69786010264961 -117.5
1 1 -119.12265922430993 -115.3352620761508 -108.0
2064
-------------------New----------------
0 0 -21.17422728849305 -52.63199121584215 118.5
0 1 -18.44279987659357 -47.62899708200987 108.5
1 0 43.2681831670535 65.4596424630265 -117.5
1 1 40.67554472013858 60.708328052673004 -108.0
2076
-------------------New----------------
0 0 65.01132613782138 -100.22708828001852 118.5
0 1 63.652500258633005 -98.43914948091256 108.5
1 0 33.173489808889684 -58.043084165546475 -117.5
1 1 34.44305267712741 -59.745913840628006 -108.0
2087
-------------------New----------------
0 0 94.27831517504919 -46.31048775145073 118.5
0 1 93.54870581598416 -41.13046461533996 108.5
1 0 77.05992310562706 75.95602304417663 -117.5
1 1 77.75298872634679 71.03282551032899 -108.0
2109
-------------------New----------------
0 0 57.02680673239381 -73.96018478138487 118.5
0 1 58.0089800740591 -73.21807369988929 108.5
1 0 80.0072076471263 -56.50619109403988 -117.5
1 1 79.07999309432219 -57.21277456561013 -108.0
2111
-------------------New----------------
0 0 -19.377251273276478 8.722349149058335 118.5
0 1 -17.763110207501953 5.849954122981392 108.5
1 0 18.58554169570646 -59.48173128381147 -117.5
1 1 17.067806858358317 -56.726477094669704 -108.0
2115
-------------------New----------------
0 0 71.84220947995632 -80.36865618543973 118.5
0 1 69.21501553479285 -79.90226269044257 108.5
1 0 9.509923616115376 -69.21437563226218 -117.5
1 1 12.028498832317789 -69.6688630728729 -108.0
2117
-------------------New----------------
0 0 62.124033952394925 -71.93315857712739 118.5
0 1 58.740935898269996 -73.59066972978705 108.5
1 0 -17.740112587194233 -111.11377558117258 -117.5
1 1 -14.527025247762884 -109.53505276419203 -108.0
2118
-------------------New----------------
0 0 -113.90162707253418 78.8047414202467 118.5
0 1 -113.09233191003766 79.52570086881586 108.5
1 0 -94.79251574337206 95.84626995563649 -117.5
1 1 -95.56171679238038 95.15958295826094 -108.0
2120
-------------------New----------------
0 0 -74.6153040688879 30.59900723569544 118.5
0 1 -76.24921515163174 28.984307391989148 108.5
1 0 -113.1653428849036 -7.570352578005742 -117.5
1 1 -111.61421271053541 -6.032183344604784 -108.0
2124
-------------------New----------------
0 0 -23.987802639871894 -56.430609014712466 118.5
0 1 -21.30909470099605 -55.407641360786634 108.5
1 0 39.236829215318494 -32.28829094895251 -117.5
1 1 36.69107513951454 -33.260112736223746 -108.0
2130
-------------------New----------------
0 0 70.60593606122646 39.11971175684565 118.5
0 1 69.17886528884404 36.888464610196976 108.5
1 0 37.19372036152966 -13.449759107540842 -117.5
1 1 38.538250697415236 -11.31233600584196 -108.0
2132
-------------------New----------------
0 0 61.87525135376209 -37.77070979679842 118.5
0 1 59.672853646616204 -39.82747949230114 108.5
1 0 9.900536976002234 -86.30042046618225 -117.5
1 1 11.993196171208867 -84.34726196550376 -108.0
2136
-------------------New----------------
0 0 19.576381333688644 -69.70625029163875 118.5
0 1 18.073319518981883 -66.16333022158278 108.5
1 0 -15.923445214558736 13.892434611606964 -117.5
1 1 -14.493213166343565 10.526117922085431 -108.0
2139
-------------------New----------------
0 0 10.826619630011589 -47.102507800152594 118.5
0 1 12.466823579847738 -47.2739904631512 108.5
1 0 49.536768022731096 -51.15076999081653 -117.5
1 1 47.97825122872242 -50.98780039567329 -108.0
2149
-------------------New----------------
0 0 -72.43682353123577 83.16780955059441 118.5
0 1 -72.71997934174146 80.09742425920533 108.5
1 0 -79.00197661110016 10.461172964582918 -117.5
1 1 -78.72913588176507 13.379008231270712 -108.0
2170
-------------------New----------------
0 0 11.061857566978391 63.780881363652256 118.5
0 1 12.776186494050881 60.79882262420731 108.5
1 0 51.589909766552125 -6.553404732479892 -117.5
1 1 49.956845190423216 -3.7248229310620005 -108.0
2175
-------------------New----------------
0 0 25.988633553679875 59.22048088894568 118.5
0 1 24.804201070524407 60.822940591131555 108.5
1 0 -2.0064966266525097 97.00770172943056 -117.5
1 1 -0.8757937146450342 95.48592476798362 -108.0
2180
-------------------New----------------
0 0 -26.698269507837672 70.80953128392294 118.5
0 1 -27.47848258871444 70.32280471342602 108.5
1 0 -45.42853988995749 59.236514284027045 -117.5
1 1 -44.664019870373565 59.70703212773948 -108.0
2195
-------------------New----------------
0 0 -88.3622817972259 74.05937876335989 118.5
0 1 -86.95658819721643 72.28604612838903 108.5
1 0 -55.12756673336821 32.30038903422024 -117.5
1 1 -56.46305166024291 33.9810072078791 -108.0
2197
-------------------New----------------
0 0 77.2250716613381 112.88348216462734 118.5
0 1 78.62265327986503 113.02005126297631 108.5
1 0 110.2085859406238 116.10585479885044 -117.5
1 1 108.88081603158693 115.97709822156226 -108.0
2198
-------------------New----------------
0 0 -11.492399665900418 -7.040168650839097 118.5
0 1 -7.226735547700686 -8.995923509069465 108.5
1 0 89.1932705876878 -53.249715708867214 -117.5
1 1 85.1379858104323 -51.38906972534454 -108.0
2201
-------------------New----------------
0 0 -77.48370927445394 84.74590634611049 118.5
0 1 -79.00895525219144 81.69610210681704 108.5
1 0 -113.47075023666022 12.806458293529309 -117.5
1 1 -112.02118939062862 15.69900055982897 -108.0
2206
-------------------New----------------
0 0 -16.461770175424967 31.96774855512885 118.5
0 1 -17.171173393514056 28.865226574181484 108.5
1 0 -33.2018648496323 -41.271429111227214 -117.5
1 1 -32.527271811005214 -38.32027346693617 -108.0
2207
-------------------New----------------
0 0 -7.1286336419106515 -100.0238018301037 118.5
0 1 -10.111386301560263 -99.67676146462234 108.5
1 0 -77.22067613794077 -91.7477556989454 -117.5
1 1 -74.41171345669598 -92.09441226933902 -108.0
2215
-------------------New----------------
0 0 -25.38086855949255 -79.80277601771805 118.5
0 1 -22.85749880178211 -80.5143355032939 108.5
1 0 34.211363380246596 -96.57212941918223 -117.5
1 1 31.812289045777867 -95.89765717527703 -108.0
2219
-------------------New----------------
0 0 -43.06305990705583 27.57821205817418 118.5
0 1 -45.98728187324628 29.04451541201322 108.5
1 0 -112.04070651983439 62.21205681500012 -117.5
1 1 -109.2638266160646 60.81691108282074 -108.0
2222
-------------------New----------------
0 0 -23.298914764500367 -113.165065001898 118.5
0 1 -18.76933090879914 -112.53919979365249 108.5
1 0 83.60460558112683 -98.35944584213681 -117.5
1 1 79.30159416403173 -98.95599525691507 -108.0
2226
-------------------New----------------
0 0 45.323055575416404 4.560088410328059 118.5
0 1 47.097147697916256 7.646753931549985 108.5
1 0 86.88282138241335 77.56914797469639 -117.5
1 1 85.2241179581435 74.62748040092723 -108.0
2228
-------------------New----------------
0 0 -43.16031477279604 -50.30788924427892 118.5
0 1 -44.11333722700327 -48.73258617070222 108.5
1 0 -65.60974401595237 -13.071927008473546 -117.5
1 1 -64.71167944622569 -14.568873143498971 -108.0
2233
-------------------New----------------
0 0 15.745421041940102 17.435903047296748 118.5
0 1 15.756579888920621 16.66647335398904 108.5
1 0 27.89852222576527 -9.792299032227065 -117.5
1 1 26.84057616967499 -8.254032534795996 -108.0
2237
-------------------New----------------
0 0 -120.92607525127626 25.587691739208804 118.5
0 1 -120.97098885191204 29.664827551688383 108.5
1 0 -121.98367399324434 121.78225911297515 -117.5
1 1 -121.94057189172258 117.91062799963429 -108.0
2242
-------------------New----------------
0 0 -26.624785657906774 7.938544390518918 118.5
0 1 -23.880991809203007 10.165249418079904 108.5
1 0 38.097697376039434 60.46861996478143 -117.5
1 1 35.49100144026687 58.358010201131115 -108.0
2243
-------------------New----------------
0 0 -2.8556357818768596 39.41652972086266 118.5
0 1 -0.9618678866925897 36.28475814957916 108.5
1 0 40.97058454823041 -34.292112221404516 -117.5
1 1 39.245312593208375 -31.33417395373823 -108.0
2249
-------------------New----------------
0 0 -23.1408296560954 27.35260740593794 118.5
0 1 -20.346891998028646 21.848907678781686 108.5
1 0 42.779092347842365 -102.4671156727821 -117.5
1 1 40.12569461548468 -97.23874429882976 -108.0
2260
-------------------New----------------
0 0 -17.696812161592742 89.0689702638424 118.5
0 1 -15.366387236475372 88.33148925275107 108.5
1 0 37.0132502320122 71.71886645724786 -117.5
1 1 34.81607302908986 72.41788822793171 -108.0
2265
-------------------New----------------
0 0 -92.45109812654468 -6.7279165142127155 118.5
0 1 -93.64953883806632 -1.4581360990348018 108.5
1 0 -120.74138636391629 117.60763785533011 -117.5
1 1 -119.6060582125032 112.60147040881759 -108.0
2283
-------------------New----------------
0 0 23.398593140206426 -97.51001355184681 118.5
0 1 26.189022645260955 -96.47587599249512 108.5
1 0 89.32954363150562 -73.00851177038683 -117.5
1 1 86.67018520543834 -73.99708440393341 -108.0
2284
-------------------New----------------
0 0 16.930827355648336 -5.8715581475119105 118.5
0 1 14.311046920605326 -3.712353630380804 108.5
1 0 -44.83407802789164 45.07490300444281 -117.5
1 1 -42.34938963517313 43.023197503092376 -108.0
2288
-------------------New----------------
0 0 30.577072624371908 68.59589461932367 118.5
0 1 31.189501535264945 67.14306798456523 108.5
1 0 44.97500205846875 34.299894749291354 -117.5
1 1 44.395803061315675 35.680714074515436 -108.0
2294
-------------------New----------------
0 0 -92.51417507709985 7.657842339230257 118.5
0 1 -92.18787368933303 11.871427307498966 108.5
1 0 -84.9369422248144 107.07450354574746 -117.5
1 1 -85.24047696187418 103.07370462986599 -108.0
2298
-------------------New----------------
0 0 -43.3040718167234 40.55727371914338 118.5
0 1 -44.99924370248253 40.38115242165949 108.5
1 0 -83.39251657063176 36.44793945509606 -117.5
1 1 -81.7778064004391 36.61483802254698 -108.0
2300
-------------------New----------------
0 0 -52.1962669706622 -65.49824923516775 118.5
0 1 -55.35154506851343 -64.03974619692673 108.5
1 0 -126.6494387882611 -31.036263037521785 -117.5
1 1 -123.65286636939796 -32.424100954069274 -108.0
2303
-------------------New----------------
0 0 11.420508191564966 57.53020686571831 118.5
0 1 11.882688863763285 57.010400773191556 108.5
1 0 22.105416477645377 45.26974671528831 -117.5
1 1 21.67529824847842 45.754001162137214 -108.0
2304
-------------------New----------------
0 0 42.35955108420301 -20.418660977801245 118.5
0 1 42.681843476212684 -20.594040776748415 108.5
1 0 49.989203375599985 -24.408015271876398 -117.5
1 1 49.68126049833498 -24.250188396779784 -108.0
2313
-------------------New----------------
0 0 24.61162284514385 50.54488033738043 118.5
0 1 27.888864327971287 51.64849012398277 108.5
1 0 101.87328315326131 76.63811481105564 -117.5
1 1 98.76768209429386 75.58680145422758 -108.0
2336
-------------------New----------------
0 0 -13.758247405719535 77.35965773459024 118.5
0 1 -14.440233456800275 76.78677459582295 108.5
1 0 -29.857306961631974 63.71669334390765 -117.5
1 1 -29.202304827386296 64.25857791335264 -108.0
2339
-------------------New----------------
0 0 -10.383713138407426 -89.94843469850458 118.5
0 1 -6.094382475085003 -88.3955659289164 108.5
1 0 90.83820222133286 -53.26434510244375 -117.5
1 1 86.76414835766711 -54.741375966662 -108.0
2340
-------------------New----------------
0 0 81.5351600662654 62.822412377823824 118.5
0 1 79.1622144712496 62.26295843385172 108.5
1 0 25.607086249877558 49.66790953592348 -117.5
1 1 27.853991492253044 50.1934480534317 -108.0
2345
-------------------New----------------
0 0 -71.5013972821471 36.45602425523462 118.5
0 1 -70.48193625656184 39.17299630744942 108.5
1 0 -47.44996951160282 100.5751776814374 -117.5
1 1 -48.418151551466 97.99382170662358 -108.0
2347
-------------------New----------------
0 0 6.791512489600907 66.5773331008409 118.5
0 1 8.580944617007649 67.49781068874941 108.5
1 0 49.43778626458711 89.0880280844966 -117.5
1 1 47.700116119419945 88.15362267249999 -108.0
2354
-------------------New----------------
0 0 16.378216071581086 -48.245356815125625 118.5
0 1 17.31076977032997 -46.55857960195606 108.5
1 0 38.434628717125705 -8.369902414574478 -117.5
1 1 37.543888990204266 -9.978108645171554 -108.0
2355
-------------------New----------------
0 0 -72.98017459004313 5.631948248451603 118.5
0 1 -71.8863712373186 2.3713215990032888 108.5
1 0 -47.087991631825574 -71.50688174392067 -117.5
1 1 -48.13494830817867 -68.39992153270127 -108.0
2377
-------------------New----------------
0 0 -71.18894781087197 -76.93169464445981 118.5
0 1 -68.21750754589794 -73.61121656188536 108.5
1 0 -1.0625912676412568 1.4294840030578704 -117.5
1 1 -3.885447486823884 -1.725511183872078 -108.0
2381
-------------------New----------------
0 0 -41.073544166552836 -5.791627523379444 118.5
0 1 -44.04748204051811 -5.107547982660343 108.5
1 0 -111.36645674215609 10.6936879419148 -117.5
1 1 -108.52652108938382 10.024463641009877 -108.0
2387
-------------------New----------------
0 0 -70.38299694179271 27.45478573552895 118.5
0 1 -71.7334987843183 29.193883804909753 108.5
1 0 -102.25413142220775 68.51712891079555 -117.5
1 1 -100.97142092002525 66.86335040084609 -108.0
2397
-------------------New----------------
0 0 43.05599836617422 77.54417094847321 118.5
0 1 45.75655675345677 74.95247997979871 108.5
1 0 106.73789658391733 16.375803503996234 -117.5
1 1 104.17821414390065 18.836182570562265 -108.0
2409
-------------------New----------------
0 0 24.272328896161884 -69.68894031974469 118.5
0 1 22.842982836074363 -71.49946072895786 108.5
1 0 -9.703900855920834 -112.24019387810192 -117.5
1 1 -8.339677957205406 -110.52937638230921 -108.0
2415
-------------------New----------------
0 0 -48.330718955706516 21.5839060710442 118.5
0 1 -49.40244985383599 18.861809128636413 108.5
1 0 -73.66261125658153 -42.66645321487426 -117.5
1 1 -72.64110012740778 -40.078203289603124 -108.0
2428
-------------------New----------------
0 0 -118.05336625877428 -75.20175480418138 118.5
0 1 -118.29702761989645 -74.84759506224005 108.5
1 0 -123.75588075110991 -66.79418140857267 -117.5
1 1 -123.5320440519786 -67.14190809229244 -108.0
2434
-------------------New----------------
0 0 -18.566606699838196 -9.493000631315184 118.5
0 1 -14.46249409640511 -8.040015410445436 108.5
1 0 78.89867738063897 25.23682692911759 -117.5
1 1 74.9845200135173 23.81862939216257 -108.0
2435
-------------------New----------------
0 0 23.964414533042557 -53.32506609537131 118.5
0 1 20.736177736679515 -49.89875768609454 108.5
1 0 -52.27861176443243 27.60865670446093 -117.5
1 1 -49.20820067889018 24.350455182356928 -108.0
2445
-------------------New----------------
0 0 42.05947425630204 10.980041089722926 118.5
0 1 36.65627732720064 13.095724496298974 108.5
1 0 -85.44277767074111 60.89964563934196 -117.5
1 1 -80.31060847543655 58.89095312312211 -108.0
2449
-------------------New----------------
0 0 20.635750519624995 -1.8519198868248723 118.5
0 1 19.12819980476528 -1.4521828913954122 108.5
1 0 -25.03972012262405 -8.801047601452476 -117.5
1 1 -22.72614469075676 -7.738239297845359 -108.0
2456
-------------------New----------------
0 0 -8.693336677718833 -61.01980415988146 118.5
0 1 -7.433811047133842 -56.69159613872787 108.5
1 0 21.875393963074377 41.91286526692581 -117.5
1 1 20.60477710131591 37.733394167117005 -108.0
2457
-------------------New----------------
0 0 4.296251889648793 -85.63380084301343 118.5
0 1 3.1854969196616856 -85.59354424743609 108.5
1 0 -21.921197122079192 -84.67725821357811 -117.5
1 1 -20.86605354115145 -84.71506351848673 -108.0
2459
-------------------New----------------
0 0 56.00185288120997 -37.066273367266945 118.5
0 1 53.14225050437542 -37.00293421356308 108.5
1 0 -11.31714569215295 -36.217863206095146 -117.5
1 1 -8.62126093432055 -36.25333019173048 -108.0
2473
-------------------New----------------
0 0 -60.9232176445222 44.674784055870944 118.5
0 1 -62.091466770979636 42.92137396344903 108.5
1 0 -88.50104490961814 3.2998339969190837 -117.5
1 1 -87.38975788565043 4.965904358444708 -108.0
2495
-------------------New----------------
0 0 -93.26745128537115 -46.967287432636 118.5
0 1 -94.60604003445295 -43.62922197505319 108.5
1 0 -127.53793505083743 31.63059644896837 -117.5
1 1 -126.11381169269035 28.405684443729733 -108.0
2507
-------------------New----------------
0 0 7.75223504075899 -34.35760941607883 118.5
0 1 2.6900466472835887 -33.95995851703873 108.5
1 0 -111.91841359426795 -25.21099315376715 -117.5
1 1 -107.0953746420161 -25.55591562841786 -108.0
2515
-------------------New----------------
0 0 3.1264181266676694 76.92386295420519 118.5
0 1 4.478944771829725 76.25253264709684 108.5
1 0 35.04976676252736 61.0830229572187 -117.5
1 1 33.765597209487545 61.72036052318431 -108.0
2518
-------------------New----------------
0 0 44.09856594489468 1.52783978340964 118.5
0 1 44.343748174610354 4.448502133698188 108.5
1 0 49.702242368373376 70.34892417466986 -117.5
1 1 49.51396206223651 67.57093840053156 -108.0
2519
-------------------New----------------
0 0 95.47200440160323 -47.834690431014664 118.5
0 1 96.66442888693715 -46.628882257990284 108.5
1 0 123.59393488988663 -19.39022744315654 -117.5
1 1 122.45228341495326 -20.54960170621394 -108.0
2521
-------------------New----------------
0 0 2.089560143548686 -20.795422024223974 118.5
0 1 -1.1777863240221582 -25.082434691642447 108.5
1 0 -74.90272254055482 -121.93456007039015 -117.5
1 1 -71.8079304351509 -117.86322767695643 -108.0
2530
-------------------New----------------
0 0 65.09389075680627 -1.526538034353214 118.5
0 1 61.640404830722375 -3.986422955938033 108.5
1 0 -16.270169585819247 -59.420660709014996 -117.5
1 1 -12.984689040760752 -57.09152077884627 -108.0
2532
-------------------New----------------
0 0 18.35822719816019 93.1358315789265 118.5
0 1 22.333451467539724 90.80086460818332 108.5
1 0 112.29440747287364 38.06953594731518 -117.5
1 1 108.50979755762474 40.28649936073164 -108.0
2534
-------------------New----------------
0 0 -21.125524027425627 72.07562642827506 118.5
0 1 -24.376634777813198 70.28383366768334 108.5
1 0 -97.83874701313725 29.818709681594488 -117.5
1 1 -94.74952075433745 31.515237866621504 -108.0
2538
-------------------New----------------
0 0 22.959001649233404 119.54979462740353 118.5
0 1 25.987558625956957 119.12193690173225 108.5
1 0 94.43439434624386 109.43540840630513 -117.5
1 1 91.55782107890701 109.8433344974209 -108.0
2541
-------------------New----------------
0 0 -36.61467060760962 14.280420634345285 118.5
0 1 -33.151171964286895 18.579188852051406 108.5
1 0 45.11391294618705 115.69889582737781 -117.5
1 1 41.825103959261966 111.61701196223353 -108.0
2542
-------------------New----------------
0 0 87.84236072255634 25.065065145192587 118.5
0 1 88.21567592846041 22.90889730474586 108.5
1 0 96.63826566242464 -25.813538153605624 -117.5
1 1 96.28443893516767 -23.766033736684697 -108.0
2543
-------------------New----------------
0 0 87.35481327569832 -52.73893902317214 118.5
0 1 86.44867629258533 -48.15926690849201 108.5
1 0 65.99950114221537 55.40275111809607 -117.5
1 1 66.85960222390989 51.05000660196934 -108.0
2554
-------------------New----------------
0 0 -92.45908032867348 -75.55694884771857 118.5
0 1 -93.03381093873494 -77.71714221357874 108.5
1 0 -106.29018444905539 -126.37494332678689 -117.5
1 1 -105.73750415885043 -124.33951979076642 -108.0
2556
-------------------New----------------
0 0 57.18916404168042 22.444892496228725 118.5
0 1 52.138733573091486 21.32492445749691 108.5
1 0 -61.81741412477836 -4.003391048339935 -117.5
1 1 -57.0321395525241 -2.937858192644504 -108.0
2562
-------------------New----------------
0 0 -14.730954985755222 21.312614076912446 118.5
0 1 -18.021900777792887 21.456681745345602 108.5
1 0 -92.36595415922679 24.732558767816897 -117.5
1 1 -89.24245330978879 24.595810531618486 -108.0
2564
-------------------New----------------
0 0 30.447613056644634 40.033355269970606 118.5
0 1 33.8267478590702 41.87178005131044 108.5
1 0 110.1640134689771 83.34000530608176 -117.5
1 1 106.95943731126349 81.5963912594809 -108.0
2566
-------------------New----------------
0 0 -94.60746887620886 21.344399831592668 118.5
0 1 -95.86234772687587 19.862888713699824 108.5
1 0 -124.15282721535111 -13.57826219308314 -117.5
1 1 -122.9695269297019 -12.17228108209762 -108.0
2575
-------------------New----------------
0 0 -100.38127218537178 -52.59578166688273 118.5
0 1 -101.51879619224259 -53.13790358500294 108.5
1 0 -127.25953932054233 -65.37401074218954 -117.5
1 1 -126.17583588306488 -64.85930451305266 -108.0
2614
-------------------New----------------
0 0 16.014398172129404 -113.32953313974588 118.5
0 1 15.303032611262864 -113.56786436273103 108.5
1 0 -0.8003893126717461 -118.93671533190113 -117.5
1 1 -0.1255437187166694 -118.71084948483936 -108.0
2615
-------------------New----------------
0 0 -2.735325389476391 43.95023689348265 118.5
0 1 -5.169083296338076 47.209265882749996 108.5
1 0 -60.17238230970678 120.87117858552321 -117.5
1 1 -57.860687235913986 117.77424389676234 -108.0
2616
-------------------New----------------
0 0 69.76758593568957 -0.6908986365882495 118.5
0 1 66.76731078372987 -2.5059697334168782 108.5
1 0 -0.9885796222152937 -43.3424587378072 -117.5
1 1 1.856755213737717 -41.63331973243575 -108.0
2620
-------------------New----------------
0 0 0.5452541678022138 11.109267583914312 118.5
0 1 0.016670860044746848 10.777564839310072 108.5
1 0 -11.92274189801503 3.2919072489189887 -117.5
1 1 -11.421380264778797 3.6062946726137164 -108.0
2625
-------------------New----------------
0 0 -24.384021252195204 -19.517544964088668 118.5
0 1 -24.228580266465833 -20.708117228456366 108.5
1 0 -20.72752795400346 -47.55011466945673 -117.5
1 1 -20.874578772132995 -46.424660225672966 -108.0
2626
-------------------New----------------
0 0 -70.94590125560238 43.584667712586686 118.5
0 1 -67.19898898770452 41.5448813710966 108.5
1 0 17.454901924985258 -4.597464737551256 -117.5
1 1 13.89607637160297 -2.656919642134811 -108.0
2632
-------------------New----------------
0 0 -73.15751816929807 2.0134282323333457 118.5
0 1 -74.13528113638624 3.1343946207023725 108.5
1 0 -96.50851854275712 28.1208194009081 -117.5
1 1 -95.55933021807861 27.077228835356358 -108.0
2639
-------------------New----------------
0 0 54.785746348324196 -66.148211465123 118.5
0 1 54.190692512404986 -68.53238635399573 108.5
1 0 40.674043442109756 -122.43681408370949 -117.5
1 1 41.24383037558266 -120.17029231632685 -108.0
2640
-------------------New----------------
0 0 65.43168054464357 -88.96809421746812 118.5
0 1 62.737697185064235 -87.949324540905 108.5
1 0 1.9211705745895795 -65.05750238772352 -117.5
1 1 4.48109161615539 -66.01957631873226 -108.0
2642
-------------------New----------------
0 0 11.065649112423532 -24.878366155163768 118.5
0 1 15.144448163557854 -25.292464614366445 108.5
1 0 107.78022055440393 -35.0848080877539 -117.5
1 1 103.87915033609804 -34.64203035785219 -108.0
2647
-------------------New----------------
0 0 27.561781254577387 -65.60905648827774 118.5
0 1 29.78383040723012 -66.02933048861762 108.5
1 0 80.08089923528885 -75.54320064509514 -117.5
1 1 77.96148715959882 -75.13781040671009 -108.0
2654
-------------------New----------------
0 0 -14.977423031870009 -77.86239102751232 118.5
0 1 -13.530464273981957 -78.78049991509303 108.5
1 0 19.161011226987593 -99.6292444272429 -117.5
1 1 17.79036662454811 -98.75159872981426 -108.0
2657
-------------------New----------------
0 0 -67.87357740353603 -25.239602839786713 118.5
0 1 -67.24690811336947 -25.470195753411986 108.5
1 0 -53.04823568248885 -30.718435455839295 -117.5
1 1 -53.64436893341364 -30.496065719300002 -108.0
2660
-------------------New----------------
0 0 -69.32129394168096 70.94472796026726 118.5
0 1 -66.35451865899611 71.57513393090844 108.5
1 0 0.6945716294964104 85.82485152594951 -117.5
1 1 -2.1239512468840873 85.22633534782605 -108.0
2665
-------------------New----------------
0 0 62.35835808519916 -65.83658332872021 118.5
0 1 62.27995272918754 -62.26366702135302 108.5
1 0 60.48458067130487 18.56831632611024 -117.5
1 1 60.55866502852499 15.168446813381758 -108.0
2666
-------------------New----------------
0 0 35.164084921687014 21.64400883814327 118.5
0 1 31.6027493428132 18.742008936585616 108.5
1 0 -48.904571829740995 -46.878563164514475 -117.5
1 1 -45.519571633629035 -44.11973760937853 -108.0
2667
-------------------New----------------
0 0 -47.57281964208889 -36.139083683284355 118.5
0 1 -43.71240759153078 -37.25369354323501 108.5
1 0 43.514739790113595 -62.453510929623974 -117.5
1 1 39.847744491735945 -61.39518294111514 -108.0
2684
-------------------New----------------
0 0 -86.1516736953756 41.076925765732845 118.5
0 1 -85.02775823919013 42.89086838311946 108.5
1 0 -59.618659214229794 83.89826598754284 -117.5
1 1 -60.687670665921914 82.17510499679611 -108.0
2688
-------------------New----------------
0 0 43.3438369357039 -5.804714824498573 118.5
0 1 43.63153895130672 -10.980595089778308 108.5
1 0 50.125186673217804 -127.93843483855332 -117.5
1 1 49.852075655334694 -123.02216357994197 -108.0
2691
-------------------New----------------
0 0 -18.477120144046772 -55.417201753214066 118.5
0 1 -19.684852525735 -55.62514237517254 108.5
1 0 -47.27137721076443 -60.32069164732911 -117.5
1 1 -46.1095113373592 -60.13581820156365 -108.0
2699
-------------------New----------------
0 0 77.0722776260458 58.071974074768704 118.5
0 1 78.1677997685758 59.95230065154152 108.5
1 0 102.91437843331744 102.45855147960803 -117.5
1 1 101.87478502985921 100.67233225550191 -108.0
2701
-------------------New----------------
0 0 31.365414382920193 -102.36783417754582 118.5
0 1 35.04669813041983 -102.85599855490452 108.5
1 0 118.23676363481393 -114.17363202843634 -117.5
1 1 114.74347267584378 -113.68636028484453 -108.0
2702
-------------------New----------------
0 0 -45.199863690761944 65.27803390731468 118.5
0 1 -46.88002049678002 62.95496723009684 108.5
1 0 -84.82931035889456 10.45611924206163 -117.5
1 1 -83.2316419116431 12.662835272255146 -108.0
2711
-------------------New----------------
0 0 23.938662868675937 56.13459017580554 118.5
0 1 18.72121755269098 59.08597155602233 108.5
1 0 -99.19389825985361 125.78649397524643 -117.5
1 1 -94.23727309097657 122.98273624584131 -108.0
2718
-------------------New----------------
0 0 -63.98466314318082 114.4237336004198 118.5
0 1 -64.76524558557108 114.57087063426431 108.5
1 0 -82.42707911156668 117.925302541254 -117.5
1 1 -81.68395796992687 117.78181437350456 -108.0
2719
-------------------New----------------
0 0 -43.839829669632344 90.46635913747562 118.5
0 1 -40.45409127634785 91.60554573569178 108.5
1 0 36.09145528738918 117.36177360155008 -117.5
1 1 32.87292288171726 116.27877160212294 -108.0
2721
-------------------New----------------
0 0 -89.38224507038962 70.18235241310077 118.5
0 1 -88.4092387517997 70.80550718738408 108.5
1 0 -66.57988092171732 84.93062528105254 -117.5
1 1 -67.49609846827953 84.33343324283535 -108.0
2723
-------------------New----------------
0 0 38.06318540840675 50.16365045760938 118.5
0 1 38.83396802776103 51.01412728765783 108.5
1 0 56.08669349521686 70.0013549210813 -117.5
1 1 55.413548752768904 69.18653259911552 -108.0
2724
-------------------New----------------
0 0 -48.76443428880033 7.642709925639517 118.5
0 1 -50.57787344211508 3.826994763485987 108.5
1 0 -91.65027886833585 -82.5175649536909 -117.5
1 1 -89.92008245664366 -78.88811861398479 -108.0
2729
-------------------New----------------
0 0 -71.61895410857093 27.14932642391407 118.5
0 1 -72.70516676690383 24.845494597104747 108.5
1 0 -97.24872323997236 -27.223276371345367 -117.5
1 1 -96.21870160200169 -25.03420038651884 -108.0
2736
-------------------New----------------
0 0 -10.204985131619278 -54.41233920771708 118.5
0 1 -12.171331703891795 -52.15503670051528 108.5
1 0 -56.74623064220523 -1.0843390186641728 -117.5
1 1 -54.86739626629975 -3.2392545595909668 -108.0
2738
-------------------New----------------
0 0 -119.67540166395065 -87.79691004525964 118.5
0 1 -119.71713368486208 -87.90469337357378 108.5
1 0 -120.59952571706958 -90.39970964912654 -117.5
1 1 -120.56262367319547 -90.29568405011909 -108.0
2740
-------------------New----------------
0 0 -9.308978047981409 47.460397271116975 118.5
0 1 -9.59389985769717 43.83719628975161 108.5
1 0 -15.819802643094118 -38.28314531488212 -117.5
1 1 -15.558644894519412 -34.82601254368978 -108.0
2741
-------------------New----------------
0 0 25.697401732764355 13.445749377398306 118.5
0 1 21.962747328301667 10.830645434038146 108.5
1 0 -62.449517401030946 -48.36415423171038 -117.5
1 1 -58.90133012450815 -45.868793898804924 -108.0
2761
-------------------New----------------
0 0 84.69629691926534 38.08214677013685 118.5
0 1 82.99895412245046 38.821595099080135 108.5
1 0 44.67368279341965 55.585936214526285 -117.5
1 1 46.286048709750794 54.88230097661217 -108.0
2762
-------------------New----------------
0 0 -30.038971462795736 28.838432533944406 118.5
0 1 -27.956159614971398 29.008270927930806 108.5
1 0 19.113279781922092 32.83997368468921 -117.5
1 1 17.134068678753742 32.67998674354281 -108.0
2764
-------------------New----------------
0 0 -51.944564555866165 80.47669908473964 118.5
0 1 -51.84917210234518 79.53850731691367 108.5
1 0 -49.685995156947726 58.35735797458756 -117.5
1 1 -49.776244665679585 59.24816854525396 -108.0
2765
-------------------New----------------
0 0 -13.438929061471857 72.61000370222749 118.5
0 1 -12.73279668570392 73.84514549098465 108.5
1 0 3.2156661050725033 101.74484248975178 -117.5
1 1 2.5447230641427767 100.57322960151318 -108.0
2776
-------------------New----------------
0 0 -9.19070471761177 87.57885914165455 118.5
0 1 -10.206558328512143 87.83435856903176 108.5
1 0 -33.15395889965022 93.5900592078157 -117.5
1 1 -32.18827254356593 93.34918108325091 -108.0
2779
-------------------New----------------
0 0 -3.898334391479087 -61.57793176974427 118.5
0 1 -0.48461461996769833 -58.401994971389776 108.5
1 0 76.67963657670188 13.3777255814733 -117.5
1 1 73.43544240266293 10.361241644334026 -108.0
2785
-------------------New----------------
0 0 33.61500902857286 110.38978894132376 118.5
0 1 30.749259280480423 109.21805241675168 108.5
1 0 -34.06221891861544 82.74294847908844 -117.5
1 1 -31.337354367909803 83.856163965949 -108.0
2791
-------------------New----------------
0 0 63.983935437318316 16.30806376951951 118.5
0 1 65.44881942678367 17.06776509416483 108.5
1 0 98.4825526622231 34.15204500444007 -117.5
1 1 97.09387456078792 33.43310059981345 -108.0
2793
-------------------New----------------
0 0 -32.650898967998096 78.99553099510723 118.5
0 1 -26.85719696879214 80.08676621999382 108.5
1 0 104.05448587588944 104.73378634970493 -117.5
1 1 98.55138961621277 103.69916070093885 -108.0
2794
-------------------New----------------
0 0 -4.605315610603286 -21.496621093652827 118.5
0 1 -1.026317446638091 -24.676331303184966 108.5
1 0 79.40473944643001 -96.39751809031918 -117.5
1 1 76.02999369659499 -93.39402069671807 -108.0
2804
-------------------New----------------
0 0 -18.314344068447205 -62.842003099905 118.5
0 1 -20.430536886455698 -62.70722658819941 108.5
1 0 -68.2275417264113 -59.579589132622175 -117.5
1 1 -66.22218093028587 -59.70916297850573 -108.0
2807
-------------------New----------------
0 0 -90.45856716376112 -64.51274629375197 118.5
0 1 -89.10842935188687 -65.46477210569842 108.5
1 0 -58.542849928629494 -86.96684497099777 -117.5
1 1 -59.8253242296945 -86.07422250910015 -108.0
2809
-------------------New----------------
0 0 18.060520285743753 81.43929433847522 118.5
0 1 15.392357743782274 80.2074365531356 108.5
1 0 -44.9214141189526 52.36221930983238 -117.5
1 1 -42.38608476326965 53.53266218759667 -108.0
2813
-------------------New----------------
0 0 5.305204753414864 -40.0710673694743 118.5
0 1 5.985755511046727 -38.52255840175184 108.5
1 0 21.357008357032434 -3.487122107977241 -117.5
1 1 20.712083246778604 -4.960952226634415 -108.0
2814
-------------------New----------------
0 0 -7.323506027705472 70.97351108275676 118.5
0 1 -10.851863255304977 69.94290365191921 108.5
1 0 -90.81503358116868 46.919281465978656 -117.5
1 1 -87.45314858098868 47.8719557055473 -108.0
2816
-------------------New----------------
0 0 -59.55650243625316 -17.89015328804914 118.5
0 1 -62.35733834232693 -19.612612409694627 108.5
1 0 -125.66387028027472 -58.552964297035416 -117.5
1 1 -123.00233145885746 -56.91561467450318 -108.0
2817
-------------------New----------------
0 0 30.944673026160597 -5.296055050017987 118.5
0 1 30.23662951319944 -0.5170457418611669 108.5
1 0 14.282327585032888 107.4489773832428 -117.5
1 1 14.951698807024451 102.90961184570793 -108.0
2823
-------------------New----------------
0 0 -80.96805773129111 11.727197495901612 118.5
0 1 -80.5719381949611 8.984916779387898 108.5
1 0 -71.61266335410548 -52.981699732903486 -117.5
1 1 -71.98939040583794 -50.37686616700256 -108.0
2833
-------------------New----------------
0 0 32.198834805450744 -48.74175416946889 118.5
0 1 34.49373020198517 -49.00700253785165 108.5
1 0 86.35828647556117 -55.003210668708185 -117.5
1 1 84.17809939494865 -54.75113137241374 -108.0
2835
-------------------New----------------
0 0 -54.545592321908416 -47.146526789807936 118.5
0 1 -55.42114289630049 -45.61186470446727 108.5
1 0 -75.20152182275771 -10.927460757309635 -117.5
1 1 -74.3707875349335 -12.383905736027959 -108.0
2836
-------------------New----------------
0 0 19.109772089028034 -37.704500630571786 118.5
0 1 15.479100311306087 -35.72947211240726 108.5
1 0 -65.74327819893935 8.769815078657983 -117.5
1 1 -62.355409579252616 6.904995240495789 -108.0
2838
-------------------New----------------
0 0 -102.46807542319489 103.60791174656477 118.5
0 1 -102.99536481622394 101.9081191296745 108.5
1 0 -114.97063028424309 63.50409956477305 -117.5
1 1 -114.46679673101467 65.11883019999297 -108.0
2845
-------------------New----------------
0 0 -74.2183980848055 45.690363154195595 118.5
0 1 -71.60108497171925 45.1988774431165 108.5
1 0 -12.176072626244357 34.22421110935092 -117.5
1 1 -14.683498336447116 34.67641271252651 -108.0
2846
-------------------New----------------
0 0 19.679983727131976 9.278686836979102 118.5
0 1 22.457427061390945 10.902286407631752 108.5
1 0 85.25188078004311 47.34530632922779 -117.5
1 1 82.60793372748755 45.818538845678354 -108.0
2851
-------------------New----------------
0 0 -57.84994178393076 -34.564538178531464 118.5
0 1 -59.88222484884837 -29.24525963037301 108.5
1 0 -105.76894213570279 90.92047435779457 -117.5
1 1 -103.84156249468477 85.86979793915987 -108.0
2852
-------------------New----------------
0 0 11.587462902594943 84.79507815525886 118.5
0 1 14.879551002269753 84.9757566794008 108.5
1 0 89.26991985501283 89.06971661890684 -117.5
1 1 86.14305059439667 88.89813822942506 -108.0
2853
-------------------New----------------
0 0 33.446257163458235 23.870724647611013 118.5
0 1 34.136779511338226 24.996244353462515 108.5
1 0 49.50908959154167 50.33240168649708 -117.5
1 1 48.86404287316071 49.26972935258397 -108.0
2861
-------------------New----------------
0 0 14.313604696594117 -57.46874932004689 118.5
0 1 8.702389391913275 -53.57014107585776 108.5
1 0 -118.1089879267877 34.52964732047829 -117.5
1 1 -112.77883603038595 30.826930342835084 -108.0
2863
-------------------New----------------
0 0 19.46165695167336 -19.05493449436081 118.5
0 1 14.9817058805084 -20.861826555561315 108.5
1 0 -86.32899991053252 -61.72044984733718 -117.5
1 1 -82.06898866497019 -60.00443077617997 -108.0
2864
-------------------New----------------
0 0 -59.88615361195716 -44.19285234891359 118.5
0 1 -61.63780780986824 -38.807363501728005 108.5
1 0 -102.00587691133794 83.40262160364549 -117.5
1 1 -100.30588496676873 78.25816285464641 -108.0
2877
-------------------New----------------
0 0 38.74126319096515 33.567984248190456 118.5
0 1 37.6507343695985 29.06442562982798 108.5
1 0 12.872917457453596 -72.62413914280123 -117.5
1 1 13.918821829451947 -68.35037532512928 -108.0
2888
-------------------New----------------
0 0 43.198447880571834 36.7201552934514 118.5
0 1 40.3453197908838 35.64019920358848 108.5
1 0 -24.028759228538217 11.185930797581877 -117.5
1 1 -21.32414466104273 12.215669157275135 -108.0
2889
-------------------New----------------
0 0 47.46680784667268 40.41966085410852 118.5
0 1 46.36726260830396 40.3416545292021 108.5
1 0 21.206902125329638 38.55486134359681 -117.5
1 1 22.262989703771 38.62705232244662 -108.0
2891
-------------------New----------------
0 0 -50.29859935775476 43.89295271417811 118.5
0 1 -52.67483745957884 46.76565267971733 108.5
1 0 -106.41326983863064 111.66009140430143 -117.5
1 1 -104.15154960114691 108.93138563590443 -108.0
2892
-------------------New----------------
0 0 27.81048658617375 -9.808761852583546 118.5
0 1 28.73150313164131 -12.121877752278454 108.5
1 0 49.58998636836283 -64.49577190214282 -117.5
1 1 48.71474482193996 -62.29762942026982 -108.0
2904
-------------------New----------------
0 0 73.9369886909059 -49.3873361046778 118.5
0 1 71.822775773156 -44.25142011134348 108.5
1 0 24.00594647660487 71.8415300583517 -117.5
1 1 26.016804492731033 66.96120749193088 -108.0
2908
-------------------New----------------
0 0 4.586345127479549 71.88136551832095 118.5
0 1 5.407202459643329 73.22326820635166 108.5
1 0 24.510020254662436 104.05571209637428 -117.5
1 1 23.71370519816899 102.74960771105324 -108.0
2909
-------------------New----------------
0 0 -55.0027927022129 -78.75026074979925 118.5
0 1 -57.260116747290795 -76.93893695556358 108.5
1 0 -108.29324059738994 -36.022964446080316 -117.5
1 1 -106.14702998333215 -37.740219418081004 -108.0
2914
-------------------New----------------
0 0 19.758533877815356 -34.820516813126865 118.5
0 1 18.519574990703923 -33.47507902589495 108.5
1 0 -9.479050907005814 -3.055413653598994 -117.5
1 1 -8.3020630313749 -4.3346802290930775 -108.0
2917
-------------------New----------------
0 0 53.63507912549585 44.46733445202157 118.5
0 1 50.87324240934776 44.57401836245453 108.5
1 0 -11.533194814544684 46.99115878554699 -117.5
1 1 -8.910849547661266 46.88913575133189 -108.0
2921
-------------------New----------------
0 0 3.3678584681239 13.364128359731689 118.5
0 1 5.286034632791893 8.26233364791844 108.5
1 0 48.66301882916586 -107.03707736317476 -117.5
1 1 46.83904470444669 -102.1891166375076 -108.0
2929
-------------------New----------------
0 0 -18.444152454832413 -15.092975707988213 118.5
0 1 -19.140609655421166 -16.312776749143623 108.5
1 0 -34.92238277772789 -43.912923903913295 -117.5
1 1 -34.25783202662904 -42.75289676118811 -108.0
2939
-------------------New----------------
0 0 22.307446257725395 15.276749674044254 118.5
0 1 22.296836015480807 12.17034970187072 108.5
1 0 22.159862251110756 -57.949888363285595 -117.5
1 1 22.16378538195847 -55.0085524297584 -108.0
2944
-------------------New----------------
0 0 80.31341283972026 -79.80278030102285 118.5
0 1 81.88332215547705 -79.12433485745859 108.5
1 0 117.34451500124896 -63.78749935851964 -117.5
1 1 115.85379089615617 -64.43250868499676 -108.0
2946
-------------------New----------------
0 0 -39.81498919513232 102.89562049996618 118.5
0 1 -41.170078346947165 101.37968335744117 108.5
1 0 -72.08689896865526 67.76744243576182 -117.5
1 1 -70.810164534579 69.206947823168 -108.0
2951
-------------------New----------------
0 0 -26.57185865156248 3.128028612488838 118.5
0 1 -24.812667492473853 6.949638313488748 108.5
1 0 15.025562530594488 93.32026278856986 -117.5
1 1 13.350954678173565 89.69289501224162 -108.0
2956
-------------------New----------------
0 0 65.44857511829473 65.42994490346642 118.5
0 1 63.86091595387995 66.93024025297723 108.5
1 0 27.983106328113415 100.80949395379227 -117.5
1 1 29.48924648149265 99.38802203633364 -108.0
2957
-------------------New----------------
0 0 -32.79088261094663 24.087058958769124 118.5
0 1 -35.490610327108 25.16046174283391 108.5
1 0 -96.4799723746801 49.51584522992008 -117.5
1 1 -93.9108085273648 48.503308758648586 -108.0
2960
-------------------New----------------
0 0 -114.40572078660591 13.626578555251104 118.5
0 1 -114.91998023949581 8.941057707191382 108.5
1 0 -126.44473847824274 -97.64485222301259 -117.5
1 1 -125.94121818855339 -93.12075333533589 -108.0
2962
-------------------New----------------
0 0 -7.040499105879415 -44.652081056103626 118.5
0 1 -10.832236807196175 -39.95336692476063 108.5
1 0 -96.50729336847296 66.23120288850697 -117.5
1 1 -92.90609074955486 61.767734925574565 -108.0
2976
-------------------New----------------
0 0 -21.304961352928263 -113.27057754357489 118.5
0 1 -24.13331049337307 -113.22915658903244 108.5
1 0 -88.09615372819454 -112.33020188707135 -117.5
1 1 -85.40804063629172 -112.36755594493766 -108.0
2984
-------------------New----------------
0 0 101.12221529082312 83.74009995993437 118.5
0 1 101.13029101409322 81.13071665509707 108.5
1 0 101.39271688973507 22.1023443948733 -117.5
1 1 101.38025893972961 24.597030753105237 -108.0
2992
-------------------New----------------
0 0 -83.29447306933818 82.83931431956537 118.5
0 1 -81.0318008767862 79.82329900974648 108.5
1 0 -29.819338454125567 11.615946328481076 -117.5
1 1 -31.9785839179582 14.473657896064969 -108.0
2993
-------------------New----------------
0 0 -97.81744198070237 -38.46076685955508 118.5
0 1 -95.82913203511927 -42.18777531295179 108.5
1 0 -50.898383545108274 -126.4328971140322 -117.5
1 1 -52.787747786247756 -122.8905606049008 -108.0
2998
-------------------New----------------
0 0 -77.70785408366883 -42.7067571910507 118.5
0 1 -75.18141264508117 -43.71545499639046 108.5
1 0 -18.434388417373572 -66.65731050754391 -117.5
1 1 -20.8063332591283 -65.68295339379166 -108.0
3012
-------------------New----------------
0 0 -9.99921771558056 4.468741334941628 118.5
0 1 -8.08232628926853 3.7852940600656533 108.5
1 0 35.46700326497408 -11.588724882613537 -117.5
1 1 33.634008855419424 -10.946959660417997 -108.0
3014
-------------------New----------------
0 0 -34.88858469163895 95.25131111960367 118.5
0 1 -36.426632280703025 92.99584964465835 108.5
1 0 -71.19633582629038 42.03459713514681 -117.5
1 1 -69.73731852310404 44.17555912055426 -108.0
3019
-------------------New----------------
0 0 19.634056636834842 19.047295696325374 118.5
0 1 21.973333228820696 19.792187093745362 108.5
1 0 74.83748138132086 36.598471876162385 -117.5
1 1 72.6156620362448 35.895836803064256 -108.0
3025
-------------------New----------------
0 0 -92.26516578656683 75.52364752892731 118.5
0 1 -92.42006104595433 77.57348383644687 108.5
1 0 -95.86878922201007 123.87342183096561 -117.5
1 1 -95.72414326376585 121.92844139249023 -108.0
3028
-------------------New----------------
0 0 -63.012388632821924 -50.605787164384395 118.5
0 1 -61.84276574341551 -53.00359204334711 108.5
1 0 -35.474390777661604 -107.20487131421437 -117.5
1 1 -36.57927869051129 -104.92288836340336 -108.0
3030
-------------------New----------------
0 0 37.26943170660458 -28.138536354233317 118.5
0 1 34.590111544924305 -23.137372553165896 108.5
1 0 -25.990245549989357 89.99293600303636 -117.5
1 1 -23.440525653817904 85.2356684580702 -108.0
3031
-------------------New----------------
0 0 -23.910088506221797 -3.2661936561823572 118.5
0 1 -23.196774144271952 -7.344985730567754 108.5
1 0 -7.367052126251264 -99.49048838099176 -117.5
1 1 -8.028607929412738 -95.62219247878073 -108.0
3037
-------------------New----------------
0 0 52.22222779788689 49.121060586856444 118.5
0 1 46.919205092775975 45.49710241561736 108.5
1 0 -72.9643030634674 -36.070638413188014 -117.5
1 1 -67.92509512877893 -32.657119494882735 -108.0
3040
-------------------New----------------
0 0 -16.423215719720737 -22.28138500339916 118.5
0 1 -13.975661020008141 -18.955315664982283 108.5
1 0 41.371914351347165 56.221212673697096 -117.5
1 1 39.04320242132204 53.05993471117635 -108.0
3050
-------------------New----------------
0 0 20.80520302174075 16.62226293827131 118.5
0 1 18.87179271017734 15.54431698957671 108.5
1 0 -24.88450388881011 -8.82652928023999 -117.5
1 1 -23.04387835610156 -7.801315040795565 -108.0
3053
-------------------New----------------
0 0 -3.046464410732221 -32.547196165834166 118.5
0 1 -4.94773298879481 -31.858257986904608 108.5
1 0 -47.9549781416573 -16.284386200270532 -117.5
1 1 -46.148683539286054 -16.94244735219906 -108.0
3055
-------------------New----------------
0 0 8.048395529173705 -73.6763644297405 118.5
0 1 7.805753971335484 -75.84402413361688 108.5
1 0 2.2766125156342056 -124.84694159142512 -117.5
1 1 2.50865247153873 -122.78722138750352 -108.0
3058
-------------------New----------------
0 0 -39.635025369965504 -100.04842217613482 118.5
0 1 -40.69882085750968 -101.23626295927002 108.5
1 0 -64.81027055809048 -127.99294784218016 -117.5
1 1 -63.789984134260806 -126.8759341199827 -108.0
3063
-------------------New----------------
0 0 -38.927714786853414 -1.8657902044962327 118.5
0 1 -38.69456172791127 0.8968610719639487 108.5
1 0 -32.93480309587053 63.57473279613223 -117.5
1 1 -33.19003172483913 60.90640542380769 -108.0
3069
-------------------New----------------
0 0 68.57702353863172 39.49732233353706 118.5
0 1 65.75842904308426 36.62552407766094 108.5
1 0 2.484340192340318 -28.02211551080302 -117.5
1 1 5.127132066170614 -25.314646727056044 -108.0
3079
-------------------New----------------
0 0 113.89327918106096 79.10833515394773 118.5
0 1 114.15042530981842 78.46096587067282 108.5
1 0 119.97641503676002 63.73112664364347 -117.5
1 1 119.72950077654369 64.35222168081296 -108.0
3083
-------------------New----------------
0 0 101.15287040430611 53.59848565943389 118.5
0 1 101.2115807359326 51.10058414625849 108.5
1 0 102.57471481496752 -5.276972959150482 -117.5
1 1 102.51611410634341 -2.9049332254470714 -108.0
3094
-------------------New----------------
0 0 92.63923466419018 95.14055303775743 118.5
0 1 92.79648072020866 95.40681602007697 108.5
1 0 96.36266688513008 101.4207770572352 -117.5
1 1 96.21250305086812 101.16878268973305 -108.0
3114
-------------------New----------------
0 0 37.883903482278455 69.58246165604966 118.5
0 1 31.54090594652626 70.65513538535583 108.5
1 0 -111.84511077291354 94.94823301107273 -117.5
1 1 -105.8170746409817 93.92467634205593 -108.0
3116
-------------------New----------------
0 0 42.132295024981055 64.35401925127528 118.5
0 1 39.779774807527595 66.89075124737815 108.5
1 0 -13.504103335312498 124.30428739130552 -117.5
1 1 -11.262475579922945 121.88622174403774 -108.0
3120
-------------------New----------------
0 0 20.142395986778403 -43.480207518606605 118.5
0 1 20.21599114102318 -43.71328717835358 108.5
1 0 21.85545284136837 -48.97025960087658 -117.5
1 1 21.787280276835737 -48.74936880031496 -108.0
3121
-------------------New----------------
0 0 39.20896230396975 -33.53773883693987 118.5
0 1 34.569517307765864 -36.539208506811924 108.5
1 0 -70.55766891902492 -104.21225984798279 -117.5
1 1 -66.12600709881022 -101.3712915943677 -108.0
3125
-------------------New----------------
0 0 -62.04949484881598 -63.37723050155851 118.5
0 1 -63.307469514842424 -63.829242067199104 108.5
1 0 -92.11430943635467 -73.56600020290492 -117.5
1 1 -90.91117301327779 -73.16021619256722 -108.0
3130
-------------------New----------------
0 0 44.030262340720654 19.91923113916633 118.5
0 1 44.13476166481699 21.848104152838232 108.5
1 0 46.50016481025002 65.41756228977735 -117.5
1 1 46.40105843198555 63.58717838941595 -108.0
3138
-------------------New----------------
0 0 32.88720262161988 38.77346508268131 118.5
0 1 33.814639124059795 36.28964394462656 108.5
1 0 54.775062526416626 -19.816314033207497 -117.5
1 1 53.893779149594856 -17.456944066252014 -108.0
3150
-------------------New----------------
0 0 -73.95045147441378 11.85318558385125 118.5
0 1 -75.7998633602725 11.404092257743637 108.5
1 0 -117.70104913855434 1.2202395369278358 -117.5
1 1 -115.94161789665013 1.6486646443329136 -108.0
3162
-------------------New----------------
0 0 25.44668945168551 6.312071705642675 118.5
0 1 22.58013330216405 1.1227171345047082 108.5
1 0 -42.182435850698816 -116.35091431895118 -117.5
1 1 -39.462349641324096 -111.41482514469541 -108.0
3163
-------------------New----------------
0 0 -8.846316812873804 -40.95617048534446 118.5
0 1 -11.835181913775177 -41.54340865926164 108.5
1 0 -79.38513034808327 -54.81437317959499 -117.5
1 1 -76.54576429685635 -54.256559056592195 -108.0
3178
-------------------New----------------
0 0 -2.1377465663725825 44.56672197545804 118.5
0 1 -1.8192281604900251 40.296248540940454 108.5
1 0 5.438995996293672 -56.285878657892695 -117.5
1 1 5.136675035684428 -52.22074532611252 -108.0
3179
-------------------New----------------
0 0 63.91984208613485 4.295705995854789 118.5
0 1 62.69755391462555 0.23266683739324848 108.5
1 0 35.096602018023404 -91.57650987113479 -117.5
1 1 36.25612192650745 -87.71761828875857 -108.0
3212
-------------------New----------------
0 0 33.15432029314361 0.2907437064171487 118.5
0 1 36.41137158092812 1.2882195542203834 108.5
1 0 109.97804159517602 23.801348633819615 -117.5
1 1 106.88699056237446 22.8563827441117 -108.0
3215
-------------------New----------------
0 0 26.6770056136102 15.903454604757076 118.5
0 1 22.935497458437844 14.3507716947903 108.5
1 0 -69.46437131696132 -19.070554804637958 -117.5
1 1 -65.25003078495646 -17.739689691746257 -108.0
3219
-------------------New----------------
0 0 7.593931416731874 33.23731779099841 118.5
0 1 5.528566486655637 31.583514002052244 108.5
1 0 -41.152724694998646 -5.650349933313101 -117.5
1 1 -39.184109922700216 -4.0945337602353105 -108.0
3230
-------------------New----------------
0 0 -6.047794214062337 -81.95761445626665 118.5
0 1 -5.609275039647158 -79.32377817248667 108.5
1 0 4.279725831216337 -19.769935283909007 -117.5
1 1 3.8703327514379233 -22.27357202248176 -108.0
3232
-------------------New----------------
0 0 -51.90104736180857 -17.36676354861033 118.5
0 1 -48.508317776285345 -19.40922473394151 108.5
1 0 28.564250614522837 -66.63717220918713 -117.5
1 1 25.30576782493798 -64.62742028255278 -108.0
3243
-------------------New----------------
0 0 -26.118473800805287 63.9169483917734 118.5
0 1 -26.50956724466888 64.92210603855037 108.5
1 0 -35.317738467262274 87.64141279265807 -117.5
1 1 -34.94800723081117 86.68713037983278 -108.0
3253
-------------------New----------------
0 0 -22.53504075402851 0.6032316490797724 118.5
0 1 -22.460126829334307 3.4008932028299212 108.5
1 0 -20.76397805153934 66.60510578292022 -117.5
1 1 -20.83898143488043 63.949687216070366 -108.0
3254
-------------------New----------------
0 0 19.197896301824166 14.049445269687343 118.5
0 1 22.638166135885523 13.271805707314462 108.5
1 0 100.38508003897934 -4.3012237288828015 -117.5
1 1 97.11657322232945 -3.56174615232723 -108.0
3270
-------------------New----------------
0 0 -55.86683969042692 33.672896400125744 118.5
0 1 -58.18726405167358 31.9023920939162 108.5
1 0 -110.62867117877038 -8.113091450838319 -117.5
1 1 -108.42411387401242 -6.430855217233597 -108.0
3277
-------------------New----------------
0 0 16.067892641040626 14.128349313420923 118.5
0 1 16.198051022794395 15.693309889285711 108.5
1 0 19.13438904122645 51.0899020602661 -117.5
1 1 19.010719274480177 49.60280726317971 -108.0
3279
-------------------New----------------
0 0 -54.793238849003444 6.277243173854559 118.5
0 1 -50.95549206008188 8.548239085187998 108.5
1 0 35.787012060829795 59.8236282359738 -117.5
1 1 32.140743772660116 57.66969636512406 -108.0
3296
-------------------New----------------
0 0 -42.447709116217695 -85.28126030395808 118.5
0 1 -44.821398955978495 -86.20590768239349 108.5
1 0 -98.41634538353296 -107.06779753735945 -117.5
1 1 -96.17175720530744 -106.19823624229969 -108.0
3297
-------------------New----------------
0 0 -14.710595685530285 -48.72316015956633 118.5
0 1 -18.369063158164824 -48.471613519760396 108.5
1 0 -100.97976636726219 -42.39882625221993 -117.5
1 1 -97.49556692740904 -42.63517518334072 -108.0
3298
-------------------New----------------
0 0 45.86481177879067 -46.11622966770034 118.5
0 1 41.8159513916186 -46.86816987234364 108.5
1 0 -49.654829508024854 -63.82082698260014 -117.5
1 1 -45.80989357981674 -63.11074822963924 -108.0
3303
-------------------New----------------
0 0 -84.64948469795588 -37.21957310507103 118.5
0 1 -82.31067206585773 -34.9910022445789 108.5
1 0 -29.990876159783607 16.92346868447637 -117.5
1 1 -32.2324430722485 14.529235728932338 -108.0
3314
-------------------New----------------
0 0 -62.82114395505694 88.6086091538136 118.5
0 1 -63.65622867881897 87.45017060200881 108.5
1 0 -82.42992403264532 61.230062977217734 -117.5
1 1 -81.64344467395168 62.333476918737915 -108.0
3315
-------------------New----------------
0 0 48.33038931259201 -51.229842848460194 118.5
0 1 47.632716197961265 -47.26893675184539 108.5
1 0 31.451797886348828 42.57879240399012 -117.5
1 1 32.13436062566245 38.79740347252065 -108.0
3330
-------------------New----------------
0 0 -114.30365707506289 -7.9117403666594015 118.5
0 1 -114.53352481739009 -12.155601268965235 108.5
1 0 -119.74953295986847 -108.08148086401437 -117.5
1 1 -119.53086251564348 -104.06096466892181 -108.0
3339
-------------------New----------------
0 0 -9.240030112184186 -31.04769911644995 118.5
0 1 -5.997580096875747 -31.910122711869604 108.5
1 0 67.31488303769774 -51.46786567916753 -117.5
1 1 64.23830749204663 -50.64943493066768 -108.0
3342
-------------------New----------------
0 0 64.04725949428044 -106.1815031132021 118.5
0 1 63.18492918509825 -106.26289712943296 108.5
1 0 43.66467530571584 -108.10277066149963 -117.5
1 1 44.48537054736842 -108.025085285465 -108.0
3343
-------------------New----------------
0 0 45.68536506816149 -68.50127935551518 118.5
0 1 44.15181443305799 -67.78037258470957 108.5
1 0 9.353476395538507 -51.28439605978016 -117.5
1 1 10.875917427916313 -51.96728601333611 -108.0
3349
-------------------New----------------
0 0 53.650071717051745 71.71278542808383 118.5
0 1 48.44717712724272 73.31678697634915 108.5
1 0 -69.05351080306431 109.55633498239892 -117.5
1 1 -64.11666616250976 108.03434087415879 -108.0
3359
-------------------New----------------
0 0 -80.73857384305695 50.72606179131817 118.5
0 1 -79.49796658707183 45.97439279076936 108.5
1 0 -51.468010610087596 -61.41197564774866 -117.5
1 1 -52.645740706532614 -56.899396341084 -108.0
3362
-------------------New----------------
0 0 -4.196167742051063 -30.246583459126107 118.5
0 1 -3.2158028025539083 -27.364198080712413 108.5
1 0 19.62088603947562 37.420624816780105 -117.5
1 1 18.630515106165777 34.71319952307838 -108.0
3364
-------------------New----------------
0 0 -49.78454176798191 50.08660452198437 118.5
0 1 -50.97034182786131 46.92495203230886 108.5
1 0 -77.79674346532009 -24.504555671340867 -117.5
1 1 -76.66831265479298 -21.50520561455134 -108.0
3373
-------------------New----------------
0 0 -3.89555203814689 -49.46795904629982 118.5
0 1 -0.898577506140042 -50.03138647906536 108.5
1 0 66.65809390206303 -62.84742653589325 -117.5
1 1 63.82689863814945 -62.306979049977386 -108.0
3375
-------------------New----------------
0 0 22.979188071942303 3.7207487997449307 118.5
0 1 21.196271684609265 3.9006265839015297 108.5
1 0 -19.075958497322585 7.99013089231814 -117.5
1 1 -17.38179101432661 7.820108320980064 -108.0
3378
-------------------New----------------
0 0 21.143511065890124 -63.9629509897856 118.5
0 1 17.832382072497836 -62.092652341771824 108.5
1 0 -57.21797748304779 -19.953134214095616 -117.5
1 1 -54.043814741804944 -21.72059189856977 -108.0
3399
-------------------New----------------
0 0 69.69506461768404 -36.62533194792617 118.5
0 1 70.00633063045994 -37.07567129539037 108.5
1 0 77.08412120566976 -47.34053425770814 -117.5
1 1 76.78327921637069 -46.90292305592422 -108.0
3404
-------------------New----------------
0 0 1.355965348589423 -57.57776430907349 118.5
0 1 0.40147764418056137 -57.26652548611686 108.5
1 0 -21.159736339351756 -50.231128118921724 -117.5
1 1 -20.252583816012567 -50.52491250842056 -108.0
3409
-------------------New----------------
0 0 58.61974055407482 -57.35089549542583 118.5
0 1 55.57867086355036 -60.2212750507116 108.5
1 0 -13.753679976427183 -125.14694493702193 -117.5
1 1 -10.825820664510754 -122.4173887467576 -108.0
3419
-------------------New----------------
0 0 34.519476821868984 -56.07282701579851 118.5
0 1 35.276622795476115 -54.12912415395276 108.5
1 0 52.31373640114837 -10.227732324660689 -117.5
1 1 51.59980790110812 -12.075988322537812 -108.0
3437
-------------------New----------------
0 0 -27.018482242521593 77.01726270849451 118.5
0 1 -28.636848908332798 75.60422780307012 108.5
1 0 -65.21022531338812 43.67552856556212 -117.5
1 1 -63.672633279714844 45.017362392864314 -108.0
3439
-------------------New----------------
0 0 37.583775857731986 36.07416781797523 118.5
0 1 31.217219365322347 34.403159045941365 108.5
1 0 -112.66808715941784 -3.3871329503134495 -117.5
1 1 -106.61929780242667 -1.7990578183598829 -108.0
3442
-------------------New----------------
0 0 44.89183413370457 -5.437691916378143 118.5
0 1 46.276484319566016 -8.289747948153714 108.5
1 0 77.63814035527625 -72.8067146557432 -117.5
1 1 76.31768860515318 -70.09782601691974 -108.0
3444
-------------------New----------------
0 0 22.831722059997666 21.823713462526 118.5
0 1 21.8201915809152 17.958494285023548 108.5
1 0 -0.22569991247373516 -68.80285042576939 -117.5
1 1 0.6413187043859392 -65.2156236342336 -108.0
3452
-------------------New----------------
0 0 32.68318157197747 -65.63978054865042 118.5
0 1 28.959747385247425 -63.82186925250594 108.5
1 0 -55.231106307740234 -22.671100651084334 -117.5
1 1 -51.687235532388414 -24.40570576547274 -108.0
3470
-------------------New----------------
0 0 -86.12551743811075 -42.318794493870236 118.5
0 1 -86.6000750034265 -42.88066811277369 108.5
1 0 -97.32591944665265 -55.59139111084171 -117.5
1 1 -96.87420342404192 -55.05670010837385 -108.0
3473
-------------------New----------------
0 0 26.95607897209528 74.0131742454167 118.5
0 1 23.169333507930265 73.13793194622997 108.5
1 0 -62.450002384471986 53.32674772125713 -117.5
1 1 -58.85147117460266 54.158712155619035 -108.0
3475
-------------------New----------------
0 0 -58.313678221985505 34.67843546663152 118.5
0 1 -55.01161307465556 28.919954536860814 108.5
1 0 19.616456361634185 -101.21663105487312 -117.5
1 1 16.479108190076875 -95.7465652525913 -108.0
3490
-------------------New----------------
0 0 62.345286105117474 54.44089393045219 118.5
0 1 65.1052058637214 56.85071903448197 108.5
1 0 127.6299883490088 111.4460082350236 -117.5
1 1 125.06500414516374 109.14566552825147 -108.0
3492
-------------------New----------------
0 0 -104.46150248687786 -125.65397433685823 118.5
0 1 -104.80677626133584 -125.63818051427366 108.5
1 0 -112.08833530706015 -125.4316667878719 -117.5
1 1 -111.78252361741845 -125.43435829159537 -108.0
3507
-------------------New----------------
0 0 0.9746561764571702 -4.164333412737625 118.5
0 1 3.0110482343995946 -5.612448948567634 108.5
1 0 48.722709390836734 -38.16670646451699 -117.5
1 1 46.80980758154173 -36.80065062504927 -108.0
3508
-------------------New----------------
0 0 -13.653948915496418 -60.18533292910091 118.5
0 1 -12.477686233434817 -57.18977226907926 108.5
1 0 14.376002136800173 10.296317253470702 -117.5
1 1 13.21879366358753 7.48765873430722 -108.0
3522
-------------------New----------------
0 0 -52.41107445221748 -64.85418591311516 118.5
0 1 -49.49420603044498 -66.01450748773928 108.5
1 0 16.423499029364827 -92.1782658089751 -117.5
1 1 13.653623588795728 -91.08141380621534 -108.0
3523
-------------------New----------------
0 0 72.86243651564082 -9.958565640834788 118.5
0 1 70.6745475846449 -11.209072037818464 108.5
1 0 21.21503417082599 -39.440347237818614 -117.5
1 1 23.296270941622723 -38.25349652540909 -108.0
3524
-------------------New----------------
0 0 52.234656532354755 67.28232805287783 118.5
0 1 50.891634771418055 63.52257910961337 108.5
1 0 19.894555154056597 -23.090753262906127 -117.5
1 1 21.27679890665402 -19.34467063394637 -108.0
3527
-------------------New----------------
0 0 -93.56382688040941 30.31691350093276 118.5
0 1 -93.24580348283551 29.37509772296682 108.5
1 0 -86.05685423034255 8.098012396330287 -117.5
1 1 -86.35943400443524 8.992243088576727 -108.0
3539
-------------------New----------------
0 0 41.05032265515129 -2.6495040304431527 118.5
0 1 42.362849024498054 -7.392140707017132 108.5
1 0 72.0242498010068 -114.5614511297941 -117.5
1 1 70.77693320560185 -110.0569135153715 -108.0
3547
-------------------New----------------
0 0 60.425682713811376 106.2256063431408 118.5
0 1 63.2447062068249 106.9413436973201 108.5
1 0 127.01151448770932 123.06646837782759 -117.5
1 1 124.33074453972714 122.39596118342676 -108.0
3553
-------------------New----------------
0 0 -55.08641967532583 -27.448890623694183 118.5
0 1 -52.678464483162145 -27.60092177531943 108.5
1 0 1.7491047247597584 -31.019382463973756 -117.5
1 1 -0.5369291206965391 -30.875263573035436 -108.0
3567
-------------------New----------------
0 0 -92.73713235429096 29.047419739712865 118.5
0 1 -92.07166239966692 29.359581838475084 108.5
1 0 -76.98733098373292 36.4417504318135 -117.5
1 1 -77.62251787936002 36.14398191434474 -108.0
3569
-------------------New----------------
0 0 1.5575308753458454 112.0700523087061 118.5
0 1 4.614189543519124 112.5824519328174 108.5
1 0 73.67758289057507 124.16116777610902 -117.5
1 1 70.77598224946601 123.67559713544077 -108.0
3571
-------------------New----------------
0 0 7.288285161278424 24.083895872804312 118.5
0 1 5.754679818653275 20.796499428748227 108.5
1 0 -28.913041114456597 -53.49934154220946 -117.5
1 1 -27.456061268190247 -50.376148983608445 -108.0
3576
-------------------New----------------
0 0 -98.67727251386582 53.74510412635218 118.5
0 1 -98.6821971347586 52.573522777148696 108.5
1 0 -98.77541898659577 26.103979680659318 -117.5
1 1 -98.7719414955898 27.21688862359779 -108.0
3584
-------------------New----------------
0 0 -22.925068755061524 -7.6801116592716365 118.5
0 1 -22.033832368294995 -5.779769825381164 108.5
1 0 -1.887537387475924 37.16452869380136 -117.5
1 1 -2.734803082036528 35.35918336257322 -108.0
3585
-------------------New----------------
0 0 38.96238840221669 0.40906638367006243 118.5
0 1 33.556344559859596 -2.7446951326066023 108.5
1 0 -88.3041920361276 -73.92280865788095 -117.5
1 1 -83.19005684083395 -70.93615472354796 -108.0
3589
-------------------New----------------
0 0 97.60324774342476 -47.92579994719837 118.5
0 1 96.09171130207173 -50.404807229135464 108.5
1 0 61.894171636441044 -106.50512598637093 -117.5
1 1 63.32820115241346 -104.14432783375958 -108.0
3591
-------------------New----------------
0 0 -94.9935653664412 -8.559742386369908 118.5
0 1 -94.26376725266607 -9.547898884273133 108.5
1 0 -77.71091669097689 -31.861024599348536 -117.5
1 1 -78.41100345865752 -30.92494958089199 -108.0
3598
-------------------New----------------
0 0 62.235628133220075 21.857642925759944 118.5
0 1 58.725446860336184 25.723505145466937 108.5
1 0 -22.146783920093178 113.54518987543156 -117.5
1 1 -18.835002989286494 109.91186656709412 -108.0
3601
-------------------New----------------
0 0 22.55329426036646 -72.50746148524274 118.5
0 1 23.782436400401515 -71.47156530200094 108.5
1 0 51.826537743968856 -48.25417151908089 -117.5
1 1 50.6306058932844 -49.234132934892585 -108.0
3602
-------------------New----------------
0 0 53.44584041147452 -32.51071108014943 118.5
0 1 52.692130405929994 -31.239976577485237 108.5
1 0 35.23929970620871 -1.6735671121021785 -117.5
1 1 35.965020376678034 -2.9293947412890953 -108.0
3608
-------------------New----------------
0 0 23.000371237426602 7.769297057428041 118.5
0 1 22.997300784084793 10.617031859006094 108.5
1 0 22.931113079487616 74.97906341012748 -117.5
1 1 22.934003741338135 72.273529859033 -108.0
3630
-------------------New----------------
0 0 75.8132984822103 46.4804400842783 118.5
0 1 72.77176790762378 42.15811384079405 108.5
1 0 4.012320382281267 -55.497214651970864 -117.5
1 1 6.90348191055474 -51.39300391540024 -108.0
3634
-------------------New----------------
0 0 -10.740897699189953 44.06333168749077 118.5
0 1 -5.74849579474448 43.93691364736428 108.5
1 0 107.18358682157823 41.094271224647756 -117.5
1 1 102.43253816993197 41.213690468319 -108.0
3636
-------------------New----------------
0 0 -5.1735948667199665 -111.2854832600328 118.5
0 1 -6.003106136213313 -111.40070076839292 108.5
1 0 -24.789495276493167 -114.02813052070363 -117.5
1 1 -23.998265437243738 -113.91886518414682 -108.0
3648
-------------------New----------------
0 0 36.45693545404316 -71.28456824789922 118.5
0 1 39.03907666961157 -72.30032744208583 108.5
1 0 97.39403846548421 -95.23843968900515 -117.5
1 1 94.94061672937183 -94.27512692416107 -108.0
3653
-------------------New----------------
0 0 -96.80007044872248 1.7187066534978215 118.5
0 1 -95.25680993053417 -2.498045239740429 108.5
1 0 -60.500101719204736 -97.97819094499292 -117.5
1 1 -61.94728838410297 -93.9595930943255 -108.0
3655
-------------------New----------------
0 0 -29.255173310038014 66.62085513405273 118.5
0 1 -33.11104767026116 65.59499660856032 108.5
1 0 -120.30353218288576 42.47940947794503 -117.5
1 1 -116.63764032974215 43.45315980118134 -108.0
3658
-------------------New----------------
0 0 37.30374132287679 80.52095539139677 118.5
0 1 32.896270421392714 78.44025398253454 108.5
1 0 -66.74532132914035 31.457101135690714 -117.5
1 1 -62.55694046978864 33.43077909786099 -108.0
3660
-------------------New----------------
0 0 20.35440537310985 104.17308391464243 118.5
0 1 14.804854150239422 104.08331646480978 108.5
1 0 -110.53192388807845 101.99506790829022 -117.5
1 1 -105.26460881065393 102.08392908142056 -108.0
3662
-------------------New----------------
0 0 6.458546356999615 -95.8217341059819 118.5
0 1 9.178364370436324 -94.8693589088385 108.5
1 0 70.65986690971849 -73.30511120120012 -117.5
1 1 68.07472634011842 -74.21308117937812 -108.0
3663
-------------------New----------------
0 0 -39.351025416155764 92.63513372744701 118.5
0 1 -42.16180294065548 93.32477704679238 108.5
1 0 -105.69876140748993 108.92016752261206 -117.5
1 1 -103.02685834830599 108.26456159192807 -108.0
3664
-------------------New----------------
0 0 16.28846730747129 22.600771927566004 118.5
0 1 13.691874935481389 24.318409044069075 108.5
1 0 -45.65788429343931 62.73671195595332 -117.5
1 1 -43.13905077317397 61.136939009167705 -108.0
3677
-------------------New----------------
0 0 -90.11752376652012 -53.51298519232923 118.5
0 1 -90.98910674150021 -55.42712509785359 108.5
1 0 -110.68925266929025 -98.7045375515144 -117.5
1 1 -109.86037729344551 -96.88518845236281 -108.0
3681
-------------------New----------------
0 0 68.05387929399265 61.09650684201497 118.5
0 1 70.21900711630646 62.39439614197232 108.5
1 0 119.14597542629812 91.70396506938839 -117.5
1 1 117.088600690014 90.47103127322245 -108.0
3682
-------------------New----------------
0 0 71.08652266911993 -3.6510723635393085 118.5
0 1 69.3499411674759 -5.73077504732739 108.5
1 0 29.79651002106649 -52.650830221371734 -117.5
1 1 31.474212328764924 -50.70506581035518 -108.0
3685
-------------------New----------------
0 0 -98.98549353425747 91.3326052758479 118.5
0 1 -96.99005938729923 91.46032196250493 108.5
1 0 -51.82677992056934 94.26379093802828 -117.5
1 1 -53.72535810995684 94.15131562805118 -108.0
3688
-------------------New----------------
0 0 65.62150141936374 -32.45080771762776 118.5
0 1 65.05640514530867 -37.5875927779289 108.5
1 0 -12.811583774647806 -95.36429022388097 -117.5
1 1 -10.734724151169614 -91.04607246165668 -108.0
3689
-------------------New----------------
0 0 83.11222472344618 -32.127769648716416 118.5
0 1 83.15050410413485 -25.909826913433285 108.5
1 0 84.00847097876532 114.61194297705364 -117.5
1 1 83.97207322150153 108.70619979075043 -108.0
3707
-------------------New----------------
0 0 10.369493817143715 -15.598896730328903 118.5
0 1 13.880223707814793 -19.52606341299653 108.5
1 0 93.73584563771513 -108.51561038730263 -117.5
1 1 90.37045175695236 -104.77125478103251 -108.0
3712
-------------------New----------------
0 0 14.84378678922533 38.86677411216144 118.5
0 1 14.512329358803697 36.542263509041526 108.5
1 0 6.983237688161452 -16.35098284803936 -117.5
1 1 7.292682053013276 -14.10345583933272 -108.0
3717
-------------------New----------------
0 0 3.1834732753254897 -91.39025560460786 118.5
0 1 5.622292580076381 -89.64695225790042 108.5
1 0 61.06178407031992 -50.48614568397308 -117.5
1 1 58.70862635439683 -52.11654754355133 -108.0
3718
-------------------New----------------
0 0 32.95240180078725 -45.439404738085834 118.5
0 1 30.77386045844031 -50.29939393818833 108.5
1 0 28.533200292327752 52.2133342796035 -117.5
1 1 25.153630676429582 48.424640921579524 -108.0
3720
-------------------New----------------
0 0 46.21159065159385 71.08534857345008 118.5
0 1 43.40557802666467 68.40885808528489 108.5
1 0 -19.993107003319125 7.920970024224417 -117.5
1 1 -17.336152352444827 10.459527916927655 -108.0
3729
-------------------New----------------
0 0 -24.46099592692473 -121.6438504235413 118.5
0 1 -27.352571495744023 -121.35992754146227 108.5
1 0 -92.50883406415957 -114.84426795220126 -117.5
1 1 -89.7704765862675 -115.12345576080074 -108.0
3733
-------------------New----------------
0 0 -58.20890942209487 -108.59479199436893 118.5
0 1 -57.64698670185051 -107.8140892344663 108.5
1 0 -44.93558078328222 -90.2154826499985 -117.5
1 1 -45.470613463892775 -90.96138683456503 -108.0
3734
-------------------New----------------
0 0 22.034425966769728 -70.13046569384326 118.5
0 1 24.583234978322373 -70.41061685772038 108.5
1 0 82.16016076273814 -76.75621391056222 -117.5
1 1 79.74074953742145 -76.48769898618721 -108.0
3738
-------------------New----------------
0 0 99.83036288695487 -48.03686447156736 118.5
0 1 100.087778608827 -47.34935792333506 108.5
1 0 105.9970463527699 -31.77746433282248 -117.5
1 1 105.74760762152516 -32.43336191649609 -108.0
3756
-------------------New----------------
0 0 -87.16480423166176 -12.5856045631774 118.5
0 1 -84.7946783857362 -7.1137222032045795 108.5
1 0 -31.054624052662888 116.51969042344683 -117.5
1 1 -33.32201441992896 111.32159325863897 -108.0
3757
-------------------New----------------
0 0 13.477849738083185 -57.856535195317136 118.5
0 1 14.375233890713849 -59.76474429542161 108.5
1 0 34.65563255756016 -102.91908517856885 -117.5
1 1 33.80347877748282 -101.10440359989107 -108.0
3758
-------------------New----------------
0 0 70.69013581849562 -17.305457260890694 118.5
0 1 71.07289543904032 -17.143865199712693 108.5
1 0 79.67652668037188 -13.423155746349419 -117.5
1 1 79.31369763611067 -13.582309087034421 -108.0
3761
-------------------New----------------
0 0 -116.50026250764287 50.64762259116891 118.5
0 1 -116.2339581222415 51.37883742901295 108.5
1 0 -110.20594570259432 67.85048071172875 -117.5
1 1 -110.45877383255807 67.16109386756288 -108.0
3774
-------------------New----------------
0 0 -123.2395656701984 -46.453435471482194 118.5
0 1 -123.2221945708637 -40.899267905255826 108.5
1 0 -122.78608347972548 84.58970297843311 -117.5
1 1 -122.80643552252744 79.31462876998323 -108.0
3782
-------------------New----------------
0 0 50.290695223001485 54.47405772095753 118.5
0 1 49.99567850240901 56.01742247738529 108.5
1 0 43.34260016895762 90.89090672623155 -117.5
1 1 43.62101050529751 89.42559674461859 -108.0
3783
-------------------New----------------
0 0 -82.89171046316966 43.23487480699203 118.5
0 1 -84.76625636695911 45.497883318536815 108.5
1 0 -127.30639049957215 96.41405990007561 -117.5
1 1 -125.51896531552468 94.29289074030348 -108.0
3787
-------------------New----------------
0 0 1.9244711010484448 -80.96702184783334 118.5
0 1 3.776801970325365 -81.38595890211619 108.5
1 0 45.62157657670791 -90.8839679419382 -117.5
1 1 43.863259021144415 -90.48689453474731 -108.0
3790
-------------------New----------------
0 0 19.281076438216303 1.420364991793253 118.5
0 1 13.966488181929753 1.2273302883724457 108.5
1 0 -106.13280270987256 -3.1544321002113866 -117.5
1 1 -101.08377446425159 -2.9696870885949744 -108.0
3791
-------------------New----------------
0 0 49.28847826051474 55.48068954826944 118.5
0 1 49.02200252912776 51.86944136082885 108.5
1 0 42.85375598344675 -29.816041270941923 -117.5
1 1 43.121035380915046 -26.379692630854514 -108.0
3795
-------------------New----------------
0 0 9.844605593335563 -57.10484438298149 118.5
0 1 11.109611622603532 -55.35600631503068 108.5
1 0 39.74561028226817 -15.907115548287384 -117.5
1 1 38.54091095584972 -17.563676798164988 -108.0
3801
-------------------New----------------
0 0 -27.027017680652058 43.95238355500131 118.5
0 1 -24.44103830149272 45.99455173547994 108.5
1 0 34.007998585099024 92.14998405545838 -117.5
1 1 31.55087221562552 90.209734403383 -108.0
3807
-------------------New----------------
0 0 -10.935436696009361 78.9839977561679 118.5
0 1 -10.300652432142519 76.81551879849097 108.5
1 0 3.990266428002934 27.845402253293447 -117.5
1 1 3.390558308049029 29.904650437597365 -108.0
3810
-------------------New----------------
0 0 29.745084021368193 32.7937635486314 118.5
0 1 27.06938774692704 26.751317476974645 108.5
1 0 -33.360560771939085 -109.85570579166829 -117.5
1 1 -30.823329153718454 -104.11602173138915 -108.0
3815
-------------------New----------------
0 0 -10.40923607090464 9.886046613298241 118.5
0 1 -9.943115963779302 8.020266906239147 108.5
1 0 0.6424275180567747 -34.126428086969256 -117.5
1 1 0.19711629696122812 -32.358612679928754 -108.0
3819
-------------------New----------------
0 0 62.65520090664798 -6.284370122345661 118.5
0 1 63.973685435864034 -6.274538329445082 108.5
1 0 93.74640865714441 -6.066702299175091 -117.5
1 1 92.49531299555633 -6.0758643860134685 -108.0
3830
-------------------New----------------
0 0 24.19184727850683 -4.002139839754305 118.5
0 1 22.54344259856413 -1.1616986142390329 108.5
1 0 -14.713814337862217 63.06163016242359 -117.5
1 1 -13.153003043885798 60.36166525575819 -108.0
3831
-------------------New----------------
0 0 -99.61839268441763 -36.57950253758892 118.5
0 1 -98.82817690094979 -36.09606280674978 108.5
1 0 -81.03090936190193 -25.22490859576391 -117.5
1 1 -81.77203442751853 -25.677610612820313 -108.0
3839
-------------------New----------------
0 0 -34.45455010337399 23.361275240945176 118.5
0 1 -33.64187688548189 22.58565792482592 108.5
1 0 -15.26174415560374 5.05823059759256 -117.5
1 1 -16.036347845990694 5.794600889508582 -108.0
3843
-------------------New----------------
0 0 -57.17702083727278 -72.63968110709594 118.5
0 1 -55.988572119517144 -72.70115836646117 108.5
1 0 -29.0286692196084 -74.17668605824585 -117.5
1 1 -30.163306678651416 -74.1142607339257 -108.0
3846
-------------------New----------------
0 0 1.9902688871536853 -40.06774971155414 118.5
0 1 5.081029029118076 -43.556989775660604 108.5
1 0 74.90699828202565 -122.45497313026833 -117.5
1 1 71.97061700230715 -119.13700834679325 -108.0
3850
-------------------New----------------
0 0 -55.48538064889565 -120.56178046720757 118.5
0 1 -56.48282982799071 -120.59588515307753 108.5
1 0 -79.02144896086506 -121.42776594222985 -117.5
1 1 -78.07487479758936 -121.39346276739354 -108.0
3854
-------------------New----------------
0 0 -48.79649226429103 6.621103614919738 118.5
0 1 -49.07877600333761 3.047454998485456 108.5
1 0 -55.379443927806655 -77.48851112526387 -117.5
1 1 -55.09902087735825 -74.11575946301261 -108.0
3856
-------------------New----------------
0 0 1.431930174300173 -7.984025895704443 118.5
0 1 -0.4893488241322023 -4.552925091426276 108.5
1 0 -44.2718758609818 72.7187252727487 -117.5
1 1 -42.426183157272945 69.48924938353954 -108.0
3859
-------------------New----------------
0 0 22.872097082328697 -22.63753085320081 118.5
0 1 18.616786166779956 -19.563564546618544 108.5
1 0 -77.57284035425938 49.91778013054631 -117.5
1 1 -73.52874769669933 46.99596717616638 -108.0
3861
-------------------New----------------
0 0 -33.720264707763185 -2.2292612067380855 118.5
0 1 -32.10670571866616 -4.828681345323185 108.5
1 0 4.6006634647525715 -63.51716956838826 -117.5
1 1 3.042949500204358 -61.0506727576705 -108.0
3863
-------------------New----------------
0 0 -25.560095482431986 70.25025337422156 118.5
0 1 -25.120552922871525 70.37108011403544 108.5
1 0 -15.1895890919477 73.105689721409 -117.5
1 1 -15.60713871355389 72.99074339520045 -108.0
3874
-------------------New----------------
0 0 81.74627916930304 -18.195943873971977 118.5
0 1 82.94330063173665 -17.48971681548592 108.5
1 0 110.00295131812474 -1.522471640602634 -117.5
1 1 108.86258487447444 -2.1943822329944904 -108.0
3879
-------------------New----------------
0 0 72.89518836887159 85.77586936732645 118.5
0 1 73.90605466683968 86.24225255912768 108.5
1 0 96.75422691856048 96.78040942925449 -117.5
1 1 95.79370961562245 96.33749885683369 -108.0
3882
-------------------New----------------
0 0 67.28880436291621 25.415345839529834 118.5
0 1 68.43155800086042 26.255456104521688 108.5
1 0 94.29778516869752 45.25610336555293 -117.5
1 1 93.20889310802592 44.45831899604023 -108.0
3883
-------------------New----------------
0 0 -12.667054272143446 -25.42122857212184 118.5
0 1 -12.011945357302785 -20.595397018059188 108.5
1 0 2.715169640278213 88.33102917794466 -117.5
1 1 2.0976671404819696 83.75249175835887 -108.0
3887
-------------------New----------------
0 0 -77.72301711905536 117.08104133111411 118.5
0 1 -78.72527101405612 116.60704832584182 108.5
1 0 -101.37629732713552 105.89989941368461 -117.5
1 1 -100.42408053101701 106.34958478370042 -108.0
3891
-------------------New----------------
0 0 -30.339093372165017 97.7118991287444 118.5
0 1 -24.14675191594889 96.95645681792371 108.5
1 0 115.87290427527645 79.89248387065626 -117.5
1 1 109.98761196673806 80.61145100601257 -108.0
3902
-------------------New----------------
0 0 -19.516465410645292 10.795644622806673 118.5
0 1 -17.60146532040126 10.68389623168267 108.5
1 0 25.734660415100404 8.34414190699654 -117.5
1 1 23.914989613518514 8.440805128569187 -108.0
3907
-------------------New----------------
0 0 -27.022754113150615 22.347951432233664 118.5
0 1 -26.006498452339855 21.12493952044747 108.5
1 0 -3.096794252488688 -5.936682848526992 -117.5
1 1 -4.057518765668883 -4.822943486079438 -108.0
3916
-------------------New----------------
0 0 -43.96585692684059 -103.22770418231798 118.5
0 1 -45.68514901028346 -104.18989815886634 108.5
1 0 -84.56021291310816 -125.95062205532034 -117.5
1 1 -82.92576304960002 -125.03663115229658 -108.0
3937
-------------------New----------------
0 0 -35.43371708889519 -13.182337556591895 118.5
0 1 -37.97074097049605 -11.459421138792099 108.5
1 0 -95.26705306138966 27.455397177775843 -117.5
1 1 -92.8585298352868 25.81851826323599 -108.0
3939
-------------------New----------------
0 0 -83.91154118250344 -5.698392157425873 118.5
0 1 -82.81494623773952 -1.7435320355053636 108.5
1 0 -58.03740156544048 87.64245703684624 -117.5
1 1 -59.07882153593672 83.8849563869893 -108.0
3942
-------------------New----------------
0 0 87.7739152514599 37.21655899287953 118.5
0 1 86.5452137744401 34.88298923867709 108.5
1 0 58.6544911029737 -17.79694266223317 -117.5
1 1 59.82735220937919 -15.577878419318292 -108.0
3943
-------------------New----------------
0 0 71.94665820396605 56.937447531792124 118.5
0 1 68.55675257628886 59.71871701371604 108.5
1 0 -8.065156111068669 122.66113727547713 -117.5
1 1 -4.850987758644566 120.01893980733601 -108.0
3953
-------------------New----------------
0 0 -16.0861325946805 10.292080132432229 118.5
0 1 -12.760203435047213 5.623470910280164 108.5
1 0 62.395113489797815 -99.90550779725001 -117.5
1 1 59.235896402612184 -95.46796937637333 -108.0
3957
-------------------New----------------
0 0 -56.97076688960588 -72.92145572457018 118.5
0 1 -57.25193247353432 -72.32278550310207 108.5
1 0 -63.61949065830754 -58.77289491269962 -117.5
1 1 -63.35158507793416 -59.34293361797322 -108.0
3960
-------------------New----------------
0 0 -11.477709874191861 56.11133156321962 118.5
0 1 -8.52191215489311 54.30063054407263 108.5
1 0 58.35743213077311 13.373608505989631 -117.5
1 1 55.54009856222651 15.09235114903539 -108.0
3971
-------------------New----------------
0 0 -38.07763219988978 22.58671288039828 118.5
0 1 -40.15289351947915 19.773402332146315 108.5
1 0 -87.06665705124469 -43.83278325238708 -117.5
1 1 -85.0968466128037 -41.16022398186923 -108.0
3973
-------------------New----------------
0 0 45.49772326506115 21.004122634759444 118.5
0 1 46.956624327927955 18.19285111676966 108.5
1 0 79.92804212618236 -45.33820604060299 -117.5
1 1 78.54191769766591 -42.667755454631234 -108.0
3976
-------------------New----------------
0 0 -44.36979046682889 -63.329843207218005 118.5
0 1 -44.21632476680998 -63.24701721760651 108.5
1 0 -40.720836960175845 -61.379097630565944 -117.5
1 1 -40.868886910731135 -61.457867225094866 -108.0
3983
-------------------New----------------
0 0 -20.01092496950885 -3.645290851773537 118.5
0 1 -23.403038351674773 0.6372484063898748 108.5
1 0 -100.0330409982151 97.3707847972537 -117.5
1 1 -96.81606489745297 93.30082317516087 -108.0
3987
-------------------New----------------
0 0 39.498321250566015 83.63479061186106 118.5
0 1 35.65710618752688 83.58479116332911 108.5
1 0 -51.184197583119854 82.50115653724933 -117.5
1 1 -47.53270152781317 82.54422682733816 -108.0
3992
-------------------New----------------
0 0 -39.9567051342469 81.74480024911904 118.5
0 1 -37.08752211294314 83.2413349512341 108.5
1 0 27.709730882790126 117.15975982398325 -117.5
1 1 24.98335700649649 115.73064149375992 -108.0
3995
-------------------New----------------
0 0 -95.45305433444099 -55.01915122660326 118.5
0 1 -94.48090609581733 -54.55887035669643 108.5
1 0 -72.54994447766268 -44.17166533666666 -117.5
1 1 -73.4706546709617 -44.60846509958098 -108.0
3996
-------------------New----------------
0 0 -9.17505442507033 1.8995205482394972 118.5
0 1 -9.815184174631513 -1.0781897521668062 108.5
1 0 -24.415230530538576 -68.23524668884258 -117.5
1 1 -23.80556735891927 -65.42039540296187 -108.0
3997
-------------------New----------------
0 0 -78.22535421157652 7.7687135277849695 118.5
0 1 -78.16168215961713 8.313019241817667 108.5
1 0 -76.72022272006363 20.612156498847813 -117.5
1 1 -76.78077013483373 20.095305074943127 -108.0
4011
-------------------New----------------
0 0 -38.27455060558742 -117.85294032101547 118.5
0 1 -38.8318325580349 -117.63875569989943 108.5
1 0 -51.4586305570554 -112.78237001580138 -117.5
1 1 -50.928162303929824 -112.98505680933233 -108.0
4020
-------------------New----------------
0 0 16.64501552861092 62.821928188626465 118.5
0 1 15.57157546230082 61.26316455928291 108.5
1 0 -8.547508804882039 25.885266651674677 -117.5
1 1 -7.540331347152922 27.371465656303748 -108.0
4051
-------------------New----------------
0 0 65.95466863359708 -0.17101396883922107 118.5
0 1 65.02504651992986 4.568434191827773 108.5
1 0 44.05141538429848 111.69701933487333 -117.5
1 1 44.93182896779593 107.19356026903199 -108.0
4060
-------------------New----------------
0 0 -97.61946874429138 -29.346684342738662 118.5
0 1 -98.38835844710704 -31.448486217226975 108.5
1 0 -115.8143524043569 -79.01802743023727 -117.5
1 1 -115.0622566914255 -77.03225660767126 -108.0
4064
-------------------New----------------
0 0 -8.789765764056359 -37.23605579458252 118.5
0 1 -8.992213206513934 -36.11968415865476 108.5
1 0 -13.546573103565938 -10.869520927298995 -117.5
1 1 -13.354729096920883 -11.93088403788261 -108.0
4074
-------------------New----------------
0 0 -48.76948532937066 45.52829132944788 118.5
0 1 -51.52088083724625 46.329109871616616 108.5
1 0 -113.6810951106759 64.41796058957185 -117.5
1 1 -111.06816995806594 63.65735226476922 -108.0
4076
-------------------New----------------
0 0 67.16881889468347 -18.853861897751194 118.5
0 1 63.33331275929218 -20.040779901345136 108.5
1 0 -23.56894924791672 -47.6039307371444 -117.5
1 1 -19.90907962470082 -46.44313489532438 -108.0
4082
-------------------New----------------
0 0 13.599603739510147 -37.57336849210901 118.5
0 1 15.315218617773581 -35.51085289550535 108.5
1 0 54.12381436972505 11.199583737420737 -117.5
1 1 52.49173780142829 9.235881254778294 -108.0
4100
-------------------New----------------
0 0 -30.068883448432246 20.350474235716483 118.5
0 1 -26.911710249328557 18.567572789984155 108.5
1 0 44.21490034258749 -21.81701453723786 -117.5
1 1 41.23084421889942 -20.118590069032834 -108.0
4125
-------------------New----------------
0 0 26.431360616932057 71.96077514156123 118.5
0 1 26.824400146761526 70.8961784372407 108.5
1 0 35.781039258077996 46.91168781490221 -117.5
1 1 35.39876462187177 47.9181284990437 -108.0
4131
-------------------New----------------
0 0 -26.42678517404738 2.784227197236032 118.5
0 1 -20.289582276589194 4.608712142270645 108.5
1 0 118.06240343318441 46.527996991009424 -117.5
1 1 112.24751515200288 44.761970633751574 -108.0
4141
-------------------New----------------
0 0 62.24304895985589 22.52716198882094 118.5
0 1 61.19269826591149 24.80639567345115 108.5
1 0 37.478442824749095 76.42955061615868 -117.5
1 1 38.479623916061975 74.25576709566282 -108.0
4142
-------------------New----------------
0 0 15.988307550118384 -0.3619294634080363 118.5
0 1 19.693731905037303 0.48746850489328997 108.5
1 0 103.43583836258684 19.658865460188686 -117.5
1 1 99.91483124830836 18.85338682747522 -108.0
4147
-------------------New----------------
0 0 -7.858713656956205 51.85074882344175 118.5
0 1 -7.665434963935399 49.28751446598531 108.5
1 0 -3.2574644128407457 -8.619697759714501 -117.5
1 1 -3.4416886834165275 -6.1859217541513285 -108.0
4156
-------------------New----------------
0 0 -14.781694243094353 43.32788628465254 118.5
0 1 -18.269069003562358 41.17134443493856 108.5
1 0 -97.09100575724514 -7.549355674367776 -117.5
1 1 -93.77721649883547 -5.502229116566722 -108.0
4157
-------------------New----------------
0 0 123.08352721149636 -26.968442211020083 118.5
0 1 122.78620621023033 -25.761229634781124 108.5
1 0 116.05473494270066 1.6653010408200868 -117.5
1 1 116.33371026399986 0.5088242406907421 -108.0
4164
-------------------New----------------
0 0 73.34701048230099 41.59978685358132 118.5
0 1 71.91075525145814 43.88791815480118 108.5
1 0 39.32867525920611 95.77348892821216 -117.5
1 1 40.70182416515063 93.59083406660267 -108.0
4177
-------------------New----------------
0 0 63.41190104423258 39.92213350748428 118.5
0 1 61.38118906420952 40.2684808114503 108.5
1 0 15.479986507367162 48.11509964495619 -117.5
1 1 17.40952495900384 47.78442133135305 -108.0
4180
-------------------New----------------
0 0 -58.52930778584069 104.60835223791807 118.5
0 1 -55.50387499199445 104.40926813300891 108.5
1 0 12.836839446019098 99.91623149422564 -117.5
1 1 9.965680844886421 100.10357958221758 -108.0
4186
-------------------New----------------
0 0 85.0118683582731 -71.28182938129495 118.5
0 1 82.09531691983285 -67.53982567762293 108.5
1 0 16.2059374265467 16.8893774671528 -117.5
1 1 18.979849981867893 13.34666599074059 -108.0
4202
-------------------New----------------
0 0 -8.842268461228413 97.78265938106753 118.5
0 1 -6.044726512842646 96.41190797547029 108.5
1 0 57.18450442487527 65.45022827600823 -117.5
1 1 54.52540882010381 66.75128490788457 -108.0
4209
-------------------New----------------
0 0 18.565726130209395 28.523639158690237 118.5
0 1 17.401199065158544 30.301429225427178 108.5
1 0 -8.924534116715682 70.47853752384098 -117.5
1 1 -7.817891108582711 68.78913812351814 -108.0
4214
-------------------New----------------
0 0 27.09616298781295 22.022341241670546 118.5
0 1 26.978069978795567 17.345687734932802 108.5
1 0 24.319754001819522 -88.24254029293441 -117.5
1 1 24.436095107698087 -83.80284363884788 -108.0
4215
-------------------New----------------
0 0 35.47764103240766 70.57155492914337 118.5
0 1 32.78306284782077 69.45584487055575 108.5
1 0 -28.276569483703742 44.193621112434144 -117.5
1 1 -25.712255336175453 45.25522148905173 -108.0
4217
-------------------New----------------
0 0 -23.569298114112165 21.545310665736928 118.5
0 1 -27.774601021262168 22.298173001163853 108.5
1 0 -122.79288691709039 39.20188596614328 -117.5
1 1 -118.80439373960974 38.502544520499626 -108.0
4219
-------------------New----------------
0 0 63.888521877451524 4.05562913856293 118.5
0 1 61.87852020573952 6.4716021991842485 108.5
1 0 16.458344777864347 61.00316263370219 -117.5
1 1 18.366821493760618 58.712912797952484 -108.0
4233
-------------------New----------------
0 0 -23.19720747974668 18.344239909975762 118.5
0 1 -25.035204636741703 14.262715544504342 108.5
1 0 -66.61177087199593 -77.99078876560313 -117.5
1 1 -64.86374809555858 -74.11368055729017 -108.0
4235
-------------------New----------------
0 0 66.48551988535873 -104.39251400258748 118.5
0 1 63.80588700430546 -103.17276084819432 108.5
1 0 3.262630546375513 -75.56066779688844 -117.5
1 1 5.804314431472145 -76.72994887757504 -108.0
4238
-------------------New----------------
0 0 -4.765214199730266 105.38390773433723 118.5
0 1 -5.4713454831709605 104.8805263409565 108.5
1 0 -21.101783130797482 93.75912483769777 -117.5
1 1 -20.447570376950114 94.21570589817841 -108.0
4245
-------------------New----------------
0 0 -78.74266351944095 -15.259972856679445 118.5
0 1 -76.05327239807681 -10.912556365012232 108.5
1 0 -15.312950820609618 87.38522226575196 -117.5
1 1 -17.861803936834786 83.24398620433584 -108.0
4259
-------------------New----------------
0 0 -36.78056703136255 -7.754389740015846 118.5
0 1 -32.728222227765926 -10.774376206662168 108.5
1 0 58.781269341960595 -79.15001334268962 -117.5
1 1 54.9416418525239 -76.26821855723365 -108.0
4264
-------------------New----------------
0 0 14.90964444397989 6.901988919936235 118.5
0 1 17.70841166736158 7.289184270558437 108.5
1 0 80.83355220904755 16.218773681055627 -117.5
1 1 78.18807959773369 15.838161345858307 -108.0
4272
-------------------New----------------
0 0 -84.4705115244017 67.05330377420975 118.5
0 1 -82.97827083483995 69.45998044150748 108.5
1 0 -49.39753107494031 123.85054146125233 -117.5
1 1 -50.80783743598583 121.5664655711391 -108.0
4299
-------------------New----------------
0 0 105.36912812565747 -49.27506901103085 118.5
0 1 105.829577568323 -46.33305927015803 108.5
1 0 116.25284180699059 20.17103709156852 -117.5
1 1 115.81429724726578 17.374907304913975 -108.0
4300
-------------------New----------------
0 0 -32.356039546695236 65.55027487214912 118.5
0 1 -32.22939936476667 66.05910347833392 108.5
1 0 -29.330372149659134 77.55712599359862 -117.5
1 1 -29.45489716181991 77.07290035582997 -108.0
4309
-------------------New----------------
0 0 -12.77571981955839 68.45875229402333 118.5
0 1 -10.95802232148991 68.43815240114154 108.5
1 0 30.107593824160197 67.86604712947548 -117.5
1 1 28.40023774270754 67.88917769470066 -108.0
4312
-------------------New----------------
0 0 36.391179960294984 -91.40310777153506 118.5
0 1 36.76389222729169 -91.42391320112353 108.5
1 0 45.17240516283694 -91.88948234778314 -117.5
1 1 44.81898700984571 -91.86988298116437 -108.0
4313
-------------------New----------------
0 0 -112.8189927640994 50.432792451419445 118.5
0 1 -112.87724743169171 53.09180883999869 108.5
1 0 -114.27392031484025 113.23252119838719 -117.5
1 1 -114.21147170177399 110.70621213617247 -108.0
4316
-------------------New----------------
0 0 56.83903028707929 80.44493227840834 118.5
0 1 56.705391856590595 81.02891639607422 108.5
1 0 53.688320957133705 94.27217731936797 -117.5
1 1 53.81574735713535 93.71525229546178 -108.0
4340
-------------------New----------------
0 0 38.228924903454356 13.513712657308213 118.5
0 1 33.664257712702465 17.58107877506452 108.5
1 0 -69.49290580156195 109.50596495951761 -117.5
1 1 -65.15595238350943 105.64122189645487 -108.0
4345
-------------------New----------------
0 0 -56.59943550738242 -39.37033076622711 118.5
0 1 -54.92786346584486 -38.8121121502259 108.5
1 0 -17.10122844214344 -26.295249348683285 -117.5
1 1 -18.692778389601443 -26.81994037043878 -108.0
4358
-------------------New----------------
0 0 -88.62901145946857 54.32219314687161 118.5
0 1 -89.72493797009079 52.818011970311886 108.5
1 0 -114.48920343411426 18.818835052864667 -117.5
1 1 -113.44863066589846 20.248018633922953 -108.0
4359
-------------------New----------------
0 0 68.12559758780648 58.38195258296484 118.5
0 1 69.26273635923557 58.45462096478118 108.5
1 0 94.95828953373343 60.05051523336705 -117.5
1 1 93.87855102796169 59.98493393427816 -108.0
4362
-------------------New----------------
0 0 -1.8043382439939133 59.686473445896944 118.5
0 1 0.45827472401399894 58.10302296979894 108.5
1 0 51.492960143322776 22.57314026607168 -117.5
1 1 49.3443757637483 24.053692769324083 -108.0
4365
-------------------New----------------
0 0 29.2404140703071 102.88996375785239 118.5
0 1 27.450171542844572 101.90481922818384 108.5
1 0 -13.013876824489852 79.50974915030608 -117.5
1 1 -11.315135666693408 80.45835508908633 -108.0
4372
-------------------New----------------
0 0 -49.21548179082164 -36.835604021211246 118.5
0 1 -45.53310703789647 -37.859879305259774 108.5
1 0 37.63169377903369 -60.939954936279285 -117.5
1 1 34.145535977807654 -59.97336475806539 -108.0
4387
-------------------New----------------
0 0 -28.53653418872772 20.276805438665605 118.5
0 1 -31.561771921005963 23.69284857089516 108.5
1 0 -99.6385612084346 100.43274508000407 -117.5
1 1 -96.76841951906167 97.20390445995011 -108.0
4388
-------------------New----------------
0 0 67.9856432100493 -112.52783554679247 118.5
0 1 63.84815697627048 -112.02768748780045 108.5
1 0 -29.64649484874615 -100.70927566946668 -117.5
1 1 -25.717028533400498 -101.18488114072859 -108.0
4392
-------------------New----------------
0 0 35.09671954575599 66.11827022725285 118.5
0 1 32.41809824894604 64.77018141123581 108.5
1 0 -28.26304560257835 34.264981418624565 -117.5
1 1 -25.71469373806921 35.547638000283484 -108.0
4398
-------------------New----------------
0 0 -107.94553976102608 48.51775920108391 118.5
0 1 -108.04630009020794 44.11607568480796 108.5
1 0 -110.2808653447792 -55.401918836326104 -117.5
1 1 -110.18796210383684 -51.21646146431647 -108.0
4400
-------------------New----------------
0 0 -104.9667017120457 -87.03755994720147 118.5
0 1 -104.69763864467794 -86.0546277266193 108.5
1 0 -98.67886586128897 -63.92697165235124 -117.5
1 1 -98.93519000571796 -64.85762810416091 -108.0
4404
-------------------New----------------
0 0 73.03147553334944 -57.958217419613405 118.5
0 1 73.550599162454 -60.75871301032858 108.5
1 0 85.28162339351533 -124.0465857116551 -117.5
1 1 84.78792279577985 -121.3859473138056 -108.0
4412
-------------------New----------------
0 0 -52.18387228207522 -43.2151377277455 118.5
0 1 -49.674790961276635 -46.18704956247313 108.5
1 0 7.162589854318043 -113.34745555740463 -117.5
1 1 4.7741801940835185 -110.51897600435184 -108.0
4413
-------------------New----------------
0 0 25.63622572786723 48.5417045304044 118.5
0 1 25.909110428452145 44.64120965398741 108.5
1 0 34.144803669052905 -51.154601535434054 -117.5
1 1 33.65578272792787 -46.770270316023066 -108.0
4415
-------------------New----------------
0 0 47.23989479331145 -66.66888400950475 118.5
0 1 45.18409327475907 -69.08138398792342 108.5
1 0 -1.241114816640056 -123.63626968079745 -117.5
1 1 0.7090956863380924 -121.3434984544245 -108.0
4431
-------------------New----------------
0 0 73.9828516261416 -65.84329726519704 118.5
0 1 74.59476222192242 -66.54446462150483 108.5
1 0 88.36362709381095 -82.37752734797051 -117.5
1 1 87.78638446367435 -81.7152720768843 -108.0
4437
-------------------New----------------
0 0 45.64635023662209 89.54300790583525 118.5
0 1 44.440324894975575 87.5288892060957 108.5
1 0 17.257787925935663 41.44123494074068 -117.5
1 1 18.400032640178758 43.4060115069096 -108.0
4444
-------------------New----------------
0 0 -12.37070061855521 -29.264369886323458 118.5
0 1 -16.491257787557476 -23.4164700764462 108.5
1 0 -109.60139792103146 108.75561560780109 -117.5
1 1 -105.68748384311994 103.1999233904351 -108.0
4451
-------------------New----------------
0 0 -45.955623735436426 -56.24937417694209 118.5
0 1 -47.0922856074901 -52.24609571149053 108.5
1 0 -72.70547083144405 38.183726093912426 -117.5
1 1 -71.63091920934733 34.38210510743064 -108.0
4458
-------------------New----------------
0 0 44.96680859822766 16.740344176152682 118.5
0 1 48.0264475951309 15.453374181567687 108.5
1 0 117.17033592093041 -13.703712497522227 -117.5
1 1 114.26834335721637 -12.476186844036295 -108.0
4461
-------------------New----------------
0 0 -12.538698273524224 -16.332574557236065 118.5
0 1 -13.230726919616398 -18.84597480516236 108.5
1 0 -28.90426933683557 -75.67284094146699 -117.5
1 1 -28.24385846713077 -73.27874745649481 -108.0
4467
-------------------New----------------
0 0 -38.83807610007117 23.17876892848182 118.5
0 1 -40.160640415193264 23.48707411802809 108.5
1 0 -70.06888459396343 30.461634802223564 -117.5
1 1 -68.81390276788163 30.165853031883053 -108.0
4469
-------------------New----------------
0 0 -120.93498589251442 -40.957098825079534 118.5
0 1 -120.52656404361771 -39.0047711685318 108.5
1 0 -111.29506150809004 5.131477924608479 -117.5
1 1 -111.68347844901344 3.2754268014001253 -108.0
4476
-------------------New----------------
0 0 -64.0783676432349 -69.47614565916282 118.5
0 1 -61.59723010030456 -68.32838371045291 108.5
1 0 -4.751603755934978 -42.40819359313558 -117.5
1 1 -7.146793320395669 -43.49999245703229 -108.0
4477
-------------------New----------------
0 0 3.293209275401079 88.79094586881533 118.5
0 1 -0.05018190335451429 89.79855419124539 108.5
1 0 -75.68251242274658 112.67058364736496 -117.5
1 1 -72.50169249197091 111.70239899947057 -108.0
4485
-------------------New----------------
0 0 -29.93575144267591 -96.56902909881588 118.5
0 1 -31.82224731402257 -94.33690266355161 108.5
1 0 -74.73622536500062 -43.10654380196738 -117.5
1 1 -72.91393954134497 -45.270671354960356 -108.0
4487
-------------------New----------------
0 0 43.102638635650024 -64.78489368558489 118.5
0 1 43.221894453262706 -65.46915164613475 108.5
1 0 46.066094503770024 -81.0260655274333 -117.5
1 1 45.94781947642205 -80.37189051893942 -108.0
4488
-------------------New----------------
0 0 15.582045501643218 45.53283623383646 118.5
0 1 10.689017665180904 48.09651683596596 108.5
1 0 -99.9273388402154 106.11845753162314 -117.5
1 1 -95.27507817866736 103.67383921957826 -108.0
4490
-------------------New----------------
0 0 -18.04657735312025 29.919203981072492 118.5
0 1 -22.21875674301565 27.875421005272727 108.5
1 0 -116.50289058572949 -18.232114879249856 -117.5
1 1 -112.54060497917094 -16.295522182343046 -108.0
4500
-------------------New----------------
0 0 -10.882388941800773 -18.69993658308196 118.5
0 1 -10.622269483930346 -13.890588192378043 108.5
1 0 -4.715127560359213 94.81769034610622 -117.5
1 1 -4.963295998958543 90.24937664609833 -108.0
4504
-------------------New----------------
0 0 108.91237186825913 -67.74897303624184 118.5
0 1 108.70831495366606 -64.83748248981198 108.5
1 0 104.1102224987663 0.9074614588530935 -117.5
1 1 104.30306523360461 -1.8534561098471465 -108.0
4507
-------------------New----------------
0 0 -57.366672089804 6.802536936813043 118.5
0 1 -56.34007349166323 4.9293586653788966 108.5
1 0 -33.157268012112254 -37.43722244752027 -117.5
1 1 -34.13201326497791 -35.655576345729436 -108.0
4521
-------------------New----------------
0 0 -27.244886112592877 -20.69314968298701 118.5
0 1 -28.885547699157495 -19.008012453388975 108.5
1 0 -66.08116671210612 19.14438874049784 -117.5
1 1 -64.51352142562355 17.540687277849365 -108.0
4536
-------------------New----------------
0 0 -38.70302435218916 -79.35669073856604 118.5
0 1 -37.38485230085715 -80.24905493619357 108.5
1 0 -7.589341065030185 -100.40625052052114 -117.5
1 1 -8.841018312042678 -99.55924873931174 -108.0
4539
-------------------New----------------
0 0 -109.9235106295519 -30.549594896650593 118.5
0 1 -109.97829658322269 -33.49887374044515 108.5
1 0 -111.26297999162634 -100.16842747902186 -117.5
1 1 -111.2059070619742 -97.36795212436496 -108.0
4552
-------------------New----------------
0 0 86.03822207972132 -89.7031660601645 118.5
0 1 83.2498228332224 -87.59515262480646 108.5
1 0 20.224210695418368 -40.0585067471179 -117.5
1 1 22.873713596597323 -42.05229186256226 -108.0
4556
-------------------New----------------
0 0 21.586789424678685 99.06565192479219 118.5
0 1 23.8411680168342 97.75245579109863 108.5
1 0 74.79702302684512 68.04870729309188 -117.5
1 1 72.6548192512396 69.29697015540549 -108.0
4559
-------------------New----------------
0 0 10.925701311316956 -36.2903021635655 118.5
0 1 11.907186336149845 -38.48814944297285 108.5
1 0 34.321431087705115 -88.30663299387894 -117.5
1 1 33.37707943973157 -86.21400700858655 -108.0
4565
-------------------New----------------
0 0 -39.16230458496332 8.704424541407935 118.5
0 1 -41.33642277979132 7.937588578326478 108.5
1 0 -90.52948869391608 -9.386322228803726 -117.5
1 1 -88.46154126206868 -8.65692686550526 -108.0
4567
-------------------New----------------
0 0 45.09967850577912 109.32528890822205 118.5
0 1 41.92427101888514 109.80302315773665 108.5
1 0 -29.883188114358155 120.64545843554575 -117.5
1 1 -26.86498985948716 120.19023387177974 -108.0
4569
-------------------New----------------
0 0 -92.44229830095027 9.477553043565953 118.5
0 1 -92.57546373822895 12.477427179340648 108.5
1 0 -95.6284145214866 80.21385640566847 -117.5
1 1 -95.49970481408542 77.36776899745409 -108.0
4579
-------------------New----------------
0 0 -81.30984775203208 -26.63136581857838 118.5
0 1 -82.20540355560664 -24.73217837286383 108.5
1 0 -102.51422158559558 18.0694198226859 -117.5
1 1 -101.65697357339384 16.281206096867166 -108.0
4582
-------------------New----------------
0 0 -34.19658186357731 108.80106290094382 118.5
0 1 -32.023530505809404 108.92952631798353 108.5
1 0 17.1324974330098 111.92041873263975 -117.5
1 1 15.064211597197957 111.79497132530291 -108.0
4585
-------------------New----------------
0 0 59.802078920769986 -0.14556589006586843 118.5
0 1 58.91286750771833 -3.8531451586172785 108.5
1 0 38.77650658097262 -87.63291940958929 -117.5
1 1 39.62383749709245 -84.11084661724527 -108.0
4588
-------------------New----------------
0 0 -74.63464926932599 -28.52345074470552 118.5
0 1 -71.78867223329296 -26.48235994654947 108.5
1 0 -7.448916445081933 19.659004681467792 -117.5
1 1 -10.153961421868297 17.718805854934327 -108.0
4596
-------------------New----------------
0 0 -70.21368062602511 31.41755327664609 118.5
0 1 -71.85434987468851 29.510692503739296 108.5
1 0 -108.95431881572912 -13.633158651216707 -117.5
1 1 -107.39444799601442 -11.818002846333545 -108.0
4601
-------------------New----------------
0 0 -54.46806478471588 -22.4125976603903 118.5
0 1 -55.11832274247754 -24.117324802908364 108.5
1 0 -69.53193362270596 -62.58499123875428 -117.5
1 1 -68.92340828549064 -60.980966884530005 -108.0
4607
-------------------New----------------
0 0 38.87627827283625 -21.881945692694067 118.5
0 1 35.51466700411544 -16.275773359816544 108.5
1 0 -40.3913915003008 110.29706497849982 -117.5
1 1 -37.20055176447465 104.98116025647263 -108.0
4608
-------------------New----------------
0 0 5.202902367366818 74.14334744102078 118.5
0 1 8.068970689598284 76.10158404980385 108.5
1 0 72.82056429854518 120.36925870503178 -117.5
1 1 70.10070513158408 118.50955761605901 -108.0
4611
-------------------New----------------
0 0 34.97818189609617 -103.89323151522937 118.5
0 1 37.27619991572179 -102.9055017463968 108.5
1 0 89.4166401346708 -80.4457991252253 -117.5
1 1 87.21586335415418 -81.39816556875334 -108.0
4620
-------------------New----------------
0 0 20.233695101146076 -13.192033588790974 118.5
0 1 16.51083380287431 -12.906785228008356 108.5
1 0 -67.88664671210915 -6.699570393981051 -117.5
1 1 -64.34277232928764 -6.963347775718054 -108.0
4630
-------------------New----------------
0 0 102.18208389069558 65.62168682544015 118.5
0 1 100.31913484531114 64.79613086016825 108.5
1 0 58.32130589469809 46.14800733204008 -117.5
1 1 60.08687434128866 46.93205039077099 -108.0
4635
-------------------New----------------
0 0 94.55719826384828 20.029103893524677 118.5
0 1 95.29072773155752 21.770617792029693 108.5
1 0 111.87561007117066 61.121937560315324 -117.5
1 1 111.17839790927769 59.46788840509895 -108.0
4636
-------------------New----------------
0 0 106.5062425963783 -20.949736679980557 118.5
0 1 106.48835807896326 -19.13996731881718 108.5
1 0 106.09711986759869 21.755859048006727 -117.5
1 1 106.11376765240428 20.03854581825329 -108.0
4637
-------------------New----------------
0 0 9.574128280190267 -29.343201550595335 118.5
0 1 8.261543830959663 -29.481055015391384 108.5
1 0 -21.485267947702035 -32.61489856747175 -117.5
1 1 -20.23359660843005 -32.48229624558208 -108.0
4641
-------------------New----------------
0 0 56.23995656020453 102.41373984397953 118.5
0 1 56.725591874811606 101.69801703825827 108.5
1 0 67.59051709997203 85.64054204792664 -117.5
1 1 67.13943815980278 86.31440742618949 -108.0
4643
-------------------New----------------
0 0 -60.75753698966535 12.49922263677821 118.5
0 1 -61.715439917549226 13.515310267457124 108.5
1 0 -83.34996853530188 36.44727755157642 -117.5
1 1 -82.4413368737769 35.4830511447705 -108.0
4644
-------------------New----------------
0 0 -58.31529952948894 -6.038927904274383 118.5
0 1 -56.230941650902125 -0.8584616136705833 108.5
1 0 -9.101170986513921 116.28190344296631 -117.5
1 1 -11.077101034640098 111.35587140427484 -108.0
4654
-------------------New----------------
0 0 5.628204391656152 -97.54359439740568 118.5
0 1 3.5329128350890477 -97.94480023757572 108.5
1 0 -44.40564737000668 -108.4415143311511 -117.5
1 1 -42.39533992265331 -107.98666422772938 -108.0
4661
-------------------New----------------
0 0 -1.7928399610083527 -6.735118544647422 118.5
0 1 -2.8478399751135806 -4.759280381450391 108.5
1 0 -26.720176244202776 39.87576552441537 -117.5
1 1 -25.71423730740499 38.00104807902558 -108.0
4666
-------------------New----------------
0 0 41.21547922809071 -11.111153845161521 118.5
0 1 41.41299891086491 -15.848673501338961 108.5
1 0 45.81949687689603 -122.62952866960435 -117.5
1 1 45.63695458259457 -118.13449934616577 -108.0
4670
-------------------New----------------
0 0 -47.71540918889596 -15.481288426866385 118.5
0 1 -49.34163073270692 -11.476178864680326 108.5
1 0 -86.23702592214946 78.88067634284994 -117.5
1 1 -84.67922897608051 75.0874294831422 -108.0
4673
-------------------New----------------
0 0 10.88238867313036 -79.3413027390785 118.5
0 1 13.019157426609297 -81.19501627493392 108.5
1 0 61.11017796450801 -122.76020637936676 -117.5
1 1 59.11453432049029 -121.02503470588287 -108.0
4676
-------------------New----------------
0 0 22.45042683032297 15.842118073356366 118.5
0 1 23.406515302530096 11.90895932682687 108.5
1 0 45.04935915309123 -76.97994718317666 -117.5
1 1 44.13928588119486 -73.24331293186803 -108.0
4680
-------------------New----------------
0 0 -23.699370593809956 -81.2235301632102 118.5
0 1 -23.83366481707254 -78.07885110600122 108.5
1 0 -26.887242386057373 -6.963962915926226 -117.5
1 1 -26.764261779574717 -9.955408013941637 -108.0
4682
-------------------New----------------
0 0 -0.9166073206334318 34.18974333386929 118.5
0 1 0.74183065487964 33.29073331314795 108.5
1 0 38.800458619975515 13.374884905338513 -117.5
1 1 37.16474412578195 14.203149870111897 -108.0
4685
-------------------New----------------
0 0 24.703617486558493 -33.69324543890137 118.5
0 1 25.858039209123813 -36.702483638628756 108.5
1 0 51.96143168704676 -104.75404984097631 -117.5
1 1 50.864455003215866 -101.89415589162883 -108.0
4690
-------------------New----------------
0 0 69.58985502178788 126.55657982964449 118.5
0 1 67.0205584820823 126.49980926103521 108.5
1 0 8.82656665045781 125.25466224001609 -117.5
1 1 11.276603751129887 125.3045588686235 -108.0
4697
-------------------New----------------
0 0 52.80449663766441 39.98531061518444 118.5
0 1 49.85909316611315 43.37229904469953 108.5
1 0 -16.78550690691898 119.93749600637686 -117.5
1 1 -13.978694337636062 116.71676504080419 -108.0
4699
-------------------New----------------
0 0 -2.350550388148664 17.24723153596594 118.5
0 1 -4.336818572848475 20.76457110060428 108.5
1 0 -49.22978179155641 100.21782539025041 -117.5
1 1 -47.33955836656834 96.87837516350812 -108.0
4704
-------------------New----------------
0 0 -75.13682938706441 25.15026569705521 118.5
0 1 -72.63252217468849 24.766956116984215 108.5
1 0 -15.987375620938147 16.28989420146188 -117.5
1 1 -18.37064035553422 16.643635660494645 -108.0
4717
-------------------New----------------
0 0 -83.34619790771066 33.12273578450027 118.5
0 1 -82.141936785266 32.493050794498984 108.5
1 0 -54.94093995141899 18.24417060702561 -117.5
1 1 -56.08346082741256 18.844106755288923 -108.0
4719
-------------------New----------------
0 0 -51.92822841709282 18.9098252080593 118.5
0 1 -50.05213095111249 22.292996814417624 108.5
1 0 -7.726319734568439 98.76860183495864 -117.5
1 1 -9.502681378892557 95.55446588549196 -108.0
4738
-------------------New----------------
0 0 70.04199089518697 -105.91131584687939 118.5
0 1 71.95319951093187 -104.86630232862892 108.5
1 0 115.1577450066513 -81.11614433047423 -117.5
1 1 113.34128825343983 -82.11423035318373 -108.0
4746
-------------------New----------------
0 0 -46.03068442644299 -47.33355007579442 118.5
0 1 -47.15278304294622 -45.29609547829409 108.5
1 0 -74.19034965050423 5.060677689932276 -117.5
1 1 -73.14082903785658 2.6439595486087355 -108.0
4748
-------------------New----------------
0 0 78.2130986653491 -74.8649230106021 118.5
0 1 76.29053498122354 -75.29226842341131 108.5
1 0 32.83683224015143 -84.94541769327324 -117.5
1 1 34.66232486275321 -84.5391322582366 -108.0
4749
-------------------New----------------
0 0 -16.048954200523873 73.90738384653568 118.5
0 1 -13.976419305607294 71.3732660809603 108.5
1 0 32.873025467052415 14.058030279852357 -117.5
1 1 30.90327519710733 16.467370645047517 -108.0
4750
-------------------New----------------
0 0 -28.84283989590555 -86.07051262477218 118.5
0 1 -29.04987826388392 -86.41941659366833 108.5
1 0 -33.889726327551564 -94.50147777049082 -117.5
1 1 -33.69112957766682 -94.16178486390484 -108.0
4755
-------------------New----------------
0 0 24.604741447277462 -35.81673385762717 118.5
0 1 23.66132722744135 -29.996672158914407 108.5
1 0 2.4778035688755087 101.57998322048306 -117.5
1 1 3.3691961502178898 96.05286376443253 -108.0
4757
-------------------New----------------
0 0 -58.96994889041581 106.68628195321644 118.5
0 1 -54.48008546754697 107.06036348767695 108.5
1 0 47.169496725684425 115.5151978689519 -117.5
1 1 42.892620026026236 115.15753554305945 -108.0
4761
-------------------New----------------
0 0 -32.93214922789592 13.560849959633803 118.5
0 1 -27.006754134495537 8.897148474755715 108.5
1 0 106.91079443722995 -96.52800470358295 -117.5
1 1 101.28106554588268 -92.09611738562293 -108.0
4766
-------------------New----------------
0 0 -11.554562178234258 -62.04912457932875 118.5
0 1 -6.322014476315123 -57.87558592095056 108.5
1 0 111.9386287204787 36.449680814625665 -117.5
1 1 106.96772813751777 32.48440576654579 -108.0
4772
-------------------New----------------
0 0 101.95568352015422 35.61360413911912 118.5
0 1 101.94006140539986 38.622328264492104 108.5
1 0 101.53741838576333 106.6358543395515 -117.5
1 1 101.55496308897855 103.7769362571023 -108.0
4774
-------------------New----------------
0 0 -35.70580259779558 -71.43488059809422 118.5
0 1 -38.84581646694134 -70.63797686950363 108.5
1 0 -109.72243183287767 -52.684622421468134 -117.5
1 1 -106.74639504819962 -53.43910067466781 -108.0
4778
-------------------New----------------
0 0 64.29553805074782 115.57208800100258 118.5
0 1 64.08664047815954 115.38055013121523 108.5
1 0 59.357240446564354 111.0467601319539 -117.5
1 1 59.556937979628046 111.22848445300724 -108.0
4780
-------------------New----------------
0 0 -37.03975532466331 -92.88195843701162 118.5
0 1 -35.42281637402335 -92.42900726083235 108.5
1 0 1.1228964505199133 -82.19425226900742 -117.5
1 1 -0.4143296113020223 -82.62476346680408 -108.0
4786
-------------------New----------------
0 0 -107.2546372874901 59.22326686780762 118.5
0 1 -107.98140788950631 57.48206657487128 108.5
1 0 -124.41068311359672 18.090786453221106 -117.5
1 1 -123.72161523319387 19.747405094759184 -108.0
4797
-------------------New----------------
0 0 30.340055229509034 -99.3289012269943 118.5
0 1 26.862330965984892 -99.85517717900026 108.5
1 0 -51.71345123813569 -111.7436135725549 -117.5
1 1 -48.41050690512865 -111.24393778005367 -108.0
4804
-------------------New----------------
0 0 66.00889364420223 17.133264579035718 118.5
0 1 64.91537920350858 14.82492244009912 108.5
1 0 40.25205337646235 -37.37543671353963 -117.5
1 1 41.291392045287886 -35.1833988551294 -108.0
4805
-------------------New----------------
0 0 -21.381803121920324 15.36151058458935 118.5
0 1 -18.25606010289832 19.932699817913594 108.5
1 0 52.337464162566164 123.16097358437852 -117.5
1 1 49.36751542730886 118.8192094721855 -108.0
4813
-------------------New----------------
0 0 30.301182376643123 70.48421101056842 118.5
0 1 33.956806709292536 71.73488264815684 108.5
1 0 116.57192494239709 99.9972529460887 -117.5
1 1 113.09892018216321 98.8090425309069 -108.0
4816
-------------------New----------------
0 0 3.2435507542150814 -39.71501449865898 118.5
0 1 3.7796729099101376 -36.03519774525615 108.5
1 0 12.853239527465849 46.75948244417257 -117.5
1 1 12.606709197032899 43.29830219046583 -108.0
4818
-------------------New----------------
0 0 39.75670367277695 7.401246098559573 118.5
0 1 36.37165370918213 11.491302854505232 108.5
1 0 -40.10847004745465 103.88083299477705 -117.5
1 1 -36.89393034480448 100.00021271760161 -108.0
4844
-------------------New----------------
0 0 42.478569706906704 4.076948008726198 118.5
0 1 41.70063818253386 8.614701937910624 108.5
1 0 24.140573672739375 111.1208667469223 -117.5
1 1 24.879953931079587 106.81091474450223 -108.0
4851
-------------------New----------------
0 0 -119.10166857014777 37.42451764074806 118.5
0 1 -119.24894158193608 36.46710990914536 108.5
1 0 -122.59567641839456 14.83903287186288 -117.5
1 1 -122.45519470074643 15.747900674118245 -108.0
4860
-------------------New----------------
0 0 -49.23531698376419 -14.650322389900543 118.5
0 1 -47.05198398133213 -11.74527086272073 108.5
1 0 2.2963106312099733 54.15290433681021 -117.5
1 1 0.22402964553407462 51.374787916381784 -108.0
4869
-------------------New----------------
0 0 -81.11536408299966 2.9988118734720923 118.5
0 1 -79.67315895321885 2.7819542771452257 108.5
1 0 -47.322004862140616 -2.1929724509285924 -117.5
1 1 -48.683028338832735 -1.988999794100002 -108.0
4870
-------------------New----------------
0 0 -34.112734238361654 19.262752261774747 118.5
0 1 -33.11826428670299 16.284320717707043 108.5
1 0 -10.608911462655684 -51.01726025283401 -117.5
1 1 -11.556700845546889 -48.18654336962335 -108.0
4874
-------------------New----------------
0 0 5.458012406968023 21.187747429517273 118.5
0 1 3.7959033763355072 25.178097918325395 108.5
1 0 -33.781742404606426 115.41856933461777 -117.5
1 1 -32.206466250277735 111.62719127826651 -108.0
4893
-------------------New----------------
0 0 43.56190307824953 36.92756826174095 118.5
0 1 42.661327543826495 34.86911013601653 108.5
1 0 22.260437063337772 -11.66122110741213 -117.5
1 1 23.117774117089834 -9.709465560453818 -108.0
4899
-------------------New----------------
0 0 -73.7624170025853 -64.50028590735077 118.5
0 1 -72.91745417602675 -66.06664075098935 108.5
1 0 -54.06471793985143 -101.32678218699789 -117.5
1 1 -54.855172995142496 -99.85210832557283 -108.0
4903
-------------------New----------------
0 0 -7.036578497801019 51.70039008917492 118.5
0 1 -4.815064655545033 49.28969395766752 108.5
1 0 45.76924792557146 -4.99948998908092 -117.5
1 1 43.68436854295371 -2.7045361967057966 -108.0
4908
-------------------New----------------
0 0 118.67041940180707 57.86784883837511 118.5
0 1 118.42820452907532 55.3888399724223 108.5
1 0 112.9721635458302 -0.6432097458913033 -117.5
1 1 113.20072974116552 1.7118711776741073 -108.0
4914
-------------------New----------------
0 0 -49.93668266802386 -3.324350096775391 118.5
0 1 -51.1255321063896 -5.444930203920568 108.5
1 0 -78.01666567724291 -53.38938371018177 -117.5
1 1 -76.88858654966253 -51.37497495581745 -108.0
4926
-------------------New----------------
0 0 -57.01352472322071 8.848907698100582 118.5
0 1 -58.732464816836796 9.948575884590216 108.5
1 0 -97.61602845051178 34.88227393765462 -117.5
1 1 -95.9773388172532 33.833961784353924 -108.0
4939
-------------------New----------------
0 0 8.859971019423964 120.19917817114742 118.5
0 1 6.0003189047941685 120.34414382830751 108.5
1 0 -58.62767076069522 123.6287261025548 -117.5
1 1 -55.91146872070351 123.49021461608045 -108.0
4941
-------------------New----------------
0 0 -32.133961378856085 99.12846150123802 118.5
0 1 -34.00937824657636 99.00662874994862 108.5
1 0 -76.29513250383322 96.14718760978815 -117.5
1 1 -74.5262062642588 96.26648645770231 -108.0
4946
-------------------New----------------
0 0 -111.4765887081151 -26.130978104562388 118.5
0 1 -110.44847319399427 -29.240792035387198 108.5
1 0 -87.23271006603197 -99.57162225704563 -117.5
1 1 -88.20645141652798 -96.61306571017958 -108.0
4952
-------------------New----------------
0 0 56.71175984349079 64.14565294962159 118.5
0 1 55.729625141384155 60.25922322092945 108.5
1 0 33.53827326421386 -27.572221030550644 -117.5
1 1 34.4707359030768 -23.880311362183114 -108.0
4957
-------------------New----------------
0 0 53.01959381449414 50.52538574349982 118.5
0 1 51.43646357087562 49.87692419954503 108.5
1 0 15.612062080465842 35.2947486400292 -117.5
1 1 17.11942061261852 35.907138349726225 -108.0
4976
-------------------New----------------
0 0 -70.90492146549101 36.51568126507523 118.5
0 1 -70.02930378500892 37.99742904307591 108.5
1 0 -50.380199553933174 71.5032954226734 -117.5
1 1 -51.204157716194416 70.09575763544925 -108.0
4977
-------------------New----------------
0 0 16.339896189127977 -49.15988018324548 118.5
0 1 17.513627122477235 -52.03141697125916 108.5
1 0 44.0394553024647 -116.92730592574253 -117.5
1 1 42.92419774685556 -114.19941508466086 -108.0
4996
-------------------New----------------
0 0 -23.618946336825815 119.3698640126157 118.5
0 1 -23.532023886760484 119.57992263209364 108.5
1 0 -21.534477295235547 124.34025177144603 -117.5
1 1 -21.621167748128546 124.14153741407654 -108.0
4999
-------------------New----------------
0 0 -14.173610518945361 -21.501766038464247 118.5
0 1 -18.956043276132636 -18.69094689850136 108.5
1 0 -127.04134245043649 44.898189468984306 -117.5
1 1 -122.50592084895986 42.231549852416485 -108.0
5001
-------------------New----------------
0 0 -92.6379488763225 -45.78868515314129 118.5
0 1 -93.62191110685148 -41.63276221702967 108.5
1 0 -115.87560831714617 52.31136959913023 -117.5
1 1 -114.94130965802977 48.36250385906719 -108.0
5002
-------------------New----------------
0 0 25.43239062312565 24.729780445631732 118.5
0 1 25.814533275611485 27.490248840015795 108.5
1 0 34.42840294762125 89.81014734342196 -117.5
1 1 34.070769311108236 87.19435338745512 -108.0
5006
-------------------New----------------
0 0 67.00761456008912 -18.043164913600588 118.5
0 1 63.774537698782524 -17.728529470596794 108.5
1 0 -9.293237020685421 -10.553241717276807 -117.5
1 1 -6.220065086723087 -10.857413946544387 -108.0
5009
-------------------New----------------
0 0 12.348333139908567 -26.529675742832058 118.5
0 1 10.56606349754339 -25.88243225884553 108.5
1 0 -29.927055473154233 -11.225748484084319 -117.5
1 1 -28.222739218657768 -11.846588108581553 -108.0
5034
-------------------New----------------
0 0 -86.5117122304542 7.848915495184265 118.5
0 1 -86.35545851710572 6.005464571164266 108.5
1 0 -82.94109763293078 -35.586191430478145 -117.5
1 1 -83.0815299915756 -33.83838592343356 -108.0
5035
-------------------New----------------
0 0 -46.66727037836704 -86.67751290036742 118.5
0 1 -42.296652164223175 -85.45982444304009 108.5
1 0 56.47711428899023 -57.93779211621396 -117.5
1 1 52.32526743207599 -59.09475982161356 -108.0
5039
-------------------New----------------
0 0 -56.88277223591486 2.014513082082508 118.5
0 1 -55.31787973964214 5.303497273935891 108.5
1 0 -20.041463552485865 79.58854912866515 -117.5
1 1 -21.522345217671266 76.47242654324714 -108.0
5040
-------------------New----------------
0 0 -26.359508017764618 53.61555515037084 118.5
0 1 -25.77347064559434 52.117966287304355 108.5
1 0 -12.541199383320876 18.29545200223906 -117.5
1 1 -13.095886713309685 19.715337556963856 -108.0
5048
-------------------New----------------
0 0 -36.686910180247 41.71481600310281 118.5
0 1 -37.89936307452004 41.53385208928897 108.5
1 0 -65.3183791272069 37.460882459937395 -117.5
1 1 -64.16533408284018 37.62898759939917 -108.0
5057
-------------------New----------------
0 0 -26.669111534210828 1.5296751638717132 118.5
0 1 -29.716727286787574 -2.4784427233804243 108.5
1 0 -98.57657699089552 -93.0636290379982 -117.5
1 1 -95.68326071441547 -89.25530142992969 -108.0
5062
-------------------New----------------
0 0 53.842626447481756 4.276734456244503 118.5
0 1 52.72972623504337 9.51901768367235 108.5
1 0 27.77107701736535 127.63021660997974 -117.5
1 1 28.8073282371326 122.67104486082812 -108.0
5063
-------------------New----------------
0 0 -86.54364483775552 48.50522342163328 118.5
0 1 -84.5166122386179 43.6161956522812 108.5
1 0 -38.773542188691664 -66.88280286067074 -117.5
1 1 -40.69479574172635 -62.235608141394565 -108.0
5065
-------------------New----------------
0 0 87.49984143452457 -71.94869600937255 118.5
0 1 88.53233081968548 -68.15795912148266 108.5
1 0 111.95459558968223 17.523015077718572 -117.5
1 1 110.97172260569144 13.91738460437704 -108.0
5067
-------------------New----------------
0 0 -34.59640898207758 77.97645401320254 118.5
0 1 -30.446389889637498 74.6556628740734 108.5
1 0 63.18811628747253 -0.436783568886311 -117.5
1 1 59.25489147359106 2.7157847663222956 -108.0
5072
-------------------New----------------
0 0 -43.39125077116156 -11.601559204519322 118.5
0 1 -44.896951956634034 -8.796048445929756 108.5
1 0 -78.91611932343932 54.57297365462523 -117.5
1 1 -77.48768728255212 51.91027344326979 -108.0
5080
-------------------New----------------
0 0 -62.0750340223981 -41.21944285603842 118.5
0 1 -61.38816558883749 -40.20547470610586 108.5
1 0 -44.65008762863557 -17.578475531742512 -117.5
1 1 -45.4180425181969 -18.555418289634126 -108.0
5085
-------------------New----------------
0 0 -61.47796210938374 -118.74082157509702 118.5
0 1 -61.84586590017303 -118.75894560272059 108.5
1 0 -69.14760046554146 -119.49466104899227 -117.5
1 1 -68.838980677703 -119.46704325464569 -108.0
5086
-------------------New----------------
0 0 22.550472163182548 10.52860905906827 118.5
0 1 26.903838109332753 7.099587683159444 108.5
1 0 125.28865318965909 -70.3968156584903 -117.5
1 1 121.15277874497511 -67.13882135468691 -108.0
5092
-------------------New----------------
0 0 5.761587688369431 -30.639867149851625 118.5
0 1 8.128914129674547 -32.103190106879275 108.5
1 0 61.633749419262315 -65.16446034709706 -117.5
1 1 59.38382146983099 -63.77467789132932 -108.0
5093
-------------------New----------------
0 0 7.557919211174235 -34.55090332474249 118.5
0 1 6.223274772904572 -36.18189674092916 108.5
1 0 -23.938782750809192 -73.03808263955882 -117.5
1 1 -22.67052090961173 -71.4892715070692 -108.0
5101
-------------------New----------------
0 0 -1.7177955590251286 -12.748912177957994 118.5
0 1 -4.320959713467768 -15.859493960602938 108.5
1 0 -63.224301707794254 -86.37806573044998 -117.5
1 1 -60.74785454618224 -83.4121596020953 -108.0
5104
-------------------New----------------
0 0 -26.690950563206076 36.736152621884536 118.5
0 1 -27.778367628963657 31.16924452594852 108.5
1 0 -52.38897435988612 -94.66090000684575 -117.5
1 1 -51.35345275456571 -89.36694297549549 -108.0
5105
-------------------New----------------
0 0 113.40900037302451 13.390339772445092 118.5
0 1 113.24632625588868 14.949766000222244 108.5
1 0 110.31336194577065 50.64971499719247 -117.5
1 1 110.42697146241558 49.148532017071844 -108.0
5108
-------------------New----------------
0 0 28.019615842723823 40.775278956907485 118.5
0 1 25.370418288201044 40.42237761014735 108.5
1 0 -34.4546648737405 32.33881725171586 -117.5
1 1 -31.93963127707706 32.67981574648826 -108.0
5111
-------------------New----------------
0 0 -90.22565348084484 70.12225782341876 118.5
0 1 -91.11165534239356 68.0656772440753 108.5
1 0 -111.09606221297808 21.569336178948866 -117.5
1 1 -110.25800395881875 23.52279373412261 -108.0
5114
-------------------New----------------
0 0 49.55119865964099 108.18462618241642 118.5
0 1 52.37304804151226 108.08785974206492 108.5
1 0 116.16285085182649 106.42483080408633 -117.5
1 1 113.49196221917946 106.50620553944736 -108.0
5117
-------------------New----------------
0 0 -40.67856952603118 -61.29083283184336 118.5
0 1 -39.380944835785925 -61.734597653555134 108.5
1 0 -10.04002609466217 -71.75222479442526 -117.5
1 1 -11.273880372558692 -71.33336829110182 -108.0
5150
-------------------New----------------
0 0 -67.36313740953194 -29.58953986170518 118.5
0 1 -66.64490018504341 -27.71749681256295 108.5
1 0 -50.37700215342811 14.61096815043195 -117.5
1 1 -51.06060042239103 12.830572608667078 -108.0
5161
-------------------New----------------
0 0 100.35728505032087 -40.945524104092506 118.5
0 1 99.85292059848135 -34.89441590458599 108.5
1 0 88.41782861875318 101.68813539297423 -117.5
1 1 88.90227223070067 95.9504853333481 -108.0
5162
-------------------New----------------
0 0 -28.316936340946405 65.16121557528945 118.5
0 1 -28.224608506054363 63.52346062592021 108.5
1 0 -26.2589112404714 26.5360166550821 -117.5
1 1 -26.341886014172083 28.09126027565503 -108.0
5168
-------------------New----------------
0 0 -15.515697492381017 -6.621294190814436 118.5
0 1 -15.690958380020334 -4.462486616502896 108.5
1 0 -19.65628279713181 44.32806717901109 -117.5
1 1 -19.488832586860045 42.277835135293465 -108.0
5177
-------------------New----------------
0 0 105.75940905290103 110.3935327985635 118.5
0 1 105.5073083736675 109.2078018073189 108.5
1 0 99.81119861205529 82.34972097488003 -117.5
1 1 100.05069892545491 83.48014789517478 -108.0
5183
-------------------New----------------
0 0 -31.289264928263357 -102.94593852151543 118.5
0 1 -31.170958133706186 -101.7806195860381 108.5
1 0 -28.572711327796064 -75.46865119388592 -117.5
1 1 -28.677865725740634 -76.56762290877138 -108.0
5184
-------------------New----------------
0 0 10.608907136762344 2.434643217717329 118.5
0 1 12.56322361020192 0.5069441092300268 108.5
1 0 56.77819498600909 -43.14598354939004 -117.5
1 1 54.91819501112519 -41.30948619207585 -108.0
5188
-------------------New----------------
0 0 52.58111239294398 13.718200347589487 118.5
0 1 51.34105387363644 18.29748728322678 108.5
1 0 23.371204307170817 122.11709651630906 -117.5
1 1 24.547785395878073 117.75249019002983 -108.0
5192
-------------------New----------------
0 0 -55.557523350607184 -105.54228699678178 118.5
0 1 -58.467407454682835 -105.73847824107285 108.5
1 0 -124.27266170722783 -110.22164467360365 -117.5
1 1 -121.50641883298688 -110.02731936278508 -108.0
5198
-------------------New----------------
0 0 -43.700935465010524 71.01294813615253 118.5
0 1 -41.39218947594616 71.95346837874425 108.5
1 0 10.79523849224534 93.21739088114536 -117.5
1 1 8.602405046882433 92.32335836082648 -108.0
5200
-------------------New----------------
0 0 -61.85292707302261 -35.809091622358366 118.5
0 1 -62.9513293443858 -37.351883969401925 108.5
1 0 -87.74189180782929 -72.22344707722115 -117.5
1 1 -86.70163154010356 -70.75736782268044 -108.0
5205
-------------------New----------------
0 0 -13.429667541223527 37.93169390827315 118.5
0 1 -13.083946571342107 32.81116360236589 108.5
1 0 -5.228228578995973 -82.93956179429898 -117.5
1 1 -5.557841349433465 -78.06923525233603 -108.0
5207
-------------------New----------------
0 0 -1.768104697334698 -37.26705729070706 118.5
0 1 0.4069142685378214 -35.77112785477792 108.5
1 0 49.526664482615104 -1.9683754173758197 -117.5
1 1 47.463523500613036 -3.3962846271305325 -108.0
5231
-------------------New----------------
0 0 -76.49878622503857 17.663530950335304 118.5
0 1 -72.79707323897921 14.540841909270423 108.5
1 0 10.863924525530829 -56.09526166298415 -117.5
1 1 7.352344268583137 -53.12030724461338 -108.0
5234
-------------------New----------------
0 0 -41.72170323207423 -44.3641540845516 118.5
0 1 -36.30106705273856 -41.98035897921095 108.5
1 0 86.15292170924 12.060373134816224 -117.5
1 1 81.00500700506649 9.78571959091418 -108.0
5236
-------------------New----------------
0 0 30.0445080168147 58.33037466239743 118.5
0 1 31.610199444622925 59.40984498980663 108.5
1 0 67.10924334953884 83.73449453984071 -117.5
1 1 65.61518663795387 82.71117666283027 -108.0
5237
-------------------New----------------
0 0 44.62482031980664 27.669087791022076 118.5
0 1 45.74371254537535 28.067690876973536 108.5
1 0 71.04364135608098 36.96529925906036 -117.5
1 1 69.9805826874153 36.589831918536454 -108.0
5241
-------------------New----------------
0 0 -36.57486777374398 -77.3195824561983 118.5
0 1 -35.253054191128115 -73.98742991688837 108.5
1 0 -5.374285288650874 1.323909128679059 -117.5
1 1 -6.630444725456066 -1.8419603259596358 -108.0
5252
-------------------New----------------
0 0 10.781861029233426 -37.11522693378146 118.5
0 1 9.123716536826862 -40.26892512396821 108.5
1 0 -28.424251595834114 -111.45385645591118 -117.5
1 1 -26.843761675442984 -108.46308139208982 -108.0
5254
-------------------New----------------
0 0 30.549876560206865 -1.7843525780343854 118.5
0 1 30.703955154514667 0.6009588393183829 108.5
1 0 34.089231655016285 54.35191709987521 -117.5
1 1 33.946731139453185 52.09684131517611 -108.0
5262
-------------------New----------------
0 0 -89.52751822429465 -99.87636100880181 118.5
0 1 -90.09566165845874 -100.86073818303909 108.5
1 0 -102.89901321411585 -122.8885362035594 -117.5
1 1 -102.3628410441057 -121.95549826175738 -108.0
5272
-------------------New----------------
0 0 6.163482976670442 8.24697058978116 118.5
0 1 8.623497921806106 7.2384006770957825 108.5
1 0 64.19324168695921 -15.54545819669138 -117.5
1 1 61.85715994369324 -14.586850839303978 -108.0
5273
-------------------New----------------
0 0 55.2052529204827 -59.245166796785476 118.5
0 1 53.47371068018058 -57.471167644332546 108.5
1 0 15.031676350540938 -17.961901870559267 -117.5
1 1 16.63279038610599 -19.67258992864547 -108.0
5294
-------------------New----------------
0 0 -51.466204109289734 32.24060837423711 118.5
0 1 -51.50232892648522 30.788143746883282 108.5
1 0 -52.30640009045197 -2.033737133067649 -117.5
1 1 -52.27237935898454 -0.6542588961749785 -108.0
5302
-------------------New----------------
0 0 89.80367603631298 -30.080412032132386 118.5
0 1 90.77120785162722 -32.18763556656479 108.5
1 0 112.64021312217365 -79.83227458439572 -117.5
1 1 111.72017242944767 -77.82925165890276 -108.0
5305
-------------------New----------------
0 0 -18.60309923092037 13.295808651510395 118.5
0 1 -16.695899726623573 17.745223560120106 108.5
1 0 26.40742397846422 118.30598270076692 -117.5
1 1 24.5956430066982 114.07886501843339 -108.0
5313
-------------------New----------------
0 0 -46.5644263465891 28.82154091093539 118.5
0 1 -52.316971168993085 31.502989633967083 108.5
1 0 52.439567070735336 -61.88054231414583 -117.5
1 1 53.085703200198886 -61.576611674374746 -108.0
5318
-------------------New----------------
0 0 -13.135314385725241 -27.8219812801817 118.5
0 1 -12.216654300808594 -28.5764809509513 108.5
1 0 7.723146072024616 -45.42576927427838 -117.5
1 1 6.887051124784861 -44.73096893010155 -108.0
5322
-------------------New----------------
0 0 -72.39207758145031 11.421617104363735 118.5
0 1 -68.81647112473448 14.595095802999603 108.5
1 0 11.98722224103761 86.31648432622674 -117.5
1 1 8.590742215666557 83.30165378970628 -108.0
5330
-------------------New----------------
0 0 -13.643232961126648 23.262442696267676 118.5
0 1 -8.995103150599153 22.689819658939648 108.5
1 0 95.79132038131368 9.737555779552789 -117.5
1 1 91.39386530406196 10.289545431529811 -108.0
5332
-------------------New----------------
0 0 84.37112705588052 -51.978146684182455 118.5
0 1 84.63199476136808 -52.01460760456066 108.5
1 0 90.7147601296665 -52.97217885090678 -117.5
1 1 90.4529603192773 -52.92993615602328 -108.0
5345
-------------------New----------------
0 0 52.187199320677585 26.702483916697723 118.5
0 1 50.846153755387725 29.389190374348725 108.5
1 0 20.272758887581556 90.17884093229732 -117.5
1 1 21.55554810135994 87.61917106160381 -108.0
5346
-------------------New----------------
0 0 -64.65785931830581 46.584578645022404 118.5
0 1 -64.27181853385082 46.093935968662734 108.5
1 0 -55.532423110576474 34.97476240345826 -117.5
1 1 -55.90124150681883 35.44165724057855 -108.0
5351
-------------------New----------------
0 0 -30.050373298743715 1.7703570079804218 118.5
0 1 -25.81451658639607 2.2447140045579115 108.5
1 0 70.38814334214356 14.656989001901621 -117.5
1 1 66.3158842041311 14.062765641443516 -108.0
5352
-------------------New----------------
0 0 4.9495860744752065 14.027615290039483 118.5
0 1 8.25808069857407 10.583941908337746 108.5
1 0 83.00117193107693 -67.17619974155119 -117.5
1 1 79.86060289397548 -63.908462296451205 -108.0
5360
-------------------New----------------
0 0 -74.24556699688989 -33.61179978076833 118.5
0 1 -73.77494325986405 -28.81884638630202 108.5
1 0 -63.46596632852984 78.53099638219074 -117.5
1 1 -63.90191486388619 74.06122981378425 -108.0
5363
-------------------New----------------
0 0 -73.75283132823081 65.70368097057064 118.5
0 1 -73.62385459516784 64.26233679867491 108.5
1 0 -70.66812606579626 31.668079152734748 -117.5
1 1 -70.79261252238203 33.03748837681517 -108.0
5365
-------------------New----------------
0 0 -81.06487790661217 98.93711777649109 118.5
0 1 -82.01628426411881 99.74992702119009 108.5
1 0 -103.5422863657462 118.13006486703564 -117.5
1 1 -102.63718993070324 117.3567509672614 -108.0
5369
-------------------New----------------
0 0 -48.45029304996574 -46.292329391968295 118.5
0 1 -45.21906055909999 -46.55306072972585 108.5
1 0 27.776798954231936 -52.335639439313546 -117.5
1 1 24.704127516711416 -52.09243511655203 -108.0
5376
-------------------New----------------
0 0 -69.87566109716418 67.1329396323766 118.5
0 1 -66.40997864689156 63.20317366508279 108.5
1 0 11.900367493523865 -25.518185816624502 -117.5
1 1 8.608498511152472 -21.78925052440129 -108.0
5379
-------------------New----------------
0 0 99.71446762026858 74.56107749018102 118.5
0 1 99.11965245091885 72.73393789240228 108.5
1 0 85.70972313729999 31.451455391016395 -117.5
1 1 86.27258051281454 33.1821961066815 -108.0
5382
-------------------New----------------
0 0 -118.84304694045447 115.10931392896207 118.5
0 1 -118.20620408105185 115.08019110188718 108.5
1 0 -103.76325218189076 114.46741350701132 -117.5
1 1 -104.36924189984595 114.49152542083698 -108.0
5386
-------------------New----------------
0 0 -48.85351420473289 -34.13472513959205 118.5
0 1 -51.310940203811654 -36.712431526092665 108.5
1 0 -106.81570542224256 -94.90205633806758 -117.5
1 1 -104.48299963955996 -92.45479816871318 -108.0
5387
-------------------New----------------
0 0 -97.93679039535066 -41.69727345128569 118.5
0 1 -97.41404708426319 -39.50623192890068 108.5
1 0 -85.59091970249585 10.000320343649229 -117.5
1 1 -86.09003586631033 7.920724408371879 -108.0
5400
-------------------New----------------
0 0 42.81221648030084 2.6187491851221703 118.5
0 1 43.887518757588296 5.181451528825837 108.5
1 0 68.17425137071407 63.03057722515221 -117.5
1 1 67.15242524963443 60.60027820739009 -108.0
5407
-------------------New----------------
0 0 33.77571419237771 -19.437861641943698 118.5
0 1 33.3130852717906 -18.43026227217774 108.5
1 0 22.866900379246598 4.316828564336781 -117.5
1 1 23.305958293968004 3.3604769068189646 -108.0
5413
-------------------New----------------
0 0 -51.55130976933657 95.7863346385831 118.5
0 1 -46.29419198422317 95.6525260043107 108.5
1 0 72.46867861727327 92.54054800157793 -117.5
1 1 67.47724925439739 92.6680545624412 -108.0
5419
-------------------New----------------
0 0 51.05976285387868 -109.48165078211707 118.5
0 1 52.93517916293867 -110.01622481113368 108.5
1 0 95.35073756969201 -122.10211885183784 -117.5
1 1 93.56728652595643 -121.59310333616907 -108.0
5423
-------------------New----------------
0 0 45.80532432596347 26.181599546428053 118.5
0 1 43.340240014656395 26.21732862355547 108.5
1 0 -12.263253739520549 27.118601368878807 -117.5
1 1 -9.929687227365122 27.07139912554728 -108.0
5433
-------------------New----------------
0 0 -84.27314460889883 18.555755672788482 118.5
0 1 -85.20280695675169 16.74453846599503 108.5
1 0 -106.21363158865613 -24.19139431745688 -117.5
1 1 -105.33032925538905 -22.470620081971987 -108.0
5443
-------------------New----------------
0 0 -30.545142680914154 -110.45010419633664 118.5
0 1 -31.724989610106963 -109.7255219993757 108.5
1 0 -58.449692148050175 -93.43205924172857 -117.5
1 1 -57.32794158393955 -94.11086897248705 -108.0
5445
-------------------New----------------
0 0 -22.145318752473848 11.979624190505664 118.5
0 1 -24.82117480317242 9.393251683017684 108.5
1 0 -85.28032962172549 -49.08104300002321 -117.5
1 1 -82.74105899810709 -46.62216458244051 -108.0
5449
-------------------New----------------
0 0 -80.54050755494904 -112.7938828870197 118.5
0 1 -80.8638531704504 -112.16179667039744 108.5
1 0 -88.16140830790985 -97.87966333916064 -117.5
1 1 -87.85324220605588 -98.48085930818144 -108.0
5450
-------------------New----------------
0 0 48.85845060823482 97.89395029737571 118.5
0 1 49.4591237840075 96.67167256184453 108.5
1 0 63.099180071211435 69.00861736517737 -117.5
1 1 62.52436116892858 70.171095388582 -108.0
5473
-------------------New----------------
0 0 83.5410660597839 -93.77658787325447 118.5
0 1 84.10707793367479 -93.13755734251282 108.5
1 0 96.87673079921427 -78.66128518286261 -117.5
1 1 96.33667290686051 -79.27062118620863 -108.0
5483
-------------------New----------------
0 0 33.68824307959374 -19.661033236775644 118.5
0 1 36.21108316402078 -21.918916305706368 108.5
1 0 93.21761136842885 -72.94358910981586 -117.5
1 1 90.82138945880651 -70.79882111160768 -108.0
5489
-------------------New----------------
0 0 70.2067366901151 -4.389854018379795 118.5
0 1 69.13890397582713 -7.016625071864366 108.5
1 0 44.98745185759423 -68.50614776747997 -117.5
1 1 46.0189913466245 -65.89376728163644 -108.0
5490
-------------------New----------------
0 0 31.295981108300843 29.1370265666152 118.5
0 1 32.848386732019975 26.616168228173613 108.5
1 0 67.92584767020494 -30.354716188465922 -117.5
1 1 66.45114796965338 -27.95963638990949 -108.0
5498
-------------------New----------------
0 0 55.303659589217645 -96.9927555442394 118.5
0 1 55.635482464241626 -97.83073914413029 108.5
1 0 63.119876628454676 -116.89231236154755 -117.5
1 1 62.80951441054742 -116.09221794952714 -108.0
5508
-------------------New----------------
0 0 116.61013995142623 -2.9152854868371314 118.5
0 1 116.99421393349928 -6.802052572054225 108.5
1 0 125.66064957690328 -94.62839913716877 -117.5
1 1 125.29771065819747 -90.93787253827365 -108.0
5512
-------------------New----------------
0 0 -29.206153700803345 -31.55885480583681 118.5
0 1 -26.627837710721916 -25.07949562584849 108.5
1 0 31.543602258372495 121.3788069982897 -117.5
1 1 29.099009857220732 115.22108876117807 -108.0
5515
-------------------New----------------
0 0 -28.71148258292343 10.48805390652674 118.5
0 1 -30.888621390534603 8.447644585486305 108.5
1 0 -80.09646352920242 -37.669257499294645 -117.5
1 1 -78.027843404857 -35.73092687817791 -108.0
5516
-------------------New----------------
0 0 57.78015928832697 39.95782520409243 118.5
0 1 54.87321340020658 37.79215845392372 108.5
1 0 -10.698029268926941 -11.138437435398313 -117.5
1 1 -7.947608850081598 -9.080263336996705 -108.0
5518
-------------------New----------------
0 0 64.37026562383316 -83.2450038603175 118.5
0 1 66.30709775464297 -84.83454592231304 108.5
1 0 108.07804975257702 -120.21427092255506 -117.5
1 1 106.37823458893551 -118.73280644825923 -108.0
5524
-------------------New----------------
0 0 -60.330886112675856 43.32565931038545 118.5
0 1 -59.9276615922145 37.20688895021688 108.5
1 0 -50.80378771435788 -101.06137369287953 -117.5
1 1 -51.18726505304318 -95.24956657956054 -108.0
5527
-------------------New----------------
0 0 -31.62541513193217 66.8866898238718 118.5
0 1 -27.52895263523946 66.99418887856083 108.5
1 0 65.05980593918892 69.44210274276843 -117.5
1 1 61.1670718205635 69.3392621005441 -108.0
5530
-------------------New----------------
0 0 98.86503196351268 53.3795506737704 118.5
0 1 98.49848257160457 53.70920217439808 108.5
1 0 90.20022539036982 61.150983023038314 -117.5
1 1 90.54952207806471 60.83743660061674 -108.0
5563
-------------------New----------------
0 0 19.74639004626377 -84.20035135355161 118.5
0 1 22.98215926189393 -82.24038681853256 108.5
1 0 96.12253802541758 -37.93022840692778 -117.5
1 1 93.04786158393475 -39.79308518536878 -108.0
5566
-------------------New----------------
0 0 -28.037387917904688 86.0604871419461 118.5
0 1 -26.260009341154273 86.99716336970707 108.5
1 0 13.796428949054079 108.48365379580073 -117.5
1 1 12.100712575891684 107.58909076012465 -108.0
5567
-------------------New----------------
0 0 -79.80226132398666 -63.420922670932875 118.5
0 1 -80.69113199888355 -60.32505113116421 108.5
1 0 -100.86270523562193 9.622996484407736 -117.5
1 1 -100.0119167037789 6.682884529643877 -108.0
5569
-------------------New----------------
0 0 -24.935626728300214 6.586421280281934 118.5
0 1 -23.82265246527375 2.5456264290064254 108.5
1 0 1.3598607057362442 -88.79465207313481 -117.5
1 1 0.30082045156351145 -84.9546977241454 -108.0
5581
-------------------New----------------
0 0 -42.084741196487556 -11.200156288402704 118.5
0 1 -43.1546629278861 -7.869440201672441 108.5
1 0 -67.07288089321979 67.39809123546857 -117.5
1 1 -66.08389221075775 64.23516973910093 -108.0
5588
-------------------New----------------
0 0 63.103614586772416 -31.953281050574525 118.5
0 1 62.12078304898124 -34.09429512578631 108.5
1 0 39.89671417858993 -82.44720122875869 -117.5
1 1 40.82966896562897 -80.41665955608892 -108.0
5590
-------------------New----------------
0 0 89.88868803517434 -23.440405704737977 118.5
0 1 91.08186440458815 -22.282313779303145 108.5
1 0 118.03555574994598 3.881243319060668 -117.5
1 1 116.90268767586099 2.7817817123993778 -108.0
5604
-------------------New----------------
0 0 9.20758977323965 6.793537370613214 118.5
0 1 5.482350208615875 5.0161498411648875 108.5
1 0 -78.70848859602883 -35.14299274551308 -117.5
1 1 -75.18335714597762 -33.45132836117934 -108.0
5612
-------------------New----------------
0 0 -14.764181352109114 24.24055646698593 118.5
0 1 -17.901617722158527 28.243154482351155 108.5
1 0 -88.80779726527125 118.7076853145167 -117.5
1 1 -85.82908557451589 114.90477871558915 -108.0
5615
-------------------New----------------
0 0 -105.3070880025598 77.14636682766776 118.5
0 1 -106.20871839210511 78.77576899859176 108.5
1 0 -126.6170284784744 115.58008552758024 -117.5
1 1 -125.75963057196061 114.03075997075386 -108.0
5617
-------------------New----------------
0 0 -38.118967796029665 -28.459048836250343 118.5
0 1 -35.52765675707243 -27.404609146552097 108.5
1 0 23.043236776476128 -3.5590934313912195 -117.5
1 1 20.582311858775405 -4.561739549410407 -108.0
5628
-------------------New----------------
0 0 -48.60989094901605 -62.953289337506604 118.5
0 1 -50.591276692911784 -62.34446457447905 108.5
1 0 -95.93873650204718 -48.55354908820462 -117.5
1 1 -94.0161241771775 -49.12552679687216 -108.0
5629
-------------------New----------------
0 0 37.616173625430385 55.50130563637039 118.5
0 1 32.27800215220754 55.30112829201613 108.5
1 0 -88.34495608301253 50.769134872146736 -117.5
1 1 -83.27432686916129 50.95964282758821 -108.0
5632
-------------------New----------------
0 0 -7.963270447686402 -18.072632920922903 118.5
0 1 -11.628454460155798 -12.793581914621313 108.5
1 0 -94.44297164080317 106.4657362322636 -117.5
1 1 -90.96171360553858 101.45332915415761 -108.0
5634
-------------------New----------------
0 0 -28.58784994398433 5.940096169151974 118.5
0 1 -28.758433585361736 10.562500027570104 108.5
1 0 -32.60608241147687 115.03986637534982 -117.5
1 1 -32.44490119390516 110.64819503944379 -108.0
5641
-------------------New----------------
0 0 -52.40534563513678 -11.55492808569764 118.5
0 1 -53.80514055124043 -9.934698812197189 108.5
1 0 -85.30641947645566 26.797587852183568 -117.5
1 1 -83.99030976399355 25.252379395116748 -108.0
5642
-------------------New----------------
0 0 -2.0381753036980155 -10.119188686718523 118.5
0 1 -1.3042024854651904 -12.05981705373556 108.5
1 0 15.22823813569116 -55.95427352676046 -117.5
1 1 14.532872586112072 -54.110536644846526 -108.0
5648
-------------------New----------------
0 0 3.956570308158999 53.52911388141894 118.5
0 1 -1.4034464615880502 53.28268359777381 108.5
1 0 -122.49844071604905 47.7396957382458 -117.5
1 1 -117.40855617552593 47.97370109110759 -108.0
5649
-------------------New----------------
0 0 -45.527201655407794 -32.40178827146244 118.5
0 1 -43.7956340275039 -35.65174781072115 108.5
1 0 -4.681341226681335 -109.02616583081968 -117.5
1 1 -6.331348402820796 -105.9459619644775 -108.0
5652
-------------------New----------------
0 0 7.429853881076085 -50.71743004597194 118.5
0 1 11.559538467675962 -51.58383074549759 108.5
1 0 104.8991313498587 -71.15361221433314 -117.5
1 1 100.97624835984945 -70.33041905252888 -108.0
5657
-------------------New----------------
0 0 97.90506609437291 -2.899392029921558 118.5
0 1 98.73392864286174 -5.457003492861543 108.5
1 0 117.51200249816898 -63.27749364353239 -117.5
1 1 116.72336597969286 -60.84729019646435 -108.0
5659
-------------------New----------------
0 0 60.4163064122468 -37.91768710544319 118.5
0 1 58.57970883027415 -40.88960050668025 108.5
1 0 17.073759991135173 -108.02958435294286 -117.5
1 1 18.82000100632994 -105.2066226692389 -108.0
5661
-------------------New----------------
0 0 -99.77905008290642 -20.902955631424806 118.5
0 1 -100.07361517593678 -15.299577058174256 108.5
1 0 -106.71777219902188 111.36108222543444 -117.5
1 1 -106.4386028676121 106.03536149695609 -108.0
5662
-------------------New----------------
0 0 -6.6968732117641325 85.59011983077514 118.5
0 1 -2.643665004186289 85.70812648740994 108.5
1 0 88.91411847435958 88.38556875280327 -117.5
1 1 85.06715478137131 88.27392938170296 -108.0
5666
-------------------New----------------
0 0 72.05807178807565 -92.58246625925986 118.5
0 1 73.25409283913841 -92.30520135802617 108.5
1 0 100.26234430956995 -86.05339042584977 -117.5
1 1 99.12648462641377 -86.31898558672957 -108.0
5675
-------------------New----------------
0 0 -22.143829873998488 -113.24498515293021 118.5
0 1 -19.64885448516407 -113.86820965406113 108.5
1 0 36.76666021107589 -127.98779045589511 -117.5
1 1 34.39503006496493 -127.39213612681627 -108.0
5676
-------------------New----------------
0 0 -86.12643667038341 31.279923569132144 118.5
0 1 -87.60489132889649 31.916391480678744 108.5
1 0 -121.03751298278146 46.34155035597339 -117.5
1 1 -119.63057530264275 45.73531344436022 -108.0
5680
-------------------New----------------
0 0 25.175985065825152 -68.3378080523324 118.5
0 1 25.425121274504214 -70.38542947991591 108.5
1 0 31.13151856348345 -116.66098684128171 -117.5
1 1 30.888224402629398 -114.709767514695 -108.0
5683
-------------------New----------------
0 0 113.46867670730121 -2.3508367441573705 118.5
0 1 113.538487800297 -4.090080843478503 108.5
1 0 115.11891829382485 -43.40704854423666 -117.5
1 1 115.05238301303643 -41.75327454507941 -108.0
5684
-------------------New----------------
0 0 53.35454297854259 94.738393351204 118.5
0 1 52.590671289804256 93.10859771711019 108.5
1 0 35.3394373533389 56.154216446526654 -117.5
1 1 36.06528711941589 57.70823379496534 -108.0
5686
-------------------New----------------
0 0 -51.50675091543062 54.6335680972897 118.5
0 1 -48.38811579311991 56.382248838867596 108.5
1 0 22.359425749365396 96.01713444681296 -117.5
1 1 19.37418339953318 94.35258257047978 -108.0
5688
-------------------New----------------
0 0 -12.80166868458536 -7.5665921376009875 118.5
0 1 -13.479764217940698 -7.113822179518716 108.5
1 0 -28.799102813482108 3.116627302727669 -117.5
1 1 -28.155350836141185 2.6865020086857943 -108.0
5690
-------------------New----------------
0 0 -66.84283638624844 -1.8319754555545529 118.5
0 1 -69.41384902272263 -2.612680076149502 108.5
1 0 -127.46000922182102 -20.11335379073019 -117.5
1 1 -125.02154901631374 -19.390785897207373 -108.0
5699
-------------------New----------------
0 0 -90.90345621852406 -41.394350173124515 118.5
0 1 -88.83291078922093 -37.67248258098717 108.5
1 0 -42.03843764480497 46.49075634991275 -117.5
1 1 -44.00788031008006 42.95038888520725 -108.0
5710
-------------------New----------------
0 0 54.60644359063556 32.001016869493924 118.5
0 1 50.48562588298715 32.901787973662856 108.5
1 0 -42.646350979023865 53.306673235754275 -117.5
1 1 -38.73201277718486 52.44673556958757 -108.0
5718
-------------------New----------------
0 0 55.81548250651987 6.871996866389873 118.5
0 1 52.720144565524585 1.286240251619569 108.5
1 0 -16.805785424567016 -124.60344799452074 -117.5
1 1 -13.88902239194628 -119.32818983940649 -108.0
5722
-------------------New----------------
0 0 -41.35120825781139 -117.0633690123024 118.5
0 1 -43.42780428913216 -116.66924631893423 108.5
1 0 -90.35557998746876 -107.75136771021509 -117.5
1 1 -88.38332388765323 -108.12609357407507 -108.0
5725
-------------------New----------------
0 0 90.40198205330475 -82.74578539600391 118.5
0 1 89.19672207815928 -84.25268775439409 108.5
1 0 61.870672331908885 -118.25872354728028 -117.5
1 1 63.01969522355937 -116.82826024875388 -108.0
5743
-------------------New----------------
0 0 -91.64467791352789 -59.87162932240911 118.5
0 1 -90.83140239085888 -60.55553875537034 108.5
1 0 -72.94977798186105 -76.22438690216717 -117.5
1 1 -73.69613333285007 -75.54757616912406 -108.0
5749
-------------------New----------------
0 0 -73.64648699466699 -95.94337879286175 118.5
0 1 -73.36958965830044 -94.98062556174098 108.5
1 0 -67.13287870503285 -73.25616795854933 -117.5
1 1 -67.39426773426831 -74.16724234536852 -108.0
5755
-------------------New----------------
0 0 -28.745902392338213 41.337701501968866 118.5
0 1 -29.540249331901407 40.64688797380667 108.5
1 0 -47.511859170289604 25.070219079576255 -117.5
1 1 -46.752535355294725 25.722021553642065 -108.0
5761
-------------------New----------------
0 0 -63.6500719291191 28.203272923111562 118.5
0 1 -66.04999662430559 28.27639096873777 108.5
1 0 -120.25720601904486 29.92975298295483 -117.5
1 1 -117.97924459340234 29.86078905984643 -108.0
5765
-------------------New----------------
0 0 19.05875443904959 25.876618374410157 118.5
0 1 13.087095822061887 23.394298190210055 108.5
1 0 -121.77834739196453 -32.62892192794233 -117.5
1 1 -116.10889810001747 -30.275224368015266 -108.0
5775
-------------------New----------------
0 0 -24.339267802891815 34.832196876865524 118.5
0 1 -24.48939883263275 36.33433646270128 108.5
1 0 -27.867911589133662 70.33822430596605 -117.5
1 1 -27.725044529900124 68.89773995085693 -108.0
5777
-------------------New----------------
0 0 14.475086864741948 -79.44294683585831 118.5
0 1 13.665051129370266 -80.75001646548306 108.5
1 0 -4.7012756861481 -110.01974894330579 -117.5
1 1 -3.935656137644645 -108.79346383779298 -108.0
5786
-------------------New----------------
0 0 5.683507687569729 -37.97406169110819 118.5
0 1 5.772340707631592 -32.421789915178486 108.5
1 0 7.720412240920472 93.04837128689655 -117.5
1 1 7.639644707561854 87.77298820212765 -108.0
5804
-------------------New----------------
0 0 -117.60941101666303 -72.03071279389648 118.5
0 1 -116.9913699380127 -69.44187532818657 108.5
1 0 -102.98197676485503 -11.181570162584716 -117.5
1 1 -103.57144221134408 -13.623536475040925 -108.0
5807
-------------------New----------------
0 0 46.81690322954808 102.6391852695743 118.5
0 1 45.52850190136843 102.95736292120016 108.5
1 0 16.07494927797199 110.051258655636 -117.5
1 1 17.316340860070913 109.75340186612894 -108.0
5810
-------------------New----------------
0 0 -30.364072246783998 -63.160779051915554 118.5
0 1 -29.627854630717415 -64.81241787167927 108.5
1 0 -12.908146388211383 -102.08909497767942 -117.5
1 1 -13.61657364263445 -100.51563411022317 -108.0
5815
-------------------New----------------
0 0 -83.14596629566509 59.96148864229322 118.5
0 1 -81.62139612114989 56.31003077798913 108.5
1 0 -47.15724238263918 -26.235740665329 -117.5
1 1 -48.60573649191169 -22.76462943093624 -108.0
5817
-------------------New----------------
0 0 -63.72904576820265 -23.583354143281053 118.5
0 1 -60.130786708397046 -22.96384264097763 108.5
1 0 26.435111616128854 -10.249041196972382 -117.5
1 1 22.611985894404476 -10.761954078868222 -108.0
5821
-------------------New----------------
0 0 72.97569309178814 113.45346718945152 118.5
0 1 70.14811805382041 112.69550071232973 108.5
1 0 6.322063425839106 95.60121392478001 -117.5
1 1 8.997076104098088 96.3154820327011 -108.0
5824
-------------------New----------------
0 0 37.664299020969544 -49.928862158515855 118.5
0 1 33.632138208484236 -47.87490548355451 108.5
1 0 -57.50523923718439 -1.4585569545228014 -117.5
1 1 -53.6735801826548 -3.4084505932373084 -108.0
5830
-------------------New----------------
0 0 -48.15670603057043 61.823632128290946 118.5
0 1 -51.416969427294966 63.88200543149577 108.5
1 0 -124.79738299046248 110.11622175121572 -117.5
1 1 -121.70861733132813 108.15047095413277 -108.0
5838
-------------------New----------------
0 0 27.062109433361037 -122.28062198759548 118.5
0 1 22.324045632756334 -122.51701469039874 108.5
1 0 -84.6759820568858 -127.81847378225105 -117.5
1 1 -80.17906133795519 -127.59696597297871 -108.0
5839
-------------------New----------------
0 0 12.690982773608848 110.46835561218147 118.5
0 1 17.10981361028282 109.41711542958824 108.5
1 0 117.0038620811043 85.62827710656394 -117.5
1 1 112.80502959813505 86.62524522022913 -108.0
5849
-------------------New----------------
0 0 -16.14845848606906 -49.39199356391971 118.5
0 1 -15.037504660682632 -48.16501765651836 108.5
1 0 9.98969022843006 -20.40585055336355 -117.5
1 1 8.93744648452944 -21.576009077579176 -108.0
5859
-------------------New----------------
0 0 4.694590622879377 -77.71731898000276 118.5
0 1 3.7824440337504974 -78.17480711311174 108.5
1 0 -16.850408881279485 -88.4917458181178 -117.5
1 1 -15.982132011749616 -88.05872464134292 -108.0
5885
-------------------New----------------
0 0 29.58903550720446 -104.34729790099473 118.5
0 1 31.423056167862967 -104.38752165327966 108.5
1 0 73.21087769118829 -105.25930410752282 -117.5
1 1 71.44642187238188 -105.23199416096547 -108.0
5886
-------------------New----------------
0 0 0.8980631948263225 98.30846635303536 118.5
0 1 1.551474588305106 96.56605642187414 108.5
1 0 16.598753216960525 57.513774872373915 -117.5
1 1 15.944389572227342 59.11154818902149 -108.0
5887
-------------------New----------------
0 0 -84.61702525208239 -39.58526230316373 118.5
0 1 -84.05786566232095 -39.230062294236554 108.5
1 0 -71.35979280533752 -31.188263852082144 -117.5
1 1 -71.89359890312167 -31.523669587846307 -108.0
5890
-------------------New----------------
0 0 23.58228339779499 32.84720636115001 118.5
0 1 18.89989254467138 28.493800490796957 108.5
1 0 -86.90609094478215 -69.87982429906832 -117.5
1 1 -82.45895590933013 -65.7440361485039 -108.0
5899
-------------------New----------------
0 0 -66.24612741027845 4.242971596913074 118.5
0 1 -62.363570176597044 5.19614485015615 108.5
1 0 25.414344639157626 26.74095933305956 -117.5
1 1 21.72232484252288 25.83443803956691 -108.0
5909
-------------------New----------------
0 0 -31.991607505764556 56.84692672677356 118.5
0 1 -35.13928789904869 57.01635352380936 108.5
1 0 -106.26734065923786 60.79579842785946 -117.5
1 1 -103.27677357697777 60.63534271010269 -108.0
5910
-------------------New----------------
0 0 -67.19315386935199 0.9023791701004906 118.5
0 1 -68.6376108191589 -3.1035733522606863 108.5
1 0 -101.29295619238779 -93.68269299740882 -117.5
1 1 -99.9185934149517 -89.87197955290107 -108.0
5918
-------------------New----------------
0 0 38.02726089347747 49.70044832692793 118.5
0 1 40.52696783089373 52.78593667735915 108.5
1 0 96.99316835392608 122.52191917765829 -117.5
1 1 94.61980087532065 119.59111429717147 -108.0
5919
-------------------New----------------
0 0 60.49342293824412 -84.58121073166558 118.5
0 1 55.70748932755221 -85.14070424243103 108.5
1 0 -52.40177845118285 -97.69852378353184 -117.5
1 1 -47.86120073357601 -97.17103444236228 -108.0
5920
-------------------New----------------
0 0 -9.182834141062866 -8.188903281002661 118.5
0 1 -11.677283028642453 -3.546369337074767 108.5
1 0 -67.97465584050121 101.40537728782965 -117.5
1 1 -65.6112320508196 96.9931195034317 -108.0
5943
-------------------New----------------
0 0 69.53856036484316 45.16225944662932 118.5
0 1 66.83950386324643 47.669421176856204 108.5
1 0 5.904937996153841 104.31723073259668 -117.5
1 1 8.463246189444718 101.93629892181463 -108.0
5950
-------------------New----------------
0 0 97.18609573735453 -106.99219136644717 118.5
0 1 97.29333895985472 -107.4347237232641 108.5
1 0 99.792556755525 -117.5164422523604 -117.5
1 1 99.6859315201194 -117.09267143085029 -108.0
5955
-------------------New----------------
0 0 -60.69739100291046 -87.30433541873491 118.5
0 1 -58.38718923014193 -86.41515881143903 108.5
1 0 -6.325193192346297 -66.39557906583426 -117.5
1 1 -8.513073940690827 -67.23679738697861 -108.0
5960
-------------------New----------------
0 0 -50.996211704393076 -3.0435368316847233 118.5
0 1 -51.208550888461744 0.14156198829843128 108.5
1 0 -54.93405828852824 73.60866945868153 -117.5
1 1 -54.76416563952538 70.49503474835485 -108.0
5965
-------------------New----------------
0 0 -35.01910649419439 -105.20498901708939 118.5
0 1 -35.25339021873121 -108.91293473289504 108.5
1 0 84.62959360325526 35.75991870611984 -117.5
1 1 81.06573017867495 37.65312058467181 -108.0
5968
-------------------New----------------
0 0 -30.191074554680633 -45.19572994526882 118.5
0 1 -28.3109001439775 -46.54043421508576 108.5
1 0 15.092289791220784 -77.59117542510506 -117.5
1 1 13.274787123782156 -76.28379653306756 -108.0
5975
-------------------New----------------
0 0 53.654796672655834 -88.53106982188632 118.5
0 1 51.08146393406743 -90.12386920839688 108.5
1 0 -7.077775080179305 -126.12087853293272 -117.5
1 1 -4.631906420968747 -124.60839272052922 -108.0
5976
-------------------New----------------
0 0 20.658254346355836 69.21110730539844 118.5
0 1 16.921274458343838 68.37804353371628 108.5
1 0 -68.0875144342477 48.21947076368876 -117.5
1 1 -64.53029756315757 49.06482962677725 -108.0
5978
-------------------New----------------
0 0 -52.3161407257183 68.46197318301506 118.5
0 1 -47.0678304372582 67.25426805456834 108.5
1 0 71.52431663191447 39.976053168763116 -117.5
1 1 66.53881750325698 41.121398993056474 -108.0
5987
-------------------New----------------
0 0 38.70449897470297 54.112222252877245 118.5
0 1 42.019903556250384 53.181370056012284 108.5
1 0 116.9894418497961 31.960387261468746 -117.5
1 1 113.83454679205413 32.85593105605872 -108.0
5989
-------------------New----------------
0 0 -3.3983779256797435 -12.487080919791236 118.5
0 1 -6.37149309734682 -12.531593580446266 108.5
1 0 -73.5671272758363 -13.492292343837358 -117.5
1 1 -70.74388880521073 -13.453859405085254 -108.0
5998
-------------------New----------------
0 0 49.496454140165426 109.34858020025999 118.5
0 1 53.29072735290532 109.43978826917657 108.5
1 0 -98.34687470501622 -43.88671118362637 -117.5
1 1 -94.297922335935 -42.599927764407894 -108.0
6007
-------------------New----------------
0 0 -45.73707114550247 -39.41446852693689 118.5
0 1 -46.25731223697906 -33.35172211351706 108.5
1 0 -57.95509382287698 103.4586140873121 -117.5
1 1 -57.46424921102245 97.71232131965671 -108.0
6015
-------------------New----------------
0 0 -54.71260978469695 -0.6986073988040135 118.5
0 1 -50.272113329895724 -3.2709832032814403 108.5
1 0 49.94801683272128 -61.42197941575024 -117.5
1 1 45.73616802355092 -58.97649118154317 -108.0
6020
-------------------New----------------
0 0 -24.72955984617213 -73.94662467275356 118.5
0 1 -21.74624272123301 -73.15325811695567 108.5
1 0 45.671579337356235 -55.19071672340319 -117.5
1 1 42.83562703628773 -55.94763861908676 -108.0
6024
-------------------New----------------
0 0 84.51927855371716 -16.41050556873445 118.5
0 1 83.12155332855616 -12.315734637545564 108.5
1 0 51.41152449698774 80.45164212081697 -117.5
1 1 52.745543142963015 76.5444379806679 -108.0
6026
-------------------New----------------
0 0 -3.9224885082026484 9.415911365367789 118.5
0 1 -5.258491298643338 7.430643535814494 108.5
1 0 -35.5289510426728 -37.31027281624935 -117.5
1 1 -34.25141126317218 -35.43413162161599 -108.0
6032
-------------------New----------------
0 0 -4.9697889266027975 1.2070173855729636 118.5
0 1 -3.4792806418485553 -0.23720673463858882 108.5
1 0 30.142945784172667 -32.87873616078953 -117.5
1 1 28.730852753780784 -31.506130407294894 -108.0
6036
-------------------New----------------
0 0 -31.417178864132097 -16.6114955622272 118.5
0 1 -27.76226201783401 -11.816774212524445 108.5
1 0 54.82157673774225 96.54085359320013 -117.5
1 1 51.34887874424496 91.98560322535496 -108.0
6048
-------------------New----------------
0 0 68.90920996754797 31.042976857675153 118.5
0 1 65.02467539479572 33.32130277359898 108.5
1 0 -23.282786982774322 85.05928948960366 -117.5
1 1 -19.541399541615203 82.88001484864698 -108.0
6049
-------------------New----------------
0 0 -18.887414802305635 -21.402046856250525 118.5
0 1 -15.975112496388686 -15.38741769388982 108.5
1 0 49.854763896677184 120.50480643466958 -117.5
1 1 47.088651929842655 114.79221917819225 -108.0
6050
-------------------New----------------
0 0 70.25499863530167 -60.23895559536978 118.5
0 1 67.57583189898112 -55.7624209338033 108.5
1 0 7.028674753374615 45.4096331949536 -117.5
1 1 9.573644571205666 41.15693925497565 -108.0
6052
-------------------New----------------
0 0 -61.130460783652055 62.33075759049137 118.5
0 1 -62.58505000117522 58.61372168855123 108.5
1 0 -95.33196643829807 -25.765209075989873 -117.5
1 1 -93.96275244659486 -22.20916526577013 -108.0
6056
-------------------New----------------
0 0 -4.3625465245631485 -98.05178781269272 118.5
0 1 -2.5459246028838183 -98.01517817077337 108.5
1 0 38.50778723070322 -97.1270156161629 -117.5
1 1 36.78181183008577 -97.16594337956067 -108.0
6057
-------------------New----------------
0 0 -9.972787615961886 74.73667169267456 118.5
0 1 -9.499321076488382 72.56057875597146 108.5
1 0 1.0993483031155205 23.05165235005863 -117.5
1 1 0.6586766177208899 25.136866184953043 -108.0
6062
-------------------New----------------
0 0 -74.60625412987915 65.86443870575737 118.5
0 1 -76.12544420442381 66.55707112670967 108.5
1 0 -110.43567310693304 82.07531564482494 -117.5
1 1 -109.00031476421145 81.42366666047333 -108.0
6065
-------------------New----------------
0 0 -32.49569914976539 8.107754530074942 118.5
0 1 -33.74597927610411 5.632928700506104 108.5
1 0 -61.85595081493849 -50.08595003855858 -117.5
1 1 -60.673885450844956 -47.74589530086406 -108.0
6068
-------------------New----------------
0 0 42.93775411780723 -106.3309505545518 118.5
0 1 41.61063693463625 -106.28532523598656 108.5
1 0 11.67532449184099 -104.87157979570182 -117.5
1 1 12.93048307317271 -104.92239194765007 -108.0
6071
-------------------New----------------
0 0 35.9046505451541 68.12044724144609 118.5
0 1 32.09946448932174 65.64851775418309 108.5
1 0 -53.81164982423767 9.84450047697572 -117.5
1 1 -50.20815777118649 12.181705945657237 -108.0
6077
-------------------New----------------
0 0 -40.67434954386511 35.75004396278263 118.5
0 1 -42.19460792388395 35.795919042219495 108.5
1 0 -76.55662310123151 37.1744885345349 -117.5
1 1 -75.10645457645589 37.10486701430695 -108.0
6079
-------------------New----------------
0 0 55.49677988237676 52.16822096814902 118.5
0 1 57.53631479676477 52.10828384741982 108.5
1 0 103.68018718167377 50.9941669274332 -117.5
1 1 101.73365011429033 51.03579646513856 -108.0
6081
-------------------New----------------
0 0 90.55101088930644 34.972804768952784 118.5
0 1 88.53003066293459 31.704550386701186 108.5
1 0 42.96236293860083 -42.223256345676155 -117.5
1 1 44.873705953766795 -39.11361612538746 -108.0
6085
-------------------New----------------
0 0 25.26896698053926 26.322482272243697 118.5
0 1 22.545549651015452 25.644411865947234 108.5
1 0 -39.07256152355723 10.408922796392858 -117.5
1 1 -36.48093683346879 11.048440528190131 -108.0
6086
-------------------New----------------
0 0 -0.7816378623715721 -97.92599908663507 118.5
0 1 4.043902071382455 -96.75739432404878 108.5
1 0 113.00992530026465 -70.30387509797518 -117.5
1 1 108.42296532245204 -71.41909586250871 -108.0
6088
-------------------New----------------
0 0 -9.928997924390314 -11.663064058309258 118.5
0 1 -12.391206327073998 -14.272263194321894 108.5
1 0 -67.89644345778913 -73.2160983663859 -117.5
1 1 -65.57091409691701 -70.73217211152202 -108.0
6089
-------------------New----------------
0 0 -18.023644756840202 -11.008355899636705 118.5
0 1 -15.761572909642771 -6.18410151066035 108.5
1 0 37.804972325811356 103.66865428543535 -117.5
1 1 35.53225654178649 99.06702472673513 -108.0
6092
-------------------New----------------
0 0 29.917719489997477 54.49945448461334 118.5
0 1 30.659015857635374 51.21364196101884 108.5
1 0 47.48492252477828 -23.32796767858532 -117.5
1 1 46.75945432914452 -20.17800513652119 -108.0
6096
-------------------New----------------
0 0 -29.780608524771054 51.373143531149104 118.5
0 1 -27.852076786164808 52.637836607207056 108.5
1 0 15.706491627883597 81.22263345434467 -117.5
1 1 13.876431641399382 80.02076826875106 -108.0
6098
-------------------New----------------
0 0 -70.8338082632533 38.30905020254012 118.5
0 1 -68.45216094236 42.079330787500766 108.5
1 0 -14.579148039052404 127.29668183592146 -117.5
1 1 -16.843877286170176 123.71641273494545 -108.0
6104
-------------------New----------------
0 0 114.5813652792546 -38.7040740717145 118.5
0 1 114.41894209468428 -32.31094195933467 108.5
1 0 110.91367005295169 111.8661390641626 -117.5
1 1 111.0591665485319 105.81447835418157 -108.0
6105
-------------------New----------------
0 0 27.24008285820355 57.24446560941908 118.5
0 1 26.27922061739311 59.01816676576802 108.5
1 0 4.520224461349724 99.65100240903392 -117.5
1 1 5.437608971822029 97.93945047342599 -108.0
6107
-------------------New----------------
0 0 63.126374607274194 92.84104518097266 118.5
0 1 58.46491967425023 93.91587743254448 108.5
1 0 -46.89282707414203 118.18785779322772 -117.5
1 1 -42.46390508219777 117.1681339259386 -108.0
6121
-------------------New----------------
0 0 -70.46178209207821 -42.080396890748084 118.5
0 1 -70.67896162385753 -39.77810560127116 108.5
1 0 -75.59155262667447 12.25235712293318 -117.5
1 1 -75.38501141107557 10.06516350609511 -108.0
6130
-------------------New----------------
0 0 40.08143551777658 -88.619038836461 118.5
0 1 41.7035418281739 -90.270060798461 108.5
1 0 78.30624547491074 -127.69391977677851 -117.5
1 1 76.77490733883951 -126.12086561224166 -108.0
6137
-------------------New----------------
0 0 58.748667394703546 62.16876887119853 118.5
0 1 58.56765396376928 60.83204773961198 108.5
1 0 54.47786917665858 30.629893412269944 -117.5
1 1 54.649851617895294 31.899462520040117 -108.0
6140
-------------------New----------------
0 0 32.17796427636254 82.15200910432415 118.5
0 1 35.73707465429377 82.09201702472222 108.5
1 0 116.17306292468258 80.73607309768585 -117.5
1 1 112.7919059108124 80.79306522031013 -108.0
6141
-------------------New----------------
0 0 51.03648135608617 17.491792217533643 118.5
0 1 46.52270161353483 16.651158708629566 108.5
1 0 -55.47444818901912 -2.3501545966553876 -117.5
1 1 -51.18722932095539 -1.5512538258037 -108.0
6152
-------------------New----------------
0 0 27.81832931659313 19.300706984145144 118.5
0 1 27.39328475968166 13.383132141065428 108.5
1 0 17.418810333253084 -120.21896570964782 -117.5
1 1 17.843329611839117 -114.62336035915325 -108.0
6159
-------------------New----------------
0 0 56.33682665727923 111.5154844431069 118.5
0 1 56.757014334805056 110.73633699083805 108.5
1 0 66.24118160354108 93.1302892353375 -117.5
1 1 65.84305867097027 93.87056810339695 -108.0
6161
-------------------New----------------
0 0 -102.70563462430002 7.769914533346426 118.5
0 1 -103.52747549873138 2.282962054882785 108.5
1 0 -122.0792999055063 -121.74175298242093 -117.5
1 1 -121.30117606439596 -116.52733474942616 -108.0
6165
-------------------New----------------
0 0 -52.32239379076795 25.299769508229506 118.5
0 1 -48.34425434562524 26.312267933795397 108.5
1 0 41.49580464711948 49.22474528410491 -117.5
1 1 37.721569884855924 48.262083020263525 -108.0
6168
-------------------New----------------
0 0 90.40616552620928 -42.265364468472406 118.5
0 1 89.83583068450871 -44.89684551956998 108.5
1 0 76.96414103185977 -104.399061709331 -117.5
1 1 77.50419178595133 -101.89643381207719 -108.0
6179
-------------------New----------------
0 0 92.11688621384225 18.264653977919988 118.5
0 1 92.1777415501144 14.781398048807663 108.5
1 0 93.94782220087903 -64.76765831201665 -117.5
1 1 93.86814134255151 -61.37686003407494 -108.0
6184
-------------------New----------------
0 0 -20.25817508150866 -72.53810364959713 118.5
0 1 -21.56538867450921 -70.23774666899712 108.5
1 0 -51.16630140159746 -18.22223516418751 -117.5
1 1 -49.922060168765334 -20.411916387611303 -108.0
6185
-------------------New----------------
0 0 -12.65672881529854 -36.51278356808447 118.5
0 1 -12.795803454296584 -32.20356581766622 108.5
1 0 -15.220342848476667 65.68995812343856 -117.5
1 1 -15.156622036577769 61.56520419726644 -108.0
6203
-------------------New----------------
0 0 -24.286922902792167 -71.78327966918154 118.5
0 1 -22.936525459031493 -69.15460733572422 108.5
1 0 7.557656930375859 -9.850928619336958 -117.5
1 1 6.273967766848922 -12.3421090295315 -108.0
6206
-------------------New----------------
0 0 -73.41022381760959 77.13861202807337 118.5
0 1 -74.37030249396928 77.96083006621032 108.5
1 0 -96.06521981443434 96.53912226757792 -117.5
1 1 -95.153298615468 95.75825804106664 -108.0
6226
-------------------New----------------
0 0 -43.648460401081955 -6.311513708903516 118.5
0 1 -46.23613291726305 -1.714458207002648 108.5
1 0 -104.67692667511135 102.28888182173206 -117.5
1 1 -102.22188864928378 97.91202752956038 -108.0
6249
-------------------New----------------
0 0 -1.3717232297442277 15.373665221823344 118.5
0 1 1.330039511746133 13.786776555263277 108.5
1 0 58.93317080572125 -21.577057278970315 -117.5
1 1 56.6626245559018 -20.105821247857342 -108.0
6254
-------------------New----------------
0 0 37.23460498346851 -12.254778070878316 118.5
0 1 40.62701683682634 -13.936103069329453 108.5
1 0 117.29465933301972 -51.97500749771524 -117.5
1 1 114.07187124059737 -50.377327918627955 -108.0
6260
-------------------New----------------
0 0 36.329482569826794 25.2400927040835 118.5
0 1 36.9613795985257 20.252063467673644 108.5
1 0 51.26331779554998 -92.48681463139542 -117.5
1 1 50.66108753345226 -87.74850350152191 -108.0
6262
-------------------New----------------
0 0 -15.586512386203045 -85.59752401402552 118.5
0 1 -17.531614862213985 -87.00107675319165 108.5
1 0 -61.52966005216589 -118.76018056505748 -117.5
1 1 -59.67784410697425 -117.42666594934778 -108.0
6264
-------------------New----------------
0 0 17.648393713865293 10.953917179621024 118.5
0 1 19.624162315775656 14.335814090660415 108.5
1 0 64.27297634473854 90.76217526413282 -117.5
1 1 62.39610978903225 87.54974702882495 -108.0
6266
-------------------New----------------
0 0 16.412061505603475 30.860421778847325 118.5
0 1 18.55273222890526 32.168901485205325 108.5
1 0 66.7369078179211 61.79604315993771 -117.5
1 1 64.71997274524993 60.54925511336059 -108.0
6267
-------------------New----------------
0 0 39.11985156854321 -116.07448878914207 118.5
0 1 37.95671272636433 -116.07861748198025 108.5
1 0 11.675099922810753 -116.16942860514621 -117.5
1 1 12.779673827873214 -116.16526419817164 -108.0
6271
-------------------New----------------
0 0 68.94512193940548 68.29221236121337 118.5
0 1 65.18578249919918 69.0783508811261 108.5
1 0 -19.814551040195674 86.8615113220504 -117.5
1 1 -16.241155154559756 86.11276981202354 -108.0
6277
-------------------New----------------
0 0 41.696750551361035 -65.21453014302102 118.5
0 1 41.03596057594494 -63.351070208175386 108.5
1 0 26.011496594255277 -21.509079729215017 -117.5
1 1 26.6457525412152 -23.263938842914374 -108.0
6278
-------------------New----------------
0 0 -64.10357180397315 -11.882707808072345 118.5
0 1 -61.08755007839254 -7.255106533997352 108.5
1 0 7.1014206052260445 97.23271385712107 -117.5
1 1 4.235523090739799 92.82625058685059 -108.0
6283
-------------------New----------------
0 0 -59.196191656813866 98.02689192528013 118.5
0 1 -61.542228572866314 97.75764935043203 108.5
1 0 -114.58297559044618 91.80796617333644 -117.5
1 1 -112.34864411171743 92.05251786638239 -108.0
6287
-------------------New----------------
0 0 -53.00481457375277 -20.196579887324738 118.5
0 1 -54.51964494974028 -17.578715259058463 108.5
1 0 -88.82649122528349 41.83877882074874 -117.5
1 1 -87.38668963242054 39.33906980985422 -108.0
6293
-------------------New----------------
0 0 -66.25400952007298 -51.509115577843644 118.5
0 1 -63.44032754093418 -48.21881359330759 108.5
1 0 0.13511010795261952 26.14920429619051 -117.5
1 1 -2.5368461312534416 23.02191042140644 -108.0
6296
-------------------New----------------
0 0 -95.35904963368816 -20.3797871393483 118.5
0 1 -93.56977640084037 -24.227628891531264 108.5
1 0 -53.01982499606309 -111.03590173765402 -117.5
1 1 -54.71687488935321 -107.38678651375623 -108.0
6298
-------------------New----------------
0 0 -26.628813983691998 -54.8787532745525 118.5
0 1 -29.014552091833036 -54.79125253267872 108.5
1 0 -82.89191061065705 -52.814863141631335 -117.5
1 1 -80.63057595643632 -52.89734913226082 -108.0
6302
-------------------New----------------
0 0 -108.45979925705876 -19.10736717021561 118.5
0 1 -108.09768378236268 -15.410313060020519 108.5
1 0 -99.92615068506547 68.11549265997937 -117.5
1 1 -100.27109193050708 64.6047354201273 -108.0
6303
-------------------New----------------
0 0 12.820306688240203 -68.36327780366011 118.5
0 1 7.041846564593858 -66.95552644965014 108.5
1 0 -123.60372103890931 -35.154432675704086 -117.5
1 1 -118.11323853504504 -36.49155820733769 -108.0
6309
-------------------New----------------
0 0 -30.72829407736446 37.95997081286755 118.5
0 1 -29.831424620529027 40.075471348969 108.5
1 0 -9.573693073465193 88.04267839040185 -117.5
1 1 -10.421678356242122 86.03101963252354 -108.0
6313
-------------------New----------------
0 0 -39.63803090149927 -31.748717688880014 118.5
0 1 -35.53762986284266 -30.821079421067743 108.5
1 0 57.02297583032206 -9.838250005370224 -117.5
1 1 53.13219518617168 -10.722160726115792 -108.0
6315
-------------------New----------------
0 0 -78.16615323422604 61.348485193203544 118.5
0 1 -80.05470698897963 60.981298263323175 108.5
1 0 -122.6797432391119 52.69682447970333 -117.5
1 1 -120.89114719744278 53.044685376720636 -108.0
6332
-------------------New----------------
0 0 -67.26916531020503 56.882953009784856 118.5
0 1 -68.21972209021187 54.50026147159895 108.5
1 0 -89.73383725805337 0.6702722780160556 -117.5
1 1 -88.82824014042272 2.9308705667572483 -108.0
6345
-------------------New----------------
0 0 76.55219970543884 -62.99282083603187 118.5
0 1 77.93635213067611 -59.63621406290541 108.5
1 0 109.74544152935619 16.600993769966284 -117.5
1 1 108.39827240735727 13.400101348858428 -108.0
6358
-------------------New----------------
0 0 5.19358791617236 -45.161763806840405 118.5
0 1 1.9299396724181164 -51.20744313171897 108.5
1 0 -91.64572866476723 105.71816660634974 -117.5
1 1 -91.57468568693373 103.89714425937412 -108.0
6361
-------------------New----------------
0 0 25.966417871746483 26.336315900768614 118.5
0 1 26.950014415263603 26.622771528685803 108.5
1 0 49.176803176961734 33.0645239356593 -117.5
1 1 48.24252123488667 32.793324660569226 -108.0
6363
-------------------New----------------
0 0 -89.99364948366258 50.13882690890474 118.5
0 1 -91.53072662519207 50.987607101844524 108.5
1 0 -126.41181881059825 70.24215415407619 -117.5
1 1 -124.9383449857467 69.43454098031204 -108.0
6366
-------------------New----------------
0 0 -55.88187029778853 15.04278451006916 118.5
0 1 -53.89443351271349 10.218073962927184 108.5
1 0 -8.971278159806616 -98.84332723637911 -117.5
1 1 -10.859929219296939 -94.25791980473608 -108.0
6375
-------------------New----------------
0 0 35.93287744540456 -103.03021349974578 118.5
0 1 36.091572422611776 -103.45228422818352 108.5
1 0 39.61165729594295 -113.06207754247876 -117.5
1 1 39.46478127826209 -112.65544078055402 -108.0
6376
-------------------New----------------
0 0 -12.994912031753055 -26.311070290126356 118.5
0 1 -9.922445625926832 -21.898584013294254 108.5
1 0 59.51163750944945 77.82143148805275 -117.5
1 1 56.59372438015449 73.62841455795038 -108.0
6378
-------------------New----------------
0 0 41.411124415890725 -30.21250682052851 118.5
0 1 42.090635621980994 -31.638451624080666 108.5
1 0 57.51788909804723 -63.905013658629244 -117.5
1 1 56.86892667647902 -62.54587152969881 -108.0
6383
-------------------New----------------
0 0 5.65784050509418 -45.06456528230129 118.5
0 1 8.573265450220592 -46.23776486781189 108.5
1 0 74.46536338436482 -72.7517226553934 -117.5
1 1 71.69560682031356 -71.63719043859507 -108.0
6385
-------------------New----------------
0 0 80.36895392822842 -35.353953775564705 118.5
0 1 80.92785474521898 -36.77693918782721 108.5
1 0 93.55706223416303 -68.93549545439684 -117.5
1 1 93.02622968280826 -67.58372933130603 -108.0
6422
-------------------New----------------
0 0 -38.63252789645413 44.64500403518861 118.5
0 1 -41.77676991538672 45.77877446281411 108.5
1 0 -112.82974660635925 71.51748912367471 -117.5
1 1 -109.84914203790376 70.43232411852921 -108.0
6423
-------------------New----------------
0 0 16.63184059735117 27.64209160605977 118.5
0 1 20.034826863543337 27.209205172176155 108.5
1 0 96.93901177632169 17.475597929386694 -117.5
1 1 93.70323823152225 17.882779497826288 -108.0
6426
-------------------New----------------
0 0 41.899185597506566 -20.81846964755916 118.5
0 1 45.28647349731263 -18.253142623444223 108.5
1 0 121.58793444022156 39.715094282572935 -117.5
1 1 118.39131891756651 37.2830957087624 -108.0
6431
-------------------New----------------
0 0 -6.343919593560932 48.4479175969153 118.5
0 1 -4.827536690528812 48.348309167162896 108.5
1 0 29.87886495279154 46.42330742796719 -117.5
1 1 28.40514107730245 46.510160368864774 -108.0
6436
-------------------New----------------
0 0 10.123202384452707 -20.142178638382003 118.5
0 1 11.002874735801154 -21.910802940013152 108.5
1 0 30.883699493022238 -61.856692688836766 -117.5
1 1 30.04802814930896 -60.17770216709573 -108.0
6443
-------------------New----------------
0 0 40.258730013770574 96.7648290460169 118.5
0 1 35.04119666022753 97.63735230479713 108.5
1 0 -82.87645162846411 117.36280632661735 -117.5
1 1 -77.92190899241069 116.53362867247988 -108.0
6454
-------------------New----------------
0 0 -4.284710004146056 -30.476646780633427 118.5
0 1 -2.1686974592366957 -28.102524146860855 108.5
1 0 45.137575599505105 28.281192772163536 -117.5
1 1 43.166539481115066 25.790959472573242 -108.0
6456
-------------------New----------------
0 0 -49.35216150958262 41.38139057849695 118.5
0 1 -48.95868654232835 38.97719775094829 108.5
1 0 -39.94604637768289 -15.208114560080938 -117.5
1 1 -40.323080211847895 -12.931841071628174 -108.0
6460
-------------------New----------------
0 0 29.11409966176675 -16.834097880062792 118.5
0 1 30.446097871837196 -20.881263076479495 108.5
1 0 60.51728700829003 -112.40636228145517 -117.5
1 1 59.25215069828133 -108.56372796141018 -108.0
6462
-------------------New----------------
0 0 -56.57795627093625 41.43425495491826 118.5
0 1 -53.20225932737567 40.30271148784418 108.5
1 0 23.09705549090483 14.708182690359033 -117.5
1 1 19.887467022616157 15.78395399588545 -108.0
6468
-------------------New----------------
0 0 -37.6593345230129 37.71307956558541 118.5
0 1 -32.8905621764029 38.652006630184786 108.5
1 0 74.52555669735743 59.633174663785624 -117.5
1 1 70.02835122261143 58.76061154677234 -108.0
6469
-------------------New----------------
0 0 -103.92010403991165 -30.951076207602785 118.5
0 1 -102.60333864637889 -30.080760963305913 108.5
1 0 -72.85482952593144 -10.412954383867419 -117.5
1 1 -74.10514570770485 -11.240271730305157 -108.0
6478
-------------------New----------------
0 0 107.8362061928057 35.32463391238243 118.5
0 1 107.22029343182264 32.184851362636365 108.5
1 0 93.2998771557419 -38.77709551934619 -117.5
1 1 93.8848693713255 -35.79433842639908 -108.0
6492
-------------------New----------------
0 0 48.016509280695004 79.69565326301982 118.5
0 1 42.68579243467045 77.96275739912593 108.5
1 0 -77.78410890792254 39.03508495138341 -117.5
1 1 -72.72312773417329 40.667606907175426 -108.0
6493
-------------------New----------------
0 0 4.29022269877818 52.66523333819229 118.5
0 1 5.120320594154209 55.58028108855109 108.5
1 0 23.945668964151857 121.47232237092905 -117.5
1 1 23.153940969035755 118.71142317729122 -108.0
6498
-------------------New----------------
0 0 33.36248244562823 17.815668772795323 118.5
0 1 32.06282999947553 18.30959304272323 108.5
1 0 2.6946602920895915 29.45946836377026 -117.5
1 1 3.929069480332803 28.991286305119104 -108.0
6505
-------------------New----------------
0 0 -44.31199899935721 66.3982041334166 118.5
0 1 -39.85206718299797 68.47023817266128 108.5
1 0 62.176930124204716 115.13353746292182 -117.5
1 1 57.91200349964006 113.16952487719648 -108.0
6506
-------------------New----------------
0 0 89.59252956820185 -107.37405814960641 118.5
0 1 89.69541069406046 -107.30841973801952 108.5
1 0 92.0223382760469 -105.94607795443392 -117.5
1 1 91.92321381228484 -106.03136144078789 -108.0
6507
-------------------New----------------
0 0 -9.811624270623003 -101.94375808089191 118.5
0 1 -14.802544350324647 -101.94594833889467 108.5
1 0 -127.66367583890822 -102.11583516510416 -117.5
1 1 -122.91690344138306 -102.10292211361288 -108.0
6509
-------------------New----------------
0 0 -1.4331085185029635 45.99487206900483 118.5
0 1 0.8910920584936945 41.64886644095339 108.5
1 0 53.49985056126868 -56.62790223325986 -117.5
1 1 51.28256592371641 -52.490186945998495 -108.0
6511
-------------------New----------------
0 0 -7.990574273399494 79.83308475674279 118.5
0 1 -12.088093105662661 76.77776923210799 108.5
1 0 -104.69406842282099 7.727010076392622 -117.5
1 1 -100.80125910503968 10.629093990555248 -108.0
6514
-------------------New----------------
0 0 43.169179370143524 72.42967510199789 118.5
0 1 43.215414311654555 70.69102133214768 108.5
1 0 44.300982022804995 31.297496827662023 -117.5
1 1 44.255661887345084 32.95311133858401 -108.0
6528
-------------------New----------------
0 0 42.07595804666779 91.21113767302867 118.5
0 1 38.31495976608152 90.56164756574712 108.5
1 0 -46.7735308553429 75.92408242861862 -117.5
1 1 -43.20042488436523 76.54484131208352 -108.0
6532
-------------------New----------------
0 0 41.37554743281547 2.8955696174387113 118.5
0 1 37.11589267726151 -1.500579844540266 108.5
1 0 -59.14530252998941 -100.85262417586338 -117.5
1 1 -55.099260553555155 -96.67617125585502 -108.0
6537
-------------------New----------------
0 0 93.98119067139004 17.17988626042467 118.5
0 1 92.91418630068553 21.732404482456115 108.5
1 0 68.80772996686838 124.71575884490176 -117.5
1 1 69.81597707597804 120.38346793558883 -108.0
6541
-------------------New----------------
0 0 97.82516418120247 -38.43414322150521 118.5
0 1 98.89478247306316 -36.082652688828674 108.5
1 0 123.07640651396801 17.06121372427104 -117.5
1 1 122.06100527502008 14.82251689992923 -108.0
6543
-------------------New----------------
0 0 61.75496282547164 -27.97178141069852 118.5
0 1 58.4895562064538 -27.684468264340854 108.5
1 0 -15.407385073249287 -21.330237535383247 -117.5
1 1 -12.30159976956752 -21.59263187521754 -108.0
6560
-------------------New----------------
0 0 32.14498523714961 -6.319963629774298 118.5
0 1 29.77297342600532 -5.096766626251855 108.5
1 0 -23.98632909476205 22.59787897419689 -117.5
1 1 -21.72241021672415 21.432984407052977 -108.0
6562
-------------------New----------------
0 0 -65.46448700674594 39.73575152105501 118.5
0 1 -64.3385083004333 36.444896526323035 108.5
1 0 -38.88117899823778 -37.91334063102103 -117.5
1 1 -39.950986412785895 -34.78741698192443 -108.0
6569
-------------------New----------------
0 0 -99.11431745559568 -5.645687208797308 118.5
0 1 -99.08814992025304 -4.813339136297267 108.5
1 0 -98.4910134787485 13.998697690103151 -117.5
1 1 -98.51553198737527 13.208254985199739 -108.0
6573
-------------------New----------------
0 0 55.60882378749593 -8.160535225532731 118.5
0 1 58.283841084510335 -2.7522864691892486 108.5
1 0 118.74466680238274 119.40973700987831 -117.5
1 1 116.20132234994874 114.27474073344902 -108.0
6574
-------------------New----------------
0 0 37.15295676840755 120.05747133468174 118.5
0 1 36.03048478078922 119.67841876727398 108.5
1 0 10.608214578115193 111.16451541538564 -117.5
1 1 11.676914997695249 111.52205174718067 -108.0
6582
-------------------New----------------
0 0 33.77575343519297 -20.1610603361781 118.5
0 1 35.02354505962897 -23.206125013962964 108.5
1 0 63.220710621412955 -92.02808705829828 -117.5
1 1 62.0354210913496 -89.13520788177297 -108.0
6592
-------------------New----------------
0 0 6.737938805152728 -48.0047219441909 118.5
0 1 5.230472141337595 -42.50406203317968 108.5
1 0 -29.07094341032049 82.15503211656115 -117.5
1 1 -27.628053572595707 76.91991693225965 -108.0
6594
-------------------New----------------
0 0 -26.066164968720393 -15.211517328740758 118.5
0 1 -24.774859661750302 -15.060579344667996 108.5
1 0 4.588833255496633 -12.066484454907961 -117.5
1 1 3.3595408975988965 -12.2079567583684 -108.0
6602
-------------------New----------------
0 0 34.2097181336024 11.575227201941622 118.5
0 1 34.05812965582693 8.770756726959672 108.5
1 0 30.63652738205217 -54.61220182359557 -117.5
1 1 30.779940851086412 -51.94786339924043 -108.0
6604
-------------------New----------------
0 0 -53.27061366701637 -52.61854621168696 118.5
0 1 -55.69618869859589 -51.70598273991044 108.5
1 0 -110.5849299844059 -31.076479306577472 -117.5
1 1 -108.2730769430218 -31.942375480702587 -108.0
6605
-------------------New----------------
0 0 -41.01054744117815 15.617626474184883 118.5
0 1 -41.20428134069438 16.81436666891834 108.5
1 0 -44.983668467666874 43.424861424907604 -117.5
1 1 -44.83187053964879 42.29685645965626 -108.0
6611
-------------------New----------------
0 0 -41.260822586783846 -67.98299997059304 118.5
0 1 -40.29561908797977 -68.98307107711564 108.5
1 0 -18.551047022408838 -91.58299119075971 -117.5
1 1 -19.471614112176148 -90.63323613423469 -108.0
6612
-------------------New----------------
0 0 67.91636575055176 -121.40675812758809 118.5
0 1 69.30978745988685 -121.17464917105494 108.5
1 0 100.82290608089681 -115.89432752194914 -117.5
1 1 99.50203022272214 -116.11527331386569 -108.0
6621
-------------------New----------------
0 0 -84.06770232413695 71.85299140338422 118.5
0 1 -81.84110160764581 73.41971659572306 108.5
1 0 -31.52345172727314 108.69339837646905 -117.5
1 1 -33.63747641231589 107.21042867063197 -108.0
6622
-------------------New----------------
0 0 -14.420549444112686 -16.54789037887505 118.5
0 1 -14.47247818497473 -20.565508339731384 108.5
1 0 -15.698454259350871 -111.29541635153812 -117.5
1 1 -15.644853758236616 -107.48254452193041 -108.0
6623
-------------------New----------------
0 0 -17.19199691476424 -26.120479183600644 118.5
0 1 -15.876484535527164 -24.581541924326235 108.5
1 0 13.855406362666082 10.204488263822142 -117.5
1 1 12.605943297758758 8.74251718508433 -108.0
6624
-------------------New----------------
0 0 -33.134609376103725 -95.86802424510748 118.5
0 1 -33.086115912121286 -94.79176203385195 108.5
1 0 -32.145241951597136 -70.4861162372496 -117.5
1 1 -32.17657323139806 -71.5070577692673 -108.0
6630
-------------------New----------------
0 0 36.3663082353163 55.596386174319925 118.5
0 1 34.64352565968419 55.614169635223654 108.5
1 0 -4.268179464768812 55.97904666020836 -117.5
1 1 -2.633068719580821 55.9667787700631 -108.0
6634
-------------------New----------------
0 0 -7.945456851151943 43.09684891441429 118.5
0 1 -9.178558007455939 37.83526986652943 108.5
1 0 -37.044435785960395 -81.07722462544385 -117.5
1 1 -35.873084026716015 -76.07864992683882 -108.0
6640
-------------------New----------------
0 0 -52.666529413870094 -36.20767618944484 118.5
0 1 -54.16472109754634 -37.884010720632794 108.5
1 0 -87.99967913285671 -75.8390080200429 -117.5
1 1 -86.5772383054421 -74.24455327698149 -108.0
6656
-------------------New----------------
0 0 40.850141583079974 61.3230803158012 118.5
0 1 35.824076728947546 62.956772211817075 108.5
1 0 -77.75608842129562 100.12584598283082 -117.5
1 1 -72.99093034230891 98.55836719596488 -108.0
6661
-------------------New----------------
0 0 -37.53736932364107 -55.85990874110088 118.5
0 1 -37.30952284794021 -53.860144588161134 108.5
1 0 -32.174461553457014 -8.660820645002037 -117.5
1 1 -32.39045494785225 -10.56008216621519 -108.0
6669
-------------------New----------------
0 0 17.34964538491151 55.550207272296326 118.5
0 1 18.790366146680615 57.25167321397421 108.5
1 0 51.32749939145003 95.85616466557524 -117.5
1 1 49.96001902264682 94.22462657117669 -108.0
6676
-------------------New----------------
0 0 59.172848700483726 -111.59320385468168 118.5
0 1 57.960371736215144 -112.0432967317167 108.5
1 0 30.543624356858267 -122.24500560987728 -117.5
1 1 31.69706629024202 -121.81435571500376 -108.0
6680
-------------------New----------------
0 0 -67.90104643348636 47.681895121267615 118.5
0 1 -66.74343635740661 48.147182295428415 108.5
1 0 -40.56474522965236 58.642824097520645 -117.5
1 1 -41.66639485944716 58.20248924066332 -108.0
6691
-------------------New----------------
0 0 -34.92635871079603 -27.994913132800683 118.5
0 1 -36.6876181269507 -22.637075550783674 108.5
1 0 -76.55912608657529 98.56371289419653 -117.5
1 1 -74.8824298967211 93.46405831124859 -108.0
6699
-------------------New----------------
0 0 14.731659057271639 -82.85398172390634 118.5
0 1 19.2360321825923 -80.40210529603745 108.5
1 0 121.03698883549164 -24.988788110335854 -117.5
1 1 116.75733401338694 -27.318356863115135 -108.0
6710
-------------------New----------------
0 0 44.29611872241166 -111.50494051443351 118.5
0 1 41.207986875611304 -110.35748297306031 108.5
1 0 -28.64148211724708 -84.43221285802551 -117.5
1 1 -25.704643844169833 -85.52146876725855 -108.0
6717
-------------------New----------------
0 0 67.85231612124281 -71.71400491565024 118.5
0 1 67.86892554266714 -73.48090519491845 108.5
1 0 68.24558024496089 -113.41328946727226 -117.5
1 1 68.22980268975499 -111.73470210531393 -108.0
6719
-------------------New----------------
0 0 21.9402946524411 -56.050697838408894 118.5
0 1 18.881784420965857 -56.53633740488849 108.5
1 0 -50.17561988323372 -67.54646866125002 -117.5
1 1 -47.26963176371811 -67.08363906797311 -108.0
6726
-------------------New----------------
0 0 28.35488314341264 -18.233924462619893 118.5
0 1 26.300243343129715 -13.884021074109366 108.5
1 0 -20.125564508038913 84.45029072263267 -117.5
1 1 -18.174124995655824 80.31705235950326 -108.0
6734
-------------------New----------------
0 0 3.785041901167561 -55.96994351013444 118.5
0 1 5.8116080554253315 -54.2685823514294 108.5
1 0 51.371420103201615 -15.804142264880799 -117.5
1 1 49.46324532366151 -17.416019997583803 -108.0
6742
-------------------New----------------
0 0 75.06622249726975 23.22183630528449 118.5
0 1 73.79156233303732 20.152694535160737 108.5
1 0 44.96838414500691 -49.18300854639115 -117.5
1 1 46.178706571874976 -46.281227827358364 -108.0
6753
-------------------New----------------
0 0 -57.63328564141989 4.434518386121668 118.5
0 1 -59.812335162007706 0.16123378226213275 108.5
1 0 -109.03104952143164 -96.32161351213296 -117.5
1 1 -106.96339494474208 -92.27206176524446 -108.0
6768
-------------------New----------------
0 0 20.092017064939917 85.13681063646914 118.5
0 1 16.77593628854337 86.45932515804614 108.5
1 0 -58.168044861369104 116.34832992979356 -117.5
1 1 -55.01752492361858 115.09190241746076 -108.0
6774
-------------------New----------------
0 0 101.87086155822483 91.95435272928408 118.5
0 1 102.06459117495123 92.84955754478395 108.5
1 0 106.43140799846722 113.03469198241646 -117.5
1 1 106.24608646402847 112.18409309481831 -108.0
6778
-------------------New----------------
0 0 -14.806441116169964 -77.37453184163161 118.5
0 1 -10.710923147164554 -77.80574317161629 108.5
1 0 81.7368058098293 -87.22506431665514 -117.5
1 1 77.85474137933178 -86.83991869507616 -108.0
6789
-------------------New----------------
0 0 -4.19222971157347 -15.150489443310358 118.5
0 1 -4.420940080466474 -11.332618337129102 108.5
1 0 -9.588875276158422 74.95214784929412 -117.5
1 1 -9.371618909188689 71.32511047530801 -108.0
6792
-------------------New----------------
0 0 89.07958396454515 -17.34875465516575 118.5
0 1 87.41113102826357 -18.409063783447607 108.5
1 0 49.76606894408803 -42.32941087066348 -117.5
1 1 51.34703282657057 -41.33890178944931 -108.0
6796
-------------------New----------------
0 0 -6.632944970801814 -3.5713767054338077 118.5
0 1 -8.250792305171133 -8.067692178725707 108.5
1 0 -44.791742018403525 -109.78288072382176 -117.5
1 1 -43.249548813146056 -105.50668261027081 -108.0
6804
-------------------New----------------
0 0 -35.96022968624528 35.558918658996085 118.5
0 1 -37.46331480675234 37.69228133357713 108.5
1 0 -71.47011854479618 85.91257081241335 -117.5
1 1 -70.03910447690548 83.88454812479118 -108.0
6818
-------------------New----------------
0 0 -37.420428767188355 -41.0011734900319 118.5
0 1 -36.51549147181828 -43.103583062277956 108.5
1 0 -16.37113797114329 -90.50202349383416 -117.5
1 1 -17.20861006778662 -88.51262106303044 -108.0
6819
-------------------New----------------
0 0 38.723476926411806 8.287468187929555 118.5
0 1 39.7232965870118 6.525144851129298 108.5
1 0 62.22050160367469 -33.41744526500172 -117.5
1 1 61.2746065296432 -31.733294707599867 -108.0
6821
-------------------New----------------
0 0 -107.11042622620637 6.306162770530582 118.5
0 1 -107.64298325816924 6.04108971385628 108.5
1 0 -119.39128206775305 -0.3046603912111355 -117.5
1 1 -118.88869926616537 -0.03861334967875037 -108.0
6825
-------------------New----------------
0 0 -41.33889496613965 -26.462319747199036 118.5
0 1 -43.241325019025425 -30.6340193100347 108.5
1 0 -86.18361589687999 -124.93402009106403 -117.5
1 1 -84.37931151223448 -120.97010219857982 -108.0
6826
-------------------New----------------
0 0 -19.70109708385126 -29.795011001575386 118.5
0 1 -19.122943513760394 -24.35377617585944 108.5
1 0 -6.547512264003972 99.0072623451573 -117.5
1 1 -7.050686709987138 93.81349125412483 -108.0
6827
-------------------New----------------
0 0 -21.503082665619623 66.35412232010255 118.5
0 1 -22.193928359231155 64.25572229194185 108.5
1 0 -37.78402942724104 16.824967898533878 -117.5
1 1 -37.12958413778898 18.819185017838322 -108.0
6832
-------------------New----------------
0 0 -0.014826555915926054 -75.27572660484493 118.5
0 1 -2.5803495023436276 -74.13193003253959 108.5
1 0 -60.55848195519353 -48.32295171826809 -117.5
1 1 -58.127879215285155 -49.414050912719986 -108.0
6846
-------------------New----------------
0 0 67.16047166901394 15.202705700638429 118.5
0 1 64.5184470471169 11.693105010070864 108.5
1 0 4.849399609322087 -67.57178897923446 -117.5
1 1 7.358069154142269 -64.24395370320927 -108.0
6848
-------------------New----------------
0 0 29.884032402194606 20.593344035904746 118.5
0 1 33.57271924470343 19.821265268958932 108.5
1 0 116.79376225336368 2.398151124029116 -117.5
1 1 113.29636957981032 3.1261273939532086 -108.0
6854
-------------------New----------------
0 0 39.14174583909643 19.590231616777025 118.5
0 1 36.52025986895454 18.67197801100291 108.5
1 0 -22.91864948668409 -2.409675646390253 -117.5
1 1 -20.415637079490256 -1.5077884729216626 -108.0
6859
-------------------New----------------
0 0 10.835754125810688 -61.02108338446415 118.5
0 1 11.793060769119622 -62.37932590293087 108.5
1 0 33.643784228356836 -93.44114613736055 -117.5
1 1 32.71919722624317 -92.13194963094705 -108.0
6888
-------------------New----------------
0 0 1.1917348606598115 -23.645321124945006 118.5
0 1 3.7626766267786094 -27.939125391496948 108.5
1 0 61.851117679912775 -124.94389974352286 -117.5
1 1 59.40938159762633 -120.8666284106846 -108.0
6889
-------------------New----------------
0 0 -23.49218413698139 -75.14264749761529 118.5
0 1 -24.66554911954531 -71.7908716469104 108.5
1 0 -53.62299708498206 -7.911769078277748 -117.5
1 1 -52.458959963473845 -10.070080506544901 -108.0
6890
-------------------New----------------
0 0 -10.211968266029988 -39.503720117763336 118.5
0 1 -8.039515765998322 -40.71912151044508 108.5
1 0 40.883418846992704 -67.94118287648325 -117.5
1 1 38.826312662388844 -66.79710378449106 -108.0
6891
-------------------New----------------
0 0 -72.87611754686966 23.671216032715435 118.5
0 1 -74.84964242826275 22.19200417929354 108.5
1 0 -119.43155549805647 -11.234551588538235 -117.5
1 1 -117.5568217612368 -9.830577813991965 -108.0
6900
-------------------New----------------
0 0 -41.85676792870592 -85.95373976107155 118.5
0 1 -38.531233174015476 -83.16047390841308 108.5
1 0 36.77126723099133 -19.553402599010674 -117.5
1 1 33.606481984488376 -22.231893614340994 -108.0
6901
-------------------New----------------
0 0 -29.72659536137502 -52.00734251788814 118.5
0 1 -26.602818713731516 -48.07775014681137 108.5
1 0 43.98949026918301 40.73503557250979 -117.5
1 1 41.02205320723691 37.00156731789547 -108.0
6907
-------------------New----------------
0 0 32.23752868328146 21.428700039731556 118.5
0 1 26.249753423734926 22.190148517644538 108.5
1 0 -109.07282476579383 39.408698414600536 -117.5
1 1 -103.38410314928952 38.6844220654325 -108.0
6909
-------------------New----------------
0 0 106.7989141912132 81.15746718023442 118.5
0 1 105.30876666015145 78.56474631658186 108.5
1 0 71.57869584734524 19.97670133046214 -117.5
1 1 72.99679965706812 22.43700512326978 -108.0
6911
-------------------New----------------
0 0 -61.823179301730576 42.48346954529758 118.5
0 1 -60.45324841876942 37.76280255345444 108.5
1 0 -29.33111422824557 -68.4643791025226 -117.5
1 1 -30.63246289093552 -64.00962309689703 -108.0
6913
-------------------New----------------
0 0 47.60528534972537 20.52597450441619 118.5
0 1 47.47672282295203 21.81141941944436 108.5
1 0 44.61070369561507 50.97768746002238 -117.5
1 1 44.72394697115966 49.75401912706633 -108.0
6915
-------------------New----------------
0 0 -51.47052237227516 -1.3805347054120563 118.5
0 1 -48.49476795359687 0.5352753393020744 108.5
1 0 18.776402249036835 43.86099006462741 -117.5
1 1 15.948312357993455 42.03727155947356 -108.0
6916
-------------------New----------------
0 0 -71.31313689945338 -55.332950643904596 118.5
0 1 -70.01349228298383 -50.096802014042304 108.5
1 0 -40.760645094561795 68.35234624114696 -117.5
1 1 -41.99145665159593 63.368960352680325 -108.0
6930
-------------------New----------------
0 0 50.19008894411879 63.85095976227335 118.5
0 1 51.93723589392971 60.247320995874475 108.5
1 0 91.46436226927639 -21.334280297110126 -117.5
1 1 89.80241574891056 -17.893735497611868 -108.0
6932
-------------------New----------------
0 0 -6.733863310009113 -12.50775586466029 118.5
0 1 -2.1738017559537495 -13.049171230057073 108.5
1 0 100.88407772249744 -25.282334823461703 -117.5
1 1 96.55235236800652 -24.768829487551336 -108.0
6939
-------------------New----------------
0 0 33.82662484820612 33.71019755673567 118.5
0 1 31.784246834478637 27.578847856953736 108.5
1 0 -14.40526045278683 -110.9779679018317 -117.5
1 1 -12.464021583665664 -105.15558922936705 -108.0
6944
-------------------New----------------
0 0 -81.300005465439 11.245956384563815 118.5
0 1 -80.82667011732298 12.015789303737103 108.5
1 0 -70.10479413636762 29.41376541049628 -117.5
1 1 -70.55546288112369 28.685410297346703 -108.0
6947
-------------------New----------------
0 0 19.288355075168727 -100.50572531505927 118.5
0 1 16.705681687289417 -98.85451762138864 108.5
1 0 -41.670978901891104 -61.57364854542736 -117.5
1 1 -39.21854305247963 -63.14369363355645 -108.0
6949
-------------------New----------------
0 0 -31.49269794984743 61.41829803823854 118.5
0 1 -34.83855406504727 60.2978758538657 108.5
1 0 -110.46931678572398 34.99152549916671 -117.5
1 1 -107.29058642794477 36.05738064823985 -108.0
6950
-------------------New----------------
0 0 -56.814313076287206 -24.729615170489694 118.5
0 1 -55.200617720252424 -26.95063711610711 108.5
1 0 -18.73592238088313 -77.16083750579912 -117.5
1 1 -20.268519751016793 -75.04909218253074 -108.0
6953
-------------------New----------------
0 0 -69.57970062256331 -2.7127587329509675 118.5
0 1 -69.64504733164686 0.9242760928894924 108.5
1 0 -71.13886566512872 83.08909010792476 -117.5
1 1 -71.07558111137907 79.63838699503361 -108.0
6958
-------------------New----------------
0 0 59.428947181871536 -0.11355237379687103 118.5
0 1 61.704606393558834 -1.4744404344552753 108.5
1 0 113.13174173863283 -32.10730838125025 -117.5
1 1 110.9687426798645 -30.820527908578462 -108.0
6961
-------------------New----------------
0 0 -81.23709584135172 67.71091693610386 118.5
0 1 -78.6823108233061 68.97729735675618 108.5
1 0 -21.008078697196243 97.7004556574515 -117.5
1 1 -23.43106760710048 96.49118343510169 -108.0
6967
-------------------New----------------
0 0 -77.64418703153049 -0.018916163185272207 118.5
0 1 -78.41896403263539 2.7124965956790237 108.5
1 0 -96.33305808825446 62.98842883293232 -117.5
1 1 -95.58795124786265 60.45727658950436 -108.0
6968
-------------------New----------------
0 0 87.19797151348837 -71.55046037271873 118.5
0 1 87.31894917874135 -73.48686986699052 108.5
1 0 90.0052906056554 -116.89491707812537 -117.5
1 1 89.91597158893045 -115.07246417134506 -108.0
6969
-------------------New----------------
0 0 -61.55618184769143 55.85621543723316 118.5
0 1 -57.30396737821262 57.147965463417236 108.5
1 0 38.81757054367963 86.35997695852618 -117.5
1 1 34.77584218615531 85.13224057238646 -108.0
6977
-------------------New----------------
0 0 -20.28586343145139 70.23613281721816 118.5
0 1 -17.989462935510012 69.24240671307201 108.5
1 0 33.97199172074107 46.90024074348251 -117.5
1 1 31.783382755535477 47.837804306572664 -108.0
6978
-------------------New----------------
0 0 -39.94808271621017 63.88542663185136 118.5
0 1 -40.609494703907416 65.79101182172496 108.5
1 0 -55.583771839059196 108.82094146983145 -117.5
1 1 -54.951817731176746 107.01379848398713 -108.0
6979
-------------------New----------------
0 0 -12.831832522992002 -74.18299829062727 118.5
0 1 -16.529713300772944 -71.9863310653567 108.5
1 0 -99.97251657300323 -22.51191612433589 -117.5
1 1 -96.47144326084026 -24.588845459333772 -108.0
6980
-------------------New----------------
0 0 -3.894207871886632 -62.83384667353255 118.5
0 1 0.8015921337851513 -62.07205649389891 108.5
1 0 106.92718202427746 -44.85650312889278 -117.5
1 1 102.46617375003764 -45.58018437480684 -108.0
6994
-------------------New----------------
0 0 69.16680456044831 16.86408311560562 118.5
0 1 68.39166986172468 14.219782076511981 108.5
1 0 50.8782112904163 -45.562026799778266 -117.5
1 1 51.61395330572534 -43.05161742031961 -108.0
6998
-------------------New----------------
0 0 -5.3183124753822835 119.964551327915 118.5
0 1 -2.9480516200685782 122.99416951278826 108.5
1 0 -97.65239881526789 -60.036189492694824 -117.5
1 1 -95.66452923299936 -57.668134594156655 -108.0
7001
-------------------New----------------
0 0 56.08542254173129 80.7713318656179 118.5
0 1 57.45636376973728 82.60723005362972 108.5
1 0 88.48657058612505 124.19479976500381 -117.5
1 1 87.183209980748 122.44631226441729 -108.0
7014
-------------------New----------------
0 0 85.90460238148748 -4.125243246775075 118.5
0 1 87.39779762556242 1.350283223326759 108.5
1 0 121.17890530581647 125.10675317730389 -117.5
1 1 119.75337213008606 119.90179663426564 -108.0
7016
-------------------New----------------
0 0 -32.08281382351315 -10.871554608297675 118.5
0 1 -29.705758407304273 -10.936936085394638 108.5
1 0 23.982822552754705 -12.405976766134563 -117.5
1 1 21.725941381087686 -12.344518764318618 -108.0
7018
-------------------New----------------
0 0 50.963498443339304 72.11512743146531 118.5
0 1 50.5642556137011 69.7706044382948 108.5
1 0 41.534019029437644 16.801196240752656 -117.5
1 1 41.911791707339106 19.029605620065304 -108.0
7029
-------------------New----------------
0 0 57.43679234825582 54.68376154493673 118.5
0 1 56.46004612287201 50.299748382938716 108.5
1 0 34.37650422377842 -48.75911362097354 -117.5
1 1 35.305422403682705 -44.59573176709612 -108.0
7032
-------------------New----------------
0 0 106.38521356951931 -56.457857198593466 118.5
0 1 106.35965740395628 -59.335167681152846 108.5
1 0 105.76236024653426 -124.58118818873334 -117.5
1 1 105.77749153793545 -121.839325844939 -108.0
7036
-------------------New----------------
0 0 -3.327268557046556 -96.81181265476575 118.5
0 1 -3.7019704177790134 -95.1216735272196 108.5
1 0 -12.157388044251638 -56.91035819441188 -117.5
1 1 -11.80198144486099 -58.5165647883306 -108.0
7052
-------------------New----------------
0 0 15.68527049074768 -58.22319018462035 118.5
0 1 16.025265527560173 -59.55895188403866 108.5
1 0 23.695185138183323 -89.75403275244352 -117.5
1 1 23.37281386961542 -88.48482874803952 -108.0
7053
-------------------New----------------
0 0 74.66073391008246 -45.742896667185704 118.5
0 1 71.29473066667143 -45.071282982509985 108.5
1 0 -4.681520249431755 -30.43039579656132 -117.5
1 1 -1.4864110813524993 -31.028269025762448 -108.0
7058
-------------------New----------------
0 0 25.482776086325146 -39.72011355972659 118.5
0 1 29.67825973993801 -39.53403244810559 108.5
1 0 124.50110996742907 -35.38254240001181 -117.5
1 1 120.51565987970426 -35.55347144026887 -108.0
7086
-------------------New----------------
0 0 -28.271885316916695 -28.8666703734928 118.5
0 1 -26.27869534307994 -27.87871279786584 108.5
1 0 18.762066956971854 -5.5433899215229 -117.5
1 1 16.869145762264964 -6.482516085871618 -108.0
7089
-------------------New----------------
0 0 5.785170605565978 18.721105234791832 118.5
0 1 7.768702601612975 22.686151422359423 108.5
1 0 52.62316542578246 112.40607989628487 -117.5
1 1 50.73828994942833 108.63330637251443 -108.0
7090
-------------------New----------------
0 0 60.41614987853883 -6.662549671189863 118.5
0 1 62.510179527020284 -6.968279114574111 108.5
1 0 109.85407123763234 -13.865602873199759 -117.5
1 1 107.86409703574677 -13.574948598808977 -108.0
7096
-------------------New----------------
0 0 79.22436627885114 4.939162388911586 118.5
0 1 77.13743935284303 6.660062946336386 108.5
1 0 29.975719449938943 45.54491100838077 -117.5
1 1 31.95821727219314 43.91126704227318 -108.0
7110
-------------------New----------------
0 0 -88.28150014548346 -20.123780041090157 118.5
0 1 -88.46068845981463 -22.01644407209735 108.5
1 0 -93.04434824147305 -66.07100946198555 -117.5
1 1 -92.83665208245995 -64.13852168365906 -108.0
7117
-------------------New----------------
0 0 -5.256635761967872 -46.32511241077739 118.5
0 1 -7.504856362059073 -44.55336718496204 108.5
1 0 -58.256828343396535 -4.3617343039806 -117.5
1 1 -56.12147290846413 -6.053273533193078 -108.0
7120
-------------------New----------------
0 0 79.77502279487118 -87.35155617798299 118.5
0 1 81.78173949283166 -86.87399087050429 108.5
1 0 127.16175004620436 -76.02236800056474 -117.5
1 1 125.25324352763752 -76.47846657141389 -108.0
7124
-------------------New----------------
0 0 43.96699208574664 -104.80008652413801 118.5
0 1 41.11981043677794 -104.54717134566165 108.5
1 0 -23.20551353890368 -98.8079931918493 -117.5
1 1 -20.50363071247112 -99.04860724551462 -108.0
7130
-------------------New----------------
0 0 -43.69892087916946 -55.567408151940924 118.5
0 1 -41.94088745450797 -54.65218715397681 108.5
1 0 -2.1818022676972277 -33.901208084089056 -117.5
1 1 -3.853063142776398 -34.77596285561933 -108.0
7139
-------------------New----------------
0 0 -48.065694488449076 40.560468738657484 118.5
0 1 -46.618129787092 38.92093615000214 108.5
1 0 -13.832132611692515 1.8654300742812382 -117.5
1 1 -15.210028470644023 3.4218885553008414 -108.0
7145
-------------------New----------------
0 0 -78.23960549768138 11.900830307455847 118.5
0 1 -79.79278258431492 13.21821137328715 108.5
1 0 -115.12546095556226 43.06808923117728 -117.5
1 1 -113.63189168260287 41.81117487343365 -108.0
7154
-------------------New----------------
0 0 26.913141583750036 38.31653937948433 118.5
0 1 30.66308440880683 38.144515806566595 108.5
1 0 115.38503757352187 34.36730125788474 -117.5
1 1 111.82325517075137 34.525464943171215 -108.0
7157
-------------------New----------------
0 0 75.41879370789233 -20.854355780559658 118.5
0 1 73.45844003427995 -17.992964581403726 108.5
1 0 29.056034239103184 46.68416576088485 -117.5
1 1 30.924072176121406 43.960781012030694 -108.0
7173
-------------------New----------------
0 0 52.22577173207272 -69.04766214284992 118.5
0 1 48.9676775609125 -71.4669316459529 108.5
1 0 -24.66297105682154 -126.16328041627885 -117.5
1 1 -21.5683826565451 -123.86350797334948 -108.0
7183
-------------------New----------------
0 0 18.904244276183142 -31.396378146374083 118.5
0 1 21.81512957495068 -31.873897474846267 108.5
1 0 87.87039814011588 -42.64042953409954 -117.5
1 1 85.0860693672282 -42.19122376268348 -108.0
7187
-------------------New----------------
0 0 -25.748743393691065 -82.11367614911178 118.5
0 1 -27.934116440374897 -81.78571502355304 108.5
1 0 -77.56685650734684 -74.38478630471567 -117.5
1 1 -75.45678239170145 -74.69357808168813 -108.0
7201
-------------------New----------------
0 0 -35.274544598428236 92.67719327866358 118.5
0 1 -33.145481537844105 93.8517421555474 108.5
1 0 15.05519007356468 120.45893015046924 -117.5
1 1 13.026905115546672 119.3399947397041 -108.0
7203
-------------------New----------------
0 0 -21.87999429977594 -61.0035783834923 118.5
0 1 -18.95316464946244 -59.11133180766617 108.5
1 0 47.191102460119026 -16.346190078138726 -117.5
1 1 44.41120245194049 -18.14407144670932 -108.0
7205
-------------------New----------------
0 0 47.47376436616049 98.07052180178977 118.5
0 1 46.19524659581351 96.65560503709455 108.5
1 0 17.326887764899723 64.70131902798462 -117.5
1 1 18.54195250576713 66.04325633741124 -108.0
7228
-------------------New----------------
0 0 68.9613307093547 20.465366930925555 118.5
0 1 71.29254116012156 19.914910596903006 108.5
1 0 123.9704514391506 7.473646804114826 -117.5
1 1 121.75554867213346 7.99718785984448 -108.0
7238
-------------------New----------------
0 0 -1.9608014753212317 -73.60411999570282 118.5
0 1 -2.6138989965602155 -73.00246397922993 108.5
1 0 -17.37814484580769 -59.38723162141802 -117.5
1 1 -16.75819564666518 -59.95882520310446 -108.0
7243
-------------------New----------------
0 0 -12.53758637086986 18.804344915874413 118.5
0 1 -15.065953163607684 21.486292246973655 108.5
1 0 -72.02842893081413 82.33794009814845 -117.5
1 1 -69.65850900507822 79.79077730571636 -108.0
7244
-------------------New----------------
0 0 81.7760718669161 -25.567870947709245 118.5
0 1 82.6178380049424 -29.027786314496257 108.5
1 0 101.91358757498146 -106.91491201496959 -117.5
1 1 101.11157875105346 -103.65054180120153 -108.0
7258
-------------------New----------------
0 0 -75.37580784289986 -43.33598117641983 118.5
0 1 -72.9143074345437 -38.513758197894546 108.5
1 0 -17.07862283598132 70.47628822105989 -117.5
1 1 -19.440096925892895 65.89929899712037 -108.0
7281
-------------------New----------------
0 0 -74.10025864668759 -59.59634638067514 118.5
0 1 -76.34979619433771 -59.11193031874143 108.5
1 0 -127.27831329022192 -48.047477523545545 -117.5
1 1 -125.13517266852969 -48.51267951630126 -108.0
7290
-------------------New----------------
0 0 62.01619165772566 -104.57606615132053 118.5
0 1 58.13092738014599 -103.0141075445869 108.5
1 0 -29.72126956419904 -67.67531511659219 -117.5
1 1 -26.02506682558294 -69.1644114453251 -108.0
7295
-------------------New----------------
0 0 -49.14436839545406 -72.66414262780461 118.5
0 1 -46.108613380723014 -74.43368731292489 108.5
1 0 22.511539069416393 -114.40474847546648 -117.5
1 1 19.62935498925851 -112.72597240852747 -108.0
7313
-------------------New----------------
0 0 -102.2947472688578 -75.76061246968733 118.5
0 1 -102.07531183066965 -71.9993153530916 108.5
1 0 -97.12658269179116 13.006796087954816 -117.5
1 1 -97.33412654687183 9.432422915968795 -108.0
7325
-------------------New----------------
0 0 61.48452258379666 57.138278051501196 118.5
0 1 62.54598708664008 55.55748167480506 108.5
1 0 86.53239667554367 19.835522169261935 -117.5
1 1 85.5240095095306 21.337922122670527 -108.0
7328
-------------------New----------------
0 0 33.82539584564442 13.951029052846996 118.5
0 1 29.00920801327957 14.915937216308933 108.5
1 0 -79.95334822899463 36.705116984452886 -117.5
1 1 -75.3707598466515 35.790454376290214 -108.0
7332
-------------------New----------------
0 0 43.459275240819906 62.16066407913327 118.5
0 1 45.0650301962601 63.990778895582594 108.5
1 0 81.28607976418985 105.30339443262014 -117.5
1 1 79.76077056190276 103.56799072974454 -108.0
7339
-------------------New----------------
0 0 -57.52142045616786 39.34665835992026 118.5
0 1 -52.465006181963965 36.3405662626667 108.5
1 0 61.8027369409856 -31.61443496493437 -117.5
1 1 56.99946999040293 -28.757299612625467 -108.0
7340
-------------------New----------------
0 0 -75.16190953622761 107.97553383927723 118.5
0 1 -76.23690967638693 106.62678061020172 108.5
1 0 -101.0812085781665 76.19580668836568 -117.5
1 1 -100.03909598158288 77.45708570730638 -108.0
7342
-------------------New----------------
0 0 53.143042712684725 -101.10640669604334 118.5
0 1 56.172045932399364 -101.35350034203461 108.5
1 0 124.61723626769569 -106.86576421330388 -117.5
1 1 121.75189590785199 -106.62635654110582 -108.0
7345
-------------------New----------------
0 0 4.135256315830011 -43.277587603846555 118.5
0 1 1.8910850777018227 -42.22616799667392 108.5
1 0 -48.80571405569776 -18.464930261741706 -117.5
1 1 -46.67683217121346 -19.46203658171705 -108.0
7359
-------------------New----------------
0 0 -8.61165046900948 8.152784321167273 118.5
0 1 -4.5601713993026936 9.117052071188356 108.5
1 0 86.9333615050463 30.894547307234753 -117.5
1 1 83.0881780843312 29.979667461153458 -108.0
7361
-------------------New----------------
0 0 54.330946930273605 89.47484541013183 118.5
0 1 51.86088261185819 89.90487735305915 108.5
1 0 -3.948340570946823 99.56071392334651 -117.5
1 1 -1.6036987919956593 99.15549424491333 -108.0
7370
-------------------New----------------
0 0 -110.26910320733289 -63.12751719989927 118.5
0 1 -109.08503803040398 -61.30423445683279 108.5
1 0 -82.47107644293696 -19.991945909357213 -117.5
1 1 -83.59097162472725 -21.730346773380802 -108.0
7375
-------------------New----------------
0 0 -81.74559669477469 -1.0043190818452419 118.5
0 1 -81.22525067282758 -3.530369510521094 108.5
1 0 -69.49002106857324 -60.679312615677624 -117.5
1 1 -69.98044222692901 -58.27643914168677 -108.0
7376
-------------------New----------------
0 0 -56.37766578727305 9.326151851641132 118.5
0 1 -54.53035644185896 9.688321139883836 108.5
1 0 -12.753072060824236 17.778056283420447 -117.5
1 1 -14.508884996356741 17.438446462357867 -108.0
7389
-------------------New----------------
0 0 -47.54830456059253 40.182539778908136 118.5
0 1 -46.71588642084748 39.192656616369405 108.5
1 0 -27.805220979990235 16.844924801127785 -117.5
1 1 -28.602092671617335 17.786939134161866 -108.0
7397
-------------------New----------------
0 0 67.24422860771867 101.06316842003469 118.5
0 1 63.515410552555046 100.17065828434032 108.5
1 0 -20.7347633266806 80.01920274875616 -117.5
1 1 -17.19278384168256 80.86466917029941 -108.0
7398
-------------------New----------------
0 0 -85.68694199805222 -1.9431517701442764 118.5
0 1 -86.3658807417761 3.2586677118264915 108.5
1 0 -101.67440991268236 120.73781426633263 -117.5
1 1 -101.01558160426883 115.79689411812862 -108.0
7399
-------------------New----------------
0 0 -15.84678933901851 -33.46105236011283 118.5
0 1 -20.277733124201724 -31.40622553574358 108.5
1 0 -119.77491632602043 15.345026434924941 -117.5
1 1 -115.60065273318203 13.36433531929298 -108.0
7406
-------------------New----------------
0 0 48.580643496404 -26.919285408955698 118.5
0 1 48.64456343510183 -28.67601296948488 108.5
1 0 50.085726965231714 -68.09376496040603 -117.5
1 1 50.0262744810463 -66.44747696124121 -108.0
7409
-------------------New----------------
0 0 41.38625939490777 1.4463703963651575 118.5
0 1 42.570762492432635 1.7047521850139447 108.5
1 0 69.44678744122265 7.577874442784501 -117.5
1 1 68.31418241077375 7.332882646550898 -108.0
7417
-------------------New----------------
0 0 -79.78019891072748 14.352979968028341 118.5
0 1 -77.75664289167318 15.260870286249817 108.5
1 0 -32.0301042389891 35.77942722439663 -117.5
1 1 -33.952841866293646 34.9162947971753 -108.0
7426
-------------------New----------------
0 0 30.07584216382811 -109.03102687174139 118.5
0 1 31.91358146163398 -108.70355379501078 108.5
1 0 73.33540494466338 -101.43792180077271 -117.5
1 1 71.5977677271589 -101.73568201164795 -108.0
7427
-------------------New----------------
0 0 -9.315656298335083 -45.55219689921959 118.5
0 1 -10.321107662024925 -46.73395445733517 108.5
1 0 -33.0338499106559 -73.42257727802547 -117.5
1 1 -32.07968332090611 -72.30053296658362 -108.0
7429
-------------------New----------------
0 0 15.19879068715414 79.31509953106462 118.5
0 1 15.730287582449659 78.65202719430538 108.5
1 0 27.769385008509182 63.661614523463825 -117.5
1 1 27.261070637576193 64.2917254622796 -108.0
7432
-------------------New----------------
0 0 51.495070854856976 -2.8708193539753415 118.5
0 1 47.86536552646533 1.391969215212084 108.5
1 0 -34.09676569588948 97.78141784284097 -117.5
1 1 -30.655553184586445 93.72293878514856 -108.0
7435
-------------------New----------------
0 0 -60.43032980910665 -42.083236141204004 118.5
0 1 -56.85840935569157 -40.25473855134767 108.5
1 0 23.808549927841767 0.8876144819711712 -117.5
1 1 20.413446344108344 -0.8338943713995561 -108.0
7437
-------------------New----------------
0 0 63.63138420333987 26.916441947966735 118.5
0 1 60.7002850229005 23.19748905122467 108.5
1 0 -5.606631216759342 -60.691921100262974 -117.5
1 1 -2.818192000713875 -57.17171910213979 -108.0
7448
-------------------New----------------
0 0 -31.27127300948981 -45.91508164974584 118.5
0 1 -32.086225394316045 -49.40301770915302 108.5
1 0 -50.31150212565456 -127.45393558157241 -117.5
1 1 -49.537864210012465 -124.20845402583318 -108.0
7463
-------------------New----------------
0 0 -75.88993411209539 12.153771087333435 118.5
0 1 -75.18003340453674 16.743169196213522 108.5
1 0 -59.140696041667226 120.46003821443087 -117.5
1 1 -59.81541197625643 116.10091771822663 -108.0
7471
-------------------New----------------
0 0 -40.723016149928085 55.914514787431486 118.5
0 1 -42.2500828633474 56.43500601470622 108.5
1 0 -76.77448581953048 68.28174940325982 -117.5
1 1 -75.32201430021345 67.77552417769506 -108.0
7482
-------------------New----------------
0 0 -78.05195305652617 -53.502120374014474 118.5
0 1 -78.21476940896738 -52.90998237759985 108.5
1 0 -81.796329459193 -39.740699540277916 -117.5
1 1 -81.6537234601932 -40.28805835186391 -108.0
7483
-------------------New----------------
0 0 13.7673573802184 69.54245319087012 118.5
0 1 16.742549947375352 71.01501264823484 108.5
1 0 83.98024363495146 104.27388534727856 -117.5
1 1 81.15320293639513 102.87673780328916 -108.0
7494
-------------------New----------------
0 0 -19.62585783718341 24.36151026316816 118.5
0 1 -19.526944102476893 22.999776352173853 108.5
1 0 -11.169908579726645 -6.711603564558331 -117.5
1 1 -11.807981746020296 -5.50887669165629 -108.0
7504
-------------------New----------------
0 0 66.48656904382602 -20.872214127942577 118.5
0 1 68.9035798004912 -25.22046320957214 108.5
1 0 123.50057803723374 -123.4749556293613 -117.5
1 1 121.20841449826621 -119.34524615625844 -108.0
7507
-------------------New----------------
0 0 11.604674994371482 81.79429913054173 118.5
0 1 5.76994075455854 82.67642787044274 108.5
1 0 -126.12303740141104 102.57165473522896 -117.5
1 1 -120.58051672541153 101.73730600016916 -108.0
7517
-------------------New----------------
0 0 19.822911929397417 -12.986420876062926 118.5
0 1 23.054539638086137 -11.289565663312468 108.5
1 0 96.08659657710805 26.06828722388202 -117.5
1 1 93.00965187790761 24.52446369141534 -108.0
7520
-------------------New----------------
0 0 62.131354060522355 -107.93434064249342 118.5
0 1 59.76265665536759 -108.39335664217595 108.5
1 0 6.319925989161957 -118.61712409798494 -117.5
1 1 8.556081819191052 -118.19799980100308 -108.0
7544
-------------------New----------------
0 0 -10.905362560771035 -48.91236361052261 118.5
0 1 -11.864849341025149 -48.67333426937637 108.5
1 0 -33.024676326691 -44.54260190414527 -117.5
1 1 -32.135730583646335 -44.71206871176487 -108.0
7551
-------------------New----------------
0 0 64.25911600669895 -40.73728196254982 118.5
0 1 65.42880702693985 -37.223941498552676 108.5
1 0 91.78697848272063 42.2092294289116 -117.5
1 1 90.6782862014895 38.871124948552655 -108.0
7554
-------------------New----------------
0 0 -47.59945169481747 114.74166871899561 118.5
0 1 -47.6085741357014 114.4887461082697 108.5
1 0 -47.89657341744209 108.82781652396936 -117.5
1 1 -47.88227771546992 109.06522306735296 -108.0
7557
-------------------New----------------
0 0 38.7822255214995 -29.56963112436073 118.5
0 1 39.43213007436375 -25.813032915016144 108.5
1 0 54.120878295383534 59.08172074042659 -117.5
1 1 53.50349009809944 55.51336251387628 -108.0
7560
-------------------New----------------
0 0 7.69200586903487 86.50554803329894 118.5
0 1 5.695014518773998 86.57914581640748 108.5
1 0 -39.456343848679296 88.2440364433312 -117.5
1 1 -37.558150340276974 88.17412693836448 -108.0
7571
-------------------New----------------
0 0 -16.324878489052757 8.165581129084739 118.5
0 1 -20.796368198716348 8.949472665976376 108.5
1 0 -121.78942662366924 26.680483569902748 -117.5
1 1 -117.547906014609 25.93514134826495 -108.0
7576
-------------------New----------------
0 0 -42.19799376309839 27.32666112046352 118.5
0 1 -42.85197857258424 26.16259934452152 108.5
1 0 -57.67565561251278 0.13593846099399812 -117.5
1 1 -57.05173542437751 1.2237181057943072 -108.0
7584
-------------------New----------------
0 0 -80.72796128236021 47.12110471462375 118.5
0 1 -78.90022587575525 44.030414280075526 108.5
1 0 -37.409583375541715 -25.908548312359795 -117.5
1 1 -39.15902838215598 -22.963876344302985 -108.0
7594
-------------------New----------------
0 0 -106.2374149366494 -6.757748631299348 118.5
0 1 -105.6583346976101 -8.961747495664124 108.5
1 0 -92.54263880086121 -58.81789166528705 -117.5
1 1 -93.09408010512897 -56.721919278092436 -108.0
7622
-------------------New----------------
0 0 -55.89444681436165 -113.85468477739384 118.5
0 1 -53.77370367520875 -113.82993492295361 108.5
1 0 -5.907487279848326 -113.29881680225574 -117.5
1 1 -7.918533354766824 -113.32080962772497 -108.0
7631
-------------------New----------------
0 0 -86.21166192314932 -113.45665586643138 118.5
0 1 -86.61048923621101 -112.69661764192752 108.5
1 0 -95.24911462412966 -95.45986053048736 -117.5
1 1 -94.90112093138596 -96.18766756722458 -108.0
7636
-------------------New----------------
0 0 -34.40256521980099 51.67789793958799 118.5
0 1 -31.834128429382936 54.21656625864612 108.5
1 0 26.129110774313325 111.57017075416577 -117.5
1 1 23.70075925741053 109.15559194956552 -108.0
7647
-------------------New----------------
0 0 -48.18748866830613 93.05375576804832 118.5
0 1 -44.13493453406435 94.01055235578906 108.5
1 0 47.489809170629215 115.6428632096615 -117.5
1 1 43.63745794633782 114.73794988572419 -108.0
7648
-------------------New----------------
0 0 -11.61343672174947 16.390834333632995 118.5
0 1 -7.995593797653726 19.472555370919924 108.5
1 0 73.77472508443114 89.1687917737877 -117.5
1 1 70.33807336895131 86.23499573543782 -108.0
7651
-------------------New----------------
0 0 90.0588168153882 -58.535905388042465 118.5
0 1 90.07580516942244 -54.14872808420512 108.5
1 0 90.45521631159366 45.02239266022159 -117.5
1 1 90.43947542443513 40.85353851762887 -108.0
7659
-------------------New----------------
0 0 56.24471245471358 -73.01778349101284 118.5
0 1 56.7533297157452 -71.17097163380815 108.5
1 0 68.37013702365779 -29.512116161216937 -117.5
1 1 67.88090298819878 -31.263143826125706 -108.0
7669
-------------------New----------------
0 0 121.50028898435653 -19.671584128122227 118.5
0 1 121.59419294056855 -17.01210115566056 108.5
1 0 123.7189053579973 43.11172222442106 -117.5
1 1 123.6299888987323 40.58420072459266 -108.0
7679
-------------------New----------------
0 0 75.54273330483285 -2.7728359476422946 118.5
0 1 77.50075167391795 0.6319351399825693 108.5
1 0 121.74924839148028 77.60084348415464 -117.5
1 1 119.88709392260475 74.36435251083728 -108.0
7689
-------------------New----------------
0 0 -2.159282553696341 -59.15447964283836 118.5
0 1 0.5670883548360667 -54.790534588964384 108.5
1 0 61.415286328544106 44.768263709911295 -117.5
1 1 58.8911976139032 40.54226057786557 -108.0
7696
-------------------New----------------
0 0 -3.136017046720828 1.4652991141582354 118.5
0 1 -4.1078899655683365 3.4935087175349246 108.5
1 0 -26.047541760013836 49.363045859787256 -117.5
1 1 -25.12459268223209 47.433761156161296 -108.0
7709
-------------------New----------------
0 0 -63.89803074400517 -100.22791611390417 118.5
0 1 -64.97144747491372 -101.36081666661815 108.5
1 0 -89.13626847876024 -126.9834696816321 -117.5
1 1 -88.12114130574264 -125.90500047047226 -108.0
7715
-------------------New----------------
0 0 106.89533967712973 -18.409457693254474 118.5
0 1 107.56471065059759 -17.663215821057978 108.5
1 0 123.15518066855421 0.18568796655631517 -117.5
1 1 122.48703494724 -0.607813458390144 -108.0
7719
-------------------New----------------
0 0 -16.684291247911382 -16.14873082469198 118.5
0 1 -12.14157809103428 -11.973092649267524 108.5
1 0 90.48549821523598 82.36342656241467 -117.5
1 1 86.17151267901183 78.39731028845566 -108.0
7725
-------------------New----------------
0 0 106.8545607398975 -15.28184353725175 118.5
0 1 106.60024353694416 -15.40479934885381 108.5
1 0 100.06774490846688 -18.580211747308603 -117.5
1 1 100.36104502918934 -18.44708855449043 -108.0
7729
-------------------New----------------
0 0 106.13423568726401 13.671380960697423 118.5
0 1 106.44530186198556 8.79839963967658 108.5
1 0 113.4108569213652 -101.3341876905838 -117.5
1 1 113.11896334874889 -96.70175737240412 -108.0
7737
-------------------New----------------
0 0 -77.5487325651211 28.50274222201876 118.5
0 1 -78.92538407953009 32.48049895220398 108.5
1 0 -110.03841279727155 122.38130114557501 -117.5
1 1 -108.73039139469468 118.60221959671007 -108.0
7741
-------------------New----------------
0 0 14.429875632314955 6.54740630485435 118.5
0 1 15.809331983367406 9.528158703341564 108.5
1 0 46.71144461396135 77.32249168295974 -117.5
1 1 45.423565728309846 74.46278803952767 -108.0
7742
-------------------New----------------
0 0 28.59374510232804 -62.72177276355069 118.5
0 1 25.53896817408699 -60.871831569802154 108.5
1 0 -43.492598390597024 -19.023418764598496 -117.5
1 1 -40.5751392662478 -20.79955326391467 -108.0
7743
-------------------New----------------
0 0 -85.80114318329302 -45.402343242434455 118.5
0 1 -85.07342603815738 -47.82158605231041 108.5
1 0 -68.59537589025578 -102.50603091974025 -117.5
1 1 -69.28822972648928 -100.20771097694701 -108.0
7746
-------------------New----------------
0 0 15.833258366548511 -28.373196935042653 118.5
0 1 16.84013801244927 -25.343331359509225 108.5
1 0 39.629370230238315 43.06819742637454 -117.5
1 1 38.66994528396229 40.1944595645635 -108.0
7753
-------------------New----------------
0 0 4.374133433551039 -97.81664408405933 118.5
0 1 8.782602309139609 -95.75530718421918 108.5
1 0 108.75377438692082 -49.90154316717975 -117.5
1 1 104.53507402942083 -51.83245808356831 -108.0
7755
-------------------New----------------
0 0 -3.9888288871687934 -103.45744820328373 118.5
0 1 -0.09213524868539036 -104.01898269625215 108.5
1 0 87.93077467751776 -116.6724259061986 -117.5
1 1 84.2403388511342 -116.13785981483588 -108.0
7756
-------------------New----------------
0 0 -31.686584301408335 -19.405506890515557 118.5
0 1 -31.50801286636972 -22.865582468221127 108.5
1 0 -27.45070691601768 -101.07891446709735 -117.5
1 1 -27.63088894982688 -97.79107780739261 -108.0
7758
-------------------New----------------
0 0 -43.25759252583662 -1.8184408387448947 118.5
0 1 -38.8761839272612 -3.9396953641294408 108.5
1 0 60.14959550545969 -51.87956508051028 -117.5
1 1 55.987196684562285 -49.86521539856007 -108.0
7760
-------------------New----------------
0 0 -97.84641019454337 -29.79846653288103 118.5
0 1 -95.94080188603014 -29.590645655759396 108.5
1 0 -52.91853633933626 -24.692444033658127 -117.5
1 1 -54.72364864703769 -24.904082885294994 -108.0
7772
-------------------New----------------
0 0 -43.8911174750426 51.35964290191263 118.5
0 1 -45.718149540322614 51.20799718658441 108.5
1 0 -86.35419448254228 47.83306910388387 -117.5
1 1 -84.65424073213862 47.97432020705845 -108.0
7775
-------------------New----------------
0 0 -77.41144290806282 9.957764126649419 118.5
0 1 -79.07682043630301 14.06245793047188 108.5
1 0 -116.72805684865163 106.86696517125179 -117.5
1 1 -115.14527585100173 102.96848565672072 -108.0
7798
-------------------New----------------
0 0 -76.01800467175462 12.556313787757455 118.5
0 1 -73.04962399379873 9.000071147701869 108.5
1 0 -5.991366413465203 -70.93647617684915 -117.5
1 1 -8.83267480050634 -67.58949733492908 -108.0
7811
-------------------New----------------
0 0 -22.49033945069206 69.90710948899411 118.5
0 1 -22.993431269074648 70.10353206774188 108.5
1 0 -34.354782304405276 74.52405973818534 -117.5
1 1 -33.878101670489 74.33913797759358 -108.0
7817
-------------------New----------------
0 0 12.141218355909382 -78.2323095730353 118.5
0 1 13.33467085908805 -77.23185105354152 108.5
1 0 40.231139656457785 -54.64259938649968 -117.5
1 1 39.104182255617516 -55.591624383822534 -108.0
7821
-------------------New----------------
0 0 -31.77692281316223 50.68806422117632 118.5
0 1 -34.9635992060284 50.899689822697816 108.5
1 0 -107.10743730942406 55.84477860087819 -117.5
1 1 -104.08358960778075 55.63304369874246 -108.0
7823
-------------------New----------------
0 0 -42.52895450411144 -115.29011224569288 118.5
0 1 -44.89641192699817 -115.30599669384726 108.5
1 0 -97.9919712707652 -115.97255370915528 -117.5
1 1 -95.76871810454129 -115.91924760895975 -108.0
7831
-------------------New----------------
0 0 40.51117175121044 69.74724786061397 118.5
0 1 38.84762040945468 69.98316138675004 108.5
1 0 1.2384634893492272 75.2999806145788 -117.5
1 1 2.8196293862301807 75.07697714861806 -108.0
7838
-------------------New----------------
0 0 9.94659787501119 -43.742687769457355 118.5
0 1 7.304834617339603 -40.24648946034105 108.5
1 0 -52.362446002785134 38.69926675568557 -117.5
1 1 -49.85610011360052 35.38351471275309 -108.0
7848
-------------------New----------------
0 0 6.94249387848248 5.08868655172518 118.5
0 1 4.966339841996157 9.092621762392948 108.5
1 0 -39.740186938180116 99.47763343919684 -117.5
1 1 -37.8600206066913 95.69077002976744 -108.0
7852
-------------------New----------------
0 0 -38.76011148907215 107.8758222049614 118.5
0 1 -39.814829597037956 107.9346705718926 108.5
1 0 -63.6472869878178 109.27147603497022 -117.5
1 1 -62.646825637033466 109.21517566888238 -108.0
7856
-------------------New----------------
0 0 28.428807559093162 -6.606982428223337 118.5
0 1 24.840898131957676 -3.134156325527223 108.5
1 0 -56.23279122090597 75.35354635667444 -117.5
1 1 -52.82483342068629 72.05434012432347 -108.0
7859
-------------------New----------------
0 0 9.358668608947022 28.907526489439352 118.5
0 1 5.294685542683851 28.206787314518373 108.5
1 0 -86.49627837880881 12.3542015784611 -117.5
1 1 -82.63989340263899 13.024152951249189 -108.0
7863
-------------------New----------------
0 0 -64.7615486972484 -35.978131311862 118.5
0 1 -65.42994614740903 -37.35778775575375 108.5
1 0 -80.49719700250112 -68.53126082169406 -117.5
1 1 -79.8639282740915 -67.22013944562534 -108.0
7867
-------------------New----------------
0 0 -75.7290367506294 -76.90082231693245 118.5
0 1 -72.95852713968014 -77.59545053712326 108.5
1 0 -10.315301059461088 -93.26551261314896 -117.5
1 1 -12.95065001700964 -92.60786807102775 -108.0
7876
-------------------New----------------
0 0 40.808160414267206 -42.39572597812598 118.5
0 1 41.30032543162326 -44.33096637103689 108.5
1 0 52.362705903938675 -88.07178186548416 -117.5
1 1 51.90148975864977 -86.23029687123906 -108.0
7883
-------------------New----------------
0 0 -95.83741860076269 41.095917222635606 118.5
0 1 -96.29231559594066 40.09525735008988 108.5
1 0 -106.59274096264387 17.53540274764157 -117.5
1 1 -106.15954569384799 18.48324224638444 -108.0
7886
-------------------New----------------
0 0 79.56326660200355 -11.954004610795128 118.5
0 1 76.98297560241534 -15.443047196688937 108.5
1 0 18.320176779245454 -94.26347142052825 -117.5
1 1 20.798615098584527 -90.94923946351511 -108.0
7887
-------------------New----------------
0 0 -11.5718599219143 -9.197047364621652 118.5
0 1 -9.262362259235227 -9.542798350169926 108.5
1 0 42.93520931008511 -17.358165047094456 -117.5
1 1 40.74126646921327 -17.029625495654184 -108.0
7894
-------------------New----------------
0 0 -24.515747152471107 -48.59381222875528 118.5
0 1 -23.028033835055986 -50.636031409546284 108.5
1 0 10.591083007251337 -96.7691158851924 -117.5
1 1 9.178113953005816 -94.83026983334575 -108.0
7904
-------------------New----------------
0 0 55.01689990792196 -43.59942794552806 118.5
0 1 55.53878839926013 -43.202861370492386 108.5
1 0 67.31933602986328 -33.98884097913796 -117.5
1 1 66.83344152407281 -34.343926483371725 -108.0
7905
-------------------New----------------
0 0 74.75670178187116 32.29187732385931 118.5
0 1 74.2880029656043 28.960562161214927 108.5
1 0 63.68647200701586 -46.23523858372936 -117.5
1 1 64.13304044086479 -43.07760222762272 -108.0
7909
-------------------New----------------
0 0 12.231325961449505 -81.87277480726738 118.5
0 1 11.470113561675397 -82.40564429534035 108.5
1 0 -5.645663853233211 -94.37649034204686 -117.5
1 1 -4.930072795618545 -93.87621907842124 -108.0
7915
-------------------New----------------
0 0 -65.4169602383801 -24.266976967507468 118.5
0 1 -62.005767380903286 -24.380795070914637 108.5
1 0 15.108707867459586 -26.962035953946167 -117.5
1 1 11.867018341013893 -26.853080428175463 -108.0
7925
-------------------New----------------
0 0 -97.74591679531456 -2.2996360850516786 118.5
0 1 -98.80740720653128 1.9734638810634877 108.5
1 0 -122.73206547204413 98.47167072324038 -117.5
1 1 -121.727310287877 94.41830119494195 -108.0
7927
-------------------New----------------
0 0 -10.51522384787268 40.179470094145316 118.5
0 1 -11.863743999474453 41.22378008591021 108.5
1 0 -42.33391390336608 64.82628095195136 -117.5
1 1 -41.05236886036046 63.834263049142166 -108.0
7933
-------------------New----------------
0 0 11.223239989164313 -66.21717232859518 118.5
0 1 11.198376266729714 -65.20822530367448 108.5
1 0 10.59689894333096 -42.400521487191284 -117.5
1 1 10.618922205858574 -43.35219760148632 -108.0
7938
-------------------New----------------
0 0 -4.0124792310222155 -4.780215977427673 118.5
0 1 -2.1231125022179675 -2.334146734374178 108.5
1 0 40.54695897736281 52.98941462737565 -117.5
1 1 38.755877631767504 50.66387772705948 -108.0
7944
-------------------New----------------
0 0 -4.575820497610317 -33.53352709621937 118.5
0 1 -7.677798936648105 -36.14844741982799 108.5
1 0 -77.86015139981109 -94.96242579668925 -117.5
1 1 -74.90471534667887 -92.49565329315597 -108.0
7946
-------------------New----------------
0 0 -14.195548765394573 16.722942690703356 118.5
0 1 -16.45329046947936 21.01321804563975 108.5
1 0 -67.50731982309308 117.97445731242647 -117.5
1 1 -65.3592924525811 113.90190551979674 -108.0
7951
-------------------New----------------
0 0 21.0426281472075 -65.23738241875769 118.5
0 1 19.118895564380658 -61.02146680911935 108.5
1 0 -24.369699105676165 34.232484853592396 -117.5
1 1 -22.542602412908685 30.229519903089574 -108.0
7963
-------------------New----------------
0 0 -6.772172642244425 -57.07762768152272 118.5
0 1 -9.584095732253598 -59.05867257649309 108.5
1 0 -73.1439370401264 -103.84991995302305 -117.5
1 1 -70.47202890046042 -101.96649347442643 -108.0
7964
-------------------New----------------
0 0 -78.23739365296136 -21.153410086797177 118.5
0 1 -78.0952465902791 -21.584544353598456 108.5
1 0 -74.87109018736513 -31.331070233103496 -117.5
1 1 -75.00758939557485 -30.92030377643054 -108.0
7968
-------------------New----------------
0 0 -7.9650497197418435 -93.01446012889174 118.5
0 1 -11.84343995975785 -94.39947534962319 108.5
1 0 -99.52140859587169 -125.75943643759028 -117.5
1 1 -95.83760736146692 -124.43466006665945 -108.0
7969
-------------------New----------------
0 0 31.14777653378984 -110.15047547294841 118.5
0 1 27.078613879318418 -110.70284922627312 108.5
1 0 -64.79792065051204 -123.19570535059559 -117.5
1 1 -60.9363694799831 -122.66983063014311 -108.0
7974
-------------------New----------------
0 0 -37.51251853696333 33.05532899599013 118.5
0 1 -36.21214581641515 36.12977903123597 108.5
1 0 -6.913211464104148 105.55768075221786 -117.5
1 1 -8.148995692479293 102.65058437825091 -108.0
7975
-------------------New----------------
0 0 -9.696514328449762 -36.58468077186602 118.5
0 1 -9.49067809156373 -39.007872287692216 108.5
1 0 -4.163274991723673 -95.64523322900864 -117.5
1 1 -4.425471168179124 -93.26534773380959 -108.0
7977
-------------------New----------------
0 0 88.21129299295195 104.50506486305747 118.5
0 1 85.56506714714168 103.46220059369516 108.5
1 0 25.80970058904121 79.92108036342978 -117.5
1 1 28.31773433663805 80.91334590210406 -108.0
7979
-------------------New----------------
0 0 83.68251162578572 -75.61519329745244 118.5
0 1 82.14368634202937 -75.31033714899546 108.5
1 0 47.28299920118287 -68.3350064304661 -117.5
1 1 48.74686051434712 -68.63171972746349 -108.0
7981
-------------------New----------------
0 0 16.70770054811061 64.30162782062108 118.5
0 1 16.057537557345125 65.55162150889224 108.5
1 0 1.3549895946104777 93.79671465939236 -117.5
1 1 1.9731085115994815 92.60936675891074 -108.0
7999
-------------------New----------------
0 0 -31.022730404055853 -68.59325296418504 118.5
0 1 -28.766916820310705 -70.29919828327692 108.5
1 0 21.908692751763397 -109.00339675003491 -117.5
1 1 19.783770816028174 -107.37180185343671 -108.0
8004
-------------------New----------------
0 0 65.73891856132424 -35.49379855101306 118.5
0 1 67.71163255797853 -36.042611506181586 108.5
1 0 112.03424653379662 -48.564119810531245 -117.5
1 1 110.19086578754934 -48.02678757637196 -108.0
8013
-------------------New----------------
0 0 90.21327335282515 -15.917693752142238 118.5
0 1 88.77599855548972 -15.538185492739071 108.5
1 0 56.51844152380805 -6.8649055117648485 -117.5
1 1 57.868132713708995 -7.235307450079084 -108.0
8015
-------------------New----------------
0 0 8.372452161408777 -113.11642814541548 118.5
0 1 9.82008142882983 -113.34849247597363 108.5
1 0 42.70221537922823 -118.87548685502 -117.5
1 1 41.314131965549606 -118.64050527357385 -108.0
8016
-------------------New----------------
0 0 -46.56687133523138 33.8078729814292 118.5
0 1 -44.10938137464716 31.822308945194784 108.5
1 0 11.381524379312959 -12.878208151490574 -117.5
1 1 9.055091518316383 -11.002391243538476 -108.0
8027
-------------------New----------------
0 0 40.20554436882513 47.06591781926811 118.5
0 1 42.00863913547822 48.3720647352361 108.5
1 0 82.7569654457949 77.86902944513201 -117.5
1 1 81.04344382064777 76.62951285430434 -108.0
8029
-------------------New----------------
0 0 -97.10672027436286 -19.629601061473576 118.5
0 1 -97.93904485173093 -18.615654670294823 108.5
1 0 -116.74334063028428 4.299606062073848 -117.5
1 1 -115.95221880900075 3.336694962292765 -108.0
8034
-------------------New----------------
0 0 5.9941669466022125 104.23489308630383 118.5
0 1 8.097916900246052 105.2086479087531 108.5
1 0 55.62624068111184 127.204515857887 -117.5
1 1 53.62816222608276 126.2812858327098 -108.0
8038
-------------------New----------------
0 0 -90.49862105050991 -47.18483660676812 118.5
0 1 -89.88986151224074 -43.587777766191095 108.5
1 0 -76.14878985999273 37.555506885545455 -117.5
1 1 -76.72698320608235 34.14330264784256 -108.0
8042
-------------------New----------------
0 0 41.55549949898085 72.21417649779303 118.5
0 1 41.75055779336389 73.97823378553481 108.5
1 0 46.15286798678959 113.83721832488315 -117.5
1 1 45.96836352199497 112.16190952847 -108.0
8050
-------------------New----------------
0 0 19.22111208469186 27.373562871878345 118.5
0 1 13.773740378661122 21.56189161122984 108.5
1 0 -109.25642646539859 -109.87014677582684 -117.5
1 1 -104.08612486107741 -104.33538767461096 -108.0
8052
-------------------New----------------
0 0 49.02518547101958 67.21974378453108 118.5
0 1 47.287132206857095 69.56622117325492 108.5
1 0 8.06835741047651 122.62044640327125 -117.5
1 1 9.71685506318073 120.38986360179129 -108.0
8068
-------------------New----------------
0 0 -21.758589647722154 10.301459928872935 118.5
0 1 -23.130881073452144 9.086096142262857 108.5
1 0 -53.94933676100153 -18.449690436145467 -117.5
1 1 -52.67314110797396 -17.286981745380924 -108.0
8071
-------------------New----------------
0 0 16.62065908694313 17.801669702925054 118.5
0 1 14.641569606084499 18.315411979946393 108.5
1 0 -30.0861149723182 29.91762314029034 -117.5
1 1 -28.206192488841044 29.43035228423896 -108.0
8072
-------------------New----------------
0 0 20.610686904347528 -48.18606775029514 118.5
0 1 24.500775327988976 -47.813656337879436 108.5
1 0 112.40513970514368 -39.4109587025589 -117.5
1 1 108.71080375369226 -39.76423869470513 -108.0
8075
-------------------New----------------
0 0 -75.0724093871618 4.979743556953264 118.5
0 1 -72.89312902723556 8.780340635375246 108.5
1 0 -23.695454468012215 94.75228487498697 -117.5
1 1 -25.750749513141585 91.1436841826337 -108.0
8076
-------------------New----------------
0 0 -93.4837864559925 -38.997960038725594 118.5
0 1 -93.49806915164704 -41.877320999242365 108.5
1 0 -93.76511866739264 -106.84944877480682 -117.5
1 1 -93.75514798595962 -104.12146802643159 -108.0
8079
-------------------New----------------
0 0 56.085673342404434 41.600228641954295 118.5
0 1 56.25835654118564 42.59746766798686 108.5
1 0 60.178448623878694 65.12184283210996 -117.5
1 1 60.01314741614097 64.17482083069231 -108.0
8082
-------------------New----------------
0 0 -8.902165327223733 67.11285823009413 118.5
0 1 -13.56508994629122 68.61297147969809 108.5
1 0 -118.96659205791431 102.52267763162527 -117.5
1 1 -114.53506824085487 101.09523466602595 -108.0
8084
-------------------New----------------
0 0 41.59519613779337 43.72968600940422 118.5
0 1 44.0884865944458 41.814748939531896 108.5
1 0 100.4266495625942 -1.4489625023400763 -117.5
1 1 98.05792639065496 0.36971694929738985 -108.0
8087
-------------------New----------------
0 0 48.56313613449473 -48.162689392275 118.5
0 1 50.2974832654625 -46.89960264606655 108.5
1 0 89.48792542021414 -18.344707009911833 -117.5
1 1 87.84037451430166 -19.545589953888456 -108.0
8095
-------------------New----------------
0 0 17.030493715083203 20.760541208318507 118.5
0 1 18.04017672401458 24.14235335460599 108.5
1 0 40.857224597332845 100.56217103284122 -117.5
1 1 39.902555589324336 97.35116409542383 -108.0
8105
-------------------New----------------
0 0 73.15581913768835 37.31430542592765 118.5
0 1 73.60597421970564 37.04438575669378 108.5
1 0 83.79056598377306 30.919242219965447 -117.5
1 1 83.36121132417914 31.17768835187014 -108.0
8106
-------------------New----------------
0 0 36.24327354992387 -46.19528043032153 118.5
0 1 38.74778758804494 -44.42127543166975 108.5
1 0 95.38250143226833 -4.344051829608887 -117.5
1 1 93.00256512368455 -6.030504135390854 -108.0
8110
-------------------New----------------
0 0 55.43752626719038 120.58655799007875 118.5
0 1 52.355441893932685 120.26121466370925 108.5
1 0 -17.1583244671944 112.96806937531528 -117.5
1 1 -14.23931432083344 113.2736416789271 -108.0
8117
-------------------New----------------
0 0 -23.78059690631404 12.77482799571253 118.5
0 1 -19.364614884893886 10.471989984075933 108.5
1 0 80.49194415038576 -41.360918327084214 -117.5
1 1 76.28965658415473 -39.1851234283066 -108.0
8122
-------------------New----------------
0 0 -20.358048639491976 -37.89591356485887 118.5
0 1 -22.171475562333843 -38.554460041634286 108.5
1 0 -63.15704780868138 -53.434959774313555 -117.5
1 1 -61.434112838364456 -52.80958972934798 -108.0
8123
-------------------New----------------
0 0 -16.692291187380754 -88.06667578611793 118.5
0 1 -17.747663260130203 -86.46077129141722 108.5
1 0 -41.980087084955265 -49.48600414114318 -117.5
1 1 -40.94713974479942 -51.048424398119664 -108.0
8126
-------------------New----------------
0 0 -55.020409798878404 19.26807130305011 118.5
0 1 -55.3111081894524 13.529434710339228 108.5
1 0 -61.688866270077426 -116.41049304198441 -117.5
1 1 -61.429419196130674 -110.93084189118842 -108.0
8132
-------------------New----------------
0 0 -37.07073297355147 18.590251470151635 118.5
0 1 -37.97796522713123 15.409235175384314 108.5
1 0 -58.43176925954931 -56.498224741131686 -117.5
1 1 -57.57581417617282 -53.47485745336028 -108.0
8133
-------------------New----------------
0 0 61.46162193679864 -83.91807073675132 118.5
0 1 61.079718278338966 -82.28023755994428 108.5
1 0 52.44629995249302 -45.26730330562453 -117.5
1 1 52.809788350416056 -46.822373633490635 -108.0
8134
-------------------New----------------
0 0 -3.0612188772885296 13.935863763867232 118.5
0 1 -7.995830878717404 17.74670396574661 108.5
1 0 -119.38946362608124 103.73517815215448 -117.5
1 1 -114.70718781561386 100.11896855547182 -108.0
8137
-------------------New----------------
0 0 -49.06939393310457 -8.377154764722416 118.5
0 1 -51.05224920849053 -12.298030980053554 108.5
1 0 -96.05029977374987 -101.57029870414426 -117.5
1 1 -94.15752840158265 -97.82125733576419 -108.0
8153
-------------------New----------------
0 0 -5.740780005822305 2.5266822619535056 118.5
0 1 -6.5973498282984595 6.071962275702457 108.5
1 0 -25.843905290618295 86.33020756505424 -117.5
1 1 -25.023076416306765 82.952219868175 -108.0
8154
-------------------New----------------
0 0 64.11904536456424 -70.10238264628421 118.5
0 1 63.49507412596703 -70.45467704032681 108.5
1 0 49.38861787151372 -78.42168685363869 -117.5
1 1 49.98207817347178 -78.08667384893431 -108.0
8158
-------------------New----------------
0 0 -4.056859578046533 73.30757041586834 118.5
0 1 -6.031306863346396 72.27017651018232 108.5
1 0 -50.650934593988254 48.822495017532006 -117.5
1 1 -48.775308922472604 49.80816340767065 -108.0
8164
-------------------New----------------
0 0 -40.91620360413984 24.39220251932898 118.5
0 1 -37.48579687881241 18.213497642029346 108.5
1 0 40.21127847007699 -121.46968056981243 -117.5
1 1 36.940592608471135 -115.59862013383311 -108.0
8166
-------------------New----------------
0 0 -9.35536846714686 109.71962190897273 118.5
0 1 -11.94655798593334 109.49486332080895 108.5
1 0 -70.52878257878184 104.3930962827059 -117.5
1 1 -68.06673711219408 104.60837103920626 -108.0
8176
-------------------New----------------
0 0 42.484755672133915 -18.40336924293437 118.5
0 1 38.27173273053791 -22.066275775451448 108.5
1 0 -56.94890067548751 -104.83264361498588 -117.5
1 1 -52.9462599304812 -101.35413777323507 -108.0
8178
-------------------New----------------
0 0 85.28439094627807 21.155231291753445 118.5
0 1 83.87316293335576 20.937023721130835 108.5
1 0 51.394096174006336 15.960260728286562 -117.5
1 1 52.773466472246014 16.151339296419863 -108.0
8186
-------------------New----------------
0 0 3.2652928202974763 9.318643720966932 118.5
0 1 -0.44362504051580204 9.779410717034619 108.5
1 0 -84.19024465389754 20.18014866554524 -117.5
1 1 -80.67203200734495 19.742512233948556 -108.0
8187
-------------------New----------------
0 0 8.441643066277884 -51.68385039351625 118.5
0 1 5.057673159307257 -49.05672950121905 108.5
1 0 -71.82513998452897 10.386314064290376 -117.5
1 1 -68.58450927264559 7.890874149601288 -108.0
8189
-------------------New----------------
0 0 -3.363656810443325 -5.429069389308769 118.5
0 1 -8.103746457858984 -1.12832700047506 108.5
1 0 -115.27912961523728 96.09633845154167 -117.5
1 1 -110.77230905058775 92.00551161314533 -108.0
8193
-------------------New----------------
0 0 22.58936564415368 -24.039354462107877 118.5
0 1 23.945465450658865 -24.772249003358343 108.5
1 0 54.51504197848086 -40.82929153561806 -117.5
1 1 53.22135941121995 -40.17140212313082 -108.0
8196
-------------------New----------------
0 0 15.61030317631572 52.22008790402507 118.5
0 1 16.065113151148584 50.600264043050146 108.5
1 0 26.343952292994295 13.98833920198814 -117.5
1 1 25.911675874294456 15.52756122639183 -108.0
8197
-------------------New----------------
0 0 -15.968118041388669 -39.13765126839073 118.5
0 1 -14.660587806820748 -35.22850138598053 108.5
1 0 15.01031407790386 53.033293724480345 -117.5
1 1 13.76156527979079 49.318997619261765 -108.0
8205
-------------------New----------------
0 0 86.28159326861305 93.36792104219407 118.5
0 1 83.56775907150617 93.94085464833748 108.5
1 0 22.44721232709088 106.8790363963033 -117.5
1 1 25.013134660486976 106.33091369157441 -108.0
8207
-------------------New----------------
0 0 -16.822230636286275 -80.41792747180227 118.5
0 1 -20.046033904586835 -77.58512078773924 108.5
1 0 -92.87745921155249 -13.546494551619654 -117.5
1 1 -89.81768961809193 -16.236579479442625 -108.0
8213
-------------------New----------------
0 0 -121.89612091684346 -76.4364402805073 118.5
0 1 -123.12972586033966 -89.48776993344435 108.5
1 0 -9.600859525662894 -5.378096592648587 -117.5
1 1 -10.305405662470898 -5.222168164297039 -108.0
8239
-------------------New----------------
0 0 -82.69404624853927 -9.460952855875567 118.5
0 1 -81.08557362790773 -12.258864668316352 108.5
1 0 -44.716180888432675 -75.47403851466122 -117.5
1 1 -46.24530474979182 -72.81715308502447 -108.0
8240
-------------------New----------------
0 0 73.76892553775907 -11.074488055075875 118.5
0 1 71.51737204157325 -9.58574079986985 108.5
1 0 20.622794161435877 24.15866267227316 -117.5
1 1 22.76011476933569 22.739195534986845 -108.0
8250
-------------------New----------------
0 0 -22.584169779823306 -59.69768727219649 118.5
0 1 -26.197436732506713 -56.87560264521851 108.5
1 0 -107.86028239214713 6.90939686688926 -117.5
1 1 -104.42721414852276 4.227954395456244 -108.0
8254
-------------------New----------------
0 0 -5.395051823286757 84.21237137712268 118.5
0 1 -0.48032530241473737 83.30226433146613 108.5
1 0 110.51010920718959 62.93536208607081 -117.5
1 1 105.84790048074201 63.790886903114384 -108.0
8255
-------------------New----------------
0 0 74.40404598374326 47.11536476589722 118.5
0 1 73.56164570692196 46.3729036612402 108.5
1 0 54.53255336107203 29.594871728689395 -117.5
1 1 55.331492732656464 30.300360938414094 -108.0
8276
-------------------New----------------
0 0 17.758164003128805 -20.949121039171096 118.5
0 1 17.008156040337102 -20.41188473776428 108.5
1 0 -0.9821963351669311 -8.064842107129405 -117.5
1 1 -0.209759476393919 -8.596178475971533 -108.0
8277
-------------------New----------------
0 0 66.37343805081372 -36.832037569117624 118.5
0 1 68.23210066340994 -36.70134110014222 108.5
1 0 110.24274401269824 -33.7438449082235 -117.5
1 1 108.47671832678739 -33.868342142539426 -108.0
8283
-------------------New----------------
0 0 1.1114989966505089 8.586179855495454 118.5
0 1 6.2135281131578 12.428159498951079 108.5
1 0 121.52269901904965 99.2226483497579 -117.5
1 1 116.6772276392708 95.57127546040898 -108.0
8294
-------------------New----------------
0 0 52.03099684799061 98.80340019078389 118.5
0 1 51.50295412941597 97.86039383867421 108.5
1 0 39.473425865540435 76.5708558027964 -117.5
1 1 39.980546011868064 77.470352741003 -108.0
8302
-------------------New----------------
0 0 73.38398095388068 -89.70576401746125 118.5
0 1 72.18638376260408 -90.09194531606934 108.5
1 0 45.14360101702486 -98.7314660843888 -117.5
1 1 46.282320271805304 -98.37247771295496 -108.0
8310
-------------------New----------------
0 0 -80.57908149673831 -106.81650252113918 118.5
0 1 -82.26661056493013 -106.50438135124284 108.5
1 0 -120.33357416672683 -99.58416125680431 -117.5
1 1 -118.73698968191809 -99.87517668173314 -108.0
8320
-------------------New----------------
0 0 96.21638463104044 -77.79648639419545 118.5
0 1 97.5004613324346 -78.58666668543223 108.5
1 0 126.52581211883219 -96.42896908088966 -117.5
1 1 125.3055968913458 -95.67968242107762 -108.0
8323
-------------------New----------------
0 0 20.274773976594098 41.08691703900615 118.5
0 1 21.48790702590518 41.140194077194586 108.5
1 0 48.899563188086184 42.3193007509518 -117.5
1 1 47.74662163872033 42.26965859201607 -108.0
8324
-------------------New----------------
0 0 3.0205319934729973 -37.229949063017706 118.5
0 1 -0.7084966268758397 -36.84107559562295 108.5
1 0 -85.00865285978327 -28.021047961558445 -117.5
1 1 -81.46592250505627 -28.392365794828113 -108.0
8326
-------------------New----------------
0 0 -19.212337502085028 98.99777871245318 118.5
0 1 -14.111349483347619 97.61082499563457 108.5
1 0 101.07970804277531 66.2127933118047 -117.5
1 1 96.2276583545038 67.53434044230264 -108.0
8332
-------------------New----------------
0 0 71.63609189766035 11.90911826223097 118.5
0 1 68.51721831158834 7.426569948138962 108.5
1 0 -2.0224113647597712 -93.92363437579787 -117.5
1 1 0.9414697850582883 -89.66339612372477 -108.0
8348
-------------------New----------------
0 0 11.41460724293265 20.574498970463306 118.5
0 1 9.198117466869661 14.493247066841866 108.5
1 0 -42.98309667818986 -123.36826647143523 -117.5
1 1 -40.78070519399476 -117.58398963659079 -108.0
8358
-------------------New----------------
0 0 -95.3818247117709 68.79888365389363 118.5
0 1 -94.1811907606357 68.31265200939424 108.5
1 0 -67.04454325140088 57.28694736705645 -117.5
1 1 -68.18309348639863 57.755062669696336 -108.0
8364
-------------------New----------------
0 0 28.71666961377564 -38.14358675931366 118.5
0 1 31.133232248269785 -37.47193394456897 108.5
1 0 85.83552944718704 -22.33148941106218 -117.5
1 1 83.53412871725085 -22.967136368932703 -108.0
8370
-------------------New----------------
0 0 -18.61652697001026 -104.91271933246173 118.5
0 1 -18.32896843146535 -104.21308219508244 108.5
1 0 -11.75347450322748 -88.3837026853919 -117.5
1 1 -12.03182082678414 -89.04749213463371 -108.0
8372
-------------------New----------------
0 0 24.10747415075597 -71.1087072417558 118.5
0 1 18.700856507108245 -69.31040123460369 108.5
1 0 -103.57816366735737 -28.429963287061334 -117.5
1 1 -98.4243845205963 -30.16707193139694 -108.0
8375
-------------------New----------------
0 0 -23.305974468395497 -4.916896057512252 118.5
0 1 -17.186490717995234 -9.34246430513387 108.5
1 0 121.31624259991236 -109.40379129047128 -117.5
1 1 115.49359521606353 -105.1977107227711 -108.0
8380
-------------------New----------------
0 0 75.80422136113903 5.579235393212324 118.5
0 1 73.67918342000958 5.5183412451550415 108.5
1 0 25.65199630315417 4.138890561253949 -117.5
1 1 27.670830215337777 4.197002848670959 -108.0
8384
-------------------New----------------
0 0 53.746301978810834 -1.657344503933066 118.5
0 1 55.21386402151846 0.885489904307569 108.5
1 0 88.37923411895875 58.362859704493346 -117.5
1 1 86.98181410100196 55.94618470615596 -108.0
8393
-------------------New----------------
0 0 23.622981607860414 -37.739545723412334 118.5
0 1 27.59142960238587 -38.37667834094444 108.5
1 0 117.42707920930911 -52.82740850542696 -117.5
1 1 113.64837047899032 -52.2180365523732 -108.0
8399
-------------------New----------------
0 0 94.141712701813 -45.427440562540674 118.5
0 1 93.97150171657238 -40.63903555033196 108.5
1 0 90.1454601565757 67.5258848712038 -117.5
1 1 90.30443195905642 62.98030790251603 -108.0
8409
-------------------New----------------
0 0 -42.51061480154728 64.65240453347211 118.5
0 1 -41.9495329179385 66.5129164787025 108.5
1 0 -29.13191560885871 108.58980592952189 -117.5
1 1 -29.678504094825307 106.82060110651976 -108.0
8414
-------------------New----------------
0 0 -50.33182460179947 -63.10959868848924 118.5
0 1 -52.592913614753435 -58.481086126145726 108.5
1 0 -103.67272626106282 46.095087283190495 -117.5
1 1 -101.52595586148881 41.69932195855398 -108.0
8417
-------------------New----------------
0 0 24.191881253838964 89.82076797032558 118.5
0 1 27.581250821648688 90.22465267045571 108.5
1 0 104.18574747288605 99.35198977931884 -117.5
1 1 100.96543661902561 98.96830296874325 -108.0
8445
-------------------New----------------
0 0 24.855365640459382 58.268252485310974 118.5
0 1 28.314801188488957 54.90819316062643 108.5
1 0 106.46828826523361 -21.011247088881852 -117.5
1 1 103.18320138462336 -17.819753148315726 -108.0
8455
-------------------New----------------
0 0 -45.58648532729564 2.6877739541419343 118.5
0 1 -45.68192792308742 3.805664963129549 108.5
1 0 -47.838016251893514 29.07612161789953 -117.5
1 1 -47.747336758691496 28.013768411260827 -108.0
8456
-------------------New----------------
0 0 24.57586938477875 15.735868218857656 118.5
0 1 23.994197772760188 14.753238559102721 108.5
1 0 10.572163458745425 -6.840411160489869 -117.5
1 1 11.148885965946365 -5.960012635767534 -108.0
8458
-------------------New----------------
0 0 35.4304631114921 -91.88089227784593 118.5
0 1 32.255445074269645 -91.09953749017401 108.5
1 0 -39.49919396330969 -73.4343101595829 -117.5
1 1 -36.48299680494509 -74.17693170665966 -108.0
8463
-------------------New----------------
0 0 -43.500094544602625 17.577477200628262 118.5
0 1 -43.1083821781776 16.31300101734587 108.5
1 0 -34.31440113369022 -12.289452029038092 -117.5
1 1 -34.68307576051038 -11.08701470379845 -108.0
8464
-------------------New----------------
0 0 61.8602126757033 104.02061206070046 118.5
0 1 60.59801656800671 103.1380047557227 108.5
1 0 31.66661008939385 84.85802444323424 -117.5
1 1 32.90108611935135 85.56857113677204 -108.0
8467
-------------------New----------------
0 0 91.27931932581625 -26.637594991099785 118.5
0 1 91.72890252699041 -25.983218340858855 108.5
1 0 101.79587387264357 -11.216858507124295 -117.5
1 1 101.3768096160135 -11.831039984636277 -108.0
8470
-------------------New----------------
0 0 -29.781030841860723 118.17133693366561 118.5
0 1 -27.64762274317543 118.01462722927522 108.5
1 0 20.530656353398705 114.52218647728594 -117.5
1 1 18.50655513217551 114.66750379425662 -108.0
8472
-------------------New----------------
0 0 -47.774476264556554 81.19505239431301 118.5
0 1 -49.93988603624161 81.17742583514541 108.5
1 0 -98.84184914442946 80.74321642991451 -117.5
1 1 -96.7938910718029 80.76322174312256 -108.0
8476
-------------------New----------------
0 0 13.850642368107819 14.831891512688998 118.5
0 1 18.32541902025347 16.131503764880005 108.5
1 0 119.13263443372985 45.250745156225534 -117.5
1 1 114.90114406661482 44.03067687950899 -108.0
8477
-------------------New----------------
0 0 -84.83272604541123 -30.87909151083813 118.5
0 1 -86.0645095302165 -30.698703035310547 108.5
1 0 -114.04562915674816 -26.496673869184416 -117.5
1 1 -112.86863091266632 -26.669598545699756 -108.0
8483
-------------------New----------------
0 0 28.483824743285368 -85.47386529978886 118.5
0 1 31.3106627635262 -84.37467044326907 108.5
1 0 95.19362475698307 -59.53533105104022 -117.5
1 1 92.50838042371802 -60.57939066147317 -108.0
8484
-------------------New----------------
0 0 -40.11841513637811 -41.67290543301506 118.5
0 1 -37.460928772516944 -42.37450009732025 108.5
1 0 22.27540429320679 -58.256766434125765 -117.5
1 1 19.772494668038235 -57.5900727155373 -108.0
8497
-------------------New----------------
0 0 91.41309167483735 78.30623898186168 118.5
0 1 89.97253780288149 75.02182320046384 108.5
1 0 57.46741588626031 0.7821319312820749 -117.5
1 1 58.82885454927638 3.905362797533557 -108.0
8501
-------------------New----------------
0 0 65.40285527459262 3.8006525305306127 118.5
0 1 61.28318984696043 0.04548337676093226 108.5
1 0 -31.817285343976568 -84.84721106841523 -117.5
1 1 -27.90131394012129 -81.27838148848141 -108.0
8512
-------------------New----------------
0 0 -82.23856743214225 -8.246315229722073 118.5
0 1 -84.0901205054347 -7.148593849269941 108.5
1 0 -125.76967152098075 17.873653170454922 -117.5
1 1 -124.06820599520586 16.82672582672263 -108.0
8519
-------------------New----------------
0 0 -18.962782528793255 84.87379859012587 118.5
0 1 -23.15501481274076 81.97172725126366 108.5
1 0 -117.93058421439089 16.362435208381235 -117.5
1 1 -113.94314463044643 19.120391254879593 -108.0
8520
-------------------New----------------
0 0 86.82707450739228 -53.24893834890702 118.5
0 1 87.94428747891662 -55.04298048750893 108.5
1 0 113.16854523014415 -95.58011754603893 -117.5
1 1 112.10920002043592 -93.87632230045696 -108.0
8541
-------------------New----------------
0 0 35.884551653385756 -82.46583336042633 118.5
0 1 37.124041063336804 -80.72110099366115 108.5
1 0 65.10709797283515 -41.17803133272598 -117.5
1 1 63.93002012620218 -42.8421833815166 -108.0
8544
-------------------New----------------
0 0 8.365713160019732 -49.91484065034007 118.5
0 1 10.07602713183189 -48.48715820003364 108.5
1 0 48.731004874671726 -16.25776051803262 -117.5
1 1 47.10644457835197 -17.61327869613574 -108.0
8548
-------------------New----------------
0 0 91.84523827072147 -36.25937237213663 118.5
0 1 92.89700416394865 -39.79382270704919 108.5
1 0 116.69095872060373 -119.66542935125183 -117.5
1 1 115.68935574919473 -116.30872712493439 -108.0
8550
-------------------New----------------
0 0 -5.922342893836691 -19.454997263532846 118.5
0 1 -2.652884750592614 -21.746071803667462 108.5
1 0 71.22198885640098 -73.51184319261974 -117.5
1 1 68.11723756834807 -71.33679001384027 -108.0
8561
-------------------New----------------
0 0 58.01394007630621 64.29438539914113 118.5
0 1 60.87910701927113 62.32758461234124 108.5
1 0 125.49354285083544 17.918845827774508 -117.5
1 1 122.77632000002984 19.780869152119145 -108.0
8563
-------------------New----------------
0 0 -49.72246988040466 -33.459542247162055 118.5
0 1 -49.947188227783144 -31.954702591361247 108.5
1 0 -54.79018511334438 1.9888749840780235 -117.5
1 1 -54.593831665919765 0.5645297153414112 -108.0
8566
-------------------New----------------
0 0 -19.059752230207454 -36.77487628857739 118.5
0 1 -19.89222804360392 -30.28038710339206 108.5
1 0 -38.64922310059865 116.45849653463156 -117.5
1 1 -37.863034621486875 110.29060817113532 -108.0
8573
-------------------New----------------
0 0 61.72564937516785 91.96383119159763 118.5
0 1 61.14674941454973 91.80491182356988 108.5
1 0 48.078750449039354 88.1874734595286 -117.5
1 1 48.63210500536048 88.3438548363033 -108.0
8579
-------------------New----------------
0 0 -26.284602407557532 -55.82300077453682 118.5
0 1 -27.816108727140755 -53.842210576669046 108.5
1 0 -62.37924635678629 -9.068440342170602 -117.5
1 1 -60.92850382392614 -10.951269874157209 -108.0
8593
-------------------New----------------
0 0 -47.01006291491734 3.9865800676242977 118.5
0 1 -48.281267175772136 5.295235568441702 108.5
1 0 -77.0497190731982 34.83611002578978 -117.5
1 1 -75.8428401122205 33.592305203562105 -108.0
8607
-------------------New----------------
0 0 94.25149800340691 63.14755586737749 118.5
0 1 94.50091479923783 62.83153061568929 108.5
1 0 100.13047212052169 55.710128315138526 -117.5
1 1 99.89769736167337 56.00966533913025 -108.0
8610
-------------------New----------------
0 0 -19.08331535295823 52.50321140769209 118.5
0 1 -22.168931152676187 51.677520407186265 108.5
1 0 -92.0934934316901 32.90640890205352 -117.5
1 1 -89.14629421889418 33.698456185204805 -108.0
8611
-------------------New----------------
0 0 24.901127958665437 0.5353368438925772 118.5
0 1 28.271063435819656 -3.1029569727034962 108.5
1 0 104.66342578026186 -85.19028510515632 -117.5
1 1 101.44906872034126 -81.7495243658494 -108.0
8623
-------------------New----------------
0 0 -47.494836164654245 35.931725530777086 118.5
0 1 -42.03842181378229 34.03427506196925 108.5
1 0 81.27374290856261 -8.846747772361955 -117.5
1 1 76.09025665043762 -7.044157686856247 -108.0
8634
-------------------New----------------
0 0 7.929172620873665 109.08879400877063 118.5
0 1 4.1334693107239495 109.51333546008532 108.5
1 0 -81.653452363121 119.11151316660748 -117.5
1 1 -78.04643632206064 118.7078409329182 -108.0
8667
-------------------New----------------
0 0 89.93198807887947 -0.9616674624747071 118.5
0 1 89.82841885273587 0.05046105495689832 108.5
1 0 87.46872531983436 22.86069948026911 -117.5
1 1 87.56996323432915 21.904457707849954 -108.0
8672
-------------------New----------------
0 0 97.65157775233486 -7.700469237096253 118.5
0 1 97.38137181066683 -5.911741497007401 108.5
1 0 91.3551392791549 34.43829414419795 -117.5
1 1 91.60999725096661 32.74063505013727 -108.0
8679
-------------------New----------------
0 0 56.33530481332375 -28.933703714549022 118.5
0 1 59.2089922133026 -26.83100545917504 108.5
1 0 124.07373324238158 20.374782311178173 -117.5
1 1 121.35343680789776 18.400618528438123 -108.0
8690
-------------------New----------------
0 0 -121.14003921303372 59.432300014212004 118.5
0 1 -120.86069721014637 54.63700442520526 108.5
1 0 -114.54913419544974 -53.72429648745043 -117.5
1 1 -114.81402451106719 -49.16881107422647 -108.0
8692
-------------------New----------------
0 0 -15.036735564257194 -59.799922982475536 118.5
0 1 -11.497179161262276 -57.26885881683347 108.5
1 0 68.4629935423819 -0.08463032872356138 -117.5
1 1 65.1027286087427 -2.489145867272275 -108.0
8698
-------------------New----------------
0 0 -87.63858081718404 66.35919790464197 118.5
0 1 -88.99173284538227 66.8000394671146 108.5
1 0 -119.52618123138416 76.66992707167245 -117.5
1 1 -118.2414617388434 76.25982283867828 -108.0
8708
-------------------New----------------
0 0 43.72047705181495 45.12848717523095 118.5
0 1 43.20626756366083 39.67510087466418 108.5
1 0 31.5844842790087 -83.57399480569605 -117.5
1 1 32.0728805912904 -78.39373169670144 -108.0
8712
-------------------New----------------
0 0 101.11956341452758 71.43435330653458 118.5
0 1 100.21946769846235 71.38988312942453 108.5
1 0 79.81832905328865 70.44890704074508 -117.5
1 1 80.6699105140726 70.48783664921145 -108.0
8718
-------------------New----------------
0 0 -22.362610520437816 -32.77550981537389 118.5
0 1 -20.166229581765826 -35.57735775216484 108.5
1 0 29.50015871964242 -98.93617540574539 -117.5
1 1 27.4121871479486 -96.27703488366187 -108.0
8722
-------------------New----------------
0 0 -35.038395513902564 36.73168285497847 118.5
0 1 -33.0744525928376 37.57234009826671 108.5
1 0 11.317894426993751 56.59363554590347 -117.5
1 1 9.451356715909352 55.79526174569838 -108.0
8727
-------------------New----------------
0 0 -40.6443805331342 -55.159526607679766 118.5
0 1 -37.69764365055512 -58.81061160414946 108.5
1 0 -80.56265076730955 -109.25503534945116 -117.5
1 1 -78.32517989401131 -109.22554212913178 -108.0
8731
-------------------New----------------
0 0 -35.781201878398875 -40.70807498145485 118.5
0 1 -30.73896643136344 -39.64223492695336 108.5
1 0 83.24289573313311 -15.531129251460607 -117.5
1 1 78.45007082106687 -16.544490697576613 -108.0
8733
-------------------New----------------
0 0 38.41570818782775 13.179940454947104 118.5
0 1 35.009480041309814 9.08776960383293 108.5
1 0 -41.939172195824355 -83.40499282986428 -117.5
1 1 -38.705681506210524 -79.51614129098957 -108.0
8737
-------------------New----------------
0 0 -59.66541870527111 4.163652024358603 118.5
0 1 -56.19757834521685 0.6699053772314538 108.5
1 0 22.170216228905787 -78.29439107561554 -117.5
1 1 18.878919567366147 -74.97533391801934 -108.0
8738
-------------------New----------------
0 0 54.53245348008992 72.11777069216971 118.5
0 1 54.97947837478752 72.64403964055906 108.5
1 0 65.02220580354853 84.5629720566785 -117.5
1 1 64.6041102827098 84.07063230664315 -108.0
8742
-------------------New----------------
0 0 -8.531255380000959 84.7778365381588 118.5
0 1 -9.40404914238697 81.91839967590187 108.5
1 0 -28.93049930571267 17.151519516164452 -117.5
1 1 -28.11896376884434 19.871150782614187 -108.0
8744
-------------------New----------------
0 0 104.52519358053374 -27.429762718268847 118.5
0 1 104.76493551075721 -28.54391357229387 108.5
1 0 110.12366733204867 -53.745617855121054 -117.5
1 1 109.89770760235456 -52.692821024809916 -108.0
8746
-------------------New----------------
0 0 -14.18931663424117 -39.18069938662287 118.5
0 1 -11.42227715055848 -35.892835430292806 108.5
1 0 51.109751752931196 38.45043008684217 -117.5
1 1 48.48087655736663 35.32365987898678 -108.0
8750
-------------------New----------------
0 0 71.73959516572725 56.19402137131099 118.5
0 1 69.2335606952976 52.40976202783622 108.5
1 0 14.432685476261716 -34.20996518171562 -117.5
1 1 16.60284950719093 -30.51873338259067 -108.0
8758
-------------------New----------------
0 0 -29.656995982433596 -107.59155859840409 118.5
0 1 -28.827440144587086 -107.25173787303022 108.5
1 0 -10.044611429596056 -99.60514034639273 -117.5
1 1 -10.83467698562728 -99.92512797365833 -108.0
8763
-------------------New----------------
0 0 -49.73635842644548 105.20300337915712 118.5
0 1 -51.55972129089688 105.6418872970673 108.5
1 0 -92.76725154519505 115.56595437252285 -117.5
1 1 -91.0349805943072 115.15002006755942 -108.0
8766
-------------------New----------------
0 0 8.6283614701462 -1.032296904928081 118.5
0 1 7.339812986586057 -0.9946864882843641 108.5
1 0 -22.143466100879337 -0.43966786540397473 -117.5
1 1 -20.890085684372036 -0.4475603604584883 -108.0
8768
-------------------New----------------
0 0 -26.927751756055493 42.253737961105244 118.5
0 1 -28.043838297909634 38.698736423965435 108.5
1 0 -53.28470143131377 -41.65707161875587 -117.5
1 1 -52.22113610794088 -38.278200433410355 -108.0
8771
-------------------New----------------
0 0 -13.760446632916569 -7.904052896897213 118.5
0 1 -10.017038533368696 -4.790913567936235 108.5
1 0 74.5820964226409 65.55482662355232 -117.5
1 1 71.02590918915597 62.5984055637883 -108.0
8785
-------------------New----------------
0 0 69.59959648275797 -77.26847317418182 118.5
0 1 68.84068227123863 -77.11463637544651 108.5
1 0 51.73293402439941 -73.64204218905317 -117.5
1 1 52.44593488610735 -73.77413505308297 -108.0
8787
-------------------New----------------
0 0 -26.963763994890094 -3.0391254513784225 118.5
0 1 -25.024195471840038 -7.0457031508644805 108.5
1 0 18.947077462539127 -98.08364892908074 -117.5
1 1 17.101312540775705 -94.23947252670443 -108.0
8788
-------------------New----------------
0 0 -48.46569886417841 -7.245585374747806 118.5
0 1 -49.22801040036435 -7.4396577248192175 108.5
1 0 -66.46733204577714 -11.997573610819508 -117.5
1 1 -65.7422312618593 -11.808605869091853 -108.0
8792
-------------------New----------------
0 0 -98.43356693041372 -1.3671882561821989 118.5
0 1 -97.49839854085397 -3.597999566746992 108.5
1 0 -76.4330842968474 -53.98726096427886 -117.5
1 1 -77.31902894912498 -51.870002621194985 -108.0
8797
-------------------New----------------
0 0 -103.93004243414643 0.842263502820338 118.5
0 1 -103.35307158753199 -3.4415786206954495 108.5
1 0 -90.2992947505006 -100.32517383970502 -117.5
1 1 -90.84797449594713 -96.25036563548692 -108.0
8799
-------------------New----------------
0 0 55.226557180224106 -34.16828962183342 118.5
0 1 53.960002427450966 -36.96398291488807 108.5
1 0 25.33988766788415 -100.1415174163456 -117.5
1 1 26.543081289666144 -97.48585554949192 -108.0
8803
-------------------New----------------
0 0 84.12840771791849 -20.996605221707043 118.5
0 1 82.62029894925737 -23.561076945356483 108.5
1 0 48.5585116524231 -81.54359024668824 -117.5
1 1 49.98865162323908 -79.10506239157495 -108.0
8810
-------------------New----------------
0 0 23.07745255656593 -32.671210056755406 118.5
0 1 22.9097166345892 -29.504440919241027 108.5
1 0 11.93866533475882 41.98418374591138 -117.5
1 1 12.717531239252615 38.98345784763846 -108.0
8812
-------------------New----------------
0 0 -36.97538439689708 108.06235793597713 118.5
0 1 -30.958121734092508 107.77479195676668 108.5
1 0 105.14769804824286 101.36463487241475 -117.5
1 1 99.4211938904358 101.6354906982519 -108.0
8816
-------------------New----------------
0 0 5.636212933628821 29.400139703959752 118.5
0 1 4.178679741573773 27.552425459724628 108.5
1 0 -28.86288275354849 -14.322484958475178 -117.5
1 1 -27.47074379626692 -12.556451841666547 -108.0
8818
-------------------New----------------
0 0 41.21615204196512 2.2170620919358277 118.5
0 1 41.36327281295966 5.144864604593858 108.5
1 0 44.66445269025792 71.33465211618453 -117.5
1 1 44.526062177892086 68.55210561507792 -108.0
8820
-------------------New----------------
0 0 -76.62103917242851 -37.06677292716709 118.5
0 1 -75.80403591452341 -38.44725205951736 108.5
1 0 -57.350919304007604 -69.65419177473235 -117.5
1 1 -58.12415943549911 -68.34143495090701 -108.0
8824
-------------------New----------------
0 0 32.36133190846142 69.61472118567562 118.5
0 1 30.400387957511033 70.12906935465796 108.5
1 0 -14.040134608156809 81.74412947085277 -117.5
1 1 -12.170437372322313 81.25492041745756 -108.0
8825
-------------------New----------------
0 0 5.930480456204981 26.315871259319625 118.5
0 1 1.4140715491456748 27.14566864642498 108.5
1 0 -100.53069185068077 45.84499434815389 -117.5
1 1 -96.24939991031627 45.057962326556854 -108.0
8830
-------------------New----------------
0 0 64.36981511355181 -65.46141329993213 118.5
0 1 65.23937383886286 -67.57871801861994 108.5
1 0 84.83622839619122 -115.41135907909457 -117.5
1 1 84.01622843934207 -113.40208861340321 -108.0
8833
-------------------New----------------
0 0 -18.36396273145019 12.849370268262172 118.5
0 1 -20.158762972163338 13.91375694119977 108.5
1 0 -60.70946746651193 37.94245680753301 -117.5
1 1 -59.00561161863207 36.933784159748306 -108.0
8838
-------------------New----------------
0 0 -84.28704092320211 32.768596051103756 118.5
0 1 -83.59951912009076 32.22635913676123 108.5
1 0 -68.06679125560765 20.026465641216713 -117.5
1 1 -68.71998859465265 20.538363607281774 -108.0
8840
-------------------New----------------
0 0 17.107317945133534 75.72886119893525 118.5
0 1 14.171572531510128 76.07503785370422 108.5
1 0 -52.225640560069436 83.64333438675452 -117.5
1 1 -49.44332479300628 83.33436017576976 -108.0
8845
-------------------New----------------
0 0 -71.98800834942138 -27.828391695971778 118.5
0 1 -70.72543889004405 -24.971587424117562 108.5
1 0 -42.19667497623503 39.57705440443127 -117.5
1 1 -43.39590612676997 36.86309907127735 -108.0
8859
-------------------New----------------
0 0 -54.295588826170295 11.018226996975228 118.5
0 1 -55.05252494958357 8.071413953062985 108.5
1 0 -72.13407580116618 -58.481035638644855 -117.5
1 1 -71.41793738143275 -55.68547366649951 -108.0
8866
-------------------New----------------
0 0 3.9685774161721454 94.55599297631007 118.5
0 1 6.267539943709348 95.00077478653822 108.5
1 0 58.09704375065151 105.0658480233408 -117.5
1 1 55.92028175361295 104.64239442592073 -108.0
8879
-------------------New----------------
0 0 -75.8707153635674 -41.42178306873079 118.5
0 1 -77.99059992208593 -40.08018560514306 108.5
1 0 -125.90021051043145 -9.758911971149363 -117.5
1 1 -123.88587532121093 -11.033287072873444 -108.0
8887
-------------------New----------------
0 0 99.55953879004821 15.08040475432117 118.5
0 1 97.77647688015387 16.52732205402014 108.5
1 0 57.47867327654683 49.20741539186631 -117.5
1 1 59.172826933312216 47.833966773940006 -108.0
8897
-------------------New----------------
0 0 -67.89807463887587 29.607353961149016 118.5
0 1 -64.47172380670209 23.334771570051792 108.5
1 0 13.169177026017099 -118.5216438737302 -117.5
1 1 9.908518037690403 -112.56254288650867 -108.0
8910
-------------------New----------------
0 0 75.25686746001662 9.402936067330213 118.5
0 1 74.69685968263727 6.657218262085069 108.5
1 0 62.11120972295181 -55.39612845465572 -117.5
1 1 62.63673745859349 -52.78806164185846 -108.0
8912
-------------------New----------------
0 0 -70.58121602565078 16.577482689880412 118.5
0 1 -66.74862149661467 11.453110712426884 108.5
1 0 19.89149625263977 -104.39403744837887 -117.5
1 1 16.248652141549442 -99.52416358141292 -108.0
8915
-------------------New----------------
0 0 -51.504650914954176 -70.49539901816999 118.5
0 1 -48.53478485683782 -67.21527116574822 108.5
1 0 18.564888932801306 6.921037620560554 -117.5
1 1 15.745753208001455 3.803448458342449 -108.0
8916
-------------------New----------------
0 0 26.360297973937342 55.24505965495549 118.5
0 1 25.74447722694058 53.73519463005489 108.5
1 0 11.209394060191261 19.360629572435414 -117.5
1 1 11.826795433769341 20.79634245349138 -108.0
8918
-------------------New----------------
0 0 65.41643071049029 -85.25158350730194 118.5
0 1 62.44522640614083 -84.99934644071868 108.5
1 0 -4.667192765764413 -79.38348057816684 -117.5
1 1 -1.8479254289030358 -79.6160432910442 -108.0
8923
-------------------New----------------
0 0 -20.66777093232408 76.89897693559456 118.5
0 1 -22.310354656930087 77.27968345338031 108.5
1 0 -59.43447096470935 85.88292224172451 -117.5
1 1 -57.87394677025078 85.52124018070371 -108.0
8932
-------------------New----------------
0 0 36.050918175988926 -85.19294748140348 118.5
0 1 34.34937100552897 -84.5907193081069 108.5
1 0 -4.084156483326039 -70.9738692957666 -117.5
1 1 -2.469797149428987 -71.54634283110701 -108.0
8934
-------------------New----------------
0 0 22.599053748873764 42.69919376875673 118.5
0 1 16.219502246280506 42.524827352840155 108.5
1 0 -127.96623595430954 38.53198117512051 -117.5
1 1 -121.9055018697804 38.69951133248362 -108.0
8947
-------------------New----------------
0 0 -29.46019436286941 17.633616321961785 118.5
0 1 -32.403576585657724 17.495780884042915 108.5
1 0 -99.05134673410817 14.529777815032986 -117.5
1 1 -96.25624928054489 14.651555551049949 -108.0
8964
-------------------New----------------
0 0 -43.85156959717784 1.5193038013782751 118.5
0 1 -45.22458182159716 2.149717357628401 108.5
1 0 -76.21674650126465 16.345427338004193 -117.5
1 1 -74.9142458577867 15.747633712241253 -108.0
8982
-------------------New----------------
0 0 4.931533111955476 34.707157966261136 118.5
0 1 2.979449336202214 38.12226730713002 108.5
1 0 -41.04175952326014 115.51995859748081 -117.5
1 1 -39.19095333944206 112.25400013241543 -108.0
8984
-------------------New----------------
0 0 -35.860510267460356 36.07632367675491 118.5
0 1 -34.11356209892271 32.04603830922014 108.5
1 0 5.380227045506446 -59.04701629184162 -117.5
1 1 3.7200152024583426 -55.214103556582835 -108.0
8993
-------------------New----------------
0 0 -46.513377987329136 -82.49525085226662 118.5
0 1 -42.42758579687047 -82.23745268812516 108.5
1 0 50.00429020802305 -76.44491204655571 -117.5
1 1 46.11773454262181 -76.68770207931321 -108.0
8994
-------------------New----------------
0 0 -72.53881659704655 96.48964830915153 118.5
0 1 -70.4109480494113 106.69261688035571 108.5
1 0 -79.11365665144392 4.417247186466473 -117.5
1 1 -74.00846495526824 2.6859595355579757 -108.0
8999
-------------------New----------------
0 0 48.03307004489088 10.826038019476703 118.5
0 1 50.14230899640562 6.885725198205958 108.5
1 0 97.85028305463132 -82.02819945270397 -117.5
1 1 95.84097821956651 -78.29368809573093 -108.0
9000
-------------------New----------------
0 0 -68.29379057776434 -16.818758161790367 118.5
0 1 -69.51621761843194 -19.597714665981037 108.5
1 0 -97.20215695868447 -82.66401822746477 -117.5
1 1 -96.04075996159467 -79.9987326297827 -108.0
9005
-------------------New----------------
0 0 6.760428410729794 14.333337061005167 118.5
0 1 6.972294045696681 12.513437229748147 108.5
1 0 11.826214237755979 -28.68799096318916 -117.5
1 1 11.61940466311403 -26.953208102999078 -108.0
9006
-------------------New----------------
0 0 -41.90988164074904 -37.03456752515263 118.5
0 1 -40.29864801444057 -40.60237447596323 108.5
1 0 -3.9012292990651694 -121.2223071124674 -117.5
1 1 -5.43110631282409 -117.83330974384926 -108.0
9009
-------------------New----------------
0 0 -72.20467549561967 92.83093841421962 118.5
0 1 -72.30270121202203 94.1374916320193 108.5
1 0 -74.62567928821318 123.58853335024635 -117.5
1 1 -74.53084551746626 122.35149362571158 -108.0
9013
-------------------New----------------
0 0 79.55073992890757 41.45463184764246 118.5
0 1 81.35159678955503 42.40695140436362 108.5
1 0 122.11595145330391 63.968406681369586 -117.5
1 1 120.39948735682249 63.061856217492505 -108.0
9038
-------------------New----------------
0 0 -103.70512977431255 48.484242160814475 118.5
0 1 -104.21568051534139 51.6133609682037 108.5
1 0 -115.73743278323604 122.34044756042779 -117.5
1 1 -115.25393143733402 119.36748559298371 -108.0
9047
-------------------New----------------
0 0 22.920019103537125 -17.600121561716843 118.5
0 1 17.6239783430943 -13.565941220659791 108.5
1 0 -102.07357299706788 77.58528178595581 -117.5
1 1 -97.03925433719577 73.7520992727103 -108.0
9058
-------------------New----------------
0 0 105.65427012748614 -48.42910125008797 118.5
0 1 105.29039887627455 -43.55658987463945 108.5
1 0 97.10559435337605 66.60631696582585 -117.5
1 1 97.44412909014663 61.97383775581936 -108.0
9068
-------------------New----------------
0 0 -61.29049862625584 -79.84522075415572 118.5
0 1 -63.58550735920744 -81.12662069760196 108.5
1 0 -115.78381792488752 -110.07561405486699 -117.5
1 1 -113.58291221513134 -108.84728131939876 -108.0
9069
-------------------New----------------
0 0 -64.79377407387013 37.74918915865704 118.5
0 1 -65.79698303640647 40.62557176956816 108.5
1 0 -88.48162979470689 105.65513989547114 -117.5
1 1 -87.52836359822923 102.91938229044459 -108.0
9071
-------------------New----------------
0 0 76.96815512029139 30.633397020879706 118.5
0 1 75.79113123708983 32.34168928615414 108.5
1 0 49.15179866743095 70.99798704425562 -117.5
1 1 50.28741304748563 69.36808395125703 -108.0
9073
-------------------New----------------
0 0 56.75252175166774 -59.672842400936574 118.5
0 1 59.44308670616514 -58.90730571901291 108.5
1 0 120.28799363457487 -41.55828581900476 -117.5
1 1 117.73025647510516 -42.288778053841426 -108.0
9081
-------------------New----------------
0 0 54.00499843865863 54.62012204147335 118.5
0 1 52.878023509420665 53.45591103891816 108.5
1 0 27.500695450871483 26.575860017770385 -117.5
1 1 28.576694559689024 27.724928348472996 -108.0
9094
-------------------New----------------
0 0 -83.7085160035552 88.10522083716067 118.5
0 1 -85.29989356989906 88.39668797864326 108.5
1 0 -121.06773983442812 95.31347889811985 -117.5
1 1 -119.5620296926591 95.0289391591513 -108.0
9095
-------------------New----------------
0 0 27.172344731527083 51.950200400608665 118.5
0 1 24.492810733197874 49.19551187391862 108.5
1 0 -36.064850199517814 -13.055874396681443 -117.5
1 1 -33.51931560830282 -10.43926260640318 -108.0
9101
-------------------New----------------
0 0 75.01742014915285 -53.59762806386872 118.5
0 1 72.62174873303607 -51.51236053021275 108.5
1 0 18.486901715313188 -4.387969555445798 -117.5
1 1 20.76234587362878 -6.368623706571896 -108.0
9120
-------------------New----------------
0 0 36.92295274220766 118.42088718019075 118.5
0 1 34.217282386640186 117.92303672347725 108.5
1 0 -26.86945859510204 106.68041176405282 -117.5
1 1 -24.30307571794834 107.15185123324272 -108.0
9126
-------------------New----------------
0 0 61.55599946149316 -17.162444641154757 118.5
0 1 57.915598744909744 -15.971804944690884 108.5
1 0 -23.994671532188082 9.655203039637628 -117.5
1 1 -20.567836872783936 8.633729986092817 -108.0
9133
-------------------New----------------
0 0 -81.96858991209027 38.956056523041575 118.5
0 1 -82.36583741345687 35.79999326405117 108.5
1 0 -91.28356328254381 -35.671550716002805 -117.5
1 1 -90.90689535682311 -32.66831888959264 -108.0
9147
-------------------New----------------
0 0 -68.21058219172888 49.318711956575754 118.5
0 1 -67.64994501069171 49.36658100363626 108.5
1 0 -54.96506430969178 50.45471221858334 -117.5
1 1 -55.500276015513876 50.41040666979097 -108.0
9151
-------------------New----------------
0 0 -77.1956678331428 -2.0381391424476734 118.5
0 1 -76.69158558070451 -4.705428811154055 108.5
1 0 -65.33874017530255 -64.78812680783895 -117.5
1 1 -65.82373939040988 -62.26027802176158 -108.0
9154
-------------------New----------------
0 0 6.237131345802624 -51.01385737566863 118.5
0 1 4.273636808750324 -47.279323928914636 108.5
1 0 -39.485400447650655 36.39757540599057 -117.5
1 1 -37.67309696535024 32.91291214536928 -108.0
9155
-------------------New----------------
0 0 40.886605809407584 -28.084649018358345 118.5
0 1 41.99874462272271 -28.843543014752793 108.5
1 0 67.00042793334465 -46.218663952836806 -117.5
1 1 65.94533602763214 -45.48791515514172 -108.0
9164
-------------------New----------------
0 0 -37.37359207544499 -101.12496171027331 118.5
0 1 -35.74914457613338 -99.37428283056548 108.5
1 0 0.8953043740762198 -59.82361724702368 -117.5
1 1 -0.6426759778416148 -61.490854317158416 -108.0
9169
-------------------New----------------
0 0 -116.99119508890476 105.53141080791502 118.5
0 1 -116.97802019734743 105.94645250241699 108.5
1 0 -116.68824885337563 115.32911339787056 -117.5
1 1 -116.70015131546923 114.9350914135858 -108.0
9173
-------------------New----------------
0 0 46.0910123730381 72.40382246760564 118.5
0 1 48.736451710187914 69.59893938354219 108.5
1 0 108.5043831108726 6.199762360262499 -117.5
1 1 105.99310028893085 8.865781795216403 -108.0
9175
-------------------New----------------
0 0 -62.35263243590968 -20.05663047035929 118.5
0 1 -61.38441732362821 -23.733777231162094 108.5
1 0 -39.46952304724402 -106.74661105511173 -117.5
1 1 -40.39122546359941 -103.25863043260078 -108.0
9186
-------------------New----------------
0 0 -7.392503038908167 -86.529014560421 118.5
0 1 -3.2277565029503066 -83.68363892281083 108.5
1 0 90.89447875016376 -19.332359480289423 -117.5
1 1 86.94082477628814 -22.03359584282741 -108.0
9190
-------------------New----------------
0 0 14.730007145460558 5.74081758698661 118.5
0 1 17.51212283253033 3.813697424118709 108.5
1 0 80.467143765419 -39.70867518328385 -117.5
1 1 77.81535903230832 -37.88542514878052 -108.0
9195
-------------------New----------------
0 0 84.55358164136594 -8.614027349441844 118.5
0 1 85.79234009324553 -9.061695329435546 108.5
1 0 113.80349928291803 -19.215314336366582 -117.5
1 1 112.62535352247926 -18.78782613445236 -108.0
9208
-------------------New----------------
0 0 64.69445821606294 -86.33302682213674 118.5
0 1 66.82931655905311 -86.83610252482387 108.5
1 0 115.06923939474282 -98.20259233498439 -117.5
1 1 113.04105168232937 -97.72494971138175 -108.0
9218
-------------------New----------------
0 0 -39.19474429134162 -26.889157629086686 118.5
0 1 -34.01830704627288 -26.048504608426576 108.5
1 0 82.84190580924502 -7.247201048084383 -117.5
1 1 77.9300977437504 -8.034150653161875 -108.0
9242
-------------------New----------------
0 0 -14.380767701092012 11.721825393552532 118.5
0 1 -18.04960621419538 12.983826039657242 108.5
1 0 -100.97070437721891 41.52440771359535 -117.5
1 1 -97.48687381165834 40.32300616423261 -108.0
9251
-------------------New----------------
0 0 -22.247646564261363 -114.36291538614473 118.5
0 1 -19.462150945845984 -114.7882702435738 108.5
1 0 43.33361680301395 -124.37676306495788 -117.5
1 1 40.69407305550072 -123.97037603006132 -108.0
9253
-------------------New----------------
0 0 45.20583585331357 73.60190587520313 118.5
0 1 41.775428234422506 72.03870225328453 108.5
1 0 -35.76081531529054 36.69278656947126 -117.5
1 1 -32.50106487008787 38.1781900313708 -108.0
9255
-------------------New----------------
0 0 -41.0730811041288 -42.871725834907394 118.5
0 1 -40.367005830672625 -38.95131797545188 108.5
1 0 -22.14920744495283 46.007823341598716 -117.5
1 1 -23.004993536157773 42.60523974708174 -108.0
9259
-------------------New----------------
0 0 93.31650862398382 -118.30102105698252 118.5
0 1 93.79384177916869 -117.98520685412282 108.5
1 0 104.57840113295666 -110.84156597198532 -117.5
1 1 104.12511261189192 -111.1426435175425 -108.0
9272
-------------------New----------------
0 0 51.491742516691474 -17.65907799120631 118.5
0 1 46.15137752325115 -16.68054304389434 108.5
1 0 -74.30790092144855 5.416350578811327 -117.5
1 1 -69.25485759673883 4.488195220376687 -108.0
9273
-------------------New----------------
0 0 -64.7958057233823 -61.87922497216209 118.5
0 1 -64.94467687074159 -58.899730169661986 108.5
1 0 -68.3123432747753 8.42128527478111 -117.5
1 1 -68.1697214782843 5.59231779994297 -108.0
9286
-------------------New----------------
0 0 125.89052402837926 27.903013073273506 118.5
0 1 -25.978640114973793 9.836568566107392 108.5
1 0 101.79616807980491 96.36581572242673 -117.5
1 1 96.41026521393152 92.72103712361576 -108.0
9288
-------------------New----------------
0 0 36.40891411086965 -51.42064336189077 118.5
0 1 35.029022253549996 -48.678975721445376 108.5
1 0 3.8543495919992465 13.289983238109366 -117.5
1 1 5.164310794367806 10.68480385734686 -108.0
9289
-------------------New----------------
0 0 7.005856742802427 -94.62875319595743 118.5
0 1 9.07788101082912 -93.27152219977918 108.5
1 0 55.92750625419374 -62.14326950632327 -117.5
1 1 53.95677614027579 -63.461685987471455 -108.0
9290
-------------------New----------------
0 0 40.952985620548056 16.278851511682745 118.5
0 1 39.826961900237244 17.90824306968286 108.5
1 0 14.363406173579046 54.772939158524274 -117.5
1 1 15.43454446882634 53.22448648632949 -108.0
9295
-------------------New----------------
0 0 -54.424837788936046 57.39943614648429 118.5
0 1 -55.768663767047144 53.419706557197024 108.5
1 0 -86.21930127181233 -36.56780383781265 -117.5
1 1 -84.9355190225381 -32.78359484842285 -108.0
9306
-------------------New----------------
0 0 44.967781810147294 -39.89082943595315 118.5
0 1 41.90275101077819 -37.18839980054875 108.5
1 0 -28.06467179478016 27.490303819055327 -117.5
1 1 -25.09238848980017 24.625222294117627 -108.0
9312
-------------------New----------------
0 0 52.03080188846796 70.22131476264906 118.5
0 1 49.38933107199024 66.02188171163941 108.5
1 0 -10.293489312030676 -28.894232653499635 -117.5
1 1 -7.787047570967713 -24.901359514432265 -108.0
9315
-------------------New----------------
0 0 -87.78460281762042 4.5683599400331065 118.5
0 1 -86.1334544842874 8.16894982557106 108.5
1 0 -48.84659366594394 89.57292764066133 -117.5
1 1 -50.40882212423451 86.1483664368831 -108.0
9316
-------------------New----------------
0 0 41.22369584162604 37.44427126643715 118.5
0 1 41.75268430875983 38.331565161919336 108.5
1 0 53.71092682579939 58.40021681011424 -117.5
1 1 53.20789177365627 57.55602572899185 -108.0
9319
-------------------New----------------
0 0 45.15531304518602 -20.72511683248521 118.5
0 1 44.44886473624477 -19.02767486442468 108.5
1 0 28.613208241253925 19.16750666209676 -117.5
1 1 29.26923322754855 17.55892534331353 -108.0
9335
-------------------New----------------
0 0 -84.48264791173462 -24.897846935989307 118.5
0 1 -85.30579111098497 -19.472464052984115 108.5
1 0 -104.0487569665577 103.19832045378465 -117.5
1 1 -103.26509947239956 98.04280719061738 -108.0
9347
-------------------New----------------
0 0 -53.90345670505411 -41.88151806279406 118.5
0 1 -51.45715996013223 -36.74581302957927 108.5
1 0 3.7857100237528116 79.26525443479338 -117.5
1 1 1.4673558938758737 74.39187789594344 -108.0
9353
-------------------New----------------
0 0 -52.347438643016076 45.49665617886572 118.5
0 1 -50.33705557469894 48.7040358282492 108.5
1 0 -4.863068228105502 121.22314673533765 -117.5
1 1 -6.776014667887724 118.17268863877352 -108.0
9356
-------------------New----------------
0 0 -83.29985577010505 81.52776766046351 118.5
0 1 -82.19224753838773 83.1635206887502 108.5
1 0 -57.03905813675865 120.53369796308229 -117.5
1 1 -58.100173186109814 118.95130626216928 -108.0
9360
-------------------New----------------
0 0 28.572914757575468 -66.24387571543542 118.5
0 1 28.22765990885511 -66.00771536126432 108.5
1 0 20.435956301269947 -60.67271346776329 -117.5
1 1 20.76279543219209 -60.89621971514841 -108.0
9367
-------------------New----------------
0 0 -51.68093940473999 58.64347055720248 118.5
0 1 -48.82418800388834 56.05884544068182 108.5
1 0 15.699655765470908 -2.3054319397205747 -117.5
1 1 12.989071841395296 0.14877783543673076 -108.0
9369
-------------------New----------------
0 0 82.88714619482539 113.68210693229113 118.5
0 1 81.56642355289237 112.7737112388896 108.5
1 0 51.86572057583337 92.822169191219 -117.5
1 1 53.12417987995724 93.64522177658674 -108.0
9381
-------------------New----------------
0 0 32.054303252686374 7.490580467092309 118.5
0 1 34.62298180117556 4.233729817977888 108.5
1 0 92.66354581693115 -69.40165644772208 -117.5
1 1 90.22461652727266 -66.30594413646192 -108.0
9391
-------------------New----------------
0 0 -1.88198198606968 31.237177417445356 118.5
0 1 -4.932533396763181 31.618353029599042 108.5
1 0 -73.9167304897693 40.252821851759236 -117.5
1 1 -71.01562814392331 39.88960262427484 -108.0
9395
-------------------New----------------
0 0 7.72395177833061 39.77109949733765 118.5
0 1 10.411882861261734 42.488256450009715 108.5
1 0 71.08775839267221 104.35492246259271 -117.5
1 1 68.5403800660991 101.73660811962418 -108.0
9397
-------------------New----------------
0 0 -64.62759075507867 -9.963861255500477 118.5
0 1 -62.11643571147109 -9.969222230959621 108.5
1 0 -5.327893469619154 -10.265638561146115 -117.5
1 1 -7.724228050279249 -10.24277313144598 -108.0
9398
-------------------New----------------
0 0 102.84563354424492 16.612628386948654 118.5
0 1 101.19336628707956 12.023876604292136 108.5
1 0 63.86077636085285 -91.68251192241105 -117.5
1 1 65.43056863190846 -87.32214228402293 -108.0
9416
-------------------New----------------
0 0 7.699442582999597 -69.9697949313522 118.5
0 1 4.78398822257247 -65.9295366151638 108.5
1 0 -61.175463464686935 25.380517918894277 -117.5
1 1 -58.40061793237061 21.542698193296083 -108.0
9427
-------------------New----------------
0 0 -93.49275865684572 -21.379285446107655 118.5
0 1 -94.1243305547662 -16.32120636257667 108.5
1 0 -108.44391265172878 97.87221574497985 -117.5
1 1 -107.84516638143631 93.07743205008701 -108.0
9432
-------------------New----------------
0 0 49.29749453958387 -10.049159264235005 118.5
0 1 51.37949295739249 -4.707317551215809 108.5
1 0 98.46953127915914 116.02762312592336 -117.5
1 1 96.48792607688041 110.95277875499278 -108.0
9437
-------------------New----------------
0 0 110.94987433833687 56.38118769815135 118.5
0 1 111.09000826941235 51.359863455768775 108.5
1 0 114.2553568633156 -62.11695537136071 -117.5
1 1 114.12248659994407 -57.34726181752153 -108.0
9444
-------------------New----------------
0 0 30.962024346083656 33.9166172819566 118.5
0 1 30.05576300431391 33.74453414297166 108.5
1 0 9.565020295357208 29.847707320502913 -117.5
1 1 10.426395844790967 30.011790865291875 -108.0
9459
-------------------New----------------
0 0 -43.46061821000471 -47.986447372345594 118.5
0 1 -45.72122330035782 -46.991935586001816 108.5
1 0 -96.84113660622809 -24.49662666588288 -117.5
1 1 -94.6914674126471 -25.442310681603924 -108.0
9467
-------------------New----------------
0 0 -15.046720908738425 -115.40325655003974 118.5
0 1 -15.931397802191018 -115.10919037545548 108.5
1 0 -36.05041924085016 -108.41004713787774 -117.5
1 1 -35.20340032361632 -108.6924961323919 -108.0
9471
-------------------New----------------
0 0 -7.470701684093427 -8.60644643566526 118.5
0 1 -5.038825798390332 -3.3365327154382074 108.5
1 0 49.89783344032626 115.9437422128839 -117.5
1 1 47.59075268741678 110.92596947390291 -108.0
9474
-------------------New----------------
0 0 -112.89341219834162 64.15666346635594 118.5
0 1 -112.31693669575017 65.03197699548319 108.5
1 0 -99.32101390953049 84.75625825759387 -117.5
1 1 -99.86555363437445 83.93058642741488 -108.0
9486
-------------------New----------------
0 0 63.555852540133586 -13.114525462500655 118.5
0 1 62.39059844126372 -13.792690531500924 108.5
1 0 36.10577310323002 -29.141560579988937 -117.5
1 1 37.20872798845977 -28.4952976137158 -108.0
9490
-------------------New----------------
0 0 -15.894088593387005 27.746541268742824 118.5
0 1 -18.398545123789805 24.191843290168006 108.5
1 0 -74.98218326793196 -56.13244567554536 -117.5
1 1 -72.6037574634461 -52.755386241301764 -108.0
9491
-------------------New----------------
0 0 -89.1079046625395 -15.19132988648469 118.5
0 1 -86.52938086548393 -12.913481512315595 108.5
1 0 -28.251524906277144 38.563235116309855 -117.5
1 1 -30.70131623474728 36.39951872677427 -108.0
9494
-------------------New----------------
0 0 -42.17582525679684 0.545691842707825 118.5
0 1 -43.679707855599744 -1.1251521792083452 108.5
1 0 -77.66631805397763 -38.75400075707658 -117.5
1 1 -76.23613404142142 -37.17812381775779 -108.0
9503
-------------------New----------------
0 0 19.959905057665924 -57.986894995274476 118.5
0 1 22.98184235039619 -52.90933605345596 108.5
1 0 91.21957267789206 61.811866521036634 -117.5
1 1 88.35209315092712 56.99177656476654 -108.0
9519
-------------------New----------------
0 0 -1.5739215886224855 -29.61672958119692 118.5
0 1 2.117023855366429 -23.347105485624805 108.5
1 0 85.53007994449895 118.34580232873937 -117.5
1 1 82.02309913114613 112.39015345521588 -108.0
9526
-------------------New----------------
0 0 -41.42963420836236 -76.78321040069366 118.5
0 1 -43.95566578597483 -77.83512493092793 108.5
1 0 -100.97106146622241 -101.54337387112142 -117.5
1 1 -98.56979147146635 -100.54967921021661 -108.0
9529
-------------------New----------------
0 0 -115.13016287831712 49.57971682726945 118.5
0 1 -115.30534722482658 52.0193123910221 108.5
1 0 -119.26736791955793 107.17389839772538 -117.5
1 1 -119.09974179965702 104.85467869196665 -108.0
9531
-------------------New----------------
0 0 -53.578237801314444 97.19908599958399 118.5
0 1 -52.84489788254772 97.05330960391093 108.5
1 0 -36.27607723586674 94.01338867109885 -117.5
1 1 -36.973182994952296 94.13622369724541 -108.0
9534
-------------------New----------------
0 0 -69.23999737517124 -60.2696856779959 118.5
0 1 -67.84144603375206 -59.58893309199921 108.5
1 0 -36.25437487099268 -44.16756750274715 -117.5
1 1 -37.58476008601728 -44.8155750959547 -108.0
9539
-------------------New----------------
0 0 14.082203218679279 -47.80385531892907 118.5
0 1 11.397297666671289 -45.77909114181232 108.5
1 0 -49.233589183985984 -0.08722257852628931 -117.5
1 1 -46.68639348033919 -2.006223049458545 -108.0
9556
-------------------New----------------
0 0 83.96233465521962 5.4108545656514675 118.5
0 1 84.6883629984437 2.2752040081621754 108.5
1 0 101.156954952902 -68.52966711870174 -117.5
1 1 100.45939948083964 -65.55326963345172 -108.0
9560
-------------------New----------------
0 0 -9.650269064590457 -24.08280778541258 118.5
0 1 -11.200647984511551 -27.991103743613042 108.5
1 0 -46.23378233513827 -116.29744102566244 -117.5
1 1 -44.76133803809729 -112.58561269513419 -108.0
9562
-------------------New----------------
0 0 -15.425051441633268 14.817340147211942 118.5
0 1 -19.438846341971562 11.495317741834032 108.5
1 0 -110.12703733848892 -63.568431907018066 -117.5
1 1 -106.31561193776398 -60.4134014129415 -108.0
9568
-------------------New----------------
0 0 -34.25448821298132 92.7428602167073 118.5
0 1 -35.240477166416404 93.62764526617413 108.5
1 0 -57.501912888294726 113.6309194278452 -117.5
1 1 -56.567006836185634 112.78889555775193 -108.0
9584
-------------------New----------------
0 0 66.40393609430535 -3.0142205933708737 118.5
0 1 64.65748087680527 0.05763891544665434 108.5
1 0 25.188430970377667 69.47810369927427 -117.5
1 1 26.846917874971655 66.56030616084166 -108.0
9588
-------------------New----------------
0 0 -87.27957270453099 -101.89099964301926 118.5
0 1 -87.26173596482616 -102.16934403583582 108.5
1 0 -86.88982382188274 -108.45668689595523 -117.5
1 1 -86.90276454682588 -108.19141202218641 -108.0
9598
-------------------New----------------
0 0 -28.583960119090666 -41.040226757301404 118.5
0 1 -24.847580166089532 -44.62042235583773 108.5
1 0 59.78971060354756 -125.44652961417214 -117.5
1 1 56.24788630531024 -122.04955997763234 -108.0
9607
-------------------New----------------
0 0 -58.40160636443127 -8.521543906083632 118.5
0 1 -55.85648156961512 -8.020093302836226 108.5
1 0 1.7663716981718316 2.6105903522046328 -117.5
1 1 -0.6689506784266765 2.1932126094475035 -108.0
9608
-------------------New----------------
0 0 36.91562703123127 100.45534794275267 118.5
0 1 31.47130388870604 98.74883295774669 108.5
1 0 -91.57549856014148 60.28510001918221 -117.5
1 1 -86.40557747187493 61.89870709021758 -108.0
9615
-------------------New----------------
0 0 -80.47398228610462 4.951775814366668 118.5
0 1 -81.2609745061835 2.504358232876093 108.5
1 0 -99.02742884868361 -52.814611819829864 -117.5
1 1 -98.28202260957826 -50.488164868856764 -108.0
9626
-------------------New----------------
0 0 63.73539450023257 69.8220578301709 118.5
0 1 61.74997401683602 68.06022650317892 108.5
1 0 16.850908011101247 28.24646105871782 -117.5
1 1 18.738716156971314 29.920137700425887 -108.0
9627
-------------------New----------------
0 0 69.53102120810713 -86.76258287335607 118.5
0 1 71.4618258327537 -85.48792559327921 108.5
1 0 115.09603251184569 -56.68345642156174 -117.5
1 1 113.26194261947778 -57.89426645937103 -108.0
9629
-------------------New----------------
0 0 -53.85011126747596 22.916305196783895 118.5
0 1 -55.17550529557458 20.118802725483867 108.5
1 0 -84.99963868315879 -43.022553699378946 -117.5
1 1 -83.75001831471823 -40.36651976536428 -108.0
9637
-------------------New----------------
0 0 -10.946497427048477 15.93553614939135 118.5
0 1 -14.105011872341942 16.002350351589563 108.5
1 0 -85.50152977378404 17.521953581034442 -117.5
1 1 -82.49935233711597 17.457867550430784 -108.0
9641
-------------------New----------------
0 0 -39.87842145102012 -7.578829497420142 118.5
0 1 -36.88660670374426 -10.622871726766737 108.5
1 0 30.74724523962272 -79.42182016442904 -117.5
1 1 27.90421488593115 -76.53032568896947 -108.0
9654
-------------------New----------------
0 0 -101.34688580811458 -19.111759949592894 118.5
0 1 -99.58312882045294 -13.818902043643225 108.5
1 0 -59.699007476709674 105.80656518145422 -117.5
1 1 -61.37597982544712 100.77713899350793 -108.0
9655
-------------------New----------------
0 0 62.88222267308074 -50.70311253887631 118.5
0 1 61.66752059423167 -51.13678141257735 108.5
1 0 34.17983470821338 -60.8973049172345 -117.5
1 1 35.33606416712893 -60.48772394626866 -108.0
9658
-------------------New----------------
0 0 -76.28088441766765 -106.63191177203184 118.5
0 1 -78.29342558870208 -106.3951044712351 108.5
1 0 -122.92413544513454 -100.19274386369652 -117.5
1 1 -121.05990147942342 -100.44713345855197 -108.0
9661
-------------------New----------------
0 0 -102.09635766882892 -44.017496743253844 118.5
0 1 -102.47035082626621 -39.841360125367395 108.5
1 0 -110.75760895669914 55.05298881953398 -117.5
1 1 -110.42558047243358 51.022899874386944 -108.0
9676
-------------------New----------------
0 0 -54.727526414632635 59.84116144136095 118.5
0 1 -55.14052686164623 61.051727915434434 108.5
1 0 -64.39555068944847 88.36043586776712 -117.5
1 1 -64.0097165236965 87.2173159813589 -108.0
9678
-------------------New----------------
0 0 -19.589469655119764 -48.61468958788025 118.5
0 1 -22.988215472208644 -50.91533215231273 108.5
1 0 -99.81785792335934 -102.94491288843676 -117.5
1 1 -96.58870243529373 -100.75680147552843 -108.0
9701
-------------------New----------------
0 0 -63.62383113003473 -66.35830136072629 118.5
0 1 -65.69352748665413 -64.14066252483329 108.5
1 0 -112.55342185468321 -14.127747958450646 -117.5
1 1 -110.5809469104671 -16.228702041825798 -108.0
9719
-------------------New----------------
0 0 16.49772837037126 -61.791706842506855 118.5
0 1 15.684325646087581 -63.191603682674646 108.5
1 0 -2.700776760042009 -94.81566024364571 -117.5
1 1 -1.9277195841617711 -93.48662346325334 -108.0
9724
-------------------New----------------
0 0 9.871900950318846 -52.08099287545709 118.5
0 1 5.272747585961913 -50.65489498428736 108.5
1 0 -98.57213771861012 -18.38409048300627 -117.5
1 1 -94.20973049704261 -19.744803133940913 -108.0
9736
-------------------New----------------
0 0 -29.57722029039194 -28.882536832041495 118.5
0 1 -32.6443587555075 -25.11893064532297 108.5
1 0 -101.99707096622996 59.948424138274085 -117.5
1 1 -99.08253545646451 56.37123368199677 -108.0
9737
-------------------New----------------
0 0 -35.622080090300784 -43.741736280892724 118.5
0 1 -30.90404239976574 -45.61604724502133 108.5
1 0 75.74395466273066 -87.96101781395409 -117.5
1 1 71.25997768373108 -86.18078802491138 -108.0
9739
-------------------New----------------
0 0 -8.247420043811363 55.13710405471543 118.5
0 1 -8.923015369397659 51.08533250270152 108.5
1 0 -24.230964439598967 -40.5387125269181 -117.5
1 1 -23.58439863638658 -36.69023004903053 -108.0
9757
-------------------New----------------
0 0 -99.38459269714535 36.487755781157475 118.5
0 1 -99.02370692336487 31.181020332043357 108.5
1 0 -90.87928370701343 -88.74634009360605 -117.5
1 1 -91.22146812417436 -83.70494444800151 -108.0
9760
-------------------New----------------
0 0 27.498983434642547 -38.33108453834942 118.5
0 1 23.244019349641224 -32.84486232723812 108.5
1 0 -72.9657475490176 91.1012466003647 -117.5
1 1 -68.92124804254702 85.89072921335206 -108.0
9766
-------------------New----------------
0 0 42.39588229621625 60.12414103191461 118.5
0 1 40.97115248754367 61.2830189882382 108.5
1 0 8.766774895281701 87.46542963685592 -117.5
1 1 10.120946284838807 86.36509826726476 -108.0
9778
-------------------New----------------
0 0 -32.72115216817789 -42.139894533273846 118.5
0 1 -27.91395044154412 -42.40927262657259 108.5
1 0 80.72717328246898 -48.46718546813634 -117.5
1 1 76.15650995960371 -48.216992230906854 -108.0
9779
-------------------New----------------
0 0 120.75176520059817 40.910517787828034 118.5
0 1 120.91557115817568 39.993542581756316 108.5
1 0 124.63576116742725 19.287699962049086 -117.5
1 1 124.47880210158982 20.15488672584017 -108.0
9788
-------------------New----------------
0 0 64.03287319038603 -59.85155183374182 118.5
0 1 64.03176256198786 -60.49244569016592 108.5
1 0 63.64870296436624 -74.97795895858886 -117.5
1 1 63.67440096046461 -74.37497859471625 -108.0
9801
-------------------New----------------
0 0 -27.184025661831623 -53.342616620952015 118.5
0 1 -27.256863224583974 -50.70124424905701 108.5
1 0 -28.877025346231335 9.081353627060384 -117.5
1 1 -28.809453854360264 6.571466880664343 -108.0
9803
-------------------New----------------
0 0 -65.21704250652998 -17.538695175111148 118.5
0 1 -62.79739527800397 -17.885045515897147 108.5
1 0 -8.203762368173983 -25.687431327510854 -117.5
1 1 -10.49650898088694 -25.356855421494544 -108.0
9818
-------------------New----------------
0 0 3.0057131317916244 -26.507535195688906 118.5
0 1 2.166007418696844 -25.465896833210273 108.5
1 0 -16.790266494546916 -2.1633605452655673 -117.5
1 1 -15.994220107744368 -3.1374761812589753 -108.0
9822
-------------------New----------------
0 0 -114.67700392694925 71.1190822148627 118.5
0 1 -119.02685226817707 71.52226877131898 108.5
1 0 96.84619140826946 -112.74473108322312 -117.5
1 1 94.0836842161259 -108.04693770903734 -108.0
9823
-------------------New----------------
0 0 -68.20073095095253 -9.802030006580413 118.5
0 1 -66.48057442132793 -7.478743840789508 108.5
1 0 -27.609709016351594 44.95935081905627 -117.5
1 1 -29.243760482481292 42.75424691495303 -108.0
9827
-------------------New----------------
0 0 -46.41239648282527 96.62458153560769 118.5
0 1 -49.303009707985055 94.95955793497332 108.5
1 0 -114.69118828405428 57.350531667718165 -117.5
1 1 -111.94020911149127 58.92864607168349 -108.0
9829
-------------------New----------------
0 0 -16.822587900010223 6.695136246878969 118.5
0 1 -11.758624673468168 4.735000723103033 108.5
1 0 102.85031193730859 -39.42120247256433 -117.5
1 1 98.02159069160166 -37.56623329525687 -108.0
9834
-------------------New----------------
0 0 -8.634050610902788 -48.31334110907261 118.5
0 1 -13.335238284708291 -49.294141830003184 108.5
1 0 -119.60110538693853 -71.43443622508212 -117.5
1 1 -115.13246634555196 -70.50517697928734 -108.0
9841
-------------------New----------------
0 0 20.204999297111172 -32.17727371169233 118.5
0 1 20.488032500358884 -34.37620579654059 108.5
1 0 27.270486398665422 -85.314379815837 -117.5
1 1 27.003220054495984 -83.16768842025479 -108.0
9854
-------------------New----------------
0 0 17.04040890641746 -22.502621673638846 118.5
0 1 18.200457629999175 -19.009931604084578 108.5
1 0 44.63589938208425 59.9747876335097 -117.5
1 1 43.50614832445744 56.641810848460295 -108.0
9855
-------------------New----------------
0 0 -14.85815919983661 -13.120444246159016 118.5
0 1 -13.3999473348804 -9.847507540899473 108.5
1 0 19.48905687427429 63.99553936408362 -117.5
1 1 18.107911848695988 60.89052443329001 -108.0
9879
-------------------New----------------
0 0 -77.76433044280958 -4.385475893125418 118.5
0 1 -78.45515032406398 -8.073401549598932 108.5
1 0 -94.11547377286112 -91.39306364520105 -117.5
1 1 -93.45774387381961 -87.89087904094819 -108.0
9880
-------------------New----------------
0 0 -47.14024335584797 -46.6489596080013 118.5
0 1 -41.77785559925242 -44.60770620055071 108.5
1 0 79.22901411979652 1.4301357677887079 -117.5
1 1 74.14733706292549 -0.504009586893672 -108.0
9881
-------------------New----------------
0 0 -36.581106734271756 -80.72327592899317 118.5
0 1 -30.28955781882808 -81.23077332783336 108.5
1 0 111.91041476701182 -92.70389814557979 -117.5
1 1 105.93205427045613 -92.22117139528652 -108.0
9882
-------------------New----------------
0 0 31.10807056089083 -0.9760307145133906 118.5
0 1 33.32513799723963 -4.317104041780108 108.5
1 0 83.36531761993724 -79.61405855570425 -117.5
1 1 81.25791752006089 -76.45165074182088 -108.0
9886
-------------------New----------------
0 0 47.715766137845456 58.36984544688405 118.5
0 1 45.78033043609421 54.25787902471759 108.5
1 0 2.066499326549444 -38.652279729922256 -117.5
1 1 3.9033360163638107 -34.74936680164918 -108.0
9888
-------------------New----------------
0 0 17.04248694317481 -51.427906407666036 118.5
0 1 17.254723357380918 -51.842575773868646 108.5
1 0 22.218236406328195 -61.3256308031578 -117.5
1 1 22.006574848280035 -60.92331118271333 -108.0
9901
-------------------New----------------
0 0 -19.096732157145127 -105.98288077052806 118.5
0 1 -20.498402465133616 -104.69308235839773 108.5
1 0 -52.14705942088199 -75.61014240216534 -117.5
1 1 -50.81982059770898 -76.8267272937621 -108.0
9909
-------------------New----------------
0 0 -85.09643212501774 -35.023084802095696 118.5
0 1 -84.75176697830533 -34.1335882797779 108.5
1 0 -76.8427011762496 -14.064981760600464 -117.5
1 1 -77.1760341142827 -14.908950673829816 -108.0
9918
-------------------New----------------
0 0 -6.629789434505585 -5.544275097157536 118.5
0 1 -7.533815989045583 -4.548317510694583 108.5
1 0 -27.969902454118788 17.839820219110077 -117.5
1 1 -27.110668268619253 16.904189950264215 -108.0
9919
-------------------New----------------
0 0 18.37521262661335 -22.768949448890886 118.5
0 1 15.78654948054375 -18.626265163665767 108.5
1 0 -42.710590304039265 74.9855215868563 -117.5
1 1 -40.25176965785319 71.05110636962812 -108.0
9920
-------------------New----------------
0 0 58.43077317443713 58.95577865672245 118.5
0 1 54.945533662519765 56.54896483251058 108.5
1 0 -23.914636497854655 2.223043047967674 -117.5
1 1 -20.59612937161196 4.5086627723198855 -108.0
9928
-------------------New----------------
0 0 -72.99928292919643 96.20896021987565 118.5
0 1 -69.67368481211446 96.4781206243253 108.5
1 0 5.4879960538191925 102.70298840712061 -117.5
1 1 2.365675604601691 102.44220124440406 -108.0
9930
-------------------New----------------
0 0 -75.09836487695829 47.2622708904448 118.5
0 1 -74.88411517342833 45.85162871028463 108.5
1 0 -70.0637021977376 13.948952320393966 -117.5
1 1 -70.26572587849776 15.299336187271459 -108.0
9938
-------------------New----------------
0 0 -23.315620478064 11.497972363967618 118.5
0 1 -21.039690245865064 15.131178235615556 108.5
1 0 30.320550820262024 97.43234416621672 -117.5
1 1 28.163531418471923 93.96306681963505 -108.0
9969
-------------------New----------------
0 0 19.329323490067548 -24.55863202757697 118.5
0 1 16.367591374850385 -22.25501490405558 108.5
1 0 -49.97604758095822 30.60962385734148 -117.5
1 1 -47.180259633887054 28.343078528290967 -108.0
9976
-------------------New----------------
0 0 23.580543576973795 -25.636965191270214 118.5
0 1 26.763325890123916 -27.469747387230377 108.5
1 0 98.7203692193718 -68.77921311924442 -117.5
1 1 95.69310559406983 -67.04682178500977 -108.0
9985
-------------------New----------------
0 0 -8.19626656832384 -20.844040534716996 118.5
0 1 -5.6509884158447825 -20.115126647246136 108.5
1 0 51.85431648045873 -3.647678285146423 -117.5
1 1 49.43855940200636 -4.340036602332398 -108.0
5618 events has been processed trough the script makeHLTuple.py
[CORRECT] makeHLTuple done.
[INFO] Running POCA...
Iniciando POCA (python entered)
basic libraries imported
[CORRECT] ----- ALL LIBRARIES successfully imported
Volume: [-128.0,128.0] x [-128.0,128.0] x [-128.0,128.0] cm
Grid:   128 x 128 x 128 voxels
Voxel size: 2.000 x 2.000 x 2.000 cm
[INFO] ----- Current: Voxelization of POCA points...
POCA aplicado. Eventos tras filtro: 326
[CORRECT] POCA results saved to: /gpfs/users/dominguezs/Muography_Denoising/MuonGeneration/data/post_POCA_data/POCA_2D_Lpx256_Lpy256_Lpz256_npx128_npy128_npz128_zTop118_zBot-118_spacing1_ratio1_FontX8_FontY8_matlead_wordMUON_stroke1_seed9.npy
[CORRECT] POCA done.
[CORRECT] Job finished: 2D_Lpx256_Lpy256_Lpz256_npx128_npy128_npz128_zTop118_zBot-118_spacing1_ratio1_FontX8_FontY8_matlead_wordMUON_stroke1 | seed=9
