[INFO] Job started: 2D_Lpx256_Lpy256_Lpz256_npx128_npy128_npz128_zTop118_zBot-118_spacing1_ratio1_FontX8_FontY8_matlead_wordMUON_stroke1 | seed=8
[INFO] Running Geant4 simulation...
[1;34m ____  _____  __  __  __  __  __    ___    __    ____     ___  ____  __  __  __  __  __      __   ____  _____  ____   
(_  _)(  _  )(  \/  )(  )(  )(  )  / __)  /__\  (  _ \   / __)(_  _)(  \/  )(  )(  )(  )    /__\ (_  _)(  _  )(  _ \  
  )(   )(_)(  )    (  )(__)(  )(__( (_-. /(__)\  )(_) )  \__ \ _)(_  )    (  )(__)(  )(__  /(__)\  )(   )(_)(  )   /  
 (__) (_____)(_/\/\_)(______)(____)\___/(__)(__)(____/   (___/(____)(_/\/\_)(______)(____)(__)(__)(__) (_____)(_)\_)  
[0m

**************************************************************
 Geant4 version Name: geant4-11-02-patch-01 [MT]   (16-February-2024)
                       Copyright : Geant4 Collaboration
                      References : NIM A 506 (2003), 250-303
                                 : IEEE-TNS 53 (2006), 270-278
                                 : NIM A 835 (2016), 186-225
                             WWW : http://geant4.org/
**************************************************************

DEBUG: Lectura de archivo completada. Iniciando parser...
DEBUG: Parser exitoso. Accediendo a los datos...
DEBUG: Mundo y detectores cargados correctamente.
[1;34mLoaded 88 voxels from JSON configuration file.[0m
DEBUG: Constructor finalizado con éxito.
[1;34m---------------------------------------Geometry information-----------------------------------[0m
[1;34mThe loaded geometry is as follows: 
[1;34mThe world is contained in [-128, 128]x[-128, 128]x[-256, 256]
[1;34mDetector[0m
[1;34mLocation x: 0, y: 0, z: 118
[1;34mRotation x: 0, y: 0, z: 0
[1;34mSizes x: 256, y: 256, z: 20
[1;34mNumber of layers 2
[1;34mLayer[0m
[1;34mLocation x: 0, y: 0, z: 0
[1;34mRotation x: 0, y: 0, z: 0
[1;34mSizes x: 256, y: 256, z: 1
[0m
[1;34mLayer[0m
[1;34mLocation x: 0, y: 0, z: -10
[1;34mRotation x: 0, y: 0, z: 0
[1;34mSizes x: 256, y: 256, z: 1
[0m
[0m
[1;34mDetector[0m
[1;34mLocation x: 0, y: 0, z: -118
[1;34mRotation x: 0, y: 0, z: 0
[1;34mSizes x: 256, y: 256, z: 20
[1;34mNumber of layers 2
[1;34mLayer[0m
[1;34mLocation x: 0, y: 0, z: 0
[1;34mRotation x: 0, y: 0, z: 0
[1;34mSizes x: 256, y: 256, z: 1
[0m
[1;34mLayer[0m
[1;34mLocation x: 0, y: 0, z: 10
[1;34mRotation x: 0, y: 0, z: 0
[1;34mSizes x: 256, y: 256, z: 1
[0m
[0m
[1;34mNumber of voxels: 88[0m
  Voxel 0  pos=(-33, -7, -6) cm  xSize=2 cm  ySize=2 cm  zSize=4 cm  mat=lead
  Voxel 1  pos=(-33, -5, -6) cm  xSize=2 cm  ySize=2 cm  zSize=4 cm  mat=lead
  Voxel 2  pos=(-33, -3, -6) cm  xSize=2 cm  ySize=2 cm  zSize=4 cm  mat=lead
  Voxel 3  pos=(-33, -1, -6) cm  xSize=2 cm  ySize=2 cm  zSize=4 cm  mat=lead
  Voxel 4  pos=(-33, 1, -6) cm  xSize=2 cm  ySize=2 cm  zSize=4 cm  mat=lead
  Voxel 5  pos=(-33, 3, -6) cm  xSize=2 cm  ySize=2 cm  zSize=4 cm  mat=lead
  Voxel 6  pos=(-33, 5, -6) cm  xSize=2 cm  ySize=2 cm  zSize=4 cm  mat=lead
  Voxel 7  pos=(-33, 7, -6) cm  xSize=2 cm  ySize=2 cm  zSize=4 cm  mat=lead
  Voxel 8  pos=(-31, 5, -6) cm  xSize=2 cm  ySize=2 cm  zSize=4 cm  mat=lead
  Voxel 9  pos=(-29, 3, -6) cm  xSize=2 cm  ySize=2 cm  zSize=4 cm  mat=lead
  Voxel 10  pos=(-27, 1, -6) cm  xSize=2 cm  ySize=2 cm  zSize=4 cm  mat=lead
  Voxel 11  pos=(-25, 1, -6) cm  xSize=2 cm  ySize=2 cm  zSize=4 cm  mat=lead
  Voxel 12  pos=(-23, 3, -6) cm  xSize=2 cm  ySize=2 cm  zSize=4 cm  mat=lead
  Voxel 13  pos=(-21, 5, -6) cm  xSize=2 cm  ySize=2 cm  zSize=4 cm  mat=lead
  Voxel 14  pos=(-19, -7, -6) cm  xSize=2 cm  ySize=2 cm  zSize=4 cm  mat=lead
  Voxel 15  pos=(-19, -5, -6) cm  xSize=2 cm  ySize=2 cm  zSize=4 cm  mat=lead
  Voxel 16  pos=(-19, -3, -6) cm  xSize=2 cm  ySize=2 cm  zSize=4 cm  mat=lead
  Voxel 17  pos=(-19, -1, -6) cm  xSize=2 cm  ySize=2 cm  zSize=4 cm  mat=lead
  Voxel 18  pos=(-19, 1, -6) cm  xSize=2 cm  ySize=2 cm  zSize=4 cm  mat=lead
  Voxel 19  pos=(-19, 3, -6) cm  xSize=2 cm  ySize=2 cm  zSize=4 cm  mat=lead
  Voxel 20  pos=(-19, 5, -6) cm  xSize=2 cm  ySize=2 cm  zSize=4 cm  mat=lead
  Voxel 21  pos=(-19, 7, -6) cm  xSize=2 cm  ySize=2 cm  zSize=4 cm  mat=lead
  Voxel 22  pos=(-15, -5, -6) cm  xSize=2 cm  ySize=2 cm  zSize=4 cm  mat=lead
  Voxel 23  pos=(-15, -3, -6) cm  xSize=2 cm  ySize=2 cm  zSize=4 cm  mat=lead
  Voxel 24  pos=(-15, -1, -6) cm  xSize=2 cm  ySize=2 cm  zSize=4 cm  mat=lead
  Voxel 25  pos=(-15, 1, -6) cm  xSize=2 cm  ySize=2 cm  zSize=4 cm  mat=lead
  Voxel 26  pos=(-15, 3, -6) cm  xSize=2 cm  ySize=2 cm  zSize=4 cm  mat=lead
  Voxel 27  pos=(-15, 5, -6) cm  xSize=2 cm  ySize=2 cm  zSize=4 cm  mat=lead
  Voxel 28  pos=(-15, 7, -6) cm  xSize=2 cm  ySize=2 cm  zSize=4 cm  mat=lead
  Voxel 29  pos=(-13, -7, -6) cm  xSize=2 cm  ySize=2 cm  zSize=4 cm  mat=lead
  Voxel 30  pos=(-11, -7, -6) cm  xSize=2 cm  ySize=2 cm  zSize=4 cm  mat=lead
  Voxel 31  pos=(-9, -7, -6) cm  xSize=2 cm  ySize=2 cm  zSize=4 cm  mat=lead
  Voxel 32  pos=(-7, -7, -6) cm  xSize=2 cm  ySize=2 cm  zSize=4 cm  mat=lead
  Voxel 33  pos=(-5, -7, -6) cm  xSize=2 cm  ySize=2 cm  zSize=4 cm  mat=lead
  Voxel 34  pos=(-3, -7, -6) cm  xSize=2 cm  ySize=2 cm  zSize=4 cm  mat=lead
  Voxel 35  pos=(-1, -5, -6) cm  xSize=2 cm  ySize=2 cm  zSize=4 cm  mat=lead
  Voxel 36  pos=(-1, -3, -6) cm  xSize=2 cm  ySize=2 cm  zSize=4 cm  mat=lead
  Voxel 37  pos=(-1, -1, -6) cm  xSize=2 cm  ySize=2 cm  zSize=4 cm  mat=lead
  Voxel 38  pos=(-1, 1, -6) cm  xSize=2 cm  ySize=2 cm  zSize=4 cm  mat=lead
  Voxel 39  pos=(-1, 3, -6) cm  xSize=2 cm  ySize=2 cm  zSize=4 cm  mat=lead
  Voxel 40  pos=(-1, 5, -6) cm  xSize=2 cm  ySize=2 cm  zSize=4 cm  mat=lead
  Voxel 41  pos=(-1, 7, -6) cm  xSize=2 cm  ySize=2 cm  zSize=4 cm  mat=lead
  Voxel 42  pos=(3, -5, -6) cm  xSize=2 cm  ySize=2 cm  zSize=4 cm  mat=lead
  Voxel 43  pos=(3, -3, -6) cm  xSize=2 cm  ySize=2 cm  zSize=4 cm  mat=lead
  Voxel 44  pos=(3, -1, -6) cm  xSize=2 cm  ySize=2 cm  zSize=4 cm  mat=lead
  Voxel 45  pos=(3, 1, -6) cm  xSize=2 cm  ySize=2 cm  zSize=4 cm  mat=lead
  Voxel 46  pos=(3, 3, -6) cm  xSize=2 cm  ySize=2 cm  zSize=4 cm  mat=lead
  Voxel 47  pos=(3, 5, -6) cm  xSize=2 cm  ySize=2 cm  zSize=4 cm  mat=lead
  Voxel 48  pos=(5, -7, -6) cm  xSize=2 cm  ySize=2 cm  zSize=4 cm  mat=lead
  Voxel 49  pos=(5, 7, -6) cm  xSize=2 cm  ySize=2 cm  zSize=4 cm  mat=lead
  Voxel 50  pos=(7, -7, -6) cm  xSize=2 cm  ySize=2 cm  zSize=4 cm  mat=lead
  Voxel 51  pos=(7, 7, -6) cm  xSize=2 cm  ySize=2 cm  zSize=4 cm  mat=lead
  Voxel 52  pos=(9, -7, -6) cm  xSize=2 cm  ySize=2 cm  zSize=4 cm  mat=lead
  Voxel 53  pos=(9, 7, -6) cm  xSize=2 cm  ySize=2 cm  zSize=4 cm  mat=lead
  Voxel 54  pos=(11, -7, -6) cm  xSize=2 cm  ySize=2 cm  zSize=4 cm  mat=lead
  Voxel 55  pos=(11, 7, -6) cm  xSize=2 cm  ySize=2 cm  zSize=4 cm  mat=lead
  Voxel 56  pos=(13, -7, -6) cm  xSize=2 cm  ySize=2 cm  zSize=4 cm  mat=lead
  Voxel 57  pos=(13, 7, -6) cm  xSize=2 cm  ySize=2 cm  zSize=4 cm  mat=lead
  Voxel 58  pos=(15, -7, -6) cm  xSize=2 cm  ySize=2 cm  zSize=4 cm  mat=lead
  Voxel 59  pos=(15, 7, -6) cm  xSize=2 cm  ySize=2 cm  zSize=4 cm  mat=lead
  Voxel 60  pos=(17, -5, -6) cm  xSize=2 cm  ySize=2 cm  zSize=4 cm  mat=lead
  Voxel 61  pos=(17, -3, -6) cm  xSize=2 cm  ySize=2 cm  zSize=4 cm  mat=lead
  Voxel 62  pos=(17, -1, -6) cm  xSize=2 cm  ySize=2 cm  zSize=4 cm  mat=lead
  Voxel 63  pos=(17, 1, -6) cm  xSize=2 cm  ySize=2 cm  zSize=4 cm  mat=lead
  Voxel 64  pos=(17, 3, -6) cm  xSize=2 cm  ySize=2 cm  zSize=4 cm  mat=lead
  Voxel 65  pos=(17, 5, -6) cm  xSize=2 cm  ySize=2 cm  zSize=4 cm  mat=lead
  Voxel 66  pos=(21, -7, -6) cm  xSize=2 cm  ySize=2 cm  zSize=4 cm  mat=lead
  Voxel 67  pos=(21, -5, -6) cm  xSize=2 cm  ySize=2 cm  zSize=4 cm  mat=lead
  Voxel 68  pos=(21, -3, -6) cm  xSize=2 cm  ySize=2 cm  zSize=4 cm  mat=lead
  Voxel 69  pos=(21, -1, -6) cm  xSize=2 cm  ySize=2 cm  zSize=4 cm  mat=lead
  Voxel 70  pos=(21, 1, -6) cm  xSize=2 cm  ySize=2 cm  zSize=4 cm  mat=lead
  Voxel 71  pos=(21, 3, -6) cm  xSize=2 cm  ySize=2 cm  zSize=4 cm  mat=lead
  Voxel 72  pos=(21, 5, -6) cm  xSize=2 cm  ySize=2 cm  zSize=4 cm  mat=lead
  Voxel 73  pos=(21, 7, -6) cm  xSize=2 cm  ySize=2 cm  zSize=4 cm  mat=lead
  Voxel 74  pos=(23, 5, -6) cm  xSize=2 cm  ySize=2 cm  zSize=4 cm  mat=lead
  Voxel 75  pos=(25, 3, -6) cm  xSize=2 cm  ySize=2 cm  zSize=4 cm  mat=lead
  Voxel 76  pos=(27, 1, -6) cm  xSize=2 cm  ySize=2 cm  zSize=4 cm  mat=lead
  Voxel 77  pos=(29, -1, -6) cm  xSize=2 cm  ySize=2 cm  zSize=4 cm  mat=lead
  Voxel 78  pos=(31, -3, -6) cm  xSize=2 cm  ySize=2 cm  zSize=4 cm  mat=lead
  Voxel 79  pos=(33, -5, -6) cm  xSize=2 cm  ySize=2 cm  zSize=4 cm  mat=lead
  Voxel 80  pos=(35, -7, -6) cm  xSize=2 cm  ySize=2 cm  zSize=4 cm  mat=lead
  Voxel 81  pos=(35, -5, -6) cm  xSize=2 cm  ySize=2 cm  zSize=4 cm  mat=lead
  Voxel 82  pos=(35, -3, -6) cm  xSize=2 cm  ySize=2 cm  zSize=4 cm  mat=lead
  Voxel 83  pos=(35, -1, -6) cm  xSize=2 cm  ySize=2 cm  zSize=4 cm  mat=lead
  Voxel 84  pos=(35, 1, -6) cm  xSize=2 cm  ySize=2 cm  zSize=4 cm  mat=lead
  Voxel 85  pos=(35, 3, -6) cm  xSize=2 cm  ySize=2 cm  zSize=4 cm  mat=lead
  Voxel 86  pos=(35, 5, -6) cm  xSize=2 cm  ySize=2 cm  zSize=4 cm  mat=lead
  Voxel 87  pos=(35, 7, -6) cm  xSize=2 cm  ySize=2 cm  zSize=4 cm  mat=lead
[0m
G4VUserPhysicsList::SetVerboseLevel  : Verbose level is set to 3
List of instantiated particles ============================================
GenericIon He3 alpha anti_He3 anti_alpha anti_deuteron anti_doublehyperH4 anti_doublehyperdoubleneutron anti_hyperH4 anti_hyperHe5 
anti_hyperalpha anti_hypertriton anti_kaon0 anti_lambda anti_neutron anti_nu_e anti_nu_mu anti_omega- anti_proton anti_sigma0 
anti_triton anti_xi- anti_xi0 chargedgeantino deuteron doublehyperH4 doublehyperdoubleneutron e+ e- eta 
eta_prime gamma geantino hyperH4 hyperHe5 hyperalpha hypertriton kaon+ kaon- kaon0 
kaon0L kaon0S lambda mu+ mu- neutron nu_e nu_mu omega- pi+ 
pi- pi0 proton sigma+ sigma- sigma0 triton xi- xi0 
CRY::CRYSetup: Setting returnNeutrons to 0
CRY::CRYSetup: Setting returnProtons to 0
CRY::CRYSetup: Setting returnGammas to 0
CRY::CRYSetup: Setting date to 7-1-2012 (month-day-year)
CRY::CRYSetup: Setting latitude to 90
CRY::CRYSetup: Setting altitude to 0
CRY::CRYSetup: Setting subboxLength to 2.56
userDetector->Construct() start.
Creando los objetos
Checking overlaps for volume layerPhys_0_0:0 (G4Box) ... OK! 
Checking overlaps for volume layerPhys_0_1:0 (G4Box) ... 
-------- WWWW ------- G4Exception-START -------- WWWW -------
*** G4Exception : GeomVol1002
      issued by : G4PVPlacement::CheckOverlaps()
Overlap with mother volume !
          Overlap is detected for volume layerPhys_0_1:0 (G4Box) with its mother volume detector_0 (G4Box)
          protrusion at mother local point (833.379,-284.345,-105) by 5 mm  (max of 517 cases)
NOTE: Reached maximum fixed number -1- of overlaps reports for this volume !
*** This is just a warning message. ***
-------- WWWW -------- G4Exception-END --------- WWWW -------

Checking overlaps for volume detectorPhys_0:0 (G4Box) ... OK! 
Checking overlaps for volume layerPhys_1_0:0 (G4Box) ... OK! 
Checking overlaps for volume layerPhys_1_1:0 (G4Box) ... 
-------- WWWW ------- G4Exception-START -------- WWWW -------
*** G4Exception : GeomVol1002
      issued by : G4PVPlacement::CheckOverlaps()
Overlap with mother volume !
          Overlap is detected for volume layerPhys_1_1:0 (G4Box) with its mother volume detector_1 (G4Box)
          protrusion at mother local point (-950.771,574.296,105) by 5 mm  (max of 502 cases)
NOTE: Reached maximum fixed number -1- of overlaps reports for this volume !
*** This is just a warning message. ***
-------- WWWW -------- G4Exception-END --------- WWWW -------

Checking overlaps for volume detectorPhys_1:0 (G4Box) ... OK! 
worldLogical is registered to the default region.
physicsList->Construct() start.
G4VUserPhysicsList::Construct()
G4VUserPhysicsList::InitializeProcessManager: creating ProcessManager to GenericIon
G4VUserPhysicsList::InitializeProcessManager: creating ProcessManager to He3
G4VUserPhysicsList::InitializeProcessManager: creating ProcessManager to alpha
G4VUserPhysicsList::InitializeProcessManager: creating ProcessManager to anti_He3
G4VUserPhysicsList::InitializeProcessManager: creating ProcessManager to anti_alpha
G4VUserPhysicsList::InitializeProcessManager: creating ProcessManager to anti_deuteron
G4VUserPhysicsList::InitializeProcessManager: creating ProcessManager to anti_doublehyperH4
G4VUserPhysicsList::InitializeProcessManager: creating ProcessManager to anti_doublehyperdoubleneutron
G4VUserPhysicsList::InitializeProcessManager: creating ProcessManager to anti_hyperH4
G4VUserPhysicsList::InitializeProcessManager: creating ProcessManager to anti_hyperHe5
G4VUserPhysicsList::InitializeProcessManager: creating ProcessManager to anti_hyperalpha
G4VUserPhysicsList::InitializeProcessManager: creating ProcessManager to anti_hypertriton
G4VUserPhysicsList::InitializeProcessManager: creating ProcessManager to anti_kaon0
G4VUserPhysicsList::InitializeProcessManager: creating ProcessManager to anti_lambda
G4VUserPhysicsList::InitializeProcessManager: creating ProcessManager to anti_neutron
G4VUserPhysicsList::InitializeProcessManager: creating ProcessManager to anti_nu_e
G4VUserPhysicsList::InitializeProcessManager: creating ProcessManager to anti_nu_mu
G4VUserPhysicsList::InitializeProcessManager: creating ProcessManager to anti_omega-
G4VUserPhysicsList::InitializeProcessManager: creating ProcessManager to anti_proton
G4VUserPhysicsList::InitializeProcessManager: creating ProcessManager to anti_sigma0
G4VUserPhysicsList::InitializeProcessManager: creating ProcessManager to anti_triton
G4VUserPhysicsList::InitializeProcessManager: creating ProcessManager to anti_xi-
G4VUserPhysicsList::InitializeProcessManager: creating ProcessManager to anti_xi0
G4VUserPhysicsList::InitializeProcessManager: creating ProcessManager to chargedgeantino
G4VUserPhysicsList::InitializeProcessManager: creating ProcessManager to deuteron
G4VUserPhysicsList::InitializeProcessManager: creating ProcessManager to doublehyperH4
G4VUserPhysicsList::InitializeProcessManager: creating ProcessManager to doublehyperdoubleneutron
G4VUserPhysicsList::InitializeProcessManager: creating ProcessManager to e+
G4VUserPhysicsList::InitializeProcessManager: creating ProcessManager to e-
G4VUserPhysicsList::InitializeProcessManager: creating ProcessManager to eta
G4VUserPhysicsList::InitializeProcessManager: creating ProcessManager to eta_prime
G4VUserPhysicsList::InitializeProcessManager: creating ProcessManager to gamma
G4VUserPhysicsList::InitializeProcessManager: creating ProcessManager to geantino
G4VUserPhysicsList::InitializeProcessManager: creating ProcessManager to hyperH4
G4VUserPhysicsList::InitializeProcessManager: creating ProcessManager to hyperHe5
G4VUserPhysicsList::InitializeProcessManager: creating ProcessManager to hyperalpha
G4VUserPhysicsList::InitializeProcessManager: creating ProcessManager to hypertriton
G4VUserPhysicsList::InitializeProcessManager: creating ProcessManager to kaon+
G4VUserPhysicsList::InitializeProcessManager: creating ProcessManager to kaon-
G4VUserPhysicsList::InitializeProcessManager: creating ProcessManager to kaon0
G4VUserPhysicsList::InitializeProcessManager: creating ProcessManager to kaon0L
G4VUserPhysicsList::InitializeProcessManager: creating ProcessManager to kaon0S
G4VUserPhysicsList::InitializeProcessManager: creating ProcessManager to lambda
G4VUserPhysicsList::InitializeProcessManager: creating ProcessManager to mu+
G4VUserPhysicsList::InitializeProcessManager: creating ProcessManager to mu-
G4VUserPhysicsList::InitializeProcessManager: creating ProcessManager to neutron
G4VUserPhysicsList::InitializeProcessManager: creating ProcessManager to nu_e
G4VUserPhysicsList::InitializeProcessManager: creating ProcessManager to nu_mu
G4VUserPhysicsList::InitializeProcessManager: creating ProcessManager to omega-
G4VUserPhysicsList::InitializeProcessManager: creating ProcessManager to pi+
G4VUserPhysicsList::InitializeProcessManager: creating ProcessManager to pi-
G4VUserPhysicsList::InitializeProcessManager: creating ProcessManager to pi0
G4VUserPhysicsList::InitializeProcessManager: creating ProcessManager to proton
G4VUserPhysicsList::InitializeProcessManager: creating ProcessManager to sigma+
G4VUserPhysicsList::InitializeProcessManager: creating ProcessManager to sigma-
G4VUserPhysicsList::InitializeProcessManager: creating ProcessManager to sigma0
G4VUserPhysicsList::InitializeProcessManager: creating ProcessManager to triton
G4VUserPhysicsList::InitializeProcessManager: creating ProcessManager to xi-
G4VUserPhysicsList::InitializeProcessManager: creating ProcessManager to xi0
Construct processes 
G4PhysicsListHelper::AddTransportation()  
physicsList->CheckParticleList() start.
physicsList->setCut() start.
G4VUserPhysicsList::SetParticleCuts:   :1[mm] for gamma
G4VUserPhysicsList::SetParticleCuts:   :1[mm] for e-
G4VUserPhysicsList::SetParticleCuts:   :1[mm] for e+
G4VUserPhysicsList::SetParticleCuts:   :1[mm] for proton
G4VUserPhysicsList::SetDefaultCutValue:default cut value is changed to   :1[mm]
G4VUserPhysicsList::SetCuts:   
Cut for gamma: 1[mm]
Cut  for e-: 1[mm]
Cut  for e+: 1[mm]
Cut  for proton: 1[mm]
/
/layer_0_0   *** Active 
/layer_0_1   *** Active 
/layer_1_0   *** Active 
/layer_1_1   *** Active 
Visualization Manager instantiating with verbosity "warnings (3)"...
Visualization Manager initialising...
Registering graphics systems...

You have successfully registered the following graphics systems.
Registered graphics systems are:
  ASCIITree (ATree)
  DAWNFILE (DAWNFILE)
  G4HepRepFile (HepRepFile)
  RayTracer (RayTracer)
  VRML2FILE (VRML2FILE)
  gMocrenFile (gMocrenFile)
  TOOLSSG_OFFSCREEN (TSG_OFFSCREEN)
  TOOLSSG_OFFSCREEN (TSG_OFFSCREEN, TSG_FILE, TSG)
Default graphics system is: TSG_OFFSCREEN (based on batch session).
Default window size hint is: 600x600-0+0 (based on G4VisManager initialisation).
Note: Parameters specified on the command line will override these defaults.
      Use "vis/open" without parameters to get these defaults.

Registering model factories...

You have successfully registered the following model factories.
Registered model factories:
  generic
  drawByAttribute
  drawByCharge
  drawByOriginVolume
  drawByParticleID
  drawByEncounteredVolume

Registered models:
  None

Registered filter factories:
  attributeFilter
  chargeFilter
  originVolumeFilter
  particleFilter
  encounteredVolumeFilter

Registered filters:
  None

You have successfully registered the following user vis actions.
Run Duration User Vis Actions: none
End of Event User Vis Actions: none
End of Run User Vis Actions: none

Some /vis commands (optionally) take a string to specify colour.
"/vis/list" to see available colours.
Starging the party joder
Starging the party
G4ProductionCutsTable::UpdateCoupleTable() - Elapsed time for calculation of energy cuts: 
User=0.000000s Real=0.000063s Sys=0.000000s [Cpu=0.0%]
=======================================================================
======                 Electromagnetic Physics Parameters      ========
=======================================================================
LPM effect enabled                                 1
Enable creation and use of sampling tables         0
Apply cuts on all EM processes                     0
Use combined TransportationWithMsc                 Disabled
Use general process                                0
Enable linear polarisation for gamma               0
Enable photoeffect sampling below K-shell          1
Enable sampling of quantum entanglement            0
X-section factor for integral approach             0.8
Min kinetic energy for tables                      100 eV 
Max kinetic energy for tables                      100 TeV
Number of bins per decade of a table               7
Verbose level                                      1
Verbose level for worker thread                    0
Bremsstrahlung energy threshold above which 
  primary e+- is added to the list of secondary    100 TeV
Bremsstrahlung energy threshold above which primary
  muon/hadron is added to the list of secondary    100 TeV
Lowest triplet kinetic energy                      1 MeV
Enable sampling of gamma linear polarisation       0
5D gamma conversion model type                     0
5D gamma conversion model on isolated ion          0
Livermore data directory                           epics_2017
=======================================================================
======                 Ionisation Parameters                   ========
=======================================================================
Step function for e+-                              (0.2, 1 mm)
Step function for muons/hadrons                    (0.2, 0.1 mm)
Step function for light ions                       (0.2, 0.1 mm)
Step function for general ions                     (0.2, 0.1 mm)
Lowest e+e- kinetic energy                         1 keV
Lowest muon/hadron kinetic energy                  1 keV
Use ICRU90 data                                    0
Fluctuations of dE/dx are enabled                  1
Type of fluctuation model for leptons and hadrons  Universal
Use built-in Birks satuaration                     0
Build CSDA range enabled                           0
Use cut as a final range enabled                   0
Enable angular generator interface                 0
Max kinetic energy for CSDA tables                 1 GeV
Max kinetic energy for NIEL computation            0 eV 
Linear loss limit                                  0.01
Read data from file for e+e- pair production by mu 0
=======================================================================
======                 Multiple Scattering Parameters          ========
=======================================================================
Type of msc step limit algorithm for e+-           1
Type of msc step limit algorithm for muons/hadrons 0
Msc lateral displacement for e+- enabled           1
Msc lateral displacement for muons and hadrons     0
Urban msc model lateral displacement alg96         1
Range factor for msc step limit for e+-            0.04
Range factor for msc step limit for muons/hadrons  0.2
Geometry factor for msc step limitation of e+-     2.5
Safety factor for msc step limit for e+-           0.6
Skin parameter for msc step limitation of e+-      1
Lambda limit for msc step limit for e+-            1 mm
Use Mott correction for e- scattering              0
Factor used for dynamic computation of angular 
  limit between single and multiple scattering     1
Fixed angular limit between single 
  and multiple scattering                          3.1416 rad
Upper energy limit for e+- multiple scattering     100 MeV
Type of electron single scattering model           0
Type of nuclear form-factor                        1
Screening factor                                   1
=======================================================================
G4VUserPhysicsList::BuildPhysicsTable does not retrieve Cut Table but calculate 
G4VUserPhysicsList::BuildPhysicsTable  Calculate Physics Table for gamma
G4VUserPhysicsList::BuildPhysicsTable %%%%%% gamma
 ProcessManager : 0x21a7eb0 ProcessManagerShadow : 0x21a7eb0
  0 - Transportation
  1 - phot
  2 - compt
  3 - pol-compt
  4 - conv
--------------------------------------------------------------
  0 - Transportation
  1 - phot
  2 - compt
  3 - pol-compt
  4 - conv

phot:  for gamma SubType=12 BuildTable=0
      LambdaPrime table from 200 keV to 100 TeV in 61 bins 
      ===== EM models for the G4Region  DefaultRegionForTheWorld ======
       PhotoElectric : Emin=    0 eV  Emax=  100 TeV  SauterGavrila

compt:  for gamma SubType=13 BuildTable=1
      Lambda table from 100 eV  to 1 MeV, 7 bins/decade, spline: 1
      LambdaPrime table from 1 MeV to 100 TeV in 56 bins 
      ===== EM models for the G4Region  DefaultRegionForTheWorld ======
       Klein-Nishina : Emin=    0 eV  Emax=  100 TeV

pol-compt:  for gamma SubType=13 BuildTable=1
      Lambda table from 100 eV  to 1 MeV, 7 bins/decade, spline: 1
      LambdaPrime table from 1 MeV to 100 TeV in 56 bins 
      ===== EM models for the G4Region  DefaultRegionForTheWorld ======
   Polarized-Compton : Emin=    0 eV  Emax=  100 TeV

conv:  for gamma SubType=14 BuildTable=1
      Lambda table from 1.022 MeV to 100 TeV, 18 bins/decade, spline: 1
      ===== EM models for the G4Region  DefaultRegionForTheWorld ======
     BetheHeitlerLPM : Emin=    0 eV  Emax=  100 TeV  ModifiedTsai
G4VUserPhysicsList::BuildPhysicsTable  Calculate Physics Table for e-
G4VUserPhysicsList::BuildPhysicsTable %%%%%% e-
 ProcessManager : 0x21a77c0 ProcessManagerShadow : 0x21a77c0
  0 - Transportation
  1 - msc
  2 - eIoni
  3 - eBrem
--------------------------------------------------------------
  0 - Transportation
  1 - msc
  2 - eIoni
  3 - eBrem

msc:  for e-  SubType= 10
      ===== EM models for the G4Region  DefaultRegionForTheWorld ======
            UrbanMsc : Emin=    0 eV  Emax=  100 TeV Nbins=84 100 eV  - 100 TeV
          StepLim=UseSafety Rfact=0.04 Gfact=2.5 Sfact=0.6 DispFlag:1 Skin=1 Llim=1 mm

eIoni:  for e-  XStype:3  SubType=2
      dE/dx and range tables from 100 eV  to 100 TeV in 84 bins
      Lambda tables from threshold to 100 TeV, 7 bins/decade, spline: 1
      StepFunction=(0.2, 1 mm), integ: 3, fluct: 1, linLossLim= 0.01
      ===== EM models for the G4Region  DefaultRegionForTheWorld ======
        MollerBhabha : Emin=    0 eV  Emax=  100 TeV

eBrem:  for e-  XStype:4  SubType=3
      dE/dx and range tables from 100 eV  to 100 TeV in 84 bins
      Lambda tables from threshold to 100 TeV, 7 bins/decade, spline: 1
      LPM flag: 1 for E > 1 GeV,  VertexHighEnergyTh(GeV)= 100000
      ===== EM models for the G4Region  DefaultRegionForTheWorld ======
             eBremSB : Emin=    0 eV  Emax=    1 GeV  ModifiedTsai
            eBremLPM : Emin=    1 GeV Emax=  100 TeV  ModifiedTsai
G4VUserPhysicsList::BuildPhysicsTable  Calculate Physics Table for e+
G4VUserPhysicsList::BuildPhysicsTable %%%%%% e+
 ProcessManager : 0x21a7570 ProcessManagerShadow : 0x21a7570
  0 - Transportation
  1 - msc
  2 - eIoni
  3 - eBrem
  4 - annihil
--------------------------------------------------------------
  0 - Transportation
  1 - msc
  2 - eIoni
  3 - eBrem
  4 - annihil

msc:  for e+  SubType= 10
      ===== EM models for the G4Region  DefaultRegionForTheWorld ======
            UrbanMsc : Emin=    0 eV  Emax=  100 TeV Nbins=84 100 eV  - 100 TeV
          StepLim=UseSafety Rfact=0.04 Gfact=2.5 Sfact=0.6 DispFlag:1 Skin=1 Llim=1 mm

eIoni:  for e+  XStype:3  SubType=2
      dE/dx and range tables from 100 eV  to 100 TeV in 84 bins
      Lambda tables from threshold to 100 TeV, 7 bins/decade, spline: 1
      StepFunction=(0.2, 1 mm), integ: 3, fluct: 1, linLossLim= 0.01
      ===== EM models for the G4Region  DefaultRegionForTheWorld ======
        MollerBhabha : Emin=    0 eV  Emax=  100 TeV

eBrem:  for e+  XStype:4  SubType=3
      dE/dx and range tables from 100 eV  to 100 TeV in 84 bins
      Lambda tables from threshold to 100 TeV, 7 bins/decade, spline: 1
      LPM flag: 1 for E > 1 GeV,  VertexHighEnergyTh(GeV)= 100000
      ===== EM models for the G4Region  DefaultRegionForTheWorld ======
             eBremSB : Emin=    0 eV  Emax=    1 GeV  ModifiedTsai
            eBremLPM : Emin=    1 GeV Emax=  100 TeV  ModifiedTsai

annihil:  for e+ XStype:2 SubType=5 BuildTable=0
      ===== EM models for the G4Region  DefaultRegionForTheWorld ======
            eplus2gg : Emin=    0 eV  Emax=  100 TeV
G4VUserPhysicsList::BuildPhysicsTable  Calculate Physics Table for proton
G4VUserPhysicsList::BuildPhysicsTable %%%%%% proton
 ProcessManager : 0x21aaf40 ProcessManagerShadow : 0x21aaf40
  0 - Transportation
  1 - msc
  2 - hIoni
--------------------------------------------------------------
  0 - Transportation
  1 - msc
  2 - hIoni

msc:  for proton  SubType= 10
      ===== EM models for the G4Region  DefaultRegionForTheWorld ======
            UrbanMsc : Emin=    0 eV  Emax=  100 TeV Nbins=84 100 eV  - 100 TeV
          StepLim=Minimal Rfact=0.2 Gfact=2.5 Sfact=0.6 DispFlag:0 Skin=1 Llim=1 mm

hIoni:  for proton  XStype:3  SubType=2
      dE/dx and range tables from 100 eV  to 100 TeV in 84 bins
      Lambda tables from threshold to 100 TeV, 7 bins/decade, spline: 1
      StepFunction=(0.2, 0.1 mm), integ: 3, fluct: 1, linLossLim= 0.01
      ===== EM models for the G4Region  DefaultRegionForTheWorld ======
               Bragg : Emin=    0 eV  Emax=    2 MeV
          BetheBloch : Emin=    2 MeV Emax=  100 TeV
G4VUserPhysicsList::BuildPhysicsTable  Calculate Physics Table for GenericIon
G4VUserPhysicsList::BuildPhysicsTable %%%%%% GenericIon
 ProcessManager : 0x219f5e0 ProcessManagerShadow : 0x219f5e0
  0 - Transportation
  1 - msc
  2 - hIoni
--------------------------------------------------------------
  0 - Transportation
  1 - msc
  2 - hIoni

msc:  for GenericIon  SubType= 10
      ===== EM models for the G4Region  DefaultRegionForTheWorld ======
            UrbanMsc : Emin=    0 eV  Emax=  100 TeV
          StepLim=Minimal Rfact=0.2 Gfact=2.5 Sfact=0.6 DispFlag:0 Skin=1 Llim=1 mm

hIoni:  for GenericIon  XStype:3  SubType=2
      dE/dx and range tables from 100 eV  to 100 TeV in 84 bins
      Lambda tables from threshold to 100 TeV, 7 bins/decade, spline: 1
      StepFunction=(0.2, 0.1 mm), integ: 3, fluct: 1, linLossLim= 0.01
      ===== EM models for the G4Region  DefaultRegionForTheWorld ======
               Bragg : Emin=    0 eV  Emax=    2 MeV
          BetheBloch : Emin=    2 MeV Emax=  100 TeV
G4VUserPhysicsList::BuildPhysicsTable  Calculate Physics Table for He3
G4VUserPhysicsList::BuildPhysicsTable %%%%%% He3
 ProcessManager : 0x21a3a10 ProcessManagerShadow : 0x21a3a10
  0 - Transportation
  1 - msc
  2 - hIoni
--------------------------------------------------------------
  0 - Transportation
  1 - msc
  2 - hIoni
G4VUserPhysicsList::BuildPhysicsTable  Calculate Physics Table for alpha
G4VUserPhysicsList::BuildPhysicsTable %%%%%% alpha
 ProcessManager : 0x21a3ba0 ProcessManagerShadow : 0x21a3ba0
  0 - Transportation
  1 - msc
  2 - hIoni
--------------------------------------------------------------
  0 - Transportation
  1 - msc
  2 - hIoni

msc:  for alpha  SubType= 10
      ===== EM models for the G4Region  DefaultRegionForTheWorld ======
            UrbanMsc : Emin=    0 eV  Emax=  100 TeV
          StepLim=Minimal Rfact=0.2 Gfact=2.5 Sfact=0.6 DispFlag:0 Skin=1 Llim=1 mm

hIoni:  for alpha  XStype:3  SubType=2
      dE/dx and range tables from 100 eV  to 100 TeV in 84 bins
      Lambda tables from threshold to 100 TeV, 7 bins/decade, spline: 1
      StepFunction=(0.2, 0.1 mm), integ: 3, fluct: 1, linLossLim= 0.01
      ===== EM models for the G4Region  DefaultRegionForTheWorld ======
               Bragg : Emin=    0 eV  Emax=7.9452 MeV
          BetheBloch : Emin=7.9452 MeV Emax=  100 TeV
G4VUserPhysicsList::BuildPhysicsTable  Calculate Physics Table for anti_He3
G4VUserPhysicsList::BuildPhysicsTable %%%%%% anti_He3
 ProcessManager : 0x21a3df0 ProcessManagerShadow : 0x21a3df0
  0 - Transportation
  1 - msc
  2 - hIoni
--------------------------------------------------------------
  0 - Transportation
  1 - msc
  2 - hIoni
G4VUserPhysicsList::BuildPhysicsTable  Calculate Physics Table for anti_alpha
G4VUserPhysicsList::BuildPhysicsTable %%%%%% anti_alpha
 ProcessManager : 0x21a4040 ProcessManagerShadow : 0x21a4040
  0 - Transportation
  1 - msc
  2 - hIoni
--------------------------------------------------------------
  0 - Transportation
  1 - msc
  2 - hIoni
G4VUserPhysicsList::BuildPhysicsTable  Calculate Physics Table for anti_deuteron
G4VUserPhysicsList::BuildPhysicsTable %%%%%% anti_deuteron
 ProcessManager : 0x21a4290 ProcessManagerShadow : 0x21a4290
  0 - Transportation
  1 - msc
  2 - hIoni
--------------------------------------------------------------
  0 - Transportation
  1 - msc
  2 - hIoni
G4VUserPhysicsList::BuildPhysicsTable  Calculate Physics Table for anti_doublehyperH4
G4VUserPhysicsList::BuildPhysicsTable %%%%%% anti_doublehyperH4
 ProcessManager : 0x21a44e0 ProcessManagerShadow : 0x21a44e0
  0 - Transportation
  1 - Decay
  2 - msc
  3 - hIoni
--------------------------------------------------------------
  0 - Transportation
  1 - Decay
  2 - msc
  3 - hIoni
G4VUserPhysicsList::BuildPhysicsTable  Calculate Physics Table for anti_doublehyperdoubleneutron
G4VUserPhysicsList::BuildPhysicsTable %%%%%% anti_doublehyperdoubleneutron
 ProcessManager : 0x21a4730 ProcessManagerShadow : 0x21a4730
  0 - Transportation
  1 - Decay
--------------------------------------------------------------
  0 - Transportation
  1 - Decay
G4VUserPhysicsList::BuildPhysicsTable  Calculate Physics Table for anti_hyperH4
G4VUserPhysicsList::BuildPhysicsTable %%%%%% anti_hyperH4
 ProcessManager : 0x21a4980 ProcessManagerShadow : 0x21a4980
  0 - Transportation
  1 - Decay
  2 - msc
  3 - hIoni
--------------------------------------------------------------
  0 - Transportation
  1 - Decay
  2 - msc
  3 - hIoni
G4VUserPhysicsList::BuildPhysicsTable  Calculate Physics Table for anti_hyperHe5
G4VUserPhysicsList::BuildPhysicsTable %%%%%% anti_hyperHe5
 ProcessManager : 0x21a4bd0 ProcessManagerShadow : 0x21a4bd0
  0 - Transportation
  1 - Decay
  2 - msc
  3 - hIoni
--------------------------------------------------------------
  0 - Transportation
  1 - Decay
  2 - msc
  3 - hIoni
G4VUserPhysicsList::BuildPhysicsTable  Calculate Physics Table for anti_hyperalpha
G4VUserPhysicsList::BuildPhysicsTable %%%%%% anti_hyperalpha
 ProcessManager : 0x21a4e20 ProcessManagerShadow : 0x21a4e20
  0 - Transportation
  1 - Decay
  2 - msc
  3 - hIoni
--------------------------------------------------------------
  0 - Transportation
  1 - Decay
  2 - msc
  3 - hIoni
G4VUserPhysicsList::BuildPhysicsTable  Calculate Physics Table for anti_hypertriton
G4VUserPhysicsList::BuildPhysicsTable %%%%%% anti_hypertriton
 ProcessManager : 0x21a5070 ProcessManagerShadow : 0x21a5070
  0 - Transportation
  1 - Decay
  2 - msc
  3 - hIoni
--------------------------------------------------------------
  0 - Transportation
  1 - Decay
  2 - msc
  3 - hIoni
G4VUserPhysicsList::BuildPhysicsTable  Calculate Physics Table for anti_kaon0
G4VUserPhysicsList::BuildPhysicsTable %%%%%% anti_kaon0
 ProcessManager : 0x21a52c0 ProcessManagerShadow : 0x21a52c0
  0 - Transportation
  1 - Decay
--------------------------------------------------------------
  0 - Transportation
  1 - Decay
G4VUserPhysicsList::BuildPhysicsTable  Calculate Physics Table for anti_lambda
G4VUserPhysicsList::BuildPhysicsTable %%%%%% anti_lambda
 ProcessManager : 0x21a5510 ProcessManagerShadow : 0x21a5510
  0 - Transportation
  1 - Decay
--------------------------------------------------------------
  0 - Transportation
  1 - Decay
G4VUserPhysicsList::BuildPhysicsTable  Calculate Physics Table for anti_neutron
G4VUserPhysicsList::BuildPhysicsTable %%%%%% anti_neutron
 ProcessManager : 0x21a5760 ProcessManagerShadow : 0x21a5760
  0 - Transportation
  1 - Decay
--------------------------------------------------------------
  0 - Transportation
  1 - Decay
G4VUserPhysicsList::BuildPhysicsTable  Calculate Physics Table for anti_nu_e
G4VUserPhysicsList::BuildPhysicsTable %%%%%% anti_nu_e
 ProcessManager : 0x21a59b0 ProcessManagerShadow : 0x21a59b0
  0 - Transportation
--------------------------------------------------------------
  0 - Transportation
G4VUserPhysicsList::BuildPhysicsTable  Calculate Physics Table for anti_nu_mu
G4VUserPhysicsList::BuildPhysicsTable %%%%%% anti_nu_mu
 ProcessManager : 0x21a5c00 ProcessManagerShadow : 0x21a5c00
  0 - Transportation
--------------------------------------------------------------
  0 - Transportation
G4VUserPhysicsList::BuildPhysicsTable  Calculate Physics Table for anti_omega-
G4VUserPhysicsList::BuildPhysicsTable %%%%%% anti_omega-
 ProcessManager : 0x21a5e50 ProcessManagerShadow : 0x21a5e50
  0 - Transportation
  1 - Decay
  2 - msc
  3 - hIoni
--------------------------------------------------------------
  0 - Transportation
  1 - Decay
  2 - msc
  3 - hIoni
G4VUserPhysicsList::BuildPhysicsTable  Calculate Physics Table for anti_proton
G4VUserPhysicsList::BuildPhysicsTable %%%%%% anti_proton
 ProcessManager : 0x21a60a0 ProcessManagerShadow : 0x21a60a0
  0 - Transportation
  1 - msc
  2 - hIoni
--------------------------------------------------------------
  0 - Transportation
  1 - msc
  2 - hIoni

msc:  for anti_proton  SubType= 10
      ===== EM models for the G4Region  DefaultRegionForTheWorld ======
            UrbanMsc : Emin=    0 eV  Emax=  100 TeV Nbins=84 100 eV  - 100 TeV
          StepLim=Minimal Rfact=0.2 Gfact=2.5 Sfact=0.6 DispFlag:0 Skin=1 Llim=1 mm

hIoni:  for anti_proton  XStype:3  SubType=2
      dE/dx and range tables from 100 eV  to 100 TeV in 84 bins
      Lambda tables from threshold to 100 TeV, 7 bins/decade, spline: 1
      StepFunction=(0.2, 0.1 mm), integ: 3, fluct: 1, linLossLim= 0.01
      ===== EM models for the G4Region  DefaultRegionForTheWorld ======
            ICRU73QO : Emin=    0 eV  Emax=    2 MeV
          BetheBloch : Emin=    2 MeV Emax=  100 TeV
G4VUserPhysicsList::BuildPhysicsTable  Calculate Physics Table for anti_sigma0
G4VUserPhysicsList::BuildPhysicsTable %%%%%% anti_sigma0
 ProcessManager : 0x21a62f0 ProcessManagerShadow : 0x21a62f0
  0 - Transportation
  1 - Decay
--------------------------------------------------------------
  0 - Transportation
  1 - Decay
G4VUserPhysicsList::BuildPhysicsTable  Calculate Physics Table for anti_triton
G4VUserPhysicsList::BuildPhysicsTable %%%%%% anti_triton
 ProcessManager : 0x21a6540 ProcessManagerShadow : 0x21a6540
  0 - Transportation
  1 - Decay
  2 - msc
  3 - hIoni
--------------------------------------------------------------
  0 - Transportation
  1 - Decay
  2 - msc
  3 - hIoni
G4VUserPhysicsList::BuildPhysicsTable  Calculate Physics Table for anti_xi-
G4VUserPhysicsList::BuildPhysicsTable %%%%%% anti_xi-
 ProcessManager : 0x21a6790 ProcessManagerShadow : 0x21a6790
  0 - Transportation
  1 - Decay
  2 - msc
  3 - hIoni
--------------------------------------------------------------
  0 - Transportation
  1 - Decay
  2 - msc
  3 - hIoni
G4VUserPhysicsList::BuildPhysicsTable  Calculate Physics Table for anti_xi0
G4VUserPhysicsList::BuildPhysicsTable %%%%%% anti_xi0
 ProcessManager : 0x21a69e0 ProcessManagerShadow : 0x21a69e0
  0 - Transportation
  1 - Decay
--------------------------------------------------------------
  0 - Transportation
  1 - Decay
G4VUserPhysicsList::BuildPhysicsTable  Calculate Physics Table for chargedgeantino
G4VUserPhysicsList::BuildPhysicsTable %%%%%% chargedgeantino
 ProcessManager : 0x21a6c30 ProcessManagerShadow : 0x21a6c30
  0 - Transportation
--------------------------------------------------------------
  0 - Transportation
G4VUserPhysicsList::BuildPhysicsTable  Calculate Physics Table for deuteron
G4VUserPhysicsList::BuildPhysicsTable %%%%%% deuteron
 ProcessManager : 0x21a6e80 ProcessManagerShadow : 0x21a6e80
  0 - Transportation
  1 - msc
  2 - hIoni
--------------------------------------------------------------
  0 - Transportation
  1 - msc
  2 - hIoni
G4VUserPhysicsList::BuildPhysicsTable  Calculate Physics Table for doublehyperH4
G4VUserPhysicsList::BuildPhysicsTable %%%%%% doublehyperH4
 ProcessManager : 0x21a70d0 ProcessManagerShadow : 0x21a70d0
  0 - Transportation
  1 - Decay
  2 - msc
  3 - hIoni
--------------------------------------------------------------
  0 - Transportation
  1 - Decay
  2 - msc
  3 - hIoni
G4VUserPhysicsList::BuildPhysicsTable  Calculate Physics Table for doublehyperdoubleneutron
G4VUserPhysicsList::BuildPhysicsTable %%%%%% doublehyperdoubleneutron
 ProcessManager : 0x21a7320 ProcessManagerShadow : 0x21a7320
  0 - Transportation
  1 - Decay
--------------------------------------------------------------
  0 - Transportation
  1 - Decay
G4VUserPhysicsList::BuildPhysicsTable  Calculate Physics Table for eta
G4VUserPhysicsList::BuildPhysicsTable %%%%%% eta
 ProcessManager : 0x21a7a10 ProcessManagerShadow : 0x21a7a10
  0 - Transportation
  1 - Decay
--------------------------------------------------------------
  0 - Transportation
  1 - Decay
G4VUserPhysicsList::BuildPhysicsTable  Calculate Physics Table for eta_prime
G4VUserPhysicsList::BuildPhysicsTable %%%%%% eta_prime
 ProcessManager : 0x21a7c60 ProcessManagerShadow : 0x21a7c60
  0 - Transportation
  1 - Decay
--------------------------------------------------------------
  0 - Transportation
  1 - Decay
G4VUserPhysicsList::BuildPhysicsTable  Calculate Physics Table for geantino
G4VUserPhysicsList::BuildPhysicsTable %%%%%% geantino
 ProcessManager : 0x21a8100 ProcessManagerShadow : 0x21a8100
  0 - Transportation
--------------------------------------------------------------
  0 - Transportation
G4VUserPhysicsList::BuildPhysicsTable  Calculate Physics Table for hyperH4
G4VUserPhysicsList::BuildPhysicsTable %%%%%% hyperH4
 ProcessManager : 0x21a8350 ProcessManagerShadow : 0x21a8350
  0 - Transportation
  1 - Decay
  2 - msc
  3 - hIoni
--------------------------------------------------------------
  0 - Transportation
  1 - Decay
  2 - msc
  3 - hIoni
G4VUserPhysicsList::BuildPhysicsTable  Calculate Physics Table for hyperHe5
G4VUserPhysicsList::BuildPhysicsTable %%%%%% hyperHe5
 ProcessManager : 0x21a85a0 ProcessManagerShadow : 0x21a85a0
  0 - Transportation
  1 - Decay
  2 - msc
  3 - hIoni
--------------------------------------------------------------
  0 - Transportation
  1 - Decay
  2 - msc
  3 - hIoni
G4VUserPhysicsList::BuildPhysicsTable  Calculate Physics Table for hyperalpha
G4VUserPhysicsList::BuildPhysicsTable %%%%%% hyperalpha
 ProcessManager : 0x21a87f0 ProcessManagerShadow : 0x21a87f0
  0 - Transportation
  1 - Decay
  2 - msc
  3 - hIoni
--------------------------------------------------------------
  0 - Transportation
  1 - Decay
  2 - msc
  3 - hIoni
G4VUserPhysicsList::BuildPhysicsTable  Calculate Physics Table for hypertriton
G4VUserPhysicsList::BuildPhysicsTable %%%%%% hypertriton
 ProcessManager : 0x21a8a40 ProcessManagerShadow : 0x21a8a40
  0 - Transportation
  1 - Decay
  2 - msc
  3 - hIoni
--------------------------------------------------------------
  0 - Transportation
  1 - Decay
  2 - msc
  3 - hIoni
G4VUserPhysicsList::BuildPhysicsTable  Calculate Physics Table for kaon+
G4VUserPhysicsList::BuildPhysicsTable %%%%%% kaon+
 ProcessManager : 0x21a8c90 ProcessManagerShadow : 0x21a8c90
  0 - Transportation
  1 - Decay
  2 - msc
  3 - hIoni
--------------------------------------------------------------
  0 - Transportation
  1 - Decay
  2 - msc
  3 - hIoni

msc:  for kaon+  SubType= 10
      ===== EM models for the G4Region  DefaultRegionForTheWorld ======
            UrbanMsc : Emin=    0 eV  Emax=  100 TeV Nbins=84 100 eV  - 100 TeV
          StepLim=Minimal Rfact=0.2 Gfact=2.5 Sfact=0.6 DispFlag:0 Skin=1 Llim=1 mm

hIoni:  for kaon+  XStype:3  SubType=2
      dE/dx and range tables from 100 eV  to 100 TeV in 84 bins
      Lambda tables from threshold to 100 TeV, 7 bins/decade, spline: 1
      StepFunction=(0.2, 0.1 mm), integ: 3, fluct: 1, linLossLim= 0.01
      ===== EM models for the G4Region  DefaultRegionForTheWorld ======
               Bragg : Emin=    0 eV  Emax=1.05231 MeV
          BetheBloch : Emin=1.05231 MeV Emax=  100 TeV
G4VUserPhysicsList::BuildPhysicsTable  Calculate Physics Table for kaon-
G4VUserPhysicsList::BuildPhysicsTable %%%%%% kaon-
 ProcessManager : 0x21a8ee0 ProcessManagerShadow : 0x21a8ee0
  0 - Transportation
  1 - Decay
  2 - msc
  3 - hIoni
--------------------------------------------------------------
  0 - Transportation
  1 - Decay
  2 - msc
  3 - hIoni

msc:  for kaon-  SubType= 10
      ===== EM models for the G4Region  DefaultRegionForTheWorld ======
            UrbanMsc : Emin=    0 eV  Emax=  100 TeV Nbins=84 100 eV  - 100 TeV
          StepLim=Minimal Rfact=0.2 Gfact=2.5 Sfact=0.6 DispFlag:0 Skin=1 Llim=1 mm

hIoni:  for kaon-  XStype:3  SubType=2
      dE/dx and range tables from 100 eV  to 100 TeV in 84 bins
      Lambda tables from threshold to 100 TeV, 7 bins/decade, spline: 1
      StepFunction=(0.2, 0.1 mm), integ: 3, fluct: 1, linLossLim= 0.01
      ===== EM models for the G4Region  DefaultRegionForTheWorld ======
            ICRU73QO : Emin=    0 eV  Emax=1.05231 MeV
          BetheBloch : Emin=1.05231 MeV Emax=  100 TeV
G4VUserPhysicsList::BuildPhysicsTable  Calculate Physics Table for kaon0
G4VUserPhysicsList::BuildPhysicsTable %%%%%% kaon0
 ProcessManager : 0x21a9130 ProcessManagerShadow : 0x21a9130
  0 - Transportation
  1 - Decay
--------------------------------------------------------------
  0 - Transportation
  1 - Decay
G4VUserPhysicsList::BuildPhysicsTable  Calculate Physics Table for kaon0L
G4VUserPhysicsList::BuildPhysicsTable %%%%%% kaon0L
 ProcessManager : 0x21a9380 ProcessManagerShadow : 0x21a9380
  0 - Transportation
  1 - Decay
--------------------------------------------------------------
  0 - Transportation
  1 - Decay
G4VUserPhysicsList::BuildPhysicsTable  Calculate Physics Table for kaon0S
G4VUserPhysicsList::BuildPhysicsTable %%%%%% kaon0S
 ProcessManager : 0x21a95d0 ProcessManagerShadow : 0x21a95d0
  0 - Transportation
  1 - Decay
--------------------------------------------------------------
  0 - Transportation
  1 - Decay
G4VUserPhysicsList::BuildPhysicsTable  Calculate Physics Table for lambda
G4VUserPhysicsList::BuildPhysicsTable %%%%%% lambda
 ProcessManager : 0x21a9820 ProcessManagerShadow : 0x21a9820
  0 - Transportation
  1 - Decay
--------------------------------------------------------------
  0 - Transportation
  1 - Decay
G4VUserPhysicsList::BuildPhysicsTable  Calculate Physics Table for mu+
G4VUserPhysicsList::BuildPhysicsTable %%%%%% mu+
 ProcessManager : 0x21a9a70 ProcessManagerShadow : 0x21a9a70
  0 - Transportation
  1 - Decay
  2 - msc
  3 - muIoni
  4 - muBrems
  5 - muPairProd
--------------------------------------------------------------
  0 - Transportation
  1 - Decay
  2 - msc
  3 - muIoni
  4 - muBrems
  5 - muPairProd

msc:  for mu+  SubType= 10
      ===== EM models for the G4Region  DefaultRegionForTheWorld ======
            UrbanMsc : Emin=    0 eV  Emax=  100 TeV Nbins=84 100 eV  - 100 TeV
          StepLim=Minimal Rfact=0.2 Gfact=2.5 Sfact=0.6 DispFlag:0 Skin=1 Llim=1 mm

muIoni:  for mu+  XStype:3  SubType=2
      dE/dx and range tables from 100 eV  to 100 TeV in 84 bins
      Lambda tables from threshold to 100 TeV, 7 bins/decade, spline: 1
      StepFunction=(0.2, 0.1 mm), integ: 3, fluct: 1, linLossLim= 0.01
      ===== EM models for the G4Region  DefaultRegionForTheWorld ======
               Bragg : Emin=    0 eV  Emax=  200 keV
        MuBetheBloch : Emin=  200 keV Emax=  100 TeV

muBrems:  for mu+  XStype:1  SubType=3
      dE/dx and range tables from 100 eV  to 100 TeV in 84 bins
      Lambda tables from threshold to 100 TeV, 7 bins/decade, spline: 1
      ===== EM models for the G4Region  DefaultRegionForTheWorld ======
              MuBrem : Emin=    0 eV  Emax=  100 TeV  ModifiedMephi

muPairProd:  for mu+  XStype:1  SubType=4
      dE/dx and range tables from 100 eV  to 100 TeV in 84 bins
      Lambda tables from threshold to 100 TeV, 7 bins/decade, spline: 1
      Sampling table 21x1001; from 0.85 GeV to 100 TeV 
      ===== EM models for the G4Region  DefaultRegionForTheWorld ======
          muPairProd : Emin=    0 eV  Emax=  100 TeV  ModifiedMephi
G4VUserPhysicsList::BuildPhysicsTable  Calculate Physics Table for mu-
G4VUserPhysicsList::BuildPhysicsTable %%%%%% mu-
 ProcessManager : 0x21a9cc0 ProcessManagerShadow : 0x21a9cc0
  0 - Transportation
  1 - Decay
  2 - msc
  3 - muIoni
  4 - muBrems
  5 - muPairProd
--------------------------------------------------------------
  0 - Transportation
  1 - Decay
  2 - msc
  3 - muIoni
  4 - muBrems
  5 - muPairProd

msc:  for mu-  SubType= 10
      ===== EM models for the G4Region  DefaultRegionForTheWorld ======
            UrbanMsc : Emin=    0 eV  Emax=  100 TeV Nbins=84 100 eV  - 100 TeV
          StepLim=Minimal Rfact=0.2 Gfact=2.5 Sfact=0.6 DispFlag:0 Skin=1 Llim=1 mm

muIoni:  for mu-  XStype:3  SubType=2
      dE/dx and range tables from 100 eV  to 100 TeV in 84 bins
      Lambda tables from threshold to 100 TeV, 7 bins/decade, spline: 1
      StepFunction=(0.2, 0.1 mm), integ: 3, fluct: 1, linLossLim= 0.01
      ===== EM models for the G4Region  DefaultRegionForTheWorld ======
            ICRU73QO : Emin=    0 eV  Emax=  200 keV
        MuBetheBloch : Emin=  200 keV Emax=  100 TeV

muBrems:  for mu-  XStype:1  SubType=3
      dE/dx and range tables from 100 eV  to 100 TeV in 84 bins
      Lambda tables from threshold to 100 TeV, 7 bins/decade, spline: 1
      ===== EM models for the G4Region  DefaultRegionForTheWorld ======
              MuBrem : Emin=    0 eV  Emax=  100 TeV  ModifiedMephi

muPairProd:  for mu-  XStype:1  SubType=4
      dE/dx and range tables from 100 eV  to 100 TeV in 84 bins
      Lambda tables from threshold to 100 TeV, 7 bins/decade, spline: 1
      Sampling table 21x1001; from 0.85 GeV to 100 TeV 
      ===== EM models for the G4Region  DefaultRegionForTheWorld ======
          muPairProd : Emin=    0 eV  Emax=  100 TeV  ModifiedMephi
G4VUserPhysicsList::BuildPhysicsTable  Calculate Physics Table for neutron
G4VUserPhysicsList::BuildPhysicsTable %%%%%% neutron
 ProcessManager : 0x21a9f10 ProcessManagerShadow : 0x21a9f10
  0 - Transportation
  1 - Decay
--------------------------------------------------------------
  0 - Transportation
  1 - Decay
G4VUserPhysicsList::BuildPhysicsTable  Calculate Physics Table for nu_e
G4VUserPhysicsList::BuildPhysicsTable %%%%%% nu_e
 ProcessManager : 0x21aa160 ProcessManagerShadow : 0x21aa160
  0 - Transportation
--------------------------------------------------------------
  0 - Transportation
G4VUserPhysicsList::BuildPhysicsTable  Calculate Physics Table for nu_mu
G4VUserPhysicsList::BuildPhysicsTable %%%%%% nu_mu
 ProcessManager : 0x21aa3b0 ProcessManagerShadow : 0x21aa3b0
  0 - Transportation
--------------------------------------------------------------
  0 - Transportation
G4VUserPhysicsList::BuildPhysicsTable  Calculate Physics Table for omega-
G4VUserPhysicsList::BuildPhysicsTable %%%%%% omega-
 ProcessManager : 0x21aa600 ProcessManagerShadow : 0x21aa600
  0 - Transportation
  1 - Decay
  2 - msc
  3 - hIoni
--------------------------------------------------------------
  0 - Transportation
  1 - Decay
  2 - msc
  3 - hIoni
G4VUserPhysicsList::BuildPhysicsTable  Calculate Physics Table for pi+
G4VUserPhysicsList::BuildPhysicsTable %%%%%% pi+
 ProcessManager : 0x21aa850 ProcessManagerShadow : 0x21aa850
  0 - Transportation
  1 - Decay
  2 - msc
  3 - hIoni
--------------------------------------------------------------
  0 - Transportation
  1 - Decay
  2 - msc
  3 - hIoni

msc:  for pi+  SubType= 10
      ===== EM models for the G4Region  DefaultRegionForTheWorld ======
            UrbanMsc : Emin=    0 eV  Emax=  100 TeV Nbins=84 100 eV  - 100 TeV
          StepLim=Minimal Rfact=0.2 Gfact=2.5 Sfact=0.6 DispFlag:0 Skin=1 Llim=1 mm

hIoni:  for pi+  XStype:3  SubType=2
      dE/dx and range tables from 100 eV  to 100 TeV in 84 bins
      Lambda tables from threshold to 100 TeV, 7 bins/decade, spline: 1
      StepFunction=(0.2, 0.1 mm), integ: 3, fluct: 1, linLossLim= 0.01
      ===== EM models for the G4Region  DefaultRegionForTheWorld ======
               Bragg : Emin=    0 eV  Emax=297.505 keV
          BetheBloch : Emin=297.505 keV Emax=  100 TeV
G4VUserPhysicsList::BuildPhysicsTable  Calculate Physics Table for pi-
G4VUserPhysicsList::BuildPhysicsTable %%%%%% pi-
 ProcessManager : 0x21aaaa0 ProcessManagerShadow : 0x21aaaa0
  0 - Transportation
  1 - Decay
  2 - msc
  3 - hIoni
--------------------------------------------------------------
  0 - Transportation
  1 - Decay
  2 - msc
  3 - hIoni

msc:  for pi-  SubType= 10
      ===== EM models for the G4Region  DefaultRegionForTheWorld ======
            UrbanMsc : Emin=    0 eV  Emax=  100 TeV Nbins=84 100 eV  - 100 TeV
          StepLim=Minimal Rfact=0.2 Gfact=2.5 Sfact=0.6 DispFlag:0 Skin=1 Llim=1 mm

hIoni:  for pi-  XStype:3  SubType=2
      dE/dx and range tables from 100 eV  to 100 TeV in 84 bins
      Lambda tables from threshold to 100 TeV, 7 bins/decade, spline: 1
      StepFunction=(0.2, 0.1 mm), integ: 3, fluct: 1, linLossLim= 0.01
      ===== EM models for the G4Region  DefaultRegionForTheWorld ======
            ICRU73QO : Emin=    0 eV  Emax=297.505 keV
          BetheBloch : Emin=297.505 keV Emax=  100 TeV
G4VUserPhysicsList::BuildPhysicsTable  Calculate Physics Table for pi0
G4VUserPhysicsList::BuildPhysicsTable %%%%%% pi0
 ProcessManager : 0x21aacf0 ProcessManagerShadow : 0x21aacf0
  0 - Transportation
  1 - Decay
--------------------------------------------------------------
  0 - Transportation
  1 - Decay
G4VUserPhysicsList::BuildPhysicsTable  Calculate Physics Table for sigma+
G4VUserPhysicsList::BuildPhysicsTable %%%%%% sigma+
 ProcessManager : 0x21ab190 ProcessManagerShadow : 0x21ab190
  0 - Transportation
  1 - Decay
  2 - msc
  3 - hIoni
--------------------------------------------------------------
  0 - Transportation
  1 - Decay
  2 - msc
  3 - hIoni
G4VUserPhysicsList::BuildPhysicsTable  Calculate Physics Table for sigma-
G4VUserPhysicsList::BuildPhysicsTable %%%%%% sigma-
 ProcessManager : 0x21ab3e0 ProcessManagerShadow : 0x21ab3e0
  0 - Transportation
  1 - Decay
  2 - msc
  3 - hIoni
--------------------------------------------------------------
  0 - Transportation
  1 - Decay
  2 - msc
  3 - hIoni
G4VUserPhysicsList::BuildPhysicsTable  Calculate Physics Table for sigma0
G4VUserPhysicsList::BuildPhysicsTable %%%%%% sigma0
 ProcessManager : 0x21ab630 ProcessManagerShadow : 0x21ab630
  0 - Transportation
  1 - Decay
--------------------------------------------------------------
  0 - Transportation
  1 - Decay
G4VUserPhysicsList::BuildPhysicsTable  Calculate Physics Table for triton
G4VUserPhysicsList::BuildPhysicsTable %%%%%% triton
 ProcessManager : 0x21ab880 ProcessManagerShadow : 0x21ab880
  0 - Transportation
  1 - Decay
  2 - msc
  3 - hIoni
--------------------------------------------------------------
  0 - Transportation
  1 - Decay
  2 - msc
  3 - hIoni
G4VUserPhysicsList::BuildPhysicsTable  Calculate Physics Table for xi-
G4VUserPhysicsList::BuildPhysicsTable %%%%%% xi-
 ProcessManager : 0x21abad0 ProcessManagerShadow : 0x21abad0
  0 - Transportation
  1 - Decay
  2 - msc
  3 - hIoni
--------------------------------------------------------------
  0 - Transportation
  1 - Decay
  2 - msc
  3 - hIoni
G4VUserPhysicsList::BuildPhysicsTable  Calculate Physics Table for xi0
G4VUserPhysicsList::BuildPhysicsTable %%%%%% xi0
 ProcessManager : 0x21abd20 ProcessManagerShadow : 0x21abd20
  0 - Transportation
  1 - Decay
--------------------------------------------------------------
  0 - Transportation
  1 - Decay

Region <DefaultRegionForTheWorld> --  -- appears in <worldPhysical> world volume
 This region is in the mass world.
 Root logical volume(s) : worldLogical 
 Pointers : G4VUserRegionInformation[0], G4UserLimits[0], G4FastSimulationManager[0], G4UserSteppingAction[0]
 Materials : G4_AIR G4_Pb 
 Production cuts :   gamma 1 mm      e- 1 mm      e+ 1 mm  proton 1 mm 

Region <DefaultRegionForParallelWorld> --  -- is not associated to any world.
 Root logical volume(s) : 
 Pointers : G4VUserRegionInformation[0], G4UserLimits[0], G4FastSimulationManager[0], G4UserSteppingAction[0]
 Materials : 
 Production cuts :   gamma 1 mm      e- 1 mm      e+ 1 mm  proton 1 mm 

========= Table of registered couples ============================

Index : 0     used in the geometry : Yes
 Material : G4_AIR
 Range cuts        :  gamma  1 mm     e-  1 mm     e+  1 mm  proton 1 mm 
 Energy thresholds :  gamma  990 eV     e-  990 eV     e+  990 eV  proton 100 keV
 Region(s) which use this couple : 
    DefaultRegionForTheWorld

Index : 1     used in the geometry : Yes
 Material : G4_Pb
 Range cuts        :  gamma  1 mm     e-  1 mm     e+  1 mm  proton 1 mm 
 Energy thresholds :  gamma  101.797 keV    e-  1.37158 MeV    e+  1.2826 MeV proton 100 keV
 Region(s) which use this couple : 
    DefaultRegionForTheWorld

==================================================================

Start closing geometry.
G4GeometryManager::ReportVoxelStats -- Voxel Statistics

    Total memory consumed for geometry optimisation:   37 kByte
    Total CPU time elapsed for geometry optimisation: 0 seconds

    Voxelisation: top CPU users:
    Percent   Total CPU    System CPU       Memory  Volume
    -------   ----------   ----------     --------  ----------
       0.00         0.00         0.00           37k worldLogical
       0.00         0.00         0.00            0k detector_0
       0.00         0.00         0.00            0k detector_1

    Voxelisation: top memory users:
    Percent     Memory      Heads    Nodes   Pointers    Total CPU    Volume
    -------   --------     ------   ------   --------   ----------    ----------
      98.69         36k        83      453       1220         0.00    worldLogical
       0.65          0k         1        3          4         0.00    detector_0
       0.65          0k         1        3          4         0.00    detector_1
G4VisManager: Using G4TrajectoryDrawByCharge as fallback trajectory model.
See commands in /vis/modeling/trajectories/ for other options.
### Run 0 starts.
 Run terminated.
Run Summary
  Number of events processed : 10000
  User=1.850000s Real=1.864309s Sys=0.000000s [Cpu=99.2%]
Graphics systems deleted.
Visualization Manager deleting...
G4 kernel has come to Quit state.
UserDetectorConstruction deleted.
G4VUserPhysicsList::RemoveProcessManager: remove ProcessManager from GenericIon
G4VUserPhysicsList::RemoveProcessManager: remove ProcessManager from He3
G4VUserPhysicsList::RemoveProcessManager: remove ProcessManager from alpha
G4VUserPhysicsList::RemoveProcessManager: remove ProcessManager from anti_He3
G4VUserPhysicsList::RemoveProcessManager: remove ProcessManager from anti_alpha
G4VUserPhysicsList::RemoveProcessManager: remove ProcessManager from anti_deuteron
G4VUserPhysicsList::RemoveProcessManager: remove ProcessManager from anti_doublehyperH4
G4VUserPhysicsList::RemoveProcessManager: remove ProcessManager from anti_doublehyperdoubleneutron
G4VUserPhysicsList::RemoveProcessManager: remove ProcessManager from anti_hyperH4
G4VUserPhysicsList::RemoveProcessManager: remove ProcessManager from anti_hyperHe5
G4VUserPhysicsList::RemoveProcessManager: remove ProcessManager from anti_hyperalpha
G4VUserPhysicsList::RemoveProcessManager: remove ProcessManager from anti_hypertriton
G4VUserPhysicsList::RemoveProcessManager: remove ProcessManager from anti_kaon0
G4VUserPhysicsList::RemoveProcessManager: remove ProcessManager from anti_lambda
G4VUserPhysicsList::RemoveProcessManager: remove ProcessManager from anti_neutron
G4VUserPhysicsList::RemoveProcessManager: remove ProcessManager from anti_nu_e
G4VUserPhysicsList::RemoveProcessManager: remove ProcessManager from anti_nu_mu
G4VUserPhysicsList::RemoveProcessManager: remove ProcessManager from anti_omega-
G4VUserPhysicsList::RemoveProcessManager: remove ProcessManager from anti_proton
G4VUserPhysicsList::RemoveProcessManager: remove ProcessManager from anti_sigma0
G4VUserPhysicsList::RemoveProcessManager: remove ProcessManager from anti_triton
G4VUserPhysicsList::RemoveProcessManager: remove ProcessManager from anti_xi-
G4VUserPhysicsList::RemoveProcessManager: remove ProcessManager from anti_xi0
G4VUserPhysicsList::RemoveProcessManager: remove ProcessManager from chargedgeantino
G4VUserPhysicsList::RemoveProcessManager: remove ProcessManager from deuteron
G4VUserPhysicsList::RemoveProcessManager: remove ProcessManager from doublehyperH4
G4VUserPhysicsList::RemoveProcessManager: remove ProcessManager from doublehyperdoubleneutron
G4VUserPhysicsList::RemoveProcessManager: remove ProcessManager from e+
G4VUserPhysicsList::RemoveProcessManager: remove ProcessManager from e-
G4VUserPhysicsList::RemoveProcessManager: remove ProcessManager from eta
G4VUserPhysicsList::RemoveProcessManager: remove ProcessManager from eta_prime
G4VUserPhysicsList::RemoveProcessManager: remove ProcessManager from gamma
G4VUserPhysicsList::RemoveProcessManager: remove ProcessManager from geantino
G4VUserPhysicsList::RemoveProcessManager: remove ProcessManager from hyperH4
G4VUserPhysicsList::RemoveProcessManager: remove ProcessManager from hyperHe5
G4VUserPhysicsList::RemoveProcessManager: remove ProcessManager from hyperalpha
G4VUserPhysicsList::RemoveProcessManager: remove ProcessManager from hypertriton
G4VUserPhysicsList::RemoveProcessManager: remove ProcessManager from kaon+
G4VUserPhysicsList::RemoveProcessManager: remove ProcessManager from kaon-
G4VUserPhysicsList::RemoveProcessManager: remove ProcessManager from kaon0
G4VUserPhysicsList::RemoveProcessManager: remove ProcessManager from kaon0L
G4VUserPhysicsList::RemoveProcessManager: remove ProcessManager from kaon0S
G4VUserPhysicsList::RemoveProcessManager: remove ProcessManager from lambda
G4VUserPhysicsList::RemoveProcessManager: remove ProcessManager from mu+
G4VUserPhysicsList::RemoveProcessManager: remove ProcessManager from mu-
G4VUserPhysicsList::RemoveProcessManager: remove ProcessManager from neutron
G4VUserPhysicsList::RemoveProcessManager: remove ProcessManager from nu_e
G4VUserPhysicsList::RemoveProcessManager: remove ProcessManager from nu_mu
G4VUserPhysicsList::RemoveProcessManager: remove ProcessManager from omega-
G4VUserPhysicsList::RemoveProcessManager: remove ProcessManager from pi+
G4VUserPhysicsList::RemoveProcessManager: remove ProcessManager from pi-
G4VUserPhysicsList::RemoveProcessManager: remove ProcessManager from pi0
G4VUserPhysicsList::RemoveProcessManager: remove ProcessManager from proton
G4VUserPhysicsList::RemoveProcessManager: remove ProcessManager from sigma+
G4VUserPhysicsList::RemoveProcessManager: remove ProcessManager from sigma-
G4VUserPhysicsList::RemoveProcessManager: remove ProcessManager from sigma0
G4VUserPhysicsList::RemoveProcessManager: remove ProcessManager from triton
G4VUserPhysicsList::RemoveProcessManager: remove ProcessManager from xi-
G4VUserPhysicsList::RemoveProcessManager: remove ProcessManager from xi0
UserPhysicsList deleted.
UserActionInitialization deleted.
UserWorkerInitialization deleted.
UserWorkerThreadInitialization deleted.
UserRunAction deleted.
Time simulated: 10.6218
UserPrimaryGenerator deleted.
RunManager is deleting RunManagerKernel.
G4SDManager deleted.
EventManager deleted.
Units table cleared.
TransportationManager deleted.
Total navigation history collections cleaned: 15
G4RNGHelper object is deleted.
================== Deleting memory pools ===================
Pool ID '20G4NavigationLevelRep', size : 0.0221 MB
Pool ID '24G4ReferenceCountedHandleIvE', size : 0.000961 MB
Pool ID '16G4SmartVoxelNode', size : 0.0154 MB
Pool ID '17G4SmartVoxelProxy', size : 0.00865 MB
Pool ID '7G4Event', size : 0.000961 MB
Pool ID '15G4PrimaryVertex', size : 0.000961 MB
Pool ID '17G4PrimaryParticle', size : 0.000961 MB
Pool ID '15G4HCofThisEvent', size : 0.000961 MB
Pool ID '16G4HitsCollection', size : 0.000961 MB
Pool ID '17G4DynamicParticle', size : 0.0644 MB
Pool ID '7G4Track', size : 0.129 MB
Pool ID '18G4TouchableHistory', size : 0.00192 MB
Pool ID '15G4CountedObjectIvE', size : 0.000961 MB
Number of memory pools allocated: 14; of which, static: 1
Dynamic pools deleted: 13 / Total memory freed: 0.26 MB
============================================================
G4Allocator objects are deleted.
UImanager deleted.
StateManager deleted.
RunManagerKernel is deleted. Good bye :)
RunManager is deleted.
The program finished successfully
[CORRECT] Geant4 done.
[INFO] Running makeHLTuple...
Number of events 5668
4
-------------------New----------------
0 0 -46.87031424956651 16.086041035753645 118.5
0 1 -41.226064113600025 14.08029501050181 108.5
1 0 86.4286138138419 -31.36983821728784 -117.5
1 1 81.06170683447611 -29.458457535549922 -108.0
9
-------------------New----------------
0 0 20.676729164787297 41.77547728646104 118.5
0 1 15.23027531464075 41.19026007036418 108.5
1 0 -107.79557014302614 27.995957461271 -117.5
1 1 -102.62497034490045 28.54876161388028 -108.0
10
-------------------New----------------
0 0 -26.31363233247915 7.459294835556273 118.5
0 1 -25.855967233924723 10.261894138340315 108.5
1 0 -15.488392997899894 73.70337803174397 -117.5
1 1 -15.925652679869003 71.03720725630733 -108.0
20
-------------------New----------------
0 0 28.754107556397816 25.527778685076903 118.5
0 1 24.28054993935713 26.932047567505897 108.5
1 0 -76.81019159159032 58.72519683001241 -117.5
1 1 -72.56475319683412 57.39553574063306 -108.0
21
-------------------New----------------
0 0 52.623479952434124 63.94408492566068 118.5
0 1 47.30052632470263 62.04206826108958 108.5
1 0 -73.21730224148429 19.481185122212775 -117.5
1 1 -68.13063758852618 21.257599495423605 -108.0
23
-------------------New----------------
0 0 -40.75147716181213 23.97416430354958 118.5
0 1 -36.090384334976264 19.958098851248607 108.5
1 0 68.80919927916334 -70.41103809929508 -117.5
1 1 64.40757913320097 -66.6228588903098 -108.0
36
-------------------New----------------
0 0 -101.79779090951614 -1.5333876129088808 118.5
0 1 -102.85768499129158 -1.5959569835579954 108.5
1 0 -126.73791018167321 -3.102170671717741 -117.5
1 1 -125.73570592828055 -3.03577191882332 -108.0
39
-------------------New----------------
0 0 -27.186361343015868 -109.29439451536412 118.5
0 1 -22.148984137642408 -109.26887154360467 108.5
1 0 91.70078180361767 -108.7390808262625 -117.5
1 1 86.91367895358506 -108.7548786665456 -108.0
43
-------------------New----------------
0 0 -54.957407459380775 -7.891143909582832 118.5
0 1 -52.3147443968456 -3.886920388711384 108.5
1 0 7.353147504233275 86.51677996726438 -117.5
1 1 4.845521309941778 82.71623400753792 -108.0
51
-------------------New----------------
0 0 -2.9134939903276766 36.97102235550632 118.5
0 1 1.581425841240438 33.244169935251215 108.5
1 0 103.217846413435 -51.02069628293723 -117.5
1 1 98.94406382642137 -47.47763473941222 -108.0
57
-------------------New----------------
0 0 65.1373439609568 -111.27798019607776 118.5
0 1 64.8690571325295 -110.47303554290929 108.5
1 0 58.840110267085706 -92.2708880494047 -117.5
1 1 59.092476645097996 -93.0358757873964 -108.0
59
-------------------New----------------
0 0 51.92070710781403 -4.731372542239205 118.5
0 1 50.043602590804724 -1.069898859925042 108.5
1 0 7.598549541239549 81.66693068510152 -117.5
1 1 9.383454763844213 78.1890440981143 -108.0
60
-------------------New----------------
0 0 59.16078304193216 -2.2958539451923343 118.5
0 1 54.71174162834468 -2.5298501407925587 108.5
1 0 -45.621427145636204 -8.160248109125778 -117.5
1 1 -41.41388137294709 -7.908281474647791 -108.0
70
-------------------New----------------
0 0 2.019359392843846 -15.187003389181324 118.5
0 1 -2.0516183656946025 -16.588680663654575 108.5
1 0 -94.08666741527723 -48.25172883426916 -117.5
1 1 -90.21804775770796 -46.919755852303965 -108.0
76
-------------------New----------------
0 0 20.78702608621243 47.61358822455441 118.5
0 1 19.20177726597114 48.27484290547186 108.5
1 0 -16.492794190331537 63.35599909892467 -117.5
1 1 -14.994088875499651 62.72536612700027 -108.0
81
-------------------New----------------
0 0 83.42370547127794 94.3355230821816 118.5
0 1 81.84541240346478 93.12301739752908 108.5
1 0 46.200608959796924 65.70646214539966 -117.5
1 1 47.6984951478981 66.8593748247889 -108.0
90
-------------------New----------------
0 0 -33.09538831137931 11.573471884694236 118.5
0 1 -30.129234018821005 11.849398243548961 108.5
1 0 36.72346299425888 18.046489738235696 -117.5
1 1 33.91782040658265 17.799775969316563 -108.0
103
-------------------New----------------
0 0 -91.0114599491813 44.23471800902518 118.5
0 1 -90.04742481334952 42.41411268625296 108.5
1 0 -68.07220036039122 1.2697314095901988 -117.5
1 1 -68.99926132255898 2.997502837034614 -108.0
111
-------------------New----------------
0 0 15.404102072259366 22.29460609435371 118.5
0 1 12.85023214957683 21.400384370759056 108.5
1 0 -44.883440222554 1.1848205424846372 -117.5
1 1 -42.453615717271504 2.0341105544302693 -108.0
124
-------------------New----------------
0 0 -39.486920370573635 -43.1526503641024 118.5
0 1 -37.88379845403461 -43.35530876828376 108.5
1 0 -1.6415966114309444 -47.93677762733887 -117.5
1 1 -3.165569006224554 -47.74445113494615 -108.0
141
-------------------New----------------
0 0 -91.36185324745688 -14.77880343886 118.5
0 1 -91.29525259165862 -12.442789406653178 108.5
1 0 -89.81900637731209 40.16240650478375 -117.5
1 1 -89.87827348908772 37.944532272214346 -108.0
153
-------------------New----------------
0 0 70.14043801699329 -91.27815930651462 118.5
0 1 70.56082021570927 -89.17884562241596 108.5
1 0 80.09811762553153 -41.80795755501619 -117.5
1 1 79.6986115737682 -43.79658999707749 -108.0
160
-------------------New----------------
0 0 13.492389185345115 -21.39836974440019 118.5
0 1 14.605642476563833 -21.70130796435302 108.5
1 0 39.75385863724634 -28.584167450987746 -117.5
1 1 38.6971520886958 -28.294196886077494 -108.0
165
-------------------New----------------
0 0 49.21274063816773 91.21095494221308 118.5
0 1 51.693138749254196 90.71784235151368 108.5
1 0 107.26877409573976 79.38176497574337 -117.5
1 1 104.9340219515478 79.86067997456692 -108.0
167
-------------------New----------------
0 0 -58.91275575041207 89.23204901852166 118.5
0 1 -61.37411549964188 88.7450201156641 108.5
1 0 -116.99466594101652 77.74095728178997 -117.5
1 1 -114.6565234294442 78.20334229573517 -108.0
176
-------------------New----------------
0 0 73.66871387491508 -79.84674613904085 118.5
0 1 72.45031811476815 -76.90268378274038 108.5
1 0 45.00587465889584 -10.332331968562542 -117.5
1 1 46.15280887635884 -13.12936010213222 -108.0
178
-------------------New----------------
0 0 64.59086209016684 21.617254466390815 118.5
0 1 61.27175513906902 18.030113559081688 108.5
1 0 -13.56449813861423 -62.758330092722986 -117.5
1 1 -10.428430362160123 -59.38110924085024 -108.0
179
-------------------New----------------
0 0 -78.59047189393239 123.20313592887037 118.5
0 1 -78.94214559357181 123.3953495813832 108.5
1 0 -86.99505072704446 127.48707790393364 -117.5
1 1 -86.6376700722503 127.33018648429258 -108.0
184
-------------------New----------------
0 0 17.558999312930176 -45.00795820145551 118.5
0 1 17.192040919328043 -41.51608741241651 108.5
1 0 8.837829439493861 37.362179966215635 -117.5
1 1 9.185686420247036 34.04291143757435 -108.0
192
-------------------New----------------
0 0 27.187687082255913 56.540383838778936 118.5
0 1 21.44821734519444 54.678602919647254 108.5
1 0 -108.28818638876032 12.539009662974099 -117.5
1 1 -102.83201348350158 14.311244305460917 -108.0
194
-------------------New----------------
0 0 3.330792096162285 -41.0987404088629 118.5
0 1 4.0933436332417 -44.62345385926887 108.5
1 0 21.389239668387646 -124.1967599693567 -117.5
1 1 20.65797354733879 -120.85471729725089 -108.0
202
-------------------New----------------
0 0 -50.04616607749833 30.109767832567808 118.5
0 1 -50.951927546758625 32.25511255297338 108.5
1 0 -71.48893250039589 80.78664823274077 -117.5
1 1 -70.6222079433075 78.74399614756342 -108.0
205
-------------------New----------------
0 0 52.42742123061256 -26.23978917261344 118.5
0 1 49.39271132049803 -26.86780122757374 108.5
1 0 -19.190458916756604 -41.06214318430902 -117.5
1 1 -16.30755703543452 -40.46542634829251 -108.0
210
-------------------New----------------
0 0 -46.09735557745097 40.11295670045132 118.5
0 1 -45.846631157234654 34.72063672323627 108.5
1 0 -40.029851503492 -87.0375082691809 -117.5
1 1 -40.278711992144586 -81.9202477815106 -108.0
212
-------------------New----------------
0 0 -7.979740620069627 -62.22738145297361 118.5
0 1 -4.100970593611182 -61.84907384844276 108.5
1 0 83.58161692903529 -53.27000946304836 -117.5
1 1 79.89546802314541 -53.63250715010689 -108.0
214
-------------------New----------------
0 0 24.033004438380672 -45.12927805580787 118.5
0 1 21.71549342569559 -45.258058900353944 108.5
1 0 -30.655937656219244 -48.17067196311653 -117.5
1 1 -28.454771862750363 -48.047698335898076 -108.0
228
-------------------New----------------
0 0 59.86560593000429 -13.879205945786373 118.5
0 1 57.48384067517618 -12.534542493790884 108.5
1 0 3.6353858261059955 17.856951033235212 -117.5
1 1 5.898697246421729 16.579349617329648 -108.0
229
-------------------New----------------
0 0 48.84710040333772 -91.29116291751714 118.5
0 1 51.030119994586656 -89.88398388581209 108.5
1 0 100.19809058388668 -58.04046948366454 -117.5
1 1 98.13415740413093 -59.3800528090217 -108.0
234
-------------------New----------------
0 0 -52.053533736267454 39.886566788435665 118.5
0 1 -51.68374287133711 39.8624608161404 108.5
1 0 -43.26984935893622 39.301529602436105 -117.5
1 1 -43.62808833811114 39.328599909097214 -108.0
236
-------------------New----------------
0 0 0.908923216915381 -1.726884956946223 118.5
0 1 2.776023332492527 -6.690733733413635 108.5
1 0 44.91083197544955 -118.85748288611228 -117.5
1 1 43.14475428087689 -114.14308489639981 -108.0
237
-------------------New----------------
0 0 96.6144521961236 -45.41863161923989 118.5
0 1 97.8477556741819 -47.212246816073154 108.5
1 0 125.70661937699512 -87.4852208604822 -117.5
1 1 124.52683098108898 -85.80408569980935 -108.0
246
-------------------New----------------
0 0 -39.86764024243665 -49.64459387355039 118.5
0 1 -42.31064336814154 -47.88717480021234 108.5
1 0 -97.52771605578499 -8.18558786886496 -117.5
1 1 -95.20692177243623 -9.8529496278452 -108.0
254
-------------------New----------------
0 0 -21.888708444702342 2.6151113254492406 118.5
0 1 -21.118041137456025 1.8112246009616448 108.5
1 0 -3.739173857477983 -16.6236246792495 -117.5
1 1 -4.46775236816296 -15.83711048837803 -108.0
260
-------------------New----------------
0 0 58.52319394820692 -27.692123324411927 118.5
0 1 54.061494508977304 -24.120758255872595 108.5
1 0 -46.55033799795117 56.78126379741896 -117.5
1 1 -42.3099178887258 53.38613781946128 -108.0
274
-------------------New----------------
0 0 -84.09694335446413 -40.54018807861362 118.5
0 1 -85.72353800952514 -44.15459942632886 108.5
1 0 -122.47645896150614 -125.84228895874409 -117.5
1 1 -120.93160226040236 -122.40901196683573 -108.0
284
-------------------New----------------
0 0 -37.2028013067425 47.689390434601655 118.5
0 1 -35.7384952603685 44.87798273051852 108.5
1 0 -2.6808321101191313 -18.55511453690543 -117.5
1 1 -4.068763789092836 -15.89155203262508 -108.0
286
-------------------New----------------
0 0 2.9514968099027823 116.53744544619221 118.5
0 1 2.506218892742599 116.56285504595955 108.5
1 0 -7.541800792981197 117.0980274715718 -117.5
1 1 -7.115244023056199 117.076226464306 -108.0
292
-------------------New----------------
0 0 -40.5832699678153 -30.360841853068752 118.5
0 1 -43.03888994505945 -24.468957172688768 108.5
1 0 -98.35735534822099 109.06255791184313 -117.5
1 1 -96.06448175081161 103.43528139175757 -108.0
308
-------------------New----------------
0 0 -1.2807783702052127 40.279925500013455 118.5
0 1 2.2422119519680264 38.45926047117106 108.5
1 0 81.86503300238397 -2.6753948161553622 -117.5
1 1 78.51804625405015 -0.9462942108112429 -108.0
313
-------------------New----------------
0 0 65.00735021377406 -42.86678023958587 118.5
0 1 61.92121789850846 -44.36054277628706 108.5
1 0 -7.992160204517267 -78.02780365775759 -117.5
1 1 -5.02659880479946 -76.60771438170276 -108.0
320
-------------------New----------------
0 0 -115.49557321099351 41.96834495507913 118.5
0 1 -114.8022862649643 45.518524420193025 108.5
1 0 -99.058048888025 125.75221388414487 -117.5
1 1 -99.72052390893396 122.37897894423568 -108.0
332
-------------------New----------------
0 0 8.474989517896232 69.23194477797644 118.5
0 1 8.272900508918417 66.50051484127717 108.5
1 0 3.640996398736695 4.774274588596809 -117.5
1 1 3.834196131540319 7.370354973860955 -108.0
334
-------------------New----------------
0 0 -79.13628606628254 106.00824232780069 118.5
0 1 -77.66129308139712 104.69725462681568 108.5
1 0 -44.46237246743626 74.77305081149626 -117.5
1 1 -45.856727346591796 76.03547089102047 -108.0
342
-------------------New----------------
0 0 20.11152976185454 84.09185101932727 118.5
0 1 15.639868502089703 81.29461945579865 108.5
1 0 -85.41568985450039 18.082144394120526 -117.5
1 1 -81.16765641660882 20.739557333187527 -108.0
345
-------------------New----------------
0 0 76.54003246254875 2.9973670037734887 118.5
0 1 74.49771951916122 3.4719450355580044 108.5
1 0 28.363605985997985 14.41626890195758 -117.5
1 1 30.301937151086303 13.948557045069583 -108.0
363
-------------------New----------------
0 0 -90.10968697994448 -39.94817814849146 118.5
0 1 -89.4194232140799 -39.937758190144656 108.5
1 0 -74.12180930123253 -39.293752860582025 -117.5
1 1 -74.76801739019018 -39.32889268690887 -108.0
370
-------------------New----------------
0 0 -30.44558680315286 -6.549023359039966 118.5
0 1 -29.343189031827354 -1.4815293683335973 108.5
1 0 -4.4384758183917326 113.10005368446691 -117.5
1 1 -5.481298797722578 108.2765142761646 -108.0
377
-------------------New----------------
0 0 -92.61252279425851 79.29277276660906 118.5
0 1 -91.04920489137865 77.61587894590532 108.5
1 0 -55.64433250015969 39.620489238328005 -117.5
1 1 -57.12895187682024 41.231343471615546 -108.0
378
-------------------New----------------
0 0 100.01027301206985 -20.272927234207483 118.5
0 1 100.82630111910437 -15.861371747053976 108.5
1 0 119.32780068217785 83.67913430158838 -117.5
1 1 118.54729483882292 79.49710054662808 -108.0
388
-------------------New----------------
0 0 -94.25818560974326 39.96097676900299 118.5
0 1 -94.22179105226573 40.66316114165328 108.5
1 0 -93.27213916159587 56.74374511481933 -117.5
1 1 -93.31469109546487 56.061238534804865 -108.0
389
-------------------New----------------
0 0 12.277003500344394 -18.297950702596104 118.5
0 1 14.095019482177227 -16.455031213435568 108.5
1 0 61.79610225293273 24.644607299944873 -117.5
1 1 59.508591866606594 22.935583599020116 -108.0
399
-------------------New----------------
0 0 77.94380975504231 -52.86490405816996 118.5
0 1 75.27328762990263 -55.544637062284394 108.5
1 0 14.977054329700934 -116.11118405630616 -117.5
1 1 17.510805193545576 -113.56457802746172 -108.0
412
-------------------New----------------
0 0 -99.58725340657375 -57.84152531206779 118.5
0 1 -97.98633842239687 -57.379371241170716 108.5
1 0 -61.80896153104514 -46.93472423994767 -117.5
1 1 -63.32966260425076 -47.3738862178776 -108.0
413
-------------------New----------------
0 0 -53.165528240255 -20.34048213136177 118.5
0 1 -53.915893323672776 -17.505735141840773 108.5
1 0 -71.23682720457056 45.88650995606857 -117.5
1 1 -70.5028108112754 43.24052222541898 -108.0
414
-------------------New----------------
0 0 -97.74374486411797 -91.3806244070299 118.5
0 1 -95.94812440009096 -91.14128424091327 108.5
1 0 -55.1726350506442 -85.71326125817134 -117.5
1 1 -56.892398610078565 -85.94338937343304 -108.0
430
-------------------New----------------
0 0 -67.3564890044901 -53.83953924528097 118.5
0 1 -65.36251154101711 -51.50368885191381 108.5
1 0 -20.092841484546206 1.371706048686832 -117.5
1 1 -21.99697533984878 -0.8561582408524865 -108.0
434
-------------------New----------------
0 0 55.11626985984981 86.71919871816735 118.5
0 1 55.87483633360828 85.60110790219662 108.5
1 0 73.02482194781771 60.324449929652644 -117.5
1 1 72.30376514112149 61.38696816542747 -108.0
446
-------------------New----------------
0 0 70.73104581153974 -93.89834208254402 118.5
0 1 72.89949927518772 -95.15156368121743 108.5
1 0 121.93039383019595 -123.50100066751679 -117.5
1 1 119.872702456172 -122.31117369256204 -108.0
447
-------------------New----------------
0 0 -47.51276254181033 48.36170219899546 118.5
0 1 -42.618759487019574 50.87073147329285 108.5
1 0 68.00329160562906 107.59324438188712 -117.5
1 1 63.35629802030839 105.20823454581287 -108.0
450
-------------------New----------------
0 0 105.03145364220195 -12.501914496758367 118.5
0 1 103.68080966568482 -9.324612848865662 108.5
1 0 73.09722132511722 62.4228810255177 -117.5
1 1 74.38474346161755 59.40731955959037 -108.0
462
-------------------New----------------
0 0 67.87677174472631 -66.6040516307593 118.5
0 1 68.68395809886908 -63.38853653426382 108.5
1 0 86.94429101853612 9.249257587826943 -117.5
1 1 86.17651103096246 6.19668021319765 -108.0
466
-------------------New----------------
0 0 -73.51925946423536 -11.560194686294796 118.5
0 1 -71.28771369376669 -15.117866908210043 108.5
1 0 -20.846234622245717 -95.52244197998769 -117.5
1 1 -22.96647020947274 -92.14254834241169 -108.0
494
-------------------New----------------
0 0 75.73507706654924 -25.31952719610066 118.5
0 1 72.8219395655198 -23.64674489395842 108.5
1 0 6.97110098143712 14.162023271162269 -117.5
1 1 9.738232362453381 12.571939722816069 -108.0
501
-------------------New----------------
0 0 29.209179773493837 -41.38126666991225 118.5
0 1 32.72299130439063 -35.95915488063576 108.5
1 0 112.11692291233517 86.5719367806217 -117.5
1 1 108.78125373352414 81.42278876002577 -108.0
512
-------------------New----------------
0 0 37.20256229426393 -16.395421030346622 118.5
0 1 35.17374333435275 -18.0840480291645 108.5
1 0 -10.685490064574193 -56.215767207572945 -117.5
1 1 -8.75754686656354 -54.61378304431878 -108.0
515
-------------------New----------------
0 0 -1.7089245458763116 46.975302037014174 118.5
0 1 -5.387025281163654 43.590170839741575 108.5
1 0 -88.52069189036436 -32.94429576503861 -117.5
1 1 -85.025294404612 -29.72754945916331 -108.0
523
-------------------New----------------
0 0 1.8671230044597351 -60.28011190626254 118.5
0 1 1.28633535505192 -57.31756590813224 108.5
1 0 -11.837051206497177 9.618363181087407 -117.5
1 1 -11.284811973327741 6.806167349077758 -108.0
538
-------------------New----------------
0 0 -38.9770297977397 11.942357302535942 118.5
0 1 -35.50678590943163 13.79312115864279 108.5
1 0 42.84033800780098 55.467924341147715 -117.5
1 1 39.5436325596721 53.71426384852348 -108.0
550
-------------------New----------------
0 0 -85.33825203201289 -65.28408399939005 118.5
0 1 -86.84618265777836 -65.07837935172212 108.5
1 0 -120.84485459419356 -60.32088096045438 -117.5
1 1 -119.42054435051716 -60.53006479497164 -108.0
562
-------------------New----------------
0 0 -75.01620953218547 -38.53019704016391 118.5
0 1 -75.28798404727095 -38.07212913502842 108.5
1 0 -81.44190286146565 -27.73187894745743 -117.5
1 1 -81.18321568353997 -28.165498168854878 -108.0
571
-------------------New----------------
0 0 -22.452860312189536 -25.38585492798249 118.5
0 1 -24.997897411102166 -19.563291241873817 108.5
1 0 -82.4818227437145 112.02802544215497 -117.5
1 1 -80.06604334032765 106.49646946322855 -108.0
574
-------------------New----------------
0 0 36.174385779851924 -15.034984231606924 118.5
0 1 34.83234580777104 -10.8667746004149 108.5
1 0 4.582100002984225 83.22679074788554 -117.5
1 1 5.8317946750196805 79.28354635631857 -108.0
577
-------------------New----------------
0 0 16.90039397894727 -110.24930365084887 118.5
0 1 20.2501047755587 -109.32099861457831 108.5
1 0 95.95311174733963 -88.33592862463739 -117.5
1 1 92.76632524090056 -89.21176898503717 -108.0
578
-------------------New----------------
0 0 -47.81766786020212 -54.4822852461204 118.5
0 1 -49.307362506531064 -55.08909848343573 108.5
1 0 -82.9407136338247 -68.72140513365932 -117.5
1 1 -81.53097111749179 -68.14755960950508 -108.0
580
-------------------New----------------
0 0 -61.45960248657525 -10.876570294485981 118.5
0 1 -60.44399931230298 -11.618991019933597 108.5
1 0 -37.46705801845591 -28.401373453638087 -117.5
1 1 -38.43230102424215 -27.696145150756518 -108.0
581
-------------------New----------------
0 0 -86.0204699791042 57.964434821703094 118.5
0 1 -87.1276931821553 56.32232365748497 108.5
1 0 -112.1246002078207 19.26219768286125 -117.5
1 1 -111.07226694810802 20.817479095323243 -108.0
584
-------------------New----------------
0 0 -109.84980016664333 -42.02533017129965 118.5
0 1 -109.35478288413306 -42.24806067927464 108.5
1 0 -97.89736243928883 -47.4575302026279 -117.5
1 1 -98.37891856467834 -47.22969281500772 -108.0
593
-------------------New----------------
0 0 24.27814245565732 -107.07986888078831 118.5
0 1 24.2004539866509 -106.92774967018958 108.5
1 0 22.458667442986595 -103.51905779569424 -117.5
1 1 22.531649681022337 -103.66171292290505 -108.0
597
-------------------New----------------
0 0 -34.79256163076332 -14.373020727127553 118.5
0 1 -32.26348297502146 -12.749009925017388 108.5
1 0 24.968391717986385 24.276337847595176 -117.5
1 1 22.57754638340229 22.709639773597218 -108.0
603
-------------------New----------------
0 0 -57.2094397516946 -34.19846298244267 118.5
0 1 -56.02228306333624 -29.727850005904475 108.5
1 0 -29.194732272232443 71.30804085091538 -117.5
1 1 -30.322301813140978 67.06095427821946 -108.0
608
-------------------New----------------
0 0 -51.124198778561656 -33.30437703596387 118.5
0 1 -54.11583681340569 -33.11913065913236 108.5
1 0 -121.6996480730935 -29.041344924515805 -117.5
1 1 -118.85808679295853 -29.20904454981369 -108.0
613
-------------------New----------------
0 0 -49.78399055607225 33.03104540684585 118.5
0 1 -50.544266081551065 32.23881108783757 108.5
1 0 -67.71663988728076 14.39842142765752 -117.5
1 1 -66.99377248106488 15.144892584485996 -108.0
616
-------------------New----------------
0 0 -86.28363255099245 114.01030260216154 118.5
0 1 -85.95916043536536 114.18895764254202 108.5
1 0 -78.5839072691968 118.14913852343378 -117.5
1 1 -78.89514644876238 117.98174047274783 -108.0
617
-------------------New----------------
0 0 71.99907599082619 12.834025712954723 118.5
0 1 70.7148472908606 9.146026979898126 108.5
1 0 41.70625340448989 -74.1397980091007 -117.5
1 1 42.9214723926815 -70.63981311549739 -108.0
622
-------------------New----------------
0 0 19.428019373959337 39.95058576034313 118.5
0 1 13.4290800532146 36.887966209993266 108.5
1 0 -122.13372698864957 -32.30211190198911 -117.5
1 1 -116.43621584084156 -29.395021203871153 -108.0
623
-------------------New----------------
0 0 -63.813521785011915 -45.443491766415356 118.5
0 1 -65.17977577418203 -42.22790191239302 108.5
1 0 -96.32889164203876 30.337913288661884 -117.5
1 1 -95.01213190852886 27.289098669967096 -108.0
630
-------------------New----------------
0 0 12.47765693178707 12.898603206476224 118.5
0 1 13.4539407440457 9.722632181313932 108.5
1 0 35.55071499654142 -61.97085605766381 -117.5
1 1 34.62396110400504 -58.96137712721945 -108.0
631
-------------------New----------------
0 0 24.42903048131088 12.993106138776344 118.5
0 1 27.594429640738884 12.34038519892319 108.5
1 0 99.12929683324671 -2.341792012595182 -117.5
1 1 96.11976699941653 -1.72443217990947 -108.0
632
-------------------New----------------
0 0 62.713373883055795 -62.31181757450315 118.5
0 1 61.460360409030706 -61.94211580036765 108.5
1 0 33.009067585235755 -53.566209031920856 -117.5
1 1 34.207698732744696 -53.91971361105889 -108.0
641
-------------------New----------------
0 0 23.821204803440096 -4.777705037688699 118.5
0 1 18.481428823872903 -5.458123475267851 108.5
1 0 -102.19256349866333 -20.852881730029797 -117.5
1 1 -97.12161410119832 -20.207081989668243 -108.0
643
-------------------New----------------
0 0 58.490919792944794 44.777631046874525 118.5
0 1 58.24375021988036 42.271205511296685 108.5
1 0 52.66591729629977 -14.47557130535074 -117.5
1 1 52.901050596479614 -12.087401204595366 -108.0
648
-------------------New----------------
0 0 -84.1912659499491 -10.684259574840919 118.5
0 1 -82.13777430267729 -9.4766853417515 108.5
1 0 -35.5559011585508 18.07349416095776 -117.5
1 1 -37.53142743110281 16.892063507381295 -108.0
659
-------------------New----------------
0 0 86.85161862375047 -78.91109742641349 118.5
0 1 87.10609950232886 -80.41025386754065 108.5
1 0 92.87200050637256 -114.31253503636151 -117.5
1 1 92.63254125028246 -112.88626741918111 -108.0
660
-------------------New----------------
0 0 95.52356741722107 49.754908180322204 118.5
0 1 94.37027700795008 48.755993626752925 108.5
1 0 68.27357982943812 26.16020426986251 -117.5
1 1 69.37238653348177 27.10904789997711 -108.0
661
-------------------New----------------
0 0 24.591155641121787 91.4129050392597 118.5
0 1 21.08369684675507 90.32426535586315 108.5
1 0 -58.1988304308191 65.7066688435087 -117.5
1 1 -54.86548822280955 66.74130275840729 -108.0
667
-------------------New----------------
0 0 42.10771359755824 -73.91333170818409 118.5
0 1 39.38747780406017 -71.72207631468947 108.5
1 0 -22.102518255073004 -22.180704164889537 -117.5
1 1 -19.51747762359694 -24.26313566652059 -108.0
676
-------------------New----------------
0 0 -69.98661762625233 -29.350563960938604 118.5
0 1 -71.52503698436092 -24.320452141580862 108.5
1 0 -106.17168475585925 89.99274004175281 -117.5
1 1 -104.71958287503651 85.1927665491315 -108.0
679
-------------------New----------------
0 0 -1.309697944315358 -96.42819669285697 118.5
0 1 -0.07168623818829083 -96.35513345750888 108.5
1 0 27.536364428187294 -94.69067362832936 -117.5
1 1 26.391315806398183 -94.75431727161292 -108.0
680
-------------------New----------------
0 0 76.60106815767347 -53.22901614107762 118.5
0 1 74.86234471545906 -50.46402067637332 108.5
1 0 35.565595136470435 12.040325050510969 -117.5
1 1 37.21812690919152 9.411217522961962 -108.0
691
-------------------New----------------
0 0 30.528787602464092 -22.90935362135382 118.5
0 1 29.715120435320113 -19.350731559503807 108.5
1 0 11.253735305623481 61.12692935492144 -117.5
1 1 12.02933399891019 57.747011444367345 -108.0
696
-------------------New----------------
0 0 1.9844532070003917 2.8733561247265285 118.5
0 1 0.5315768538395347 -0.3844421931874132 108.5
1 0 -32.23678701474983 -73.97654771474645 -117.5
1 1 -30.854226455438663 -70.88996073707924 -108.0
699
-------------------New----------------
0 0 61.57910983808436 75.15025814710756 118.5
0 1 62.858463268952605 75.95908443910857 108.5
1 0 91.80477248243179 94.26188144384133 -117.5
1 1 90.58683238618427 93.49176346613426 -108.0
700
-------------------New----------------
0 0 98.5141926296824 5.872996003968685 118.5
0 1 98.89042338145241 2.9074166600136246 108.5
1 0 107.42576432494852 -64.10225881964281 -117.5
1 1 107.05753135849668 -61.28837155283791 -108.0
705
-------------------New----------------
0 0 75.13265001703688 14.204086002956734 118.5
0 1 76.26309313501352 15.004900857972213 108.5
1 0 101.64472324127736 33.21115422175951 -117.5
1 1 100.57277234547769 32.44493703287067 -108.0
713
-------------------New----------------
0 0 25.39671505646359 -8.481121273885671 118.5
0 1 28.003065934926884 -7.22954467144601 108.5
1 0 86.95220046821586 21.064128739284165 -117.5
1 1 84.4736021436801 19.875331994875587 -108.0
726
-------------------New----------------
0 0 -43.44427130705575 55.41373516030804 118.5
0 1 -45.36367125538251 57.534169911239005 108.5
1 0 -88.78711089822602 105.42354899340833 -117.5
1 1 -86.96027466990435 103.41221880521319 -108.0
736
-------------------New----------------
0 0 15.638624745418786 78.18165635465216 118.5
0 1 13.257420321734319 75.6365951406901 108.5
1 0 -40.56863595646426 18.11228963018642 -117.5
1 1 -38.30603481624638 20.530714018275738 -108.0
742
-------------------New----------------
0 0 -87.3824286683419 51.196469087147705 118.5
0 1 -86.44713009913741 49.80127987033553 108.5
1 0 -65.257373359891 18.31862654934238 -117.5
1 1 -66.15100303943704 19.65163605128164 -108.0
750
-------------------New----------------
0 0 71.64524409679937 -45.843245607276614 118.5
0 1 72.23693149561532 -46.297936053399596 108.5
1 0 85.50638958884663 -56.55667154921756 -117.5
1 1 84.95566210879907 -56.126635248284835 -108.0
761
-------------------New----------------
0 0 -4.9898972195467435 -73.15895394531847 118.5
0 1 -7.351363970241266 -74.26367378744717 108.5
1 0 -60.89749473196006 -98.85300112076632 -117.5
1 1 -58.652518644143434 -97.84401408873036 -108.0
770
-------------------New----------------
0 0 -53.38406351576924 79.81828227871075 118.5
0 1 -55.97904799630784 81.3923837677143 108.5
1 0 -114.64397722540204 116.9314475343781 -117.5
1 1 -112.17793033725404 115.43554246820324 -108.0
771
-------------------New----------------
0 0 -25.632700992722352 28.202541345178354 118.5
0 1 -25.126413528003866 27.42546169784729 108.5
1 0 -13.679956757808174 9.870652505613357 -117.5
1 1 -14.160364542275454 10.608199996927471 -108.0
774
-------------------New----------------
0 0 17.910071169527775 -107.97468306869928 118.5
0 1 19.402852948141703 -108.07864753032625 108.5
1 0 53.10659145448916 -110.4782511809362 -117.5
1 1 51.68914954799466 -110.37665559590873 -108.0
776
-------------------New----------------
0 0 -33.99207618296711 -11.975641766201102 118.5
0 1 -28.610842436872275 -7.395583521227697 108.5
1 0 93.00281070822878 96.10678252456594 -117.5
1 1 87.89098082843977 91.75634274028401 -108.0
778
-------------------New----------------
0 0 -46.82029957603284 104.72600346255447 118.5
0 1 -46.90055459492745 103.13805645160532 108.5
1 0 -48.768951991845356 67.1400229242269 -117.5
1 1 -48.692134525985594 68.65782316179039 -108.0
782
-------------------New----------------
0 0 -24.527863787697655 71.77235837022681 118.5
0 1 -26.424415233524467 72.66356749398217 108.5
1 0 -69.27589981566678 92.81350982454373 -117.5
1 1 -67.47531784355542 91.96582676221381 -108.0
784
-------------------New----------------
0 0 -52.11336754199451 -12.756830576525214 118.5
0 1 -55.168032061811914 -13.378341362623758 108.5
1 0 -124.43634842530443 -27.15914914701408 -117.5
1 1 -121.48591931761412 -26.608685148383735 -108.0
792
-------------------New----------------
0 0 -55.11397923421409 -102.05038112579633 118.5
0 1 -51.18419233628504 -101.35558892556286 108.5
1 0 37.863461801442476 -85.55766158565979 -117.5
1 1 34.120455767063525 -86.22100318418896 -108.0
796
-------------------New----------------
0 0 54.18938682432631 -20.18240561275494 118.5
0 1 51.275481844432285 -22.259398554848183 108.5
1 0 -14.659442353624266 -69.27185102027745 -117.5
1 1 -11.883535803737661 -67.29893933545583 -108.0
799
-------------------New----------------
0 0 100.23557798981604 -28.018164751452616 118.5
0 1 101.06907529524268 -25.222235652945347 108.5
1 0 119.95014347752597 37.87012748064259 -117.5
1 1 119.15686494646756 35.223000867024545 -108.0
812
-------------------New----------------
0 0 -74.40895019895915 -5.790510271835883 118.5
0 1 -71.6098718022802 -10.061539603964764 108.5
1 0 -8.069010081517485 -106.47387131284827 -117.5
1 1 -10.745056293536127 -102.41944816275284 -108.0
814
-------------------New----------------
0 0 8.834423375869166 8.277020771147303 118.5
0 1 7.896636181713437 7.1513445341470785 108.5
1 0 -13.509981381864344 -18.074458355924016 -117.5
1 1 -12.601176625302767 -17.022770685687767 -108.0
820
-------------------New----------------
0 0 6.63906948740923 -2.059654131677757 118.5
0 1 8.602508379125187 2.3937609955196044 108.5
1 0 52.99374933436891 103.0513388954951 -117.5
1 1 51.128018815700834 98.82191570838177 -108.0
821
-------------------New----------------
0 0 15.025379417617387 5.807441652442661 118.5
0 1 10.421408957192707 7.543855790501752 108.5
1 0 -93.65230791049787 46.757972023438114 -117.5
1 1 -89.27556371646813 45.11051163860197 -108.0
822
-------------------New----------------
0 0 -88.77590772527061 -21.819010876299807 118.5
0 1 -89.86846952978597 -25.274841536211934 108.5
1 0 -114.75133747261214 -103.58214771042188 -117.5
1 1 -113.69773413290076 -100.27754595155713 -108.0
828
-------------------New----------------
0 0 34.43395017467935 56.22196241131511 118.5
0 1 31.151937553819714 58.40817102067189 108.5
1 0 -43.01443015480731 107.81832650973618 -117.5
1 1 -39.89729980230669 105.74075659356735 -108.0
832
-------------------New----------------
0 0 -87.20382734568422 91.18406820525598 118.5
0 1 -88.6345473772868 88.83196565826739 108.5
1 0 -120.32457959909388 36.31379450247455 -117.5
1 1 -119.01642702994619 38.489373347014 -108.0
838
-------------------New----------------
0 0 110.10798311273064 51.77046100633267 118.5
0 1 109.90364131016614 48.85417626003762 108.5
1 0 105.3136896558912 -17.025070606604142 -117.5
1 1 105.50796989555722 -14.255435776493869 -108.0
840
-------------------New----------------
0 0 43.89748317721646 -56.89568653407921 118.5
0 1 45.837405514502606 -53.630497517517234 108.5
1 0 89.81870607730939 20.167710749652613 -117.5
1 1 87.97028997066876 17.06499116841244 -108.0
844
-------------------New----------------
0 0 61.955665459591955 -9.368906371513964 118.5
0 1 60.33016274641032 -5.453517453791916 108.5
1 0 23.59708196334192 83.04120718814922 -117.5
1 1 25.14080467485045 79.32129274149102 -108.0
854
-------------------New----------------
0 0 -11.95248884997591 6.987389310469544 118.5
0 1 -16.224527195103235 6.892765472080768 108.5
1 0 -112.91331242709673 5.084741950296055 -117.5
1 1 -108.84969521140124 5.1546283085771325 -108.0
877
-------------------New----------------
0 0 94.81834906914528 -14.7424559471648 118.5
0 1 95.5819365745457 -18.636295365019667 108.5
1 0 112.80171784950865 -106.63387391784018 -117.5
1 1 112.07877129020719 -102.93554920922095 -108.0
879
-------------------New----------------
0 0 11.178715354998497 84.55547475913242 118.5
0 1 6.7207004036427405 84.36585736997516 108.5
1 0 -94.03918921651187 80.07399338829174 -117.5
1 1 -89.80011136118002 80.25714139432051 -108.0
882
-------------------New----------------
0 0 110.51098745158723 -82.0349377088192 118.5
0 1 109.6941837817438 -83.00021921644894 108.5
1 0 91.22494623287668 -104.85930400172188 -117.5
1 1 92.00391483691892 -103.93871982929049 -108.0
883
-------------------New----------------
0 0 -24.453699033680543 -10.061147647200572 118.5
0 1 -23.205144556036668 -11.502982471924803 108.5
1 0 5.103707014018317 -44.209924290759965 -117.5
1 1 3.912238880697848 -42.83209584647436 -108.0
890
-------------------New----------------
0 0 -74.71049515021912 -38.35934388803298 118.5
0 1 -75.93175408739754 -40.27076993907146 108.5
1 0 -103.45299733750952 -83.48327148005215 -117.5
1 1 -102.29952883733606 -81.66730961070618 -108.0
892
-------------------New----------------
0 0 4.757333693244854 91.0093274474193 118.5
0 1 0.2634272604315292 89.71477987867591 108.5
1 0 -101.33598861103845 60.46712315991698 -117.5
1 1 -97.0634843813506 61.69544705737327 -108.0
916
-------------------New----------------
0 0 24.05044433121564 -3.7994304921065085 118.5
0 1 23.443529938666238 -3.961154631422341 108.5
1 0 13.053697258721268 -0.04388406392467008 -117.5
1 1 13.343077141654046 -0.5462352420932755 -108.0
929
-------------------New----------------
0 0 53.72317571743859 -14.623052131743702 118.5
0 1 55.088926316035426 -12.703607067864308 108.5
1 0 86.17196465327174 30.682973621231117 -117.5
1 1 84.8676236578103 28.859667616484877 -108.0
930
-------------------New----------------
0 0 -32.00018959503629 0.014182059241857914 118.5
0 1 -31.61134568973703 -3.4992265820284025 108.5
1 0 -22.845732298622885 -82.89028079567083 -117.5
1 1 -23.213633006852117 -79.55190213279035 -108.0
939
-------------------New----------------
0 0 38.368085314162435 -68.71359606351797 118.5
0 1 39.267011436546156 -70.22556814924289 108.5
1 0 59.583270787258904 -104.39596941644201 -117.5
1 1 58.729274794350985 -102.95959616479533 -108.0
943
-------------------New----------------
0 0 87.39468545275486 -96.24424378669447 118.5
0 1 84.81345378325241 -96.5370993137885 108.5
1 0 27.000027676783304 -103.74876565610384 -117.5
1 1 29.415867554561952 -103.42272635637637 -108.0
974
-------------------New----------------
0 0 11.610163354762319 20.311953509766546 118.5
0 1 7.986495983557601 18.86326731053286 108.5
1 0 -77.32640719820353 -15.729216156978032 -117.5
1 1 -73.58071526275081 -14.189470784295931 -108.0
991
-------------------New----------------
0 0 58.45278545957461 32.19404827787332 118.5
0 1 57.19983650179201 35.94325683062655 108.5
1 0 28.778393632224578 121.08921573996058 -117.5
1 1 29.9738664113818 117.51467089278435 -108.0
994
-------------------New----------------
0 0 114.99961067209793 42.96718442069789 118.5
0 1 115.0108294078331 39.07175500169096 108.5
1 0 115.24491902929526 -48.90062231255363 -117.5
1 1 115.23738054205587 -45.20348499565422 -108.0
995
-------------------New----------------
0 0 -4.803551050558751 -56.84730766385606 118.5
0 1 -1.3913650600566423 -53.782003609081436 108.5
1 0 75.83766977511928 15.420157922107402 -117.5
1 1 72.58864883503809 12.514926724545788 -108.0
1004
-------------------New----------------
0 0 -33.69385443828137 21.59859722209464 118.5
0 1 -30.09377651321763 21.8356956460353 108.5
1 0 51.22898282985426 27.09893096524297 -117.5
1 1 47.811486890015 26.878423339451963 -108.0
1006
-------------------New----------------
0 0 -0.016485021462757564 56.088068720410625 118.5
0 1 -4.150979744652506 55.42417474550113 108.5
1 0 -97.5759514631126 40.60687627597947 -117.5
1 1 -93.6432410531605 41.21629503741943 -108.0
1011
-------------------New----------------
0 0 -25.487304569761754 24.502047718676597 118.5
0 1 -23.51555369534372 28.719954443900157 108.5
1 0 21.15271669021606 124.69875028838297 -117.5
1 1 19.275701408645936 120.63884760350587 -108.0
1014
-------------------New----------------
0 0 -17.29122345139985 90.24306002169813 118.5
0 1 -15.198417057613707 91.40428511015702 108.5
1 0 32.12672634218188 117.63463908488434 -117.5
1 1 30.133937439477116 116.53451538219448 -108.0
1016
-------------------New----------------
0 0 -49.11322926501192 20.29316164383626 118.5
0 1 -48.802541967859824 21.78374864126759 108.5
1 0 -41.7958300082203 55.511061218072506 -117.5
1 1 -42.089899412871134 54.09139926074228 -108.0
1024
-------------------New----------------
0 0 -58.59434990452728 14.660491686849543 118.5
0 1 -55.970763662368746 13.560277252271707 108.5
1 0 5.893404785790286 -8.989521209944638 -117.5
1 1 3.174456971427189 -8.167852068118517 -108.0
1026
-------------------New----------------
0 0 5.47620634018831 -80.72455455769447 118.5
0 1 4.8773955355969605 -82.40881192742847 108.5
1 0 -8.399853616414436 -120.36318892849279 -117.5
1 1 -7.8527492466575115 -118.76541472446658 -108.0
1027
-------------------New----------------
0 0 -71.3630766309021 77.83313327539244 118.5
0 1 -68.95110119911779 77.65165452455035 108.5
1 0 -14.030283475434285 73.39372700096801 -117.5
1 1 -16.375330508492365 73.57388030308734 -108.0
1030
-------------------New----------------
0 0 118.81870414550181 35.06461794837875 118.5
0 1 118.94087688082115 29.632217909890233 108.5
1 0 121.6541498515526 -92.3472709721742 -117.5
1 1 121.53177619695714 -87.22510094341183 -108.0
1033
-------------------New----------------
0 0 94.80632548595538 -20.25844508373986 118.5
0 1 93.13475530808338 -17.912578334608384 108.5
1 0 55.35797279404255 35.11669702144228 -117.5
1 1 56.94587598931771 32.888295233796214 -108.0
1034
-------------------New----------------
0 0 -58.343415503063035 -11.365511518441133 118.5
0 1 -58.89809239141351 -14.734395519045515 108.5
1 0 -71.40869047149755 -90.81175355172186 -117.5
1 1 -70.88217440091348 -87.61434653946743 -108.0
1037
-------------------New----------------
0 0 60.1661092751895 -50.2488429909708 118.5
0 1 62.366207425983404 -51.09725398394637 108.5
1 0 111.8218436655134 -70.43303389353892 -117.5
1 1 109.74833139088068 -69.60739212656691 -108.0
1038
-------------------New----------------
0 0 8.219713338426912 82.66996402028121 118.5
0 1 8.633789728789402 83.48408964386192 108.5
1 0 18.113639742866575 101.92611398156265 -117.5
1 1 17.70403524355906 101.1525174707611 -108.0
1040
-------------------New----------------
0 0 -0.3031593013033622 73.0952757122237 118.5
0 1 0.10050257282649096 73.18252563930743 108.5
1 0 9.212024141065973 75.18545831005173 -117.5
1 1 8.829563219487445 75.09960758728843 -108.0
1042
-------------------New----------------
0 0 -80.69297631729648 -101.9907518177077 118.5
0 1 -80.6901924908497 -102.96235081505972 108.5
1 0 -80.64086622744341 -124.75345087366688 -117.5
1 1 -80.64082334675804 -123.83799030715154 -108.0
1048
-------------------New----------------
0 0 -24.799929091763218 -35.52026079547155 118.5
0 1 -26.03430257041373 -36.03706956999887 108.5
1 0 -53.94581449467613 -47.70034807611766 -117.5
1 1 -52.772788143852026 -47.209746925750096 -108.0
1062
-------------------New----------------
0 0 94.99720161900758 51.55806721955214 118.5
0 1 93.83941894585982 51.431953977833345 108.5
1 0 67.67193638957801 48.58114025887459 -117.5
1 1 68.7718959032209 48.70089541926757 -108.0
1063
-------------------New----------------
0 0 -17.917885259612852 -68.76888484980677 118.5
0 1 -20.142368679909048 -69.21466394679871 108.5
1 0 -70.44425040128978 -79.28812776810562 -117.5
1 1 -68.32946808401383 -78.8646912306039 -108.0
1065
-------------------New----------------
0 0 27.33625917294193 -1.3595550120688593 118.5
0 1 26.735946542009934 3.9480866614142522 108.5
1 0 13.204667080954858 123.95399129657714 -117.5
1 1 13.778104936724924 118.9232793003949 -108.0
1070
-------------------New----------------
0 0 -29.037824018406752 -68.44625912342403 118.5
0 1 -24.41945380329999 -67.8629094045046 108.5
1 0 80.01671124477595 -54.82490914685921 -117.5
1 1 75.6178015419957 -55.365556977401695 -108.0
1081
-------------------New----------------
0 0 -40.17201147522173 -65.21461014466428 118.5
0 1 -37.5514186643633 -64.53680712636945 108.5
1 0 21.66290126326224 -49.30618975156876 -117.5
1 1 19.175166456691123 -49.944192004934685 -108.0
1092
-------------------New----------------
0 0 -32.811517749602174 2.0362409274399367 118.5
0 1 -31.640167691081608 2.80705532020643 108.5
1 0 -5.10736713023818 19.19581085474825 -117.5
1 1 -6.191861948803006 18.53122083409681 -108.0
1094
-------------------New----------------
0 0 41.43708319278054 -80.91491635471607 118.5
0 1 37.65376174651574 -78.5253656816258 108.5
1 0 -47.883742473067784 -24.49632982723221 -117.5
1 1 -44.28622243761985 -26.768296348096406 -108.0
1107
-------------------New----------------
0 0 16.77186496178731 -75.80762440077964 118.5
0 1 13.763549806530639 -73.9762043541194 108.5
1 0 -54.117376902873445 -32.48764508484144 -117.5
1 1 -51.26767614246349 -34.23388208336108 -108.0
1112
-------------------New----------------
0 0 -57.44027654899852 -97.41476742673167 118.5
0 1 -57.38332942959626 -97.3386815751056 108.5
1 0 -56.0728307625595 -95.60608422528303 -117.5
1 1 -56.130407938721724 -95.68678594692872 -108.0
1122
-------------------New----------------
0 0 -94.98249898292157 -71.62713755867969 118.5
0 1 -95.76683617673312 -71.19161890333166 108.5
1 0 -113.49699142420666 -61.523129566662135 -117.5
1 1 -112.75529616396939 -61.933898438714984 -108.0
1124
-------------------New----------------
0 0 22.96546811417405 44.171689133802055 118.5
0 1 24.036655584465496 44.57454136118851 108.5
1 0 48.244987058550166 53.69614013409655 -117.5
1 1 47.227668593133586 53.31155079141614 -108.0
1127
-------------------New----------------
0 0 -56.08371074392102 61.30415683207622 118.5
0 1 -51.217840233035986 58.712767000083396 108.5
1 0 58.723597171160954 0.1921103144560421 -117.5
1 1 54.10380848344189 2.651318565159214 -108.0
1130
-------------------New----------------
0 0 -6.622547486647915 36.78606640857884 118.5
0 1 -8.77632986616356 34.32679914363202 108.5
1 0 -56.97800806141928 -21.295455940035307 -117.5
1 1 -54.972432595235 -18.95584991913111 -108.0
1132
-------------------New----------------
0 0 -53.97539451788724 90.03539861437933 118.5
0 1 -51.323039860086695 90.3175341219796 108.5
1 0 8.57850309234323 96.52758423950948 -117.5
1 1 6.065057073889615 96.26901212942649 -108.0
1134
-------------------New----------------
0 0 101.6858737900808 -64.25478160606544 118.5
0 1 102.21162381009182 -64.96281094626208 108.5
1 0 113.97908073352855 -81.09872053119174 -117.5
1 1 113.48166527776793 -80.41355974930607 -108.0
1137
-------------------New----------------
0 0 35.46763398622294 92.61476025464108 118.5
0 1 33.25035009480087 93.40009815279498 108.5
1 0 -16.83398570779869 111.12690742734307 -117.5
1 1 -14.733779481904701 110.38165995927295 -108.0
1142
-------------------New----------------
0 0 -29.346890157963266 16.419029227383106 118.5
0 1 -28.503786965377895 18.676844207507493 108.5
1 0 -9.412840608468128 69.742787115283 -117.5
1 1 -10.215123344952413 67.5927553044348 -108.0
1145
-------------------New----------------
0 0 -58.166687768539745 28.083084948976733 118.5
0 1 -55.22938827514478 24.584535949573848 108.5
1 0 11.174675015408381 -54.589327916881906 -117.5
1 1 8.381912372718284 -51.25861616613844 -108.0
1146
-------------------New----------------
0 0 -92.43388410429961 46.185785936567406 118.5
0 1 -89.89851290195928 47.945233871843286 108.5
1 0 -32.61681376010507 87.71372032044789 -117.5
1 1 -35.023831057535226 86.0420426102792 -108.0
1150
-------------------New----------------
0 0 22.049828716474003 10.982239790486421 118.5
0 1 20.65916265143424 15.799924370613871 108.5
1 0 -10.754072851887132 124.67473798476499 -117.5
1 1 -9.43494836096045 120.09622131417018 -108.0
1165
-------------------New----------------
0 0 -29.018976189113886 4.065254183187906 118.5
0 1 -23.967534242269174 2.239089028171901 108.5
1 0 90.21757226645047 -39.010772581194836 -117.5
1 1 85.41390679219373 -37.27511255937219 -108.0
1170
-------------------New----------------
0 0 -15.371270153527997 28.895528054333546 118.5
0 1 -14.812802924429679 26.886587669925376 108.5
1 0 -2.207258534884596 -18.478344856269832 -117.5
1 1 -2.7369138083184703 -16.572723983809308 -108.0
1176
-------------------New----------------
0 0 45.94489304600989 38.208449568396766 118.5
0 1 42.53916756215383 34.16400725825437 108.5
1 0 -34.43099943782569 -57.257325669568694 -117.5
1 1 -31.19536482904268 -53.41423302587434 -108.0
1180
-------------------New----------------
0 0 96.5365217447974 -83.00378129519846 118.5
0 1 96.26278097590617 -81.16543899083871 108.5
1 0 90.06723576346656 -39.5547679617962 -117.5
1 1 90.32924011128154 -41.30730481815383 -108.0
1199
-------------------New----------------
0 0 -41.00887063585746 -11.760403172509768 118.5
0 1 -39.331786552573604 -12.632998678417051 108.5
1 0 -1.317935710439358 -32.26465066702583 -117.5
1 1 -2.913155698035547 -31.439682771792473 -108.0
1204
-------------------New----------------
0 0 114.15254417546006 -34.18014036158051 118.5
0 1 113.1719037544184 -32.83805726636264 108.5
1 0 91.03713726541001 -2.5295939429921988 -117.5
1 1 91.96288936735837 -3.805715191769231 -108.0
1211
-------------------New----------------
0 0 -80.96855344140099 52.39409799569362 118.5
0 1 -81.89132973195446 47.35969934461626 108.5
1 0 -102.7338685776765 -66.42429261604033 -117.5
1 1 -101.85737043771165 -61.64130896445228 -108.0
1221
-------------------New----------------
0 0 -85.33242897699546 57.17028257534722 118.5
0 1 -83.29314484015507 55.92792989272452 108.5
1 0 -37.21293799157883 27.8871910139622 -117.5
1 1 -39.1470357343165 29.068959411901325 -108.0
1226
-------------------New----------------
0 0 -26.630810161857635 -11.04557595787067 118.5
0 1 -22.716098727930895 -13.012623018946773 108.5
1 0 65.75209117718052 -57.455127949062444 -117.5
1 1 62.03312339862998 -55.586601265301354 -108.0
1229
-------------------New----------------
0 0 58.54330596639045 -55.53411565075447 118.5
0 1 58.46536187262435 -57.36074520751597 108.5
1 0 56.75313074224223 -98.7977237438409 -117.5
1 1 56.823746145227446 -97.05420129507381 -108.0
1233
-------------------New----------------
0 0 66.69851147038807 62.521730594800054 118.5
0 1 68.95409579253217 62.46115051477047 108.5
1 0 119.86960470938973 61.103484149679545 -117.5
1 1 117.73300948630929 61.15856028805299 -108.0
1235
-------------------New----------------
0 0 102.67938216078785 61.54787314656901 118.5
0 1 102.22772448222456 61.64349906137869 108.5
1 0 92.04497870002061 63.790459575908585 -117.5
1 1 92.4708414480884 63.697330696884706 -108.0
1243
-------------------New----------------
0 0 -71.92322997678772 3.170343027243466 118.5
0 1 -67.93147391817054 4.93634963816235 108.5
1 0 22.272952069194435 44.8696043034695 -117.5
1 1 18.482923750705723 43.19131048771227 -108.0
1247
-------------------New----------------
0 0 57.217367370922034 -15.849382071671357 118.5
0 1 54.68170556275775 -12.921201337796347 108.5
1 0 -2.4322621584864366 53.293538660992795 -117.5
1 1 -0.03752195802507137 50.51069852391729 -108.0
1248
-------------------New----------------
0 0 45.00663788950883 15.07536664070897 118.5
0 1 44.29003528072127 12.96261506099963 108.5
1 0 28.094614783554306 -34.8252868787951 -117.5
1 1 28.775240947347175 -32.81647457839138 -108.0
1251
-------------------New----------------
0 0 -79.82200760737587 -32.95231890221894 118.5
0 1 -80.16839971868856 -30.87990568520889 108.5
1 0 -88.13229732389341 16.06831564512097 -117.5
1 1 -87.79276083650419 14.076764980422004 -108.0
1255
-------------------New----------------
0 0 5.103338246427934 -46.18056082248329 118.5
0 1 3.503363906475524 -45.60319216974746 108.5
1 0 -32.71798148898338 -32.558683665555336 -117.5
1 1 -31.192695952574933 -33.10916558000285 -108.0
1276
-------------------New----------------
0 0 22.539956061920535 -12.887986307357059 118.5
0 1 24.700030968267356 -13.083369529203697 108.5
1 0 73.54939003547106 -17.582883493824845 -117.5
1 1 71.49479213925656 -17.389100005686366 -108.0
1283
-------------------New----------------
0 0 77.26672177752536 36.58060975859496 118.5
0 1 79.36090083418867 37.45482885992015 108.5
1 0 126.7062544035858 57.212204255533855 -117.5
1 1 124.71594749364915 56.381635120856814 -108.0
1290
-------------------New----------------
0 0 -54.6144088924019 62.39976825468407 118.5
0 1 -54.55658051771236 61.4052056664932 108.5
1 0 -53.212188616615116 38.933493273198295 -117.5
1 1 -53.27177199586133 39.87776067693113 -108.0
1294
-------------------New----------------
0 0 27.679940462738067 111.86192922125397 118.5
0 1 30.678939249742996 112.33939687676332 108.5
1 0 98.39937492717316 123.16536493335325 -117.5
1 1 95.54982830692316 122.71061969326404 -108.0
1301
-------------------New----------------
0 0 -80.51671384322546 -98.37394632886257 118.5
0 1 -78.68205221930455 -98.30423305063661 108.5
1 0 -37.23763834562362 -96.7363507087833 -117.5
1 1 -38.97991773014364 -96.80255321366249 -108.0
1315
-------------------New----------------
0 0 -41.96196720498851 -72.4455498915899 118.5
0 1 -41.35545939426158 -70.2045474353747 108.5
1 0 -27.703069185444082 -19.584900767798246 -117.5
1 1 -28.27356089431106 -21.710858933110167 -108.0
1319
-------------------New----------------
0 0 13.282204441628028 -51.98429766616681 118.5
0 1 8.544392830718044 -49.06403318977767 108.5
1 0 -98.6564339527101 16.846998161956652 -117.5
1 1 -94.14368632383284 14.07653794631933 -108.0
1325
-------------------New----------------
0 0 42.39989333009525 22.004811547967854 118.5
0 1 40.423697578600326 17.274031315785216 108.5
1 0 -4.214016745649312 -89.60276887326707 -117.5
1 1 -2.337490510799176 -85.1102546055637 -108.0
1326
-------------------New----------------
0 0 -19.373726746264932 -105.53747511444881 118.5
0 1 -17.194971562853077 -104.95141052618081 108.5
1 0 32.026345486620535 -91.33254446546337 -117.5
1 1 29.964137268202467 -91.93032647103226 -108.0
1331
-------------------New----------------
0 0 67.24980257106404 -0.6983935860123964 118.5
0 1 65.26834054256136 0.9709834736579698 108.5
1 0 20.49519395058025 38.70820162487214 -117.5
1 1 22.376125885101015 37.12119229940654 -108.0
1337
-------------------New----------------
0 0 -37.56900906862663 35.00332443019707 118.5
0 1 -36.79010938062539 35.80587587249011 108.5
1 0 -19.067464255596104 53.89058714137268 -117.5
1 1 -19.81732406136583 53.131514173256676 -108.0
1342
-------------------New----------------
0 0 58.667540615863935 -24.239993232640845 118.5
0 1 59.12964399177891 -25.997445326620653 108.5
1 0 69.46646761599085 -65.71797568964939 -117.5
1 1 69.03273789853354 -64.04840335310601 -108.0
1353
-------------------New----------------
0 0 -109.24732239631844 -33.97300565333459 118.5
0 1 -108.81369669757157 -32.63185712556767 108.5
1 0 -99.11606930588889 -2.6479316339059533 -117.5
1 1 -99.50666501099191 -3.90995230323137 -108.0
1355
-------------------New----------------
0 0 -26.760689007839694 11.611700229038526 118.5
0 1 -23.70059367898849 13.19511333144771 108.5
1 0 45.462873496138364 48.98883253482266 -117.5
1 1 42.55668487795598 47.48568257180113 -108.0
1359
-------------------New----------------
0 0 -38.720262024840096 50.723165938369824 118.5
0 1 -40.24262026828345 46.29561110360283 108.5
1 0 -74.65303408796007 -53.740095634229114 -117.5
1 1 -73.20530900875892 -49.53673035349884 -108.0
1363
-------------------New----------------
0 0 31.577848176762508 51.15450574840134 118.5
0 1 34.987906756484094 48.033939605592664 108.5
1 0 112.0318818433241 -22.565113309015025 -117.5
1 1 108.79399237003243 -19.59488918711446 -108.0
1364
-------------------New----------------
0 0 -75.08964072288558 88.05647832502733 118.5
0 1 -74.99517732168607 88.72721435157196 108.5
1 0 -72.82849162845508 103.88146694949762 -117.5
1 1 -72.92035483750522 103.24392934923773 -108.0
1365
-------------------New----------------
0 0 15.900138421354999 -14.823176915153677 118.5
0 1 17.089352547047987 -10.975854704440614 108.5
1 0 43.96193373283786 75.97188293427988 -117.5
1 1 42.832591812571096 72.31695887266461 -108.0
1372
-------------------New----------------
0 0 -80.05640854247036 -70.11390293506291 118.5
0 1 -79.94835498758923 -69.51713800948804 108.5
1 0 -77.51489827435783 -56.08909349367383 -117.5
1 1 -77.6184542732984 -56.642785467267444 -108.0
1377
-------------------New----------------
0 0 -69.59819273078597 -77.42969754921164 118.5
0 1 -69.16029154594335 -77.17797965324142 108.5
1 0 -59.47380326665765 -71.41132260616908 -117.5
1 1 -59.88075075445406 -71.65241540564854 -108.0
1378
-------------------New----------------
0 0 -79.5925850915527 -5.034076381220353 118.5
0 1 -77.85319343582182 -4.986623602904997 108.5
1 0 -38.65338459590716 -3.898344488344126 -117.5
1 1 -40.295466915626534 -3.946313524320203 -108.0
1383
-------------------New----------------
0 0 -70.35129653317826 25.246510392440225 118.5
0 1 -70.48790199673924 26.338046206918627 108.5
1 0 -73.30654720948738 51.19052749757215 -117.5
1 1 -73.1967846537547 50.136278958212614 -108.0
1384
-------------------New----------------
0 0 -63.82224804086849 10.359181427944078 118.5
0 1 -63.24253442058249 10.6957770020239 108.5
1 0 -50.177127576874426 18.174287076658945 -117.5
1 1 -50.72740365344418 17.86236852972597 -108.0
1385
-------------------New----------------
0 0 -72.20363792358896 -103.6943165357928 118.5
0 1 -73.00860215144495 -102.8419700541705 108.5
1 0 -91.19823915397849 -83.5890256913024 -117.5
1 1 -90.43017681388018 -84.40354917705514 -108.0
1386
-------------------New----------------
0 0 23.901248100818425 -60.322742341136895 118.5
0 1 19.65489569677059 -57.47499280281524 108.5
1 0 -76.43588896800043 6.734600343603911 -117.5
1 1 -72.39463210125678 4.041125915087766 -108.0
1390
-------------------New----------------
0 0 -55.91801706883973 -25.477624981628846 118.5
0 1 -58.62377996938235 -25.45917407110488 108.5
1 0 -119.60406449518446 -24.975412275301633 -117.5
1 1 -117.04305491080802 -24.991890436824445 -108.0
1392
-------------------New----------------
0 0 -6.025639889487264 95.83853615020709 118.5
0 1 -2.0140405934530135 95.12765723442362 108.5
1 0 88.60449275285902 79.00126418478214 -117.5
1 1 84.79538297403431 79.67938329181064 -108.0
1407
-------------------New----------------
0 0 -75.61013818368806 -81.09448024673615 118.5
0 1 -74.06644064775926 -79.15859632140175 108.5
1 0 -39.224901468004326 -35.44596491243206 -117.5
1 1 -40.69062807692917 -37.28244831359322 -108.0
1409
-------------------New----------------
0 0 45.6512546618293 -99.88396061462439 118.5
0 1 48.814825633478776 -99.49343502130033 108.5
1 0 120.2820502825543 -90.76980977307403 -117.5
1 1 117.27607474526901 -91.13590361064499 -108.0
1410
-------------------New----------------
0 0 64.20452298973984 117.5332501479594 118.5
0 1 62.290722233193335 116.84233898013244 108.5
1 0 19.13236317770488 101.00480793288908 -117.5
1 1 20.949054259641127 101.666911837912 -108.0
1417
-------------------New----------------
0 0 -3.6121626878393465 50.8433321186565 118.5
0 1 -0.803135449788736 52.3294268882089 108.5
1 0 62.90300638869225 85.65685998742356 -117.5
1 1 60.23121445760356 84.26295847766895 -108.0
1418
-------------------New----------------
0 0 -38.05148159880926 -73.26481624532732 118.5
0 1 -31.591755802041565 -75.24618870012557 108.5
1 0 114.37128631804742 -120.1119918257913 -117.5
1 1 108.23614696299008 -118.22345561870759 -108.0
1419
-------------------New----------------
0 0 57.14796514645953 -81.60384524980165 118.5
0 1 58.02711862897593 -80.2874925723703 108.5
1 0 77.89166332400438 -50.53596927719033 -117.5
1 1 77.05741011262621 -51.78527539727317 -108.0
1424
-------------------New----------------
0 0 113.82991443879662 -25.700775977534125 118.5
0 1 113.36303718491472 -23.490788913049148 108.5
1 0 102.60141503527237 25.527238260524875 -117.5
1 1 103.0515441542057 23.475542573682667 -108.0
1431
-------------------New----------------
0 0 56.19591943581249 44.41263978501924 118.5
0 1 51.371894340831545 44.20254623639351 108.5
1 0 -57.64939628699009 39.57730598959882 -117.5
1 1 -53.068351681361285 39.774778797266 -108.0
1437
-------------------New----------------
0 0 -47.00986004567708 -70.28726176411307 118.5
0 1 -48.15573904518132 -66.49443605705737 108.5
1 0 -74.07038158988246 19.229006115691806 -117.5
1 1 -72.98108183755994 15.62655816790255 -108.0
1445
-------------------New----------------
0 0 120.40371658227726 -52.18222163499119 118.5
0 1 120.70821322090248 -50.34013715630611 108.5
1 0 127.50866202514074 -8.34852757695543 -117.5
1 1 127.23099129275704 -10.120239062802614 -108.0
1449
-------------------New----------------
0 0 -3.2486591821293254 -78.3602697916779 118.5
0 1 -6.2287105608087945 -77.5078717611515 108.5
1 0 -73.60266024619598 -58.24442806626488 -117.5
1 1 -70.76908414333067 -59.05404329152734 -108.0
1458
-------------------New----------------
0 0 -2.129662680424917 11.861163744944136 118.5
0 1 -1.4711316819132594 9.659722204350324 108.5
1 0 13.387266207836518 -40.08484313843341 -117.5
1 1 12.763092079436317 -37.995070639870924 -108.0
1469
-------------------New----------------
0 0 68.66762230601068 -47.701946786190994 118.5
0 1 68.3628138513015 -50.60740482770269 108.5
1 0 61.569793871269255 -116.19399049826154 -117.5
1 1 61.85842265991329 -113.4344352055042 -108.0
1472
-------------------New----------------
0 0 44.013030185879906 -33.32884908512736 118.5
0 1 43.76856616961881 -32.99637410083266 108.5
1 0 38.27324839804231 -25.43500684885884 -117.5
1 1 38.50846814770612 -25.75489524775611 -108.0
1474
-------------------New----------------
0 0 8.928222967620785 52.67428037341618 118.5
0 1 10.846931858765203 49.66030566424546 108.5
1 0 54.22212674813666 -18.396752538682076 -117.5
1 1 52.39664580866033 -15.535826198377999 -108.0
1477
-------------------New----------------
0 0 37.64732802318447 96.14765549136902 118.5
0 1 34.55493684520337 94.7781071697914 108.5
1 0 -35.34212559215176 63.91943545420638 -117.5
1 1 -32.40383701311772 65.21432976909662 -108.0
1480
-------------------New----------------
0 0 -106.46649300646455 -85.10804694596762 118.5
0 1 -106.02785074328202 -85.99813534123683 108.5
1 0 -96.06261508229102 -106.02863099505552 -117.5
1 1 -96.48353853081235 -105.18388394402652 -108.0
1481
-------------------New----------------
0 0 -55.525332005078766 -35.790263010552856 118.5
0 1 -52.50550061037821 -38.1215416238212 108.5
1 0 15.719103688246495 -90.77437612788843 -117.5
1 1 12.848128861771183 -88.56087738616807 -108.0
1483
-------------------New----------------
0 0 70.16685197999968 34.38813743206842 118.5
0 1 66.91044603756828 36.50746722250525 108.5
1 0 -6.04789625673757 83.9299012044864 -117.5
1 1 -3.02823065531559 81.95977822272486 -108.0
1487
-------------------New----------------
0 0 -67.2020413331322 81.74161066033732 118.5
0 1 -65.18541285768843 81.2749867101433 108.5
1 0 -18.572378618975325 70.65089839079356 -117.5
1 1 -20.519405770749902 71.07529605158095 -108.0
1488
-------------------New----------------
0 0 84.0759973652175 -51.54346412027154 118.5
0 1 82.88811676446643 -54.55925234145538 108.5
1 0 56.026483775332814 -122.72844799831357 -117.5
1 1 57.15553501006267 -119.86297531501425 -108.0
1491
-------------------New----------------
0 0 -37.97713219949548 -28.158459103302384 118.5
0 1 -38.21887829982158 -26.941277928675753 108.5
1 0 -43.74681800797007 0.5596888032412792 -117.5
1 1 -43.51360157126298 -0.5967940787176184 -108.0
1497
-------------------New----------------
0 0 51.17951683466363 -20.522195935036113 118.5
0 1 53.941262087895666 -18.212171011901496 108.5
1 0 116.25976341446074 34.228354481226624 -117.5
1 1 113.63393686768154 32.008668070941326 -108.0
1501
-------------------New----------------
0 0 90.82735134856092 -12.699505932442275 118.5
0 1 91.06853310407391 -17.44073649772768 108.5
1 0 96.51364760704413 -124.59637455879434 -117.5
1 1 96.28510895817973 -120.0919077001738 -108.0
1510
-------------------New----------------
0 0 -29.692152760459937 -61.10832665141237 118.5
0 1 -31.902417859547835 -62.44091547041761 108.5
1 0 -81.87654809760114 -92.46880807186533 -117.5
1 1 -79.77687573587988 -91.20681943859518 -108.0
1513
-------------------New----------------
0 0 87.85668492390644 10.82444873648753 118.5
0 1 86.9372048906906 6.813966519891229 108.5
1 0 66.18746838337424 -83.80334213804811 -117.5
1 1 67.0587833208493 -79.99520739540813 -108.0
1517
-------------------New----------------
0 0 6.947424935013375 63.025167330759075 118.5
0 1 4.609546663811679 59.142723468469924 108.5
1 0 -48.24706480178817 -28.60437948924838 -117.5
1 1 -46.024929986643144 -24.915668120190134 -108.0
1520
-------------------New----------------
0 0 -45.45865411303026 -18.78067930995588 118.5
0 1 -46.402992892554025 -15.041353642789918 108.5
1 0 -67.74686331254428 69.41375077212705 -117.5
1 1 -66.85468476387263 65.86186301820716 -108.0
1526
-------------------New----------------
0 0 78.49650012491716 -18.583078646345008 118.5
0 1 78.65167188577126 -20.026225582044937 108.5
1 0 82.18614909642632 -52.58472087925767 -117.5
1 1 82.03704371016045 -51.216167636476236 -108.0
1528
-------------------New----------------
0 0 -78.84511607480054 69.06404338172275 118.5
0 1 -80.32474478224331 67.84462619383171 108.5
1 0 -113.74625308464427 40.29695465404265 -117.5
1 1 -112.34134472328347 41.4545998501213 -108.0
1531
-------------------New----------------
0 0 -5.230741343493049 2.5676141543883637 118.5
0 1 -6.064833118927325 5.411498060935776 108.5
1 0 -24.98761201834683 69.73732194989964 -117.5
1 1 -24.188532127598105 67.0330804746817 -108.0
1532
-------------------New----------------
0 0 19.29258079516695 -45.51262915042721 118.5
0 1 18.743934775492544 -47.62214890178205 108.5
1 0 6.341498308103604 -95.29736471287646 -117.5
1 1 6.86292842257769 -93.29239701994852 -108.0
1548
-------------------New----------------
0 0 74.77242999560438 -25.343883903268896 118.5
0 1 71.25581114101007 -28.091426718779836 108.5
1 0 -8.209302297683376 -90.18301125119419 -117.5
1 1 -4.870219278218933 -87.57282480447006 -108.0
1561
-------------------New----------------
0 0 -44.71226400204082 0.2760528792270847 118.5
0 1 -46.227312430467705 4.3660065825329815 108.5
1 0 -80.4552074319362 96.79799573635802 -117.5
1 1 -79.01628686122862 92.91302439601928 -108.0
1563
-------------------New----------------
0 0 26.281201060592725 -61.175612413434806 118.5
0 1 22.238582907356626 -63.71244895263949 108.5
1 0 -68.91368421508886 -120.67798415510181 -117.5
1 1 -65.08384753922756 -118.27177507980677 -108.0
1569
-------------------New----------------
0 0 36.45514653192352 -14.092288106227304 118.5
0 1 37.28744792459281 -14.144706372306791 108.5
1 0 56.12708992796532 -15.323790816469128 -117.5
1 1 55.33439835838535 -15.273195659472657 -108.0
1574
-------------------New----------------
0 0 -27.72539660628464 -12.865161108206317 118.5
0 1 -27.574566111393743 -10.748484415286265 108.5
1 0 -24.142489970016143 37.08663010155495 -117.5
1 1 -24.286635290554766 35.076460062898065 -108.0
1583
-------------------New----------------
0 0 -2.8149589892815206 -2.267584468897111 118.5
0 1 -5.953424746517413 -5.924228828358238 108.5
1 0 -76.91283376124083 -88.6743094536702 -117.5
1 1 -73.92582155092687 -85.18441435718866 -108.0
1584
-------------------New----------------
0 0 7.045046754787089 47.58501687857476 118.5
0 1 5.807278009833186 49.99835078430637 108.5
1 0 -22.16586030016574 104.55009167753767 -117.5
1 1 -20.99047286495673 102.25694181785961 -108.0
1590
-------------------New----------------
0 0 -90.49141383153842 -53.367731702910916 118.5
0 1 -91.44920369805091 -54.469946692104614 108.5
1 0 -113.10524030411375 -79.39550977753761 -117.5
1 1 -112.19496823647742 -78.34836404389327 -108.0
1597
-------------------New----------------
0 0 -35.33239410077668 73.81633346852729 118.5
0 1 -34.89469315766557 74.26394525799915 108.5
1 0 -25.005682968891087 84.37577199630206 -117.5
1 1 -25.421524457873545 83.95070531213295 -108.0
1614
-------------------New----------------
0 0 38.29844065533929 -93.23947437021084 118.5
0 1 32.640468343941045 -93.40654905788374 108.5
1 0 -94.70215097468778 -96.43801087748137 -117.5
1 1 -89.34859463217694 -96.29612191275477 -108.0
1619
-------------------New----------------
0 0 -63.914670769644545 36.86934704507742 118.5
0 1 -63.37540041765719 34.1674952739846 108.5
1 0 -51.18540008395467 -26.892529191972415 -117.5
1 1 -51.697778227754306 -24.32581861809828 -108.0
1621
-------------------New----------------
0 0 1.9410340720695043 120.98815412430788 118.5
0 1 2.165538775664942 120.9925074231351 108.5
1 0 7.110610609239726 121.03716866790387 -117.5
1 1 6.906351590103434 121.03326301419872 -108.0
1622
-------------------New----------------
0 0 72.43406213506759 -59.26795854234513 118.5
0 1 74.18325786780736 -58.254106841805864 108.5
1 0 113.74237844661033 -35.31766123018704 -117.5
1 1 112.07801562172979 -36.2814197486952 -108.0
1630
-------------------New----------------
0 0 15.43822376437269 -74.29505767434419 118.5
0 1 12.304307761606532 -72.51927730566965 108.5
1 0 -58.65155779281925 -32.4425922207502 -117.5
1 1 -55.66879200782158 -34.13282081747353 -108.0
1635
-------------------New----------------
0 0 -60.987997536739044 -3.484360903958417 118.5
0 1 -60.841764016003836 -8.492475434550352 108.5
1 0 -57.549030365458485 -121.64103072374562 -117.5
1 1 -57.68712311703483 -116.88799359472019 -108.0
1645
-------------------New----------------
0 0 -38.490510676805975 -33.087256351155304 118.5
0 1 -36.90408513344627 -29.637662661347925 108.5
1 0 -1.0174513439090718 48.30484768945989 -117.5
1 1 -2.532092888325578 45.028041127899634 -108.0
1656
-------------------New----------------
0 0 79.06151387506148 -44.58962657992954 118.5
0 1 79.23127565768414 -39.52761764402071 108.5
1 0 83.04212899282204 74.81173132964123 -117.5
1 1 82.88112005197715 70.01071475279377 -108.0
1658
-------------------New----------------
0 0 50.19392015096623 -17.12922251032779 118.5
0 1 52.82947396349812 -20.380397106806527 108.5
1 0 112.39090778921641 -93.8538400546835 -117.5
1 1 109.88691065263247 -90.76476173548484 -108.0
1667
-------------------New----------------
0 0 -6.9840878276935925 39.897988799995794 118.5
0 1 -10.911699692426495 41.646922919088595 108.5
1 0 -99.69881454771529 81.15992012021769 -117.5
1 1 -95.96589018426108 79.50039675165058 -108.0
1669
-------------------New----------------
0 0 17.40045323076664 -62.78067631691185 118.5
0 1 11.648514013882595 -60.13938953873566 108.5
1 0 -118.3439325345375 -0.47836926452812917 -117.5
1 1 -112.88189813929446 -2.9916191249685835 -108.0
1672
-------------------New----------------
0 0 -81.02463061372744 -80.02505386165913 118.5
0 1 -82.2726148217991 -79.01045261198172 108.5
1 0 -110.4757913687732 -55.926273126884624 -117.5
1 1 -109.2887070772792 -56.90394526729424 -108.0
1673
-------------------New----------------
0 0 -9.362717796495346 65.64814320123246 118.5
0 1 -13.974864003995469 68.20486576741237 108.5
1 0 -118.32118706549606 125.97905656209346 -117.5
1 1 -113.9417472730884 123.56589980184711 -108.0
1683
-------------------New----------------
0 0 -9.820594797511053 -82.2321978009148 118.5
0 1 -10.589950772930392 -81.44056982454296 108.5
1 0 -28.27186676306465 -63.47291617689632 -117.5
1 1 -27.514509734177516 -64.23451496900216 -108.0
1694
-------------------New----------------
0 0 6.588334450693907 10.437040310930232 118.5
0 1 1.5646853743590312 8.166398246461034 108.5
1 0 -112.1024212466438 -44.07508643191376 -117.5
1 1 -107.31609733298322 -41.86199418860593 -108.0
1703
-------------------New----------------
0 0 -51.0844934597347 -24.134457433455836 118.5
0 1 -52.783663835828975 -24.92110734217378 108.5
1 0 -91.21210414945254 -42.69875613186461 -117.5
1 1 -89.59797503525934 -41.950058267746684 -108.0
1709
-------------------New----------------
0 0 59.84174777579666 -18.719759915776315 118.5
0 1 59.48807800812538 -16.129833290681855 108.5
1 0 51.499742143270964 42.39618259419701 -117.5
1 1 51.836042742011315 39.93597234295426 -108.0
1715
-------------------New----------------
0 0 -28.523591453876755 -76.64596377254652 118.5
0 1 -28.674108195296338 -73.1634045334657 108.5
1 0 -31.95612832858684 5.668359283569077 -117.5
1 1 -31.82370922655354 2.3514095558519186 -108.0
1718
-------------------New----------------
0 0 -30.03138053067379 -48.99179043440117 118.5
0 1 -29.62530164751571 -52.15744553583397 108.5
1 0 -20.35893200552166 -123.55423943413862 -117.5
1 1 -20.76808465594239 -120.56406246990014 -108.0
1719
-------------------New----------------
0 0 87.02180441928373 42.60565831817196 118.5
0 1 87.2608444649363 41.653257793832935 108.5
1 0 92.65594872252609 20.414359859359386 -117.5
1 1 92.42738511172423 21.28225070110524 -108.0
1730
-------------------New----------------
0 0 -95.12440640168046 -111.82851599120936 118.5
0 1 -94.9623087821748 -112.18970821962311 108.5
1 0 -91.2974039544167 -120.36305229342626 -117.5
1 1 -91.45132462442817 -120.01933164039937 -108.0
1732
-------------------New----------------
0 0 30.360434703332423 -83.13974428381017 118.5
0 1 31.384840696263655 -82.03188660754694 108.5
1 0 54.46282221158153 -57.002541197905444 -117.5
1 1 53.479950577103025 -58.06277807062842 -108.0
1738
-------------------New----------------
0 0 -82.21133038514304 20.884297000775838 118.5
0 1 -83.08113757309096 19.3407472983373 108.5
1 0 -102.75574736121852 -15.526595148578796 -117.5
1 1 -101.92851988505531 -14.061117429873127 -108.0
1739
-------------------New----------------
0 0 15.692677194820368 -16.838928258542218 118.5
0 1 15.052362895764498 -15.577633399701265 108.5
1 0 0.460593826954616 12.732840962027137 -117.5
1 1 1.0819848936426086 11.553059336521692 -108.0
1742
-------------------New----------------
0 0 93.54194389999711 -30.06110092280671 118.5
0 1 94.53079638906124 -30.98082719434177 108.5
1 0 116.93699764485459 -51.756206699877964 -117.5
1 1 115.99335876707187 -50.88295363432054 -108.0
1753
-------------------New----------------
0 0 -74.95024661136483 46.51317753440971 118.5
0 1 -73.14047081258842 48.881409918794404 108.5
1 0 -32.193170885482154 102.42938263897763 -117.5
1 1 -33.91640073430655 100.17879420967655 -108.0
1759
-------------------New----------------
0 0 -61.971360004081006 17.41115740578986 118.5
0 1 -60.717897876839444 16.981393041708586 108.5
1 0 -32.47710509362283 7.349005089294202 -117.5
1 1 -33.66631057047581 7.749585732484722 -108.0
1764
-------------------New----------------
0 0 -92.81484030532422 -30.500259254938225 118.5
0 1 -92.07033170808917 -29.93030750887683 108.5
1 0 -75.24918336280923 -17.05107676247795 -117.5
1 1 -75.95625021081426 -17.592632056207755 -108.0
1778
-------------------New----------------
0 0 108.77679811442052 15.31110202728586 118.5
0 1 107.68399150352721 15.035781235807672 108.5
1 0 83.06699818135885 8.768967171586148 -117.5
1 1 84.09786555097232 9.035165595492678 -108.0
1781
-------------------New----------------
0 0 -7.209062087032822 -28.120015498570996 118.5
0 1 -7.702508879594134 -26.606153900530025 108.5
1 0 -19.169667445235007 7.689991050696262 -117.5
1 1 -18.682537122789903 6.2492891530206585 -108.0
1784
-------------------New----------------
0 0 -60.75723757240469 -51.539810667708295 118.5
0 1 -62.25859385909776 -46.48876935856736 108.5
1 0 -96.16256582601252 67.67630656208071 -117.5
1 1 -94.73805014469647 62.87801512046737 -108.0
1789
-------------------New----------------
0 0 -62.94687786238275 -32.379015764012266 118.5
0 1 -64.30391934260685 -30.22554793387561 108.5
1 0 -95.04158041621085 18.373788597859132 -117.5
1 1 -93.74692100602093 16.331620994420263 -108.0
1790
-------------------New----------------
0 0 -61.66049747703509 48.205122369929036 118.5
0 1 -62.85335299544945 49.84140610336714 108.5
1 0 -89.56858305680018 86.77955618794586 -117.5
1 1 -88.45434090822745 85.22607159743332 -108.0
1796
-------------------New----------------
0 0 51.60177531726784 60.80419515132606 118.5
0 1 46.822899525081255 59.62662434186918 108.5
1 0 -60.93050201960701 33.12569165019454 -117.5
1 1 -56.41785283923535 34.22356302590574 -108.0
1801
-------------------New----------------
0 0 -32.70523722237388 36.393016489962854 118.5
0 1 -34.50280924405676 38.564707699196575 108.5
1 0 -75.1472523569978 87.63699856322498 -117.5
1 1 -73.43909612157917 85.5741295717222 -108.0
1810
-------------------New----------------
0 0 -9.108059676769248 45.14006083575323 118.5
0 1 -8.53555820323071 47.133973871825994 108.5
1 0 4.390012689909269 92.24699479427782 -117.5
1 1 3.8476365008821602 90.34835146603399 -108.0
1818
-------------------New----------------
0 0 70.29905826307058 -119.56741866917477 118.5
0 1 69.36209621726567 -119.04518929992071 108.5
1 0 48.08251190477576 -107.29868798254043 -117.5
1 1 48.97766928422673 -107.7911746026529 -108.0
1827
-------------------New----------------
0 0 27.932299690460333 -58.005607700542306 118.5
0 1 27.297098521938324 -57.2753107879325 108.5
1 0 12.97093789588251 -40.72424748501175 -117.5
1 1 13.57226690718432 -41.41946030017708 -108.0
1835
-------------------New----------------
0 0 112.62747973403259 -11.251119418432802 118.5
0 1 111.63119708664435 -15.234965389677148 108.5
1 0 88.86191023339299 -105.23317132462394 -117.5
1 1 89.83221590116318 -101.45075745237095 -108.0
1839
-------------------New----------------
0 0 26.044913604814315 -58.66630469642424 118.5
0 1 29.336526319011682 -59.27622504541015 108.5
1 0 103.71873953004501 -73.04925387159066 -117.5
1 1 100.59227217310398 -72.47009409322308 -108.0
1844
-------------------New----------------
0 0 -39.32477386207237 -5.042570338070858 118.5
0 1 -39.75761860336083 -7.881717664934911 108.5
1 0 -49.59958666838316 -72.0088995581925 -117.5
1 1 -49.185264963565984 -69.31442170876235 -108.0
1857
-------------------New----------------
0 0 -4.153051315197876 -58.36821821129534 118.5
0 1 -1.4345580143963677 -56.89521528461853 108.5
1 0 60.070017163858964 -23.628160058755817 -117.5
1 1 57.48446286190985 -25.033457582289888 -108.0
1858
-------------------New----------------
0 0 39.81159692318265 66.41754399099736 118.5
0 1 42.029359711911454 67.74388316514616 108.5
1 0 92.15836945948115 97.77565280342893 -117.5
1 1 90.0521076620726 96.5117361043506 -108.0
1873
-------------------New----------------
0 0 -76.21835108924294 53.31415557863394 118.5
0 1 -77.50352818254206 54.40696910979882 108.5
1 0 -106.55037999559661 79.16046032926282 -117.5
1 1 -105.3274363054657 78.11643426336244 -108.0
1878
-------------------New----------------
0 0 -28.461342969199414 -77.26796408679844 118.5
0 1 -30.77332002690804 -75.0968488341376 108.5
1 0 -83.0248153788198 -26.22332102337548 -117.5
1 1 -80.8340171716886 -28.276051689133237 -108.0
1889
-------------------New----------------
0 0 58.409447301115605 0.9843117040085462 118.5
0 1 60.487591081055804 -1.4865033202822349 108.5
1 0 107.43236825173767 -57.37353410434677 -117.5
1 1 105.4626594376878 -55.02138207477442 -108.0
1892
-------------------New----------------
0 0 2.5589929292426374 83.26304628113839 118.5
0 1 -1.9338949863538673 81.89100487693838 108.5
1 0 -103.52780374206971 50.908447065946994 -117.5
1 1 -99.25548561423888 52.20895912436921 -108.0
1895
-------------------New----------------
0 0 -15.88765940778659 -22.28161076872474 118.5
0 1 -12.941035029094735 -20.225676339556955 108.5
1 0 51.88121838404849 25.84344190025397 -117.5
1 1 49.23836724410222 23.922699045505297 -108.0
1906
-------------------New----------------
0 0 -4.5198186875054525 -36.38321448908584 118.5
0 1 -3.4807164995766287 -35.74970722335886 108.5
1 0 20.05163458564926 -21.393377164585704 -117.5
1 1 19.062986639795003 -21.997692010180053 -108.0
1909
-------------------New----------------
0 0 -59.34770805936937 -91.29301458310435 118.5
0 1 -59.336714158543316 -90.14178693090761 108.5
1 0 -59.05708517905693 -64.28722741546315 -117.5
1 1 -59.07643273648176 -65.3681022914879 -108.0
1933
-------------------New----------------
0 0 -46.082333763084485 -59.37548032067694 118.5
0 1 -45.54476959706987 -58.9666749811207 108.5
1 0 -33.44115863986089 -49.66108910054086 -117.5
1 1 -33.951523881065874 -50.05399376561884 -108.0
1937
-------------------New----------------
0 0 -18.723406193454185 -55.78234052614486 118.5
0 1 -17.5909594842365 -53.790289080924175 108.5
1 0 7.949358250073364 -8.823508113458521 -117.5
1 1 6.87741749589933 -10.709268435430797 -108.0
1939
-------------------New----------------
0 0 9.122853216864838 79.06854276598906 118.5
0 1 10.762258272745473 79.32920251458391 108.5
1 0 47.83997870016457 85.23880638522976 -117.5
1 1 46.281927203959874 84.99056784140835 -108.0
1944
-------------------New----------------
0 0 73.54879141076204 51.84649687186781 118.5
0 1 74.49640924305189 48.837594338749966 108.5
1 0 95.91213998024382 -19.163497381136587 -117.5
1 1 95.01187856162514 -16.305001705255155 -108.0
1945
-------------------New----------------
0 0 32.0130717207745 109.16268202333183 118.5
0 1 33.64799015808318 109.10095395664632 108.5
1 0 70.65383752428647 107.6330995250134 -117.5
1 1 69.09991266731022 107.69478849641393 -108.0
1948
-------------------New----------------
0 0 -17.63357609737339 -25.22744943472285 118.5
0 1 -19.362875631487707 -24.44271485317572 108.5
1 0 -58.39229124340403 -6.665334576357694 -117.5
1 1 -56.75261034517939 -7.409449036178019 -108.0
1955
-------------------New----------------
0 0 -87.28735791548321 -64.53787006633202 118.5
0 1 -85.22208549567077 -66.97315862601971 108.5
1 0 -38.8208514414908 -121.62762233566066 -117.5
1 1 -40.75858423139992 -119.32999801225098 -108.0
1959
-------------------New----------------
0 0 90.61014784130897 -66.29380064618114 118.5
0 1 87.95788057359736 -64.11398809782625 108.5
1 0 28.90721233722317 -13.913074158947206 -117.5
1 1 31.368248416144496 -15.995415259174305 -108.0
1961
-------------------New----------------
0 0 -35.115833037720066 30.76288324131164 118.5
0 1 -37.79414137245784 32.49869962438483 108.5
1 0 -98.33845807627377 71.73764733251213 -117.5
1 1 -95.79184945882511 70.08702297961909 -108.0
1976
-------------------New----------------
0 0 -82.78172076078695 59.394635157346706 118.5
0 1 -79.64112629544903 58.246741994652965 108.5
1 0 -8.707751126218744 32.322720507562565 -117.5
1 1 -11.6838389407269 33.41170918115024 -108.0
1982
-------------------New----------------
0 0 32.60654692867297 -70.0618361959959 118.5
0 1 29.094691286021373 -67.53861356051743 108.5
1 0 -50.220978794199375 -10.544799664784621 -117.5
1 1 -46.88760494643951 -12.9397433180912 -108.0
1998
-------------------New----------------
0 0 23.19358272671915 10.321371653810207 118.5
0 1 19.840733933252785 8.573468982000911 108.5
1 0 -55.82504085082155 -30.991012200884324 -117.5
1 1 -52.648631857823105 -29.32580920840841 -108.0
2010
-------------------New----------------
0 0 -72.37350945000824 2.250482128387514 118.5
0 1 -72.97695196564567 4.408277349182325 108.5
1 0 -86.60428616012783 53.199879659437684 -117.5
1 1 -86.03142348397121 51.1486715233448 -108.0
2015
-------------------New----------------
0 0 86.12163296304132 58.52376169287614 118.5
0 1 83.36271666204895 57.8416380895071 108.5
1 0 21.06763133180776 42.47354060499951 -117.5
1 1 23.686374459565677 43.12002879965448 -108.0
2026
-------------------New----------------
0 0 42.53938616795944 36.5044864469422 118.5
0 1 44.110106502622045 31.147322195958736 108.5
1 0 79.59189447933277 -89.92871990352066 -117.5
1 1 78.10045190510468 -84.83957183556922 -108.0
2029
-------------------New----------------
0 0 -71.05331429903626 9.267227510417069 118.5
0 1 -69.8770481317574 12.800789883475758 108.5
1 0 -43.27895012478208 92.63774571089465 -117.5
1 1 -44.40051527691941 89.2723299553059 -108.0
2034
-------------------New----------------
0 0 -90.72358049098004 -39.162458904380266 118.5
0 1 -90.57416743467542 -38.23223564598998 108.5
1 0 -87.25261368764134 -17.116461643993794 -117.5
1 1 -87.39285662474272 -18.003184568102284 -108.0
2035
-------------------New----------------
0 0 -11.872192641205547 -47.854434725009405 118.5
0 1 -12.825951225270657 -46.03695397691174 108.5
1 0 -34.37459148229068 -4.938694697895061 -117.5
1 1 -33.46932755308567 -6.667132473173574 -108.0
2052
-------------------New----------------
0 0 -6.748658916257128 1.4823494231884204 118.5
0 1 -7.852931683888345 -2.229430521852701 108.5
1 0 -32.845393262592964 -86.12180523629256 -117.5
1 1 -31.789882250354076 -82.59911359059078 -108.0
2066
-------------------New----------------
0 0 -90.6364454925364 63.602052510817884 118.5
0 1 -91.19620404608922 62.921913231410244 108.5
1 0 -103.72060276862484 47.52291337622272 -117.5
1 1 -103.19786336316933 48.17150359520435 -108.0
2068
-------------------New----------------
0 0 6.710554646097772 8.483591749339423 118.5
0 1 3.514618142356093 8.018827359005726 108.5
1 0 -62.404005780662985 -9.090919922480584 -117.5
1 1 -59.91167171897638 -8.075720511472564 -108.0
2071
-------------------New----------------
0 0 48.481390987693665 -39.39272954118961 118.5
0 1 51.27190932656034 -34.654734544997964 108.5
1 0 114.34375773640227 72.42147260425628 -117.5
1 1 111.6923437178308 67.92048779718942 -108.0
2072
-------------------New----------------
0 0 5.774455569024828 -36.141857962478426 118.5
0 1 4.334673881352183 -37.901407828819515 108.5
1 0 -28.210575459800573 -77.64841028379983 -117.5
1 1 -26.842733854022857 -75.97809715080953 -108.0
2073
-------------------New----------------
0 0 -16.307343571066916 -23.63324472753599 118.5
0 1 -12.332638943277752 -22.733074530634816 108.5
1 0 77.48276461614878 -2.362143755114684 -117.5
1 1 73.70739417993751 -3.219370330903093 -108.0
2074
-------------------New----------------
0 0 -27.0993237289457 43.290910964886905 118.5
0 1 -26.109943995667 39.845119026810664 108.5
1 0 -4.221059288254128 -37.74723794308243 -117.5
1 1 -5.120732392811005 -34.49780787522839 -108.0
2079
-------------------New----------------
0 0 -22.03083122623252 -17.621080608891496 118.5
0 1 -17.766445764760896 -19.618207675240193 108.5
1 0 78.39849473239694 -65.22639953948276 -117.5
1 1 74.35314402927844 -63.292066361140215 -108.0
2097
-------------------New----------------
0 0 25.223915451801414 70.87771515230455 118.5
0 1 24.95998602516849 67.73675798787956 108.5
1 0 19.00259013757329 -3.2592292027349927 -117.5
1 1 19.253851527635316 -0.2744922047739717 -108.0
2099
-------------------New----------------
0 0 27.96935565976358 28.15038219172241 118.5
0 1 29.32320124311421 24.260969105856535 108.5
1 0 60.02686207279574 -63.39687784744499 -117.5
1 1 58.73988501546156 -59.71746094489087 -108.0
2100
-------------------New----------------
0 0 21.9712512511373 -63.14671272081493 118.5
0 1 19.027795533088863 -61.05403658334446 108.5
1 0 -47.498604364230445 -13.752120830043154 -117.5
1 1 -44.70222030533539 -15.741094113501504 -108.0
2115
-------------------New----------------
0 0 3.8473665829731436 -0.707216918687341 118.5
0 1 8.069196553758577 -2.4755124993216113 108.5
1 0 103.43840004925785 -42.43582639249762 -117.5
1 1 99.43044588621748 -40.75678980870724 -108.0
2119
-------------------New----------------
0 0 -35.217339682973815 71.17719291634859 118.5
0 1 -35.46182088694739 71.55205009944818 108.5
1 0 -41.00331762445311 80.02625710793257 -117.5
1 1 -40.76989480439886 79.66928387656239 -108.0
2120
-------------------New----------------
0 0 76.2129604965445 41.539512568220665 118.5
0 1 75.43432430413614 41.04190010704873 108.5
1 0 57.854179031478225 29.783428199589554 -117.5
1 1 58.594724271878064 30.25742984667047 -108.0
2133
-------------------New----------------
0 0 -82.93011343996707 -16.50366865839816 118.5
0 1 -80.76565203570593 -13.299339800541038 108.5
1 0 -31.843399210884478 59.2038081292779 -117.5
1 1 -33.89429262052006 56.15352080102584 -108.0
2138
-------------------New----------------
0 0 90.59033381374107 -78.31729854780232 118.5
0 1 90.40254972908518 -75.51663573924175 108.5
1 0 86.05033581930323 -12.341558846257998 -117.5
1 1 86.23876163717856 -15.0059124361441 -108.0
2144
-------------------New----------------
0 0 -39.653177881102074 49.19450457001458 118.5
0 1 -41.65912354609616 44.139719056122814 108.5
1 0 -87.18712214016317 -70.0989073167531 -117.5
1 1 -85.27399303474623 -65.29805466013957 -108.0
2146
-------------------New----------------
0 0 -120.0592016180121 56.28711384440696 118.5
0 1 -120.01769414644984 54.753768025097045 108.5
1 0 -119.27249487878649 20.157562469009726 -117.5
1 1 -119.29668850728676 21.615115577440523 -108.0
2148
-------------------New----------------
0 0 103.63543723576296 -35.72258834092486 118.5
0 1 102.04275923597882 -39.418507245827314 108.5
1 0 66.05160990993032 -122.93863624537804 -117.5
1 1 67.56442788473403 -119.42805023947349 -108.0
2150
-------------------New----------------
0 0 76.0730613250286 52.10643359669249 118.5
0 1 73.85215321297491 53.35310982922135 108.5
1 0 23.77114880580077 81.38673110435369 -117.5
1 1 25.86630093969739 80.21834998899735 -108.0
2152
-------------------New----------------
0 0 -105.1203431550869 47.059373275816526 118.5
0 1 -106.08201317338867 41.985883090255456 108.5
1 0 -127.83941473212829 -72.68370521926595 -117.5
1 1 -126.92367079595252 -67.86277699142072 -108.0
2154
-------------------New----------------
0 0 -4.762841800302133 33.22708769235643 118.5
0 1 -4.315221305641325 30.617000207196924 108.5
1 0 5.7569411503420485 -28.2778757938367 -117.5
1 1 5.335212800917935 -25.80357935863332 -108.0
2159
-------------------New----------------
0 0 -62.11958522636451 83.8594881752612 118.5
0 1 -62.182099087493384 82.15990234511774 108.5
1 0 -63.60172610619391 43.7553913202255 -117.5
1 1 -63.541627817752065 45.36775622543008 -108.0
2165
-------------------New----------------
0 0 -24.694146134762825 87.73125563323364 118.5
0 1 -20.315991681970544 86.73068195066223 108.5
1 0 78.53421657752172 64.04431672539695 -117.5
1 1 74.37732703975344 64.99810158066845 -108.0
2169
-------------------New----------------
0 0 -73.28924925651562 41.750139463320224 118.5
0 1 -74.31499587823616 36.23815427126027 108.5
1 0 -97.49979221548905 -88.33565758956576 -117.5
1 1 -96.52433534266245 -83.09901855151496 -108.0
2179
-------------------New----------------
0 0 33.6304781910239 -8.149247501633829 118.5
0 1 36.64512228020087 -5.766155880378986 108.5
1 0 104.80751003254686 48.12445751028805 -117.5
1 1 101.94185786862069 45.85913519543855 -108.0
2206
-------------------New----------------
0 0 -114.88250802992452 37.254325998453695 118.5
0 1 -114.44819330240314 30.805654003029154 108.5
1 0 -104.64064814359793 -114.97711198114163 -117.5
1 1 -105.0527175914777 -108.8465408000488 -108.0
2212
-------------------New----------------
0 0 11.301847048285993 -21.08076193706304 118.5
0 1 15.297992393864982 -19.712590346277715 108.5
1 0 105.55537014492248 11.063710945906173 -117.5
1 1 101.7618839757558 9.774467323146208 -108.0
2216
-------------------New----------------
0 0 -46.147126563623274 -0.39238405502874407 118.5
0 1 -43.35781681635534 -3.6499688524948093 108.5
1 0 19.721331392172637 -77.30021610046435 -117.5
1 1 17.068824129065547 -74.20138244896233 -108.0
2235
-------------------New----------------
0 0 -70.10984256823751 -38.55616664679407 118.5
0 1 -72.05424886221165 -36.06131550304447 108.5
1 0 -115.89878778837956 20.69143091009146 -117.5
1 1 -114.05386373829258 18.303582371684364 -108.0
2243
-------------------New----------------
0 0 24.324407746767367 96.70748983287562 118.5
0 1 27.59912797993029 96.73748324786072 108.5
1 0 101.59360349359135 97.39132675349002 -117.5
1 1 98.48681762694639 97.3631012958019 -108.0
2247
-------------------New----------------
0 0 18.628419067047876 -73.58167359032596 118.5
0 1 21.679027938989613 -73.85961548737694 108.5
1 0 90.46635965721144 -80.12329492632821 -117.5
1 1 87.58411588497948 -79.86708040799607 -108.0
2253
-------------------New----------------
0 0 -85.44909230861168 35.223369952773574 118.5
0 1 -82.50222996485759 35.380808121689356 108.5
1 0 -15.902314973447528 38.93136527285709 -117.5
1 1 -18.702220800545383 38.78245853525936 -108.0
2257
-------------------New----------------
0 0 -21.806716861000858 15.661368091595387 118.5
0 1 -18.809718964100202 15.516175443114014 108.5
1 0 48.94627552076757 12.237148006847386 -117.5
1 1 46.09659254449061 12.375849698215875 -108.0
2262
-------------------New----------------
0 0 -60.165685624153774 -62.60086714254429 118.5
0 1 -58.49080587811507 -58.110890474714424 108.5
1 0 -20.661036139200455 43.40005489474357 -117.5
1 1 -22.250077569653463 39.135592397232465 -108.0
2268
-------------------New----------------
0 0 -110.60460136892968 -104.14064750955038 118.5
0 1 -109.59491436471532 -102.65391226604065 108.5
1 0 -86.60841180852643 -69.23492595022375 -117.5
1 1 -87.5908160467364 -70.62498389717506 -108.0
2275
-------------------New----------------
0 0 -90.48212472531674 -60.77473217740985 118.5
0 1 -89.85434958389042 -62.56686689396596 108.5
1 0 -75.64764066790084 -103.09437480079103 -117.5
1 1 -76.24488243001423 -101.3905966538414 -108.0
2277
-------------------New----------------
0 0 -114.69504215648934 104.64635394614018 118.5
0 1 -117.75734475946672 104.72137296022372 108.5
1 0 57.04577917761916 -82.05486597052374 -117.5
1 1 58.637453349801056 -81.66479988148518 -108.0
2284
-------------------New----------------
0 0 -21.876169297039198 66.11799064059605 118.5
0 1 -23.749536388048703 62.0353561689722 108.5
1 0 -66.55993192755582 -30.780587534245807 -117.5
1 1 -64.75016397043827 -26.854954655159247 -108.0
2289
-------------------New----------------
0 0 -15.730607641170618 -67.2581171374404 118.5
0 1 -13.955392158799787 -64.86493721081958 108.5
1 0 26.66893909499145 -10.743606235510857 -117.5
1 1 24.94944392418157 -13.01495806089315 -108.0
2296
-------------------New----------------
0 0 -8.770472416505985 100.81177383570994 118.5
0 1 -4.19863542218152 101.41570359662751 108.5
1 0 99.07594825289073 114.73845560556387 -117.5
1 1 94.72763740331604 114.1805697660631 -108.0
2297
-------------------New----------------
0 0 17.066636783160863 -11.297388875315098 118.5
0 1 15.1080684375761 -7.812866715121075 108.5
1 0 -29.143479743022993 70.93175371546674 -117.5
1 1 -27.28344312639507 67.62221067713082 -108.0
2300
-------------------New----------------
0 0 79.31567615048706 -34.148743675910914 118.5
0 1 79.2637780751396 -31.489183474185033 108.5
1 0 78.18715248768197 29.691937903873793 -117.5
1 1 78.23374376024421 27.117335055712623 -108.0
2316
-------------------New----------------
0 0 -105.57704862753374 -52.227836006871236 118.5
0 1 -104.94978413532237 -52.61772404188163 108.5
1 0 -90.63781464448324 -61.635910268321105 -117.5
1 1 -91.2423847489234 -61.24644459337971 -108.0
2317
-------------------New----------------
0 0 20.317900190964146 -62.777980195630086 118.5
0 1 22.359917704007994 -64.1149424374075 108.5
1 0 68.43082524937856 -94.30036880288625 -117.5
1 1 66.48632955943253 -93.02159597192933 -108.0
2318
-------------------New----------------
0 0 -85.65410433729217 64.16435654173148 118.5
0 1 -85.51516998067572 66.25408274847987 108.5
1 0 -82.12114192048563 113.35822245452091 -117.5
1 1 -82.27197949656228 111.37437501673575 -108.0
2319
-------------------New----------------
0 0 58.47901566972364 20.74536890969325 118.5
0 1 60.84059368506867 18.95320048800083 108.5
1 0 114.08949336470167 -21.24916203081 -117.5
1 1 111.82767805005827 -19.57494388231526 -108.0
2321
-------------------New----------------
0 0 58.21762065323175 23.153598686868474 118.5
0 1 59.771500457913774 27.580876330699006 108.5
1 0 94.8741015088107 127.67409112915536 -117.5
1 1 93.39276970737075 123.46212783025828 -108.0
2335
-------------------New----------------
0 0 -114.80564089725422 65.86541431983903 118.5
0 1 -120.64827269337718 64.08601841026345 108.5
1 0 -45.67622632139084 62.82560433726123 -117.5
1 1 -46.92033163175867 62.18430984006028 -108.0
2339
-------------------New----------------
0 0 -24.220250501690206 -86.17803236153827 118.5
0 1 -24.577800399087884 -85.21918673228359 108.5
1 0 -32.519133756880464 -63.49346149441635 -117.5
1 1 -32.189101314933055 -64.40911254198629 -108.0
2354
-------------------New----------------
0 0 -20.68707139706675 46.38482715639289 118.5
0 1 -16.839065403045517 45.2829560202121 108.5
1 0 70.12459774465937 20.397192746819332 -117.5
1 1 66.46842934859592 21.44304262120119 -108.0
2356
-------------------New----------------
0 0 -42.251817449838015 46.96264340107898 118.5
0 1 -41.22619116221786 49.27042325934947 108.5
1 0 -18.063589375018953 101.41456330591916 -117.5
1 1 -19.0363611288493 99.22621548307086 -108.0
2357
-------------------New----------------
0 0 -92.72051238194086 45.91143438809378 118.5
0 1 -92.36142066426258 40.210737088392406 108.5
1 0 -84.26697973652638 -88.46590313288776 -117.5
1 1 -84.60371372648864 -83.06076665606219 -108.0
2363
-------------------New----------------
0 0 -46.69513085642952 13.893528078103254 118.5
0 1 -45.73193374047276 9.990349266367947 108.5
1 0 -24.040877327245305 -77.93144487975485 -117.5
1 1 -24.954441619175547 -74.23464491527099 -108.0
2367
-------------------New----------------
0 0 36.22709727270585 -48.184805236145195 118.5
0 1 37.67357791343342 -48.940808223194075 108.5
1 0 70.36044225727633 -66.01958071463098 -117.5
1 1 68.98618481089122 -65.30128133145696 -108.0
2384
-------------------New----------------
0 0 60.87644390858234 37.90087285090876 118.5
0 1 62.51841026231823 34.72801944757101 108.5
1 0 99.60871242702878 -36.974288376731934 -117.5
1 1 98.04981541822642 -33.959952134951955 -108.0
2387
-------------------New----------------
0 0 39.89018328983617 -93.63492143536908 118.5
0 1 40.52337198737713 -93.87567924966098 108.5
1 0 54.79830340792972 -99.36268502420096 -117.5
1 1 54.198976667086995 -99.1340242864575 -108.0
2390
-------------------New----------------
0 0 6.8926727964304035 -95.30319793096037 118.5
0 1 4.217218217726016 -94.86936377177997 108.5
1 0 -56.24818536095493 -85.04875744279249 -117.5
1 1 -53.71123652636237 -85.46623178672607 -108.0
2402
-------------------New----------------
0 0 76.92851276847128 32.32635721942348 118.5
0 1 75.55729635607851 34.87007055606733 108.5
1 0 44.665005878616675 92.40126005858853 -117.5
1 1 45.963826556828515 89.9768070554167 -108.0
2424
-------------------New----------------
0 0 46.74661352439895 5.4342877665201454 118.5
0 1 46.70305938705107 9.811933022094133 108.5
1 0 45.97920731696642 109.68725739106699 -117.5
1 1 46.00307173772327 105.47296701100811 -108.0
2441
-------------------New----------------
0 0 -29.170563713029146 78.62562528514107 118.5
0 1 -32.377070169767194 78.72479338755932 108.5
1 0 -104.83129499332365 81.01970741390862 -117.5
1 1 -101.78603775652695 80.92372867329917 -108.0
2442
-------------------New----------------
0 0 16.129690558018247 0.7118174094976961 118.5
0 1 17.180882741237752 5.973456293791105 108.5
1 0 40.00709120572483 125.88544032626517 -117.5
1 1 39.061245849770565 120.8342656025603 -108.0
2448
-------------------New----------------
0 0 66.47149792485564 53.44383259072432 118.5
0 1 64.28553895142015 48.964006398042876 108.5
1 0 14.882997862320384 -52.30237036719278 -117.5
1 1 16.959648109653028 -48.04455424868671 -108.0
2461
-------------------New----------------
0 0 83.63507565751084 20.450387817699443 118.5
0 1 83.16780084241121 24.02135259173267 108.5
1 0 72.68921810580505 104.62646201038118 -117.5
1 1 73.12699269442491 101.23767713788831 -108.0
2463
-------------------New----------------
0 0 -55.8981605540824 50.87105655024312 118.5
0 1 -52.6944610356555 53.529476860504914 108.5
1 0 19.67188853685284 113.33074792219429 -117.5
1 1 16.629223681154436 110.81897479802653 -108.0
2464
-------------------New----------------
0 0 39.32725573694006 53.33410961913838 118.5
0 1 39.87687820221452 49.07367830166743 108.5
1 0 52.2413385028313 -47.01085447863254 -117.5
1 1 51.71617510636082 -42.97478153256965 -108.0
2473
-------------------New----------------
0 0 8.682231486663134 0.33135198625047196 118.5
0 1 10.024417717528719 3.4261588273275336 108.5
1 0 40.39025779853038 73.37836545474465 -117.5
1 1 39.111288629040544 70.43758814644914 -108.0
2475
-------------------New----------------
0 0 -5.263283347135769 -56.56233856962209 118.5
0 1 -4.234508386635807 -55.49317869901963 108.5
1 0 19.062873014631197 -31.366538778099788 -117.5
1 1 18.08244562864417 -32.3803164398191 -108.0
2487
-------------------New----------------
0 0 35.47336695053729 -127.0035852234214 118.5
0 1 29.633971513461 -126.94988793158385 108.5
1 0 -102.31316774899835 -125.79700688222506 -117.5
1 1 -96.76978532875046 -125.84393612096191 -108.0
2489
-------------------New----------------
0 0 -110.82434139478912 52.8070726508163 118.5
0 1 -111.27931927678671 50.87111777326041 108.5
1 0 -121.55761619757159 7.180204782685978 -117.5
1 1 -121.12485282077418 9.016165027296463 -108.0
2496
-------------------New----------------
0 0 -23.57972045268386 83.20631096759864 118.5
0 1 -18.906170368640023 80.49125472460797 108.5
1 0 86.77524959620277 19.103967401473636 -117.5
1 1 82.32944004183987 21.69079438489634 -108.0
2501
-------------------New----------------
0 0 -11.614208489474745 -27.93704772965636 118.5
0 1 -7.38464066667399 -31.363860080083498 108.5
1 0 87.68664601872041 -109.26595640004311 -117.5
1 1 83.7097346030453 -105.98735752645048 -108.0
2503
-------------------New----------------
0 0 -99.60718113155772 81.38366734702679 118.5
0 1 -99.5141790851331 81.03211894554826 108.5
1 0 -97.40319368696963 73.06967028880796 -117.5
1 1 -97.49287760680862 73.4035729659899 -108.0
2507
-------------------New----------------
0 0 -7.768887160461245 -71.6900396326138 118.5
0 1 -9.137331210006339 -71.51917955436701 108.5
1 0 -40.13466963794643 -67.93860976971644 -117.5
1 1 -38.83598889116358 -68.07698765830371 -108.0
2508
-------------------New----------------
0 0 14.957603805266768 -69.3687629444184 118.5
0 1 16.46010567953175 -65.56277520084404 108.5
1 0 50.44974411778039 20.436935618754738 -117.5
1 1 49.01968379249687 16.82407482643901 -108.0
2509
-------------------New----------------
0 0 21.423145168816383 40.73916011475716 118.5
0 1 24.363196520593053 44.00201402233025 108.5
1 0 90.83881311213051 117.74237784230334 -117.5
1 1 88.0433563819104 114.6429270985595 -108.0
2516
-------------------New----------------
0 0 -0.7147238402514547 33.785467918712115 118.5
0 1 -3.0290011034498314 31.20664466851024 108.5
1 0 -55.257956383503156 -27.13041693267566 -117.5
1 1 -53.06543180098892 -24.67618306478011 -108.0
2518
-------------------New----------------
0 0 -101.99758540613368 -4.211343084589396 118.5
0 1 -102.67405756400346 -7.156777813864454 108.5
1 0 -118.0590421398193 -73.67275690299282 -117.5
1 1 -117.4041907965481 -70.88325629304356 -108.0
2520
-------------------New----------------
0 0 -63.47324620905258 -83.1035430022857 118.5
0 1 -59.534402820268625 -84.33959258578169 108.5
1 0 29.97409236897098 -111.78219379233363 -117.5
1 1 26.192148801492362 -110.64644644513865 -108.0
2521
-------------------New----------------
0 0 -11.806097836003785 -3.6894629819726674 118.5
0 1 -13.554857427707551 -1.353397446283563 108.5
1 0 -53.111801412481576 51.60958422011147 -117.5
1 1 -51.447652160289955 49.37092201695869 -108.0
2554
-------------------New----------------
0 0 -17.508876135410425 -36.547309032519046 118.5
0 1 -18.998078215700556 -37.486197090223136 108.5
1 0 -53.26906014312944 -58.672486447008694 -117.5
1 1 -51.82385956744429 -57.784368472927476 -108.0
2555
-------------------New----------------
0 0 111.96204510217895 -66.33786378436155 118.5
0 1 111.37018082511945 -63.49018800453094 108.5
1 0 98.06176235156983 0.8555582001134109 -117.5
1 1 98.62997219803044 -1.8468128937831747 -108.0
2559
-------------------New----------------
0 0 67.40099993090219 56.6517739900999 118.5
0 1 66.64511907556768 57.391215819577916 108.5
1 0 49.52836812096736 74.08462077238006 -117.5
1 1 50.24694966929577 73.38353841474657 -108.0
2565
-------------------New----------------
0 0 7.0768149044435145 8.80577381189518 118.5
0 1 3.5156359877834547 9.611245206598786 108.5
1 0 -77.27798439681376 28.06462587175243 -117.5
1 1 -73.86252639008055 27.275370763402726 -108.0
2574
-------------------New----------------
0 0 -60.36116483408002 22.171933003693205 118.5
0 1 -58.91702035848043 25.203047543874515 108.5
1 0 -26.201999375934435 94.34349351834172 -117.5
1 1 -27.563681616529074 91.40126265438809 -108.0
2579
-------------------New----------------
0 0 54.38140213492361 86.38729559244138 118.5
0 1 52.26422462591663 88.09395134503016 108.5
1 0 4.4100287718441855 126.65826588522832 -117.5
1 1 6.421734677456479 125.03751867329842 -108.0
2581
-------------------New----------------
0 0 -37.039670932009344 -4.416033918441983 118.5
0 1 -34.98974995181452 -2.98639680581062 108.5
1 0 11.41013350357951 29.523268371962967 -117.5
1 1 9.461451987482084 28.144503639818264 -108.0
2584
-------------------New----------------
0 0 48.95462235399266 79.81356414003423 118.5
0 1 48.68849788080934 78.03364764041622 108.5
1 0 42.85411637464304 37.87790177972444 -117.5
1 1 43.090294998174336 39.57192979248588 -108.0
2589
-------------------New----------------
0 0 -13.897103085395619 24.836810083030215 118.5
0 1 -10.6198786043689 23.502768541871923 108.5
1 0 63.45487683500308 -6.713467927026227 -117.5
1 1 60.34103622607482 -5.442167020405225 -108.0
2591
-------------------New----------------
0 0 -22.12495979202231 -105.88841292141441 118.5
0 1 -16.433657603318846 -105.82533850416435 108.5
1 0 112.23389612626167 -104.3043857367808 -117.5
1 1 106.82347214454202 -104.37104654994532 -108.0
2592
-------------------New----------------
0 0 49.96115102812199 96.29636262708442 118.5
0 1 44.406861281493796 96.60345394800268 108.5
1 0 -81.04312255367648 103.563040196107 -117.5
1 1 -75.7734441339272 103.27158026882532 -108.0
2600
-------------------New----------------
0 0 65.61421968651705 49.85019893232713 118.5
0 1 62.10437588427676 47.70821070128629 108.5
1 0 -17.224538212197288 -0.6821163563594561 -117.5
1 1 -13.889873541212157 1.3517584749668508 -108.0
2607
-------------------New----------------
0 0 66.21105136055972 -19.541866035438062 118.5
0 1 68.03735665629871 -21.088810968516427 108.5
1 0 109.2080973923069 -56.052797886176165 -117.5
1 1 107.47590836640026 -54.58155332440076 -108.0
2612
-------------------New----------------
0 0 -93.39789767693762 20.579919227078545 118.5
0 1 -93.99963772147899 22.686769914605296 108.5
1 0 -107.60555706850036 70.27366513937339 -117.5
1 1 -107.03339896606505 68.27433108532762 -108.0
2617
-------------------New----------------
0 0 -0.7287635382036095 -95.70054715881581 118.5
0 1 0.8660007209654242 -95.40721011953352 108.5
1 0 36.915293615128306 -88.77795213728506 -117.5
1 1 35.39980106705367 -89.0565690740697 -108.0
2642
-------------------New----------------
0 0 -36.24078544513975 36.80506922782698 118.5
0 1 -36.84681382857029 34.70531642176325 108.5
1 0 -50.66587968465217 -12.760281762565253 -117.5
1 1 -50.08078401391175 -10.763063669272785 -108.0
2655
-------------------New----------------
0 0 74.37335951322174 12.039446559182831 118.5
0 1 75.00412314401254 13.035235743349963 108.5
1 0 89.26005020066691 35.51833463170789 -117.5
1 1 88.66021070206384 34.57463309214838 -108.0
2658
-------------------New----------------
0 0 23.070257623120543 -70.50796780110741 118.5
0 1 25.790576568932202 -70.41551388697799 108.5
1 0 87.31542791837234 -68.39917056093476 -117.5
1 1 84.72505443155413 -68.48734709904365 -108.0
2662
-------------------New----------------
0 0 37.53831574435048 70.5558502880516 118.5
0 1 35.02003932773998 71.7120548072951 108.5
1 0 -21.950534565376596 97.82572741082737 -117.5
1 1 -19.549329915733647 96.72714063714173 -108.0
2684
-------------------New----------------
0 0 75.90547964509153 -29.74809781985641 118.5
0 1 75.08195809882173 -27.73089275685882 108.5
1 0 56.520108876783 17.920288293713472 -117.5
1 1 57.29640861320843 15.997795777097673 -108.0
2687
-------------------New----------------
0 0 -8.790570099785201 0.6668314222777897 118.5
0 1 -6.306470391367326 1.3032356794285465 108.5
1 0 50.24586169893343 15.653001790856269 -117.5
1 1 47.86096065040225 15.060883723560497 -108.0
2690
-------------------New----------------
0 0 -103.26957636248274 -15.58832008914042 118.5
0 1 -102.9190752892443 -16.84119150216433 108.5
1 0 -95.00478841435645 -45.167134550956206 -117.5
1 1 -95.33733909352712 -43.97677198884858 -108.0
2691
-------------------New----------------
0 0 -5.791759499195375 48.52814916377716 118.5
0 1 -2.9967351523014005 46.3893764252667 108.5
1 0 60.77346908679688 -1.2207782244754557 -117.5
1 1 58.077404134148324 0.7598423780836292 -108.0
2703
-------------------New----------------
0 0 19.722296738339352 -51.86535080501102 118.5
0 1 21.019549805858706 -52.863843225663494 108.5
1 0 50.20379440651128 -75.46994006956386 -117.5
1 1 48.98358620860171 -74.51189255918639 -108.0
2717
-------------------New----------------
0 0 -95.67652143211157 -49.14844113722158 118.5
0 1 -94.0615712964474 -46.5226190237054 108.5
1 0 -57.652015527761456 13.029837512861954 -117.5
1 1 -59.18275352164701 10.521170725031707 -108.0
2719
-------------------New----------------
0 0 -21.337459677921853 -10.869552013651804 118.5
0 1 -17.376258327516844 -15.509751370881819 108.5
1 0 72.17615099026963 -120.35362647915895 -117.5
1 1 68.40748772455626 -115.94379181368978 -108.0
2721
-------------------New----------------
0 0 -26.115495874462148 -62.203331454929504 118.5
0 1 -28.207889537137998 -63.67168897295416 108.5
1 0 -75.59576207790323 -96.85718748507284 -117.5
1 1 -73.60484720710497 -95.465179244421 -108.0
2728
-------------------New----------------
0 0 -49.90344814276283 60.323081940269866 118.5
0 1 -49.504231472769426 59.97306223877335 108.5
1 0 -40.491804918350276 52.05277386481329 -117.5
1 1 -40.8723636208676 52.386242377804614 -108.0
2742
-------------------New----------------
0 0 -49.938269933279756 65.13351206786331 118.5
0 1 -53.02493341947477 62.94659775898523 108.5
1 0 -122.83574755195858 13.516224823521407 -117.5
1 1 -119.89962030838433 15.592379340033693 -108.0
2748
-------------------New----------------
0 0 -92.46908168153222 -44.5105895696599 118.5
0 1 -91.66856466865255 -42.42501264034341 108.5
1 0 -73.4180027009377 4.819641030630792 -117.5
1 1 -74.17206067370685 2.838305185397867 -107.99999999999997
2756
-------------------New----------------
0 0 -63.762739049624145 46.05183392021045 118.5
0 1 -64.91894386199151 48.88384612369739 108.5
1 0 -90.9584263674794 113.00429445265289 -117.5
1 1 -89.86876831171983 110.30764606581761 -108.0
2774
-------------------New----------------
0 0 -8.711419410418932 -43.46085831067701 118.5
0 1 -4.735001986631435 -46.40992035539368 108.5
1 0 86.02246029510285 -113.73518989853608 -117.5
1 1 82.19005522798902 -110.91088801021776 -108.0
2782
-------------------New----------------
0 0 -36.43416707685302 81.73033180134311 118.5
0 1 -32.60342664656302 82.87909011229355 108.5
1 0 54.08696886711582 108.83893957825231 -117.5
1 1 50.44119810973864 107.7494325279749 -108.0
2785
-------------------New----------------
0 0 -44.40902206274643 60.53819167432844 118.5
0 1 -45.69587824513353 59.00526265675664 108.5
1 0 -73.71365005544628 24.95858514787889 -117.5
1 1 -72.58826779631215 26.37921420393069 -108.0
2791
-------------------New----------------
0 0 77.7954842970521 -48.34179564298957 118.5
0 1 78.5614140262903 -43.435703697034455 108.5
1 0 95.8803320587441 67.46900298623123 -117.5
1 1 95.15252159207888 62.80691539150079 -108.0
2792
-------------------New----------------
0 0 -99.60893572123746 60.66037435649292 118.5
0 1 -97.99206691375683 58.05096036523029 108.5
1 0 -61.229350392749815 -0.8607113541692858 -117.5
1 1 -62.77492526256867 1.6130591039385849 -108.0
2798
-------------------New----------------
0 0 43.6058914826796 23.11498765970652 118.5
0 1 42.1817464897682 19.32801974134975 108.5
1 0 9.957734731946115 -66.31380580642504 -117.5
1 1 11.31004569968912 -62.71439559407683 -108.0
2802
-------------------New----------------
0 0 -49.05488356342713 50.29006344430725 118.5
0 1 -51.863763520419994 53.02029023179823 108.5
1 0 -115.34589573259434 114.72206063035605 -117.5
1 1 -112.67747381651911 112.1283121719933 -108.0
2803
-------------------New----------------
0 0 -74.85754333875752 -106.92580641516001 118.5
0 1 -73.198618116259 -107.56388404561089 108.5
1 0 -35.669298487696565 -121.90064522124445 -117.5
1 1 -37.24757006874397 -121.29568578179021 -108.0
2805
-------------------New----------------
0 0 70.6315165074227 -2.1962907452601415 118.5
0 1 67.16472852638674 0.6989755106417871 108.5
1 0 -11.186686197945651 66.13276200490162 -117.5
1 1 -7.8931167256129005 63.382521997687284 -108.0
2810
-------------------New----------------
0 0 92.56417552119636 89.21150337392032 118.5
0 1 91.09425599129924 88.71045434408556 108.5
1 0 57.85475428758451 77.39505475298542 -117.5
1 1 59.252445679187005 77.87152619409157 -108.0
2816
-------------------New----------------
0 0 39.36253843896809 -68.59518479607576 118.5
0 1 39.1587257797694 -68.92113268741933 108.5
1 0 34.52118792773794 -76.0575959724426 -117.5
1 1 34.716725718844046 -75.76263534085287 -108.0
2817
-------------------New----------------
0 0 -11.807111062987156 -23.031515448058162 118.5
0 1 -13.052652996009664 -17.86266212592941 108.5
1 0 -41.28518340507958 98.98882854897947 -117.5
1 1 -40.09754324503696 94.08694097798642 -108.0
2820
-------------------New----------------
0 0 -48.93106482928215 -47.22028244434509 118.5
0 1 -47.98465967454785 -46.458700280795014 108.5
1 0 -26.598482075175827 -29.24953416139955 -117.5
1 1 -27.497393821050633 -29.97312110962077 -108.0
2833
-------------------New----------------
0 0 9.744990017254205 -78.00332523235697 118.5
0 1 9.741701895255968 -77.65563950296983 108.5
1 0 9.658737056342895 -69.79967293516009 -117.5
1 1 9.662531597464488 -70.12979446254633 -108.0
2845
-------------------New----------------
0 0 -37.372695750788445 -51.3058375021144 118.5
0 1 -36.234050202855045 -54.16267930347641 108.5
1 0 -10.57183705753522 -118.42861716580498 -117.5
1 1 -11.648721987131442 -115.74527194131251 -108.0
2848
-------------------New----------------
0 0 18.34443988654854 -115.14040802896766 118.5
0 1 22.291041801172366 -115.57085931467327 108.5
1 0 111.53326850633314 -125.16064797769897 -117.5
1 1 107.77464621127717 -124.75702796718338 -108.0
2851
-------------------New----------------
0 0 27.583768437623775 -79.96747981418284 118.5
0 1 26.867988719209148 -80.98882073714155 108.5
1 0 10.694422390721241 -104.07227748147952 -117.5
1 1 11.37415060864161 -103.10257564654985 -108.0
2853
-------------------New----------------
0 0 89.47200633602174 -17.159029671517246 118.5
0 1 90.16936215054471 -11.95252922962359 108.5
1 0 105.90916277425518 105.71432211387852 -117.5
1 1 105.24787429092778 100.76868061001068 -108.0
2858
-------------------New----------------
0 0 -0.00756597179058911 6.208570244259847 118.5
0 1 -1.6645723778915813 6.832476216858497 108.5
1 0 -39.09047612851849 20.932253435615443 -117.5
1 1 -37.517951910008144 20.339294359713794 -108.0
2864
-------------------New----------------
0 0 44.613605936819155 60.315990438661416 118.5
0 1 42.876085186966165 61.772751921452006 108.5
1 0 3.6026165586028056 94.76579166255749 -117.5
1 1 5.254119485136522 93.37679730901985 -108.0
2870
-------------------New----------------
0 0 50.480257012637665 -23.07157404780812 118.5
0 1 45.692990471404975 -21.4718806521549 108.5
1 0 -62.42050056470872 14.626690249140093 -117.5
1 1 -57.87549717970906 13.111455192222792 -108.0
2879
-------------------New----------------
0 0 -56.369437857937854 -37.28858975653832 118.5
0 1 -51.9613395700523 -35.040825267972465 108.5
1 0 47.58675734530322 15.647916858037368 -117.5
1 1 43.41151954506928 13.52316080667281 -108.0
2891
-------------------New----------------
0 0 -23.186225017957824 -24.51820276099341 118.5
0 1 -27.590655575633328 -24.721312486134032 108.5
1 0 -126.9265072450537 -29.558625024988736 -117.5
1 1 -122.74592784203796 -29.341355121924778 -108.0
2905
-------------------New----------------
0 0 -95.3669193860889 15.91747368890976 118.5
0 1 -93.2876255644391 12.23222891276926 108.5
1 0 -46.21310683421138 -71.15065259462126 -117.5
1 1 -48.19460444895919 -67.63698424206345 -108.0
2933
-------------------New----------------
0 0 114.73043140075217 -86.5018282667531 118.5
0 1 114.05669320582126 -83.72001356474578 108.5
1 0 98.83495571096499 -20.86531234618357 -117.5
1 1 99.4742968697067 -23.505215423835683 -108.0
2934
-------------------New----------------
0 0 -83.64943602771486 83.55659448617021 118.5
0 1 -80.67822319223322 85.21773344353852 108.5
1 0 -13.526196174376139 122.75534753289098 -117.5
1 1 -16.349458440381618 121.17720265414061 -108.0
2941
-------------------New----------------
0 0 -105.79851597807681 -22.647705085803306 118.5
0 1 -106.55980437643807 -23.97926971923594 108.5
1 0 -123.79592068338236 -54.06466789916059 -117.5
1 1 -123.06900221269328 -52.8015928643994 -108.0
2945
-------------------New----------------
0 0 -67.99197321939155 29.805625628457648 118.5
0 1 -68.86161708525648 23.56782357569625 108.5
1 0 -88.55065488659133 -117.42599192062191 -117.5
1 1 -87.72380889746107 -111.49888509723391 -108.0
2947
-------------------New----------------
0 0 42.21025949862865 -26.142187317482502 118.5
0 1 42.92864958669077 -22.63332394809829 108.5
1 0 59.10917214370445 56.64331620885385 -117.5
1 1 58.431312021024965 53.31171088941377 -108.0
2954
-------------------New----------------
0 0 -89.32077470370756 -57.22262531097696 118.5
0 1 -88.39037128762257 -57.19543603575388 108.5
1 0 -67.32138521632343 -56.52176196814236 -117.5
1 1 -68.20709648235109 -56.55210343451921 -108.0
2955
-------------------New----------------
0 0 8.837447158526787 -18.752128164117224 118.5
0 1 13.087675918682354 -20.441361914919433 108.5
1 0 109.13592923733411 -58.64488618236118 -117.5
1 1 105.09937106890179 -57.03696705255844 -108.0
2971
-------------------New----------------
0 0 -116.14355828146908 13.307400172283005 118.5
0 1 -116.30452493976483 11.944719228589527 108.5
1 0 -120.36550920924492 -18.94973727813933 -117.5
1 1 -120.17930362037953 -17.63959281809027 -108.0
2974
-------------------New----------------
0 0 69.1931500736896 42.10870457373595 118.5
0 1 71.0382569398931 42.71479532479013 108.5
1 0 113.29721910067963 56.070741594826345 -117.5
1 1 111.51199509148549 55.500620434724496 -108.0
2978
-------------------New----------------
0 0 52.50090892283525 -15.302511911866981 118.5
0 1 48.191030871691495 -15.161237709274369 108.5
1 0 -49.22142384507331 -11.974508459347183 -117.5
1 1 -45.12764283649271 -12.107997402122184 -108.0
2993
-------------------New----------------
0 0 -33.571697857414556 66.55179110647428 118.5
0 1 -35.62454520316817 64.34773390373172 108.5
1 0 -82.0685735091713 14.519663855418099 -117.5
1 1 -80.11745142985629 16.61376953193037 -108.0
3010
-------------------New----------------
0 0 -22.21134976276476 34.79456313919963 118.5
0 1 -16.137800993132704 35.18671884137362 108.5
1 0 121.04859628382205 43.90810901358553 -117.5
1 1 115.30403925482767 43.54946833032019 -108.0
3033
-------------------New----------------
0 0 -41.20763733739222 80.65076946498445 118.5
0 1 -37.36374210609657 81.48472109566063 108.5
1 0 49.4965180482872 100.33842044402283 -117.5
1 1 45.845598613045226 99.54534675827212 -108.0
3034
-------------------New----------------
0 0 56.717177336478144 76.02095757867265 118.5
0 1 54.45614895562952 76.11285208383457 108.5
1 0 3.383597387379902 78.20300869321832 -117.5
1 1 5.528733597264622 78.11496000421106 -108.0
3042
-------------------New----------------
0 0 19.353705822722393 -13.20824001055936 118.5
0 1 19.924867675395014 -8.807010506255406 108.5
1 0 32.821383231692316 90.66524592073839 -117.5
1 1 32.279972253017064 86.48530478397163 -108.0
3047
-------------------New----------------
0 0 -69.86418350405468 -1.3977047649926213 118.5
0 1 -70.20428603963148 2.0265766264338305 108.5
1 0 -77.95782508089829 79.41769905150454 -117.5
1 1 -77.63177927230075 76.1631990483755 -108.0
3048
-------------------New----------------
0 0 12.822143417996779 -59.93840362091203 118.5
0 1 11.73929392544181 -61.76406767257026 108.5
1 0 -12.703599452420436 -102.97560859119241 -117.5
1 1 -11.676186417202748 -101.24297587463738 -108.0
3057
-------------------New----------------
0 0 4.844608886024237 91.84052254959133 118.5
0 1 0.9505229217435641 92.86147549984163 108.5
1 0 -86.86362525095437 116.04003814366995 -117.5
1 1 -83.15856796259104 115.05998269628222 -108.0
3059
-------------------New----------------
0 0 -32.458847092372466 50.35522039657061 118.5
0 1 -28.303506466814405 52.73082046746155 108.5
1 0 67.65343985269782 105.77358570008107 -117.5
1 1 63.61739371777651 103.53870026204353 -108.0
3063
-------------------New----------------
0 0 -30.754405857830204 -22.44337060917186 118.5
0 1 -30.765160595154832 -23.640589625813853 108.5
1 0 -31.005960387754897 -50.689714132638464 -117.5
1 1 -30.997124886768454 -49.5539446623593 -108.0
3068
-------------------New----------------
0 0 -15.493420108182708 32.95169007806622 118.5
0 1 -12.408485982605637 35.45110142529749 108.5
1 0 57.23266062740279 91.83520872073548 -117.5
1 1 54.31245555827055 89.46547014634567 -108.0
3070
-------------------New----------------
0 0 92.98796075956827 -70.6537932481098 118.5
0 1 92.46367102858004 -69.72563269036523 108.5
1 0 80.69662725304002 -48.78372258876131 -117.5
1 1 81.19149551115456 -49.65951764907768 -108.0
3075
-------------------New----------------
0 0 91.51790707702597 106.97138172404502 118.5
0 1 91.38547385490303 107.37002034036054 108.5
1 0 88.27672098196365 116.29445832632048 -117.5
1 1 88.41767589917183 115.92795415269298 -108.0
3078
-------------------New----------------
0 0 93.23935146815842 -110.29390273432998 118.5
0 1 92.96518682701509 -110.15073227101307 108.5
1 0 86.84483145563138 -106.85599126130515 -117.5
1 1 87.10141287070256 -106.99465018788923 -108.0
3079
-------------------New----------------
0 0 82.48429217665563 65.92707508990027 118.5
0 1 84.22626070115169 66.44160344784795 108.5
1 0 123.58610603808202 78.14930779529621 -117.5
1 1 121.93029061261993 77.65667917303163 -108.0
3082
-------------------New----------------
0 0 33.333820524983054 -72.65943253052896 118.5
0 1 36.40338646099416 -70.19895201067825 108.5
1 0 105.77412203862873 -14.582573848145168 -117.5
1 1 102.85975494596244 -16.919266399284673 -108.0
3084
-------------------New----------------
0 0 -55.79091866661222 -43.64887803461222 118.5
0 1 -55.59701937960732 -40.882062058554155 108.5
1 0 -51.22006351660896 21.6392099019538 -117.5
1 1 -51.403126225007874 19.01079015797759 -108.0
3089
-------------------New----------------
0 0 108.7893561717818 79.38471625136391 118.5
0 1 109.41347774341698 76.3381534353069 108.5
1 0 123.4134958353153 7.520513243505955 -117.5
1 1 122.82806397984561 10.410776900075598 -108.0
3095
-------------------New----------------
0 0 55.20111894285494 65.85520541556875 118.5
0 1 58.197146033925364 65.13659138653266 108.5
1 0 125.89417073545864 48.888793803667006 -117.5
1 1 123.0483867650541 49.571913341758716 -108.0
3098
-------------------New----------------
0 0 -34.476727246109434 30.952224678109456 118.5
0 1 -33.23791791709316 26.680510489341486 108.5
1 0 -5.256030722774954 -69.87016471920137 -117.5
1 1 -6.43132532884901 -65.81158784298799 -108.0
3106
-------------------New----------------
0 0 27.04504953730025 -95.54862679296916 118.5
0 1 21.62432829138251 -94.3421762880856 108.5
1 0 -100.91970746956727 -67.07054373142365 -117.5
1 1 -95.76828699504433 -68.21740998525719 -108.0
3115
-------------------New----------------
0 0 110.90948406797945 48.34070662795715 118.5
0 1 110.908981394757 46.23515486038723 108.5
1 0 111.01708066565755 -1.3468394154497614 -117.5
1 1 111.00986386703289 0.654879938593506 -108.0
3119
-------------------New----------------
0 0 -45.8368512499006 54.37964782068148 118.5
0 1 -40.57634109192332 56.36854169106914 108.5
1 0 78.30748599122353 101.3907184286001 -117.5
1 1 73.30983775090948 99.49162965668268 -108.0
3123
-------------------New----------------
0 0 -68.12886841400602 39.74807836738526 118.5
0 1 -68.834118434387 43.334833187020216 108.5
1 0 -84.80862109997791 124.29226324303283 -117.5
1 1 -84.13261975754969 120.89533687824523 -108.0
3128
-------------------New----------------
0 0 -74.20212298679357 2.4135967509925873 118.5
0 1 -74.68024751207031 1.0139995007031666 108.5
1 0 -85.26876907879856 -31.37795414235839 -117.5
1 1 -84.922583305883 -29.9566838246002 -108.0
3129
-------------------New----------------
0 0 -87.75802849148545 -48.79486644538248 118.5
0 1 -87.9375389428228 -48.440441586483715 108.5
1 0 -92.05193468735823 -40.44980916276846 -117.5
1 1 -91.87937484699785 -40.78032241450119 -108.0
3130
-------------------New----------------
0 0 -39.24615438035681 11.202325021002402 118.5
0 1 -37.89814248884821 12.100205634607807 108.5
1 0 -7.098868973156099 32.84481543772391 -117.5
1 1 -8.412132121521855 31.959869310428 -108.0
3139
-------------------New----------------
0 0 -38.142445719683955 8.670828128027386 118.5
0 1 -36.31969997869015 10.927791606179602 108.5
1 0 4.9088901042858835 62.134369523505505 -117.5
1 1 3.170071827406157 59.979955369464264 -108.0
3141
-------------------New----------------
0 0 -42.53687286186228 -7.567958033572988 118.5
0 1 -45.251661420916115 -9.713948532902524 108.5
1 0 -106.60269278550841 -58.234259429983204 -117.5
1 1 -104.02432938264815 -56.194299349193045 -108.0
3142
-------------------New----------------
0 0 -52.05760599160942 -73.45678602092273 118.5
0 1 -53.65899927064593 -75.53372010925357 108.5
1 0 -89.86030976735358 -122.48084834440257 -117.5
1 1 -88.33832415916446 -120.50589404920031 -108.0
3146
-------------------New----------------
0 0 29.753894338282095 -15.103779109928723 118.5
0 1 29.069474124911586 -16.546739315137348 108.5
1 0 13.518547180360335 -49.316775908002164 -117.5
1 1 14.180862988607426 -47.93002444635239 -108.0
3150
-------------------New----------------
0 0 82.1697494330479 -11.378910209643047 118.5
0 1 79.24998335727099 -10.049085043587041 108.5
1 0 13.258382340798871 19.99042385363815 -117.5
1 1 16.03315339539268 18.728654909115782 -108.0
3161
-------------------New----------------
0 0 -7.795006804673854 -57.47835598447968 118.5
0 1 -4.143461535242185 -59.409651303304386 108.5
1 0 78.35796664045255 -103.14172210885492 -117.5
1 1 74.88844516795933 -101.30113724584668 -108.0
3164
-------------------New----------------
0 0 43.14597496680618 52.72382261658079 118.5
0 1 39.90581777670145 50.86477113225704 108.5
1 0 -33.32141149290313 8.842992644609527 -117.5
1 1 -30.24354454800814 10.609824611428204 -108.0
3167
-------------------New----------------
0 0 -63.31779338050702 -109.64112176311062 118.5
0 1 -69.03245043081633 -113.9360631845082 108.5
1 0 20.31114807867715 4.286538916039983 -117.5
1 1 22.62490977222304 2.438352964013505 -108.0
3172
-------------------New----------------
0 0 50.99941685735611 29.95326529568166 118.5
0 1 47.71947580425778 32.00568083374549 108.5
1 0 -26.401841963848966 78.3419080142721 -117.5
1 1 -23.290750534808023 76.39093365618268 -108.0
3174
-------------------New----------------
0 0 -81.10960472734864 -81.29570302724325 118.5
0 1 -81.04137184137944 -80.72199982794233 108.5
1 0 -79.45697054111048 -67.76812576800566 -117.5
1 1 -79.52502508758391 -68.31133835697636 -108.0
3175
-------------------New----------------
0 0 -59.86469044751179 81.31235357001954 118.5
0 1 -58.28549752079499 81.5623847170702 108.5
1 0 -22.634035751325733 87.20691487433149 -117.5
1 1 -24.133585546801548 86.96766387113904 -108.0
3183
-------------------New----------------
0 0 -56.00323992416414 53.422751343875234 118.5
0 1 -54.535858665715764 52.99665623631362 108.5
1 0 -21.352052628717196 43.4228688550359 -117.5
1 1 -22.746947211529438 43.82472352546486 -108.0
3185
-------------------New----------------
0 0 -31.219875498826422 33.28678306406765 118.5
0 1 -33.05049575634785 29.512789478132 108.5
1 0 -75.03573872797826 -55.79882336870229 -117.5
1 1 -73.24805111792776 -52.217074328363445 -108.0
3191
-------------------New----------------
0 0 -69.9711224011188 -93.16660094066746 118.5
0 1 -69.15940811706186 -91.00805352223557 108.5
1 0 -50.82246247851461 -42.21744665812978 -117.5
1 1 -51.59324520647641 -44.26853353736347 -108.0
3192
-------------------New----------------
0 0 -79.36191503799185 -12.401416664244076 118.5
0 1 -80.95929930937243 -12.97798355969704 108.5
1 0 -117.05712265484524 -26.002721977879144 -117.5
1 1 -115.54090040728741 -25.455628823774248 -108.0
3193
-------------------New----------------
0 0 67.50609587778669 -42.83175204821081 118.5
0 1 67.84012780908759 -40.11386517984737 108.5
1 0 74.148166579753 24.508757015995617 -117.5
1 1 73.84529008765142 21.574060192728165 -108.0
3197
-------------------New----------------
0 0 6.653989722372633 69.56317506382501 118.5
0 1 7.560745993468245 66.77876897998996 108.5
1 0 28.026677595892806 3.8138592174197825 -117.5
1 1 27.16933150553391 6.462629261044834 -108.0
3204
-------------------New----------------
0 0 24.56599766137819 -10.112324504445013 118.5
0 1 22.573024631835256 -9.824888655860374 108.5
1 0 -22.468649377045278 -3.3293058538413005 -117.5
1 1 -20.57529330450772 -3.6023537769347924 -108.0
3206
-------------------New----------------
0 0 -14.908578209199053 -56.32045614236008 118.5
0 1 -16.765531785793577 -53.10732111526683 108.5
1 0 -59.092233558159855 20.30097066018383 -117.5
1 1 -57.28195128068429 17.216569171969674 -108.0
3208
-------------------New----------------
0 0 -72.98704724280459 -38.792416033446884 118.5
0 1 -70.86718568652097 -38.48319903582636 108.5
1 0 -22.96317327877825 -31.47186486655317 -117.5
1 1 -24.976884018699383 -31.766269483084216 -108.0
3223
-------------------New----------------
0 0 -52.27333813493715 35.375839622226785 118.5
0 1 -48.76799181887493 34.90746969983767 108.5
1 0 30.461240468695593 24.295256233252953 -117.5
1 1 27.130094062591404 24.739944475193234 -108.0
3229
-------------------New----------------
0 0 50.32849943651916 -51.22598172709523 118.5
0 1 51.5518877400267 -49.549625325946955 108.5
1 0 78.80410739705891 -10.986328641961794 -117.5
1 1 77.64008618787423 -12.61537749652744 -108.0
3232
-------------------New----------------
0 0 83.87417892028353 -76.56428206550561 118.5
0 1 85.61465944100146 -73.09980606393428 108.5
1 0 124.97362031522152 5.200355648897689 -117.5
1 1 123.3195918233644 1.9096959678182255 -108.0
3240
-------------------New----------------
0 0 27.838420894137396 33.25028949901817 118.5
0 1 30.005671389281122 31.877209719741387 108.5
1 0 78.97627647338481 0.8480125712609601 -117.5
1 1 76.91796581878609 2.152864722929645 -108.0
3243
-------------------New----------------
0 0 -66.09091968460109 -39.8875503376311 118.5
0 1 -67.22858832680588 -39.77404682864935 108.5
1 0 -92.94396139911386 -37.15543133310889 -117.5
1 1 -91.86396684957626 -37.26494657740592 -108.0
3256
-------------------New----------------
0 0 81.11297771438221 44.46563420570518 118.5
0 1 80.23757385918167 44.68691534269049 108.5
1 0 60.45308447964379 49.70375352465596 -117.5
1 1 61.284377000967424 49.492609389093786 -108.0
3263
-------------------New----------------
0 0 6.556292886064891 16.088794824965447 118.5
0 1 9.564637660689524 15.845329123922273 108.5
1 0 77.32089435071104 9.805153514777027 -117.5
1 1 74.42432536068301 10.081120319589806 -108.0
3266
-------------------New----------------
0 0 -61.695664333698936 22.74254932713206 118.5
0 1 -61.26671586092063 22.448670580508384 108.5
1 0 -51.64181293943152 15.850310308983293 -117.5
1 1 -52.062924168520794 16.130338239834565 -108.0
3267
-------------------New----------------
0 0 -9.094361212749776 -47.45755477179342 118.5
0 1 -7.25964916482269 -46.16915186487232 108.5
1 0 34.48353635430551 -17.062573759984684 -117.5
1 1 32.73350511489166 -18.281667351544804 -108.0
3270
-------------------New----------------
0 0 36.60629628007378 -9.503364535977584 118.5
0 1 36.677602259570605 -5.123748477023119 108.5
1 0 38.49161312582275 93.94801155980467 -117.5
1 1 38.41222729892822 89.77963086508349 -108.0
3280
-------------------New----------------
0 0 -54.60858403001214 77.14690395419085 118.5
0 1 -57.088182527006595 73.83276903816213 108.5
1 0 -113.11910769845558 -1.0894893065776636 -117.5
1 1 -110.76389373796239 2.061252021233139 -108.0
3287
-------------------New----------------
0 0 -29.855097652077724 4.149141758739132 118.5
0 1 -32.803219566497 3.0484344958197527 108.5
1 0 -99.43670323278636 -21.82662933541121 -117.5
1 1 -96.63548208031628 -20.781055452452527 -108.0
3290
-------------------New----------------
0 0 -33.70014924548005 -42.06308523814587 118.5
0 1 -30.887931848257786 -40.71475908636348 108.5
1 0 32.68841210465545 -10.375428834929746 -117.5
1 1 30.01937692368562 -11.651704084579729 -108.0
3292
-------------------New----------------
0 0 18.353803743770648 72.95452517449039 118.5
0 1 19.64955838405901 71.58224787296048 108.5
1 0 48.94543258117888 40.55829678349765 -117.5
1 1 47.7132236663346 41.862746121341004 -108.0
3299
-------------------New----------------
0 0 -36.29616517054355 -30.21123270043242 118.5
0 1 -36.28473011022456 -30.380099372556202 108.5
1 0 -36.03387320394196 -34.19626067819608 -117.5
1 1 -36.04559266615213 -34.03607226910059 -108.0
3304
-------------------New----------------
0 0 81.45713630373959 -34.536089473332694 118.5
0 1 79.58752706587659 -35.694665391431705 108.5
1 0 37.336080395287105 -61.85341479706138 -117.5
1 1 39.11195856298272 -60.75405991196938 -108.0
3310
-------------------New----------------
0 0 -67.9485865453618 25.818413288208784 118.5
0 1 -68.03712668444756 28.538198622204135 108.5
1 0 -70.02255256274263 90.00258495080033 -117.5
1 1 -69.94008130430197 87.41789347776816 -108.0
3315
-------------------New----------------
0 0 94.59459250351631 -67.59677098932029 118.5
0 1 94.35015701253465 -65.62523838736016 108.5
1 0 88.91102786663224 -21.231051807270596 -117.5
1 1 89.13472368379055 -23.08616365168771 -108.0
3325
-------------------New----------------
0 0 10.376779289655541 -0.9187039532791232 118.5
0 1 11.957581808333133 -4.370723999791577 108.5
1 0 47.51106455510317 -82.61380787538266 -117.5
1 1 46.042247264797325 -79.33340295724499 -108.0
3330
-------------------New----------------
0 0 -3.364544069001478 25.031724052290393 118.5
0 1 -7.241747218344455 23.256566380749174 108.5
1 0 -94.8619641535337 -16.875496743269615 -117.5
1 1 -91.17995315792271 -15.188812537159768 -108.0
3335
-------------------New----------------
0 0 -53.14360270675958 39.94459107322328 118.5
0 1 -53.05742368091141 36.56038611254099 108.5
1 0 -51.10487512541653 -39.94290738273918 -117.5
1 1 -51.188137824117334 -36.72587966961075 -108.0
3345
-------------------New----------------
0 0 29.775021003710048 29.141146867260176 118.5
0 1 33.198441680228726 32.56689723103342 108.5
1 0 110.64116243776509 110.06353958375487 -117.5
1 1 107.38300740856482 106.80255686267401 -108.0
3349
-------------------New----------------
0 0 73.84796249339419 -29.545654690120433 118.5
0 1 74.70034123999093 -30.35698882671027 108.5
1 0 93.85617764044191 -48.25979728531995 -117.5
1 1 93.07210963579708 -47.535209102860144 -108.0
3357
-------------------New----------------
0 0 37.56147888115452 74.93949109397052 118.5
0 1 38.02426520308208 73.46654928297878 108.5
1 0 48.53083642100665 40.26571091672074 -117.5
1 1 48.08809669984128 41.65870370313122 -108.0
3369
-------------------New----------------
0 0 114.3489809921476 51.87048844488946 118.5
0 1 113.71649501661393 47.18184115654757 108.5
1 0 99.33273848335672 -58.609031247600534 -117.5
1 1 99.93724912767867 -54.16380704545706 -108.0
3371
-------------------New----------------
0 0 -48.47585557474475 -20.260363917449858 118.5
0 1 -44.091408484244376 -21.675367568277903 108.5
1 0 54.93480929569181 -53.77547597215198 -117.5
1 1 50.78740232774198 -52.40701664441258 -108.0
3383
-------------------New----------------
0 0 -28.61754609253204 -96.16599606421161 118.5
0 1 -29.311483506557543 -94.49073972740894 108.5
1 0 -44.9854470721004 -56.63889363665712 -117.5
1 1 -44.32704627359998 -58.229733280914594 -108.0
3386
-------------------New----------------
0 0 -40.07542045873333 91.02993005085798 118.5
0 1 -39.493572386123724 89.05197158105712 108.5
1 0 -26.79958666095505 44.43871345061924 -117.5
1 1 -27.336715388904633 46.30862181080833 -108.0
3398
-------------------New----------------
0 0 70.50292252826242 -12.351072251531123 118.5
0 1 70.12975438979899 -7.076883076222451 108.5
1 0 61.67586658691655 112.00885574134547 -117.5
1 1 62.0336333379925 107.00379587733343 -108.0
3404
-------------------New----------------
0 0 -49.63557534836929 3.270698419608897 118.5
0 1 -48.41197701133001 7.37366274817474 108.5
1 0 -20.717120263681032 100.07244827254684 -117.5
1 1 -21.883969907727298 96.17494268957329 -108.0
3410
-------------------New----------------
0 0 16.419254381990072 -103.40574298144818 118.5
0 1 20.577235247278757 -103.23840956933097 108.5
1 0 114.52439713572566 -99.45648218467315 -117.5
1 1 110.57504620918795 -99.61544174993267 -108.0
3411
-------------------New----------------
0 0 -86.03502988688103 77.2181448576316 118.5
0 1 -84.13621858722205 77.02777549570513 108.5
1 0 -41.251816896856205 72.74525721198816 -117.5
1 1 -43.052419560622624 72.92580974717477 -108.0
3424
-------------------New----------------
0 0 64.87115870170834 -49.50762568700012 118.5
0 1 65.73487683477063 -51.334755625652164 108.5
1 0 85.27413288398228 -92.5939642021059 -117.5
1 1 84.45226756521446 -90.86056285213607 -108.0
3426
-------------------New----------------
0 0 29.686683478182765 48.55567709082301 118.5
0 1 28.455087776232368 48.01721083308208 108.5
1 0 6.317129830247697 35.080089922920436 -117.5
1 1 7.222495905469823 35.53919434286202 -108.0
3432
-------------------New----------------
0 0 43.84158205999263 83.23899591092848 118.5
0 1 44.65493739396472 84.82172571346995 108.5
1 0 62.457345292891446 120.56010151410264 -117.5
1 1 61.743104202878364 119.06849013964116 -108.0
3434
-------------------New----------------
0 0 -53.0788911423154 46.59115681626708 118.5
0 1 -55.24141892474952 43.900529618225136 108.5
1 0 -104.35609641267153 -17.09581540886058 -117.5
1 1 -102.29074308072397 -14.528610860852103 -108.0
3463
-------------------New----------------
0 0 -103.57121083283327 -92.8572040122841 118.5
0 1 -103.6071400860479 -93.65908572768322 108.5
1 0 -104.37492947950304 -111.60392921607472 -117.5
1 1 -104.34040674893508 -110.85895581127424 -108.0
3478
-------------------New----------------
0 0 2.1993107646072683 55.46994509780071 118.5
0 1 4.3362214561916925 57.5066436574387 108.5
1 0 52.62674397814709 103.53303861590094 -117.5
1 1 50.59630451834882 101.59779545988039 -108.0
3479
-------------------New----------------
0 0 59.6161049128869 22.866477797983215 118.5
0 1 56.92278226640244 20.156867312863774 108.5
1 0 -4.142181095744219 -41.35122566166789 -117.5
1 1 -1.5630446928788615 -38.74056427877825 -108.0
3480
-------------------New----------------
0 0 31.292128629176524 -57.183320650518475 118.5
0 1 29.74127799601024 -57.427700319016424 108.5
1 0 -5.308518292251715 -62.97449402420182 -117.5
1 1 -3.835678196815787 -62.74063762416481 -108.0
3482
-------------------New----------------
0 0 -65.09187418597621 10.155529974221372 118.5
0 1 -67.52148744258926 9.536589725555809 108.5
1 0 -122.17735946358016 -4.400419381259363 -117.5
1 1 -119.90355093024611 -3.807699414670856 -108.0
3489
-------------------New----------------
0 0 -97.84584620673576 -58.62430382639949 118.5
0 1 -96.21839907029224 -60.719423819787174 108.5
1 0 -59.46687673616066 -108.07588250309877 -117.5
1 1 -61.01091751715886 -106.08425624567045 -108.0
3492
-------------------New----------------
0 0 87.49375176465885 -77.43383869839772 118.5
0 1 88.27190739135192 -79.45479141179624 108.5
1 0 105.854778449044 -125.1291713995723 -117.5
1 1 105.1160235542654 -123.20979641666528 -108.0
3498
-------------------New----------------
0 0 89.33843631556417 -14.95599724137666 118.5
0 1 90.03516630310197 -19.596062998199013 108.5
1 0 105.85467901279192 -124.51841102784238 -117.5
1 1 105.18944967101493 -120.10269618789434 -108.0
3505
-------------------New----------------
0 0 -17.611021486734884 -54.81844151058758 118.5
0 1 -22.146097164142756 -55.23907040089783 108.5
1 0 -124.67175934842719 -64.70642855530288 -117.5
1 1 -120.3608037237631 -64.31082826144628 -108.0
3515
-------------------New----------------
0 0 -6.727421641544751 -35.41103096639954 118.5
0 1 -8.74891110735749 -33.76950704703861 108.5
1 0 -54.46231942240502 3.3733792496149255 -117.5
1 1 -52.53735067340368 1.8096352472791444 -108.0
3519
-------------------New----------------
0 0 33.4460767666834 9.86818245261156 118.5
0 1 29.452853663241008 9.848722478629295 108.5
1 0 -60.85302241697262 9.41175218019224 -117.5
1 1 -57.05724969746103 9.428027996705655 -108.0
3529
-------------------New----------------
0 0 -40.50170173657788 -8.957168845601979 118.5
0 1 -37.80585490419696 -8.422285677694422 108.5
1 0 23.39687036824003 3.578932617506392 -117.5
1 1 20.814911546136795 3.069811427201026 -108.0
3546
-------------------New----------------
0 0 -40.62823343670473 -103.16497564177178 118.5
0 1 -39.01218568966807 -103.85567785143162 108.5
1 0 -2.403462716965743 -119.3760000869192 -117.5
1 1 -3.943793738926961 -118.72433342600887 -108.0
3550
-------------------New----------------
0 0 41.73235935563836 58.34186195213126 118.5
0 1 37.93809408816155 59.94906720472263 108.5
1 0 -47.7960509880408 96.29885565891297 -117.5
1 1 -44.19356105848207 94.77122666209843 -108.0
3556
-------------------New----------------
0 0 -46.726757089957445 72.20889224534987 118.5
0 1 -48.1378441389926 73.02179869115828 108.5
1 0 -77.91333593373574 89.50738614557004 -117.5
1 1 -76.71211654764014 88.8103265258587 -108.0
3558
-------------------New----------------
0 0 35.77665790954181 -79.60370027714323 118.5
0 1 37.63569375250526 -80.36398320874937 108.5
1 0 79.23152294847974 -97.26872632032125 -117.5
1 1 77.49077299663712 -96.55944740162103 -108.0
3560
-------------------New----------------
0 0 -69.63562442911275 59.22448379544598 118.5
0 1 -68.24240370631135 57.16578097768846 108.5
1 0 -36.60215130738898 10.332013674006573 -117.5
1 1 -37.9422026272128 12.314891822240954 -108.0
3563
-------------------New----------------
0 0 -69.90840309759767 -28.982897940410243 118.5
0 1 -68.43085522263723 -30.539410888216366 108.5
1 0 -35.02946880656661 -65.59153643854482 -117.5
1 1 -36.43533583481386 -64.11988343240164 -108.0
3564
-------------------New----------------
0 0 106.08000845076961 -17.3536584976752 118.5
0 1 105.6351438550989 -17.05379338677817 108.5
1 0 95.58907015959987 -10.31066974014483 -117.5
1 1 96.01023389229924 -10.593094786724183 -108.0
3569
-------------------New----------------
0 0 18.889643315313492 -60.889392183468075 118.5
0 1 14.987548451588381 -61.014491964076754 108.5
1 0 -73.23589080712796 -63.8994272244323 -117.5
1 1 -69.5264063843625 -63.779057879181664 -108.0
3573
-------------------New----------------
0 0 71.4468770787631 -37.71395342585087 118.5
0 1 72.31383057851173 -37.46127186165109 108.5
1 0 91.90628079961903 -31.743291709862955 -117.5
1 1 91.08246997469539 -31.983685910384775 -108.0
3576
-------------------New----------------
0 0 -72.60949778983206 34.23384060530966 118.5
0 1 -74.49301945579532 34.055902863025366 108.5
1 0 -117.40970300280489 30.26455712059386 -117.5
1 1 -115.60158779893122 30.41533190752533 -108.0
3577
-------------------New----------------
0 0 59.97388798011646 -8.988931269373733 118.5
0 1 62.39313816232455 -13.492632828333516 108.5
1 0 117.21992274048323 -115.25868745459181 -117.5
1 1 114.91288978154326 -110.9899195807412 -108.0
3583
-------------------New----------------
0 0 -50.22071421356188 -88.74500487186644 118.5
0 1 -53.394001101633044 -87.99074980406128 108.5
1 0 -125.10471850738183 -70.92488270120597 -117.5
1 1 -122.09017221337562 -71.64355146224783 -108.0
3584
-------------------New----------------
0 0 73.97123957266534 -47.97284346281491 118.5
0 1 75.11431414332276 -48.7412794860449 108.5
1 0 100.98651566913114 -66.11545816649857 -117.5
1 1 99.89748741727601 -65.38565372191236 -108.0
3594
-------------------New----------------
0 0 64.56903830734352 95.00974567791852 118.5
0 1 60.37186294805848 94.44620097894213 108.5
1 0 -34.50199413636712 81.72859969163862 -117.5
1 1 -30.51479068264582 82.26236656091336 -108.0
3612
-------------------New----------------
0 0 12.704685272295185 -89.51937035594469 118.5
0 1 7.023531858522148 -91.05592308076567 108.5
1 0 -121.37433395013659 -125.76921902838671 -117.5
1 1 -115.97598783811429 -124.31266898868041 -108.0
3623
-------------------New----------------
0 0 -1.7224211812756536 51.91428192032066 118.5
0 1 -5.2191361306095505 53.85573604378605 108.5
1 0 -84.18309401253354 97.63277809951754 -117.5
1 1 -80.86346714879876 95.78895974349547 -108.0
3628
-------------------New----------------
0 0 -30.74460724821381 50.70913473981314 118.5
0 1 -26.817756483897135 51.61642055505322 108.5
1 0 61.914562868008545 72.09524759693053 -117.5
1 1 58.18652701504735 71.23429251384533 -108.0
3633
-------------------New----------------
0 0 60.132948885020674 -27.95928220126275 118.5
0 1 61.334988143411145 -27.65241174196668 108.5
1 0 88.36165185654453 -20.499266260165534 -117.5
1 1 87.22794569495343 -20.81161780161201 -108.0
3637
-------------------New----------------
0 0 -12.97862370858203 -1.5119311534734527 118.5
0 1 -13.622365934630409 1.4334025176891494 108.5
1 0 -28.01611174868922 68.13179908144613 -117.5
1 1 -27.427067353517277 65.32207327654123 -108.0
3640
-------------------New----------------
0 0 -24.552102318390684 -94.57353187324236 118.5
0 1 -23.760981049999636 -95.54363339877442 108.5
1 0 -5.882525088191587 -117.46551586387457 -117.5
1 1 -6.632795162835471 -116.54364150910058 -108.0
3649
-------------------New----------------
0 0 -75.09140911596096 6.541461414412453 118.5
0 1 -72.95744883726306 6.621913170455583 108.5
1 0 -24.728912763750344 8.504640023011902 -117.5
1 1 -26.755671839556904 8.424144163833166 -108.0
3652
-------------------New----------------
0 0 -71.22382648574977 46.412176506176465 118.5
0 1 -68.51442615390594 46.46013858740882 108.5
1 0 -7.328246599231081 47.54705987032384 -117.5
1 1 -9.89893386750182 47.50324200462228 -108.0
3659
-------------------New----------------
0 0 39.045271654484836 -0.6984514632825883 118.5
0 1 40.41645696389477 1.2084095104526917 108.5
1 0 71.32920296651726 44.34986530116903 -117.5
1 1 70.02248786571216 42.5424341497819 -108.0
3672
-------------------New----------------
0 0 -43.31221021047675 51.92997891858399 118.5
0 1 -42.7449809733301 53.70619748074496 108.5
1 0 -29.916517392979728 93.84713256920772 -117.5
1 1 -30.45250400084742 92.1617508374338 -108.0
3685
-------------------New----------------
0 0 0.4744685335768353 71.69796804512035 118.5
0 1 -0.7847936926379175 73.6001028149499 108.5
1 0 -29.263393434065556 116.58984746697737 -117.5
1 1 -28.065240091145633 114.78288671510445 -108.0
3686
-------------------New----------------
0 0 -2.304330248589908 -23.014233121122906 118.5
0 1 -2.5809166989822865 -21.322024710186273 108.5
1 0 -9.175639884786811 15.661726282388221 -117.5
1 1 -8.909286075718674 14.175247535762116 -108.0
3688
-------------------New----------------
0 0 8.547242270578813 -73.97517535150504 118.5
0 1 6.330554562066534 -75.12492485313683 108.5
1 0 -43.67615905953087 -101.17114333645634 -117.5
1 1 -41.57242557593443 -100.07589812296416 -108.0
3689
-------------------New----------------
0 0 44.35079559620326 -44.12538716272855 118.5
0 1 44.754073423975775 -39.77218415054603 108.5
1 0 53.83776350304206 58.62909003411064 -117.5
1 1 53.45802483077532 54.49674265326755 -108.0
3696
-------------------New----------------
0 0 11.32278023491866 -92.56516888679415 118.5
0 1 12.999198500516414 -90.71952037829024 108.5
1 0 50.9085397083942 -49.02984502276232 -117.5
1 1 49.314994388715355 -50.78090815427013 -108.0
3698
-------------------New----------------
0 0 -51.75036716446201 109.39351429648036 118.5
0 1 -50.6965692960632 108.51976961535993 108.5
1 0 -26.89901861503692 88.773081308753 -117.5
1 1 -27.89820964959538 89.60047373377637 -108.0
3710
-------------------New----------------
0 0 71.99098088058314 -3.6051524808112605 118.5
0 1 68.426082381633 -6.846597258503699 108.5
1 0 -12.06927419270069 -80.08360112108136 -117.5
1 1 -8.685811682726515 -77.00685963171509 -108.0
3717
-------------------New----------------
0 0 -25.817015383055246 -23.941658171682153 118.5
0 1 -29.550767387258087 -24.904304707475518 108.5
1 0 -114.03956576145842 -46.71395993730012 -117.5
1 1 -110.48491522417369 -45.79693205377079 -108.0
3719
-------------------New----------------
0 0 53.28136403498756 -34.219471687580665 118.5
0 1 49.86251220700463 -27.491415457558254 108.5
1 0 -27.508433178137146 124.5438205037145 -117.5
1 1 -24.25499416883761 118.14398577868944 -108.0
3720
-------------------New----------------
0 0 18.322365363963932 -70.36169395200275 118.5
0 1 22.936036963841126 -68.98262281336541 108.5
1 0 127.04934028824701 -37.54790827917714 -117.5
1 1 122.67505096057437 -38.87417427166714 -108.0
3721
-------------------New----------------
0 0 -54.5994019986001 96.02681604535194 118.5
0 1 -52.225252068393885 94.39271002750628 108.5
1 0 1.4845254079863501 57.32969591306013 -117.5
1 1 -0.7738977048364404 58.898050415445006 -108.0
3727
-------------------New----------------
0 0 60.18871438201104 -87.9769233839319 118.5
0 1 60.579633354047324 -86.94901692715652 108.5
1 0 69.08918462970448 -63.57332546039372 -117.5
1 1 68.75355090067649 -64.54794726755003 -108.0
3733
-------------------New----------------
0 0 -15.70556028125112 -26.517070117368803 118.5
0 1 -17.56655534958278 -28.494715922449227 108.5
1 0 -59.60368819624097 -73.14663861490322 -117.5
1 1 -57.836882086467156 -71.2699352422809 -108.0
3749
-------------------New----------------
0 0 -63.103932166787374 109.05568458581884 118.5
0 1 -62.149924863666534 108.8742504994703 108.5
1 0 -40.46196536868028 104.78207446155048 -117.5
1 1 -41.37974137554578 104.95040311664425 -108.0
3758
-------------------New----------------
0 0 -3.411197983416352 11.97245573403773 118.5
0 1 0.18441309482642554 11.249025334935645 108.5
1 0 81.47667805768296 -5.040958253521397 -117.5
1 1 78.05871039400218 -4.3560488832776 -108.0
3759
-------------------New----------------
0 0 18.519745510395943 50.85355664483772 118.5
0 1 22.98432652008476 48.80995159725637 108.5
1 0 125.27787636391113 2.4821001019016418 -117.5
1 1 120.99529829164558 4.467182898819856 -108.0
3763
-------------------New----------------
0 0 82.04295842335019 -53.48919162050505 118.5
0 1 79.64709385537591 -53.62191271495418 108.5
1 0 25.308088438585195 -56.517021857009674 -117.5
1 1 27.59479574901705 -56.3987318105374 -108.0
3770
-------------------New----------------
0 0 -46.284395680253866 -42.81625271645318 118.5
0 1 -43.64519719415394 -46.34057379472982 108.5
1 0 15.993032453456124 -126.0067736245099 -117.5
1 1 13.488732469168516 -122.65714428710473 -108.0
3772
-------------------New----------------
0 0 71.017271170207 28.808465494145736 118.5
0 1 70.82058529417192 23.979272328716775 108.5
1 0 66.37639228647798 -85.07591726583674 -117.5
1 1 66.56328063185308 -80.48972540738224 -108.0
3777
-------------------New----------------
0 0 19.808764968507866 -49.50911002674966 118.5
0 1 17.736737449066897 -45.666744542215554 108.5
1 0 -29.197442723917998 41.060976727009304 -117.5
1 1 -27.22672759041054 37.41685599625767 -108.0
3782
-------------------New----------------
0 0 98.71768966954113 -98.17279191435088 118.5
0 1 98.03501561998222 -98.71167775801301 108.5
1 0 82.60453721024939 -110.88076968632495 -117.5
1 1 83.25299806485602 -110.36975265416599 -108.0
3787
-------------------New----------------
0 0 55.17089169455791 18.448296545950917 118.5
0 1 51.693569541557075 15.644919655375961 108.5
1 0 -26.91208721713029 -47.85491495287516 -117.5
1 1 -23.608220189048968 -45.183287409069536 -108.0
3792
-------------------New----------------
0 0 35.16143042990477 21.02107841624908 118.5
0 1 35.11933605846049 21.56406041409723 108.5
1 0 34.00661747108867 34.00407064509576 -117.5
1 1 34.06009713461381 33.46066412750846 -108.0
3793
-------------------New----------------
0 0 -7.228098161897944 -17.890907665193538 118.5
0 1 -7.171586979686289 -13.419802507592351 108.5
1 0 -5.868326742456942 87.66455630244192 -117.5
1 1 -5.924084361446357 83.4143524512996 -108.0
3800
-------------------New----------------
0 0 -120.4327842136302 -46.00775778666947 118.5
0 1 -120.3821781767704 -45.30165195741732 108.5
1 0 -119.27294007123302 -29.336387119820177 -117.5
1 1 -119.32019181215303 -30.007299698963276 -108.0
3804
-------------------New----------------
0 0 24.317774364725913 44.953293779129936 118.5
0 1 18.860573816702725 46.79113133842145 108.5
1 0 -104.52869193591866 88.36102982221203 -117.5
1 1 -99.34187501466774 86.61382718066886 -108.0
3808
-------------------New----------------
0 0 -62.93211017572575 42.5095743807543 118.5
0 1 -64.54587444526892 40.3491062823433 108.5
1 0 -101.89776837358826 -8.771279543141278 -117.5
1 1 -100.3121098314217 -6.716992998402797 -108.0
3817
-------------------New----------------
0 0 13.153634510869063 -48.315481071286634 118.5
0 1 11.35564820871835 -47.77432849832703 108.5
1 0 -29.301385961517855 -35.55913110339635 -117.5
1 1 -27.589325761987254 -36.073265413768965 -108.0
3827
-------------------New----------------
0 0 -51.52815432876427 37.2820807435403 118.5
0 1 -50.76285164769037 32.9270255727265 108.5
1 0 -33.2803362808778 -65.76863432623668 -117.5
1 1 -34.01574769093442 -61.614034566496834 -108.0
3830
-------------------New----------------
0 0 -32.26961589726976 -52.652171688402674 118.5
0 1 -33.000143330338176 -53.764683061965435 108.5
1 0 -49.549249483813824 -78.87341403187122 -117.5
1 1 -48.853667306088184 -77.8174371991864 -108.0
3836
-------------------New----------------
0 0 50.85912308977866 56.17704851493725 118.5
0 1 46.33093311037759 57.60378595738939 108.5
1 0 -55.78107446165232 89.90121460946838 -117.5
1 1 -51.48485192795838 88.54196064262734 -108.0
3838
-------------------New----------------
0 0 -67.60836009081653 -97.10123441818362 118.5
0 1 -64.6152943388123 -97.50630656441012 108.5
1 0 2.8594230747855796 -106.59540889667059 -117.5
1 1 0.02789045495453024 -106.21729427295261 -108.0
3841
-------------------New----------------
0 0 -71.79619255904203 15.448739205311568 118.5
0 1 -67.88887821352071 10.40849567161435 108.5
1 0 20.39014566520131 -103.43495061763326 -117.5
1 1 16.678935342305408 -98.65459781118429 -108.0
3844
-------------------New----------------
0 0 63.7149277882384 34.49201573624332 118.5
0 1 66.12274565859879 33.397163061678924 108.5
1 0 120.54430337307244 8.620067227167194 -117.5
1 1 118.25795762841196 9.662414135975126 -108.0
3869
-------------------New----------------
0 0 39.86569340562624 -10.875470960805941 118.5
0 1 34.27790256690887 -11.82879339238254 108.5
1 0 -92.02316851667774 -33.35212429354151 -117.5
1 1 -86.71189780059971 -32.44742671647208 -108.0
3871
-------------------New----------------
0 0 24.249896095457355 -40.63844281532406 118.5
0 1 28.2493842135039 -40.90050636125744 108.5
1 0 118.64925276683087 -46.49819638658006 -117.5
1 1 114.82575579654556 -46.26731539675222 -108.0
3873
-------------------New----------------
0 0 -64.89678626485282 71.4461915944461 118.5
0 1 -64.50842351230895 70.63889316802214 108.5
1 0 -55.9871432287881 52.28960812782443 -117.5
1 1 -56.33485265842937 53.057934976287605 -108.0
3874
-------------------New----------------
0 0 67.0302597165941 61.14717135998696 118.5
0 1 68.05959522934742 63.00679805985209 108.5
1 0 91.2256114994816 105.17623935240233 -117.5
1 1 90.2527365048401 103.40550380996885 -108.0
3877
-------------------New----------------
0 0 46.00303960634825 -14.284213798559765 118.5
0 1 40.29348221220822 -12.487073814753975 108.5
1 0 -88.78980049689214 28.008892100349307 -117.5
1 1 -83.36270602740758 26.30934868656094 -108.0
3878
-------------------New----------------
0 0 2.8874834310206894 9.32520808892495 118.5
0 1 3.7420655714776587 11.002817128596412 108.5
1 0 23.03374594494377 48.93160635919462 -117.5
1 1 22.223462710011056 47.33720272211417 -108.0
3891
-------------------New----------------
0 0 109.82428347898198 70.48539602660586 118.5
0 1 110.05432362146037 72.55126517454102 108.5
1 0 115.1018225884385 119.57494728133572 -117.5
1 1 114.86042421607651 117.5915030811879 -108.0
3896
-------------------New----------------
0 0 55.72641308315474 -93.44278074056405 118.5
0 1 54.69931290682153 -94.21456095116655 108.5
1 0 31.4426902350175 -111.69356578809195 -117.5
1 1 32.421239542659954 -110.95843479515005 -108.0
3899
-------------------New----------------
0 0 6.520027319934089 -111.7918434352732 118.5
0 1 3.7666635753554703 -112.44952925170166 108.5
1 0 -58.45684272432926 -127.3172286417437 -117.5
1 1 -55.841214197294995 -126.69266083828279 -108.0
3923
-------------------New----------------
0 0 -6.030678468227977 -101.01586781128957 118.5
0 1 -3.211872773000998 -101.07997230954979 108.5
1 0 60.638080277279414 -102.64671628489104 -117.5
1 1 57.95368890396387 -102.58312839154512 -108.0
3936
-------------------New----------------
0 0 23.512049528727367 -56.91838850508947 118.5
0 1 21.885961581891305 -54.560670393370984 108.5
1 0 -14.499059492029861 -1.085211016946503 -117.5
1 1 -12.986535739683223 -3.3361217871421878 -108.0
3942
-------------------New----------------
0 0 84.19755217851313 -60.494098735043806 118.5
0 1 82.68794969709087 -61.6255838360005 108.5
1 0 48.563527808545544 -87.19971391728134 -117.5
1 1 49.99815162553462 -86.12450914768509 -108.0
3943
-------------------New----------------
0 0 100.35210761218342 98.86073509423177 118.5
0 1 101.09631796726669 98.07513465229371 108.5
1 0 118.18058635750756 80.57098929085933 -117.5
1 1 117.45101819138256 81.29008355148984 -108.0
3949
-------------------New----------------
0 0 -30.523519561565212 -43.039349176779965 118.5
0 1 -30.500670808315533 -45.17146506903775 108.5
1 0 -29.47339080067991 -92.90883667545538 -117.5
1 1 -29.535276752951255 -90.91360765385635 -108.0
3950
-------------------New----------------
0 0 -53.80886088687097 -72.95259535254964 118.5
0 1 -55.68153172278503 -70.12697515923989 108.5
1 0 -98.09675150416757 -6.240438394835892 -117.5
1 1 -96.31417196765152 -8.922382171599505 -108.0
3956
-------------------New----------------
0 0 80.19666771266127 48.74899622354591 118.5
0 1 79.54856464527394 46.445300784192476 108.5
1 0 64.83138400825003 -5.687874441026861 -117.5
1 1 65.4470299966828 -3.487368305350215 -108.0
3960
-------------------New----------------
0 0 28.572836863194198 94.2440129508704 118.5
0 1 21.984140135172225 93.6252430528331 108.5
1 0 -126.73841266179647 79.39800729667064 -117.5
1 1 -120.48661744255617 79.9965667803198 -108.0
3974
-------------------New----------------
0 0 -35.78708022909119 -39.07902314918789 118.5
0 1 -32.59777357109575 -39.793007409279895 108.5
1 0 39.4832200616608 -55.93804931426024 -117.5
1 1 36.45264731222299 -55.25898636859637 -108.0
3998
-------------------New----------------
0 0 88.47591505731279 64.51702316329953 118.5
0 1 88.28833420621012 63.43794412642427 108.5
1 0 83.9836464033555 38.94608077309145 -117.5
1 1 84.16403641467893 39.97628430784584 -108.0
4007
-------------------New----------------
0 0 20.27246616618202 -2.188340701289696 118.5
0 1 24.449856339540368 3.046429700551145 108.5
1 0 118.86379257556902 121.35549035336673 -117.5
1 1 114.89458943130236 116.38207774812936 -108.0
4027
-------------------New----------------
0 0 -51.695545795560825 -42.16616865765445 118.5
0 1 -48.827112496302796 -44.999476803037375 108.5
1 0 16.04471442568989 -108.74007465555073 -117.5
1 1 13.323615431065832 -106.04971605835667 -108.0
4035
-------------------New----------------
0 0 -120.26834006822503 -24.49952458813913 118.5
0 1 -120.20158523604368 -24.278309359642844 108.5
1 0 -118.65494304301755 -19.27049514505808 -117.5
1 1 -118.71953035042493 -19.481064494415286 -108.0
4038
-------------------New----------------
0 0 28.980866911656243 96.70776109828896 118.5
0 1 24.349741673665427 96.08076727684474 108.5
1 0 -80.38528033501262 81.88694517176474 -117.5
1 1 -75.98099488839537 82.48151498331416 -108.0
4041
-------------------New----------------
0 0 24.52422828194613 -18.287196770282506 118.5
0 1 20.00688967858927 -17.28006268839813 108.5
1 0 -81.89454113261608 5.577549260969357 -117.5
1 1 -77.619004936867 4.612100315799798 -108.0
4048
-------------------New----------------
0 0 -8.495269271244204 -98.1107529579794 118.5
0 1 -7.680724675532605 -98.59524330538584 108.5
1 0 10.92001532858701 -109.343052283177 -117.5
1 1 10.135039661885656 -108.88377667240177 -108.0
4051
-------------------New----------------
0 0 40.34275887833316 -54.71767235288561 118.5
0 1 37.19749253555956 -56.03465992187942 108.5
1 0 -33.962847970017066 -85.74481311107785 -117.5
1 1 -30.970282222489438 -84.49745074897997 -108.0
4056
-------------------New----------------
0 0 -115.32975952331063 69.41522514665877 118.5
0 1 -114.56105682120501 71.51179545805161 108.5
1 0 -97.21320709352918 118.87870077526284 -117.5
1 1 -97.93978818534346 116.88664197898072 -108.0
4060
-------------------New----------------
0 0 -1.3410193163132917 14.605726595837188 118.5
0 1 -3.041365162505575 18.24718362192984 108.5
1 0 -41.99782243978315 100.55929645158484 -117.5
1 1 -40.36126327022569 97.0975165763985 -108.0
4063
-------------------New----------------
0 0 20.830791305166947 -118.77209783202417 118.5
0 1 17.505657210243626 -118.8995541724674 108.5
1 0 -57.65982593842834 -121.78096340202974 -117.5
1 1 -54.50000488227963 -121.66115023506434 -108.0
4066
-------------------New----------------
0 0 -107.12276422968014 22.94304384486637 118.5
0 1 -105.92067215190102 17.422341814027984 108.5
1 0 -78.77570141114185 -107.35421702522994 -117.5
1 1 -79.91683693654606 -102.1094442032393 -108.0
4090
-------------------New----------------
0 0 8.368852184625968 -76.97732377425163 118.5
0 1 3.1905258083653294 -75.36710510813027 108.5
1 0 -113.85821798866985 -38.8210253587441 -117.5
1 1 -108.936541950455 -40.36275374700995 -108.0
4091
-------------------New----------------
0 0 -69.38619206039758 47.54813643694996 118.5
0 1 -68.25260571199703 45.097014380750714 108.5
1 0 -42.51529208396185 -10.179067201956311 -117.5
1 1 -43.59623723534794 -7.858182584562842 -108.0
4093
-------------------New----------------
0 0 41.525066729814945 100.27006878725427 118.5
0 1 39.678771127446886 98.47422472882039 108.5
1 0 -2.0211609777752413 57.90857143487593 -117.5
1 1 -0.26796896300028583 59.613109842938215 -108.0
4096
-------------------New----------------
0 0 84.67841898548292 39.4725786964066 118.5
0 1 84.1339837546314 34.09812833001682 108.5
1 0 71.74798268402061 -87.21796164377318 -117.5
1 1 72.2638847279646 -82.14076066275098 -108.0
4105
-------------------New----------------
0 0 -12.987457460212505 -74.32177513493927 118.5
0 1 -8.7943307821804 -75.71732414020364 108.5
1 0 85.89357203816732 -107.26507667182732 -117.5
1 1 81.91490058307063 -105.93587988727874 -108.0
4107
-------------------New----------------
0 0 55.95160867006755 79.1567937837835 118.5
0 1 56.14654606580084 78.93440925060997 108.5
1 0 60.60036275543503 73.35878723702152 -117.5
1 1 60.407369175651354 73.59557965227012 -108.0
4109
-------------------New----------------
0 0 -35.10627167404543 95.614626259689 118.5
0 1 -34.561359503414 96.80282106396285 108.5
1 0 -22.247736080469654 123.65358099115883 -117.5
1 1 -22.765310426440767 122.52505040853517 -108.0
4117
-------------------New----------------
0 0 52.74321318859813 8.42956569380379 118.5
0 1 50.76085816842229 11.597957375009603 108.5
1 0 6.077456162846729 82.96439015690595 -117.5
1 1 7.951877941495551 79.96224858062521 -108.0
4135
-------------------New----------------
0 0 88.53532367639691 -87.0629830661631 118.5
0 1 88.16840588530219 -88.24292525769926 108.5
1 0 79.95512602503216 -115.04367196778696 -117.5
1 1 80.30019937387557 -113.90922688761877 -108.0
4148
-------------------New----------------
0 0 53.51122704758719 -56.64120148417645 118.5
0 1 50.420803912014655 -53.708675355057416 108.5
1 0 -19.547411985127958 12.630037682010187 -117.5
1 1 -16.60325865606557 9.83569659018734 -108.0
4163
-------------------New----------------
0 0 103.00467062956116 54.1851894165811 118.5
0 1 103.3030919680884 51.59089772815914 108.5
1 0 110.03309654773086 -7.045557305731535 -117.5
1 1 109.75015097082412 -4.57978086212478 -108.0
4173
-------------------New----------------
0 0 83.45678408035695 -75.51823786190445 118.5
0 1 81.50978277703913 -72.74630953185837 108.5
1 0 37.627737820444565 -10.159524974264993 -117.5
1 1 39.46818268233869 -12.791214808909007 -108.0
4175
-------------------New----------------
0 0 -50.66618991510205 4.345072781347169 118.5
0 1 -50.94510461914963 7.473616806466637 108.5
1 0 -57.24515007025731 78.17912698573049 -117.5
1 1 -56.98029941078023 75.20694503816429 -108.0
4183
-------------------New----------------
0 0 -43.35826201169967 -23.840015934089273 118.5
0 1 -42.466914814647446 -27.504756031819632 108.5
1 0 -22.344160651960298 -110.33029565527193 -117.5
1 1 -23.18976402410011 -106.84809813086163 -108.0
4191
-------------------New----------------
0 0 23.235513961535126 66.78738376887296 118.5
0 1 24.952755296872365 66.15036242856205 108.5
1 0 63.80320814237789 51.76753124599109 -117.5
1 1 62.166951783712406 52.37227090186823 -108.0
4196
-------------------New----------------
0 0 -6.244522276340595 12.190780933771828 118.5
0 1 -6.9035007169569855 14.799231472612737 108.5
1 0 -21.803335043253398 73.7921998950841 -117.5
1 1 -21.175457381433926 71.30721022455842 -108.0
4201
-------------------New----------------
0 0 52.66951682852338 37.27278793297698 118.5
0 1 51.439657762615354 35.4006327913204 108.5
1 0 23.66469783547332 -6.965650938737173 -117.5
1 1 24.835195884862927 -5.18123558685881 -108.0
4211
-------------------New----------------
0 0 67.025989653058 -4.927458527909181 118.5
0 1 66.26816111638063 0.1743192155801932 108.5
1 0 49.09124046862557 115.46948994334386 -117.5
1 1 49.801464726558464 110.63099468954329 -108.0
4213
-------------------New----------------
0 0 51.570021558820926 -44.13079585764091 118.5
0 1 49.02122439070006 -43.061277078367944 108.5
1 0 -8.6415814698242 -18.94943433626968 -117.5
1 1 -6.214632230602106 -19.961799665593684 -108.0
4214
-------------------New----------------
0 0 11.212016819271664 67.60592913398956 118.5
0 1 7.91687261205811 68.33643412648414 108.5
1 0 -66.51828354468736 84.84592752486925 -117.5
1 1 -63.38952810032905 84.15272361647173 -108.0
4215
-------------------New----------------
0 0 63.327936459699956 11.730232993028277 118.5
0 1 65.19464881888042 9.308981422363775 108.5
1 0 107.44562104616446 -45.38378874285404 -117.5
1 1 105.66800024595825 -43.083979047493635 -108.0
4226
-------------------New----------------
0 0 18.012662188019544 86.91930395039334 118.5
0 1 15.167561295188278 86.55255239413927 108.5
1 0 -49.1374457212593 78.26008437996929 -117.5
1 1 -46.43487600624214 78.60802029116924 -108.0
4236
-------------------New----------------
0 0 17.424839571803982 -45.90458402937831 118.5
0 1 18.70074300066957 -41.844931922528865 108.5
1 0 47.58035641741228 49.95359954445885 -117.5
1 1 46.36446213725459 46.093250684114466 -108.0
4241
-------------------New----------------
0 0 -94.69849697727877 -42.008662191653336 118.5
0 1 -93.10213480220482 -37.89775460913495 108.5
1 0 -57.014729190883074 54.971812357441046 -117.5
1 1 -58.53280773090487 51.06692170997581 -108.0
4252
-------------------New----------------
0 0 -15.406833912227157 -116.4365326110532 118.5
0 1 -12.040554138000408 -115.94464848779921 108.5
1 0 64.07905915628211 -104.84236621125642 -117.5
1 1 60.87786585133792 -105.30925038669491 -108.0
4253
-------------------New----------------
0 0 10.57799933409665 66.41624588593346 118.5
0 1 10.831286897777796 68.55441397893703 108.5
1 0 16.55269134126469 116.91361343555411 -117.5
1 1 16.31149118304125 114.88352986067314 -108.0
4261
-------------------New----------------
0 0 -14.557004450811334 -68.62213943276836 118.5
0 1 -19.2873303477942 -69.18423433622988 108.5
1 0 -126.15698821747303 -81.86461841097832 -117.5
1 1 -121.66385659649578 -81.33162070292586 -108.0
4271
-------------------New----------------
0 0 -101.93266470518421 -48.46006346862703 118.5
0 1 -100.22605700582054 -43.37432355310656 108.5
1 0 -61.68426332210434 71.90274756825337 -117.5
1 1 -63.29819664534407 67.05735650855095 -108.0
4281
-------------------New----------------
0 0 -83.22693320744591 14.095023652138995 118.5
0 1 -82.33838409338846 17.75183524760978 108.5
1 0 -62.25204658525869 100.42939996945113 -117.5
1 1 -63.096114457501 96.95310919728354 -108.0
4286
-------------------New----------------
0 0 -38.77876445911654 41.95687407375966 118.5
0 1 -40.517602306207586 41.11439440013686 108.5
1 0 -79.50550351596414 22.129190781326848 -117.5
1 1 -77.85683853033598 22.924719174362487 -108.0
4297
-------------------New----------------
0 0 -15.621480951745298 -42.8101452731055 118.5
0 1 -12.119827651725048 -41.25355775424761 108.5
1 0 67.01108023407667 -6.083319657599556 -117.5
1 1 63.68635351736408 -7.561625123041007 -108.0
4303
-------------------New----------------
0 0 -48.63665188543764 24.565524594789185 118.5
0 1 -47.78060953228827 24.871048678171803 108.5
1 0 -28.437206532536493 31.782617557524 -117.5
1 1 -29.24987641712923 31.491950895817723 -108.0
4309
-------------------New----------------
0 0 74.63073018911435 -18.34141929101172 118.5
0 1 75.80886099257594 -21.584850776521606 108.5
1 0 102.36531922601647 -94.85624891751186 -117.5
1 1 101.26041226976439 -91.77955468721235 -108.0
4314
-------------------New----------------
0 0 -4.051151122685475 33.07547927035394 118.5
0 1 -0.5651563260521598 32.00297265872283 108.5
1 0 78.22631717756188 7.760700441064813 -117.5
1 1 74.91378855369081 8.77936820482171 -108.0
4320
-------------------New----------------
0 0 -11.25625790385752 -76.49243011472784 118.5
0 1 -13.759146884756879 -77.88266694257335 108.5
1 0 -70.36387272340592 -109.16984078575474 -117.5
1 1 -67.98137133660843 -107.85949941097003 -108.0
4322
-------------------New----------------
0 0 57.702925740409526 65.75301753803663 118.5
0 1 52.91367656211368 65.76026823481205 108.5
1 0 -55.30495536467123 65.91103157561282 -117.5
1 1 -50.75631895105124 65.90522551461474 -108.0
4326
-------------------New----------------
0 0 -57.6440881935355 -33.696997114022615 118.5
0 1 -59.07456705163513 -34.27778388888022 108.5
1 0 -91.40498503215368 -47.3947827042348 -117.5
1 1 -90.04595122243197 -46.843499903079035 -108.0
4328
-------------------New----------------
0 0 99.88410267390768 -71.86791569853138 118.5
0 1 98.10997447118439 -68.81621840037536 108.5
1 0 57.565010467021395 -0.03296519969512772 -117.5
1 1 59.27340987805799 -2.9178194757262688 -108.0
4338
-------------------New----------------
0 0 54.97030712265515 -78.84247867009661 118.5
0 1 57.09585023531851 -80.64627763494768 108.5
1 0 105.12585232628805 -121.41967836255981 -117.5
1 1 103.1063767713737 -119.70627139437269 -108.0
4350
-------------------New----------------
0 0 1.4231980649521452 69.80953833950903 118.5
0 1 1.0396566321495115 68.85390696269428 108.5
1 0 -7.634006668828976 47.16214220849911 -117.5
1 1 -7.270637738960106 48.07438702853163 -108.0
4362
-------------------New----------------
0 0 -30.07820826063126 -89.0644810412485 118.5
0 1 -28.928774918524642 -88.0393873594221 108.5
1 0 -2.951177543617047 -64.87661445683852 -117.5
1 1 -4.041234260822449 -65.8498756733153 -108.0
4367
-------------------New----------------
0 0 35.57249230011173 -26.003066089596466 118.5
0 1 32.2411309691033 -27.060163617817985 108.5
1 0 -43.01434852016841 -50.93041758459533 -117.5
1 1 -39.85128944123109 -49.92558708742144 -108.0
4374
-------------------New----------------
0 0 -41.323673424271774 76.4682810818052 118.5
0 1 -38.4533749715137 77.60332783818458 108.5
1 0 26.386951794956282 104.0241399894094 -117.5
1 1 23.64242196380228 102.89787367706928 -108.0
4389
-------------------New----------------
0 0 65.59489012105487 16.114085314612844 118.5
0 1 62.92623359919337 11.162760236138928 108.5
1 0 2.223809899798872 -100.86674326600956 -117.5
1 1 4.78142206285099 -96.15588139176455 -108.0
4393
-------------------New----------------
0 0 68.11974406646901 -48.56016653909644 118.5
0 1 69.51192096965421 -48.570183126158916 108.5
1 0 100.96539448473332 -48.790128165802805 -117.5
1 1 99.64335306181484 -48.781000806071646 -108.0
4400
-------------------New----------------
0 0 -69.74918178725736 109.4895189104222 118.5
0 1 -66.77664251464573 110.13851240933718 108.5
1 0 0.38961128644777715 124.79845345014398 -117.5
1 1 -2.4329236480410175 124.1822203811281 -108.0
4401
-------------------New----------------
0 0 -34.212650240934686 -34.17023175805732 118.5
0 1 -30.624718045585382 -32.47491084121815 108.5
1 0 50.49875526794146 5.910985318912075 -117.5
1 1 47.09111911972608 4.299201913510455 -108.0
4402
-------------------New----------------
0 0 -16.166026015873967 54.73291325297525 118.5
0 1 -16.129756946840896 50.08811914514747 108.5
1 0 -14.372804380753976 -54.38398995400695 -117.5
1 1 -14.488461915299084 -50.01310210306061 -108.0
4407
-------------------New----------------
0 0 -44.348079649645726 84.1740915050555 118.5
0 1 -45.50610651453986 81.98226668082523 108.5
1 0 -71.41489215860669 32.5557525217023 -117.5
1 1 -70.32567692820784 34.62200609143664 -108.0
4412
-------------------New----------------
0 0 -52.893863486854194 12.367029733912942 118.5
0 1 -50.25464907898636 16.053046125059808 108.5
1 0 9.335590122625124 99.31063306190384 -117.5
1 1 6.833603811086898 95.81188185548868 -108.0
4420
-------------------New----------------
0 0 87.10917858643612 -97.97818042115773 118.5
0 1 85.0023201422807 -96.59035095557809 108.5
1 0 37.436540165587544 -65.2366184038702 -117.5
1 1 39.43328067963566 -66.5535037985781 -108.0
4423
-------------------New----------------
0 0 23.989561074889902 2.577256785792958 118.5
0 1 26.288088866795174 6.351537886725085 108.5
1 0 78.25912549345901 91.71137389536906 -117.5
1 1 76.07604256444536 88.12104025397812 -108.0
4440
-------------------New----------------
0 0 67.49589834927743 19.047178961410356 118.5
0 1 67.79689692605369 23.366376076645533 108.5
1 0 74.53345928189087 121.06514783226783 -117.5
1 1 74.25244740568583 116.94952233359736 -108.0
4459
-------------------New----------------
0 0 -83.95094827468698 85.44468567073542 118.5
0 1 -83.22529860192262 87.2184928297662 108.5
1 0 -66.58756478602695 127.03506704276069 -117.5
1 1 -67.29095338041364 125.3667750257791 -108.0
4469
-------------------New----------------
0 0 104.97543992910178 -103.32634767537252 118.5
0 1 105.29188250223861 -103.65739246398752 108.5
1 0 112.38462551729177 -111.15920857389779 -117.5
1 1 112.08901478780555 -110.84031620857748 -108.0
4482
-------------------New----------------
0 0 21.5830194252517 52.520811352156464 118.5
0 1 21.338141967359444 50.129259539659834 108.5
1 0 15.696243384455915 -3.9524903752692673 -117.5
1 1 15.93395469892186 -1.6781459284000686 -108.0
4494
-------------------New----------------
0 0 -8.518394400941187 71.25196835587482 118.5
0 1 -12.464088110527832 71.60001190282365 108.5
1 0 -100.09506214370717 80.22241956871412 -117.5
1 1 -96.48459049892129 79.78199118675698 -108.0
4497
-------------------New----------------
0 0 -100.66281244335003 -77.66943957239087 118.5
0 1 -109.58179802385578 -84.19532799112363 108.5
1 0 -121.62416406648785 -44.00850181736753 -117.5
1 1 -120.04740935005309 -45.995473842644216 -108.0
4513
-------------------New----------------
0 0 85.35129918388307 -1.9544939243721333 118.5
0 1 85.0915252998522 -2.923241572776671 108.5
1 0 79.42592061799486 -24.64024880985935 -117.5
1 1 79.663119296791 -23.732135625499506 -108.0
4518
-------------------New----------------
0 0 41.57490085362494 57.96153392541339 118.5
0 1 40.26799961837218 54.24400838514216 108.5
1 0 10.472614143876616 -29.84745942718262 -117.5
1 1 11.738713788058218 -26.31256854109956 -108.0
4522
-------------------New----------------
0 0 -43.59589521535462 -98.98505560766093 118.5
0 1 -44.178588916276524 -99.81062607143966 108.5
1 0 -57.40531664907752 -118.4935538862637 -117.5
1 1 -56.84854843960513 -117.7085740934662 -108.0
4531
-------------------New----------------
0 0 -77.04725612070781 -34.591965369850215 118.5
0 1 -74.34329373918162 -33.72836703132656 108.5
1 0 -13.223274502567477 -14.199990771835123 -117.5
1 1 -15.793066125972848 -15.021369276221979 -108.0
4532
-------------------New----------------
0 0 -66.70227586541196 -5.391115671880428 118.5
0 1 -68.43676739062532 -10.461263938004596 108.5
1 0 -107.64092626572578 -125.0420439969334 -117.5
1 1 -105.99300642355021 -120.2257530444485 -108.0
4539
-------------------New----------------
0 0 55.578330496063735 -46.50029482939425 118.5
0 1 57.34193749614552 -43.85514388127767 108.5
1 0 97.16982319932562 15.943049417541943 -117.5
1 1 95.49496098089577 13.428303983648437 -108.0
4540
-------------------New----------------
0 0 66.38044872656003 -55.15385544063996 118.5
0 1 64.24219641768315 -55.88358378758225 108.5
1 0 15.916088337782208 -72.37849021423128 -117.5
1 1 17.947463287371978 -71.68502655557796 -108.0
4550
-------------------New----------------
0 0 -67.68084018507051 -11.745396709651462 118.5
0 1 -69.59701102174037 -13.333832009831147 108.5
1 0 -112.80805583987765 -49.241911712850374 -117.5
1 1 -110.99198364318622 -47.73088943944712 -108.0
4551
-------------------New----------------
0 0 -27.060972929007715 -117.20155044811239 118.5
0 1 -27.623183584520593 -116.53943804912706 108.5
1 0 -40.253143357875004 -101.56062327747566 -117.5
1 1 -39.72081687723873 -102.18682359293902 -108.0
4555
-------------------New----------------
0 0 34.542509013561855 84.37687381416671 118.5
0 1 36.507448208266425 82.69033727339031 108.5
1 0 80.92545431835073 44.59267916266684 -117.5
1 1 79.05810036409157 46.19334364442043 -108.0
4561
-------------------New----------------
0 0 -17.485604355206945 52.762314685491866 118.5
0 1 -11.672264607347788 51.946255615270935 108.5
1 0 119.75768911050052 33.472443154135 -117.5
1 1 114.23334868707077 34.249137847803894 -108.0
4564
-------------------New----------------
0 0 -36.18652401679806 -52.3488139736411 118.5
0 1 -38.86204586346593 -50.95163706644401 108.5
1 0 -99.33893874468794 -19.375591547225135 -117.5
1 1 -96.79585555915648 -20.7025986340792 -108.0
4565
-------------------New----------------
0 0 -41.712773876337806 -3.251111607287387 118.5
0 1 -39.77849099253304 -3.95976695323276 108.5
1 0 5.105503853944877 -20.03027074864915 -117.5
1 1 3.187014709263505 -19.37787141500408 -108.0
4568
-------------------New----------------
0 0 27.022401659539895 41.42450631897509 118.5
0 1 25.007654062607312 37.98076126835146 108.5
1 0 -23.170371448218756 -35.80716657874344 -117.5
1 1 -21.03825617093036 -32.87654793995539 -108.0
4584
-------------------New----------------
0 0 2.9639503865863785 -24.267021120953164 118.5
0 1 -1.001300222195291 -27.411847422407384 108.5
1 0 -90.6001136381017 -98.5400201862496 -117.5
1 1 -86.84457632096965 -95.54978264969131 -108.0
4585
-------------------New----------------
0 0 113.28339594888766 -6.348856342216139 118.5
0 1 113.61397020851805 -2.059179565962459 108.5
1 0 120.81638697285237 94.20277619277928 -117.5
1 1 120.51984629689056 90.16322431601472 -108.0
4588
-------------------New----------------
0 0 56.022523552153096 9.181625000263892 118.5
0 1 56.57632687412149 10.230544167088103 108.5
1 0 69.16285596914338 33.77981868082524 -117.5
1 1 68.6335228855823 32.790392700264626 -108.0
4594
-------------------New----------------
0 0 58.49222543977212 55.98364242939484 118.5
0 1 61.14799329734926 55.61508334108339 108.5
1 0 121.1420035048794 47.4125223574573 -117.5
1 1 118.6249532381348 47.7580605154968 -108.0
4603
-------------------New----------------
0 0 -29.35713360884389 25.325262832444373 118.5
0 1 -29.304635070286025 20.558471053552346 108.5
1 0 -28.18398497685544 -87.55838087767322 -117.5
1 1 -28.218764704931072 -83.01279019463068 -108.0
4616
-------------------New----------------
0 0 -31.083302126050437 -51.62345882516651 118.5
0 1 -28.055952386022266 -49.94385052299621 108.5
1 0 40.382681640069606 -12.01086282625992 -117.5
1 1 37.505536436329756 -13.60686336196459 -108.0
4639
-------------------New----------------
0 0 -6.8313760458773585 70.04289543054111 118.5
0 1 -7.848511998468831 70.73141865187226 108.5
1 0 -30.931013396172936 86.36633895881648 -117.5
1 1 -29.958678060780766 85.707094955986 -108.0
4648
-------------------New----------------
0 0 -23.561141580827734 58.73736458344759 118.5
0 1 -20.98101357537309 60.683065218947306 108.5
1 0 37.38977234217098 103.98236104848891 -117.5
1 1 34.93826312702149 102.1919065804399 -108.0
4653
-------------------New----------------
0 0 59.286514527309194 23.42890765630434 118.5
0 1 57.700542246140756 23.655537111513603 108.5
1 0 21.76072732835517 28.731401194454243 -117.5
1 1 23.272770948661243 28.519978945769207 -108.0
4659
-------------------New----------------
0 0 -46.893897146134336 2.3487702561581534 118.5
0 1 -47.86050889427642 5.5570916853595405 108.5
1 0 -69.61452940831346 78.0283489594607 -117.5
1 1 -68.70267946741062 74.98564983388546 -108.0
4670
-------------------New----------------
0 0 25.490790335828073 -92.50216617210504 118.5
0 1 25.925890017230664 -92.93776161501668 108.5
1 0 35.887896014278 -102.97384109733241 -117.5
1 1 35.47181378299031 -102.55543691236096 -108.0
4672
-------------------New----------------
0 0 -9.942426622102683 -21.22438306138722 118.5
0 1 -10.838263809346023 -23.939709311157433 108.5
1 0 -31.081835580121766 -85.29943429063616 -117.5
1 1 -30.230955929412147 -82.72025758005357 -108.0
4678
-------------------New----------------
0 0 -67.40016945126897 2.720450883445193 118.5
0 1 -64.08356569784404 5.414636671342694 108.5
1 0 10.798981118219224 66.33724920562778 -117.5
1 1 7.649459312537568 63.77584250802155 -108.0
4685
-------------------New----------------
0 0 36.76137373819242 67.80740280226972 118.5
0 1 38.19515067347282 68.39922544189861 108.5
1 0 70.62041519789014 81.82225373049997 -117.5
1 1 69.2568456508523 81.25781828000306 -108.0
4688
-------------------New----------------
0 0 -105.76101326964287 -1.1050271748301146 118.5
0 1 -106.50005719083597 -5.070167504294485 108.5
1 0 -123.03457135907884 -94.49195027309997 -117.5
1 1 -122.33728366581795 -90.73315383189775 -108.0
4690
-------------------New----------------
0 0 70.90709804381797 10.918237723840988 118.5
0 1 69.68823242553714 13.883339374473996 108.5
1 0 42.14321001826749 80.89526066671638 -117.5
1 1 43.30146965161166 78.07795651983666 -108.0
4696
-------------------New----------------
0 0 -119.87038455707996 59.732085275084124 118.5
0 1 -119.68315652545327 59.83334892708522 108.5
1 0 -114.96808902639066 62.315992956972615 -117.5
1 1 -115.1791458601488 62.191550343275615 -108.0
4701
-------------------New----------------
0 0 17.680990459085898 -71.41807756485713 118.5
0 1 17.29219735200832 -71.82827544844793 108.5
1 0 8.531717388508543 -81.07229846447086 -117.5
1 1 8.896127230548242 -80.68530596966872 -108.0
4710
-------------------New----------------
0 0 115.525594638424 100.37327557334702 118.5
0 1 114.99286540217528 100.6567756892235 108.5
1 0 102.97190709997513 107.068210474018 -117.5
1 1 103.4758338776883 106.79867792113234 -108.0
4711
-------------------New----------------
0 0 -66.42884551792791 53.36516504488827 118.5
0 1 -62.65680999001454 53.302790853149546 108.5
1 0 22.598060728749473 51.84671667599198 -117.5
1 1 19.0159915994604 51.909752100566514 -108.0
4712
-------------------New----------------
0 0 0.7001153343665276 10.342354713291588 118.5
0 1 -0.2552213569730576 13.060126629967636 108.5
1 0 -21.83413762686117 74.54745113893105 -117.5
1 1 -20.92259975264225 71.96288834067721 -108.0
4729
-------------------New----------------
0 0 -12.802364462622117 85.61280802851492 118.5
0 1 -15.081311099964584 86.12714570081877 108.5
1 0 -66.58449332927646 97.75608863835335 -117.5
1 1 -64.4196055498613 97.2670806914314 -108.0
4732
-------------------New----------------
0 0 34.43115366550366 0.08756321151779119 118.5
0 1 29.06962738680963 1.8300896344290745 108.5
1 0 -92.13799136008251 41.445655846035024 -117.5
1 1 -87.04439237061008 39.80308738878112 -108.0
4733
-------------------New----------------
0 0 44.34288494083218 -41.03748420296468 118.5
0 1 46.342807740719664 -39.60266804941881 108.5
1 0 91.51302142078735 -7.258811743400349 -117.5
1 1 89.61592540826807 -8.619693778736401 -108.0
4736
-------------------New----------------
0 0 74.2584085640822 -22.054042482294413 118.5
0 1 71.51967784376177 -17.986192315102784 108.5
1 0 6.538050038720584 75.14636819087767 -117.5
1 1 9.327566565659708 71.2967496921257 -108.0
4739
-------------------New----------------
0 0 88.84605999497984 105.27979762086281 118.5
0 1 89.29285263673579 104.3383738061162 108.5
1 0 99.3819178186905 83.08136506609615 -117.5
1 1 98.95674007973484 83.97783269397665 -108.0
4742
-------------------New----------------
0 0 9.764034594473175 -36.5641223843698 118.5
0 1 13.125705585222851 -39.1637316279141 108.5
1 0 89.17099141890796 -97.8223919629811 -117.5
1 1 85.973514521115 -95.35958899312372 -108.0
4744
-------------------New----------------
0 0 -5.4514991041051335 77.87885829548107 118.5
0 1 -6.268998855744256 78.27862218300565 108.5
1 0 -24.66385263890414 87.36822818754685 -117.5
1 1 -23.89594455396294 86.97997350463574 -108.0
4746
-------------------New----------------
0 0 -52.00243566687804 36.312779062319294 118.5
0 1 -53.90573634836502 37.78671175488397 108.5
1 0 -96.92795790330084 71.03427647366202 -117.5
1 1 -95.12069538262014 69.63998796159545 -108.0
4752
-------------------New----------------
0 0 -23.398457094246186 -49.63362303151656 118.5
0 1 -21.124862627834467 -47.05174766565775 108.5
1 0 30.172530432663972 11.335642628960107 -117.5
1 1 28.017295705495734 8.881897789240087 -108.0
4766
-------------------New----------------
0 0 108.91851992568768 0.6600314635007626 118.5
0 1 109.62227471350025 -0.4560915071367204 108.5
1 0 125.51680964033046 -25.597202981104772 -117.5
1 1 124.8488819288521 -24.54476057805007 -108.0
4771
-------------------New----------------
0 0 -54.87535141435205 -92.53503758992346 118.5
0 1 -53.81172730873807 -90.14972603469026 108.5
1 0 -29.55287767479419 -36.237507224432456 -117.5
1 1 -30.57195317999583 -38.51065511493225 -108.0
4774
-------------------New----------------
0 0 -9.902250981888018 26.89082252390047 118.5
0 1 -9.201272825314643 22.548635661385042 108.5
1 0 6.662408232622295 -75.64579770642776 -117.5
1 1 5.9935557176589045 -71.51576252188211 -108.0
4775
-------------------New----------------
0 0 -49.63937384994911 -27.8076831755333 118.5
0 1 -51.2474615972258 -23.03720896186386 108.5
1 0 -88.0052645759704 84.46248168674768 -117.5
1 1 -86.44772904937155 79.9559879021747 -108.0
4776
-------------------New----------------
0 0 -35.91714182120309 -49.11971260493019 118.5
0 1 -36.28575024384571 -49.37238202731386 108.5
1 0 -44.65858198304106 -55.05471903592011 -117.5
1 1 -44.308693125613885 -54.8259638049078 -108.0
4777
-------------------New----------------
0 0 14.897989328719694 -5.866031166456909 118.5
0 1 15.99168998245706 -8.888440330105576 108.5
1 0 40.718770936255524 -77.28803596907713 -117.5
1 1 39.68267843452135 -74.39988472243259 -108.0
4782
-------------------New----------------
0 0 15.868210363762639 87.1555039341948 118.5
0 1 12.933524305347268 86.29582917783485 108.5
1 0 -53.44624244218778 66.85407635062822 -117.5
1 1 -50.65442763715006 67.67077223116495 -108.0
4785
-------------------New----------------
0 0 38.952583708681075 57.53537235229201 118.5
0 1 35.875998180728175 56.94361420559085 108.5
1 0 -33.37096357963303 43.618872239534866 -117.5
1 1 -30.47686624087705 44.19343133021524 -108.0
4791
-------------------New----------------
0 0 11.649445933030643 -13.893622429194568 118.5
0 1 10.528289350455342 -11.151801483099831 108.5
1 0 -14.952264796764817 50.725701928551004 -117.5
1 1 -13.884719890329444 48.12473499956834 -108.0
4793
-------------------New----------------
0 0 49.89432226768109 104.8219697465606 118.5
0 1 48.96245611153553 103.95018005626905 108.5
1 0 27.898133180521388 84.2432386759422 -117.5
1 1 28.783684735917085 85.07191846394105 -108.0
4795
-------------------New----------------
0 0 36.974263241070624 16.626940270919143 118.5
0 1 36.85186052686457 15.227688214153801 108.5
1 0 33.87434567084666 -16.550290529920396 -117.5
1 1 34.009589524153945 -15.209872109798408 -108.0
4818
-------------------New----------------
0 0 100.25580876135166 51.97906996809339 118.5
0 1 100.81763312077202 47.859919850939555 108.5
1 0 113.5000912547116 -45.2543594659276 -117.5
1 1 112.96706413124107 -41.339398108455725 -108.0
4821
-------------------New----------------
0 0 24.1856477569389 -13.25274206853905 118.5
0 1 26.360889709321043 -18.01382681379756 108.5
1 0 75.46589470312442 -125.62378105775932 -117.5
1 1 73.40421782092373 -121.09754569511651 -108.0
4826
-------------------New----------------
0 0 51.673808486926404 -44.53753489285968 118.5
0 1 54.687259647396175 -39.79249010324781 108.5
1 0 122.7868040495695 67.37725108595517 -117.5
1 1 119.92716194135365 62.861429666178914 -108.0
4828
-------------------New----------------
0 0 108.08404983064581 -114.83286488856956 118.5
0 1 107.07911312337737 -116.25154083507807 108.5
1 0 -66.03752165164828 -91.80163638761296 -117.5
1 1 -63.797132594081155 -89.02034255744965 -108.0
4831
-------------------New----------------
0 0 -7.841084967861066 38.16337117036194 118.5
0 1 -4.031956974770015 38.24129832480198 108.5
1 0 82.07850872773587 39.94463610246977 -117.5
1 1 78.45763371805948 39.87407694947968 -108.0
4848
-------------------New----------------
0 0 -81.82177863316362 -37.85741572576841 118.5
0 1 -79.72183065423556 -38.88260865491036 108.5
1 0 -32.30713459366466 -61.98815701736426 -117.5
1 1 -34.293541721397766 -61.01891680952065 -108.0
4850
-------------------New----------------
0 0 -23.913531767263173 22.103697077360327 118.5
0 1 -21.342069418623723 20.125470069762123 108.5
1 0 37.062535851899035 -24.423273429452568 -117.5
1 1 34.6233901096985 -22.568502933935935 -108.0
4852
-------------------New----------------
0 0 41.69593058867428 122.64702139403724 118.5
0 1 38.78167843676747 122.79344526339779 108.5
1 0 -27.114336653619812 126.35921654928302 -117.5
1 1 -24.351270730047478 126.20660156109486 -108.0
4854
-------------------New----------------
0 0 5.9088245788498925 63.82031311274726 118.5
0 1 8.345167336028307 64.6529375366872 108.5
1 0 63.36046004278821 83.39757617284381 -117.5
1 1 61.04998688643765 82.60883964440106 -108.0
4869
-------------------New----------------
0 0 -20.89798772099009 30.637953284655357 118.5
0 1 -22.565934772150563 33.9026937440887 108.5
1 0 -60.33869675952934 107.90504084604103 -117.5
1 1 -58.74902992160314 104.79309283756186 -108.0
4878
-------------------New----------------
0 0 12.655246401118816 8.696608976253662 118.5
0 1 10.006271362058195 12.025712836068996 108.5
1 0 -49.85176756709782 87.25990263906337 -117.5
1 1 -47.334879496065625 84.09732306791012 -108.0
4906
-------------------New----------------
0 0 54.85749070892464 -17.303376954158196 118.5
0 1 56.81087962870733 -13.805160992790913 108.5
1 0 101.01850210431759 65.5102078951059 -117.5
1 1 99.16382525910618 62.17184643581097 -108.0
4910
-------------------New----------------
0 0 -56.88707036311988 -1.6353158513851198 118.5
0 1 -59.06014400646406 -1.8786117586576014 108.5
1 0 -108.62919259189509 -6.026727181472031 -117.5
1 1 -106.52095210410899 -5.863222036960673 -108.0
4920
-------------------New----------------
0 0 30.410703787775837 31.758921124755204 118.5
0 1 27.81173849644237 33.680073311748615 108.5
1 0 -30.932428401410146 77.13636793701548 -117.5
1 1 -28.462794668977814 75.3086033330838 -108.0
4922
-------------------New----------------
0 0 -78.05675692943937 43.97531025546728 118.5
0 1 -76.44885443563314 41.0035379442766 108.5
1 0 -40.05976080254984 -26.140122894075073 -117.5
1 1 -41.590667890488405 -23.323282787645883 -108.0
4931
-------------------New----------------
0 0 -4.803298116422005 12.278980913380419 118.5
0 1 -8.280519364693713 11.823873805829216 108.5
1 0 -85.84488113911684 1.5572888638852531 -117.5
1 1 -82.61892701515362 1.9917361709147396 -108.0
4941
-------------------New----------------
0 0 28.451664298674086 40.42660996004418 118.5
0 1 31.02349826896865 41.977763255784694 108.5
1 0 89.00755857251839 77.14410296765365 -117.5
1 1 86.57491520589109 75.6653388045106 -108.0
4957
-------------------New----------------
0 0 -103.11492263503007 9.838546539589547 118.5
0 1 -102.54936274647136 7.619022603646822 108.5
1 0 -89.78769116518592 -42.866095159118444 -117.5
1 1 -90.31769883312421 -40.75796304286996 -108.0
4968
-------------------New----------------
0 0 77.0814265940802 -18.73109094605747 118.5
0 1 76.78328751306977 -17.193896449764146 108.5
1 0 70.03065117711772 17.546368672891724 -117.5
1 1 70.3152095128749 16.085783108335963 -108.0
4970
-------------------New----------------
0 0 -52.279921855832356 44.55223618832356 118.5
0 1 -49.83941604005794 46.19503523464244 108.5
1 0 5.310109114194947 83.32427093634381 -117.5
1 1 2.9914408585596144 81.76392826206884 -108.0
4973
-------------------New----------------
0 0 -87.53216656880697 -62.80140391081112 118.5
0 1 -88.66999142728118 -65.5059805439736 108.5
1 0 -114.32927136214543 -126.55569303406567 -117.5
1 1 -113.25481990998676 -123.97635723375728 -108.0
4976
-------------------New----------------
0 0 17.69703068318499 -7.287066338180653 118.5
0 1 17.42587125867888 -7.5288208797032325 108.5
1 0 11.21527833496275 -13.014667961948007 -117.5
1 1 11.47954841739347 -12.783625257831915 -108.0
4983
-------------------New----------------
0 0 24.585259480123593 72.68821700980305 118.5
0 1 27.474790209325885 72.84875439051144 108.5
1 0 92.79222484637151 76.47141188896214 -117.5
1 1 90.04508361698643 76.32046031278152 -108.0
4987
-------------------New----------------
0 0 26.177921761400807 108.20356901029109 118.5
0 1 27.33272171347947 108.93461504402475 108.5
1 0 53.29288090846369 125.6890236147432 -117.5
1 1 52.19189673385946 124.98560264331736 -108.0
4989
-------------------New----------------
0 0 -33.99663212612829 -80.38949834446977 118.5
0 1 -32.70180268020131 -80.47078004640709 108.5
1 0 -3.4355468741503374 -82.3284905485321 -117.5
1 1 -4.664582034061559 -82.25000396897663 -108.0
4992
-------------------New----------------
0 0 -36.696127532594495 -71.32723067210642 118.5
0 1 -33.148245254474276 -72.33067731534358 108.5
1 0 47.01046925392957 -95.04845276013619 -117.5
1 1 43.64032404008083 -94.09297799635362 -108.0
4994
-------------------New----------------
0 0 -47.598942900799464 107.03666116364812 118.5
0 1 -47.62282753150273 105.5474763687982 108.5
1 0 -48.136187811516116 71.78523086427707 -117.5
1 1 -48.11846680983895 73.20911836755769 -108.0
4996
-------------------New----------------
0 0 -26.857413103438297 -28.420858285531587 118.5
0 1 -28.911207385395937 -32.42829848460516 108.5
1 0 -75.2169742016751 -122.98136917745754 -117.5
1 1 -73.27592739238665 -119.17658836288724 -108.0
4999
-------------------New----------------
0 0 -20.44097581072223 -22.56603275557158 118.5
0 1 -14.48750566008324 -21.18400092182364 108.5
1 0 120.0425614724584 10.051337086859 -117.5
1 1 114.38470036329011 8.734010221517954 -108.0
5010
-------------------New----------------
0 0 -72.25984810015083 113.92148691341367 118.5
0 1 -73.11209429086058 113.01363507203419 108.5
1 0 -92.33766299357112 92.54639053943856 -117.5
1 1 -91.53409104774596 93.4056063558873 -108.0
5014
-------------------New----------------
0 0 29.599970928065687 107.21047776367898 118.5
0 1 31.39465252897657 107.94043620492084 108.5
1 0 71.97772196303418 124.50271158233599 -117.5
1 1 70.25843673277157 123.80100873793393 -108.0
5015
-------------------New----------------
0 0 37.22978486211643 -73.54949801327278 118.5
0 1 37.274508342598054 -73.3778095147302 108.5
1 0 38.308430816742415 -69.45274247297235 -117.5
1 1 38.26774170931922 -69.62029600344869 -108.0
5016
-------------------New----------------
0 0 8.104674793567714 -51.97986527902303 118.5
0 1 8.397045620145615 -55.18989857337508 108.5
1 0 14.98428674426265 -127.64820260239648 -117.5
1 1 14.709877505638527 -124.60526780489779 -108.0
5022
-------------------New----------------
0 0 31.855342923180405 5.575229465098741 118.5
0 1 35.68806346723029 7.662250948107262 108.5
1 0 122.45974449965232 54.56341369054759 -117.5
1 1 118.79827144067796 52.59430035762259 -108.0
5024
-------------------New----------------
0 0 32.59198275958354 91.94747837752033 118.5
0 1 30.483118298877848 90.18242208753699 108.5
1 0 -17.167011426210774 50.299456363907034 -117.5
1 1 -15.164234292774614 51.9757702070421 -108.0
5033
-------------------New----------------
0 0 -14.020319234224136 64.12855800021899 118.5
0 1 -15.286612552487322 61.547077489476536 108.5
1 0 -43.903100461468455 3.2044496146953008 -117.5
1 1 -42.69918002761297 5.657953668347924 -108.0
5039
-------------------New----------------
0 0 -120.7043237079245 -15.463704521687722 118.5
0 1 -120.76371229480401 -15.452665983535336 108.5
1 0 -121.85052407790783 -14.917848850205313 -117.5
1 1 -121.81448254409054 -14.946397895171652 -108.0
5048
-------------------New----------------
0 0 58.172583474023234 -82.05276077638385 118.5
0 1 55.73757656711113 -79.22468018228291 108.5
1 0 0.6739213014441642 -15.169125455716458 -117.5
1 1 2.98714399581307 -17.862761114038797 -108.0
5052
-------------------New----------------
0 0 -3.5827274093771537 -23.776343446896803 118.5
0 1 -2.8016301952661307 -23.57698391327453 108.5
1 0 14.98222723175083 -19.199779478094733 -117.5
1 1 14.231414485516282 -19.385500489246287 -108.0
5055
-------------------New----------------
0 0 -60.9431148994404 46.08560281863368 118.5
0 1 -62.713563318374995 43.826423036361945 108.5
1 0 -102.70022330532228 -7.233613778692211 -117.5
1 1 -101.01976374956678 -5.086894786278041 -108.0
5059
-------------------New----------------
0 0 -77.31074862642826 -92.01782177162636 118.5
0 1 -74.84178684773958 -92.17616405486632 108.5
1 0 -19.028747736129176 -95.91980490687646 -117.5
1 1 -21.37865308613578 -95.7633610957604 -108.0
5062
-------------------New----------------
0 0 116.88166389796777 29.452343857791824 118.5
0 1 117.01385808345465 23.83856745144039 108.5
1 0 116.65494671006529 -102.68920298319327 -117.5
1 1 116.74719530301039 -97.27447168719996 -108.0
5065
-------------------New----------------
0 0 12.052185210068851 20.410207253654974 118.5
0 1 12.478901528641765 20.996073438976133 108.5
1 0 22.096738958906382 34.22806784121462 -117.5
1 1 21.693253737666232 33.67185500698148 -108.0
5068
-------------------New----------------
0 0 -89.31272227757994 10.441235927774576 118.5
0 1 -88.0098222525384 5.4879694910429295 108.5
1 0 -58.558105872690746 -106.49039110522872 -117.5
1 1 -59.79553284320358 -101.78341837874562 -108.0
5069
-------------------New----------------
0 0 77.2819188649878 -64.83238000264569 118.5
0 1 77.13823088818945 -61.35785010150936 108.5
1 0 73.87106173844418 17.169241221778535 -117.5
1 1 74.00863104988709 13.867331539684141 -108.0
5074
-------------------New----------------
0 0 0.9672823609178149 -58.46457794725897 118.5
0 1 -0.925108114219699 -58.50285511861124 108.5
1 0 -43.78980969178065 -59.261057618556904 -117.5
1 1 -41.987640680636595 -59.235425097069786 -108.0
5076
-------------------New----------------
0 0 77.3148615288571 -80.34017829472117 118.5
0 1 77.25071257000286 -80.73616291576596 108.5
1 0 75.81884278763326 -89.68817035367724 -117.5
1 1 75.87755809657462 -89.31158972363188 -108.0
5082
-------------------New----------------
0 0 -55.81080471750848 -55.501964460269974 118.5
0 1 -53.9921558514068 -54.5160433901533 108.5
1 0 -12.893640917217349 -32.20344138193019 -117.5
1 1 -14.61708602390631 -33.14405125047302 -108.0
5086
-------------------New----------------
0 0 -61.77248016873502 -2.7999194262980454 118.5
0 1 -60.925690816744556 -1.172070101233405 108.5
1 0 -41.57594375767714 35.447287622985385 -117.5
1 1 -42.38835693811822 33.93186840461932 -108.0
5092
-------------------New----------------
0 0 29.480179417686543 41.53170744104379 118.5
0 1 29.827224941657 43.19707503983029 108.5
1 0 37.58061751192972 80.87826490554009 -117.5
1 1 37.26059029984337 79.28356144251799 -108.0
5101
-------------------New----------------
0 0 -26.10976855751404 16.378758538272884 118.5
0 1 -23.517507563684628 14.355513734573965 108.5
1 0 35.11107703404894 -31.362865314980763 -117.5
1 1 32.64403420822026 -29.44290590521657 -108.0
5102
-------------------New----------------
0 0 59.79004390214421 -73.50390061244366 118.5
0 1 61.04586936055809 -70.62910905045682 108.5
1 0 89.4652396067398 -5.663136352664836 -117.5
1 1 88.26582856515333 -8.397496402920012 -108.0
5103
-------------------New----------------
0 0 64.58985258015268 56.20674988954623 118.5
0 1 62.487248564653285 52.339664854448905 108.5
1 0 14.97857236553555 -35.098909591666946 -117.5
1 1 16.97623602357257 -31.422680407038712 -108.0
5118
-------------------New----------------
0 0 91.74429364047583 101.33215750931657 118.5
0 1 91.85195281994945 103.21479531502249 108.5
1 0 -46.5964031913675 -100.26600100181803 -117.5
1 1 -47.43950449474869 -100.14349257417683 -108.0
5120
-------------------New----------------
0 0 -16.002599073443175 30.035241696267853 118.5
0 1 -12.455194156657473 24.725424196628637 108.5
1 0 67.67162295781338 -95.23581020531347 -117.5
1 1 64.30355357666151 -90.19566613350352 -108.0
5124
-------------------New----------------
0 0 -49.542874672420524 -13.198955473823588 118.5
0 1 -43.862439120559834 -13.458139424186419 108.5
1 0 84.53777134046996 -19.24450762688256 -117.5
1 1 79.14076331875341 -19.00427276046725 -108.0
5130
-------------------New----------------
0 0 -100.78277522792257 -54.76301380691426 118.5
0 1 -100.89598544397397 -57.01246431862601 108.5
1 0 -103.43380062150536 -107.84114989119476 -117.5
1 1 -103.32655646029703 -105.70442436629449 -108.0
5136
-------------------New----------------
0 0 5.872509350184476 -13.414890280830765 118.5
0 1 5.212301864533693 -14.263119069584425 108.5
1 0 -9.722031158476815 -33.459741586809045 -117.5
1 1 -9.092514021124677 -32.65162090686521 -108.0
5142
-------------------New----------------
0 0 -21.97866863740129 -9.219678106519307 118.5
0 1 -18.09996867450837 -6.93100203823356 108.5
1 0 69.50963052588085 44.61732737084401 -117.5
1 1 65.82946849807531 42.4552354404101 -108.0
5151
-------------------New----------------
0 0 44.524525351552484 48.54056878891271 118.5
0 1 40.502775685223654 44.70923844487903 108.5
1 0 -50.39228872850695 -41.875567946495245 -117.5
1 1 -46.572168863954 -38.23600274976887 -108.0
5166
-------------------New----------------
0 0 -10.51950336183301 26.986935123847438 118.5
0 1 -10.941926375710448 20.88078224840928 108.5
1 0 -20.514766324120906 -117.12048152875809 -117.5
1 1 -20.111360019444618 -111.3199981430761 -108.0
5169
-------------------New----------------
0 0 -94.86405481338716 -3.065149720461188 118.5
0 1 -95.16135521602111 -1.2931219375940661 108.5
1 0 -101.90235737459105 38.76450143868384 -117.5
1 1 -101.61762719118438 37.081888445574535 -108.0
5174
-------------------New----------------
0 0 92.62413307069069 122.87610432151776 118.5
0 1 92.06279356607646 122.51596061502036 108.5
1 0 79.49060052207548 114.30519821215111 -117.5
1 1 80.02510252066115 114.64663029763683 -108.0
5176
-------------------New----------------
0 0 -21.048621772397865 -82.39272482748136 118.5
0 1 -20.777765355158113 -82.7137345125976 108.5
1 0 -14.568561979369502 -89.9625678300008 -117.5
1 1 -14.827216924737646 -89.65831557393624 -108.0
5181
-------------------New----------------
0 0 74.62552382245252 81.65172781500392 118.5
0 1 74.3095740074187 81.93010308070052 108.5
1 0 67.11984125437438 88.23463624258446 -117.5
1 1 67.42225328724976 87.96812257189802 -108.0
5188
-------------------New----------------
0 0 -2.531552364690018 8.8045328991051 118.5
0 1 1.0335105999915686 10.333375697772492 108.5
1 0 81.42281195848678 44.8458594911746 -117.5
1 1 78.05038809146828 43.3945687322421 -108.0
5194
-------------------New----------------
0 0 59.77807144957578 116.84412027828193 118.5
0 1 62.24559690715292 116.48156440036807 108.5
1 0 118.14493773501843 108.21145007443351 -117.5
1 1 115.77820703221698 108.56286095340045 -108.0
5200
-------------------New----------------
0 0 8.461434967779091 -2.4294445613884204 118.5
0 1 5.041938349867043 -7.237633015277895 108.5
1 0 -72.36761369304216 -115.92396958354286 -117.5
1 1 -69.11281465919446 -111.35312050721886 -108.0
5201
-------------------New----------------
0 0 42.40751899509887 26.17966134052397 118.5
0 1 38.740224092010905 22.101911704455414 108.5
1 0 -44.16952560341461 -70.06699054056082 -117.5
1 1 -40.683297055282225 -66.19226116883902 -108.0
5204
-------------------New----------------
0 0 -93.77672370300078 90.55255226245198 118.5
0 1 -94.91761923386203 88.55223996974595 108.5
1 0 -121.17861737859224 43.34923091066471 -117.5
1 1 -120.08088278717669 45.25846994641529 -108.0
5209
-------------------New----------------
0 0 42.37042152665016 115.68196298657044 118.5
0 1 39.39538671630595 115.20308676889763 108.5
1 0 -27.87620195992965 104.37190894947533 -117.5
1 1 -25.04743620745705 104.82912265791008 -108.0
5224
-------------------New----------------
0 0 -40.00135654588867 -31.968481356563387 118.5
0 1 -39.228206499590726 -32.87657550295309 108.5
1 0 -21.767901398316106 -53.39778391833939 -117.5
1 1 -22.5025759574737 -52.535897434293986 -108.0
5231
-------------------New----------------
0 0 74.36134928072661 -75.05037784308101 118.5
0 1 75.69366586972893 -75.227022413922 108.5
1 0 107.22467564069102 -78.93468181920021 -117.5
1 1 105.89875546265905 -78.81184497768366 -108.0
5232
-------------------New----------------
0 0 100.41737442986127 3.188653355951427 118.5
0 1 98.95305635561692 0.8968725601031586 108.5
1 0 65.91814985328026 -50.91066639204281 -117.5
1 1 67.30516198948689 -48.733216243326794 -108.0
5238
-------------------New----------------
0 0 28.312904769053535 -29.443985284476334 118.5
0 1 24.16499925999363 -32.71099031320334 108.5
1 0 -69.58342261336551 -106.56078498406751 -117.5
1 1 -65.64213118689486 -103.45570567376203 -108.0
5240
-------------------New----------------
0 0 97.56123178726855 38.04745641896257 118.5
0 1 97.19748675329667 34.33449771405803 108.5
1 0 89.07802567818534 -49.5721824231949 -117.5
1 1 89.41945164509073 -46.041943309549055 -108.0
5244
-------------------New----------------
0 0 22.323689708306944 48.056196488412965 118.5
0 1 19.231582683510688 47.01095295094329 108.5
1 0 -50.651361237407485 23.399325423376443 -117.5
1 1 -47.71484504199263 24.392621680827357 -108.0
5247
-------------------New----------------
0 0 29.678995940403944 -82.81135053036972 118.5
0 1 30.358289778139984 -83.1704139551485 108.5
1 0 45.55387366119446 -91.41054026940519 -117.5
1 1 44.9122972636935 -91.064176844465 -108.0
5250
-------------------New----------------
0 0 -79.90585663901071 40.99750125193377 118.5
0 1 -79.05559106732582 44.41951594834991 108.5
1 0 -59.614091327555855 121.0674119594357 -117.5
1 1 -60.438065344300796 117.85332249416963 -108.0
5251
-------------------New----------------
0 0 56.25861649020184 -66.18610558453199 118.5
0 1 57.72173283056084 -65.95708729143303 108.5
1 0 90.77265915722376 -60.72160991129332 -117.5
1 1 89.37987344614456 -60.94222275454791 -108.0
5252
-------------------New----------------
0 0 -14.044949642000802 72.98839811145413 118.5
0 1 -16.585352032114557 71.03890166322508 108.5
1 0 -73.86058521330503 27.31183750813068 -117.5
1 1 -71.44998325348953 29.147003654903198 -108.0
5253
-------------------New----------------
0 0 -0.19425408138350483 -112.93265699102264 118.5
0 1 -2.992506878067297 -111.89768912588438 108.5
1 0 -66.22846645837639 -88.47434782618365 -117.5
1 1 -63.57767350899915 -89.45644983188171 -108.0
5262
-------------------New----------------
0 0 -30.011389556587638 14.036178868678704 118.5
0 1 -32.41576232173362 9.748948504159937 108.5
1 0 -86.7652876279405 -87.11550236934808 -117.5
1 1 -84.48089680076464 -83.04564916607504 -108.0
5263
-------------------New----------------
0 0 -45.69018030625474 -71.89996982408373 118.5
0 1 -48.3500833455672 -72.89806650738025 108.5
1 0 -108.43851088857124 -95.42921004802027 -117.5
1 1 -105.91376832772823 -94.48276136217967 -108.0
5269
-------------------New----------------
0 0 -74.48167254791603 -42.72804558136419 118.5
0 1 -70.97372737544295 -40.744650654715926 108.5
1 0 8.290968871691947 4.086331243687146 -117.5
1 1 4.958774405178881 2.201965811091255 -108.0
5281
-------------------New----------------
0 0 -22.305323592134776 21.162679521676445 118.5
0 1 -25.692844689255914 16.286931605733763 108.5
1 0 -102.26198332786777 -93.88960927727561 -117.5
1 1 -99.04176731474072 -89.25849285281545 -108.0
5284
-------------------New----------------
0 0 45.46031805966153 -5.574196530101245 118.5
0 1 41.5760582980199 -7.697680457038011 108.5
1 0 -45.42210601544631 -55.315208904971485 -117.5
1 1 -41.781882409548 -53.299075628078334 -108.0
5293
-------------------New----------------
0 0 8.24191036160914 -80.80615024133087 118.5
0 1 7.4298550170222395 -79.37918941863043 108.5
1 0 -11.088189590133748 -46.94938277837181 -117.5
1 1 -10.306898575416351 -48.312540002181535 -108.0
5296
-------------------New----------------
0 0 90.92929264049502 -45.097801457523985 118.5
0 1 89.56796118378833 -39.29535214050192 108.5
1 0 58.79335036336628 91.86160480682712 -117.5
1 1 60.087476691643815 86.35022190582126 -108.0
5306
-------------------New----------------
0 0 -40.77866189345886 -83.75535553082645 118.5
0 1 -34.59634158327681 -81.78912303829718 108.5
1 0 105.03417880911661 -37.57926242042277 -117.5
1 1 99.17175556410561 -39.43918585310518 -108.0
5315
-------------------New----------------
0 0 -64.72260571943494 -30.342160059774223 118.5
0 1 -62.918872480862795 -26.882648219212967 108.5
1 0 -22.105018839702087 51.33335528428446 -117.5
1 1 -23.82184230156127 48.04564017060396 -108.0
5321
-------------------New----------------
0 0 -55.42263214631605 41.25942350409403 118.5
0 1 -53.039349263423546 41.42050782473176 108.5
1 0 0.8125694561698651 45.06824743937044 -117.5
1 1 -1.4511916559659983 44.91478329067276 -108.0
5325
-------------------New----------------
0 0 -38.08276514380096 65.64910176320043 118.5
0 1 -41.49076491478489 66.86350162827375 108.5
1 0 -118.45630212570447 94.360698187192 -117.5
1 1 -115.2246132593546 93.20063481298548 -108.0
5327
-------------------New----------------
0 0 40.81565014161829 -84.23982847237446 118.5
0 1 40.09179756393503 -81.67560811736044 108.5
1 0 23.733427105893256 -23.67181846836843 -117.5
1 1 24.42013820951476 -26.110424930871282 -108.0
5337
-------------------New----------------
0 0 -29.430133278518934 79.82767180088004 118.5
0 1 -24.543244112150134 81.22480598952345 108.5
1 0 85.62128601924546 113.22652373648012 -117.5
1 1 80.97826922138749 111.87864680450109 -108.0
5340
-------------------New----------------
0 0 41.82881537257457 -41.10658287742473 118.5
0 1 43.98798112182103 -34.86242525576929 108.5
1 0 92.78885758490067 106.24950514905133 -117.5
1 1 90.73743534158166 100.31792583524665 -108.0
5352
-------------------New----------------
0 0 -11.945115545119146 36.443134296399855 118.5
0 1 -15.563624564599001 37.09484553159982 108.5
1 0 -97.34434513543704 51.8246895139521 -117.5
1 1 -93.90662777827217 51.205530036842354 -108.0
5362
-------------------New----------------
0 0 -16.311158076037255 46.687879455040715 118.5
0 1 -15.613408939787897 48.44180310106311 108.5
1 0 0.10574332200976126 88.05775046141721 -117.5
1 1 -0.5536381086264688 86.39048833264232 -108.0
5365
-------------------New----------------
0 0 -31.056742166854253 -73.06854308479612 118.5
0 1 -27.91077324432294 -74.69235431261465 108.5
1 0 42.39629708360253 -112.53147743233964 -117.5
1 1 39.46152591649921 -110.91187099499209 -108.0
5367
-------------------New----------------
0 0 -111.48322564289379 51.75862520582617 118.5
0 1 -111.90234678661616 47.52903114842437 108.5
1 0 -121.38714325545519 -48.0608871764481 -117.5
1 1 -120.98763877549996 -44.04438297831374 -108.0
5373
-------------------New----------------
0 0 -15.940656367828485 55.178457492082224 118.5
0 1 -18.445711927420046 54.74467468669006 108.5
1 0 -75.05325901657446 44.914358904325994 -117.5
1 1 -72.67457747177039 45.32827672484159 -108.0
5383
-------------------New----------------
0 0 -1.2968623139142408 -20.218113400122785 118.5
0 1 4.043234329588952 -17.46037593774449 108.5
1 0 124.7812749675682 44.7683771299755 -117.5
1 1 119.70631210957572 42.1547119511795 -108.0
5393
-------------------New----------------
0 0 -81.39563038666407 77.99809973266909 118.5
0 1 -78.25313118351096 77.62445987548318 108.5
1 0 -7.2356416083036805 69.2023585982765 -117.5
1 1 -10.220535196963123 69.55611829693348 -108.0
5394
-------------------New----------------
0 0 78.29938194985465 64.15782906418477 118.5
0 1 78.48865739108261 63.19351891493958 108.5
1 0 82.7698345608033 41.38578113931164 -117.5
1 1 82.58969198825783 42.302419808645524 -108.0
5403
-------------------New----------------
0 0 7.017163450665196 -73.17492536205123 118.5
0 1 9.315704793321038 -69.73078302470262 108.5
1 0 61.135589325081945 8.252581008141641 -117.5
1 1 58.9610971333348 4.9721269794397625 -108.0
5410
-------------------New----------------
0 0 48.474602670691226 -56.812463887880234 118.5
0 1 51.0046524802428 -56.162495021885356 108.5
1 0 108.22989627477594 -41.44358750959124 -117.5
1 1 105.82153862010371 -42.061638804996946 -108.0
5416
-------------------New----------------
0 0 -49.91068124487348 96.92058637113028 118.5
0 1 -48.1068802737454 95.89334059681752 108.5
1 0 -7.239638899089249 72.73302846626015 -117.5
1 1 -8.957008720193768 73.70962639272774 -108.0
5421
-------------------New----------------
0 0 -55.325066604083744 -27.628524949475555 118.5
0 1 -53.40841886493877 -28.46971556202589 108.5
1 0 -10.115795020813064 -47.510928734601656 -117.5
1 1 -11.935918817536894 -46.71043444367235 -108.0
5427
-------------------New----------------
0 0 -18.35862350730381 1.973993563706064 118.5
0 1 -20.916785536032542 0.6505811933822244 108.5
1 0 -78.7323678555177 -29.238974392296296 -117.5
1 1 -76.30221151232666 -27.982336358204755 -108.0
5435
-------------------New----------------
0 0 -49.14930944529191 45.76492355676911 118.5
0 1 -48.41023090345712 47.23704820567993 108.5
1 0 -31.678704061916285 80.44780000817788 -117.5
1 1 -32.38245720887921 79.05486201501077 -108.0
5441
-------------------New----------------
0 0 47.56926166317274 -76.77228028811815 118.5
0 1 45.21966849372494 -76.77314216654398 108.5
1 0 -7.880750382337219 -76.76527345265491 -117.5
1 1 -5.648435262026332 -76.76612921371772 -108.0
5446
-------------------New----------------
0 0 28.532877972263485 48.78128670648681 118.5
0 1 26.2094241610827 46.35291466608292 108.5
1 0 -26.27118978222095 -8.55284390503775 -117.5
1 1 -24.061396342237536 -6.2548804946476375 -108.0
5454
-------------------New----------------
0 0 -5.523389825111254 68.94392816520585 118.5
0 1 -6.897699119506005 64.79046409821892 108.5
1 0 -37.9209090734479 -29.028347968952268 -117.5
1 1 -36.61711566609085 -25.083575249571858 -108.0
5460
-------------------New----------------
0 0 -81.27854229152908 -68.0419074238566 118.5
0 1 -78.58937164192919 -66.79152751597836 108.5
1 0 -17.898281225628264 -38.581785050514185 -117.5
1 1 -20.448402690446173 -39.76368705953799 -108.0
5461
-------------------New----------------
0 0 -5.057363672883788 28.201777318449093 118.5
0 1 -9.876617383363499 31.02890724458329 108.5
1 0 -118.6274393893168 94.81110463340953 -117.5
1 1 -114.06041512537857 92.13017055316625 -108.0
5462
-------------------New----------------
0 0 -38.737131276038085 -34.5503929676639 118.5
0 1 -38.84761427694359 -30.70149621217315 108.5
1 0 -41.3370054258796 56.28501083047225 -117.5
1 1 -41.232618830299614 52.628078037416515 -108.0
5465
-------------------New----------------
0 0 -33.001714187914665 -43.519004129763715 118.5
0 1 -34.12479487311637 -38.34339276565409 108.5
1 0 -59.471431410865875 78.59599433961826 -117.5
1 1 -58.40681057043416 73.68027729494516 -108.0
5475
-------------------New----------------
0 0 -54.51037881512032 -66.90962591127177 118.5
0 1 -56.21679520838093 -63.115547174177024 108.5
1 0 -94.78820138106337 22.676729191851887 -117.5
1 1 -93.16641648159296 19.07162398415415 -108.0
5480
-------------------New----------------
0 0 -7.168648618976 -9.28932678007399 118.5
0 1 -9.161706144241704 -12.19212878473796 108.5
1 0 -54.123044771518096 -77.79448011052794 -117.5
1 1 -52.236389669422785 -75.03522423142937 -108.0
5481
-------------------New----------------
0 0 -3.0216009435824214 -112.89702748806394 118.5
0 1 -8.255322208602056 -111.96743856278654 108.5
1 0 -126.52725079303625 -90.93929268106872 -117.5
1 1 -121.55673663474961 -91.82273452862295 -108.0
5498
-------------------New----------------
0 0 -44.267307533530875 51.890942610479996 118.5
0 1 -41.48737790880495 47.710431653880875 108.5
1 0 21.467667841803383 -46.64555848436525 -117.5
1 1 18.818812389729224 -42.6725807825593 -108.0
5500
-------------------New----------------
0 0 84.08629892448842 -3.7758444410031204 118.5
0 1 83.2809000218034 -7.1920026436732725 108.5
1 0 65.02581480571016 -84.44986633296966 -117.5
1 1 65.79435420843849 -81.19843666413789 -108.0
5502
-------------------New----------------
0 0 -92.49667588681761 -78.03436997427197 118.5
0 1 -93.79649921375196 -79.66733782829569 108.5
1 0 -123.08133898771514 -116.36993712256944 -117.5
1 1 -121.8554582111788 -114.83884701705851 -108.0
5503
-------------------New----------------
0 0 -98.16771576058974 58.60874174030113 118.5
0 1 -99.23280020644818 57.76321145331934 108.5
1 0 -123.37944700410404 38.629869353339714 -117.5
1 1 -122.35944811653292 39.43344206502859 -108.0
5504
-------------------New----------------
0 0 56.14957463805725 -17.46361067369539 118.5
0 1 54.4507318633131 -19.54181177154462 108.5
1 0 16.027110707842557 -66.50702635996959 -117.5
1 1 17.6434513149327 -64.53341327380815 -108.0
5528
-------------------New----------------
0 0 62.95526245662954 -18.036496516003186 118.5
0 1 60.313182691428985 -20.947375735234765 108.5
1 0 0.5767162269196179 -86.74162057129078 -117.5
1 1 3.0906594923790522 -83.97677615512241 -108.0
5533
-------------------New----------------
0 0 -103.5302460301591 -52.274754905707745 118.5
0 1 -102.7849055939892 -47.57931178653769 108.5
1 0 -85.92332122016543 58.564733504918664 -117.5
1 1 -86.64326976225507 54.10248147812784 -108.0
5541
-------------------New----------------
0 0 -51.74770182396243 -29.083767437582885 118.5
0 1 -53.52719565037872 -26.864214578951742 108.5
1 0 -93.70177899211286 23.250846273145235 -117.5
1 1 -92.01727289139743 21.140706876277864 -108.0
5557
-------------------New----------------
0 0 76.45488647677193 -33.27596619539101 118.5
0 1 77.12998022316063 -30.94710063233316 108.5
1 0 92.39916632908309 21.677679160915474 -117.5
1 1 91.75622828025836 19.465334515882567 -108.0
5558
-------------------New----------------
0 0 64.58467629648652 -8.109369348051706 118.5
0 1 60.957769809406024 -4.105147242440504 108.5
1 0 -20.905697131031403 86.61851687849544 -117.5
1 1 -17.497464797787977 82.79590019014287 -108.0
5562
-------------------New----------------
0 0 113.63212720806784 22.521838838410346 118.5
0 1 112.99884118068735 22.943922219681646 108.5
1 0 99.25862324148821 32.8702857867488 -117.5
1 1 99.83885828507556 32.44256206197714 -108.0
5576
-------------------New----------------
0 0 -29.723818595832235 -7.547996751566262 118.5
0 1 -27.06439947164613 -9.236250283033069 108.5
1 0 33.01151309095651 -47.397938521973664 -117.5
1 1 30.48662724003084 -45.793975796631244 -108.0
5586
-------------------New----------------
0 0 40.33226783297534 9.698393838989425 118.5
0 1 35.04597806721162 9.186773705081045 108.5
1 0 -84.36653498895546 -2.3746212466744305 -117.5
1 1 -79.3471884638407 -1.885389387223865 -108.0
5593
-------------------New----------------
0 0 -73.84516424421976 2.397794759823749 118.5
0 1 -75.8400796061625 1.6129468329034615 108.5
1 0 -120.92549744762218 -16.112840995572704 -117.5
1 1 -119.03042664183963 -15.368115105511572 -108.0
5599
-------------------New----------------
0 0 43.19150866973357 -1.6547571973241197 118.5
0 1 45.871542961125755 -2.6036829902114063 108.5
1 0 106.62202592864085 -24.072354944096958 -117.5
1 1 104.05429828188005 -23.176403443653662 -108.0
5603
-------------------New----------------
0 0 -25.19323402269573 20.856426123604773 118.5
0 1 -26.332329342351358 18.825072399268528 108.5
1 0 -52.136710056986054 -27.139050132338504 -117.5
1 1 -51.05004961433933 -25.204497941427242 -108.0
5609
-------------------New----------------
0 0 -69.2440098619499 -26.22423646685627 118.5
0 1 -65.89331674444895 -29.889300275870774 108.5
1 0 10.171839081290525 -113.03388373055313 -117.5
1 1 6.966728426992802 -109.51877989640988 -108.0
5610
-------------------New----------------
0 0 42.6856958667169 -93.64741276901675 118.5
0 1 40.214721568891804 -92.30741896876238 108.5
1 0 -15.188306461066484 -61.530095977565715 -117.5
1 1 -12.883994588630136 -62.84672213508143 -108.0
5611
-------------------New----------------
0 0 25.67500710685929 60.17744583545074 118.5
0 1 20.741206642552093 60.74022309004663 108.5
1 0 -90.76176117679348 73.47487401520924 -117.5
1 1 -86.07518064860909 72.93994319917226 -108.0
5613
-------------------New----------------
0 0 6.757684692171415 -122.98853819785442 118.5
0 1 6.554529805892264 -122.67667988265016 108.5
1 0 1.953291992726733 -115.62794451897227 -117.5
1 1 2.1458579636455317 -115.9240477776779 -108.0
5619
-------------------New----------------
0 0 42.94357742557058 37.85147676990873 118.5
0 1 40.17393785339913 32.05908235570985 108.5
1 0 -22.42780117984303 -98.85048307071278 -117.5
1 1 -19.795313309219488 -93.34780902495343 -108.0
5625
-------------------New----------------
0 0 9.360125046563278 -63.81110908835706 118.5
0 1 8.38655384293427 -64.92841480916925 108.5
1 0 -13.720336858055987 -90.24244567824714 -117.5
1 1 -12.791296376791264 -89.17853849480761 -108.0
5627
-------------------New----------------
0 0 -36.97216727041918 -25.188538272602628 118.5
0 1 -36.95042829352384 -20.242135501494676 108.5
1 0 -36.450337451607844 91.51497386176642 -117.5
1 1 -36.47153012273643 86.81768517190974 -108.0
5629
-------------------New----------------
0 0 -18.80087166636978 -88.3043929057899 118.5
0 1 -21.397732712643446 -87.50092316871032 108.5
1 0 -80.06440292168571 -69.31053364293214 -117.5
1 1 -77.6013778364839 -70.0760878021791 -108.0
5633
-------------------New----------------
0 0 44.460644853529516 -56.28318640716493 118.5
0 1 40.82109703431772 -58.883875705804826 108.5
1 0 -41.38384765786464 -117.61286661490128 -117.5
1 1 -37.93517761469625 -115.14736830646002 -108.0
5644
-------------------New----------------
0 0 78.43385830782013 17.291028055444745 118.5
0 1 76.2292063576128 11.706912013297979 108.5
1 0 26.407205200218804 -114.46254333948613 -117.5
1 1 28.50303791785567 -109.1537713677113 -108.0
5653
-------------------New----------------
0 0 -0.7376408498302937 -81.24352003905355 118.5
0 1 3.1253119875649285 -82.73501024190614 108.5
1 0 90.43299960596947 -116.45995021804617 -117.5
1 1 86.76348164132038 -115.04083223336681 -108.0
5657
-------------------New----------------
0 0 -58.175690185913446 77.24230047537229 118.5
0 1 -59.11670135492576 74.25682453824768 108.5
1 0 -80.36785377175556 6.743500781353508 -117.5
1 1 -79.47528838431096 9.585101876961085 -108.0
5658
-------------------New----------------
0 0 -12.61333598686568 -12.360212506610988 118.5
0 1 -12.803616290066207 -12.63425158468032 108.5
1 0 -17.107969559190465 -18.78668393427655 -117.5
1 1 -16.926140059991685 -18.528432826482096 -108.0
5663
-------------------New----------------
0 0 10.03899818780695 103.07337607210275 118.5
0 1 6.962648429061732 103.01428458653213 108.5
1 0 -62.579143167825535 101.7387356888035 -117.5
1 1 -59.655149521412476 101.7918348068159 -108.0
5671
-------------------New----------------
0 0 -23.368715628029527 49.508828993133875 118.5
0 1 -20.083842730320814 50.16170084954716 108.5
1 0 54.228545974968846 64.90118903069839 -117.5
1 1 51.10106913448912 64.28347178679797 -108.0
5673
-------------------New----------------
0 0 48.850061864335714 35.43821157066679 118.5
0 1 47.253301491176956 34.24646641605556 108.5
1 0 11.139305331982827 7.340229700462179 -117.5
1 1 12.658128746908217 8.470503869809479 -108.0
5686
-------------------New----------------
0 0 62.09290621209512 -28.82683751092772 118.5
0 1 63.174102278398664 -29.249483945037674 108.5
1 0 87.24046997482637 -36.48257276778965 -117.5
1 1 86.23487180302816 -36.183695573465755 -108.0
5687
-------------------New----------------
0 0 -21.14356215523571 57.4292342969321 118.5
0 1 -23.445181855757227 53.46057944546195 108.5
1 0 -75.36461116240653 -36.257096610839575 -117.5
1 1 -73.18097109329821 -32.485476774005456 -108.0
5689
-------------------New----------------
0 0 -19.250728793287117 -5.119709658266427 118.5
0 1 -22.953002614040784 -2.930098852466259 108.5
1 0 -106.61402518569692 46.567784845261755 -117.5
1 1 -103.09769653951246 44.48662375490199 -108.0
5696
-------------------New----------------
0 0 70.95354745070705 -1.5127732067284156 118.5
0 1 69.05215701319995 0.9187410078102445 108.5
1 0 26.083556325683144 55.91514603053489 -117.5
1 1 27.88850563943722 53.600134072095024 -108.0
5697
-------------------New----------------
0 0 -55.15672252699578 -30.46523068580965 118.5
0 1 -55.71993117119266 -26.200028260706254 108.5
1 0 -68.42158846845048 70.1472211795763 -117.5
1 1 -67.8857388386659 66.09851210680742 -108.0
5706
-------------------New----------------
0 0 -82.48596604511991 -6.115877047058841 118.5
0 1 -81.94204735825514 -4.18661248483256 108.5
1 0 -69.65757821067125 39.42316024254574 -117.5
1 1 -70.17399004074812 37.58981412265061 -108.0
5711
-------------------New----------------
0 0 -26.53397480512415 -77.40653713046596 118.5
0 1 -26.243945129387505 -79.53911254941097 108.5
1 0 -19.42167144405702 -127.43492657051868 -117.5
1 1 -19.716474823222264 -125.4417027717273 -108.0
5716
-------------------New----------------
0 0 55.5647496346528 -4.436026893444582 118.5
0 1 50.94809339394878 -7.512918909275624 108.5
1 0 -53.36325585454239 -77.06269987021001 -117.5
1 1 -48.97984645132984 -74.1369576119425 -108.0
5718
-------------------New----------------
0 0 -38.0765887077212 91.0023562118837 118.5
0 1 -38.708914301183306 92.0753792284182 108.5
1 0 -53.05527998124561 116.30887871213415 -117.5
1 1 -52.45228707983815 115.29002281599995 -108.0
5725
-------------------New----------------
0 0 71.494053751157 61.509387817936194 118.5
0 1 70.54057872209555 58.34711667735586 108.5
1 0 49.18917263396763 -13.189525505633787 -117.5
1 1 50.089507421113055 -10.178617527031708 -108.0
5738
-------------------New----------------
0 0 -58.79453334396559 13.152886074425528 118.5
0 1 -57.67065947428735 11.780257905558443 108.5
1 0 -32.33093436689831 -19.264987159405546 -117.5
1 1 -33.39276833860065 -17.95898260877859 -108.0
5752
-------------------New----------------
0 0 -25.95828113326856 40.37780911050775 118.5
0 1 -27.38203772228627 44.01371150399805 108.5
1 0 -59.04051453480152 125.40440556138132 -117.5
1 1 -57.70930197655515 122.00160753602006 -108.0
5757
-------------------New----------------
0 0 -69.87874107448035 49.726860825770444 118.5
0 1 -69.47659663370567 44.147991653805455 108.5
1 0 -60.78290124272426 -81.43887553981394 -117.5
1 1 -61.13579359566817 -76.04254928632268 -108.0
5761
-------------------New----------------
0 0 72.07582424130631 67.33045130294913 118.5
0 1 73.15161870129234 64.94721164853887 108.5
1 0 97.44561571715083 11.096031259746885 -117.5
1 1 96.4234987595192 13.359454513339887 -108.0
5763
-------------------New----------------
0 0 -15.353100256857669 39.5094742807385 118.5
0 1 -17.514043851939128 35.847474475786726 108.5
1 0 -66.39619775069215 -46.9007567589233 -117.5
1 1 -64.33987867308181 -43.42179523633475 -108.0
5765
-------------------New----------------
0 0 -50.89580629308735 -19.879251791919224 118.5
0 1 -48.59263555242161 -23.303215674764452 108.5
1 0 3.477007042140991 -100.70278969193157 -117.5
1 1 1.2874061247442163 -97.4483777420921 -108.0
5775
-------------------New----------------
0 0 -47.06208638996331 -13.852044405394812 118.5
0 1 -47.84008564041417 -12.667301887625685 108.5
1 0 -65.33809583771153 13.947655888274529 -117.5
1 1 -64.6053317601431 12.831305179542388 -108.0
5776
-------------------New----------------
0 0 -47.16192708917959 -52.398802779852716 118.5
0 1 -47.26819983135215 -50.91609254022815 108.5
1 0 -49.66891064499349 -17.435066416924236 -117.5
1 1 -49.56601270349142 -18.8413971465759 -108.0
5791
-------------------New----------------
0 0 -77.21684898526003 15.61837097952234 118.5
0 1 -76.27179087374415 15.137405263401186 108.5
1 0 -55.01500135175603 4.198555237303486 -117.5
1 1 -55.90642267038237 4.662105922625017 -108.0
5793
-------------------New----------------
0 0 4.541422078206319 51.53549491592779 118.5
0 1 2.3390453543554006 49.556002746207625 108.5
1 0 -47.40703400261169 4.8246967790232915 -117.5
1 1 -45.31593340902158 6.703956975033263 -108.0
5795
-------------------New----------------
0 0 -19.373323560446824 -2.4906710039463755 118.5
0 1 -20.756148595463728 0.6733939165661296 108.5
1 0 -52.590610893269385 73.22156353868841 -117.5
1 1 -51.22612739296869 70.15092853027961 -108.0
5809
-------------------New----------------
0 0 118.39054752645848 93.8230977660229 118.5
0 1 117.81995147443891 95.1535201051128 108.5
1 0 104.94544282493833 125.19992677179667 -117.5
1 1 105.48794132693209 123.93793646200045 -108.0
5813
-------------------New----------------
0 0 97.9521625970652 8.513854659923505 118.5
0 1 97.10553928184072 12.859466571236846 108.5
1 0 77.94244698017135 111.0284328449903 -117.5
1 1 78.74736440779428 106.9024916131226 -108.0
5814
-------------------New----------------
0 0 -100.70264494936666 20.747816883568323 118.5
0 1 -100.81451830365972 23.71076120428139 108.5
1 0 -103.40197933065777 90.64887684262266 -117.5
1 1 -103.29032792052631 87.83577761925605 -108.0
5816
-------------------New----------------
0 0 46.750710099848284 -84.8801411462147 118.5
0 1 44.91815991417548 -85.20379097357238 108.5
1 0 3.4921783131163586 -92.51843518301513 -117.5
1 1 5.2334506298842305 -92.21049642501967 -108.0
5827
-------------------New----------------
0 0 90.6437957623346 -19.193081757077113 118.5
0 1 88.92593125584145 -21.59249139317043 108.5
1 0 50.115548347591094 -75.81041624932193 -117.5
1 1 51.743977648160936 -73.53459467516947 -108.0
5829
-------------------New----------------
0 0 -90.96371779316566 -12.62212098386396 118.5
0 1 -90.0580319427751 -9.838145220760957 108.5
1 0 -69.54595465152238 53.05341205609623 -117.5
1 1 -70.40683546243841 50.40859641850932 -108.0
5834
-------------------New----------------
0 0 83.0596450794516 95.38312911657475 118.5
0 1 84.5027429325276 93.85874394150059 108.5
1 0 117.07125284345243 59.49055665642387 -117.5
1 1 115.70134668833302 60.93505658880376 -108.0
5838
-------------------New----------------
0 0 -75.75567537592885 103.81880733652679 118.5
0 1 -74.88256722252378 104.09424283424637 108.5
1 0 -55.14079186665001 110.31027346927044 -117.5
1 1 -55.97038299394708 110.04836559060804 -108.0
5844
-------------------New----------------
0 0 -36.004317405668516 -16.869777174496452 118.5
0 1 -36.275417766747196 -18.15447224594927 108.5
1 0 -42.37862624695463 -47.21862696900643 -117.5
1 1 -42.12123056123254 -45.996847237731274 -108.0
5856
-------------------New----------------
0 0 -33.03238396621786 63.75093254459485 118.5
0 1 -30.11221748839564 66.26300328501006 108.5
1 0 35.8999956817257 123.03219554892053 -117.5
1 1 33.12450441786361 120.6464789286571 -108.0
5857
-------------------New----------------
0 0 28.693960890359797 44.79498961112979 118.5
0 1 31.675520873699476 40.04419200428789 108.5
1 0 98.91094592918384 -67.65717715411039 -117.5
1 1 96.08228155252178 -63.134037788541775 -108.0
5860
-------------------New----------------
0 0 12.618133006036233 -97.1085933437476 118.5
0 1 14.433714617242964 -95.60416530950567 108.5
1 0 55.461954102625455 -61.646981229906125 -117.5
1 1 53.739074943508584 -63.072692073874364 -108.0
5864
-------------------New----------------
0 0 30.165055556375943 -118.72977929498886 118.5
0 1 31.988587777814605 -118.8788751993108 108.5
1 0 73.20464003764113 -122.19780725779887 -117.5
1 1 71.4712976145892 -122.05903179748933 -108.0
5871
-------------------New----------------
0 0 68.83817948943458 80.21509673185082 118.5
0 1 66.53036527116899 78.28073928856426 108.5
1 0 14.25211466449024 34.47857929092987 -117.5
1 1 16.428286260724285 36.3111035952796 -108.0
5882
-------------------New----------------
0 0 -41.94329493221602 -67.04634048188254 118.5
0 1 -42.747154800495636 -64.47109844912835 108.5
1 0 -60.909474421307735 -6.180806851872299 -117.5
1 1 -60.13974722990231 -8.625189867969937 -108.0
5887
-------------------New----------------
0 0 10.252062381138563 -42.857489135926954 118.5
0 1 7.717067804875621 -40.66941711796383 108.5
1 0 -49.47060340653604 8.728190182933258 -117.5
1 1 -47.06992704185354 6.641027863812106 -108.0
5888
-------------------New----------------
0 0 -102.83013548639208 80.59668084169274 118.5
0 1 -103.31136965372586 81.66519338292986 108.5
1 0 -114.20413946860921 105.74690475901711 -117.5
1 1 -113.74564410162418 104.7357538211638 -108.0
5889
-------------------New----------------
0 0 -36.50284328936846 103.85636900135346 118.5
0 1 -32.31210365020822 103.24559487091476 108.5
1 0 62.396150450768324 89.43913467523333 -117.5
1 1 58.41516084432345 90.01961996655467 -108.0
5890
-------------------New----------------
0 0 -70.23533576336139 -16.216216105629776 118.5
0 1 -72.51532375514729 -20.1092407139587 108.5
1 0 -124.04451766067123 -108.08217026310096 -117.5
1 1 -121.8787586851269 -104.38579478459806 -108.0
5899
-------------------New----------------
0 0 -91.87586482827764 -32.62595986421339 118.5
0 1 -92.94342272699711 -31.685316160374764 108.5
1 0 -117.28948022580785 -10.553443165435146 -117.5
1 1 -116.2624581911775 -11.440942313957494 -108.0
5915
-------------------New----------------
0 0 -18.511093369419655 -42.73581485862603 118.5
0 1 -20.078617069603435 -39.669943533089615 108.5
1 0 -55.51535683456024 29.611176983407255 -117.5
1 1 -54.02617987200648 26.697667895776185 -108.0
5922
-------------------New----------------
0 0 -39.670561250662374 39.392732201394544 118.5
0 1 -43.0321646761276 43.14244109389255 108.5
1 0 -118.9975606903262 127.87572706611468 -117.5
1 1 -115.80069495749838 124.31556893861234 -108.0
5929
-------------------New----------------
0 0 73.89295708002109 10.13183213155641 118.5
0 1 73.82008703789917 4.835128478834516 108.5
1 0 72.14102262610973 -114.74177582497862 -117.5
1 1 72.20982293054807 -109.71602906660078 -108.0
5930
-------------------New----------------
0 0 27.692746090415227 0.7202003201386568 118.5
0 1 28.251471452516352 -4.6748455538527445 108.5
1 0 40.84001487503241 -126.45798845992825 -117.5
1 1 40.28468696664578 -121.33920012273583 -108.0
5931
-------------------New----------------
0 0 -48.9237787144488 40.62394759899052 118.5
0 1 -45.47975448346004 40.49069989393789 108.5
1 0 32.373732639786724 37.489610270782904 -117.5
1 1 29.100782685947973 37.61571111990977 -108.0
5932
-------------------New----------------
0 0 -54.88386761561262 46.059447668528264 118.5
0 1 -56.194178413949864 49.17597859246834 108.5
1 0 -85.80843057131405 119.60002795206431 -117.5
1 1 -84.56330719263097 116.6400876445612 -108.0
5933
-------------------New----------------
0 0 -2.8356858058140384 44.80642579587075 118.5
0 1 1.4617620012037702 46.251962914137444 108.5
1 0 98.61584304475724 79.07444510827938 -117.5
1 1 94.53709655690122 77.68780058311397 -108.0
5940
-------------------New----------------
0 0 39.7716402046761 76.12565498306077 118.5
0 1 38.092121314861245 72.9374542004931 108.5
1 0 -0.15590284735148244 0.47655881991309457 -117.5
1 1 1.4570478357854308 3.502277636404783 -108.0
5942
-------------------New----------------
0 0 13.863599786197884 64.80392730076218 118.5
0 1 8.959110754332624 64.50977298584745 108.5
1 0 -101.73768761064831 57.88279195116767 -117.5
1 1 -97.0844582913627 58.162482741712324 -108.0
5949
-------------------New----------------
0 0 -4.142835562049129 58.90486969801795 118.5
0 1 -2.4563292895761624 60.15405318817824 108.5
1 0 35.733201750927016 88.31082457946886 -117.5
1 1 34.12619938122986 87.1294989629127 -108.0
5951
-------------------New----------------
0 0 -85.66822769953014 -36.970396405221024 118.5
0 1 -84.79902281555727 -38.21550366482248 108.5
1 0 -65.35593338220913 -66.35854229346464 -117.5
1 1 -66.16873918846593 -65.16931168285603 -108.0
5962
-------------------New----------------
0 0 -23.72293559944898 65.82124198502578 118.5
0 1 -20.126325142168348 68.39057776517248 108.5
1 0 61.163373628340295 126.51432371395967 -117.5
1 1 57.746770920501795 124.06631628607936 -108.0
5966
-------------------New----------------
0 0 13.781426673677476 -20.628858858738198 118.5
0 1 10.80927751812936 -17.02281927275793 108.5
1 0 -55.25545351565229 64.11249773680626 -117.5
1 1 -52.49700184665414 60.72974850690427 -108.0
5970
-------------------New----------------
0 0 -59.96149498122543 -30.558407175701404 118.5
0 1 -58.307242292153674 -30.691995212046617 108.5
1 0 -21.08861249188857 -34.90768017233557 -117.5
1 1 -22.66263680249075 -34.71690616740976 -108.0
5981
-------------------New----------------
0 0 13.576500452682888 -18.757899921413646 118.5
0 1 17.912842959957423 -18.089477143612427 108.5
1 0 115.88454284711182 -2.9910837082581074 -117.5
1 1 111.76716740381517 -3.626039193227039 -108.0
5984
-------------------New----------------
0 0 9.578328517107852 25.01537854749508 118.5
0 1 13.062427665798472 24.777367235160064 108.5
1 0 92.25426654012597 19.627657497096003 -117.5
1 1 88.90934380466206 19.851950017539444 -108.0
5987
-------------------New----------------
0 0 -68.38658402129474 67.3342794906874 118.5
0 1 -68.88309021153066 69.55304307894092 108.5
1 0 -80.17574743605532 119.73776717680508 -117.5
1 1 -79.70647653671635 117.62329721550539 -108.0
5988
-------------------New----------------
0 0 29.428469082416562 6.898359979243065 118.5
0 1 30.05655829729587 1.8824419746356322 108.5
1 0 44.34842860790899 -111.4188371045459 -117.5
1 1 43.74865651194442 -106.66500052878231 -108.0
5995
-------------------New----------------
0 0 -25.07058133760761 -29.60736197953081 118.5
0 1 -25.62998081605237 -32.74683922866275 108.5
1 0 -38.2059121388111 -103.78403065038867 -117.5
1 1 -37.68196975844849 -100.79472396820321 -108.0
6000
-------------------New----------------
0 0 -59.94146170596905 75.32743292099032 118.5
0 1 -58.88173665522059 77.53574205155243 108.5
1 0 -34.922039635261015 127.44008901224974 -117.5
1 1 -35.93022717295158 125.34380113210258 -108.0
6002
-------------------New----------------
0 0 48.22777197251765 74.77140842696238 118.5
0 1 47.67795226177275 74.9051322048679 108.5
1 0 35.23556084909293 77.92871487521668 -117.5
1 1 35.75782735402166 77.80249401604149 -108.0
6012
-------------------New----------------
0 0 -51.2177814480318 -39.96004678015535 118.5
0 1 -50.87186385493629 -41.74787389584502 108.5
1 0 -43.11865892410105 -82.16042848784791 -117.5
1 1 -43.442628286341304 -80.4590688860094 -108.0
6020
-------------------New----------------
0 0 1.1799165352730452 17.302523267285682 118.5
0 1 -0.8265906352955193 12.857310293808752 108.5
1 0 -46.15084112137152 -87.61613309356245 -117.5
1 1 -44.247288211660695 -83.39236382493002 -108.0
6052
-------------------New----------------
0 0 42.67966637783216 116.11950273765164 118.5
0 1 41.44586562325572 116.06310245771336 108.5
1 0 13.560109195540388 114.78263908696051 -117.5
1 1 14.732569689991891 114.83656046941408 -108.0
6054
-------------------New----------------
0 0 11.99614737700332 9.846516178952115 118.5
0 1 7.299908354173397 12.830741717405392 108.5
1 0 -98.83679501418983 80.2827858416554 -117.5
1 1 -94.37568121721122 77.44732801203948 -108.0
6059
-------------------New----------------
0 0 1.3738421856325438 106.00835651105629 118.5
0 1 -2.7241315435529248 106.11760531485831 108.5
1 0 -95.34048457115082 108.6037430872027 -117.5
1 1 -91.44912591323266 108.49863928487756 -108.0
6072
-------------------New----------------
0 0 -55.5921032947878 -34.6283998381047 118.5
0 1 -56.737356137872986 -28.65653296200308 108.5
1 0 -82.97970598911775 106.47940888984553 -117.5
1 1 -81.87041663714653 100.79550050767959 -108.0
6073
-------------------New----------------
0 0 -109.66746024969125 85.96321831900062 118.5
0 1 -109.65824535668284 83.70296290882177 108.5
1 0 -108.58826555139635 33.69034623159439 -117.5
1 1 -108.63447745658027 35.76425534946141 -108.0
6077
-------------------New----------------
0 0 14.858509393077691 -98.2796489295689 118.5
0 1 12.078367342091187 -97.76603063743508 108.5
1 0 -50.80299786515711 -86.3020310956819 -117.5
1 1 -48.15955102123253 -86.78861041158655 -108.0
6090
-------------------New----------------
0 0 -83.49382237620364 47.26917193789467 118.5
0 1 -82.95801501680614 44.06999226182667 108.5
1 0 -70.71672394788817 -28.353864601401334 -117.5
1 1 -71.24414184376124 -25.312558623842797 -108.0
6092
-------------------New----------------
0 0 -31.409990368530277 88.37299024438543 118.5
0 1 -27.30219866741612 88.98201715166685 108.5
1 0 65.51905679559583 102.7705422460808 -117.5
1 1 61.61547229583579 102.18884425208395 -108.0
6093
-------------------New----------------
0 0 -62.073960222231584 -50.188311327625755 118.5
0 1 -62.810335173137425 -49.16925556779276 108.5
1 0 -79.42602952536782 -26.1667162955763 -117.5
1 1 -78.72789867931132 -27.132175782929238 -108.0
6098
-------------------New----------------
0 0 -0.5259052267314843 -41.21594371152828 118.5
0 1 -3.1437428611868037 -36.43090627295319 108.5
1 0 -62.310593762864926 71.72192085130402 -117.5
1 1 -59.82360349657714 67.17515919412006 -108.0
6105
-------------------New----------------
0 0 -13.926809727312431 6.956653009446906 118.5
0 1 -16.431738513573215 9.81021600291418 108.5
1 0 -73.05889215515047 74.30106526261702 -117.5
1 1 -70.67802027618025 71.59062632698928 -108.0
6107
-------------------New----------------
0 0 -74.91228050451045 -72.02880120158514 118.5
0 1 -74.25910854582223 -70.23197430666258 108.5
1 0 -59.45962520296116 -29.565378356974357 -117.5
1 1 -60.08269936216178 -31.276414856289392 -108.0
6111
-------------------New----------------
0 0 -107.30199280864335 -82.28024759129711 118.5
0 1 -105.9297062704912 -79.17474143390855 108.5
1 0 -74.98108261541958 -8.99121733010798 -117.5
1 1 -76.27821499133458 -11.945261471934645 -108.0
6124
-------------------New----------------
0 0 -15.362486862300035 65.13410807576723 118.5
0 1 -11.055280388194438 66.87821690870072 108.5
1 0 86.28351248538252 106.30023813370346 -117.5
1 1 82.1932018747726 104.64364347456902 -108.0
6126
-------------------New----------------
0 0 -73.3158969749555 55.68911316171665 118.5
0 1 -70.77325576072082 54.97755074868006 108.5
1 0 -13.34745888791451 39.00821143273374 -117.5
1 1 -15.761510462633908 39.675562435661355 -108.0
6127
-------------------New----------------
0 0 -69.9921360059956 -110.1270514710241 118.5
0 1 -70.11047179546455 -110.38906406905059 108.5
1 0 -72.78311885436021 -116.29324143434573 -117.5
1 1 -72.67059952044056 -116.04573019502679 -108.0
6133
-------------------New----------------
0 0 -94.17929836411699 30.97382780522878 118.5
0 1 -94.09520911514109 33.713160403210395 108.5
1 0 -92.28568172175224 95.68295267185123 -117.5
1 1 -92.36324826252827 93.07876319669539 -108.0
6134
-------------------New----------------
0 0 107.1130887139238 36.08588365427367 118.5
0 1 106.78155113789128 36.661827740947565 108.5
1 0 99.32168166460158 49.69512929101456 -117.5
1 1 99.63473380507486 49.15057392469572 -108.0
6136
-------------------New----------------
0 0 20.67558212617958 -10.94534639933519 118.5
0 1 20.385318543240377 -9.771442296960041 108.5
1 0 9.81759127722356 -19.951133141776694 -117.5
1 1 10.432592602395207 -17.908027965395128 -108.0
6143
-------------------New----------------
0 0 -94.65932807665482 48.942663241193 118.5
0 1 -93.55704989162732 47.7126537839393 108.5
1 0 -68.62668493920495 19.90855307819632 -117.5
1 1 -69.67253763949289 21.078528664207685 -108.0
6145
-------------------New----------------
0 0 -108.93079905860345 -45.62574815877259 118.5
0 1 -107.95908993998187 -43.95464690623116 108.5
1 0 -85.91543667077134 -6.113419801495798 -117.5
1 1 -86.83914051588793 -7.702640124472387 -108.0
6146
-------------------New----------------
0 0 -14.865499362371988 15.347726904106441 118.5
0 1 -12.116867933847429 15.873574722883049 108.5
1 0 49.95131135492925 27.75827871894427 -117.5
1 1 47.3455819860555 27.25863570896674 -108.0
6155
-------------------New----------------
0 0 58.215997891019825 -101.05350680758843 118.5
0 1 53.746268330570146 -100.67347117746135 108.5
1 0 -47.25004611526221 -92.0132958367553 -117.5
1 1 -43.00370597551755 -92.3777997009196 -108.0
6162
-------------------New----------------
0 0 -54.294514407547354 -36.236529858753116 118.5
0 1 -54.00340542402391 -34.10523681813265 108.5
1 0 -47.49013679620999 14.087517119935654 -117.5
1 1 -47.76364228922954 12.063397876193623 -108.0
6172
-------------------New----------------
0 0 -46.1311489389496 11.951142238108671 118.5
0 1 -40.776110410252045 8.34561860644953 108.5
1 0 80.22560292444066 -73.1846515891697 -117.5
1 1 75.13621724390568 -69.755030307598 -108.0
6175
-------------------New----------------
0 0 27.04154991676747 -8.412095672164313 118.5
0 1 25.730247436787657 -4.950380032927868 108.5
1 0 -3.913901863349996 73.32274036788415 -117.5
1 1 -2.6678973048868087 70.03045001975431 -108.0
6180
-------------------New----------------
0 0 23.340275772003082 50.67945160765974 118.5
0 1 18.47992554853424 52.83930099839135 108.5
1 0 -88.98612176922725 101.48926668586554 -117.5
1 1 -84.43896610918611 99.45575160566376 -108.0
6183
-------------------New----------------
0 0 -93.54330237817555 37.12960986542994 118.5
0 1 -93.74424809257228 39.94081719108097 108.5
1 0 -98.27586204968398 103.43102578726021 -117.5
1 1 -98.08539413976756 100.76451301978491 -108.0
6184
-------------------New----------------
0 0 52.73217727653982 -103.14696906322038 118.5
0 1 53.70564263713347 -102.24391611722896 108.5
1 0 75.74756231178398 -81.91776518675829 -117.5
1 1 74.81836625958698 -82.77159719374777 -108.0
6193
-------------------New----------------
0 0 -5.9027547035346855 40.48075296547536 118.5
0 1 -4.46352297766791 42.49682656163717 108.5
1 0 28.0453022940645 88.06663829841729 -117.5
1 1 26.67991790172058 86.15209378029883 -108.0
6195
-------------------New----------------
0 0 55.816120113890086 17.67044832729893 118.5
0 1 53.03975279462755 15.082914148844347 108.5
1 0 -9.682415845371793 -43.488756401788635 -117.5
1 1 -7.050872687265124 -41.01706682111444 -108.0
6198
-------------------New----------------
0 0 -90.26355424822778 -21.735611526837637 118.5
0 1 -89.55567834163072 -16.841133298562347 108.5
1 0 -73.604461054462 93.78102316111719 -117.5
1 1 -74.27484459458229 89.1318002894447 -108.0
6200
-------------------New----------------
0 0 33.22361187593243 11.500063306359415 118.5
0 1 34.26178745178449 14.326225686523212 108.5
1 0 57.72444614790517 78.17876406558239 -117.5
1 1 56.73828898127707 75.49389386809113 -108.0
6207
-------------------New----------------
0 0 32.11873408510414 -18.379165075634983 118.5
0 1 26.585480403700284 -20.50519849635802 108.5
1 0 -98.2150967427539 -68.378176018157 -117.5
1 1 -92.97252303224292 -66.36817180818181 -108.0
6220
-------------------New----------------
0 0 -2.4986938046967753 76.5958746343962 118.5
0 1 -5.473212381750709 75.5045727388821 108.5
1 0 -72.7091446565106 50.68247681392545 -117.5
1 1 -69.88263065396146 51.74252924726422 -108.0
6228
-------------------New----------------
0 0 54.50937264273013 -71.40612025907082 118.5
0 1 55.404666784448054 -67.51776883502173 108.5
1 0 75.42816590371139 20.386305305620198 -117.5
1 1 74.60828833405 16.706731772065922 -108.0
6236
-------------------New----------------
0 0 -16.13380335628606 -66.15154517545956 118.5
0 1 -14.011313969754855 -67.14440310824072 108.5
1 0 33.658768254807896 -89.45305464656994 -117.5
1 1 31.660399469355163 -88.51419081636188 -108.0
6245
-------------------New----------------
0 0 -13.937002058526218 -93.8038146455322 118.5
0 1 -15.34689130649021 -92.34562837097863 108.5
1 0 -47.11107914995587 -59.46494470255171 -117.5
1 1 -45.77346321791073 -60.84705682177717 -108.0
6261
-------------------New----------------
0 0 58.33961753726727 -11.534606270848878 118.5
0 1 55.145930540758286 -15.635968330177604 108.5
1 0 -17.02496119695861 -108.32063659748408 -117.5
1 1 -13.99190951133904 -104.42444443322537 -108.0
6281
-------------------New----------------
0 0 -0.4933219256508428 -10.230413510384667 118.5
0 1 0.8432524651490254 -9.163796922623982 108.5
1 0 32.518978497384545 18.650047106941695 -117.5
1 1 31.1240998639513 17.319470724506846 -108.0
6289
-------------------New----------------
0 0 -72.59769805840489 -23.392416813500567 118.5
0 1 -74.14324294295437 -23.23077981550616 108.5
1 0 -109.40702641019986 -19.21730731795177 -117.5
1 1 -107.93888514277592 -19.39250150111854 -108.0
6299
-------------------New----------------
0 0 45.2624614024401 28.627933995252857 118.5
0 1 48.01312472464892 29.07562584957775 108.5
1 0 110.18295978285148 39.09234698526027 -117.5
1 1 107.56879798769879 38.67214306106586 -108.0
6317
-------------------New----------------
0 0 -44.3339569774116 -65.96988157689164 118.5
0 1 -44.72486246740686 -63.614555447346746 108.5
1 0 -54.15547412478336 -10.39568234359314 -117.5
1 1 -53.741120154913744 -12.62695037010526 -108.0
6324
-------------------New----------------
0 0 63.39554677103952 57.74208632476666 118.5
0 1 61.65104537235394 60.01008201925871 108.5
1 0 22.177413240379046 111.16306986960895 -117.5
1 1 23.83869310157869 109.0181524975608 -108.0
6327
-------------------New----------------
0 0 12.645379394070812 -55.60590802969231 118.5
0 1 8.49122691258447 -57.44293776639182 108.5
1 0 -85.43624190737316 -98.88121218398109 -117.5
1 1 -81.48734848972762 -97.14325806809714 -108.0
6331
-------------------New----------------
0 0 -96.0257696759793 -87.0240683534243 118.5
0 1 -94.02225542857245 -87.11356175482771 108.5
1 0 -48.99187790107442 -89.09143299386508 -117.5
1 1 -50.877623465942676 -89.01283920439457 -108.0
6332
-------------------New----------------
0 0 97.33881729904708 -79.19764270990038 118.5
0 1 98.20339402079918 -78.79884559786906 108.5
1 0 117.73285569099544 -69.7931987533389 -117.5
1 1 116.91055044965606 -70.17096888575882 -108.0
6355
-------------------New----------------
0 0 -87.61749980908974 20.273625189034483 118.5
0 1 -84.90513408495961 21.69620762423468 108.5
1 0 -23.608956900655535 53.84268824305578 -117.5
1 1 -26.185545178795895 52.4914207067852 -108.0
6362
-------------------New----------------
0 0 -15.653710576462938 18.190204760737323 118.5
0 1 -14.164260113993715 17.99443255954403 108.5
1 0 19.59684537402686 13.684189258700727 -117.5
1 1 18.168590060377262 13.884326139282688 -108.0
6367
-------------------New----------------
0 0 19.973343124594148 102.45436100939207 118.5
0 1 20.013548809940566 102.7090865963844 108.5
1 0 20.96296069688309 108.44598067608595 -117.5
1 1 20.92048932733989 108.20293509867301 -108.0
6368
-------------------New----------------
0 0 114.55053973705216 73.83247365428684 118.5
0 1 114.01699303934353 70.0797606337042 108.5
1 0 101.91396480903597 -15.003158799969722 -117.5
1 1 102.42367399515513 -11.42350674170314 -108.0
6372
-------------------New----------------
0 0 0.08539885326069445 13.684068091198892 118.5
0 1 -0.7088999532748612 13.182628138145907 108.5
1 0 -18.46457474162502 1.9874965831210933 -117.5
1 1 -17.71956200725516 2.4540250666913708 -108.0
6396
-------------------New----------------
0 0 34.853726889493544 -88.1497719040506 118.5
0 1 35.040685700081745 -86.66332842060957 108.5
1 0 39.251433056011805 -53.078877215182864 -117.5
1 1 39.07396669725699 -54.49116572983811 -108.0
6402
-------------------New----------------
0 0 38.385653944489505 1.5540368126005928 118.5
0 1 34.89030213768892 0.12482899523249476 108.5
1 0 -44.04877863770164 -32.06294392478982 -117.5
1 1 -40.73767756860421 -30.71589834236243 -108.0
6428
-------------------New----------------
0 0 66.05963527560306 -26.700101902308838 118.5
0 1 66.31243420864091 -22.724564429134638 108.5
1 0 71.95551425829508 67.45972572869229 -117.5
1 1 71.71968062314966 63.65918604126042 -108.0
6433
-------------------New----------------
0 0 -8.908308340120668 -64.43590422913317 118.5
0 1 -11.211630763173313 -62.41400345814969 108.5
1 0 -63.295554467583635 -16.91452466137352 -117.5
1 1 -61.10985084730639 -18.82833975177203 -108.0
6442
-------------------New----------------
0 0 -38.154373689101114 4.746659256474256 118.5
0 1 -37.19455107881493 2.833902794331431 108.5
1 0 -15.631588154597779 -40.3349358318154 -117.5
1 1 -16.535602068244337 -38.52225889587374 -108.0
6445
-------------------New----------------
0 0 70.91313388084306 -56.64805502667173 118.5
0 1 68.9576533715089 -55.026541909663365 108.5
1 0 24.787843497294084 -18.445419102315917 -117.5
1 1 26.65471141845532 -19.978110630840227 -108.0
6447
-------------------New----------------
0 0 -56.78230843336237 98.64626180317921 118.5
0 1 -56.83713267976206 97.21164378909323 108.5
1 0 -58.06982799913476 64.78574201787674 -117.5
1 1 -58.01785079773539 66.14885045012167 -108.0
6452
-------------------New----------------
0 0 52.12469622385309 -85.66757322295848 118.5
0 1 48.818419089846934 -85.59809188718451 108.5
1 0 -25.920041503251845 -84.01326704628508 -117.5
1 1 -22.777762387354837 -84.08024468548112 -108.0
6458
-------------------New----------------
0 0 60.62289722477514 -59.95686417813003 118.5
0 1 62.08326646098432 -61.56429997278933 108.5
1 0 95.08033444379713 -97.89365785806379 -117.5
1 1 93.69280906575788 -96.36608876476923 -108.0
6459
-------------------New----------------
0 0 32.31042939759997 15.036536260572936 118.5
0 1 33.81324058651797 9.539014280400291 108.5
1 0 67.7173757049118 -114.66059230538508 -117.5
1 1 66.29326064134499 -109.44105899315839 -108.0
6487
-------------------New----------------
0 0 -45.17125256146004 -75.80858224138727 118.5
0 1 -48.27426177348487 -72.84116392328595 108.5
1 0 -118.36930348403693 -5.776342047971606 -117.5
1 1 -115.42399690875591 -8.595994837489958 -108.0
6488
-------------------New----------------
0 0 34.20392887081749 10.159543117286692 118.5
0 1 37.47218446820738 4.362880956849857 108.5
1 0 111.36166899714219 -126.58219738318648 -117.5
1 1 108.26203017946823 -121.07987336778983 -108.0
6490
-------------------New----------------
0 0 -81.81956437415333 58.63463393768838 118.5
0 1 -81.56281993368347 57.240289599176194 108.5
1 0 -75.47058017758933 25.987107004917153 -117.5
1 1 -75.73264778843944 27.302868215823707 -108.0
6491
-------------------New----------------
0 0 -30.584672640268177 94.09478823760477 118.5
0 1 -27.414838387804433 92.8720126847443 108.5
1 0 44.17311285766651 65.28295016467601 -117.5
1 1 41.16213597158857 66.4294255230307 -108.0
6492
-------------------New----------------
0 0 57.92273627992701 -34.278963493150634 118.5
0 1 57.66646187255956 -37.44137367961578 108.5
1 0 51.855601077108396 -108.91750006192149 -117.5
1 1 52.09965792414407 -105.91319369840532 -108.0
6498
-------------------New----------------
0 0 11.747595762852239 -55.10134108072161 118.5
0 1 11.00466382929925 -56.531264585322916 108.5
1 0 -5.652569527704976 -88.89311413216107 -117.5
1 1 -4.957453354780602 -87.53441860867005 -108.0
6501
-------------------New----------------
0 0 79.78787302322947 -66.84475392504433 118.5
0 1 77.64033218035839 -68.95477068729198 108.5
1 0 29.04850046573215 -116.74214751931011 -117.5
1 1 31.089699719826235 -114.73196482433313 -108.0
6505
-------------------New----------------
0 0 14.795681427613896 4.90867611142532 118.5
0 1 17.62510499787383 9.945578984761966 108.5
1 0 81.56530575241716 123.78065139020705 -117.5
1 1 78.87769471606693 118.99524506377963 -108.0
6506
-------------------New----------------
0 0 102.24712368182387 89.47959766079597 118.5
0 1 101.74944669942455 90.67798607647954 108.5
1 0 90.49736162138639 117.74448423507673 -117.5
1 1 90.97117895912866 116.60680750830586 -108.0
6508
-------------------New----------------
0 0 -49.7516868950944 -79.76106328458779 118.5
0 1 -48.12366639558371 -79.9976058586399 108.5
1 0 -11.37220518049217 -85.32477873088747 -117.5
1 1 -12.914592578534743 -85.10182630041353 -108.0
6510
-------------------New----------------
0 0 -37.02562937108108 -36.47943615049983 118.5
0 1 -38.473547863613526 -37.917684329488296 108.5
1 0 -71.19202698460313 -70.38094902896577 -117.5
1 1 -69.81915509564524 -69.0175224340639 -108.0
6514
-------------------New----------------
0 0 -75.29576296300641 -34.570543449317725 118.5
0 1 -75.03532854249664 -32.522792737500374 108.5
1 0 -69.37850503005191 13.842631009478731 -117.5
1 1 -69.60977174333293 11.891190588633258 -108.0
6516
-------------------New----------------
0 0 -12.143466712492195 2.8827508482845507 118.5
0 1 -13.491586190012416 7.820133595686883 108.5
1 0 -44.06079784075263 119.30946091645426 -117.5
1 1 -42.77070397692344 114.6231697346083 -108.0
6525
-------------------New----------------
0 0 100.3612623977244 43.445985392390334 118.5
0 1 101.41408153233331 42.20951459649867 108.5
1 0 125.21953250497688 14.27933096012173 -117.5
1 1 124.2190975487456 15.453100758566318 -108.0
6526
-------------------New----------------
0 0 -9.558962760882025 11.495339991205407 118.5
0 1 -14.122003977329115 9.384648113014546 108.5
1 0 -116.7592585960748 -38.6108846764775 -117.5
1 1 -112.45223349894418 -36.57823328604021 -108.0
6528
-------------------New----------------
0 0 -49.055299837095184 27.923896564694683 118.5
0 1 -45.47725031487407 29.809919124255288 108.5
1 0 35.40774627275865 72.37738487536168 -117.5
1 1 32.00849443501601 70.58975692908555 -108.0
6531
-------------------New----------------
0 0 16.40404998642114 48.528756827839715 118.5
0 1 14.844086153598827 49.62384917665968 108.5
1 0 -20.269471349271736 74.27706916952565 -117.5
1 1 -18.790194061360616 73.2419470441838 -108.0
6563
-------------------New----------------
0 0 18.302145176248224 -49.68845049317942 118.5
0 1 18.97966761425215 -50.56466744012763 108.5
1 0 34.23856472336735 -70.36139018463001 -117.5
1 1 33.59997014731054 -69.52937440526608 -108.0
6570
-------------------New----------------
0 0 -43.909779094787055 -85.05604491002691 118.5
0 1 -44.44591443307269 -86.00884934432824 108.5
1 0 -56.73982933506221 -107.48652318332297 -117.5
1 1 -56.21787867015863 -106.58705148369086 -108.0
6577
-------------------New----------------
0 0 26.04900364608634 25.624807333499415 118.5
0 1 26.364235334305953 19.516222352247333 108.5
1 0 33.8305070366993 -118.25884210986344 -117.5
1 1 33.51263295912878 -112.45409902966784 -108.0
6582
-------------------New----------------
0 0 -25.49196098339589 -72.98364888495955 118.5
0 1 -25.873813033505634 -72.83676991888973 108.5
1 0 -34.48945593572115 -69.51468094677963 -117.5
1 1 -34.12754665166363 -69.65427033833286 -108.0
6585
-------------------New----------------
0 0 3.9807991687311324 75.66070786937652 118.5
0 1 4.276927029298985 75.1448205103526 108.5
1 0 10.799101230284673 63.45979398720336 -117.5
1 1 10.530717288333475 63.956337866839775 -108.0
6586
-------------------New----------------
0 0 -83.29050040261741 88.26100060783985 118.5
0 1 -83.14776976546514 85.5284106693224 108.5
1 0 -79.9218594139881 23.796675315385055 -117.5
1 1 -80.0570015795386 26.390713254444268 -108.0
6603
-------------------New----------------
0 0 36.69150719551606 13.654134328723122 118.5
0 1 37.90095363335253 14.772405239574585 108.5
1 0 65.33255835343316 40.192132594997865 -117.5
1 1 64.18038750450546 39.11364351391198 -108.0
6617
-------------------New----------------
0 0 7.162037321802808 0.6133474464201808 118.5
0 1 11.823437829337168 2.367032316271583 108.5
1 0 117.20928953051245 41.99225265949865 -117.5
1 1 112.7937595393053 40.30853342795821 -108.0
6618
-------------------New----------------
0 0 8.688445189987501 -68.83490957528532 118.5
0 1 9.915772495866094 -67.93009117197457 108.5
1 0 37.64089156283545 -47.46747712782524 -117.5
1 1 36.47547272731279 -48.32770680879653 -108.0
6633
-------------------New----------------
0 0 -27.526657129941583 -13.906802900685474 118.5
0 1 -23.47904780454304 -14.96585220314113 108.5
1 0 67.99566734750839 -38.89705160519864 -117.5
1 1 64.15064343429778 -37.89105911451279 -108.0
6635
-------------------New----------------
0 0 -65.66572251721477 98.51232533453097 118.5
0 1 -62.57902969453447 97.73687935415498 108.5
1 0 7.098140383459338 80.18666625303987 -117.5
1 1 4.1659420967162895 80.92505215449724 -108.0
6641
-------------------New----------------
0 0 -23.239026036350392 4.7548305324099625 118.5
0 1 -21.520884749221437 8.303125633202615 108.5
1 0 17.409193899789376 88.56312040935437 -117.5
1 1 15.768685035953075 85.18543326742386 -108.0
6650
-------------------New----------------
0 0 33.086835302685145 -40.56325333855985 118.5
0 1 33.54801734932225 -39.78303366472863 108.5
1 0 43.973150547072116 -22.09572656541379 -117.5
1 1 43.53178589247461 -22.84131396065956 -108.0
6654
-------------------New----------------
0 0 -1.6938973829760946 13.580732793806003 118.5
0 1 -1.5360433534025242 11.679629215341986 108.5
1 0 2.04674478643174 -31.156146164889826 -117.5
1 1 1.898359675976104 -29.355323537390188 -108.0
6662
-------------------New----------------
0 0 -21.74713362175647 12.441181087811625 118.5
0 1 -20.103063027031528 14.43369923295189 108.5
1 0 17.084619262799897 59.48376932391254 -117.5
1 1 15.52592126817046 57.5877471978754 -108.0
6672
-------------------New----------------
0 0 -86.70933445981852 48.800172049511986 118.5
0 1 -87.14707995738345 45.60741093763929 108.5
1 0 -96.96917258910348 -26.555350849934918 -117.5
1 1 -96.55853717129624 -23.51921048407733 -108.0
6683
-------------------New----------------
0 0 103.4818921019648 -28.676657566824645 118.5
0 1 104.11048905065749 -23.10162744473144 108.5
1 0 118.2375480990855 102.80325281317997 -117.5
1 1 117.64752820453381 97.51711890190977 -108.0
6685
-------------------New----------------
0 0 -22.791098526527772 -2.912637013851332 118.5
0 1 -24.001968887542716 -1.882914274100581 108.5
1 0 -51.505190818533876 21.249636808944313 -117.5
1 1 -50.35280178789394 20.278502380334707 -108.0
6703
-------------------New----------------
0 0 27.359567085308612 -56.22891938722911 118.5
0 1 26.050922123934164 -52.90767777309337 108.5
1 0 -3.491199966363117 22.183881638473533 -117.5
1 1 -2.2516282696255896 19.025316960350246 -108.0
6708
-------------------New----------------
0 0 74.10782701202088 -45.10830289356072 118.5
0 1 75.91519122611206 -41.16573819560385 108.5
1 0 116.71010797672666 47.75530832382393 -117.5
1 1 114.99790383275536 44.00906343323776 -108.0
6712
-------------------New----------------
0 0 40.37180524359108 -82.10284781152069 118.5
0 1 42.60344500201473 -83.26493078356265 108.5
1 0 93.0723416356764 -109.53436660864932 -117.5
1 1 90.95085937021116 -108.42910396893119 -108.0
6718
-------------------New----------------
0 0 59.29846862035073 -8.819353316733299 118.5
0 1 56.624891326616094 -4.507983931237855 108.5
1 0 -3.7540011035255425 92.91260075626995 -117.5
1 1 -1.2145067902060156 88.81741823939737 -108.0
6719
-------------------New----------------
0 0 36.62588344991734 -50.51982191670156 118.5
0 1 37.821924451453384 -45.09745081453609 108.5
1 0 64.85392845386208 77.458956198289 -117.5
1 1 63.717211792578226 72.30702379407214 -108.0
6723
-------------------New----------------
0 0 -40.79416845398345 -38.256174063622595 118.5
0 1 -40.58456283735294 -40.098211441301025 108.5
1 0 -35.85855345760265 -81.7183839737423 -117.5
1 1 -36.05582887736041 -79.97114906481764 -108.0
6728
-------------------New----------------
0 0 10.938399766874753 37.15562025007582 118.5
0 1 9.918732240909641 33.83359969940288 108.5
1 0 -12.626073689295513 -41.513821650410165 -117.5
1 1 -11.699799707546196 -38.33456040382451 -108.0
6729
-------------------New----------------
0 0 14.697053358254 65.50572978474611 118.5
0 1 18.395774033123256 65.84477708102216 108.5
1 0 102.01182321051866 73.50242047240772 -117.5
1 1 98.49768203774572 73.18078338780869 -108.0
6747
-------------------New----------------
0 0 -32.32350418550631 55.09500365267488 118.5
0 1 -27.872172451936382 51.146947226085985 108.5
1 0 72.2996851671738 -37.41944607057245 -117.5
1 1 68.10776130934315 -33.725539550181466 -108.0
6751
-------------------New----------------
0 0 -24.678032507659395 -59.33865161935029 118.5
0 1 -26.60572659380473 -55.18426297553502 108.5
1 0 -70.12037000680884 38.69774389703285 -117.5
1 1 -68.2920482794307 34.750221737146475 -108.0
6755
-------------------New----------------
0 0 -62.39329577288146 -16.903837195913102 118.5
0 1 -59.69071547862977 -16.966116401375547 108.5
1 0 1.389435620234964 -18.37253633664733 -117.5
1 1 -1.1781890515362698 -18.313392007945083 -108.0
6764
-------------------New----------------
0 0 -17.855408365168003 55.5945320427816 118.5
0 1 -20.174873028345107 51.6397499492132 108.5
1 0 -72.59952268523791 -37.68245597273291 -117.5
1 1 -70.39614590454256 -33.923437537555955 -108.0
6775
-------------------New----------------
0 0 21.94365494944479 68.95397228670167 118.5
0 1 17.888580065749657 71.03143484800371 108.5
1 0 -73.75026092455832 117.9798512716216 -117.5
1 1 -69.8981930979331 116.00615527160123 -108.0
6778
-------------------New----------------
0 0 -86.32291397006534 81.43038290853215 118.5
0 1 -85.62701045192156 82.91808978097269 108.5
1 0 -69.9000176974609 116.53368737480434 -117.5
1 1 -70.56120138897707 115.12065999385803 -108.0
6781
-------------------New----------------
0 0 -21.078681191424106 0.2912948529930855 118.5
0 1 -24.37327502362744 3.7105332554154176 108.5
1 0 -98.81898870423066 80.9865700325339 -117.5
1 1 -95.68988914780664 77.73898030016295 -108.0
6797
-------------------New----------------
0 0 32.54716342758319 -52.71758087978658 118.5
0 1 35.872787589833635 -53.316504984121266 108.5
1 0 111.01959017991445 -66.85950787465228 -117.5
1 1 107.86117392658267 -66.2896478522149 -108.0
6803
-------------------New----------------
0 0 62.75093819333881 -38.92199815956296 118.5
0 1 64.67636628560913 -37.702669668920684 108.5
1 0 108.18332614054066 -10.174500848648549 -117.5
1 1 106.35265459583937 -11.33107988431848 -108.0
6805
-------------------New----------------
0 0 40.885455327845435 59.434493385039524 118.5
0 1 42.43849424517573 59.21985091075529 108.5
1 0 77.53634933695638 54.35494344738263 -117.5
1 1 76.0606024210189 54.561208300697025 -108.0
6808
-------------------New----------------
0 0 -62.14998127408044 79.78894069623766 118.5
0 1 -58.019339778456825 76.97888219163829 108.5
1 0 35.37129164289595 13.44552229819331 -117.5
1 1 31.443934326002903 16.11526605614472 -108.0
6810
-------------------New----------------
0 0 -3.9824436684525155 -7.361518206845881 118.5
0 1 -3.3921145518119102 -10.924943171638272 108.5
1 0 10.008421208509862 -91.45621740866711 -117.5
1 1 9.44105690075158 -88.07359544230152 -108.0
6814
-------------------New----------------
0 0 -25.19363309609681 95.27957473874757 118.5
0 1 -18.98508329049739 93.66009682372948 108.5
1 0 121.57987382486608 56.93130699343408 -117.5
1 1 115.67890037033744 58.469096104786196 -108.0
6819
-------------------New----------------
0 0 47.054270812983 -1.3869720593651262 118.5
0 1 41.19919433193552 0.5243789537824277 108.5
1 0 -91.15593987404837 43.74648491930873 -117.5
1 1 -85.58962810552319 41.93005644175578 -108.0
6823
-------------------New----------------
0 0 -101.02612549111105 -0.03833573648181972 118.5
0 1 -101.64398602626503 1.433151414162721 108.5
1 0 -115.62354185767228 34.70786513412321 -117.5
1 1 -115.03512268470024 33.30921665907425 -108.0
6824
-------------------New----------------
0 0 18.868071565022195 51.78297952369835 118.5
0 1 15.372160187500617 48.97525000403661 108.5
1 0 -63.61750787727317 -14.446333729177212 -117.5
1 1 -60.29903506623566 -11.781003962896614 -108.0
6833
-------------------New----------------
0 0 33.049840079752485 55.3569004348994 118.5
0 1 32.590656747956714 50.792638772956074 108.5
1 0 22.217422956178456 -52.35894723329078 -117.5
1 1 22.653544220549378 -48.022554705461815 -108.0
6837
-------------------New----------------
0 0 34.136579201233765 -110.18176473031747 118.5
0 1 30.95873402883411 -110.47476834334864 108.5
1 0 -40.84803706466155 -117.08769054866573 -117.5
1 1 -37.82963252269927 -116.80951022863644 -108.0
6852
-------------------New----------------
0 0 38.64571885476762 69.69068533685564 118.5
0 1 38.51385054761464 66.63149067139936 108.5
1 0 35.27168031831623 -2.733276921347434 -117.5
1 1 35.41342576341104 0.16956850765728976 -108.0
6854
-------------------New----------------
0 0 -101.87697210181055 -11.501788788270803 118.5
0 1 -100.9905697037564 -6.349106764877895 108.5
1 0 -80.95672443955665 110.1005922843101 -117.5
1 1 -81.79906615579856 105.2056164700542 -108.0
6857
-------------------New----------------
0 0 -93.12898818516128 41.69044174031278 118.5
0 1 -91.89422808495623 37.504602030050215 108.5
1 0 -63.337095235432 -57.09137176590475 -117.5
1 1 -64.56589427066865 -53.12142122954411 -108.0
6859
-------------------New----------------
0 0 25.265822067622857 20.86306873561083 118.5
0 1 28.507911632102395 19.831389729716335 108.5
1 0 101.69636193278838 -3.268229033759597 -117.5
1 1 98.6160942245071 -2.294110849215055 -108.0
6863
-------------------New----------------
0 0 -84.01985269665296 -30.861399968053995 118.5
0 1 -84.94827064754153 -25.954842579847615 108.5
1 0 -106.01257868758655 84.89166649693838 -117.5
1 1 -105.12137825874113 80.24035780742678 -108.0
6865
-------------------New----------------
0 0 -86.24329657683764 9.005591440677218 118.5
0 1 -86.23643531219024 5.508812966160197 108.5
1 0 -86.04434279624869 -73.51623378178076 -117.5
1 1 -86.05697026651207 -70.19482046550272 -108.0
6871
-------------------New----------------
0 0 27.138158043065356 -4.120066796807355 118.5
0 1 23.463385732642543 -0.25275571266475916 108.5
1 0 -59.85574302379583 87.28652454554444 -117.5
1 1 -56.345990233686436 83.61300742455248 -108.0
6883
-------------------New----------------
0 0 6.969378261051938 8.040948528831969 118.5
0 1 3.4621555609236383 8.86004722285299 108.5
1 0 -75.78671269890694 27.354783426531867 -117.5
1 1 -72.45430703990567 26.579673167429526 -108.0
6888
-------------------New----------------
0 0 5.194401024505117 46.85222793459947 118.5
0 1 -0.12726983443224854 48.98062382533831 108.5
1 0 -120.1214537143749 97.60670128187999 -117.5
1 1 -115.0858394443793 95.56052660991386 -108.0
6897
-------------------New----------------
0 0 -67.90225824839523 34.8455358699474 118.5
0 1 -64.44577288270541 37.63236122767704 108.5
1 0 13.662863314302347 100.61481078819634 -117.5
1 1 10.378899647813919 97.96776531966816 -108.0
6906
-------------------New----------------
0 0 -35.67405215885712 94.07306226046306 118.5
0 1 -33.176417714220065 93.00040310185608 108.5
1 0 23.27389100570276 68.77077935902712 -117.5
1 1 20.900935326257645 69.78877083706212 -108.0
6909
-------------------New----------------
0 0 43.545120507554756 48.976494905459006 118.5
0 1 38.78614497479499 43.84981535571148 108.5
1 0 -67.44891302388413 -72.16699303265965 -117.5
1 1 -63.01828828015532 -67.20712475446156 -108.0
6910
-------------------New----------------
0 0 5.390191971988227 -17.357104799251854 118.5
0 1 8.624931350874402 -18.31041918172939 108.5
1 0 82.07045182306169 -40.05320949190774 -117.5
1 1 78.96892688547925 -39.143843371953004 -108.0
6911
-------------------New----------------
0 0 -96.51943249866494 117.33749155932071 118.5
0 1 -97.80059689814324 116.6248465565578 108.5
1 0 -126.70336002148262 100.49232333856806 -117.5
1 1 -125.48385787764377 101.17503969092976 -108.0
6922
-------------------New----------------
0 0 -45.184590606491554 3.1558119987278443 118.5
0 1 -43.05835914996838 -1.347556667786052 108.5
1 0 5.166240880125927 -103.46849516514612 -117.5
1 1 3.132800050266261 -99.1727271310021 -108.0
6924
-------------------New----------------
0 0 70.78627073271684 -83.43278287084804 118.5
0 1 71.13777386736544 -84.80551351715333 108.5
1 0 79.10906585453868 -115.8716220760341 -117.5
1 1 78.76791682512052 -114.55808778569208 -108.0
6926
-------------------New----------------
0 0 8.767993580709392 22.455951309934267 118.5
0 1 7.837205339826336 20.53106346776825 108.5
1 0 -13.088182161562353 -22.984282241468904 -117.5
1 1 -12.221995215019767 -21.152222800398334 -108.0
6928
-------------------New----------------
0 0 45.775335740749355 -67.24347943241395 118.5
0 1 47.149367738676446 -68.22854399147349 108.5
1 0 78.23200743619026 -90.49863326697808 -117.5
1 1 76.92343308718617 -89.56273073553577 -108.0
6930
-------------------New----------------
0 0 33.75419921039479 -83.49239575264947 118.5
0 1 35.64943175638722 -84.60496618146418 108.5
1 0 78.43356586364816 -109.71091267815464 -117.5
1 1 76.63550915625761 -108.65431366546105 -108.0
6937
-------------------New----------------
0 0 -38.492839567136805 -43.92467503090062 118.5
0 1 -32.90243095812883 -39.03963721207857 108.5
1 0 93.43715356176422 71.3578245208296 -117.5
1 1 88.1263200129436 66.71782360217782 -108.0
6943
-------------------New----------------
0 0 12.585503381368587 -41.24966100735712 118.5
0 1 8.65836767708799 -43.65699219527475 108.5
1 0 -80.08330292817502 -98.0671805283291 -117.5
1 1 -76.35324774779232 -95.77944450379329 -108.0
6953
-------------------New----------------
0 0 -74.97116914207345 -40.41553377363225 118.5
0 1 -73.04133165475625 -43.407863036838705 108.5
1 0 -29.18626669362306 -110.69389849155588 -117.5
1 1 -31.03861522546229 -107.89448607730867 -108.0
6956
-------------------New----------------
0 0 4.197637612370999 49.60005611239623 118.5
0 1 9.030652589664985 52.00522928163857 108.5
1 0 118.28183737815705 106.3358569755812 -117.5
1 1 113.68797796379049 104.04996449328328 -108.0
6959
-------------------New----------------
0 0 53.31396338386452 4.374960158231222 118.5
0 1 56.20864953136936 4.082438223054297 108.5
1 0 121.73455360053921 -2.5300453960101996 -117.5
1 1 118.97759901474015 -2.2514071017050705 -108.0
6967
-------------------New----------------
0 0 -5.001389659482803 67.34532451221229 118.5
0 1 -9.660586770055286 65.49874814784184 108.5
1 0 -114.96849972605362 23.745528130678203 -117.5
1 1 -110.54157987963686 25.500061363769568 -108.0
6980
-------------------New----------------
0 0 37.51054198251957 -35.26268363057851 118.5
0 1 35.361531930180085 -31.251103730191016 108.5
1 0 -13.144461175000382 59.32206853178146 -117.5
1 1 -11.103128217578774 55.51697435031033 -108.0
6988
-------------------New----------------
0 0 57.104218871276274 -10.893082130454012 118.5
0 1 59.8704861238812 -10.42368036078025 108.5
1 0 122.01034303145971 0.6307083403712606 -117.5
1 1 119.38317417200815 0.16582151950807184 -108.0
6997
-------------------New----------------
0 0 63.15869488337209 102.88810315144171 118.5
0 1 65.80143515428948 103.37753033192708 108.5
1 0 125.54032794920761 114.4055350328453 -117.5
1 1 123.03398787408894 113.94518883118326 -108.0
7023
-------------------New----------------
0 0 2.637944249206601 -86.39581876009036 118.5
0 1 -1.4751160073372735 -87.16515190233538 108.5
1 0 -94.55948112631388 -104.18755789005145 -117.5
1 1 -90.63923337473268 -103.47945852576011 -108.0
7024
-------------------New----------------
0 0 -93.91116228635417 40.34220068275225 118.5
0 1 -93.91147441890641 37.23734820643282 108.5
1 0 -93.88510105413766 -32.98359992988888 -117.5
1 1 -93.88552593981727 -30.031739668651603 -108.0
7025
-------------------New----------------
0 0 -34.604413114570335 -18.865187233649912 118.5
0 1 -28.96519519504402 -17.068808841201054 108.5
1 0 88.05305658556156 19.768763774712795 -117.5
1 1 83.5654389727644 18.397597297012837 -108.0
7031
-------------------New----------------
0 0 -36.09846005623308 -66.96627232662397 118.5
0 1 -34.77241923087055 -64.58050233032239 108.5
1 0 -4.8108317392968365 -10.68554722170822 -117.5
1 1 -6.073839730193997 -12.955981082848172 -108.0
7037
-------------------New----------------
0 0 16.599434152882175 41.217979844552026 118.5
0 1 17.001707998737107 43.68056125945718 108.5
1 0 26.094046207399742 99.32057345568715 -117.5
1 1 25.711691577912443 96.98224696435398 -108.0
7049
-------------------New----------------
0 0 19.801872097868355 33.02495148051889 118.5
0 1 16.270774968957408 27.028424282765265 108.5
1 0 -62.68072359246653 -108.70717417525785 -117.5
1 1 -59.38282130754898 -102.99248140297736 -108.0
7050
-------------------New----------------
0 0 -39.075185073326516 33.79072859941271 118.5
0 1 -40.00791982791452 33.415875684176804 108.5
1 0 -60.921584468085214 25.222702305249765 -117.5
1 1 -60.05812910314338 25.55799721331097 -108.0
7052
-------------------New----------------
0 0 61.2683604468527 -53.653866461295515 118.5
0 1 58.79612874491589 -53.39801653284953 108.5
1 0 2.8459623590955934 -47.48813994754888 -117.5
1 1 5.19925833196512 -47.7447208577145 -108.0
7060
-------------------New----------------
0 0 -12.055862991413434 -23.55900937772834 118.5
0 1 -10.191780982852338 -17.177212040914544 108.5
1 0 31.930829984913327 127.05595170030787 -117.5
1 1 30.16004881700811 120.99324493379501 -108.0
7070
-------------------New----------------
0 0 -56.95374739638724 31.30172724773778 118.5
0 1 -53.614825828244065 27.861413849420444 108.5
1 0 21.831658589927148 -49.88378236755966 -117.5
1 1 18.660210458097538 -46.61396519753834 -108.0
7080
-------------------New----------------
0 0 69.82149901956933 -11.07024264870087 118.5
0 1 68.43580406901951 -14.091913931381868 108.5
1 0 37.11288126403049 -82.38247501581728 -117.5
1 1 38.42995397671869 -79.5100384764834 -108.0
7082
-------------------New----------------
0 0 -56.44259170902801 94.67930638829483 118.5
0 1 -53.34224987455468 94.1012755710169 108.5
1 0 16.854570309262268 80.99234657056215 -117.5
1 1 13.900944532758832 81.54375895785888 -108.0
7083
-------------------New----------------
0 0 -26.224622746229453 29.94092573158729 118.5
0 1 -29.051991568187113 31.145410544538407 108.5
1 0 -92.94672501194086 58.35228498790061 -117.5
1 1 -90.26055055736268 57.209235723052544 -108.0
7087
-------------------New----------------
0 0 -15.916063618585174 54.53902425467804 118.5
0 1 -18.20824064811639 50.501115580230966 108.5
1 0 -69.94518680659696 -40.71309318148833 -117.5
1 1 -67.76348924775105 -36.87601099015222 -108.0
7093
-------------------New----------------
0 0 8.99141159852159 54.25376370015757 118.5
0 1 9.226278896487216 51.55988423942633 108.5
1 0 14.601115166859671 -9.38260367487674 -117.5
1 1 14.373108037434296 -6.817126872917126 -108.0
7105
-------------------New----------------
0 0 -9.990121948769266 -41.26840026458903 118.5
0 1 -14.504802684835306 -43.19818799425146 108.5
1 0 -116.5669511729787 -86.86730298890046 -117.5
1 1 -112.27729029543602 -85.03022649051428 -108.0
7111
-------------------New----------------
0 0 2.6247574776382265 102.23057896323644 118.5
0 1 5.591658426219896 101.78356923608926 108.5
1 0 72.63434702252898 91.69035357847645 -117.5
1 1 69.81639890941561 92.11424667198415 -108.0
7119
-------------------New----------------
0 0 14.167308217598613 -82.1784986548585 118.5
0 1 12.270270163044867 -82.5955330186124 108.5
1 0 -30.581297978691868 -91.88367355766857 -117.5
1 1 -28.79408537620725 -91.48410028725282 -108.0
7125
-------------------New----------------
0 0 38.52077558793971 -47.21376735257799 118.5
0 1 36.09860244655298 -47.13101044447687 108.5
1 0 -18.64305819460668 -45.26384403781805 -117.5
1 1 -16.342177262386503 -45.34213182016596 -108.0
7129
-------------------New----------------
0 0 -73.12527259765292 -77.32905987640245 118.5
0 1 -73.03749028117792 -76.56056099619484 108.5
1 0 -71.05692954880637 -59.16875189981122 -117.5
1 1 -71.14004014828033 -59.89963123502925 -108.0
7132
-------------------New----------------
0 0 7.579304504599223 -12.786808658591653 118.5
0 1 6.729287904409423 -16.917303107198144 108.5
1 0 -12.257565394043253 -109.25268152437911 -117.5
1 1 -11.473475639056513 -105.38538360726507 -108.0
7149
-------------------New----------------
0 0 -55.6635072247679 12.826761491912118 118.5
0 1 -55.1260912682902 13.726041455074926 108.5
1 0 -42.95031393275546 33.99247579354217 -117.5
1 1 -43.462989396382 33.14087018083085 -108.0
7152
-------------------New----------------
0 0 -27.672767969178903 -70.43787373967413 118.5
0 1 -29.308743701120505 -69.53341152731464 108.5
1 0 -66.29800711999636 -49.09408873986949 -117.5
1 1 -64.74235666315516 -49.952713210491595 -108.0
7162
-------------------New----------------
0 0 104.15090493652808 21.053923371004107 118.5
0 1 104.09531126041377 23.803534739737863 108.5
1 0 102.56550186448749 86.33728111134965 -117.5
1 1 102.65384955648294 83.69389951934204 -108.0
7177
-------------------New----------------
0 0 -15.060735090997232 22.210662989152063 118.5
0 1 -14.993590534599623 26.644367967302514 108.5
1 0 -13.491032520542936 126.86509405683633 -117.5
1 1 -13.5560964732307 122.65016559865464 -108.0
7186
-------------------New----------------
0 0 -16.804973274913273 -47.27556114422101 118.5
0 1 -20.42697670082097 -49.551279327212484 108.5
1 0 -102.27564470545016 -100.97811963774146 -117.5
1 1 -98.83543015372231 -98.81659435122516 -108.0
7194
-------------------New----------------
0 0 19.028021547267052 -42.866511585100405 118.5
0 1 21.448276123430965 -43.20338164283384 108.5
1 0 75.58953747348549 -50.775861192718295 -117.5
1 1 73.31992495979296 -50.45956692732063 -108.0
7197
-------------------New----------------
0 0 99.08853615858048 -63.72654256445868 118.5
0 1 98.59566781285776 -65.52623903689027 108.5
1 0 87.03521095413518 -106.15926823368522 -117.5
1 1 87.53147063307719 -104.45072824907861 -108.0
7200
-------------------New----------------
0 0 -21.02444184257694 -24.069952136416518 118.5
0 1 -21.16809677984174 -26.96674924409292 108.5
1 0 -24.37710501491586 -92.41627978345709 -117.5
1 1 -24.24637824899823 -89.66544783026744 -108.0
7203
-------------------New----------------
0 0 80.12000906493769 10.111942458066816 118.5
0 1 77.98097892920948 7.797429880501516 108.5
1 0 30.361585554730702 -44.798288956101324 -117.5
1 1 32.35496447430535 -42.59687895894072 -108.0
7232
-------------------New----------------
0 0 66.4317914670862 -32.83359502300502 118.5
0 1 64.78445275723507 -32.009621617384916 108.5
1 0 27.415149455489647 -12.13945515882417 -117.5
1 1 28.938969791813285 -13.00511101096269 -108.0
7241
-------------------New----------------
0 0 -38.87874020436686 5.481205912092508 118.5
0 1 -38.438994305454216 3.6585954447546207 108.5
1 0 -28.52503490148289 -37.37719668980746 -117.5
1 1 -28.93448463516365 -35.65215144833827 -108.0
7248
-------------------New----------------
0 0 104.2916574344487 38.55536915499157 118.5
0 1 104.22371484604078 32.877496881391856 108.5
1 0 102.7620877312188 -95.33645137526176 -117.5
1 1 102.82129561937445 -89.95062914862588 -108.0
7252
-------------------New----------------
0 0 -21.666508964524652 -20.023744604269172 118.5
0 1 -18.7648464577257 -20.797011873515707 108.5
1 0 46.817379026684314 -38.260901768270315 -117.5
1 1 44.0595497558882 -37.52656672734519 -108.0
7258
-------------------New----------------
0 0 -58.62131082824395 -13.203318956985015 118.5
0 1 -59.35728734238584 -8.61170593262859 108.5
1 0 -76.21026582634015 94.64365863349553 -117.5
1 1 -75.48759991631738 90.31785043008122 -108.0
7263
-------------------New----------------
0 0 -46.97624338533956 -68.11048940566593 118.5
0 1 -46.29231742743997 -69.39472450761238 108.5
1 0 -30.84122785551718 -98.41702397371608 -117.5
1 1 -31.490391036641654 -97.196989436353 -108.0
7280
-------------------New----------------
0 0 20.759908899023163 3.3299049190233942 118.5
0 1 22.460829389891998 4.921450465014513 108.5
1 0 60.80734533161841 40.785301929882436 -117.5
1 1 59.19995925927111 39.28015055773427 -108.0
7283
-------------------New----------------
0 0 33.594566870756495 -10.86452135276049 118.5
0 1 31.43110454666559 -10.695101898999516 108.5
1 0 -17.534925402291694 -6.694788100927208 -117.5
1 1 -15.47326089354936 -6.867222612802394 -108.0
7291
-------------------New----------------
0 0 95.2274871597111 -62.645951514225956 118.5
0 1 93.60719037982425 -61.25934703465005 108.5
1 0 56.99013375299668 -29.93357490081225 -117.5
1 1 58.52820038813943 -31.249634554807148 -108.0
7293
-------------------New----------------
0 0 -27.7263451606793 58.27098470346789 118.5
0 1 -29.978997153625414 56.97108036200158 108.5
1 0 -80.88976324483005 27.500677399097025 -117.5
1 1 -78.74867750598327 28.739204892118607 -108.0
7297
-------------------New----------------
0 0 29.279242064493218 -32.71168353649784 118.5
0 1 33.345798979255946 -30.0215490289764 108.5
1 0 125.24421329561638 30.77862759479275 -117.5
1 1 121.38233414642119 28.223226901146766 -108.0
7307
-------------------New----------------
0 0 -69.50170773169273 5.431180222137149 118.5
0 1 -65.5909791409749 4.148415985609009 108.5
1 0 22.933788237062874 -24.86955726756269 -117.5
1 1 19.200224227908798 -23.66205882229617 -108.0
7320
-------------------New----------------
0 0 56.48380992299798 15.7912724629489 118.5
0 1 57.05254115196317 18.77270247747604 108.5
1 0 69.80999906391166 86.17822244084762 -117.5
1 1 69.27673480772172 83.33882365561227 -108.0
7331
-------------------New----------------
0 0 -104.66214982297515 -6.053117986254252 118.5
0 1 -103.20239474537227 -10.253379869481861 108.5
1 0 -70.25633389212852 -105.1897565229405 -117.5
1 1 -71.63966795349718 -101.1992163480152 -108.0
7343
-------------------New----------------
0 0 31.65883441474285 74.69580415301701 118.5
0 1 32.60965633040789 75.91151604773593 108.5
1 0 54.19467136994429 103.44653960845744 -117.5
1 1 53.290504396348766 102.28413920924075 -108.0
7358
-------------------New----------------
0 0 -107.3778076964818 -16.702451321387066 118.5
0 1 -106.47857624070556 -18.23542975251366 108.5
1 0 -86.14199044569116 -52.857345409561404 -117.5
1 1 -86.9939776822826 -51.41021326593092 -108.0
7359
-------------------New----------------
0 0 23.460814148289707 -45.018554298983524 118.5
0 1 24.981080195049422 -46.432724842417386 108.5
1 0 59.24744761855842 -78.34696372917145 -117.5
1 1 57.81006998782662 -77.00848179027304 -108.0
7360
-------------------New----------------
0 0 115.1790721068011 69.33301103394948 118.5
0 1 115.28853613170047 67.65745904170421 108.5
1 0 117.75249052066229 29.804020874647854 -117.5
1 1 117.64886898538255 31.395016921150727 -108.0
7361
-------------------New----------------
0 0 61.8551191667569 -18.09733325549617 118.5
0 1 62.32530145060595 -13.76477018534149 108.5
1 0 72.92844745087757 84.17841885569051 -117.5
1 1 72.48357462829607 80.06005462646597 -108.0
7369
-------------------New----------------
0 0 79.0074892871834 -109.49940179319371 118.5
0 1 77.026607729186 -109.52897316411656 108.5
1 0 32.2893822939646 -110.19669973775743 -117.5
1 1 34.16996453761081 -110.16863939867577 -108.0
7379
-------------------New----------------
0 0 -21.608184299666966 -49.04201906951126 118.5
0 1 -20.982695049375927 -47.439144220759424 108.5
1 0 -6.495115718834356 -11.193192808991967 -117.5
1 1 -7.117434958235582 -12.707189002097126 -108.0
7388
-------------------New----------------
0 0 -59.336316258550696 -52.389462457215004 118.5
0 1 -57.53850578770872 -54.977908102847174 108.5
1 0 -16.972956686175014 -113.48987144324254 -117.5
1 1 -18.677055225974915 -111.0307989927732 -108.0
7393
-------------------New----------------
0 0 14.334312872905718 97.9766279973509 118.5
0 1 10.736419627999828 95.89996076191468 108.5
1 0 -70.35991750889504 48.88503267964661 -117.5
1 1 -66.94928994039093 50.879432964738534 -108.0
7396
-------------------New----------------
0 0 110.30877199152175 -106.14496142681283 118.5
0 1 110.86518184425859 -106.08271049946384 108.5
1 0 123.37351619970147 -104.72391033142642 -117.5
1 1 122.84872188477797 -104.78063306557837 -108.0
7398
-------------------New----------------
0 0 -81.90778893172232 -78.49368497569382 118.5
0 1 -80.36299090116546 -80.23562748511347 108.5
1 0 -45.47715341466919 -119.60606457909932 -117.5
1 1 -46.94308855479589 -117.95039850577184 -108.0
7403
-------------------New----------------
0 0 77.76627048389601 43.78677714448493 118.5
0 1 78.05321878852098 45.32930170125937 108.5
1 0 84.18417805426745 80.30618773173696 -117.5
1 1 83.9481757890274 78.85921395672179 -108.0
7404
-------------------New----------------
0 0 -51.21335174625991 83.2120462925811 118.5
0 1 -51.65804008518457 81.06048452139953 108.5
1 0 -61.73039679653878 32.40826218870745 -117.5
1 1 -61.30584132657937 34.45349259991493 -108.0
7409
-------------------New----------------
0 0 -58.033698054081455 94.62686268121078 118.5
0 1 -56.903385477569884 93.61915902166743 108.5
1 0 -31.565273568927875 70.83865108464867 -117.5
1 1 -32.62098732393302 71.79814107520446 -108.0
7436
-------------------New----------------
0 0 96.75424919132337 87.28475649216341 118.5
0 1 97.98113260660944 86.52057190653665 108.5
1 0 125.73409857639597 69.2450994805258 -117.5
1 1 124.56807918101921 69.9745052089209 -108.0
7439
-------------------New----------------
0 0 -42.880071696714694 22.074728942925887 118.5
0 1 -39.21627160922898 24.40246211669471 108.5
1 0 43.526948462121126 76.98095299154394 -117.5
1 1 40.0525752756903 74.77329460707143 -108.0
7441
-------------------New----------------
0 0 40.07800401397994 -82.97344592422291 118.5
0 1 43.005774950996624 -82.97720320095158 108.5
1 0 109.21135237116951 -83.07901925563137 -117.5
1 1 106.42686717920768 -83.07291865730213 -108.0
7447
-------------------New----------------
0 0 5.634022442125284 97.04159242452529 118.5
0 1 2.5946691010732312 94.93137102061308 108.5
1 0 -66.09419011855873 47.17861943962406 -117.5
1 1 -63.209224286837795 49.18629886919389 -108.0
7453
-------------------New----------------
0 0 -61.71212240238333 93.07938295199058 118.5
0 1 -60.58471976743239 92.12769778144899 108.5
1 0 -35.20878302091675 70.64173489416677 -117.5
1 1 -36.277206179370594 71.54411139997313 -108.0
7461
-------------------New----------------
0 0 32.71011056652696 -46.66943827785617 118.5
0 1 33.53586527968491 -45.26341649309429 108.5
1 0 52.199393812694346 -13.485091107937114 -117.5
1 1 51.41469547891138 -14.820777091391884 -108.0
7463
-------------------New----------------
0 0 73.07522004839265 -51.23088016358082 118.5
0 1 74.60955985485259 -53.20494891762752 108.5
1 0 109.23611715075268 -97.865312938399 -117.5
1 1 107.78122517004616 -95.9875478978744 -108.0
7471
-------------------New----------------
0 0 59.96720878972248 -75.72621483480232 118.5
0 1 57.93518151583339 -72.49538730607082 108.5
1 0 12.07637376023933 0.598943976325196 -117.5
1 1 13.997751631475097 -2.4779293611861477 -108.0
7473
-------------------New----------------
0 0 84.7151684362238 -53.20306269195062 118.5
0 1 82.53527152645367 -55.172130096254634 108.5
1 0 33.239449114973034 -99.62095823300442 -117.5
1 1 35.30723640997099 -97.7573914200562 -108.0
7481
-------------------New----------------
0 0 9.786420858081469 51.97373431161229 118.5
0 1 7.419528123016616 46.7815276462952 108.5
1 0 -46.11862458575375 -70.65789241043102 -117.5
1 1 -43.865530626410944 -65.72078840829458 -108.0
7482
-------------------New----------------
0 0 92.00033265503734 41.74478346868476 118.5
0 1 92.79229242648117 36.804056866090086 108.5
1 0 110.87889832872068 -74.51211060885598 -117.5
1 1 110.11450269448339 -69.835745122855 -108.0
7490
-------------------New----------------
0 0 -18.977689378059562 1.161822798683208 118.5
0 1 -17.885387778673792 0.7509787764087079 108.5
1 0 6.8253189031032 -8.489543485824374 -117.5
1 1 5.7877401675517275 -8.101672870689235 -108.0
7491
-------------------New----------------
0 0 46.48003288778766 -33.02441363744573 118.5
0 1 45.98834613498078 -34.774141228345776 108.5
1 0 34.80753084061298 -74.33896467845231 -117.5
1 1 35.27666206192132 -72.67452303447772 -108.0
7502
-------------------New----------------
0 0 60.234095945727276 -112.55411777425529 118.5
0 1 56.80410616126848 -112.68775242635013 108.5
1 0 -21.16079851703856 -115.71244237054441 -117.5
1 1 -17.8661086527371 -115.58310827016196 -108.0
7506
-------------------New----------------
0 0 -73.7560581288972 -30.17732268246609 118.5
0 1 -71.44489868584941 -28.10516056465504 108.5
1 0 -19.187397471493902 18.763638071666836 -117.5
1 1 -21.388474708410158 16.793390804845547 -108.0
7522
-------------------New----------------
0 0 54.46969737152703 32.045186300745605 118.5
0 1 55.82236597699269 31.835200331008423 108.5
1 0 87.51163414597285 27.109156380483164 -117.5
1 1 86.16751998517091 27.30498697303627 -108.0
7525
-------------------New----------------
0 0 -22.654080737635894 2.7166406276442547 118.5
0 1 -24.01166271157153 1.0192833219712922 108.5
1 0 -54.67092334139862 -37.34505966256023 -117.5
1 1 -53.3813088468439 -35.7328932505482 -108.0
7532
-------------------New----------------
0 0 -39.872938165130776 -82.93821102078631 118.5
0 1 -41.89496255672935 -83.6860934093556 108.5
1 0 -87.46621746267598 -100.5642668388576 -117.5
1 1 -85.54557561161684 -99.85508733061477 -108.0
7533
-------------------New----------------
0 0 72.33897223177937 -32.72971354322577 118.5
0 1 73.98028931418091 -25.993821779734116 108.5
1 0 111.0484240654645 126.19658514092914 -117.5
1 1 109.49012278679632 119.79991686372178 -108.0
7535
-------------------New----------------
0 0 -23.811684736285237 11.22469609972391 118.5
0 1 -25.638694593746475 11.007540333621279 108.5
1 0 -66.93786634455122 6.064881556822666 -117.5
1 1 -65.2082822793192 6.267713243926567 -108.0
7545
-------------------New----------------
0 0 -43.35829936831402 85.64876751346809 118.5
0 1 -46.44550343443518 84.88266472680382 108.5
1 0 -116.22024369936757 67.56745321764267 -117.5
1 1 -113.28703903795297 68.29534975440654 -108.0
7546
-------------------New----------------
0 0 55.606260912161346 15.47950948419178 118.5
0 1 54.39283342015278 16.11740302056922 108.5
1 0 26.92013064227791 30.412058833509093 -117.5
1 1 28.077859341007205 29.814995371554687 -108.0
7547
-------------------New----------------
0 0 71.22793661486857 -79.44640867492922 118.5
0 1 67.82007513890828 -77.1993582300507 108.5
1 0 -9.192112148779614 -26.405055621821624 -117.5
1 1 -5.9563700868188585 -28.539946457275978 -108.0
7549
-------------------New----------------
0 0 5.425616505232399 -104.94239146642572 118.5
0 1 7.4677452795219335 -105.59800226042655 108.5
1 0 53.613679983545715 -120.42968038439514 -117.5
1 1 51.673319123129566 -119.80538856758088 -108.0
7573
-------------------New----------------
0 0 3.763885595239376 50.38422935725165 118.5
0 1 9.00666857562808 51.555280006915076 108.5
1 0 127.5089225121734 78.03253723516971 -117.5
1 1 122.52616803764927 76.91956186769535 -108.0
7577
-------------------New----------------
0 0 -77.6282528717166 -54.766582578501826 118.5
0 1 -78.42446963031523 -52.95219321822246 108.5
1 0 -96.51710647268209 -12.065527076232357 -117.5
1 1 -95.75353594324615 -13.78222518283205 -108.0
7578
-------------------New----------------
0 0 20.220444488694024 72.67329136592912 118.5
0 1 16.7268199936699 73.91724153632286 108.5
1 0 -62.18239385457616 101.97952307530906 -117.5
1 1 -58.86623967026594 100.80085504823654 -108.0
7586
-------------------New----------------
0 0 38.79262903840065 88.73851621529299 118.5
0 1 35.88127217896096 88.84882259534518 108.5
1 0 -29.957502756344024 91.62490821363032 -117.5
1 1 -27.194180937727644 91.50605652523545 -108.0
7589
-------------------New----------------
0 0 44.08858187883091 -26.706031686786957 118.5
0 1 42.89698357108984 -30.504202231330975 108.5
1 0 15.25339151593818 -116.62941259488505 -117.5
1 1 16.41417789604518 -113.02334002349032 -108.0
7593
-------------------New----------------
0 0 23.65204681073086 -19.914953128575384 118.5
0 1 27.61641774807851 -15.960977504300587 108.5
1 0 117.22022123527074 73.39573255887272 -117.5
1 1 113.4532901640016 69.63892926758106 -108.0
7596
-------------------New----------------
0 0 -60.31368207290713 -22.959532904780154 118.5
0 1 -65.12221060225296 -27.250783244149194 108.5
1 0 -121.48539318807138 83.12446872020291 -117.5
1 1 -119.31511654017758 81.76901062091474 -108.0
7603
-------------------New----------------
0 0 -74.37835760228602 17.147642219681146 118.5
0 1 -76.62342998320607 20.30978285078312 108.5
1 0 -127.37014116530247 91.80560160623693 -117.5
1 1 -125.2363311728903 88.79894634384658 -108.0
7604
-------------------New----------------
0 0 -4.904377051933502 27.911353456977686 118.5
0 1 -1.9811736114335254 31.067955904750484 108.5
1 0 64.12374015127303 102.43532824015733 -117.5
1 1 61.34309431263277 99.43651639100798 -108.0
7611
-------------------New----------------
0 0 -91.19369382673901 33.77434706416605 118.5
0 1 -90.34994068314357 31.45644601824934 108.5
1 0 -71.35088757598291 -20.84793352219966 -117.5
1 1 -72.14815524456822 -18.648040515641412 -108.0
7614
-------------------New----------------
0 0 -0.9451760279374973 69.60970056846202 118.5
0 1 -2.4178221061981846 69.65808820281156 108.5
1 0 -35.65768507142003 70.53269446515455 -117.5
1 1 -34.28882882542163 70.48948977107167 -108.0
7617
-------------------New----------------
0 0 -58.76083410925139 7.805622716878889 118.5
0 1 -59.57959156481451 7.2371370994007265 108.5
1 0 -78.08582609433027 -5.610873693517463 -117.5
1 1 -77.30725122738168 -5.070414851820601 -108.0
7620
-------------------New----------------
0 0 48.98690919821375 19.93379817662274 118.5
0 1 49.142431922115875 22.231260387556908 108.5
1 0 52.722935528076405 74.0756556931752 -117.5
1 1 52.572146012080395 71.89854787199515 -108.0
7621
-------------------New----------------
0 0 -84.2711213062675 -14.47771082568193 118.5
0 1 -82.300312967711 -11.84331013950399 108.5
1 0 -37.789184106895554 47.8877633966508 -117.5
1 1 -39.65784198024109 45.37077722854117 -108.0
7623
-------------------New----------------
0 0 -6.320653869785416 58.677979223129704 118.5
0 1 -2.6636808936574163 58.38569937562397 108.5
1 0 79.96629349728819 51.64749445832964 -117.5
1 1 76.48377034889441 51.93987637783422 -108.0
7635
-------------------New----------------
0 0 99.99583795394429 -52.86280825590711 118.5
0 1 100.12179291277306 -55.50930901098358 108.5
1 0 102.966791093382 -115.33216044773367 -117.5
1 1 102.84762790036764 -112.81742618702849 -108.0
7644
-------------------New----------------
0 0 -0.8798625682400179 60.18570840708033 118.5
0 1 -3.1619224773571766 60.17021317445731 108.5
1 0 -54.85308445486421 59.9143674317858 -117.5
1 1 -52.677728741445854 59.92118492841045 -108.0
7686
-------------------New----------------
0 0 71.3043742875947 30.383064716705785 118.5
0 1 69.3745549823141 25.84822457979244 108.5
1 0 25.726642510618678 -76.5449778374872 -117.5
1 1 27.557723346042373 -72.24411572626241 -108.0
7700
-------------------New----------------
0 0 43.06048063747134 97.63371560476074 118.5
0 1 43.570188297674505 98.36287291232814 108.5
1 0 55.09740649839332 114.8281828035678 -117.5
1 1 54.61290883011152 114.13645148798847 -108.0
7707
-------------------New----------------
0 0 13.116356040939957 -48.4651658477998 118.5
0 1 15.79774976986943 -46.23712913912428 108.5
1 0 76.38055672969966 4.1668697484540065 -117.5
1 1 73.83096942128405 2.04642362618561 -108.0
7708
-------------------New----------------
0 0 28.658876318087657 -29.164151114665543 118.5
0 1 26.134104667556908 -24.09758272264218 108.5
1 0 -30.904483795920793 90.41696868293147 -117.5
1 1 -28.507511895729984 85.60415999543493 -108.0
7719
-------------------New----------------
0 0 108.35688109613416 32.54184422704513 118.5
0 1 107.54647740624553 33.91422163056755 108.5
1 0 89.24174402144361 64.92606053272868 -117.5
1 1 90.01062340080799 63.62355644712287 -108.0
7721
-------------------New----------------
0 0 -63.64839281717691 -48.19593541011384 118.5
0 1 -60.23508137047772 -48.842028444929085 108.5
1 0 16.964426482835385 -63.461781774395774 -117.5
1 1 13.719627470128534 -62.84728587606681 -108.0
7724
-------------------New----------------
0 0 -104.54680807656398 89.99879877975059 118.5
0 1 -105.05652478415581 87.71622808906719 108.5
1 0 -117.1242013130817 35.257215708859206 -117.5
1 1 -116.5992040990288 37.47854124079006 -108.0
7729
-------------------New----------------
0 0 -50.976391350170545 46.642108539816824 118.5
0 1 -54.166514507228456 47.41321876338441 108.5
1 0 -126.27465677745485 64.88265177602548 -117.5
1 1 -123.24625447528442 64.14657244741129 -108.0
7730
-------------------New----------------
0 0 101.27023928988348 -33.56555379472876 118.5
0 1 101.36281859352445 -37.326043987409776 108.5
1 0 103.82265721987058 -122.1672409861686 -117.5
1 1 103.71565848605402 -118.60591781544937 -108.0
7743
-------------------New----------------
0 0 88.41177511040556 23.91408833713644 118.5
0 1 85.55361271005111 20.5103432229774 108.5
1 0 20.921372137050504 -56.39868574721875 -117.5
1 1 23.63837751227612 -53.16621329907986 -108.0
7745
-------------------New----------------
0 0 -2.3278524135310765 20.429005038945007 118.5
0 1 -6.3844159740038435 19.854372016937994 108.5
1 0 -98.03565970716592 6.742213164714705 -117.5
1 1 -94.18472921932293 7.297777803730257 -108.0
7749
-------------------New----------------
0 0 -73.520729562942 38.22161316131315 118.5
0 1 -71.59785042180195 40.495018878598295 108.5
1 0 -28.257898071104755 91.91142328063506 -117.5
1 1 -30.07603792032097 89.7499965995842 -108.0
7751
-------------------New----------------
0 0 106.1644793325792 53.067248670238584 118.5
0 1 105.74871617691274 53.53273586194016 108.5
1 0 95.91539895528634 63.69498666950619 -117.5
1 1 96.33982230678697 63.26655856205376 -108.0
7757
-------------------New----------------
0 0 20.2798053065924 30.998518255112536 118.5
0 1 23.821305516175894 32.13682046661146 108.5
1 0 102.61608009967476 57.655304749235405 -117.5
1 1 99.30963403656327 56.587600801246914 -108.0
7772
-------------------New----------------
0 0 -14.721839668871663 2.380305729022774 118.5
0 1 -14.736780922588789 5.346317329254499 108.5
1 0 -15.118807094131672 72.38691436982728 -117.5
1 1 -15.106719467727018 69.56797709868836 -108.0
7784
-------------------New----------------
0 0 -60.46477724256961 36.01149796545072 118.5
0 1 -58.831015025612864 32.038718545584736 108.5
1 0 -21.93027291992162 -57.750117926770244 -117.5
1 1 -23.48201558257804 -53.976213123110085 -108.0
7786
-------------------New----------------
0 0 31.38908953592131 25.47224170350856 118.5
0 1 28.670434866044257 21.866496179025397 108.5
1 0 -32.785665111438334 -59.661525867915074 -117.5
1 1 -30.20244484993325 -56.23271793537282 -108.0
7787
-------------------New----------------
0 0 64.04376889993696 -37.765473291982445 118.5
0 1 63.020866415301704 -33.62138701781009 108.5
1 0 39.89318393741271 60.02669032712337 -117.5
1 1 40.86571956966789 56.09096476867332 -108.0
7788
-------------------New----------------
0 0 -48.35444451907064 44.285985519910554 118.5
0 1 -48.07410935128678 41.843947213433225 108.5
1 0 -41.71888620687414 -13.342274706905837 -117.5
1 1 -41.98682519124098 -11.022311004045822 -108.0
7792
-------------------New----------------
0 0 -32.660112691484684 -63.23252199706887 118.5
0 1 -30.406125804543553 -63.48291580094207 108.5
1 0 19.823032633198103 -68.46363491142526 -117.5
1 1 17.71574026069595 -68.28827717748624 -108.0
7795
-------------------New----------------
0 0 -0.8418399296694494 52.84712336150206 118.5
0 1 -0.5579767118650255 53.202266145394844 108.5
1 0 5.797049363733973 61.24322737076742 -117.5
1 1 5.531434882359155 60.90483149075965 -108.0
7797
-------------------New----------------
0 0 72.44980567128133 -18.64960205274435 118.5
0 1 70.61652169483162 -20.01595381343403 108.5
1 0 29.18473179338833 -50.83527461539781 -117.5
1 1 30.925741577885542 -49.54236353577444 -108.0
7815
-------------------New----------------
0 0 -100.39065872496101 -95.25002359501387 118.5
0 1 -99.99845246023659 -93.99751663053853 108.5
1 0 -91.11294721237688 -65.671204573411 -117.5
1 1 -91.48654646716635 -66.86245296273523 -108.0
7816
-------------------New----------------
0 0 40.71040071121453 -25.55385960989945 118.5
0 1 41.03299458623268 -25.463826379049117 108.5
1 0 48.24355561251373 -23.450049181810773 -117.5
1 1 47.951298807817764 -23.529518813732004 -108.0
7822
-------------------New----------------
0 0 7.4159685376900715 60.81018913645645 118.5
0 1 9.616684052653914 58.60942995946603 108.5
1 0 59.329356819953034 9.050170466606732 -117.5
1 1 57.22738822101128 11.116800752702847 -108.0
7826
-------------------New----------------
0 0 28.522748414715778 78.13244558932976 118.5
0 1 31.505597251201795 78.28623707459111 108.5
1 0 99.00234818325143 82.28948806476274 -117.5
1 1 96.16271752633041 82.10956633912276 -108.0
7830
-------------------New----------------
0 0 -91.04924037713091 17.93767183231693 118.5
0 1 -89.10198471797216 17.610101302600096 108.5
1 0 -45.05655895767309 10.19956988691243 -117.5
1 1 -46.909658092555816 10.511965008172542 -108.0
7838
-------------------New----------------
0 0 5.881366142844127 12.060698098768759 118.5
0 1 3.0686645184917487 13.976754760805708 108.5
1 0 -60.4953150598368 57.319804343322915 -117.5
1 1 -57.826910362848345 55.499144208939285 -108.0
7840
-------------------New----------------
0 0 -82.43793105724073 -84.8678061012741 118.5
0 1 -82.82814529009441 -84.8281826443339 108.5
1 0 -91.37208401346534 -84.41447682064342 -117.5
1 1 -91.01845675154293 -84.40172022655338 -108.0
7847
-------------------New----------------
0 0 61.10772068449397 -29.65246996024239 118.5
0 1 61.47455385515282 -30.244657531329544 108.5
1 0 69.73862161835687 -43.713453272503635 -117.5
1 1 69.3891146160478 -43.147537862123215 -108.0
7853
-------------------New----------------
0 0 76.73484466698741 -96.14737351371294 118.5
0 1 75.36388876128568 -95.59613734097611 108.5
1 0 44.378403960357026 -83.1025313913236 -117.5
1 1 45.67691248735001 -83.63088626905673 -108.0
7854
-------------------New----------------
0 0 -13.511338754993137 0.18902738215697662 118.5
0 1 -13.073492392704377 1.4814673737379898 108.5
1 0 -3.281875223644998 30.635526109615675 -117.5
1 1 -3.692705639108573 29.41188724973326 -108.0
7865
-------------------New----------------
0 0 38.9778047966892 -77.82227894937877 118.5
0 1 39.52439227140478 -78.4847346357798 108.5
1 0 51.89382125640577 -93.41816481533994 -117.5
1 1 51.37455412005678 -92.78969060289047 -108.0
7867
-------------------New----------------
0 0 84.09064911327347 4.277689774182649 118.5
0 1 84.42485525709813 -0.23027952195523899 108.5
1 0 91.98258107699627 -102.07781341121853 -117.5
1 1 91.66536961122117 -97.79693111493353 -108.0
7882
-------------------New----------------
0 0 12.777115730493396 -2.9747801381771555 118.5
0 1 11.850883492173875 0.16937913852688893 108.5
1 0 -9.123381239423116 71.17756379905423 -117.5
1 1 -8.24219372078429 68.1946982306049 -108.0
7889
-------------------New----------------
0 0 29.96632439487957 66.0811303199424 118.5
0 1 28.680893776656752 65.25945075715656 108.5
1 0 -0.37744449001997904 46.81004516590737 -117.5
1 1 0.8395355393068936 47.579779872150695 -108.0
7891
-------------------New----------------
0 0 -81.24188897355157 92.79692659912352 118.5
0 1 -80.70537895260307 93.47465714076088 108.5
1 0 -68.57918047057434 108.77071491597478 -117.5
1 1 -69.08896749239449 108.12726265160123 -108.0
7912
-------------------New----------------
0 0 21.760371321508767 29.778612179498264 118.5
0 1 17.233604894231487 30.152383345361443 108.5
1 0 -84.86696350070298 38.59582457955072 -117.5
1 1 -80.57826389166358 38.23737776922588 -108.0
7921
-------------------New----------------
0 0 31.20289100267067 8.562824737103991 118.5
0 1 33.31484069207498 6.0102443423563825 108.5
1 0 81.04400169884832 -51.67549711461802 -117.5
1 1 79.03771060117201 -49.25098692875163 -108.0
7923
-------------------New----------------
0 0 -65.9691444028903 10.797411383786098 118.5
0 1 -67.3198345804331 5.190527248807045 108.5
1 0 -97.76313125141156 -121.5509922158662 -117.5
1 1 -96.48637229681927 -116.22378625963248 -108.0
7953
-------------------New----------------
0 0 33.49559948933121 69.96510493521876 118.5
0 1 37.29151926200878 67.4510603606863 108.5
1 0 123.09054871556918 10.77139611357973 -117.5
1 1 119.482886419158 13.150258966606367 -108.0
7961
-------------------New----------------
0 0 92.415915966609 89.51452822494 118.5
0 1 92.90434914743828 89.24443512523601 108.5
1 0 103.92734195160571 83.1604759842466 -117.5
1 1 103.46440792754018 83.41461089461423 -108.0
7969
-------------------New----------------
0 0 -13.830707822337768 -79.2293446332433 118.5
0 1 -14.561652562768753 -80.29710406758686 108.5
1 0 -31.048384886979836 -104.05155955788719 -117.5
1 1 -30.37095523256939 -103.08941940892285 -108.0
7972
-------------------New----------------
0 0 79.34179757334121 -105.34443212876354 118.5
0 1 80.7151452946249 -104.22571283474136 108.5
1 0 111.75045681303762 -78.94143016647772 -117.5
1 1 110.44611482207104 -80.00413911482497 -108.0
7975
-------------------New----------------
0 0 38.16320425336074 -117.18649625790815 118.5
0 1 35.44472264221047 -116.88579874898271 108.5
1 0 -26.17117805925119 -110.1240734146184 -117.5
1 1 -23.577840441539415 -110.41191925059286 -108.0
7976
-------------------New----------------
0 0 -10.719099206317408 89.17620331982029 118.5
0 1 -7.557606863454433 89.71241140128762 108.5
1 0 63.86211504766019 101.82583278760032 -117.5
1 1 60.86007649863295 101.31599814207456 -108.0
7977
-------------------New----------------
0 0 26.706288864320975 -54.50572855775223 118.5
0 1 26.696984850254534 -53.23504059030322 108.5
1 0 26.481868345502658 -24.484847929581797 -117.5
1 1 26.492421759952116 -25.694790128252766 -108.0
7983
-------------------New----------------
0 0 62.4061280182424 -5.511669029653992 118.5
0 1 59.134509951039114 -9.055234928660227 108.5
1 0 -14.80413078819467 -89.10670119180796 -117.5
1 1 -11.693454303318836 -85.74418653725753 -108.0
7986
-------------------New----------------
0 0 50.27239148522253 71.12205857061687 118.5
0 1 49.089384475838976 71.6454801576966 108.5
1 0 22.35831337038834 83.48101890390238 -117.5
1 1 23.482128231653054 82.98334014471646 -108.0
8009
-------------------New----------------
0 0 18.32477871550007 -65.8587592933767 118.5
0 1 16.069895982107404 -63.54574957421357 108.5
1 0 -34.945046606843185 -11.285084318184074 -117.5
1 1 -32.799311511713704 -13.485595138339653 -108.0
8014
-------------------New----------------
0 0 27.006844232414373 -10.232750454969379 118.5
0 1 28.88011227155642 -14.679621956203423 108.5
1 0 71.33152382644138 -115.30797048082249 -117.5
1 1 69.54600765605574 -111.07309713044678 -108.0
8015
-------------------New----------------
0 0 -81.53891371615398 23.85318824850384 118.5
0 1 -81.0053616528312 24.139840682127264 108.5
1 0 -68.91797018773978 30.65019173622274 -117.5
1 1 -69.42597287533007 30.37574577450071 -108.0
8021
-------------------New----------------
0 0 58.396145069414885 10.04365584749901 118.5
0 1 54.87103130847462 6.2933603295609535 108.5
1 0 -24.809124002390018 -78.4678380787259 -117.5
1 1 -21.45946666006888 -74.9043478495614 -108.0
8029
-------------------New----------------
0 0 -13.353046828788086 23.727295972293177 118.5
0 1 -12.864829228291313 24.11253055125735 108.5
1 0 -1.7279570533700699 32.79437812465587 -117.5
1 1 -2.1986482608356908 32.42692083747212 -108.0
8032
-------------------New----------------
0 0 -93.6140201685982 -64.95079515024781 118.5
0 1 -91.89339207704896 -66.40653900216495 108.5
1 0 -52.832001916407606 -99.206792032435 -117.5
1 1 -54.45305370526832 -97.81136701443653 -108.0
8035
-------------------New----------------
0 0 -31.05856338131249 -64.12730180496965 118.5
0 1 -31.265730766066206 -66.19318068057979 108.5
1 0 -36.218708793395614 -112.48304561031539 -117.5
1 1 -36.017428165442325 -110.54386003943064 -108.0
8040
-------------------New----------------
0 0 -90.99842986048773 73.67743733196215 118.5
0 1 -90.92303997251642 72.79582355225264 108.5
1 0 -89.21581417188449 52.8727342603202 -117.5
1 1 -89.287573863813 53.71031178245313 -108.0
8041
-------------------New----------------
0 0 11.858194129739093 -56.21748286486079 118.5
0 1 11.44602629252767 -55.84952858997467 108.5
1 0 2.095426908782585 -47.52914830603127 -117.5
1 1 2.489223585578512 -47.87640486382558 -108.0
8049
-------------------New----------------
0 0 -68.22598629061416 -48.296003460670946 118.5
0 1 -64.66468895430694 -46.57052167559075 108.5
1 0 15.799895295765117 -7.539006433770436 -117.5
1 1 12.417511447514375 -9.179444426978097 -108.0
8059
-------------------New----------------
0 0 46.9199366400706 23.60265339831074 118.5
0 1 42.137157162338 21.034504715994565 108.5
1 0 -65.88239953133552 -37.007786136529106 -117.5
1 1 -61.34426132559772 -34.56799229555729 -108.0
8069
-------------------New----------------
0 0 -6.380367383044706 33.55202934752893 118.5
0 1 -9.602760926611818 32.986443289772005 108.5
1 0 -82.42057608073546 20.233307378747757 -117.5
1 1 -79.36077940876511 20.77101667230105 -108.0
8070
-------------------New----------------
0 0 85.32767928976462 66.38385039932506 118.5
0 1 84.31041762362611 62.58999239454265 108.5
1 0 61.328984374353105 -23.159695963429847 -117.5
1 1 62.2950738388818 -19.555122815023697 -108.0
8071
-------------------New----------------
0 0 101.56304560204538 -6.927156456684699 118.5
0 1 102.12437914083462 -3.910404359554856 108.5
1 0 114.7962259217505 64.26768702183236 -117.5
1 1 114.26477727008792 61.40293026708723 -108.0
8078
-------------------New----------------
0 0 -31.5654279924233 -35.775229942538296 118.5
0 1 -33.10335329562555 -37.247564615951234 108.5
1 0 -67.89734733040011 -70.51304649714515 -117.5
1 1 -66.43512785498982 -69.11174864610349 -108.0
8080
-------------------New----------------
0 0 4.219446828259896 -26.97811738977624 118.5
0 1 4.1422573368325 -25.90043116017923 108.5
1 0 2.298080902092743 -1.6901909433368658 -117.5
1 1 2.372927996240643 -2.69277259812538 -108.0
8090
-------------------New----------------
0 0 81.7861268203227 -60.76958754139004 118.5
0 1 82.40939334259096 -58.27433662496448 108.5
1 0 96.50338078007283 -1.8748060530485966 -117.5
1 1 95.90969198919962 -4.245982704997573 -108.0
8092
-------------------New----------------
0 0 -31.198065724481175 -53.07051839056406 118.5
0 1 -31.07542409781084 -48.3650628101817 108.5
1 0 -28.20871389873286 57.93373181765507 -117.5
1 1 -28.337554786856543 53.45968157659646 -108.0
8094
-------------------New----------------
0 0 63.18804900064066 10.44569054723335 118.5
0 1 65.27538679411113 7.2878574675265515 108.5
1 0 112.38682407280093 -64.04229567562004 -117.5
1 1 110.40405988693885 -61.04404626813383 -108.0
8102
-------------------New----------------
0 0 -40.853491228065394 0.24289081975862103 118.5
0 1 -36.69050349841275 -4.27568314117989 108.5
1 0 58.10904713695186 -106.42167180717033 -117.5
1 1 54.113277087529944 -102.11522262594681 -108.0
8106
-------------------New----------------
0 0 -14.293320564717186 -113.21309446983136 118.5
0 1 -16.53689873517298 -112.93390966653178 108.5
1 0 -67.27280031929004 -106.80139793588243 -117.5
1 1 -65.13589280606888 -107.05739401206347 -108.0
8107
-------------------New----------------
0 0 5.4471086592344 34.09289219156542 118.5
0 1 6.049818311737287 30.96255203051077 108.5
1 0 19.6588639824432 -39.764464592418214 -117.5
1 1 19.08856826326739 -36.79090175538836 -108.0
8114
-------------------New----------------
0 0 10.951375637606983 96.0323010759071 118.5
0 1 5.8014991461523975 96.56847894252448 108.5
1 0 -110.43284666892389 108.56975864619935 -117.5
1 1 -105.54001569662248 108.06784043404511 -108.0
8118
-------------------New----------------
0 0 -54.7863026487352 13.927873171189614 118.5
0 1 -55.8605693693184 9.293369977203096 108.5
1 0 -80.07241263787468 -95.4430248172445 -117.5
1 1 -79.05870578441791 -91.03889849569994 -108.0
8119
-------------------New----------------
0 0 55.51181239259522 -47.32906472119451 118.5
0 1 55.4073347160518 -45.839090154480694 108.5
1 0 53.164872188676306 -12.178959894767962 -117.5
1 1 53.258678596141536 -13.59128322283242 -108.0
8124
-------------------New----------------
0 0 7.402624404845693 -40.62673813457496 118.5
0 1 3.247232302674431 -38.861250472342014 108.5
1 0 -90.68990795190632 1.0718419158094648 -117.5
1 1 -86.7395440231233 -0.6079894974549495 -108.0
8136
-------------------New----------------
0 0 12.014016942854926 31.90575263127808 118.5
0 1 13.693208531208663 32.16637651574625 108.5
1 0 51.55933728830845 38.071566452984754 -117.5
1 1 49.96881756497023 37.82316607745421 -108.0
8137
-------------------New----------------
0 0 17.853578476935915 -68.18122988103212 118.5
0 1 20.03035214864867 -66.50454070445954 108.5
1 0 69.25318418530797 -28.67235916037053 -117.5
1 1 67.1817725361826 -30.257134694534084 -108.0
8144
-------------------New----------------
0 0 69.46923772027509 74.08385832586697 118.5
0 1 70.32280811381978 73.56450067920164 108.5
1 0 89.62888207071748 61.758984587918846 -117.5
1 1 88.81495793918886 62.254918921854525 -108.0
8145
-------------------New----------------
0 0 108.2014891065276 8.588686459516799 118.5
0 1 108.75360727969976 5.061788123483231 108.5
1 0 121.23358506434514 -74.5706698403985 -117.5
1 1 120.71099181830243 -71.22586143451494 -108.0
8148
-------------------New----------------
0 0 31.814843209464083 -113.22296363352064 118.5
0 1 34.455750625868156 -113.41698507511391 108.5
1 0 93.56107417304487 -117.62049019461651 -117.5
1 1 91.1017175216465 -117.46503981054714 -108.0
8162
-------------------New----------------
0 0 -82.55050491276398 -42.762124860936524 118.5
0 1 -79.28002717298837 -38.09676480897992 108.5
1 0 -5.300352681307888 67.35367958187874 -117.5
1 1 -8.415549307737612 62.91832009875749 -108.0
8168
-------------------New----------------
0 0 -6.972788884978462 47.15930520696615 118.5
0 1 -7.39158686093243 44.865783577497 108.5
1 0 -17.432378016510633 -6.411160576202687 -117.5
1 1 -16.970736329670398 -4.28849570978206 -108.0
8170
-------------------New----------------
0 0 106.34772570017485 -18.04672680472917 118.5
0 1 105.62051652106686 -18.561681604128314 108.5
1 0 89.21104111104587 -30.00490117332542 -117.5
1 1 89.8989706158178 -29.532055282047214 -108.0
8180
-------------------New----------------
0 0 15.01647081153059 21.443157337567712 118.5
0 1 13.892412301688193 25.873528996245476 108.5
1 0 -11.451603656500373 126.10192007202765 -117.5
1 1 -10.388444876247593 121.8829328499387 -108.0
8187
-------------------New----------------
0 0 -38.34613272114629 -52.15911590885885 118.5
0 1 -33.81653933066022 -53.47119536137768 108.5
1 0 68.603061081571 -83.16174443034541 -117.5
1 1 64.29727028804243 -81.9118927236162 -108.0
8188
-------------------New----------------
0 0 -53.43030127559963 -91.80047597885203 118.5
0 1 -49.26905695346111 -93.1138515172851 108.5
1 0 44.75768019692697 -122.77346373014991 -117.5
1 1 40.8045720920159 -121.52757945621211 -108.0
8196
-------------------New----------------
0 0 42.77368470779456 -15.169732774404114 118.5
0 1 42.17779279094573 -18.336109850917758 108.5
1 0 28.66104041149341 -89.8849285002804 -117.5
1 1 29.22946530638571 -86.87957827700055 -108.0
8199
-------------------New----------------
0 0 -6.4663873238162 -4.636827629974137 118.5
0 1 -6.520966740643433 -6.4979624761004064 108.5
1 0 -7.865043438098982 -48.691738148269316 -117.5
1 1 -7.798793877991509 -46.91121291290953 -108.0
8200
-------------------New----------------
0 0 -23.58823200469547 -1.9552476321105794 118.5
0 1 -24.997879253936432 -0.6986764706559379 108.5
1 0 -56.80988239505505 27.709992812860076 -117.5
1 1 -55.47591485850627 26.51647812949556 -108.0
8207
-------------------New----------------
0 0 9.300204728697222 5.456338353123303 118.5
0 1 6.139504782832626 4.569298056994358 108.5
1 0 -65.30696317297034 -15.468231328407033 -117.5
1 1 -62.30219963849995 -14.61582307188967 -108.0
8213
-------------------New----------------
0 0 55.52089122255087 48.26693665927243 118.5
0 1 53.6882392211872 47.77404390392706 108.5
1 0 12.312801396919246 36.69088745906267 -117.5
1 1 14.057890411912428 37.15069266328713 -108.0
8223
-------------------New----------------
0 0 -51.58901569735732 -56.03736787166711 118.5
0 1 -46.954865487315075 -53.392098453781045 108.5
1 0 57.78282841946211 6.419062360128467 -117.5
1 1 53.37781303737991 3.903121648738748 -108.0
8225
-------------------New----------------
0 0 -45.97662130438418 -20.125219476374095 118.5
0 1 -48.43691466115622 -22.96434228895572 108.5
1 0 -104.03889820126592 -87.12232166421724 -117.5
1 1 -101.70166133501911 -84.42548768382125 -108.0
8229
-------------------New----------------
0 0 100.76745147646972 96.55993298676941 118.5
0 1 100.03684301450814 97.47455698055853 108.5
1 0 83.49170260093635 118.20105621027173 -117.5
1 1 84.18937603574174 117.32736715910407 -108.0
8247
-------------------New----------------
0 0 21.448741445186954 49.89053598922514 118.5
0 1 15.570495557080807 52.06847938961225 108.5
1 0 -117.16200128393152 101.2935583382875 -117.5
1 1 -111.58744324874078 99.22391620505121 -108.0
8254
-------------------New----------------
0 0 -74.8215235311616 112.90821025514397 118.5
0 1 -73.69210728991047 112.32523028567246 108.5
1 0 -47.854654551133365 99.1688890686208 -117.5
1 1 -48.94741128127991 99.71915995337491 -108.0
8259
-------------------New----------------
0 0 -102.503266165535 34.40104257558573 118.5
0 1 -102.95061678189181 32.45814306884547 108.5
1 0 -113.06724117963734 -11.434870566964957 -117.5
1 1 -112.6457040301159 -9.591740352745763 -108.0
8261
-------------------New----------------
0 0 -10.845986747822305 89.7235446738358 118.5
0 1 -6.823205805307881 87.75544135312109 108.5
1 0 84.17861255764034 43.11548720934847 -117.5
1 1 80.35246648490646 44.989436779663656 -108.0
8264
-------------------New----------------
0 0 10.082931552590471 -35.993909044297915 118.5
0 1 12.4569949935635 -33.48905739046734 108.5
1 0 66.11934503698684 23.122032173905833 -117.5
1 1 63.86427173695379 20.742401583235637 -108.0
8288
-------------------New----------------
0 0 -26.671833240528485 68.55566627949962 118.5
0 1 -25.765881465195918 64.59949270153291 108.5
1 0 -5.378237864967824 -24.744141073204684 -117.5
1 1 -6.233976378142065 -20.993274409626004 -108.0
8289
-------------------New----------------
0 0 9.69343972206536 77.26040455295706 118.5
0 1 9.064089595505951 74.8782418568257 108.5
1 0 -5.104943040255729 21.01476135621552 -117.5
1 1 -4.509127420549593 23.284337118780748 -108.0
8290
-------------------New----------------
0 0 -40.11415936762724 -9.667588024803047 118.5
0 1 -36.132066969694655 -8.61496351192527 108.5
1 0 53.67108944247908 14.665910233120437 -117.5
1 1 49.92462085488547 13.69545982701423 -108.0
8297
-------------------New----------------
0 0 13.872833321466302 42.362269532571155 118.5
0 1 13.963462641759708 36.27210175242656 108.5
1 0 15.951796890241383 -101.39147848634862 -117.5
1 1 15.86951755568673 -95.60409881988761 -108.0
8299
-------------------New----------------
0 0 -60.818575015593865 35.20861078542158 118.5
0 1 -62.331909649544784 37.291365115323366 108.5
1 0 -96.73655477665422 83.56812588468347 -117.5
1 1 -95.25991288145792 81.63136882102123 -108.0
8305
-------------------New----------------
0 0 43.51919140109665 -55.86133548148312 118.5
0 1 44.494744807428845 -51.447228852663216 108.5
1 0 66.56291393580278 48.34062914759092 -117.5
1 1 65.63439674577141 44.14456881612703 -108.0
8325
-------------------New----------------
0 0 52.29359276884329 -90.52662699302445 118.5
0 1 48.98149462067872 -89.40409113074321 108.5
1 0 -25.794054028169477 -64.02504320699498 -117.5
1 1 -22.651175085115387 -65.09331887239924 -108.0
8327
-------------------New----------------
0 0 -24.26501169597679 -10.120267212475763 118.5
0 1 -27.536755486630085 -6.407710526385455 108.5
1 0 -101.50387252106091 77.50321554676435 -117.5
1 1 -98.39862150162712 73.97816749515135 -108.0
8328
-------------------New----------------
0 0 -92.52561404667158 -59.1987019446499 118.5
0 1 -92.92150223219454 -58.12063348978175 108.5
1 0 -101.85001215874524 -33.757779634426086 -117.5
1 1 -101.47616526281685 -34.78271317180675 -108.0
8338
-------------------New----------------
0 0 -18.743884391591084 90.39575607034404 118.5
0 1 -18.303099533693086 89.53657174257953 108.5
1 0 -8.295381469979215 70.11884632185885 -117.5
1 1 -8.721257103161857 70.93473395361355 -108.0
8353
-------------------New----------------
0 0 -35.11841249498278 29.106861504865822 118.5
0 1 -30.88831176689424 24.99460187879805 108.5
1 0 65.10111067631074 -67.90534964429227 -117.5
1 1 60.98080414312087 -64.01887087497661 -108.0
8354
-------------------New----------------
0 0 9.14411852910592 6.2960479168305685 118.5
0 1 11.800913043420854 8.656879363664906 108.5
1 0 71.84232293701389 61.98580829591481 -117.5
1 1 69.31915991466515 59.74387920745528 -108.0
8365
-------------------New----------------
0 0 13.547648487590283 -16.152952361567586 118.5
0 1 8.312262514970882 -15.25251651208689 108.5
1 0 -109.26526413541887 5.36777122298478 -117.5
1 1 -104.34835518715155 4.4795895733163285 -108.0
8380
-------------------New----------------
0 0 -32.76231919081533 -32.025869982767446 118.5
0 1 -29.352272866882878 -28.103617978780346 108.5
1 0 47.7210574640597 60.541517713955 -117.5
1 1 44.48134697790253 56.81498284312103 -108.0
8381
-------------------New----------------
0 0 -44.706829801471045 -49.19195042551169 118.5
0 1 -47.37123088082213 -47.06121539689947 108.5
1 0 -107.27985002818043 1.2606260221801588 -117.5
1 1 -104.77613989058975 -0.7462655591097771 -108.0
8383
-------------------New----------------
0 0 44.38576319769582 79.7154106571658 118.5
0 1 46.145439527156825 79.51132003690233 108.5
1 0 86.04753036696405 74.92228520511888 -117.5
1 1 84.36971454989192 75.11790343086321 -108.0
8385
-------------------New----------------
0 0 -41.660123666231726 -10.53175623844588 118.5
0 1 -39.63572146218718 -14.762261899061238 108.5
1 0 6.129116918998815 -110.1878736261411 -117.5
1 1 4.204019955809187 -106.18417393055083 -108.0
8389
-------------------New----------------
0 0 -20.638184442752017 -30.893689104375404 118.5
0 1 -23.35977138251798 -31.81769488034493 108.5
1 0 -84.67745248128975 -53.090926832600054 -117.5
1 1 -82.05120320375877 -52.19997144171576 -108.0
8393
-------------------New----------------
0 0 -23.13400841051522 -74.95617599528737 118.5
0 1 -18.917180341783183 -73.55137202038982 108.5
1 0 76.3528843724145 -41.75919004336022 -117.5
1 1 72.35486799181822 -43.09404500063766 -108.0
8399
-------------------New----------------
0 0 14.35220220718657 -40.8841964403527 118.5
0 1 18.672524374593575 -38.4024812950144 108.5
1 0 116.31411489625964 17.690229850770216 -117.5
1 1 112.21002634317531 15.33262779666901 -108.0
8401
-------------------New----------------
0 0 122.05150541173255 25.17050414052484 118.5
0 1 122.28606453062068 25.401506632058993 108.5
1 0 127.61321463723202 30.60121109685634 -117.5
1 1 127.39154405405375 30.38734286960281 -108.0
8409
-------------------New----------------
0 0 -58.38236930275408 24.75226094546769 118.5
0 1 -58.80871057140198 26.1794166684411 108.5
1 0 -68.44438598007952 58.41779472090239 -117.5
1 1 -68.0391162052832 57.06301673910772 -108.0
8413
-------------------New----------------
0 0 18.821932450274296 -8.470846667796621 118.5
0 1 18.478602828445798 -8.2654851024866 108.5
1 0 10.534818921981053 -3.693397949044565 -117.5
1 1 10.875146016887694 -3.883527127038927 -108.0
8417
-------------------New----------------
0 0 5.257861141446446 74.36383798284774 118.5
0 1 7.4871208055920135 71.85748557955222 108.5
1 0 57.924808200002246 15.213276650290737 -117.5
1 1 55.803271529827406 17.59434382301718 -108.0
8435
-------------------New----------------
0 0 -38.645077056483395 45.68472624012456 118.5
0 1 -39.57030815447811 47.61647350784135 108.5
1 0 -60.48354149706855 91.23543064555211 -117.5
1 1 -59.60257765695235 89.3991071624906 -108.0
8436
-------------------New----------------
0 0 29.57394154673758 77.93091672099997 118.5
0 1 28.96575588210643 78.35393828340241 108.5
1 0 14.806472611554867 87.43350939200107 -117.5
1 1 15.419076678557118 87.0697538313165 -108.0
8440
-------------------New----------------
0 0 -77.29400716580656 -74.54309956558994 118.5
0 1 -77.39341639869237 -73.8955020091917 108.5
1 0 -79.66695746169647 -59.26628464956313 -117.5
1 1 -79.57042241463687 -59.88145375418465 -108.0
8444
-------------------New----------------
0 0 -67.18466347320071 -55.87379348905726 118.5
0 1 -63.605423969696616 -55.77738519562522 108.5
1 0 17.27225124281826 -53.541939696862855 -117.5
1 1 13.87223144649729 -53.6356709287252 -108.0
8451
-------------------New----------------
0 0 33.1043861928244 -9.717430939430722 118.5
0 1 33.25494333492067 -8.37450315327271 108.5
1 0 40.67982821113291 6.655976381996171 -117.5
1 1 40.169042525352495 6.693773423106744 -108.0
8452
-------------------New----------------
0 0 -3.3279742005363007 -54.40711809775913 118.5
0 1 -4.8267186764608185 -53.196235713968335 108.5
1 0 -39.846775615533865 -25.907327345908858 -117.5
1 1 -38.35432519611619 -27.053208645159362 -108.0
8454
-------------------New----------------
0 0 -105.22210250223027 -19.389361385475926 118.5
0 1 -104.28135938355017 -17.50176241014884 108.5
1 0 -83.0162735762253 25.154105412491038 -117.5
1 1 -83.91024550501848 23.36116783420391 -108.0
8466
-------------------New----------------
0 0 -57.53554665103534 -91.51076556789033 118.5
0 1 -55.42713399401741 -91.69677763225056 108.5
1 0 -7.641410999558554 -95.91449879150908 -117.5
1 1 -9.652357065777647 -95.74144324304443 -108.0
8469
-------------------New----------------
0 0 41.82067267610795 -8.106837961519945 118.5
0 1 40.7889803593437 -7.6555722221693205 108.5
1 0 17.472640829958195 2.540231318195236 -117.5
1 1 18.452619158397134 2.1117117526023583 -108.0
8471
-------------------New----------------
0 0 54.71329576048388 58.12289632273156 118.5
0 1 54.27452585874884 59.217477666420415 108.5
1 0 44.374798414072174 83.96017036438367 -117.5
1 1 44.79175151448244 82.92038162792862 -108.0
8473
-------------------New----------------
0 0 7.613488538895121 -76.04255474271568 118.5
0 1 8.44242187862881 -77.75511527698097 108.5
1 0 27.16334908758002 -116.4311363020777 -117.5
1 1 26.37641674072004 -114.80535733812128 -108.0
8475
-------------------New----------------
0 0 18.532477142863083 52.37657983703612 118.5
0 1 21.024461797832377 50.2053945211671 108.5
1 0 77.46165068609926 1.005333861393758 -117.5
1 1 75.08612787639198 3.07348713383677 -108.0
8480
-------------------New----------------
0 0 -13.964800165111729 -76.4375930659445 118.5
0 1 -13.646804838410082 -75.8776109712164 108.5
1 0 -6.505168664442979 -63.06715347867267 -117.5
1 1 -6.810148546058187 -63.612664769640205 -108.0
8481
-------------------New----------------
0 0 99.10724159465181 27.519020093590647 118.5
0 1 99.16331071379122 27.46218195797352 108.5
1 0 100.53469051804129 26.32684043748215 -117.5
1 1 100.4695453986963 26.37123497079827 -108.0
8484
-------------------New----------------
0 0 -34.74659767144026 74.63316028100311 118.5
0 1 -37.572816812713185 76.56266271147294 108.5
1 0 -101.48197859968515 120.08338434469856 -117.5
1 1 -98.79905647133083 118.25983049089544 -108.0
8485
-------------------New----------------
0 0 -74.74065781635639 97.23942155655689 118.5
0 1 -74.92365399483464 96.15038325226021 108.5
1 0 -79.0589982049789 71.53862180681975 -117.5
1 1 -78.88515539756526 72.57316821100167 -108.0
8486
-------------------New----------------
0 0 -12.597889002135055 -69.10885206094 118.5
0 1 -11.061361461261516 -65.6200147595577 108.5
1 0 23.595486499528555 13.271002690248613 -117.5
1 1 22.140914950385906 9.95713957784928 -108.0
8488
-------------------New----------------
0 0 9.66836460707265 84.13532843337251 118.5
0 1 5.446968810056274 81.01620215502336 108.5
1 0 -89.95318152439344 10.581255930367297 -117.5
1 1 -85.94342015517555 13.540547388157274 -108.0
8489
-------------------New----------------
0 0 -21.557496258702663 20.000207943758692 118.5
0 1 -24.46958480748072 18.068915094350455 108.5
1 0 -90.29400607293184 -25.581802834429162 -117.5
1 1 -87.52624499529983 -23.74705704844086 -108.0
8493
-------------------New----------------
0 0 39.21619163069101 13.938780192697987 118.5
0 1 33.0456170783044 10.784439969598074 108.5
1 0 -106.38481713932731 -60.51858267640112 -117.5
1 1 -100.52572292451603 -57.52085032390376 -108.0
8505
-------------------New----------------
0 0 -23.31822469037505 -77.99045499239594 118.5
0 1 -25.71982164494623 -78.62861574849731 108.5
1 0 -80.00060752277372 -93.05094645182719 -117.5
1 1 -77.71818519417229 -92.44474783939351 -108.0
8507
-------------------New----------------
0 0 13.222728198072767 38.062257138249976 118.5
0 1 10.54680737832538 39.125972654899186 108.5
1 0 -49.980252863289465 63.12171403946924 -117.5
1 1 -47.43546322621718 62.11364702791656 -108.0
8513
-------------------New----------------
0 0 -54.586005478363134 37.39601574023534 118.5
0 1 -51.23490951772376 33.124571697871275 108.5
1 0 24.577765287863613 -63.49225411977942 -117.5
1 1 21.386423532536604 -59.42657311842636 -108.0
8525
-------------------New----------------
0 0 -26.703161936167014 3.64954564542426 118.5
0 1 -25.130588398966985 6.4651657338678605 108.5
1 0 10.42817227747101 70.12790498457102 -117.5
1 1 8.932330594899387 67.45033225113998 -108.0
8532
-------------------New----------------
0 0 -10.1988677036728 112.57168359970296 118.5
0 1 -6.198584345545759 113.1970166596492 108.5
1 0 84.13676877239203 127.3169697612436 -117.5
1 1 80.34201150568853 126.72369110080558 -108.0
8536
-------------------New----------------
0 0 59.06587439730181 -3.5118982615993035 118.5
0 1 57.81484633230674 -4.050627065249492 108.5
1 0 29.54787796779096 -16.185186815543386 -117.5
1 1 30.734501312621404 -15.67711494924281 -108.0
8537
-------------------New----------------
0 0 -47.67599259520826 -30.723943409569905 118.5
0 1 -46.28101894578321 -33.41630847041762 108.5
1 0 -14.720417648973969 -94.30596228579168 -117.5
1 1 -16.045907246004276 -91.74524131112413 -108.0
8548
-------------------New----------------
0 0 -88.23285835659786 92.35675769935602 118.5
0 1 -89.85698090612291 90.2967978383663 108.5
1 0 -126.50395676962857 43.77577721094961 -117.5
1 1 -124.96567303618774 45.72876054647193 -108.0
8559
-------------------New----------------
0 0 -31.885390265029685 107.19301322796994 118.5
0 1 -30.19119226079487 105.69112365576851 108.5
1 0 8.093298735002799 71.75211703040085 -117.5
1 1 6.48412051129758 73.18117774983594 -108.0
8562
-------------------New----------------
0 0 -15.29669806044841 1.4061863189246817 118.5
0 1 -16.35369861049208 -1.5498099261076654 108.5
1 0 -38.99899956406318 -69.19579164358676 -117.5
1 1 -38.101555209208 -66.33830536199574 -108.0
8570
-------------------New----------------
0 0 21.692029321606306 -37.598016822877625 118.5
0 1 21.682361682861554 -39.74351749790067 108.5
1 0 21.472913107449145 -88.23441574564815 -117.5
1 1 21.4811258494868 -86.19620356264441 -108.0
8571
-------------------New----------------
0 0 16.21302991660586 28.768613175731097 118.5
0 1 13.222270901739737 25.630128650599016 108.5
1 0 -54.450950527824865 -45.294421506645755 -117.5
1 1 -51.604520825133704 -42.31219911851158 -108.0
8572
-------------------New----------------
0 0 10.44394992290672 79.32250034777384 118.5
0 1 13.70434665507785 78.90470606415383 108.5
1 0 87.39174002137223 69.5329374238166 -117.5
1 1 84.29439781106504 69.92490277410387 -108.0
8575
-------------------New----------------
0 0 -79.859694435276 -43.63136084328077 118.5
0 1 -78.89292518574959 -43.61697586401176 108.5
1 0 -57.03308959788741 -43.282480626485885 -117.5
1 1 -57.95201862635865 -43.296270266870536 -108.0
8596
-------------------New----------------
0 0 -109.00407188777629 48.653281003150184 118.5
0 1 -109.33133265272734 46.50860538474114 108.5
1 0 -116.76853564778602 -1.83617188500656 -117.5
1 1 -116.4504047778217 0.18901058282675454 -108.0
8601
-------------------New----------------
0 0 -83.90447297703591 25.188816295615712 118.5
0 1 -82.0540713652622 25.0335393803158 108.5
1 0 -40.25062078670302 21.579670205689247 -117.5
1 1 -42.00748736380338 21.722260178964508 -108.0
8626
-------------------New----------------
0 0 13.482666205626092 -57.81373929815658 118.5
0 1 13.705810828233393 -57.99092143612406 108.5
1 0 18.756754036184297 -61.99196024399042 -117.5
1 1 18.5447430173008 -61.82293217802517 -108.0
8633
-------------------New----------------
0 0 93.28632419776093 -48.29616558717501 118.5
0 1 93.66914048695438 -47.989847968046135 108.5
1 0 102.3335693811368 -41.092350890578686 -117.5
1 1 101.96901671641305 -41.38080025257132 -108.0
8648
-------------------New----------------
0 0 -54.535629322789546 -24.764383417237088 118.5
0 1 -53.571790250141056 -27.465302909273795 108.5
1 0 -31.734104097256925 -88.54786672985989 -117.5
1 1 -32.65228068407721 -85.98077325098203 -108.0
8650
-------------------New----------------
0 0 81.83096765493283 -42.95544599278871 118.5
0 1 79.03962513329678 -37.9009105162787 108.5
1 0 15.990069092627403 76.25170246355476 -117.5
1 1 18.636394367932798 71.45696449697151 -108.0
8656
-------------------New----------------
0 0 -2.409258496120636 101.84587926196436 118.5
0 1 -3.9116200590333725 100.90342230842812 108.5
1 0 -37.88842397761317 79.59314791057287 -117.5
1 1 -36.4576155964154 80.49176001201137 -108.0
8663
-------------------New----------------
0 0 -40.343533570851534 75.8482976850723 118.5
0 1 -41.92444706871324 73.92572740626125 108.5
1 0 -77.59137071590872 30.48737917660987 -117.5
1 1 -76.09311382015454 32.30227742280325 -108.0
8671
-------------------New----------------
0 0 46.91447029478565 -10.708538933753365 118.5
0 1 41.04282870680994 -14.254819501749413 108.5
1 0 -91.76758643532162 -94.46148264404101 -117.5
1 1 -86.18035487920378 -91.08818113907111 -108.0
8673
-------------------New----------------
0 0 8.02955343472337 8.844360747141781 118.5
0 1 12.879212680533465 5.981344912034155 108.5
1 0 123.4605348025076 -58.4839881797 -117.5
1 1 118.77782593863438 -55.7881732865294 -108.0
8683
-------------------New----------------
0 0 -3.032010984669463 -95.52842537154612 118.5
0 1 -6.608743907794333 -94.45016964769027 108.5
1 0 -87.4393963838865 -70.09002341721431 -117.5
1 1 -84.04162944915649 -71.11396347550061 -108.0
8687
-------------------New----------------
0 0 26.02517101526171 -28.12845224422844 118.5
0 1 26.124143342796213 -31.191677363696556 108.5
1 0 28.218919316350018 -100.46901579694567 -117.5
1 1 28.13446737288563 -97.54449276200793 -108.0
8688
-------------------New----------------
0 0 1.044962322162316 21.327801919281335 118.5
0 1 -0.12796253692479026 19.986772334890063 108.5
1 0 -26.96270069392587 -10.62868977613729 -117.5
1 1 -25.818662623872406 -9.340826350995133 -108.0
8689
-------------------New----------------
0 0 9.816538559649013 -23.086741883109163 118.5
0 1 7.664796654488368 -20.580951335998087 108.5
1 0 -40.502801515262185 36.30787114119187 -117.5
1 1 -38.48965040918335 33.91949403475961 -108.0
8694
-------------------New----------------
0 0 -1.4168224431727316 99.0763475309562 118.5
0 1 -0.03245582556674616 100.04663524923478 108.5
1 0 31.281059893493836 121.99405662478557 -117.5
1 1 29.96412834484671 121.07126440244767 -108.0
8696
-------------------New----------------
0 0 -118.5873195622947 -50.749733731237036 118.5
0 1 -123.50944045089685 -52.585965507496745 108.5
1 0 76.75668561241234 -67.75816829150045 -117.5
1 1 75.58459623142795 -67.46277023847952 -108.0
8717
-------------------New----------------
0 0 90.5623409629687 -8.96086598607297 118.5
0 1 91.24266345019498 -5.705218856333208 108.5
1 0 106.6282555174458 67.87246059404512 -117.5
1 1 105.98083244374331 64.77974860624113 -108.0
8720
-------------------New----------------
0 0 57.651918154302166 2.6562335511933033 118.5
0 1 58.45440633366612 7.88960317062192 108.5
1 0 76.5759588782051 126.1923587541572 -117.5
1 1 75.81466731098111 121.22072902802336 -108.0
8743
-------------------New----------------
0 0 53.5979759348498 24.43470373550927 118.5
0 1 55.05895653424992 21.423371925238087 108.5
1 0 88.07277617871947 -46.633545799845464 -117.5
1 1 86.68452413358558 -43.77255567183984 -108.0
8748
-------------------New----------------
0 0 81.58552926053547 -70.42004200483655 118.5
0 1 82.30992996862565 -67.76973381855831 108.5
1 0 98.67781839611385 -7.846385766861846 -117.5
1 1 97.9890041663355 -10.365369709293066 -108.0
8755
-------------------New----------------
0 0 1.980122090034317 -72.63320624661098 118.5
0 1 1.5513902591753497 -74.54156294511115 108.5
1 0 -7.6678550137711925 -117.3952001524893 -117.5
1 1 -7.289121837501815 -115.59310260329411 -108.0
8756
-------------------New----------------
0 0 -58.368331423861 -33.71862557384499 118.5
0 1 -55.39856953867235 -31.09973903876581 108.5
1 0 11.666193467581463 28.212208203185742 -117.5
1 1 8.85751805413756 25.71222499898365 -108.0
8767
-------------------New----------------
0 0 -24.56418272272005 43.91275235680822 118.5
0 1 -25.865729203743946 38.31030659988965 108.5
1 0 -55.04504154115889 -88.60964486074322 -117.5
1 1 -53.8227392297663 -83.26334218991335 -108.0
8779
-------------------New----------------
0 0 63.1428603940637 18.345188905805234 118.5
0 1 63.821864614458775 16.143784419942666 108.5
1 0 79.26611562436992 -33.58384756146471 -117.5
1 1 78.61623017846699 -31.49370338166109 -108.0
8780
-------------------New----------------
0 0 61.722995391953035 39.43499912352244 118.5
0 1 61.02184160168317 38.9584937037584 108.5
1 0 45.20891449217419 28.223216434841714 -117.5
1 1 45.87324125820116 28.67496299923575 -108.0
8785
-------------------New----------------
0 0 -61.18139628712767 33.14610719648964 118.5
0 1 -63.10772321297888 36.90177833285914 108.5
1 0 -106.64138553238772 121.8018904777061 -117.5
1 1 -104.81090487103174 118.23245057510815 -108.0
8789
-------------------New----------------
0 0 -18.366620466606808 -74.45347252136038 118.5
0 1 -20.433585692405014 -70.62914405592366 108.5
1 0 -67.16340414644085 15.790833514763696 -117.5
1 1 -65.19910453940072 12.158798381060507 -108.0
8802
-------------------New----------------
0 0 -49.68618089250809 -102.94122946849434 118.5
0 1 -51.49854629748133 -103.21601941776915 108.5
1 0 -92.50862601943471 -109.4148499312544 -117.5
1 1 -90.7833453928109 -109.15330966757185 -108.0
8803
-------------------New----------------
0 0 64.75380413630106 -63.32714991622739 118.5
0 1 67.42597214283313 -64.5246172369248 108.5
1 0 127.90345676068428 -91.55762206239235 -117.5
1 1 125.36053342943828 -90.42452959763293 -108.0
8804
-------------------New----------------
0 0 -81.55069241039337 -79.40510585935354 118.5
0 1 -81.82184494067081 -76.3396513452503 108.5
1 0 -87.92171227626275 -7.045490369652134 -117.5
1 1 -87.66679147428036 -9.955711214556882 -108.0
8805
-------------------New----------------
0 0 -57.08862618438233 -91.26773326765282 118.5
0 1 -54.235723397781314 -91.28611788917684 108.5
1 0 10.558188374308369 -91.71776208115614 -117.5
1 1 7.828304237900932 -91.69164332249787 -108.0
8806
-------------------New----------------
0 0 -67.90568398163767 -67.92794429196367 118.5
0 1 -64.54473715600477 -63.876006301347296 108.5
1 0 11.47023574923597 27.62364453130062 -117.5
1 1 8.28370372019681 23.78787223134831 -108.0
8813
-------------------New----------------
0 0 -24.591308231924987 0.258781730865082 118.5
0 1 -25.07453847982984 2.5100528807459974 108.5
1 0 -36.120511863640516 52.079639264376375 -117.5
1 1 -35.638456358801285 49.99632130806473 -108.0
8818
-------------------New----------------
0 0 -57.50210024436384 106.24129302840859 118.5
0 1 -56.573186147222984 106.18053156385346 108.5
1 0 -35.564933710102224 104.98147280884587 -117.5
1 1 -36.47857670644417 104.93547043140526 -108.0
8820
-------------------New----------------
0 0 47.842582701884226 52.894707917780224 118.5
0 1 49.8846050673812 53.30415277983059 108.5
1 0 96.08148023023543 62.41316748066255 -117.5
1 1 94.13163253979047 62.03033352395545 -108.0
8825
-------------------New----------------
0 0 -60.670120523731484 14.862080648593821 118.5
0 1 -56.404742197753095 16.49505408226016 108.5
1 0 40.16112393208432 53.43943118826121 -117.5
1 1 36.10536182605438 51.877816867668535 -108.0
8827
-------------------New----------------
0 0 57.289845806146374 -39.33769585333031 118.5
0 1 59.978274228606054 -36.80236405754429 108.5
1 0 121.07772763084742 20.503391834153177 -117.5
1 1 118.45653590325256 18.094088885488055 -108.0
8832
-------------------New----------------
0 0 65.45337910753048 -9.284293032289828 118.5
0 1 65.01662288824977 -10.804295790181564 108.5
1 0 55.23859340526896 -45.13238635387001 -117.5
1 1 55.64783249696941 -43.69007113673441 -108.0
8857
-------------------New----------------
0 0 -80.92983969721855 2.1442004063311257 118.5
0 1 -78.52876374136537 -0.899283747017663 108.5
1 0 -24.251963399793702 -69.7427318180546 -117.5
1 1 -26.5345725477913 -66.84546552155533 -108.0
8868
-------------------New----------------
0 0 -31.532239852721688 6.273552566020421 118.5
0 1 -29.943016507219976 4.236688584841549 108.5
1 0 5.984963460746557 -41.805486023533525 -117.5
1 1 4.474376312616154 -39.87012044611785 -108.0
8870
-------------------New----------------
0 0 -26.509659297537382 44.25867376865867 118.5
0 1 -25.57544816865849 46.2358889085168 108.5
1 0 -4.4754967352741115 90.98578819079691 -117.5
1 1 -5.363680829077367 89.10246354759713 -108.0
8872
-------------------New----------------
0 0 10.381225016491252 -11.708062639234688 118.5
0 1 5.734330900508519 -14.604903333977457 108.5
1 0 -99.29868580274771 -80.06288740451234 -117.5
1 1 -94.8808131604985 -77.30957084616864 -108.0
8890
-------------------New----------------
0 0 -27.044980983032854 -20.517992582013484 118.5
0 1 -26.879042118560346 -15.294308562937758 108.5
1 0 -23.108381961837154 102.76918937858848 -117.5
1 1 -23.266800520222283 97.80646088428377 -108.0
8891
-------------------New----------------
0 0 38.03263596810165 -103.29676290400582 118.5
0 1 35.8752613656132 -102.70238306743076 108.5
1 0 -12.87852575040933 -89.26658451271432 -117.5
1 1 -10.829231584902105 -89.83110641109104 -108.0
8894
-------------------New----------------
0 0 23.734189223281156 -92.65946675658003 118.5
0 1 23.238188950408784 -92.55716933989007 108.5
1 0 12.022067465787943 -90.31032345076758 -117.5
1 1 12.494748826805658 -90.40395290194944 -108.0
8896
-------------------New----------------
0 0 80.26060098744358 -54.12885640631132 118.5
0 1 82.18013159166563 -51.88441881962679 108.5
1 0 125.57965703514401 -1.1404357644877101 -117.5
1 1 123.75913802231321 -3.2756552412459383 -108.0
8900
-------------------New----------------
0 0 -35.038656254961005 -53.63380369648659 118.5
0 1 -34.16766425164713 -54.80130670504708 108.5
1 0 -14.468453455396176 -81.15101540854562 -117.5
1 1 -15.297284599230858 -80.04399116959407 -108.0
8901
-------------------New----------------
0 0 -86.49370376531711 -87.33479382552271 118.5
0 1 -87.7051489150804 -86.0633922645615 108.5
1 0 -115.08140277898181 -57.35082964383804 -117.5
1 1 -113.93102050218002 -58.55640033390247 -108.0
8904
-------------------New----------------
0 0 55.76718843656069 34.62191996766698 118.5
0 1 53.900780634654765 30.86931775815732 108.5
1 0 11.89537030852633 -54.0521887177783 -117.5
1 1 13.659051399719965 -50.482711736521004 -108.0
8907
-------------------New----------------
0 0 -101.88031276061432 -99.66834343572347 118.5
0 1 -102.83176037708913 -99.38601080194022 108.5
1 0 -124.32787604973673 -93.03090529848808 -117.5
1 1 -123.42341740864012 -93.29809401028339 -108.0
8908
-------------------New----------------
0 0 -5.671528767582667 -17.676905540031747 118.5
0 1 -5.289396396017127 -19.454530782568934 108.5
1 0 3.4029255197823174 -59.580922755762785 -117.5
1 1 3.036428019747388 -57.89340314567975 -108.0
8910
-------------------New----------------
0 0 74.3227398183976 13.601475425698018 118.5
0 1 72.07359235786569 13.846258975905329 108.5
1 0 21.443103376340986 19.08627045918936 -117.5
1 1 23.56616860391615 18.863195178350864 -108.0
8912
-------------------New----------------
0 0 -85.69477606205716 -36.03661381012344 118.5
0 1 -87.30636276290497 -38.63631690542599 108.5
1 0 -123.73937916458097 -97.37276230558443 -117.5
1 1 -122.20813654510646 -94.90384434581138 -108.0
8918
-------------------New----------------
0 0 -103.78768480542139 -73.17764113343544 118.5
0 1 -102.1866812168482 -74.8944177114771 108.5
1 0 -65.95584971456073 -113.94749036648685 -117.5
1 1 -67.4751848318638 -112.29909343844474 -108.0
8919
-------------------New----------------
0 0 59.496466156000146 -85.18297613626476 118.5
0 1 58.726798266500566 -83.97020276057128 108.5
1 0 41.33709369255921 -56.56052166420649 -117.5
1 1 42.06857228652044 -57.71344777162524 -108.0
8922
-------------------New----------------
0 0 123.37541336214619 32.977206127339656 118.5
0 1 123.20260287202389 36.4794443161613 108.5
1 0 119.41710566839966 115.6653367486709 -117.5
1 1 119.5725908474931 112.33809582741416 -108.0
8925
-------------------New----------------
0 0 50.63743689992829 -47.611161204766006 118.5
0 1 53.36928686174648 -45.65099754070432 108.5
1 0 115.1219324989006 -1.3496044824487705 -117.5
1 1 112.52623214679684 -3.2115900234543107 -108.0
8927
-------------------New----------------
0 0 -6.343327895419674 -96.73423995993727 118.5
0 1 -4.463839764361573 -96.00647002163045 108.5
1 0 38.257639995011665 -79.45016982152639 -117.5
1 1 36.45452002081795 -80.15242684550694 -108.0
8931
-------------------New----------------
0 0 -35.25471856541759 90.65495758322712 118.5
0 1 -36.497620626603094 91.49613703535027 108.5
1 0 -64.55338588130863 110.44589981587455 -117.5
1 1 -63.375844207374186 109.65117778231668 -108.0
8946
-------------------New----------------
0 0 53.87014124419825 37.03209618054246 118.5
0 1 53.867813249621406 38.970767966892986 108.5
1 0 53.91869596689901 82.79590930677654 -117.5
1 1 53.91429163149998 80.95356473192105 -108.0
8963
-------------------New----------------
0 0 73.44285081434747 -72.71852479452812 118.5
0 1 73.85899497033023 -73.47269551818103 108.5
1 0 83.27280538205443 -90.56880819913128 -117.5
1 1 82.87701244327894 -89.84925385655424 -108.0
8966
-------------------New----------------
0 0 -17.95948573759635 -58.528079942575815 118.5
0 1 -20.600073504896297 -59.75339210421008 108.5
1 0 -80.25865843864608 -87.45626899684072 -117.5
1 1 -77.7511519937169 -86.29160406073183 -108.0
8969
-------------------New----------------
0 0 -103.02691654802948 -5.308577812411612 118.5
0 1 -101.84587998354058 -1.676901124006737 108.5
1 0 -75.23949945108129 80.42816578917396 -117.5
1 1 -76.3587978518638 76.97650792348341 -108.0
8986
-------------------New----------------
0 0 -92.49019410291763 -30.618307622119282 118.5
0 1 -91.68001716112639 -34.64734938950535 108.5
1 0 -73.36875548282073 -125.71413952547816 -117.5
1 1 -74.13811893172598 -121.8866334711477 -108.0
8992
-------------------New----------------
0 0 -54.65476379782727 37.25954413685948 118.5
0 1 -55.026371899061544 40.238074543869836 108.5
1 0 -63.419085619169365 107.56174263781978 -117.5
1 1 -63.066856093240304 104.73161027848805 -108.0
8994
-------------------New----------------
0 0 10.310952952058145 -78.01341102866768 118.5
0 1 13.954114929048535 -79.97811661426793 108.5
1 0 96.53146427963321 -124.162062791487 -117.5
1 1 93.0550790781437 -122.30879315063935 -108.0
9001
-------------------New----------------
0 0 -10.634946213552338 62.60302078458077 118.5
0 1 -7.138667752437151 65.2941845293808 108.5
1 0 71.87679480878666 126.11632692289763 -117.5
1 1 68.55545172861387 123.55965732990585 -108.0
9002
-------------------New----------------
0 0 -111.85130395234935 -38.88645657545625 118.5
0 1 -111.38939293041412 -40.16344359487316 108.5
1 0 -100.94533402037611 -69.03714912421046 -117.5
1 1 -101.38458179536761 -67.82403076926578 -108.0
9013
-------------------New----------------
0 0 35.97567977427721 -4.4778252339437845 118.5
0 1 33.753786665378136 -7.600431059844972 108.5
1 0 -16.45505077056217 -78.17687844615733 -117.5
1 1 -14.344929528959947 -75.2096279295583 -108.0
9014
-------------------New----------------
0 0 -18.18875659222081 86.15698867610332 118.5
0 1 -20.08601919653332 87.02295832476327 108.5
1 0 -62.883859528749994 105.55187237366661 -117.5
1 1 -61.08757600605817 104.80644120706236 -108.0
9028
-------------------New----------------
0 0 38.47366643695136 32.982447192036474 118.5
0 1 36.25411535722703 33.35029681716345 108.5
1 0 -13.956481754479373 41.724285758235816 -117.5
1 1 -11.839256620876828 41.37460959154434 -108.0
9033
-------------------New----------------
0 0 -46.18422666191806 -1.7565333862368917 118.5
0 1 -45.84947098205156 -4.528138467937497 108.5
1 0 -38.388175946175856 -67.2142054199824 -117.5
1 1 -38.703256373038 -64.57619450811069 -108.0
9034
-------------------New----------------
0 0 30.369966569462434 -95.50181408372934 118.5
0 1 27.55126630728011 -93.51801947993616 108.5
1 0 -37.15440657693817 -49.04787631498497 -117.5
1 1 -34.375111340810705 -50.90227887749534 -108.0
9037
-------------------New----------------
0 0 -7.2529801546748045 22.765914706137742 118.5
0 1 -3.1950329358991088 24.328097155453527 108.5
1 0 88.49852686366117 59.64867476667158 -117.5
1 1 84.64443549728762 58.163218279199285 -108.0
9038
-------------------New----------------
0 0 54.47376635362089 4.05842307684686 118.5
0 1 51.32751610942923 -4.648347187500226 108.5
1 0 28.644132701630344 -83.84227927115566 -117.5
1 1 27.32920079257959 -84.5834765967208 -108.0
9041
-------------------New----------------
0 0 -50.38900960661968 4.689416947011607 118.5
0 1 -50.739937820013544 2.0003396461148646 108.5
1 0 -58.66930024764484 -58.78455863199237 -117.5
1 1 -58.33600935842518 -56.22988918812216 -108.0
9046
-------------------New----------------
0 0 49.974921942829226 52.99148270109937 118.5
0 1 47.53557257241464 51.14438418792015 108.5
1 0 -7.718535056114272 9.199021836393822 -117.5
1 1 -5.394407475791494 10.970822436472949 -108.0
9059
-------------------New----------------
0 0 15.897989390809192 21.548202377806994 118.5
0 1 15.631232251142032 21.03992237148088 108.5
1 0 9.619900523378806 9.523747740699829 -117.5
1 1 9.846445667464446 10.003551772008182 -108.0
9060
-------------------New----------------
0 0 -21.50827017574426 38.88026390672145 118.5
0 1 -25.133823027614753 39.27473259263037 108.5
1 0 -106.94208188728973 48.55692442112637 -117.5
1 1 -103.51128629961866 48.145183727994855 -108.0
9065
-------------------New----------------
0 0 4.754401400376797 11.569887111986779 118.5
0 1 6.6381293002575985 5.990428229661841 108.5
1 0 49.23637440486817 -120.15573716087033 -117.5
1 1 47.44529851897606 -114.85207682178357 -108.0
9077
-------------------New----------------
0 0 -43.444906726940715 -13.011686661007204 118.5
0 1 -39.799987549591016 -12.244990391025414 108.5
1 0 42.96262277406126 4.835255406568761 -117.5
1 1 39.46927104825749 4.128054793627593 -108.0
9083
-------------------New----------------
0 0 -87.82837256076397 24.50748590157437 118.5
0 1 -85.2522989648821 25.7687249153239 108.5
1 0 -27.02285735319061 54.27774620035267 -117.5
1 1 -29.47076035217061 53.07918453994173 -108.0
9090
-------------------New----------------
0 0 -47.14379563224445 -66.11745740648468 118.5
0 1 -50.20973098592161 -63.62381802827882 108.5
1 0 -119.3917006001719 -7.306904321485277 -117.5
1 1 -116.48813926230548 -9.670574472212234 -108.0
9092
-------------------New----------------
0 0 81.77353518849459 123.34206498938235 118.5
0 1 91.57826624303388 123.77992658076252 108.5
1 0 105.3018531416404 33.54760051201809 -117.5
1 1 100.34080632223113 34.214745219273894 -108.0
9096
-------------------New----------------
0 0 21.351439584890876 1.6538660529495797 118.5
0 1 15.284871709569893 1.9000391865339126 108.5
1 0 -121.81430680220288 7.510982564012335 -117.5
1 1 -116.04883637089638 7.271947072847634 -108.0
9102
-------------------New----------------
0 0 -49.78145751116593 -35.13821244858309 118.5
0 1 -46.24626005776132 -37.35155847256176 108.5
1 0 33.70433463160331 -87.34023976311633 -117.5
1 1 30.340487554539084 -85.2388103667815 -108.0
9104
-------------------New----------------
0 0 73.04942330695557 11.09337773082333 118.5
0 1 70.52649381302516 11.08748969320427 108.5
1 0 13.48642551557754 10.948276415638698 -117.5
1 1 15.88428520626882 10.954612209657638 -108.0
9109
-------------------New----------------
0 0 78.91741582877637 96.48255921886756 118.5
0 1 75.45993388976085 96.09259588043167 108.5
1 0 -2.6605966981758202 87.28592059759515 -117.5
1 1 0.6271560933155392 87.65125287700633 -108.0
9110
-------------------New----------------
0 0 23.442069599499497 -2.5563988131127298 118.5
0 1 24.944660541915376 -0.15819952112130284 108.5
1 0 58.8890064522361 54.014869018071536 -117.5
1 1 57.46289594493963 51.73532173362814 -108.0
9114
-------------------New----------------
0 0 18.791696163057523 42.57967717345 118.5
0 1 17.349327667107644 36.84872060386309 108.5
1 0 -15.206779524234012 -92.58098717593114 -117.5
1 1 -13.838921193296239 -87.14171226052308 -108.0
9116
-------------------New----------------
0 0 -13.855348955027555 -52.25663003567477 118.5
0 1 -12.394300685099248 -52.241582951731104 108.5
1 0 20.505866946689256 -51.81478600061733 -117.5
1 1 19.121282200123495 -51.83301841460362 -108.0
9117
-------------------New----------------
0 0 -55.997578392151034 42.08985848708915 118.5
0 1 -57.726568268896095 40.38424438390125 108.5
1 0 -96.80385434867391 1.8302988197758978 -117.5
1 1 -95.16113090915067 3.450859562283571 -108.0
9118
-------------------New----------------
0 0 -89.10651620368141 86.72687094174195 118.5
0 1 -87.83695962779028 88.12269791522569 108.5
1 0 -59.15693611889335 119.65462620394608 -117.5
1 1 -60.3618732411865 118.32975121909374 -108.0
9119
-------------------New----------------
0 0 35.5620534948756 -5.16597365001258 118.5
0 1 39.12899850643471 -4.885555063210891 108.5
1 0 119.73050922058187 1.5366872236872717 -117.5
1 1 116.34163903001124 1.2688841874248455 -108.0
9120
-------------------New----------------
0 0 -114.70115743768027 -12.23326677124465 118.5
0 1 -114.27802565001437 -13.016579735557439 108.5
1 0 -104.6300137631177 -30.379871172712445 -117.5
1 1 -105.03068331148879 -29.652581128702117 -108.0
9121
-------------------New----------------
0 0 -89.96374760467363 -18.31807359787583 118.5
0 1 -91.51245678859905 -15.511887615235537 108.5
1 0 -126.47419788903828 47.87428721215461 -117.5
1 1 -125.00731061747203 45.2115657274961 -108.0
9133
-------------------New----------------
0 0 -60.33055494339828 99.3169623657302 118.5
0 1 -61.24845591153486 98.32532382685298 108.5
1 0 -81.9828109286162 75.91704674154019 -117.5
1 1 -81.11327268133098 76.86050998709554 -108.0
9136
-------------------New----------------
0 0 -71.9164534349264 27.093933018715838 118.5
0 1 -69.1991165280617 25.86213881463067 108.5
1 0 -7.911353565429065 -1.930352228477553 -117.5
1 1 -10.485895124273014 -0.7558901273364441 -108.0
9148
-------------------New----------------
0 0 41.82865321701633 -50.19088252861452 118.5
0 1 39.57978754426945 -45.580468710828605 108.5
1 0 -8.13611823702429 55.71291445136306 -117.5
1 1 -6.264491510916789 51.582562940495656 -108.0
9150
-------------------New----------------
0 0 109.73242544906248 -38.694135731243584 118.5
0 1 108.97221146016014 -39.06740596979317 108.5
1 0 91.82085703238764 -47.52297596813399 -117.5
1 1 92.54097287436765 -47.16754598175571 -108.0
9171
-------------------New----------------
0 0 30.898558012701205 40.98853373632953 118.5
0 1 29.4175474413615 38.30729550823103 108.5
1 0 -4.606918890014366 -19.007194673337004 -117.5
1 1 -3.1499037264301495 -16.741416343804072 -108.0
9173
-------------------New----------------
0 0 -45.53787654610935 -78.02316962643837 118.5
0 1 -41.26137562068035 -74.94111930249824 108.5
1 0 55.31923885393392 -5.499509981683434 -117.5
1 1 51.25730334016953 -8.408706872320874 -108.0
9176
-------------------New----------------
0 0 -21.92738977000667 89.3543710301214 118.5
0 1 -19.84525066506244 92.2535820481913 108.5
1 0 -79.06731228063452 -43.037588301224815 -117.5
1 1 -77.31631678855749 -39.442608154538604 -108.0
9185
-------------------New----------------
0 0 105.65943750917313 -21.355113629027553 118.5
0 1 105.42784472531105 -21.638809286596384 108.5
1 0 100.24681187678624 -28.088861706923108 -117.5
1 1 100.46255453451366 -27.818523528106777 -108.0
9197
-------------------New----------------
0 0 -10.209004143012177 31.034522107660905 118.5
0 1 -9.275135231767859 34.65482116555978 108.5
1 0 12.010854123858543 116.28141157232533 -117.5
1 1 11.109766268429363 112.85122033064734 -108.0
9207
-------------------New----------------
0 0 -24.508275037201887 24.11007044628567 118.5
0 1 -23.979039340237673 26.002928661008053 108.5
1 0 -12.339842053063773 68.87117781721054 -117.5
1 1 -12.82121902383478 67.0522556534804 -108.0
9211
-------------------New----------------
0 0 47.94839360032124 -29.179935459504765 118.5
0 1 46.10375619749439 -26.68470361059795 108.5
1 0 5.199178297457672 29.675362321048908 -117.5
1 1 6.881127387590553 27.30906903061224 -108.0
9214
-------------------New----------------
0 0 -4.634797908864374 8.600680204875124 118.5
0 1 -6.630377604448258 9.755347400673337 108.5
1 0 -51.76444430018322 35.88477867458603 -117.5
1 1 -49.866879281788364 34.78633031845511 -108.0
9224
-------------------New----------------
0 0 18.924942048834993 -24.743628792092988 118.5
0 1 12.768920509702204 -21.33141391871218 108.5
1 0 -126.35017760565059 55.69024499952276 -117.5
1 1 -120.49879131663029 52.45671048422298 -108.0
9226
-------------------New----------------
0 0 49.52845213921823 -104.69559873473843 118.5
0 1 47.2567058788823 -105.47591863914258 108.5
1 0 -4.023283700788811 -123.2088855950296 -117.5
1 1 -1.8628536438925472 -122.46258778493689 -108.0
9238
-------------------New----------------
0 0 -50.55935299779354 68.71440337892086 118.5
0 1 -52.342350126754354 70.70088156225451 108.5
1 0 -92.74761064486181 115.5251502039919 -117.5
1 1 -91.04835537187668 113.64174997122396 -108.0
9239
-------------------New----------------
0 0 -17.886182986239795 24.459723770200814 118.5
0 1 -18.359908703864182 22.68994880539936 108.5
1 0 -29.870132340360566 -17.018540059867142 -117.5
1 1 -29.351721386420003 -15.361537824195835 -108.0
9251
-------------------New----------------
0 0 -36.74127570019977 5.160976826430337 118.5
0 1 -36.65753727930758 3.669087456094148 108.5
1 0 -34.795669066110996 -30.065975176345496 -117.5
1 1 -34.87211533293273 -28.647332747454897 -108.0
9252
-------------------New----------------
0 0 41.76801065671985 -85.85030796825347 118.5
0 1 43.51998816306884 -82.82985887608848 108.5
1 0 83.11856897432881 -14.562317001276778 -117.5
1 1 81.44838047346838 -17.431122764340742 -108.0
9254
-------------------New----------------
0 0 -34.39750522514596 -17.705089359399672 118.5
0 1 -31.251758310400277 -16.487573460325656 108.5
1 0 45.37470843008785 7.57046967504959 -117.5
1 1 41.91254793268319 6.680183768942068 -108.0
9256
-------------------New----------------
0 0 -24.712371334189115 -50.35901917097848 118.5
0 1 -23.83555423688563 -51.230464632224084 108.5
1 0 -4.158942757398813 -70.78500535535657 -117.5
1 1 -4.980732045479839 -69.96706931199009 -108.0
9261
-------------------New----------------
0 0 -26.687195053729955 32.98741719085628 118.5
0 1 -29.09852896811264 27.64156873144189 108.5
1 0 -83.38567714132968 -92.90593704388353 -117.5
1 1 -81.11635871157651 -87.84312273682916 -108.0
9267
-------------------New----------------
0 0 -64.41905665376098 62.159489100901375 118.5
0 1 -63.1829134844563 58.53908005929695 108.5
1 0 -35.294993726200566 -22.83590275997185 -117.5
1 1 -36.47255216038089 -19.42924130688251 -108.0
9268
-------------------New----------------
0 0 -26.41151533517463 111.43708606519174 118.5
0 1 -24.254876920421033 111.69026889346371 108.5
1 0 24.47304856876191 117.4246871768964 -117.5
1 1 22.421710687076477 117.18233125511685 -108.0
9275
-------------------New----------------
0 0 -68.93140314376075 -57.50161843741508 118.5
0 1 -70.81085405047597 -53.434609546250144 108.5
1 0 -113.28065023661486 38.47825043442414 -117.5
1 1 -111.49491464781677 34.61681428986267 -108.0
9284
-------------------New----------------
0 0 84.68308896487125 -21.206872481896195 118.5
0 1 85.39019982778693 -23.90740091666195 108.5
1 0 101.36306916603472 -84.97891958432716 -117.5
1 1 100.6914288106228 -82.41302589921588 -108.0
9288
-------------------New----------------
0 0 -25.63468829962735 16.75455799725423 118.5
0 1 -19.898325185252766 18.967657535104802 108.5
1 0 109.75393951063799 68.9715294641511 -117.5
1 1 104.31080517554832 66.86715305547685 -108.0
9295
-------------------New----------------
0 0 17.41689325129644 -29.12700869993791 118.5
0 1 16.229017684361857 -29.192130174361644 108.5
1 0 -10.578350305005072 -30.70324448627643 -117.5
1 1 -9.451818896659253 -30.636094673910605 -108.0
9300
-------------------New----------------
0 0 -18.96653159402404 -15.03058271232185 118.5
0 1 -22.022163771687865 -18.91743518313238 108.5
1 0 -90.90587349967629 -106.55424304541198 -117.5
1 1 -88.01721354501538 -102.8767571078882 -108.0
9304
-------------------New----------------
0 0 96.4342746929452 -73.37330565870735 118.5
0 1 94.51365382469734 -74.24235493751034 108.5
1 0 51.08229055716937 -93.99696315587238 -117.5
1 1 52.904647653531036 -93.15875855078954 -108.0
9305
-------------------New----------------
0 0 50.24753215690326 -20.12572734607859 118.5
0 1 51.64772031159445 -24.311395688599767 108.5
1 0 83.2766296287332 -118.83483897323575 -117.5
1 1 81.94566286310177 -114.86474077476286 -108.0
9307
-------------------New----------------
0 0 59.34280787910944 18.167820200875443 118.5
0 1 61.27023497784992 14.226320802197142 108.5
1 0 104.88692428501898 -74.85293466649935 -117.5
1 1 103.04960942343833 -71.11011070398224 -108.0
9310
-------------------New----------------
0 0 61.04776514175143 67.18316171428212 118.5
0 1 63.83427955978294 68.61084042655763 108.5
1 0 126.84414474798106 100.85544873376725 -117.5
1 1 124.19601941977912 99.50053043311331 -108.0
9312
-------------------New----------------
0 0 5.620001228753963 -58.67001375344421 118.5
0 1 5.456624217249283 -61.47897944919092 108.5
1 0 1.7904695679687381 -125.03543723688544 -117.5
1 1 1.9444544120811436 -122.36904151470188 -108.0
9323
-------------------New----------------
0 0 -19.580383054485235 -35.27465546875661 118.5
0 1 -16.11789325037652 -36.969893404063484 108.5
1 0 62.1434972187699 -75.30920845365486 -117.5
1 1 58.85405101426867 -73.69668108311227 -108.0
9324
-------------------New----------------
0 0 76.68030472801675 107.58442537721388 118.5
0 1 75.2941539585741 106.20783420129499 108.5
1 0 43.988321736876756 75.06157158718464 -117.5
1 1 45.30406242185848 76.37188994681412 -108.0
9326
-------------------New----------------
0 0 -24.739994993603325 -53.340480775776896 118.5
0 1 -26.077864665043137 -56.102592149764135 108.5
1 0 -56.365129567323024 -118.53656182393914 -117.5
1 1 -55.0908227892473 -115.91333461915534 -108.0
9330
-------------------New----------------
0 0 -78.34682882862515 7.451231909493707 118.5
0 1 -77.27559056808268 12.35311805823658 108.5
1 0 -53.12840676420556 123.11352394600794 -117.5
1 1 -54.14335400370106 118.45854028756965 -108.0
9345
-------------------New----------------
0 0 57.33326298928639 11.771165913261603 118.5
0 1 59.54210490996424 12.882566241957127 108.5
1 0 109.46084051934444 38.035210987293624 -117.5
1 1 107.36279041284338 36.97691447879854 -108.0
9349
-------------------New----------------
0 0 30.622362060877187 -21.381652419893534 118.5
0 1 27.59382464352246 -25.805933366725277 108.5
1 0 -40.84945241225925 -125.77967164628376 -117.5
1 1 -37.97434787014187 -121.57586021578952 -108.0
9357
-------------------New----------------
0 0 97.46804566479321 41.14839850321812 118.5
0 1 96.81475366426437 43.41800874414905 108.5
1 0 82.25498821820283 94.66017685311058 -117.5
1 1 82.87709794301242 92.49576154514715 -108.0
9359
-------------------New----------------
0 0 9.128551565966282 -26.027909910416604 118.5
0 1 7.837488402010611 -26.87691776596795 108.5
1 0 -20.555311316441923 -45.84731035003571 -117.5
1 1 -19.414457944644088 -45.03760908527422 -108.0
9367
-------------------New----------------
0 0 11.078519415007174 -29.86249263799085 118.5
0 1 15.887794246108314 -30.919126680460305 108.5
1 0 124.58498836091594 -54.79519206863953 -117.5
1 1 120.01595431647013 -53.79182418309614 -108.0
9368
-------------------New----------------
0 0 -23.95664172574832 -17.33733673283994 118.5
0 1 -21.336322951372072 -16.198917418441376 108.5
1 0 37.85765409790053 9.612306064599906 -117.5
1 1 35.36777991337131 8.52785064029574 -108.0
9370
-------------------New----------------
0 0 -52.61653173665197 9.629455059879408 118.5
0 1 -54.18147900020324 13.640932897056803 108.5
1 0 -89.6648660105654 104.38322236946972 -117.5
1 1 -88.16962466117359 100.56682107789159 -108.0
9381
-------------------New----------------
0 0 6.566597510467726 13.226744858397902 118.5
0 1 7.837884929145632 13.797742598981548 108.5
1 0 36.527674346415466 26.736718745257406 -117.5
1 1 35.32356098780735 26.192624414321177 -108.0
9382
-------------------New----------------
0 0 -97.51247892825563 29.004920592131196 118.5
0 1 -96.81804365195899 27.52136740604963 108.5
1 0 -81.11499378000039 -6.045131993805645 -117.5
1 1 -81.7721963855112 -4.632703072868412 -108.0
9388
-------------------New----------------
0 0 103.20696597296516 -68.281487220215 118.5
0 1 103.78899213529569 -69.66971110248662 108.5
1 0 116.94328002700816 -101.04343051669983 -117.5
1 1 116.39031135619958 -99.72462756177691 -108.0
9393
-------------------New----------------
0 0 47.25660994236109 83.39633628652936 118.5
0 1 45.19910503409396 83.54348946073667 108.5
1 0 -1.4026935328889096 86.86173064237403 -117.5
1 1 0.5433692464937762 86.72402127288434 -108.0
9405
-------------------New----------------
0 0 -1.2574701586542414 -7.1925835436707475 118.5
0 1 -0.402057582577365 -8.263899155545129 108.5
1 0 18.915851450456508 -32.45553928211201 -117.5
1 1 18.100711816880676 -31.441238493763553 -108.0
9408
-------------------New----------------
0 0 35.11818826917497 -61.51464591716103 118.5
0 1 30.031538494642895 -61.4593254929643 108.5
1 0 -84.94724205856959 -60.11714388005021 -117.5
1 1 -80.11542830167772 -60.176032229380006 -108.0
9413
-------------------New----------------
0 0 30.081091227593845 111.76744752806512 118.5
0 1 32.15550588004517 110.7755651694659 108.5
1 0 79.01086366599088 88.39268352138816 -117.5
1 1 77.04251762319987 89.33323553491466 -108.0
9430
-------------------New----------------
0 0 -23.911514913451768 76.64157553458082 118.5
0 1 -21.00757125568149 74.88370105352793 108.5
1 0 44.642397332950225 34.954721964225804 -117.5
1 1 41.88644731450034 36.64693712836984 -108.0
9436
-------------------New----------------
0 0 38.67351444134697 36.65119042952357 118.5
0 1 33.830280788123005 33.04938196548662 108.5
1 0 -75.61683597214403 -48.33811286480129 -117.5
1 1 -71.01627168347247 -44.916991701490105 -108.0
9439
-------------------New----------------
0 0 69.08982045126848 -6.679582970215279 118.5
0 1 71.3857483618589 -6.8833708670820215 108.5
1 0 123.28291345100236 -11.476076067390649 -117.5
1 1 121.10161412806994 -11.283854524641857 -108.0
9444
-------------------New----------------
0 0 65.06231218437192 -40.55291636079275 118.5
0 1 62.02662427893463 -43.363961929590815 108.5
1 0 -6.779670923418264 -106.76911375595546 -117.5
1 1 -3.878903794531868 -104.09998006057404 -108.0
9446
-------------------New----------------
0 0 39.66398522629235 9.592423185230386 118.5
0 1 34.55768369929935 10.902363949619291 108.5
1 0 -82.2552768700316 38.8558391303235 -117.5
1 1 -77.34117144170713 37.69967392161409 -108.0
9449
-------------------New----------------
0 0 9.837540955223682 79.25790956756651 118.5
0 1 13.115714872643588 80.12902445212816 108.5
1 0 87.20033300895392 99.80625498318523 -117.5
1 1 84.08391234585157 98.98526356882404 -108.0
9454
-------------------New----------------
0 0 -43.860806144265936 75.05422210363186 118.5
0 1 -45.688070082230624 71.23276173672764 108.5
1 0 -86.97968052418507 -15.135511382779944 -117.5
1 1 -85.24401629830462 -11.504792639901464 -108.0
9462
-------------------New----------------
0 0 -11.378077357041601 65.84916029414586 118.5
0 1 -10.231905808517574 65.29185866816614 108.5
1 0 15.642369537516831 52.65146015311816 -117.5
1 1 14.555076815489352 53.1835701722193 -108.0
9465
-------------------New----------------
0 0 17.024234310579224 -11.886373905096175 118.5
0 1 16.045622189084533 -14.228855511445985 108.5
1 0 -6.048489059573216 -67.15093255474702 -117.5
1 1 -5.120065127309117 -64.92579788207712 -108.0
9480
-------------------New----------------
0 0 -35.20830153850112 -53.19379819613347 118.5
0 1 -36.12776359278152 -53.060639483783106 108.5
1 0 -56.898259354512184 -50.057757331898486 -117.5
1 1 -56.0276557789683 -50.185845490127846 -108.0
9483
-------------------New----------------
0 0 -86.28087046248392 93.47779219700115 118.5
0 1 -85.19871450351869 94.08226381104461 108.5
1 0 -60.77692218951364 107.76752703327227 -117.5
1 1 -61.80637803901535 107.19160907512753 -108.0
9485
-------------------New----------------
0 0 -63.05772990484549 -29.472029777686135 118.5
0 1 -62.59859304450629 -25.374384603958667 108.5
1 0 -52.203366754940625 67.22382796466543 -117.5
1 1 -52.63904426260068 63.3307686632232 -108.0
9506
-------------------New----------------
0 0 40.14084555591649 -74.92008404936442 118.5
0 1 41.63724976063436 -72.22609969630776 108.5
1 0 75.03881689932066 -11.750801601888679 -117.5
1 1 73.64576393363656 -14.313898516126608 -108.0
9508
-------------------New----------------
0 0 -78.02499994445158 -66.16779205275321 118.5
0 1 -79.94370900395053 -65.8147728065797 108.5
1 0 -123.33895564968843 -57.926235990418874 -117.5
1 1 -121.5161943450239 -58.25150879175741 -108.0
9513
-------------------New----------------
0 0 -48.2112076580152 24.987803558965464 118.5
0 1 -43.14173053299892 19.787238998932224 108.5
1 0 71.46875088030149 -97.73691868897778 -117.5
1 1 66.64833697804816 -92.7949690524019 -108.0
9514
-------------------New----------------
0 0 6.180130136601681 44.97086855915156 118.5
0 1 7.922403650896588 40.56490260760466 108.5
1 0 47.315935556557974 -58.97847615759231 -117.5
1 1 45.66136266628874 -54.79613633247969 -108.0
9528
-------------------New----------------
0 0 -69.59564158761894 -50.742689773708285 118.5
0 1 -70.12019887313008 -46.18949778068503 108.5
1 0 -81.99998335944767 58.298754310350276 -117.5
1 1 -81.50087816036408 53.96204606170994 -108.0
9530
-------------------New----------------
0 0 -33.151949506640776 -34.45832874493157 118.5
0 1 -32.78458495385465 -35.71546168775443 108.5
1 0 -24.48293189449141 -64.12075069936365 -117.5
1 1 -24.831767642455368 -62.92712039501076 -108.0
9540
-------------------New----------------
0 0 -86.70505603451842 -62.26804750710759 118.5
0 1 -84.27517977688166 -63.71887242478677 108.5
1 0 -29.37635756450063 -96.54601086815529 -117.5
1 1 -31.68116127756209 -95.16126539365172 -108.0
9545
-------------------New----------------
0 0 35.164623847901645 -35.00176436041302 118.5
0 1 32.183273364024025 -33.289566869606645 108.5
1 0 -35.152146492927486 5.35698457673462 -117.5
1 1 -32.32601036770151 3.7349148104797374 -108.0
9548
-------------------New----------------
0 0 -84.58795467857182 -0.8757958574266173 118.5
0 1 -83.0249074985143 0.49248503146874595 108.5
1 0 -47.68900088868963 31.487015923154303 -117.5
1 1 -49.174629372398954 30.18341806151553 -108.0
9566
-------------------New----------------
0 0 8.46712373358373 -101.93307707245324 118.5
0 1 5.291182334543506 -101.87368172589213 108.5
1 0 -66.54345275094487 -100.4682719451297 -117.5
1 1 -63.5191383263094 -100.52945459371912 -108.0
9569
-------------------New----------------
0 0 -9.867157401963821 3.0108285680958735 118.5
0 1 -9.777999422559608 0.4683009391631418 108.5
1 0 -7.7571251261628875 -57.0246658557226 -117.5
1 1 -7.842160817478623 -54.60762394009673 -108.0
9572
-------------------New----------------
0 0 -107.96665303247603 47.24280754586552 118.5
0 1 -106.58245886098257 48.4848881058931 108.5
1 0 -75.2989624090215 76.55283210480357 -117.5
1 1 -76.61503409905383 75.37286118226574 -108.0
9573
-------------------New----------------
0 0 -17.089865188183587 -46.58580214552681 118.5
0 1 -21.00920125630254 -48.121624911971026 108.5
1 0 -109.7158220560589 -82.73180903265568 -117.5
1 1 -105.98267941230029 -81.27742437421006 -108.0
9576
-------------------New----------------
0 0 -86.22352200804958 -74.09738110173554 118.5
0 1 -86.48221970765341 -74.14386292201074 108.5
1 0 -92.36003226374388 -75.20049929289074 -117.5
1 1 -92.1114568543279 -75.1569844277852 -108.0
9584
-------------------New----------------
0 0 -5.147126532098219 65.32779902913354 118.5
0 1 -3.072423888592477 60.74777661210918 108.5
1 0 41.37950374258079 -52.996401207508164 -117.5
1 1 39.636843968257864 -47.757878450511186 -108.0
9585
-------------------New----------------
0 0 79.79050636053951 11.069249430735884 118.5
0 1 79.10516187380412 12.652139562310298 108.5
1 0 63.69919424636815 48.51652348052319 -117.5
1 1 64.35133227769337 47.00057842212374 -108.0
9589
-------------------New----------------
0 0 -88.4830388926695 76.51981635662067 118.5
0 1 -88.99125233828984 78.3758163934429 108.5
1 0 -100.49295973874044 120.26560087620348 -117.5
1 1 -100.00891778220827 118.50746316890749 -108.0
9591
-------------------New----------------
0 0 -101.15813875519098 -71.65122165534508 118.5
0 1 -102.20835394858065 -71.24637478371984 108.5
1 0 -125.9978751857465 -62.04925767252577 -117.5
1 1 -124.99277748786349 -62.44177000643366 -108.0
9595
-------------------New----------------
0 0 -32.28295494538003 70.9955120058317 118.5
0 1 -27.756071508865272 69.79064391036897 108.5
1 0 74.63692058346294 42.63482868952728 -117.5
1 1 70.33307917949881 43.768404902461796 -108.0
9608
-------------------New----------------
0 0 23.423514748218377 -22.74707143986538 118.5
0 1 18.483776198590597 -23.251549116417376 108.5
1 0 -90.4551972916314 -31.09056427478556 -117.5
1 1 -85.86044186330278 -30.881126855116253 -108.0
9619
-------------------New----------------
0 0 -60.877638265531154 12.448507396642103 118.5
0 1 -58.64297167191488 7.759493413933944 108.5
1 0 -8.13845387922985 -98.12927571259418 -117.5
1 1 -10.264029050954981 -93.6856434403292 -108.0
9638
-------------------New----------------
0 0 -12.468774565496101 68.487682700294 118.5
0 1 -16.029775274262214 67.95012674320228 108.5
1 0 -96.35721788098218 55.78512301726373 -117.5
1 1 -92.98808377232557 56.29264448894459 -108.0
9643
-------------------New----------------
0 0 -119.65871331498988 -33.64490303233784 118.5
0 1 -119.68454968704671 -36.76821904111958 108.5
1 0 -120.118296287331 -107.42273252414952 -117.5
1 1 -120.09787279848408 -104.45121145320593 -108.0
9652
-------------------New----------------
0 0 51.58596339585762 -16.33750921802358 118.5
0 1 51.10288034805174 -14.277421312851683 108.5
1 0 40.19436538964429 32.29159618689841 -117.5
1 1 40.6536604007669 30.332370934621217 -108.0
9658
-------------------New----------------
0 0 -108.30399068876116 11.969001975623595 118.5
0 1 -107.65795463176751 8.414481376519554 108.5
1 0 -93.05745712896042 -71.81172270663717 -117.5
1 1 -93.6716751799068 -68.44198382580117 -108.0
9659
-------------------New----------------
0 0 -91.75726407643819 51.822393491988045 118.5
0 1 -92.89346529869309 53.45833276988626 108.5
1 0 -118.55496845610465 90.46499238406219 -117.5
1 1 -117.47150532154794 88.92115299116341 -108.0
9672
-------------------New----------------
0 0 24.075299762294662 29.308229444875337 118.5
0 1 27.714385624470253 28.72391111458017 108.5
1 0 109.97542441615644 15.482195997905418 -117.5
1 1 106.51569518689621 16.043154713271143 -108.0
9677
-------------------New----------------
0 0 -0.8018497401536754 -69.29402738933346 118.5
0 1 -2.081011416145115 -70.70433031630505 108.5
1 0 -30.99559334257837 -102.57563132014074 -117.5
1 1 -29.779959091563 -101.23571334904075 -108.0
9680
-------------------New----------------
0 0 -31.8262043357443 75.96297944773185 118.5
0 1 -28.37964762545399 77.03167878571858 108.5
1 0 49.577329010341046 101.08620424208198 -117.5
1 1 46.29787974544639 100.08115383069588 -108.0
9683
-------------------New----------------
0 0 7.576867225004163 19.732032389877293 118.5
0 1 9.347877087220166 18.34627321056074 108.5
1 0 49.31118054387057 -12.933467928734661 -117.5
1 1 47.63613063466421 -11.619180612163248 -108.0
9690
-------------------New----------------
0 0 -20.441943329316587 -9.193758234857437 118.5
0 1 -21.226819609905384 -6.479213978023682 108.5
1 0 -38.987477956673864 55.302340207850236 -117.5
1 1 -38.239282384848146 52.68652048691554 -108.0
9698
-------------------New----------------
0 0 88.54383683272798 -78.3893282851804 118.5
0 1 86.60944111024718 -75.12110955284854 108.5
1 0 43.050354645182615 -1.115168425583795 -117.5
1 1 44.863831008893314 -4.2337605399744245 -108.0
9703
-------------------New----------------
0 0 15.13816585876799 55.501533737107025 118.5
0 1 12.249255662423042 56.264398138324545 108.5
1 0 -53.13375393374082 73.58870049506201 -117.5
1 1 -50.38199800292703 72.85440920384204 -108.0
9706
-------------------New----------------
0 0 -30.348335927748053 75.07339937371555 118.5
0 1 -30.628483812174796 76.8389351132011 108.5
1 0 -36.96455849459397 116.75707407767626 -117.5
1 1 -36.69787371466445 115.07849512655123 -108.0
9713
-------------------New----------------
0 0 25.612531138786533 59.42773615656158 118.5
0 1 28.725448079664183 57.87381707020184 108.5
1 0 99.06911353161686 22.749740625578077 -117.5
1 1 96.11245542367354 24.226358356947095 -108.0
9723
-------------------New----------------
0 0 -71.94589540954027 -70.22782438999802 118.5
0 1 -68.9286228774101 -67.57226374744606 108.5
1 0 -0.7886876056353949 -7.741830726175297 -117.5
1 1 -3.648300066608548 -10.254380030402476 -108.0
9731
-------------------New----------------
0 0 76.22823478180256 -18.394731292016345 118.5
0 1 77.66739550537392 -17.304628164024017 108.5
1 0 110.19356370296937 7.309190728321812 -117.5
1 1 108.82737925270237 6.274644216685617 -108.0
9736
-------------------New----------------
0 0 -112.92979207633019 -12.593056721339392 118.5
0 1 -112.40799279967305 -14.869327602800809 108.5
1 0 -100.74791810769482 -66.2255207462804 -117.5
1 1 -101.23604786496568 -64.07158465535466 -108.0
9739
-------------------New----------------
0 0 16.364788862929423 -0.9579237170396695 118.5
0 1 12.196076602950418 -3.3250174096275247 108.5
1 0 -82.07990692384294 -56.68193355011165 -117.5
1 1 -78.11918309984273 -54.44393394824785 -108.0
9741
-------------------New----------------
0 0 40.743969062122844 48.987165003388824 118.5
0 1 38.840086072076346 51.48790222878118 108.5
1 0 -4.224141527717437 107.95141765898775 -117.5
1 1 -2.4132104312795475 105.57846317523425 -108.0
9745
-------------------New----------------
0 0 -44.35506840231872 -61.831510231416644 118.5
0 1 -44.620251074612824 -64.0332024340474 108.5
1 0 -50.61513213141099 -113.79082702259696 -117.5
1 1 -50.362653376056755 -111.6996281852441 -108.0
9746
-------------------New----------------
0 0 32.57075427249823 30.54650469356781 118.5
0 1 34.445146783337584 29.962948928668936 108.5
1 0 76.8176707490925 16.80579743789588 -117.5
1 1 75.03620552735896 17.359250868302148 -108.0
9754
-------------------New----------------
0 0 70.10766265617906 -93.45671048820803 118.5
0 1 67.55963848439372 -94.15047454124368 108.5
1 0 9.956892046904334 -109.82494421714759 -117.5
1 1 12.379118735433078 -109.1665702389165 -108.0
9755
-------------------New----------------
0 0 17.871105363939257 23.17234687889831 118.5
0 1 22.112990856798035 24.565786007812104 108.5
1 0 118.17632739097341 56.2540875416167 -117.5
1 1 114.13586434808676 54.8873567793304 -108.0
9758
-------------------New----------------
0 0 -90.2753124020081 -114.93850421046375 118.5
0 1 -91.68755528203859 -115.20823031918758 108.5
1 0 -123.62099730295435 -121.29987598431839 -117.5
1 1 -122.27862629807115 -121.04368149214153 -108.0
9765
-------------------New----------------
0 0 -49.27852419145585 32.05905476975448 118.5
0 1 -46.06979319694759 32.07491164923053 108.5
1 0 26.84261271915501 32.375560436684374 -117.5
1 1 23.76936908431515 32.37400934553498 -108.0
9766
-------------------New----------------
0 0 -26.802368241052648 -1.8727387647415916 118.5
0 1 -27.497207457828814 2.2312969307744153 108.5
1 0 -43.38419828224566 95.15575213076814 -117.5
1 1 -42.70821855456349 91.24490804281054 -108.0
9785
-------------------New----------------
0 0 -4.638405380072336 -27.80778875793568 118.5
0 1 -6.053790872065109 -22.82097984691934 108.5
1 0 -38.039832048362726 89.88862808320295 -117.5
1 1 -36.69517010721792 85.1507802366821 -108.0
9786
-------------------New----------------
0 0 25.292283960240727 -17.6970941391539 118.5
0 1 24.21540817727284 -17.57910240607739 108.5
1 0 -0.20075285844787566 -14.571486621665752 -117.5
1 1 0.8354670485701042 -14.682370132110364 -108.0
9788
-------------------New----------------
0 0 -14.42602943285242 75.01385409362275 118.5
0 1 -12.073901600505646 75.55381263565586 108.5
1 0 41.00932128563066 87.81464497736359 -117.5
1 1 38.77718887396894 87.29683112945806 -108.0
9800
-------------------New----------------
0 0 -71.58585856991579 -96.06139460728923 118.5
0 1 -72.04008701388487 -97.28422932694968 108.5
1 0 -82.29991528535471 -124.9145577894443 -117.5
1 1 -81.8668858930399 -123.75663669525895 -108.0
9806
-------------------New----------------
0 0 -26.162991279567528 -71.39191000191167 118.5
0 1 -21.597661201613946 -70.04848128704556 108.5
1 0 81.83961729952902 -39.87651658893829 -117.5
1 1 77.49294579034367 -41.1480013648267 -108.0
9808
-------------------New----------------
0 0 -37.43838079784573 20.31585204603982 118.5
0 1 -37.91152711710264 14.816601547783254 108.5
1 0 -48.613723476330605 -109.49036775608667 -117.5
1 1 -48.164318208722555 -104.26481750146668 -108.0
9811
-------------------New----------------
0 0 -42.12808475736124 -52.22352574731066 118.5
0 1 -44.11089595679689 -49.96962156720074 108.5
1 0 -88.92165878958573 0.9751167533048253 -117.5
1 1 -87.0379605506745 -1.1668325403728281 -108.0
9817
-------------------New----------------
0 0 70.80090138320644 -45.86640809768984 118.5
0 1 69.25007752167166 -48.97632506454054 108.5
1 0 34.22280965223121 -119.42533285207587 -117.5
1 1 35.69979496464084 -116.45993269495753 -108.0
9818
-------------------New----------------
0 0 36.10110439973291 -86.32889611933112 118.5
0 1 39.353624214190475 -85.35248904478537 108.5
1 0 112.90126708325545 -63.269366899569185 -117.5
1 1 109.80916716448826 -64.20095181825809 -108.0
9821
-------------------New----------------
0 0 61.69788868325433 -100.98318995555495 118.5
0 1 59.68450672680829 -100.5341384167543 108.5
1 0 14.206453479664608 -90.35655799688118 -117.5
1 1 16.118341103441836 -90.78826041492624 -108.0
9838
-------------------New----------------
0 0 -90.852893433678 104.55562091633229 118.5
0 1 -92.30119154231771 103.84573351697722 108.5
1 0 -125.03182499099053 87.80578592726896 -117.5
1 1 -123.65593765589365 88.48012295122179 -108.0
9847
-------------------New----------------
0 0 46.98016816764322 -30.58773953809277 118.5
0 1 45.00481461812142 -25.21369245638818 108.5
1 0 0.3409435721509727 96.2825798818306 -117.5
1 1 2.218709886266346 91.1746752151156 -108.0
9850
-------------------New----------------
0 0 -8.970221922842002 -31.70274896631367 118.5
0 1 -10.155569687037145 -29.858994303425312 108.5
1 0 -36.953138245146654 11.80920205110722 -117.5
1 1 -35.826297618864906 10.058069127914811 -108.0
9853
-------------------New----------------
0 0 -46.788391104430616 25.52123315301018 118.5
0 1 -44.371076994881385 28.859320929342573 108.5
1 0 10.228061397258406 104.53417052739545 -117.5
1 1 7.933781226808807 101.34279460406836 -108.0
9859
-------------------New----------------
0 0 24.302227405432358 -73.72479389832671 118.5
0 1 18.723985514498864 -74.38937561876978 108.5
1 0 -107.30864633236483 -89.43730110880274 -117.5
1 1 -102.01089102847892 -88.80404985253594 -108.0
9870
-------------------New----------------
0 0 25.50001299619246 -28.84922175592366 118.5
0 1 21.65591506536228 -28.47625900491328 108.5
1 0 -65.2057902473905 -20.055557634819063 -117.5
1 1 -61.55490912809272 -20.41028693510065 -108.0
9872
-------------------New----------------
0 0 -23.68087608106155 2.2324842861289067 118.5
0 1 -20.910090470173024 3.459268538077088 108.5
1 0 41.899309846397344 31.25229955674817 -117.5
1 1 39.23921535578076 30.072945931009304 -108.0
9883
-------------------New----------------
0 0 -10.197218607643721 -36.11713980166191 118.5
0 1 -5.386236086369719 -32.35540202363268 108.5
1 0 103.2782795279376 52.6256555381881 -117.5
1 1 98.70957828160887 49.05245092494079 -108.0
9886
-------------------New----------------
0 0 97.79123215956814 -47.45568080112578 118.5
0 1 98.84642867204303 -49.945182513620665 108.5
1 0 122.73726946286783 -106.1908703918162 -117.5
1 1 121.7312756127737 -103.82481714587058 -108.0
9891
-------------------New----------------
0 0 1.6269992081661049 -73.28460251485453 118.5
0 1 1.9818241049851442 -71.57833291772025 108.5
1 0 10.19478370765127 -33.095652431887444 -117.5
1 1 9.837673250292374 -34.719938947866986 -108.0
9903
-------------------New----------------
0 0 -60.865366817926635 88.1158083534806 118.5
0 1 -61.33356538958003 86.2365568512161 108.5
1 0 -71.7312242493198 43.56776640305576 -117.5
1 1 -71.30314875414778 45.39237560685264 -108.0
9930
-------------------New----------------
0 0 -97.23790639437416 -72.24743915803768 118.5
0 1 -97.16166925613699 -70.52065494714829 108.5
1 0 -95.45710927905219 -31.505953261557828 -117.5
1 1 -95.52775155525663 -33.145540033051844 -108.0
9934
-------------------New----------------
0 0 -18.708085845534022 -69.035842222742 118.5
0 1 -16.283660162300354 -66.20804742444872 108.5
1 0 38.59445883136552 -2.6026670379485557 -117.5
1 1 36.288548170047406 -5.267518879333326 -108.0
9940
-------------------New----------------
0 0 66.26669411607205 12.38807101271843 118.5
0 1 65.85606723642304 15.460576781747415 108.5
1 0 56.615040706980366 84.91199034222834 -117.5
1 1 57.00288818183009 81.9922766335474 -108.0
9946
-------------------New----------------
0 0 -56.07956509754602 12.156141104981794 118.5
0 1 -52.97433565773076 8.771460970121375 108.5
1 0 17.698826026207634 -67.70040841944726 -117.5
1 1 14.722243439008924 -64.49764621779664 -108.0
9952
-------------------New----------------
0 0 37.82502890842033 76.469669327688 118.5
0 1 40.01795492452579 78.41634360831048 108.5
1 0 90.10216102803318 121.79275857256702 -117.5
1 1 87.96582725213096 119.97073303602365 -108.0
9962
-------------------New----------------
0 0 -66.7284774334461 57.188536470514066 118.5
0 1 -68.05377305503723 58.49047105105649 108.5
1 0 -98.00282872452104 87.9004780634493 -117.5
1 1 -96.74341702148767 86.6649471944024 -108.0
9968
-------------------New----------------
0 0 -10.485029411746707 -111.36096572202788 118.5
0 1 -9.952076051007026 -111.1457295710906 108.5
1 0 2.116582845808532 -106.26803437361689 -117.5
1 1 1.6065526276663527 -106.47376477299365 -108.0
9970
-------------------New----------------
0 0 67.99991255355357 -68.53211794036325 118.5
0 1 65.57215758735488 -64.26556952641438 108.5
1 0 10.885404728895008 31.891947705764473 -117.5
1 1 13.185315806075057 27.859320470478668 -108.0
9979
-------------------New----------------
0 0 10.026015329459867 -7.2049360291602795 118.5
0 1 8.289271202994094 -8.961607630172235 108.5
1 0 -31.04289977244626 -48.69712898306314 -117.5
1 1 -29.399691362233664 -47.030787223079734 -108.0
9981
-------------------New----------------
0 0 -34.47270265647602 -56.287487768185954 118.5
0 1 -36.330828438362985 -52.215238949886455 108.5
1 0 -78.32465987808294 39.81305882383317 -117.5
1 1 -76.5594857737116 35.94449741329301 -108.0
9987
-------------------New----------------
0 0 49.134420820514364 -52.909597834236784 118.5
0 1 52.35937399128318 -50.93292315245007 108.5
1 0 125.26538840148703 -6.155133553601585 -117.5
1 1 122.19949287107791 -8.045486244274887 -108.0
5668 events has been processed trough the script makeHLTuple.py
[CORRECT] makeHLTuple done.
[INFO] Running POCA...
Iniciando POCA (python entered)
basic libraries imported
[CORRECT] ----- ALL LIBRARIES successfully imported
Volume: [-128.0,128.0] x [-128.0,128.0] x [-128.0,128.0] cm
Grid:   128 x 128 x 128 voxels
Voxel size: 2.000 x 2.000 x 2.000 cm
[INFO] ----- Current: Voxelization of POCA points...
POCA aplicado. Eventos tras filtro: 289
[CORRECT] POCA results saved to: /gpfs/users/dominguezs/Muography_Denoising/MuonGeneration/data/post_POCA_data/POCA_2D_Lpx256_Lpy256_Lpz256_npx128_npy128_npz128_zTop118_zBot-118_spacing1_ratio1_FontX8_FontY8_matlead_wordMUON_stroke1_seed8.npy
[CORRECT] POCA done.
[CORRECT] Job finished: 2D_Lpx256_Lpy256_Lpz256_npx128_npy128_npz128_zTop118_zBot-118_spacing1_ratio1_FontX8_FontY8_matlead_wordMUON_stroke1 | seed=8
