[INFO] Job started: 2D_Lpx256_Lpy256_Lpz256_npx128_npy128_npz128_zTop118_zBot-118_spacing1_ratio1_FontX8_FontY8_matlead_wordMUON_stroke1 | seed=10
[INFO] Running Geant4 simulation...
[1;34m ____  _____  __  __  __  __  __    ___    __    ____     ___  ____  __  __  __  __  __      __   ____  _____  ____   
(_  _)(  _  )(  \/  )(  )(  )(  )  / __)  /__\  (  _ \   / __)(_  _)(  \/  )(  )(  )(  )    /__\ (_  _)(  _  )(  _ \  
  )(   )(_)(  )    (  )(__)(  )(__( (_-. /(__)\  )(_) )  \__ \ _)(_  )    (  )(__)(  )(__  /(__)\  )(   )(_)(  )   /  
 (__) (_____)(_/\/\_)(______)(____)\___/(__)(__)(____/   (___/(____)(_/\/\_)(______)(____)(__)(__)(__) (_____)(_)\_)  
[0m

**************************************************************
 Geant4 version Name: geant4-11-02-patch-01 [MT]   (16-February-2024)
                       Copyright : Geant4 Collaboration
                      References : NIM A 506 (2003), 250-303
                                 : IEEE-TNS 53 (2006), 270-278
                                 : NIM A 835 (2016), 186-225
                             WWW : http://geant4.org/
**************************************************************

DEBUG: Lectura de archivo completada. Iniciando parser...
DEBUG: Parser exitoso. Accediendo a los datos...
DEBUG: Mundo y detectores cargados correctamente.
[1;34mLoaded 88 voxels from JSON configuration file.[0m
DEBUG: Constructor finalizado con éxito.
[1;34m---------------------------------------Geometry information-----------------------------------[0m
[1;34mThe loaded geometry is as follows: 
[1;34mThe world is contained in [-128, 128]x[-128, 128]x[-256, 256]
[1;34mDetector[0m
[1;34mLocation x: 0, y: 0, z: 118
[1;34mRotation x: 0, y: 0, z: 0
[1;34mSizes x: 256, y: 256, z: 20
[1;34mNumber of layers 2
[1;34mLayer[0m
[1;34mLocation x: 0, y: 0, z: 0
[1;34mRotation x: 0, y: 0, z: 0
[1;34mSizes x: 256, y: 256, z: 1
[0m
[1;34mLayer[0m
[1;34mLocation x: 0, y: 0, z: -10
[1;34mRotation x: 0, y: 0, z: 0
[1;34mSizes x: 256, y: 256, z: 1
[0m
[0m
[1;34mDetector[0m
[1;34mLocation x: 0, y: 0, z: -118
[1;34mRotation x: 0, y: 0, z: 0
[1;34mSizes x: 256, y: 256, z: 20
[1;34mNumber of layers 2
[1;34mLayer[0m
[1;34mLocation x: 0, y: 0, z: 0
[1;34mRotation x: 0, y: 0, z: 0
[1;34mSizes x: 256, y: 256, z: 1
[0m
[1;34mLayer[0m
[1;34mLocation x: 0, y: 0, z: 10
[1;34mRotation x: 0, y: 0, z: 0
[1;34mSizes x: 256, y: 256, z: 1
[0m
[0m
[1;34mNumber of voxels: 88[0m
  Voxel 0  pos=(-33, -7, -6) cm  xSize=2 cm  ySize=2 cm  zSize=4 cm  mat=lead
  Voxel 1  pos=(-33, -5, -6) cm  xSize=2 cm  ySize=2 cm  zSize=4 cm  mat=lead
  Voxel 2  pos=(-33, -3, -6) cm  xSize=2 cm  ySize=2 cm  zSize=4 cm  mat=lead
  Voxel 3  pos=(-33, -1, -6) cm  xSize=2 cm  ySize=2 cm  zSize=4 cm  mat=lead
  Voxel 4  pos=(-33, 1, -6) cm  xSize=2 cm  ySize=2 cm  zSize=4 cm  mat=lead
  Voxel 5  pos=(-33, 3, -6) cm  xSize=2 cm  ySize=2 cm  zSize=4 cm  mat=lead
  Voxel 6  pos=(-33, 5, -6) cm  xSize=2 cm  ySize=2 cm  zSize=4 cm  mat=lead
  Voxel 7  pos=(-33, 7, -6) cm  xSize=2 cm  ySize=2 cm  zSize=4 cm  mat=lead
  Voxel 8  pos=(-31, 5, -6) cm  xSize=2 cm  ySize=2 cm  zSize=4 cm  mat=lead
  Voxel 9  pos=(-29, 3, -6) cm  xSize=2 cm  ySize=2 cm  zSize=4 cm  mat=lead
  Voxel 10  pos=(-27, 1, -6) cm  xSize=2 cm  ySize=2 cm  zSize=4 cm  mat=lead
  Voxel 11  pos=(-25, 1, -6) cm  xSize=2 cm  ySize=2 cm  zSize=4 cm  mat=lead
  Voxel 12  pos=(-23, 3, -6) cm  xSize=2 cm  ySize=2 cm  zSize=4 cm  mat=lead
  Voxel 13  pos=(-21, 5, -6) cm  xSize=2 cm  ySize=2 cm  zSize=4 cm  mat=lead
  Voxel 14  pos=(-19, -7, -6) cm  xSize=2 cm  ySize=2 cm  zSize=4 cm  mat=lead
  Voxel 15  pos=(-19, -5, -6) cm  xSize=2 cm  ySize=2 cm  zSize=4 cm  mat=lead
  Voxel 16  pos=(-19, -3, -6) cm  xSize=2 cm  ySize=2 cm  zSize=4 cm  mat=lead
  Voxel 17  pos=(-19, -1, -6) cm  xSize=2 cm  ySize=2 cm  zSize=4 cm  mat=lead
  Voxel 18  pos=(-19, 1, -6) cm  xSize=2 cm  ySize=2 cm  zSize=4 cm  mat=lead
  Voxel 19  pos=(-19, 3, -6) cm  xSize=2 cm  ySize=2 cm  zSize=4 cm  mat=lead
  Voxel 20  pos=(-19, 5, -6) cm  xSize=2 cm  ySize=2 cm  zSize=4 cm  mat=lead
  Voxel 21  pos=(-19, 7, -6) cm  xSize=2 cm  ySize=2 cm  zSize=4 cm  mat=lead
  Voxel 22  pos=(-15, -5, -6) cm  xSize=2 cm  ySize=2 cm  zSize=4 cm  mat=lead
  Voxel 23  pos=(-15, -3, -6) cm  xSize=2 cm  ySize=2 cm  zSize=4 cm  mat=lead
  Voxel 24  pos=(-15, -1, -6) cm  xSize=2 cm  ySize=2 cm  zSize=4 cm  mat=lead
  Voxel 25  pos=(-15, 1, -6) cm  xSize=2 cm  ySize=2 cm  zSize=4 cm  mat=lead
  Voxel 26  pos=(-15, 3, -6) cm  xSize=2 cm  ySize=2 cm  zSize=4 cm  mat=lead
  Voxel 27  pos=(-15, 5, -6) cm  xSize=2 cm  ySize=2 cm  zSize=4 cm  mat=lead
  Voxel 28  pos=(-15, 7, -6) cm  xSize=2 cm  ySize=2 cm  zSize=4 cm  mat=lead
  Voxel 29  pos=(-13, -7, -6) cm  xSize=2 cm  ySize=2 cm  zSize=4 cm  mat=lead
  Voxel 30  pos=(-11, -7, -6) cm  xSize=2 cm  ySize=2 cm  zSize=4 cm  mat=lead
  Voxel 31  pos=(-9, -7, -6) cm  xSize=2 cm  ySize=2 cm  zSize=4 cm  mat=lead
  Voxel 32  pos=(-7, -7, -6) cm  xSize=2 cm  ySize=2 cm  zSize=4 cm  mat=lead
  Voxel 33  pos=(-5, -7, -6) cm  xSize=2 cm  ySize=2 cm  zSize=4 cm  mat=lead
  Voxel 34  pos=(-3, -7, -6) cm  xSize=2 cm  ySize=2 cm  zSize=4 cm  mat=lead
  Voxel 35  pos=(-1, -5, -6) cm  xSize=2 cm  ySize=2 cm  zSize=4 cm  mat=lead
  Voxel 36  pos=(-1, -3, -6) cm  xSize=2 cm  ySize=2 cm  zSize=4 cm  mat=lead
  Voxel 37  pos=(-1, -1, -6) cm  xSize=2 cm  ySize=2 cm  zSize=4 cm  mat=lead
  Voxel 38  pos=(-1, 1, -6) cm  xSize=2 cm  ySize=2 cm  zSize=4 cm  mat=lead
  Voxel 39  pos=(-1, 3, -6) cm  xSize=2 cm  ySize=2 cm  zSize=4 cm  mat=lead
  Voxel 40  pos=(-1, 5, -6) cm  xSize=2 cm  ySize=2 cm  zSize=4 cm  mat=lead
  Voxel 41  pos=(-1, 7, -6) cm  xSize=2 cm  ySize=2 cm  zSize=4 cm  mat=lead
  Voxel 42  pos=(3, -5, -6) cm  xSize=2 cm  ySize=2 cm  zSize=4 cm  mat=lead
  Voxel 43  pos=(3, -3, -6) cm  xSize=2 cm  ySize=2 cm  zSize=4 cm  mat=lead
  Voxel 44  pos=(3, -1, -6) cm  xSize=2 cm  ySize=2 cm  zSize=4 cm  mat=lead
  Voxel 45  pos=(3, 1, -6) cm  xSize=2 cm  ySize=2 cm  zSize=4 cm  mat=lead
  Voxel 46  pos=(3, 3, -6) cm  xSize=2 cm  ySize=2 cm  zSize=4 cm  mat=lead
  Voxel 47  pos=(3, 5, -6) cm  xSize=2 cm  ySize=2 cm  zSize=4 cm  mat=lead
  Voxel 48  pos=(5, -7, -6) cm  xSize=2 cm  ySize=2 cm  zSize=4 cm  mat=lead
  Voxel 49  pos=(5, 7, -6) cm  xSize=2 cm  ySize=2 cm  zSize=4 cm  mat=lead
  Voxel 50  pos=(7, -7, -6) cm  xSize=2 cm  ySize=2 cm  zSize=4 cm  mat=lead
  Voxel 51  pos=(7, 7, -6) cm  xSize=2 cm  ySize=2 cm  zSize=4 cm  mat=lead
  Voxel 52  pos=(9, -7, -6) cm  xSize=2 cm  ySize=2 cm  zSize=4 cm  mat=lead
  Voxel 53  pos=(9, 7, -6) cm  xSize=2 cm  ySize=2 cm  zSize=4 cm  mat=lead
  Voxel 54  pos=(11, -7, -6) cm  xSize=2 cm  ySize=2 cm  zSize=4 cm  mat=lead
  Voxel 55  pos=(11, 7, -6) cm  xSize=2 cm  ySize=2 cm  zSize=4 cm  mat=lead
  Voxel 56  pos=(13, -7, -6) cm  xSize=2 cm  ySize=2 cm  zSize=4 cm  mat=lead
  Voxel 57  pos=(13, 7, -6) cm  xSize=2 cm  ySize=2 cm  zSize=4 cm  mat=lead
  Voxel 58  pos=(15, -7, -6) cm  xSize=2 cm  ySize=2 cm  zSize=4 cm  mat=lead
  Voxel 59  pos=(15, 7, -6) cm  xSize=2 cm  ySize=2 cm  zSize=4 cm  mat=lead
  Voxel 60  pos=(17, -5, -6) cm  xSize=2 cm  ySize=2 cm  zSize=4 cm  mat=lead
  Voxel 61  pos=(17, -3, -6) cm  xSize=2 cm  ySize=2 cm  zSize=4 cm  mat=lead
  Voxel 62  pos=(17, -1, -6) cm  xSize=2 cm  ySize=2 cm  zSize=4 cm  mat=lead
  Voxel 63  pos=(17, 1, -6) cm  xSize=2 cm  ySize=2 cm  zSize=4 cm  mat=lead
  Voxel 64  pos=(17, 3, -6) cm  xSize=2 cm  ySize=2 cm  zSize=4 cm  mat=lead
  Voxel 65  pos=(17, 5, -6) cm  xSize=2 cm  ySize=2 cm  zSize=4 cm  mat=lead
  Voxel 66  pos=(21, -7, -6) cm  xSize=2 cm  ySize=2 cm  zSize=4 cm  mat=lead
  Voxel 67  pos=(21, -5, -6) cm  xSize=2 cm  ySize=2 cm  zSize=4 cm  mat=lead
  Voxel 68  pos=(21, -3, -6) cm  xSize=2 cm  ySize=2 cm  zSize=4 cm  mat=lead
  Voxel 69  pos=(21, -1, -6) cm  xSize=2 cm  ySize=2 cm  zSize=4 cm  mat=lead
  Voxel 70  pos=(21, 1, -6) cm  xSize=2 cm  ySize=2 cm  zSize=4 cm  mat=lead
  Voxel 71  pos=(21, 3, -6) cm  xSize=2 cm  ySize=2 cm  zSize=4 cm  mat=lead
  Voxel 72  pos=(21, 5, -6) cm  xSize=2 cm  ySize=2 cm  zSize=4 cm  mat=lead
  Voxel 73  pos=(21, 7, -6) cm  xSize=2 cm  ySize=2 cm  zSize=4 cm  mat=lead
  Voxel 74  pos=(23, 5, -6) cm  xSize=2 cm  ySize=2 cm  zSize=4 cm  mat=lead
  Voxel 75  pos=(25, 3, -6) cm  xSize=2 cm  ySize=2 cm  zSize=4 cm  mat=lead
  Voxel 76  pos=(27, 1, -6) cm  xSize=2 cm  ySize=2 cm  zSize=4 cm  mat=lead
  Voxel 77  pos=(29, -1, -6) cm  xSize=2 cm  ySize=2 cm  zSize=4 cm  mat=lead
  Voxel 78  pos=(31, -3, -6) cm  xSize=2 cm  ySize=2 cm  zSize=4 cm  mat=lead
  Voxel 79  pos=(33, -5, -6) cm  xSize=2 cm  ySize=2 cm  zSize=4 cm  mat=lead
  Voxel 80  pos=(35, -7, -6) cm  xSize=2 cm  ySize=2 cm  zSize=4 cm  mat=lead
  Voxel 81  pos=(35, -5, -6) cm  xSize=2 cm  ySize=2 cm  zSize=4 cm  mat=lead
  Voxel 82  pos=(35, -3, -6) cm  xSize=2 cm  ySize=2 cm  zSize=4 cm  mat=lead
  Voxel 83  pos=(35, -1, -6) cm  xSize=2 cm  ySize=2 cm  zSize=4 cm  mat=lead
  Voxel 84  pos=(35, 1, -6) cm  xSize=2 cm  ySize=2 cm  zSize=4 cm  mat=lead
  Voxel 85  pos=(35, 3, -6) cm  xSize=2 cm  ySize=2 cm  zSize=4 cm  mat=lead
  Voxel 86  pos=(35, 5, -6) cm  xSize=2 cm  ySize=2 cm  zSize=4 cm  mat=lead
  Voxel 87  pos=(35, 7, -6) cm  xSize=2 cm  ySize=2 cm  zSize=4 cm  mat=lead
[0m
G4VUserPhysicsList::SetVerboseLevel  : Verbose level is set to 3
List of instantiated particles ============================================
GenericIon He3 alpha anti_He3 anti_alpha anti_deuteron anti_doublehyperH4 anti_doublehyperdoubleneutron anti_hyperH4 anti_hyperHe5 
anti_hyperalpha anti_hypertriton anti_kaon0 anti_lambda anti_neutron anti_nu_e anti_nu_mu anti_omega- anti_proton anti_sigma0 
anti_triton anti_xi- anti_xi0 chargedgeantino deuteron doublehyperH4 doublehyperdoubleneutron e+ e- eta 
eta_prime gamma geantino hyperH4 hyperHe5 hyperalpha hypertriton kaon+ kaon- kaon0 
kaon0L kaon0S lambda mu+ mu- neutron nu_e nu_mu omega- pi+ 
pi- pi0 proton sigma+ sigma- sigma0 triton xi- xi0 
CRY::CRYSetup: Setting returnNeutrons to 0
CRY::CRYSetup: Setting returnProtons to 0
CRY::CRYSetup: Setting returnGammas to 0
CRY::CRYSetup: Setting date to 7-1-2012 (month-day-year)
CRY::CRYSetup: Setting latitude to 90
CRY::CRYSetup: Setting altitude to 0
CRY::CRYSetup: Setting subboxLength to 2.56
userDetector->Construct() start.
Creando los objetos
Checking overlaps for volume layerPhys_0_0:0 (G4Box) ... OK! 
Checking overlaps for volume layerPhys_0_1:0 (G4Box) ... 
-------- WWWW ------- G4Exception-START -------- WWWW -------
*** G4Exception : GeomVol1002
      issued by : G4PVPlacement::CheckOverlaps()
Overlap with mother volume !
          Overlap is detected for volume layerPhys_0_1:0 (G4Box) with its mother volume detector_0 (G4Box)
          protrusion at mother local point (833.379,-284.345,-105) by 5 mm  (max of 517 cases)
NOTE: Reached maximum fixed number -1- of overlaps reports for this volume !
*** This is just a warning message. ***
-------- WWWW -------- G4Exception-END --------- WWWW -------

Checking overlaps for volume detectorPhys_0:0 (G4Box) ... OK! 
Checking overlaps for volume layerPhys_1_0:0 (G4Box) ... OK! 
Checking overlaps for volume layerPhys_1_1:0 (G4Box) ... 
-------- WWWW ------- G4Exception-START -------- WWWW -------
*** G4Exception : GeomVol1002
      issued by : G4PVPlacement::CheckOverlaps()
Overlap with mother volume !
          Overlap is detected for volume layerPhys_1_1:0 (G4Box) with its mother volume detector_1 (G4Box)
          protrusion at mother local point (-950.771,574.296,105) by 5 mm  (max of 502 cases)
NOTE: Reached maximum fixed number -1- of overlaps reports for this volume !
*** This is just a warning message. ***
-------- WWWW -------- G4Exception-END --------- WWWW -------

Checking overlaps for volume detectorPhys_1:0 (G4Box) ... OK! 
worldLogical is registered to the default region.
physicsList->Construct() start.
G4VUserPhysicsList::Construct()
G4VUserPhysicsList::InitializeProcessManager: creating ProcessManager to GenericIon
G4VUserPhysicsList::InitializeProcessManager: creating ProcessManager to He3
G4VUserPhysicsList::InitializeProcessManager: creating ProcessManager to alpha
G4VUserPhysicsList::InitializeProcessManager: creating ProcessManager to anti_He3
G4VUserPhysicsList::InitializeProcessManager: creating ProcessManager to anti_alpha
G4VUserPhysicsList::InitializeProcessManager: creating ProcessManager to anti_deuteron
G4VUserPhysicsList::InitializeProcessManager: creating ProcessManager to anti_doublehyperH4
G4VUserPhysicsList::InitializeProcessManager: creating ProcessManager to anti_doublehyperdoubleneutron
G4VUserPhysicsList::InitializeProcessManager: creating ProcessManager to anti_hyperH4
G4VUserPhysicsList::InitializeProcessManager: creating ProcessManager to anti_hyperHe5
G4VUserPhysicsList::InitializeProcessManager: creating ProcessManager to anti_hyperalpha
G4VUserPhysicsList::InitializeProcessManager: creating ProcessManager to anti_hypertriton
G4VUserPhysicsList::InitializeProcessManager: creating ProcessManager to anti_kaon0
G4VUserPhysicsList::InitializeProcessManager: creating ProcessManager to anti_lambda
G4VUserPhysicsList::InitializeProcessManager: creating ProcessManager to anti_neutron
G4VUserPhysicsList::InitializeProcessManager: creating ProcessManager to anti_nu_e
G4VUserPhysicsList::InitializeProcessManager: creating ProcessManager to anti_nu_mu
G4VUserPhysicsList::InitializeProcessManager: creating ProcessManager to anti_omega-
G4VUserPhysicsList::InitializeProcessManager: creating ProcessManager to anti_proton
G4VUserPhysicsList::InitializeProcessManager: creating ProcessManager to anti_sigma0
G4VUserPhysicsList::InitializeProcessManager: creating ProcessManager to anti_triton
G4VUserPhysicsList::InitializeProcessManager: creating ProcessManager to anti_xi-
G4VUserPhysicsList::InitializeProcessManager: creating ProcessManager to anti_xi0
G4VUserPhysicsList::InitializeProcessManager: creating ProcessManager to chargedgeantino
G4VUserPhysicsList::InitializeProcessManager: creating ProcessManager to deuteron
G4VUserPhysicsList::InitializeProcessManager: creating ProcessManager to doublehyperH4
G4VUserPhysicsList::InitializeProcessManager: creating ProcessManager to doublehyperdoubleneutron
G4VUserPhysicsList::InitializeProcessManager: creating ProcessManager to e+
G4VUserPhysicsList::InitializeProcessManager: creating ProcessManager to e-
G4VUserPhysicsList::InitializeProcessManager: creating ProcessManager to eta
G4VUserPhysicsList::InitializeProcessManager: creating ProcessManager to eta_prime
G4VUserPhysicsList::InitializeProcessManager: creating ProcessManager to gamma
G4VUserPhysicsList::InitializeProcessManager: creating ProcessManager to geantino
G4VUserPhysicsList::InitializeProcessManager: creating ProcessManager to hyperH4
G4VUserPhysicsList::InitializeProcessManager: creating ProcessManager to hyperHe5
G4VUserPhysicsList::InitializeProcessManager: creating ProcessManager to hyperalpha
G4VUserPhysicsList::InitializeProcessManager: creating ProcessManager to hypertriton
G4VUserPhysicsList::InitializeProcessManager: creating ProcessManager to kaon+
G4VUserPhysicsList::InitializeProcessManager: creating ProcessManager to kaon-
G4VUserPhysicsList::InitializeProcessManager: creating ProcessManager to kaon0
G4VUserPhysicsList::InitializeProcessManager: creating ProcessManager to kaon0L
G4VUserPhysicsList::InitializeProcessManager: creating ProcessManager to kaon0S
G4VUserPhysicsList::InitializeProcessManager: creating ProcessManager to lambda
G4VUserPhysicsList::InitializeProcessManager: creating ProcessManager to mu+
G4VUserPhysicsList::InitializeProcessManager: creating ProcessManager to mu-
G4VUserPhysicsList::InitializeProcessManager: creating ProcessManager to neutron
G4VUserPhysicsList::InitializeProcessManager: creating ProcessManager to nu_e
G4VUserPhysicsList::InitializeProcessManager: creating ProcessManager to nu_mu
G4VUserPhysicsList::InitializeProcessManager: creating ProcessManager to omega-
G4VUserPhysicsList::InitializeProcessManager: creating ProcessManager to pi+
G4VUserPhysicsList::InitializeProcessManager: creating ProcessManager to pi-
G4VUserPhysicsList::InitializeProcessManager: creating ProcessManager to pi0
G4VUserPhysicsList::InitializeProcessManager: creating ProcessManager to proton
G4VUserPhysicsList::InitializeProcessManager: creating ProcessManager to sigma+
G4VUserPhysicsList::InitializeProcessManager: creating ProcessManager to sigma-
G4VUserPhysicsList::InitializeProcessManager: creating ProcessManager to sigma0
G4VUserPhysicsList::InitializeProcessManager: creating ProcessManager to triton
G4VUserPhysicsList::InitializeProcessManager: creating ProcessManager to xi-
G4VUserPhysicsList::InitializeProcessManager: creating ProcessManager to xi0
Construct processes 
G4PhysicsListHelper::AddTransportation()  
physicsList->CheckParticleList() start.
physicsList->setCut() start.
G4VUserPhysicsList::SetParticleCuts:   :1[mm] for gamma
G4VUserPhysicsList::SetParticleCuts:   :1[mm] for e-
G4VUserPhysicsList::SetParticleCuts:   :1[mm] for e+
G4VUserPhysicsList::SetParticleCuts:   :1[mm] for proton
G4VUserPhysicsList::SetDefaultCutValue:default cut value is changed to   :1[mm]
G4VUserPhysicsList::SetCuts:   
Cut for gamma: 1[mm]
Cut  for e-: 1[mm]
Cut  for e+: 1[mm]
Cut  for proton: 1[mm]
/
/layer_0_0   *** Active 
/layer_0_1   *** Active 
/layer_1_0   *** Active 
/layer_1_1   *** Active 
Visualization Manager instantiating with verbosity "warnings (3)"...
Visualization Manager initialising...
Registering graphics systems...

You have successfully registered the following graphics systems.
Registered graphics systems are:
  ASCIITree (ATree)
  DAWNFILE (DAWNFILE)
  G4HepRepFile (HepRepFile)
  RayTracer (RayTracer)
  VRML2FILE (VRML2FILE)
  gMocrenFile (gMocrenFile)
  TOOLSSG_OFFSCREEN (TSG_OFFSCREEN)
  TOOLSSG_OFFSCREEN (TSG_OFFSCREEN, TSG_FILE, TSG)
Default graphics system is: TSG_OFFSCREEN (based on batch session).
Default window size hint is: 600x600-0+0 (based on G4VisManager initialisation).
Note: Parameters specified on the command line will override these defaults.
      Use "vis/open" without parameters to get these defaults.

Registering model factories...

You have successfully registered the following model factories.
Registered model factories:
  generic
  drawByAttribute
  drawByCharge
  drawByOriginVolume
  drawByParticleID
  drawByEncounteredVolume

Registered models:
  None

Registered filter factories:
  attributeFilter
  chargeFilter
  originVolumeFilter
  particleFilter
  encounteredVolumeFilter

Registered filters:
  None

You have successfully registered the following user vis actions.
Run Duration User Vis Actions: none
End of Event User Vis Actions: none
End of Run User Vis Actions: none

Some /vis commands (optionally) take a string to specify colour.
"/vis/list" to see available colours.
Starging the party joder
Starging the party
G4ProductionCutsTable::UpdateCoupleTable() - Elapsed time for calculation of energy cuts: 
User=0.000000s Real=0.000068s Sys=0.000000s [Cpu=0.0%]
=======================================================================
======                 Electromagnetic Physics Parameters      ========
=======================================================================
LPM effect enabled                                 1
Enable creation and use of sampling tables         0
Apply cuts on all EM processes                     0
Use combined TransportationWithMsc                 Disabled
Use general process                                0
Enable linear polarisation for gamma               0
Enable photoeffect sampling below K-shell          1
Enable sampling of quantum entanglement            0
X-section factor for integral approach             0.8
Min kinetic energy for tables                      100 eV 
Max kinetic energy for tables                      100 TeV
Number of bins per decade of a table               7
Verbose level                                      1
Verbose level for worker thread                    0
Bremsstrahlung energy threshold above which 
  primary e+- is added to the list of secondary    100 TeV
Bremsstrahlung energy threshold above which primary
  muon/hadron is added to the list of secondary    100 TeV
Lowest triplet kinetic energy                      1 MeV
Enable sampling of gamma linear polarisation       0
5D gamma conversion model type                     0
5D gamma conversion model on isolated ion          0
Livermore data directory                           epics_2017
=======================================================================
======                 Ionisation Parameters                   ========
=======================================================================
Step function for e+-                              (0.2, 1 mm)
Step function for muons/hadrons                    (0.2, 0.1 mm)
Step function for light ions                       (0.2, 0.1 mm)
Step function for general ions                     (0.2, 0.1 mm)
Lowest e+e- kinetic energy                         1 keV
Lowest muon/hadron kinetic energy                  1 keV
Use ICRU90 data                                    0
Fluctuations of dE/dx are enabled                  1
Type of fluctuation model for leptons and hadrons  Universal
Use built-in Birks satuaration                     0
Build CSDA range enabled                           0
Use cut as a final range enabled                   0
Enable angular generator interface                 0
Max kinetic energy for CSDA tables                 1 GeV
Max kinetic energy for NIEL computation            0 eV 
Linear loss limit                                  0.01
Read data from file for e+e- pair production by mu 0
=======================================================================
======                 Multiple Scattering Parameters          ========
=======================================================================
Type of msc step limit algorithm for e+-           1
Type of msc step limit algorithm for muons/hadrons 0
Msc lateral displacement for e+- enabled           1
Msc lateral displacement for muons and hadrons     0
Urban msc model lateral displacement alg96         1
Range factor for msc step limit for e+-            0.04
Range factor for msc step limit for muons/hadrons  0.2
Geometry factor for msc step limitation of e+-     2.5
Safety factor for msc step limit for e+-           0.6
Skin parameter for msc step limitation of e+-      1
Lambda limit for msc step limit for e+-            1 mm
Use Mott correction for e- scattering              0
Factor used for dynamic computation of angular 
  limit between single and multiple scattering     1
Fixed angular limit between single 
  and multiple scattering                          3.1416 rad
Upper energy limit for e+- multiple scattering     100 MeV
Type of electron single scattering model           0
Type of nuclear form-factor                        1
Screening factor                                   1
=======================================================================
G4VUserPhysicsList::BuildPhysicsTable does not retrieve Cut Table but calculate 
G4VUserPhysicsList::BuildPhysicsTable  Calculate Physics Table for gamma
G4VUserPhysicsList::BuildPhysicsTable %%%%%% gamma
 ProcessManager : 0x2b1beb0 ProcessManagerShadow : 0x2b1beb0
  0 - Transportation
  1 - phot
  2 - compt
  3 - pol-compt
  4 - conv
--------------------------------------------------------------
  0 - Transportation
  1 - phot
  2 - compt
  3 - pol-compt
  4 - conv

phot:  for gamma SubType=12 BuildTable=0
      LambdaPrime table from 200 keV to 100 TeV in 61 bins 
      ===== EM models for the G4Region  DefaultRegionForTheWorld ======
       PhotoElectric : Emin=    0 eV  Emax=  100 TeV  SauterGavrila

compt:  for gamma SubType=13 BuildTable=1
      Lambda table from 100 eV  to 1 MeV, 7 bins/decade, spline: 1
      LambdaPrime table from 1 MeV to 100 TeV in 56 bins 
      ===== EM models for the G4Region  DefaultRegionForTheWorld ======
       Klein-Nishina : Emin=    0 eV  Emax=  100 TeV

pol-compt:  for gamma SubType=13 BuildTable=1
      Lambda table from 100 eV  to 1 MeV, 7 bins/decade, spline: 1
      LambdaPrime table from 1 MeV to 100 TeV in 56 bins 
      ===== EM models for the G4Region  DefaultRegionForTheWorld ======
   Polarized-Compton : Emin=    0 eV  Emax=  100 TeV

conv:  for gamma SubType=14 BuildTable=1
      Lambda table from 1.022 MeV to 100 TeV, 18 bins/decade, spline: 1
      ===== EM models for the G4Region  DefaultRegionForTheWorld ======
     BetheHeitlerLPM : Emin=    0 eV  Emax=  100 TeV  ModifiedTsai
G4VUserPhysicsList::BuildPhysicsTable  Calculate Physics Table for e-
G4VUserPhysicsList::BuildPhysicsTable %%%%%% e-
 ProcessManager : 0x2b1b7c0 ProcessManagerShadow : 0x2b1b7c0
  0 - Transportation
  1 - msc
  2 - eIoni
  3 - eBrem
--------------------------------------------------------------
  0 - Transportation
  1 - msc
  2 - eIoni
  3 - eBrem

msc:  for e-  SubType= 10
      ===== EM models for the G4Region  DefaultRegionForTheWorld ======
            UrbanMsc : Emin=    0 eV  Emax=  100 TeV Nbins=84 100 eV  - 100 TeV
          StepLim=UseSafety Rfact=0.04 Gfact=2.5 Sfact=0.6 DispFlag:1 Skin=1 Llim=1 mm

eIoni:  for e-  XStype:3  SubType=2
      dE/dx and range tables from 100 eV  to 100 TeV in 84 bins
      Lambda tables from threshold to 100 TeV, 7 bins/decade, spline: 1
      StepFunction=(0.2, 1 mm), integ: 3, fluct: 1, linLossLim= 0.01
      ===== EM models for the G4Region  DefaultRegionForTheWorld ======
        MollerBhabha : Emin=    0 eV  Emax=  100 TeV

eBrem:  for e-  XStype:4  SubType=3
      dE/dx and range tables from 100 eV  to 100 TeV in 84 bins
      Lambda tables from threshold to 100 TeV, 7 bins/decade, spline: 1
      LPM flag: 1 for E > 1 GeV,  VertexHighEnergyTh(GeV)= 100000
      ===== EM models for the G4Region  DefaultRegionForTheWorld ======
             eBremSB : Emin=    0 eV  Emax=    1 GeV  ModifiedTsai
            eBremLPM : Emin=    1 GeV Emax=  100 TeV  ModifiedTsai
G4VUserPhysicsList::BuildPhysicsTable  Calculate Physics Table for e+
G4VUserPhysicsList::BuildPhysicsTable %%%%%% e+
 ProcessManager : 0x2b1b570 ProcessManagerShadow : 0x2b1b570
  0 - Transportation
  1 - msc
  2 - eIoni
  3 - eBrem
  4 - annihil
--------------------------------------------------------------
  0 - Transportation
  1 - msc
  2 - eIoni
  3 - eBrem
  4 - annihil

msc:  for e+  SubType= 10
      ===== EM models for the G4Region  DefaultRegionForTheWorld ======
            UrbanMsc : Emin=    0 eV  Emax=  100 TeV Nbins=84 100 eV  - 100 TeV
          StepLim=UseSafety Rfact=0.04 Gfact=2.5 Sfact=0.6 DispFlag:1 Skin=1 Llim=1 mm

eIoni:  for e+  XStype:3  SubType=2
      dE/dx and range tables from 100 eV  to 100 TeV in 84 bins
      Lambda tables from threshold to 100 TeV, 7 bins/decade, spline: 1
      StepFunction=(0.2, 1 mm), integ: 3, fluct: 1, linLossLim= 0.01
      ===== EM models for the G4Region  DefaultRegionForTheWorld ======
        MollerBhabha : Emin=    0 eV  Emax=  100 TeV

eBrem:  for e+  XStype:4  SubType=3
      dE/dx and range tables from 100 eV  to 100 TeV in 84 bins
      Lambda tables from threshold to 100 TeV, 7 bins/decade, spline: 1
      LPM flag: 1 for E > 1 GeV,  VertexHighEnergyTh(GeV)= 100000
      ===== EM models for the G4Region  DefaultRegionForTheWorld ======
             eBremSB : Emin=    0 eV  Emax=    1 GeV  ModifiedTsai
            eBremLPM : Emin=    1 GeV Emax=  100 TeV  ModifiedTsai

annihil:  for e+ XStype:2 SubType=5 BuildTable=0
      ===== EM models for the G4Region  DefaultRegionForTheWorld ======
            eplus2gg : Emin=    0 eV  Emax=  100 TeV
G4VUserPhysicsList::BuildPhysicsTable  Calculate Physics Table for proton
G4VUserPhysicsList::BuildPhysicsTable %%%%%% proton
 ProcessManager : 0x2b1ef40 ProcessManagerShadow : 0x2b1ef40
  0 - Transportation
  1 - msc
  2 - hIoni
--------------------------------------------------------------
  0 - Transportation
  1 - msc
  2 - hIoni

msc:  for proton  SubType= 10
      ===== EM models for the G4Region  DefaultRegionForTheWorld ======
            UrbanMsc : Emin=    0 eV  Emax=  100 TeV Nbins=84 100 eV  - 100 TeV
          StepLim=Minimal Rfact=0.2 Gfact=2.5 Sfact=0.6 DispFlag:0 Skin=1 Llim=1 mm

hIoni:  for proton  XStype:3  SubType=2
      dE/dx and range tables from 100 eV  to 100 TeV in 84 bins
      Lambda tables from threshold to 100 TeV, 7 bins/decade, spline: 1
      StepFunction=(0.2, 0.1 mm), integ: 3, fluct: 1, linLossLim= 0.01
      ===== EM models for the G4Region  DefaultRegionForTheWorld ======
               Bragg : Emin=    0 eV  Emax=    2 MeV
          BetheBloch : Emin=    2 MeV Emax=  100 TeV
G4VUserPhysicsList::BuildPhysicsTable  Calculate Physics Table for GenericIon
G4VUserPhysicsList::BuildPhysicsTable %%%%%% GenericIon
 ProcessManager : 0x2b135e0 ProcessManagerShadow : 0x2b135e0
  0 - Transportation
  1 - msc
  2 - hIoni
--------------------------------------------------------------
  0 - Transportation
  1 - msc
  2 - hIoni

msc:  for GenericIon  SubType= 10
      ===== EM models for the G4Region  DefaultRegionForTheWorld ======
            UrbanMsc : Emin=    0 eV  Emax=  100 TeV
          StepLim=Minimal Rfact=0.2 Gfact=2.5 Sfact=0.6 DispFlag:0 Skin=1 Llim=1 mm

hIoni:  for GenericIon  XStype:3  SubType=2
      dE/dx and range tables from 100 eV  to 100 TeV in 84 bins
      Lambda tables from threshold to 100 TeV, 7 bins/decade, spline: 1
      StepFunction=(0.2, 0.1 mm), integ: 3, fluct: 1, linLossLim= 0.01
      ===== EM models for the G4Region  DefaultRegionForTheWorld ======
               Bragg : Emin=    0 eV  Emax=    2 MeV
          BetheBloch : Emin=    2 MeV Emax=  100 TeV
G4VUserPhysicsList::BuildPhysicsTable  Calculate Physics Table for He3
G4VUserPhysicsList::BuildPhysicsTable %%%%%% He3
 ProcessManager : 0x2b17a10 ProcessManagerShadow : 0x2b17a10
  0 - Transportation
  1 - msc
  2 - hIoni
--------------------------------------------------------------
  0 - Transportation
  1 - msc
  2 - hIoni
G4VUserPhysicsList::BuildPhysicsTable  Calculate Physics Table for alpha
G4VUserPhysicsList::BuildPhysicsTable %%%%%% alpha
 ProcessManager : 0x2b17ba0 ProcessManagerShadow : 0x2b17ba0
  0 - Transportation
  1 - msc
  2 - hIoni
--------------------------------------------------------------
  0 - Transportation
  1 - msc
  2 - hIoni

msc:  for alpha  SubType= 10
      ===== EM models for the G4Region  DefaultRegionForTheWorld ======
            UrbanMsc : Emin=    0 eV  Emax=  100 TeV
          StepLim=Minimal Rfact=0.2 Gfact=2.5 Sfact=0.6 DispFlag:0 Skin=1 Llim=1 mm

hIoni:  for alpha  XStype:3  SubType=2
      dE/dx and range tables from 100 eV  to 100 TeV in 84 bins
      Lambda tables from threshold to 100 TeV, 7 bins/decade, spline: 1
      StepFunction=(0.2, 0.1 mm), integ: 3, fluct: 1, linLossLim= 0.01
      ===== EM models for the G4Region  DefaultRegionForTheWorld ======
               Bragg : Emin=    0 eV  Emax=7.9452 MeV
          BetheBloch : Emin=7.9452 MeV Emax=  100 TeV
G4VUserPhysicsList::BuildPhysicsTable  Calculate Physics Table for anti_He3
G4VUserPhysicsList::BuildPhysicsTable %%%%%% anti_He3
 ProcessManager : 0x2b17df0 ProcessManagerShadow : 0x2b17df0
  0 - Transportation
  1 - msc
  2 - hIoni
--------------------------------------------------------------
  0 - Transportation
  1 - msc
  2 - hIoni
G4VUserPhysicsList::BuildPhysicsTable  Calculate Physics Table for anti_alpha
G4VUserPhysicsList::BuildPhysicsTable %%%%%% anti_alpha
 ProcessManager : 0x2b18040 ProcessManagerShadow : 0x2b18040
  0 - Transportation
  1 - msc
  2 - hIoni
--------------------------------------------------------------
  0 - Transportation
  1 - msc
  2 - hIoni
G4VUserPhysicsList::BuildPhysicsTable  Calculate Physics Table for anti_deuteron
G4VUserPhysicsList::BuildPhysicsTable %%%%%% anti_deuteron
 ProcessManager : 0x2b18290 ProcessManagerShadow : 0x2b18290
  0 - Transportation
  1 - msc
  2 - hIoni
--------------------------------------------------------------
  0 - Transportation
  1 - msc
  2 - hIoni
G4VUserPhysicsList::BuildPhysicsTable  Calculate Physics Table for anti_doublehyperH4
G4VUserPhysicsList::BuildPhysicsTable %%%%%% anti_doublehyperH4
 ProcessManager : 0x2b184e0 ProcessManagerShadow : 0x2b184e0
  0 - Transportation
  1 - Decay
  2 - msc
  3 - hIoni
--------------------------------------------------------------
  0 - Transportation
  1 - Decay
  2 - msc
  3 - hIoni
G4VUserPhysicsList::BuildPhysicsTable  Calculate Physics Table for anti_doublehyperdoubleneutron
G4VUserPhysicsList::BuildPhysicsTable %%%%%% anti_doublehyperdoubleneutron
 ProcessManager : 0x2b18730 ProcessManagerShadow : 0x2b18730
  0 - Transportation
  1 - Decay
--------------------------------------------------------------
  0 - Transportation
  1 - Decay
G4VUserPhysicsList::BuildPhysicsTable  Calculate Physics Table for anti_hyperH4
G4VUserPhysicsList::BuildPhysicsTable %%%%%% anti_hyperH4
 ProcessManager : 0x2b18980 ProcessManagerShadow : 0x2b18980
  0 - Transportation
  1 - Decay
  2 - msc
  3 - hIoni
--------------------------------------------------------------
  0 - Transportation
  1 - Decay
  2 - msc
  3 - hIoni
G4VUserPhysicsList::BuildPhysicsTable  Calculate Physics Table for anti_hyperHe5
G4VUserPhysicsList::BuildPhysicsTable %%%%%% anti_hyperHe5
 ProcessManager : 0x2b18bd0 ProcessManagerShadow : 0x2b18bd0
  0 - Transportation
  1 - Decay
  2 - msc
  3 - hIoni
--------------------------------------------------------------
  0 - Transportation
  1 - Decay
  2 - msc
  3 - hIoni
G4VUserPhysicsList::BuildPhysicsTable  Calculate Physics Table for anti_hyperalpha
G4VUserPhysicsList::BuildPhysicsTable %%%%%% anti_hyperalpha
 ProcessManager : 0x2b18e20 ProcessManagerShadow : 0x2b18e20
  0 - Transportation
  1 - Decay
  2 - msc
  3 - hIoni
--------------------------------------------------------------
  0 - Transportation
  1 - Decay
  2 - msc
  3 - hIoni
G4VUserPhysicsList::BuildPhysicsTable  Calculate Physics Table for anti_hypertriton
G4VUserPhysicsList::BuildPhysicsTable %%%%%% anti_hypertriton
 ProcessManager : 0x2b19070 ProcessManagerShadow : 0x2b19070
  0 - Transportation
  1 - Decay
  2 - msc
  3 - hIoni
--------------------------------------------------------------
  0 - Transportation
  1 - Decay
  2 - msc
  3 - hIoni
G4VUserPhysicsList::BuildPhysicsTable  Calculate Physics Table for anti_kaon0
G4VUserPhysicsList::BuildPhysicsTable %%%%%% anti_kaon0
 ProcessManager : 0x2b192c0 ProcessManagerShadow : 0x2b192c0
  0 - Transportation
  1 - Decay
--------------------------------------------------------------
  0 - Transportation
  1 - Decay
G4VUserPhysicsList::BuildPhysicsTable  Calculate Physics Table for anti_lambda
G4VUserPhysicsList::BuildPhysicsTable %%%%%% anti_lambda
 ProcessManager : 0x2b19510 ProcessManagerShadow : 0x2b19510
  0 - Transportation
  1 - Decay
--------------------------------------------------------------
  0 - Transportation
  1 - Decay
G4VUserPhysicsList::BuildPhysicsTable  Calculate Physics Table for anti_neutron
G4VUserPhysicsList::BuildPhysicsTable %%%%%% anti_neutron
 ProcessManager : 0x2b19760 ProcessManagerShadow : 0x2b19760
  0 - Transportation
  1 - Decay
--------------------------------------------------------------
  0 - Transportation
  1 - Decay
G4VUserPhysicsList::BuildPhysicsTable  Calculate Physics Table for anti_nu_e
G4VUserPhysicsList::BuildPhysicsTable %%%%%% anti_nu_e
 ProcessManager : 0x2b199b0 ProcessManagerShadow : 0x2b199b0
  0 - Transportation
--------------------------------------------------------------
  0 - Transportation
G4VUserPhysicsList::BuildPhysicsTable  Calculate Physics Table for anti_nu_mu
G4VUserPhysicsList::BuildPhysicsTable %%%%%% anti_nu_mu
 ProcessManager : 0x2b19c00 ProcessManagerShadow : 0x2b19c00
  0 - Transportation
--------------------------------------------------------------
  0 - Transportation
G4VUserPhysicsList::BuildPhysicsTable  Calculate Physics Table for anti_omega-
G4VUserPhysicsList::BuildPhysicsTable %%%%%% anti_omega-
 ProcessManager : 0x2b19e50 ProcessManagerShadow : 0x2b19e50
  0 - Transportation
  1 - Decay
  2 - msc
  3 - hIoni
--------------------------------------------------------------
  0 - Transportation
  1 - Decay
  2 - msc
  3 - hIoni
G4VUserPhysicsList::BuildPhysicsTable  Calculate Physics Table for anti_proton
G4VUserPhysicsList::BuildPhysicsTable %%%%%% anti_proton
 ProcessManager : 0x2b1a0a0 ProcessManagerShadow : 0x2b1a0a0
  0 - Transportation
  1 - msc
  2 - hIoni
--------------------------------------------------------------
  0 - Transportation
  1 - msc
  2 - hIoni

msc:  for anti_proton  SubType= 10
      ===== EM models for the G4Region  DefaultRegionForTheWorld ======
            UrbanMsc : Emin=    0 eV  Emax=  100 TeV Nbins=84 100 eV  - 100 TeV
          StepLim=Minimal Rfact=0.2 Gfact=2.5 Sfact=0.6 DispFlag:0 Skin=1 Llim=1 mm

hIoni:  for anti_proton  XStype:3  SubType=2
      dE/dx and range tables from 100 eV  to 100 TeV in 84 bins
      Lambda tables from threshold to 100 TeV, 7 bins/decade, spline: 1
      StepFunction=(0.2, 0.1 mm), integ: 3, fluct: 1, linLossLim= 0.01
      ===== EM models for the G4Region  DefaultRegionForTheWorld ======
            ICRU73QO : Emin=    0 eV  Emax=    2 MeV
          BetheBloch : Emin=    2 MeV Emax=  100 TeV
G4VUserPhysicsList::BuildPhysicsTable  Calculate Physics Table for anti_sigma0
G4VUserPhysicsList::BuildPhysicsTable %%%%%% anti_sigma0
 ProcessManager : 0x2b1a2f0 ProcessManagerShadow : 0x2b1a2f0
  0 - Transportation
  1 - Decay
--------------------------------------------------------------
  0 - Transportation
  1 - Decay
G4VUserPhysicsList::BuildPhysicsTable  Calculate Physics Table for anti_triton
G4VUserPhysicsList::BuildPhysicsTable %%%%%% anti_triton
 ProcessManager : 0x2b1a540 ProcessManagerShadow : 0x2b1a540
  0 - Transportation
  1 - Decay
  2 - msc
  3 - hIoni
--------------------------------------------------------------
  0 - Transportation
  1 - Decay
  2 - msc
  3 - hIoni
G4VUserPhysicsList::BuildPhysicsTable  Calculate Physics Table for anti_xi-
G4VUserPhysicsList::BuildPhysicsTable %%%%%% anti_xi-
 ProcessManager : 0x2b1a790 ProcessManagerShadow : 0x2b1a790
  0 - Transportation
  1 - Decay
  2 - msc
  3 - hIoni
--------------------------------------------------------------
  0 - Transportation
  1 - Decay
  2 - msc
  3 - hIoni
G4VUserPhysicsList::BuildPhysicsTable  Calculate Physics Table for anti_xi0
G4VUserPhysicsList::BuildPhysicsTable %%%%%% anti_xi0
 ProcessManager : 0x2b1a9e0 ProcessManagerShadow : 0x2b1a9e0
  0 - Transportation
  1 - Decay
--------------------------------------------------------------
  0 - Transportation
  1 - Decay
G4VUserPhysicsList::BuildPhysicsTable  Calculate Physics Table for chargedgeantino
G4VUserPhysicsList::BuildPhysicsTable %%%%%% chargedgeantino
 ProcessManager : 0x2b1ac30 ProcessManagerShadow : 0x2b1ac30
  0 - Transportation
--------------------------------------------------------------
  0 - Transportation
G4VUserPhysicsList::BuildPhysicsTable  Calculate Physics Table for deuteron
G4VUserPhysicsList::BuildPhysicsTable %%%%%% deuteron
 ProcessManager : 0x2b1ae80 ProcessManagerShadow : 0x2b1ae80
  0 - Transportation
  1 - msc
  2 - hIoni
--------------------------------------------------------------
  0 - Transportation
  1 - msc
  2 - hIoni
G4VUserPhysicsList::BuildPhysicsTable  Calculate Physics Table for doublehyperH4
G4VUserPhysicsList::BuildPhysicsTable %%%%%% doublehyperH4
 ProcessManager : 0x2b1b0d0 ProcessManagerShadow : 0x2b1b0d0
  0 - Transportation
  1 - Decay
  2 - msc
  3 - hIoni
--------------------------------------------------------------
  0 - Transportation
  1 - Decay
  2 - msc
  3 - hIoni
G4VUserPhysicsList::BuildPhysicsTable  Calculate Physics Table for doublehyperdoubleneutron
G4VUserPhysicsList::BuildPhysicsTable %%%%%% doublehyperdoubleneutron
 ProcessManager : 0x2b1b320 ProcessManagerShadow : 0x2b1b320
  0 - Transportation
  1 - Decay
--------------------------------------------------------------
  0 - Transportation
  1 - Decay
G4VUserPhysicsList::BuildPhysicsTable  Calculate Physics Table for eta
G4VUserPhysicsList::BuildPhysicsTable %%%%%% eta
 ProcessManager : 0x2b1ba10 ProcessManagerShadow : 0x2b1ba10
  0 - Transportation
  1 - Decay
--------------------------------------------------------------
  0 - Transportation
  1 - Decay
G4VUserPhysicsList::BuildPhysicsTable  Calculate Physics Table for eta_prime
G4VUserPhysicsList::BuildPhysicsTable %%%%%% eta_prime
 ProcessManager : 0x2b1bc60 ProcessManagerShadow : 0x2b1bc60
  0 - Transportation
  1 - Decay
--------------------------------------------------------------
  0 - Transportation
  1 - Decay
G4VUserPhysicsList::BuildPhysicsTable  Calculate Physics Table for geantino
G4VUserPhysicsList::BuildPhysicsTable %%%%%% geantino
 ProcessManager : 0x2b1c100 ProcessManagerShadow : 0x2b1c100
  0 - Transportation
--------------------------------------------------------------
  0 - Transportation
G4VUserPhysicsList::BuildPhysicsTable  Calculate Physics Table for hyperH4
G4VUserPhysicsList::BuildPhysicsTable %%%%%% hyperH4
 ProcessManager : 0x2b1c350 ProcessManagerShadow : 0x2b1c350
  0 - Transportation
  1 - Decay
  2 - msc
  3 - hIoni
--------------------------------------------------------------
  0 - Transportation
  1 - Decay
  2 - msc
  3 - hIoni
G4VUserPhysicsList::BuildPhysicsTable  Calculate Physics Table for hyperHe5
G4VUserPhysicsList::BuildPhysicsTable %%%%%% hyperHe5
 ProcessManager : 0x2b1c5a0 ProcessManagerShadow : 0x2b1c5a0
  0 - Transportation
  1 - Decay
  2 - msc
  3 - hIoni
--------------------------------------------------------------
  0 - Transportation
  1 - Decay
  2 - msc
  3 - hIoni
G4VUserPhysicsList::BuildPhysicsTable  Calculate Physics Table for hyperalpha
G4VUserPhysicsList::BuildPhysicsTable %%%%%% hyperalpha
 ProcessManager : 0x2b1c7f0 ProcessManagerShadow : 0x2b1c7f0
  0 - Transportation
  1 - Decay
  2 - msc
  3 - hIoni
--------------------------------------------------------------
  0 - Transportation
  1 - Decay
  2 - msc
  3 - hIoni
G4VUserPhysicsList::BuildPhysicsTable  Calculate Physics Table for hypertriton
G4VUserPhysicsList::BuildPhysicsTable %%%%%% hypertriton
 ProcessManager : 0x2b1ca40 ProcessManagerShadow : 0x2b1ca40
  0 - Transportation
  1 - Decay
  2 - msc
  3 - hIoni
--------------------------------------------------------------
  0 - Transportation
  1 - Decay
  2 - msc
  3 - hIoni
G4VUserPhysicsList::BuildPhysicsTable  Calculate Physics Table for kaon+
G4VUserPhysicsList::BuildPhysicsTable %%%%%% kaon+
 ProcessManager : 0x2b1cc90 ProcessManagerShadow : 0x2b1cc90
  0 - Transportation
  1 - Decay
  2 - msc
  3 - hIoni
--------------------------------------------------------------
  0 - Transportation
  1 - Decay
  2 - msc
  3 - hIoni

msc:  for kaon+  SubType= 10
      ===== EM models for the G4Region  DefaultRegionForTheWorld ======
            UrbanMsc : Emin=    0 eV  Emax=  100 TeV Nbins=84 100 eV  - 100 TeV
          StepLim=Minimal Rfact=0.2 Gfact=2.5 Sfact=0.6 DispFlag:0 Skin=1 Llim=1 mm

hIoni:  for kaon+  XStype:3  SubType=2
      dE/dx and range tables from 100 eV  to 100 TeV in 84 bins
      Lambda tables from threshold to 100 TeV, 7 bins/decade, spline: 1
      StepFunction=(0.2, 0.1 mm), integ: 3, fluct: 1, linLossLim= 0.01
      ===== EM models for the G4Region  DefaultRegionForTheWorld ======
               Bragg : Emin=    0 eV  Emax=1.05231 MeV
          BetheBloch : Emin=1.05231 MeV Emax=  100 TeV
G4VUserPhysicsList::BuildPhysicsTable  Calculate Physics Table for kaon-
G4VUserPhysicsList::BuildPhysicsTable %%%%%% kaon-
 ProcessManager : 0x2b1cee0 ProcessManagerShadow : 0x2b1cee0
  0 - Transportation
  1 - Decay
  2 - msc
  3 - hIoni
--------------------------------------------------------------
  0 - Transportation
  1 - Decay
  2 - msc
  3 - hIoni

msc:  for kaon-  SubType= 10
      ===== EM models for the G4Region  DefaultRegionForTheWorld ======
            UrbanMsc : Emin=    0 eV  Emax=  100 TeV Nbins=84 100 eV  - 100 TeV
          StepLim=Minimal Rfact=0.2 Gfact=2.5 Sfact=0.6 DispFlag:0 Skin=1 Llim=1 mm

hIoni:  for kaon-  XStype:3  SubType=2
      dE/dx and range tables from 100 eV  to 100 TeV in 84 bins
      Lambda tables from threshold to 100 TeV, 7 bins/decade, spline: 1
      StepFunction=(0.2, 0.1 mm), integ: 3, fluct: 1, linLossLim= 0.01
      ===== EM models for the G4Region  DefaultRegionForTheWorld ======
            ICRU73QO : Emin=    0 eV  Emax=1.05231 MeV
          BetheBloch : Emin=1.05231 MeV Emax=  100 TeV
G4VUserPhysicsList::BuildPhysicsTable  Calculate Physics Table for kaon0
G4VUserPhysicsList::BuildPhysicsTable %%%%%% kaon0
 ProcessManager : 0x2b1d130 ProcessManagerShadow : 0x2b1d130
  0 - Transportation
  1 - Decay
--------------------------------------------------------------
  0 - Transportation
  1 - Decay
G4VUserPhysicsList::BuildPhysicsTable  Calculate Physics Table for kaon0L
G4VUserPhysicsList::BuildPhysicsTable %%%%%% kaon0L
 ProcessManager : 0x2b1d380 ProcessManagerShadow : 0x2b1d380
  0 - Transportation
  1 - Decay
--------------------------------------------------------------
  0 - Transportation
  1 - Decay
G4VUserPhysicsList::BuildPhysicsTable  Calculate Physics Table for kaon0S
G4VUserPhysicsList::BuildPhysicsTable %%%%%% kaon0S
 ProcessManager : 0x2b1d5d0 ProcessManagerShadow : 0x2b1d5d0
  0 - Transportation
  1 - Decay
--------------------------------------------------------------
  0 - Transportation
  1 - Decay
G4VUserPhysicsList::BuildPhysicsTable  Calculate Physics Table for lambda
G4VUserPhysicsList::BuildPhysicsTable %%%%%% lambda
 ProcessManager : 0x2b1d820 ProcessManagerShadow : 0x2b1d820
  0 - Transportation
  1 - Decay
--------------------------------------------------------------
  0 - Transportation
  1 - Decay
G4VUserPhysicsList::BuildPhysicsTable  Calculate Physics Table for mu+
G4VUserPhysicsList::BuildPhysicsTable %%%%%% mu+
 ProcessManager : 0x2b1da70 ProcessManagerShadow : 0x2b1da70
  0 - Transportation
  1 - Decay
  2 - msc
  3 - muIoni
  4 - muBrems
  5 - muPairProd
--------------------------------------------------------------
  0 - Transportation
  1 - Decay
  2 - msc
  3 - muIoni
  4 - muBrems
  5 - muPairProd

msc:  for mu+  SubType= 10
      ===== EM models for the G4Region  DefaultRegionForTheWorld ======
            UrbanMsc : Emin=    0 eV  Emax=  100 TeV Nbins=84 100 eV  - 100 TeV
          StepLim=Minimal Rfact=0.2 Gfact=2.5 Sfact=0.6 DispFlag:0 Skin=1 Llim=1 mm

muIoni:  for mu+  XStype:3  SubType=2
      dE/dx and range tables from 100 eV  to 100 TeV in 84 bins
      Lambda tables from threshold to 100 TeV, 7 bins/decade, spline: 1
      StepFunction=(0.2, 0.1 mm), integ: 3, fluct: 1, linLossLim= 0.01
      ===== EM models for the G4Region  DefaultRegionForTheWorld ======
               Bragg : Emin=    0 eV  Emax=  200 keV
        MuBetheBloch : Emin=  200 keV Emax=  100 TeV

muBrems:  for mu+  XStype:1  SubType=3
      dE/dx and range tables from 100 eV  to 100 TeV in 84 bins
      Lambda tables from threshold to 100 TeV, 7 bins/decade, spline: 1
      ===== EM models for the G4Region  DefaultRegionForTheWorld ======
              MuBrem : Emin=    0 eV  Emax=  100 TeV  ModifiedMephi

muPairProd:  for mu+  XStype:1  SubType=4
      dE/dx and range tables from 100 eV  to 100 TeV in 84 bins
      Lambda tables from threshold to 100 TeV, 7 bins/decade, spline: 1
      Sampling table 21x1001; from 0.85 GeV to 100 TeV 
      ===== EM models for the G4Region  DefaultRegionForTheWorld ======
          muPairProd : Emin=    0 eV  Emax=  100 TeV  ModifiedMephi
G4VUserPhysicsList::BuildPhysicsTable  Calculate Physics Table for mu-
G4VUserPhysicsList::BuildPhysicsTable %%%%%% mu-
 ProcessManager : 0x2b1dcc0 ProcessManagerShadow : 0x2b1dcc0
  0 - Transportation
  1 - Decay
  2 - msc
  3 - muIoni
  4 - muBrems
  5 - muPairProd
--------------------------------------------------------------
  0 - Transportation
  1 - Decay
  2 - msc
  3 - muIoni
  4 - muBrems
  5 - muPairProd

msc:  for mu-  SubType= 10
      ===== EM models for the G4Region  DefaultRegionForTheWorld ======
            UrbanMsc : Emin=    0 eV  Emax=  100 TeV Nbins=84 100 eV  - 100 TeV
          StepLim=Minimal Rfact=0.2 Gfact=2.5 Sfact=0.6 DispFlag:0 Skin=1 Llim=1 mm

muIoni:  for mu-  XStype:3  SubType=2
      dE/dx and range tables from 100 eV  to 100 TeV in 84 bins
      Lambda tables from threshold to 100 TeV, 7 bins/decade, spline: 1
      StepFunction=(0.2, 0.1 mm), integ: 3, fluct: 1, linLossLim= 0.01
      ===== EM models for the G4Region  DefaultRegionForTheWorld ======
            ICRU73QO : Emin=    0 eV  Emax=  200 keV
        MuBetheBloch : Emin=  200 keV Emax=  100 TeV

muBrems:  for mu-  XStype:1  SubType=3
      dE/dx and range tables from 100 eV  to 100 TeV in 84 bins
      Lambda tables from threshold to 100 TeV, 7 bins/decade, spline: 1
      ===== EM models for the G4Region  DefaultRegionForTheWorld ======
              MuBrem : Emin=    0 eV  Emax=  100 TeV  ModifiedMephi

muPairProd:  for mu-  XStype:1  SubType=4
      dE/dx and range tables from 100 eV  to 100 TeV in 84 bins
      Lambda tables from threshold to 100 TeV, 7 bins/decade, spline: 1
      Sampling table 21x1001; from 0.85 GeV to 100 TeV 
      ===== EM models for the G4Region  DefaultRegionForTheWorld ======
          muPairProd : Emin=    0 eV  Emax=  100 TeV  ModifiedMephi
G4VUserPhysicsList::BuildPhysicsTable  Calculate Physics Table for neutron
G4VUserPhysicsList::BuildPhysicsTable %%%%%% neutron
 ProcessManager : 0x2b1df10 ProcessManagerShadow : 0x2b1df10
  0 - Transportation
  1 - Decay
--------------------------------------------------------------
  0 - Transportation
  1 - Decay
G4VUserPhysicsList::BuildPhysicsTable  Calculate Physics Table for nu_e
G4VUserPhysicsList::BuildPhysicsTable %%%%%% nu_e
 ProcessManager : 0x2b1e160 ProcessManagerShadow : 0x2b1e160
  0 - Transportation
--------------------------------------------------------------
  0 - Transportation
G4VUserPhysicsList::BuildPhysicsTable  Calculate Physics Table for nu_mu
G4VUserPhysicsList::BuildPhysicsTable %%%%%% nu_mu
 ProcessManager : 0x2b1e3b0 ProcessManagerShadow : 0x2b1e3b0
  0 - Transportation
--------------------------------------------------------------
  0 - Transportation
G4VUserPhysicsList::BuildPhysicsTable  Calculate Physics Table for omega-
G4VUserPhysicsList::BuildPhysicsTable %%%%%% omega-
 ProcessManager : 0x2b1e600 ProcessManagerShadow : 0x2b1e600
  0 - Transportation
  1 - Decay
  2 - msc
  3 - hIoni
--------------------------------------------------------------
  0 - Transportation
  1 - Decay
  2 - msc
  3 - hIoni
G4VUserPhysicsList::BuildPhysicsTable  Calculate Physics Table for pi+
G4VUserPhysicsList::BuildPhysicsTable %%%%%% pi+
 ProcessManager : 0x2b1e850 ProcessManagerShadow : 0x2b1e850
  0 - Transportation
  1 - Decay
  2 - msc
  3 - hIoni
--------------------------------------------------------------
  0 - Transportation
  1 - Decay
  2 - msc
  3 - hIoni

msc:  for pi+  SubType= 10
      ===== EM models for the G4Region  DefaultRegionForTheWorld ======
            UrbanMsc : Emin=    0 eV  Emax=  100 TeV Nbins=84 100 eV  - 100 TeV
          StepLim=Minimal Rfact=0.2 Gfact=2.5 Sfact=0.6 DispFlag:0 Skin=1 Llim=1 mm

hIoni:  for pi+  XStype:3  SubType=2
      dE/dx and range tables from 100 eV  to 100 TeV in 84 bins
      Lambda tables from threshold to 100 TeV, 7 bins/decade, spline: 1
      StepFunction=(0.2, 0.1 mm), integ: 3, fluct: 1, linLossLim= 0.01
      ===== EM models for the G4Region  DefaultRegionForTheWorld ======
               Bragg : Emin=    0 eV  Emax=297.505 keV
          BetheBloch : Emin=297.505 keV Emax=  100 TeV
G4VUserPhysicsList::BuildPhysicsTable  Calculate Physics Table for pi-
G4VUserPhysicsList::BuildPhysicsTable %%%%%% pi-
 ProcessManager : 0x2b1eaa0 ProcessManagerShadow : 0x2b1eaa0
  0 - Transportation
  1 - Decay
  2 - msc
  3 - hIoni
--------------------------------------------------------------
  0 - Transportation
  1 - Decay
  2 - msc
  3 - hIoni

msc:  for pi-  SubType= 10
      ===== EM models for the G4Region  DefaultRegionForTheWorld ======
            UrbanMsc : Emin=    0 eV  Emax=  100 TeV Nbins=84 100 eV  - 100 TeV
          StepLim=Minimal Rfact=0.2 Gfact=2.5 Sfact=0.6 DispFlag:0 Skin=1 Llim=1 mm

hIoni:  for pi-  XStype:3  SubType=2
      dE/dx and range tables from 100 eV  to 100 TeV in 84 bins
      Lambda tables from threshold to 100 TeV, 7 bins/decade, spline: 1
      StepFunction=(0.2, 0.1 mm), integ: 3, fluct: 1, linLossLim= 0.01
      ===== EM models for the G4Region  DefaultRegionForTheWorld ======
            ICRU73QO : Emin=    0 eV  Emax=297.505 keV
          BetheBloch : Emin=297.505 keV Emax=  100 TeV
G4VUserPhysicsList::BuildPhysicsTable  Calculate Physics Table for pi0
G4VUserPhysicsList::BuildPhysicsTable %%%%%% pi0
 ProcessManager : 0x2b1ecf0 ProcessManagerShadow : 0x2b1ecf0
  0 - Transportation
  1 - Decay
--------------------------------------------------------------
  0 - Transportation
  1 - Decay
G4VUserPhysicsList::BuildPhysicsTable  Calculate Physics Table for sigma+
G4VUserPhysicsList::BuildPhysicsTable %%%%%% sigma+
 ProcessManager : 0x2b1f190 ProcessManagerShadow : 0x2b1f190
  0 - Transportation
  1 - Decay
  2 - msc
  3 - hIoni
--------------------------------------------------------------
  0 - Transportation
  1 - Decay
  2 - msc
  3 - hIoni
G4VUserPhysicsList::BuildPhysicsTable  Calculate Physics Table for sigma-
G4VUserPhysicsList::BuildPhysicsTable %%%%%% sigma-
 ProcessManager : 0x2b1f3e0 ProcessManagerShadow : 0x2b1f3e0
  0 - Transportation
  1 - Decay
  2 - msc
  3 - hIoni
--------------------------------------------------------------
  0 - Transportation
  1 - Decay
  2 - msc
  3 - hIoni
G4VUserPhysicsList::BuildPhysicsTable  Calculate Physics Table for sigma0
G4VUserPhysicsList::BuildPhysicsTable %%%%%% sigma0
 ProcessManager : 0x2b1f630 ProcessManagerShadow : 0x2b1f630
  0 - Transportation
  1 - Decay
--------------------------------------------------------------
  0 - Transportation
  1 - Decay
G4VUserPhysicsList::BuildPhysicsTable  Calculate Physics Table for triton
G4VUserPhysicsList::BuildPhysicsTable %%%%%% triton
 ProcessManager : 0x2b1f880 ProcessManagerShadow : 0x2b1f880
  0 - Transportation
  1 - Decay
  2 - msc
  3 - hIoni
--------------------------------------------------------------
  0 - Transportation
  1 - Decay
  2 - msc
  3 - hIoni
G4VUserPhysicsList::BuildPhysicsTable  Calculate Physics Table for xi-
G4VUserPhysicsList::BuildPhysicsTable %%%%%% xi-
 ProcessManager : 0x2b1fad0 ProcessManagerShadow : 0x2b1fad0
  0 - Transportation
  1 - Decay
  2 - msc
  3 - hIoni
--------------------------------------------------------------
  0 - Transportation
  1 - Decay
  2 - msc
  3 - hIoni
G4VUserPhysicsList::BuildPhysicsTable  Calculate Physics Table for xi0
G4VUserPhysicsList::BuildPhysicsTable %%%%%% xi0
 ProcessManager : 0x2b1fd20 ProcessManagerShadow : 0x2b1fd20
  0 - Transportation
  1 - Decay
--------------------------------------------------------------
  0 - Transportation
  1 - Decay

Region <DefaultRegionForTheWorld> --  -- appears in <worldPhysical> world volume
 This region is in the mass world.
 Root logical volume(s) : worldLogical 
 Pointers : G4VUserRegionInformation[0], G4UserLimits[0], G4FastSimulationManager[0], G4UserSteppingAction[0]
 Materials : G4_AIR G4_Pb 
 Production cuts :   gamma 1 mm      e- 1 mm      e+ 1 mm  proton 1 mm 

Region <DefaultRegionForParallelWorld> --  -- is not associated to any world.
 Root logical volume(s) : 
 Pointers : G4VUserRegionInformation[0], G4UserLimits[0], G4FastSimulationManager[0], G4UserSteppingAction[0]
 Materials : 
 Production cuts :   gamma 1 mm      e- 1 mm      e+ 1 mm  proton 1 mm 

========= Table of registered couples ============================

Index : 0     used in the geometry : Yes
 Material : G4_AIR
 Range cuts        :  gamma  1 mm     e-  1 mm     e+  1 mm  proton 1 mm 
 Energy thresholds :  gamma  990 eV     e-  990 eV     e+  990 eV  proton 100 keV
 Region(s) which use this couple : 
    DefaultRegionForTheWorld

Index : 1     used in the geometry : Yes
 Material : G4_Pb
 Range cuts        :  gamma  1 mm     e-  1 mm     e+  1 mm  proton 1 mm 
 Energy thresholds :  gamma  101.797 keV    e-  1.37158 MeV    e+  1.2826 MeV proton 100 keV
 Region(s) which use this couple : 
    DefaultRegionForTheWorld

==================================================================

Start closing geometry.
G4GeometryManager::ReportVoxelStats -- Voxel Statistics

    Total memory consumed for geometry optimisation:   37 kByte
    Total CPU time elapsed for geometry optimisation: 0 seconds

    Voxelisation: top CPU users:
    Percent   Total CPU    System CPU       Memory  Volume
    -------   ----------   ----------     --------  ----------
       0.00         0.00         0.00           37k worldLogical
       0.00         0.00         0.00            0k detector_0
       0.00         0.00         0.00            0k detector_1

    Voxelisation: top memory users:
    Percent     Memory      Heads    Nodes   Pointers    Total CPU    Volume
    -------   --------     ------   ------   --------   ----------    ----------
      98.69         36k        83      453       1220         0.00    worldLogical
       0.65          0k         1        3          4         0.00    detector_0
       0.65          0k         1        3          4         0.00    detector_1
G4VisManager: Using G4TrajectoryDrawByCharge as fallback trajectory model.
See commands in /vis/modeling/trajectories/ for other options.
### Run 0 starts.
 Run terminated.
Run Summary
  Number of events processed : 10000
  User=1.880000s Real=1.894498s Sys=0.000000s [Cpu=99.2%]
Graphics systems deleted.
Visualization Manager deleting...
G4 kernel has come to Quit state.
UserDetectorConstruction deleted.
G4VUserPhysicsList::RemoveProcessManager: remove ProcessManager from GenericIon
G4VUserPhysicsList::RemoveProcessManager: remove ProcessManager from He3
G4VUserPhysicsList::RemoveProcessManager: remove ProcessManager from alpha
G4VUserPhysicsList::RemoveProcessManager: remove ProcessManager from anti_He3
G4VUserPhysicsList::RemoveProcessManager: remove ProcessManager from anti_alpha
G4VUserPhysicsList::RemoveProcessManager: remove ProcessManager from anti_deuteron
G4VUserPhysicsList::RemoveProcessManager: remove ProcessManager from anti_doublehyperH4
G4VUserPhysicsList::RemoveProcessManager: remove ProcessManager from anti_doublehyperdoubleneutron
G4VUserPhysicsList::RemoveProcessManager: remove ProcessManager from anti_hyperH4
G4VUserPhysicsList::RemoveProcessManager: remove ProcessManager from anti_hyperHe5
G4VUserPhysicsList::RemoveProcessManager: remove ProcessManager from anti_hyperalpha
G4VUserPhysicsList::RemoveProcessManager: remove ProcessManager from anti_hypertriton
G4VUserPhysicsList::RemoveProcessManager: remove ProcessManager from anti_kaon0
G4VUserPhysicsList::RemoveProcessManager: remove ProcessManager from anti_lambda
G4VUserPhysicsList::RemoveProcessManager: remove ProcessManager from anti_neutron
G4VUserPhysicsList::RemoveProcessManager: remove ProcessManager from anti_nu_e
G4VUserPhysicsList::RemoveProcessManager: remove ProcessManager from anti_nu_mu
G4VUserPhysicsList::RemoveProcessManager: remove ProcessManager from anti_omega-
G4VUserPhysicsList::RemoveProcessManager: remove ProcessManager from anti_proton
G4VUserPhysicsList::RemoveProcessManager: remove ProcessManager from anti_sigma0
G4VUserPhysicsList::RemoveProcessManager: remove ProcessManager from anti_triton
G4VUserPhysicsList::RemoveProcessManager: remove ProcessManager from anti_xi-
G4VUserPhysicsList::RemoveProcessManager: remove ProcessManager from anti_xi0
G4VUserPhysicsList::RemoveProcessManager: remove ProcessManager from chargedgeantino
G4VUserPhysicsList::RemoveProcessManager: remove ProcessManager from deuteron
G4VUserPhysicsList::RemoveProcessManager: remove ProcessManager from doublehyperH4
G4VUserPhysicsList::RemoveProcessManager: remove ProcessManager from doublehyperdoubleneutron
G4VUserPhysicsList::RemoveProcessManager: remove ProcessManager from e+
G4VUserPhysicsList::RemoveProcessManager: remove ProcessManager from e-
G4VUserPhysicsList::RemoveProcessManager: remove ProcessManager from eta
G4VUserPhysicsList::RemoveProcessManager: remove ProcessManager from eta_prime
G4VUserPhysicsList::RemoveProcessManager: remove ProcessManager from gamma
G4VUserPhysicsList::RemoveProcessManager: remove ProcessManager from geantino
G4VUserPhysicsList::RemoveProcessManager: remove ProcessManager from hyperH4
G4VUserPhysicsList::RemoveProcessManager: remove ProcessManager from hyperHe5
G4VUserPhysicsList::RemoveProcessManager: remove ProcessManager from hyperalpha
G4VUserPhysicsList::RemoveProcessManager: remove ProcessManager from hypertriton
G4VUserPhysicsList::RemoveProcessManager: remove ProcessManager from kaon+
G4VUserPhysicsList::RemoveProcessManager: remove ProcessManager from kaon-
G4VUserPhysicsList::RemoveProcessManager: remove ProcessManager from kaon0
G4VUserPhysicsList::RemoveProcessManager: remove ProcessManager from kaon0L
G4VUserPhysicsList::RemoveProcessManager: remove ProcessManager from kaon0S
G4VUserPhysicsList::RemoveProcessManager: remove ProcessManager from lambda
G4VUserPhysicsList::RemoveProcessManager: remove ProcessManager from mu+
G4VUserPhysicsList::RemoveProcessManager: remove ProcessManager from mu-
G4VUserPhysicsList::RemoveProcessManager: remove ProcessManager from neutron
G4VUserPhysicsList::RemoveProcessManager: remove ProcessManager from nu_e
G4VUserPhysicsList::RemoveProcessManager: remove ProcessManager from nu_mu
G4VUserPhysicsList::RemoveProcessManager: remove ProcessManager from omega-
G4VUserPhysicsList::RemoveProcessManager: remove ProcessManager from pi+
G4VUserPhysicsList::RemoveProcessManager: remove ProcessManager from pi-
G4VUserPhysicsList::RemoveProcessManager: remove ProcessManager from pi0
G4VUserPhysicsList::RemoveProcessManager: remove ProcessManager from proton
G4VUserPhysicsList::RemoveProcessManager: remove ProcessManager from sigma+
G4VUserPhysicsList::RemoveProcessManager: remove ProcessManager from sigma-
G4VUserPhysicsList::RemoveProcessManager: remove ProcessManager from sigma0
G4VUserPhysicsList::RemoveProcessManager: remove ProcessManager from triton
G4VUserPhysicsList::RemoveProcessManager: remove ProcessManager from xi-
G4VUserPhysicsList::RemoveProcessManager: remove ProcessManager from xi0
UserPhysicsList deleted.
UserActionInitialization deleted.
UserWorkerInitialization deleted.
UserWorkerThreadInitialization deleted.
UserRunAction deleted.
Time simulated: 10.9196
UserPrimaryGenerator deleted.
RunManager is deleting RunManagerKernel.
G4SDManager deleted.
EventManager deleted.
Units table cleared.
TransportationManager deleted.
Total navigation history collections cleaned: 20
G4RNGHelper object is deleted.
================== Deleting memory pools ===================
Pool ID '20G4NavigationLevelRep', size : 0.0308 MB
Pool ID '24G4ReferenceCountedHandleIvE', size : 0.000961 MB
Pool ID '16G4SmartVoxelNode', size : 0.0154 MB
Pool ID '17G4SmartVoxelProxy', size : 0.00865 MB
Pool ID '7G4Event', size : 0.000961 MB
Pool ID '15G4PrimaryVertex', size : 0.00192 MB
Pool ID '17G4PrimaryParticle', size : 0.00192 MB
Pool ID '15G4HCofThisEvent', size : 0.000961 MB
Pool ID '16G4HitsCollection', size : 0.000961 MB
Pool ID '17G4DynamicParticle', size : 0.0423 MB
Pool ID '7G4Track', size : 0.0846 MB
Pool ID '18G4TouchableHistory', size : 0.00288 MB
Pool ID '15G4CountedObjectIvE', size : 0.000961 MB
Number of memory pools allocated: 14; of which, static: 1
Dynamic pools deleted: 13 / Total memory freed: 0.22 MB
============================================================
G4Allocator objects are deleted.
UImanager deleted.
StateManager deleted.
RunManagerKernel is deleted. Good bye :)
RunManager is deleted.
The program finished successfully
[CORRECT] Geant4 done.
[INFO] Running makeHLTuple...
Number of events 5645
0
-------------------New----------------
0 0 -50.86482697915257 34.816200356381174 118.5
0 1 -51.38459038195293 30.697173942562852 108.5
1 0 -63.20828018515291 -62.41570323714328 -117.5
1 1 -62.705154226491665 -58.49822566979388 -108.0
9
-------------------New----------------
0 0 -77.18627528500272 26.47201304417415 118.5
0 1 -73.90210447591818 29.17221286390506 108.5
1 0 0.3261267974267188 90.21856438064796 -117.5
1 1 -2.7949313873204145 87.6514548312322 -108.0
24
-------------------New----------------
0 0 54.69139157667735 11.081733380975212 118.5
0 1 49.56002197521131 12.829241234139593 108.5
1 0 -66.39392742227696 52.254464582176254 -117.5
1 1 -61.51884457684505 50.599520812049846 -108.0
33
-------------------New----------------
0 0 19.860840629540995 41.87034811400202 118.5
0 1 21.13940625643906 44.93436738543876 108.5
1 0 50.02357289019524 114.19540846634766 -117.5
1 1 48.810290026230334 111.28338667413247 -108.0
47
-------------------New----------------
0 0 -35.70777213811036 -9.699584154964242 118.5
0 1 -38.259433067453344 -7.598032871488196 108.5
1 0 -95.90790413632786 39.86993502013361 -117.5
1 1 -93.4853174299989 37.87484119119258 -108.0
51
-------------------New----------------
0 0 1.2783460089226621 -2.837437771909493 118.5
0 1 0.6301016970487121 1.6209402672974775 108.5
1 0 -14.02632236649686 102.38191985757996 -117.5
1 1 -13.41024587197738 98.14637599290505 -108.0
65
-------------------New----------------
0 0 86.779537962617 -22.33179998813773 118.5
0 1 84.4599448287317 -17.10895948836362 108.5
1 0 31.94354337124592 100.75983733291264 -117.5
1 1 34.14421572741115 95.81853410360944 -108.0
74
-------------------New----------------
0 0 -97.0557829172032 -83.08281611916122 118.5
0 1 -97.45674720268104 -81.92358979658054 108.5
1 0 -106.47852926179694 -55.76519405295587 -117.5
1 1 -106.09857030657926 -56.86744776585946 -108.0
80
-------------------New----------------
0 0 -47.937516968671254 -61.77139204138079 118.5
0 1 -43.55423639207769 -59.258609088311474 108.5
1 0 55.62920791559918 -2.62343568742877 -117.5
1 1 51.45288503058233 -5.00920784657321 -108.0
83
-------------------New----------------
0 0 -32.63565479878673 -5.867172999161818 118.5
0 1 -29.737651786082857 -3.0281096282700046 108.5
1 0 35.808571565984465 61.105971684377515 -117.5
1 1 33.05286868792121 58.4069156766127 -108.0
91
-------------------New----------------
0 0 27.104960588444538 -81.60212432014191 118.5
0 1 27.233598057991806 -80.35436736339827 108.5
1 0 30.150968858360915 -52.16754392557753 -117.5
1 1 30.027993000847307 -53.35213232263476 -108.0
102
-------------------New----------------
0 0 31.78233333566996 51.663069893824364 118.5
0 1 28.389036927190112 49.38046025583328 108.5
1 0 -48.38649213742511 -2.3836084382920895 -117.5
1 1 -45.16176264951488 -0.20087241518395196 -108.0
111
-------------------New----------------
0 0 83.69810696063031 -100.76145867896908 118.5
0 1 82.65394632488996 -101.27682376009153 108.5
1 0 59.11969693027082 -113.04564444110251 -117.5
1 1 60.1068947389821 -112.54517266740712 -108.0
115
-------------------New----------------
0 0 -27.236121123488367 22.01384568102511 118.5
0 1 -29.78662407544882 21.396201230859454 108.5
1 0 -87.40426180838924 7.397212187715182 -117.5
1 1 -84.98188525203142 7.9856214794760145 -108.0
116
-------------------New----------------
0 0 -0.11861704127240102 -50.30992251455695 118.5
0 1 -4.956684572360708 -49.035274646129984 108.5
1 0 -114.26446643920774 -19.93797206103454 -117.5
1 1 -109.67508608873604 -21.18859165145765 -108.0
126
-------------------New----------------
0 0 36.569477267624926 -95.10121621454155 118.5
0 1 33.911765226189516 -94.46052236533143 108.5
1 0 -25.905307724963528 -79.89954592605059 -117.5
1 1 -23.396983970509048 -80.52844669102663 -108.0
139
-------------------New----------------
0 0 23.04011370210199 34.1307240540484 118.5
0 1 23.521161016827854 33.99092365487322 108.5
1 0 34.390098278380904 30.814520852021623 -117.5
1 1 33.93371738778659 30.948044209678965 -108.0
147
-------------------New----------------
0 0 -74.4827353757006 -18.21133839274083 118.5
0 1 -72.53605471163567 -16.67472228061865 108.5
1 0 -28.5140141151237 18.03801120985268 -117.5
1 1 -30.3654857624005 16.580754494595983 -108.0
149
-------------------New----------------
0 0 -26.01151861960485 85.26781772445915 118.5
0 1 -22.95018712107501 85.01257749445026 108.5
1 0 46.2350971964148 79.24330247804366 -117.5
1 1 43.326773684824424 79.48591408384488 -108.0
166
-------------------New----------------
0 0 -67.50037139686206 -32.025174792558786 118.5
0 1 -67.59314652268463 -26.964939048873 108.5
1 0 -69.68937820391749 87.39920307635502 -117.5
1 1 -69.60128870135983 82.59179942445294 -108.0
184
-------------------New----------------
0 0 -57.45053774627452 57.50033028231754 118.5
0 1 -56.5491315231168 56.06260086430647 108.5
1 0 -36.26024234276463 23.40967803771382 -117.5
1 1 -37.11164791636337 24.79259043446037 -108.0
188
-------------------New----------------
0 0 -82.15271505536441 79.21606954822904 118.5
0 1 -81.93619563843728 80.24092994326958 108.5
1 0 -77.10620967680096 103.40256700159236 -117.5
1 1 -77.30870160816498 102.42647430500843 -108.0
210
-------------------New----------------
0 0 33.94890557546218 71.77218489556358 118.5
0 1 33.57948934824583 72.34092029776923 108.5
1 0 25.23211199434885 85.20753126300042 -117.5
1 1 25.58191373462084 84.66663067429245 -108.0
214
-------------------New----------------
0 0 41.26978574852471 -76.24065683463655 118.5
0 1 37.56275360665687 -72.95296955382162 108.5
1 0 -46.2351245817418 1.3844433628771067 -117.5
1 1 -42.71313805777611 -1.7425843570302484 -108.0
220
-------------------New----------------
0 0 32.212170333020836 -46.801641084242284 118.5
0 1 33.65904564366502 -49.857760601537684 108.5
1 0 66.27599121738595 -118.77363280379336 -117.5
1 1 64.90469386488368 -115.88392521768249 -108.0
223
-------------------New----------------
0 0 74.8567164049711 16.960874937915086 118.5
0 1 76.64024184462866 13.724736318803505 108.5
1 0 116.88694431468582 -59.42798592268203 -117.5
1 1 115.19729066004257 -56.3516246359495 -108.0
228
-------------------New----------------
0 0 -15.355657297825141 -58.853003739829774 118.5
0 1 -12.135480590017565 -57.03219785195023 108.5
1 0 60.642705159049136 -15.879909548832112 -117.5
1 1 57.58349429447094 -17.609668269885272 -108.0
236
-------------------New----------------
0 0 5.1603655079120125 -36.31036849868988 118.5
0 1 4.718412286253198 -35.25536629587273 108.5
1 0 -5.339163496197285 -11.424837180427483 -117.5
1 1 -4.917350396440002 -12.425433122265497 -108.0
238
-------------------New----------------
0 0 24.70348178896193 -109.13826067936944 118.5
0 1 25.14834984378247 -108.54346129622263 108.5
1 0 35.20603388648608 -95.08320394635435 -117.5
1 1 34.78250344315044 -95.6461808792245 -108.0
253
-------------------New----------------
0 0 22.680101268882595 11.068999430415943 118.5
0 1 26.62270797621889 11.950074362557823 108.5
1 0 115.69738777485009 31.867254977718837 -117.5
1 1 111.95303564889828 31.030736989796548 -108.0
255
-------------------New----------------
0 0 -39.181937366980804 -34.02653610881417 118.5
0 1 -41.14398743671589 -30.43369705088255 108.5
1 0 -85.46336900107262 50.75952900920932 -117.5
1 1 -83.6021002611834 47.347353940950484 -108.0
256
-------------------New----------------
0 0 56.553268218492995 -17.68075364053168 118.5
0 1 52.3191674229076 -11.603190929952767 108.5
1 0 -43.526808581808616 125.8907928856353 -117.5
1 1 -39.49033685494623 120.11870374976316 -108.0
257
-------------------New----------------
0 0 85.92816407186373 -12.544286900969718 118.5
0 1 86.18281486874722 -14.66298841493077 108.5
1 0 92.28781761816458 -62.643421453541734 -117.5
1 1 92.00881901260144 -60.63775243597113 -108.0
258
-------------------New----------------
0 0 25.334335038114244 70.93495985962468 118.5
0 1 29.33681278634851 69.8838036685002 108.5
1 0 119.92844457000471 46.16261772790203 -117.5
1 1 116.11224773456834 47.15788557388089 -108.0
277
-------------------New----------------
0 0 44.089305187847984 -18.91022992717697 118.5
0 1 44.98165896948927 -12.737852069813618 108.5
1 0 65.13533151342462 126.77159043479378 -117.5
1 1 64.29278098384171 120.90339245185712 -108.0
294
-------------------New----------------
0 0 -11.026257549088324 30.013567018216378 118.5
0 1 -10.10342212485302 27.716572906528484 108.5
1 0 10.765033014282766 -24.163641630972528 -117.5
1 1 9.88785985260849 -21.983876998191068 -108.0
298
-------------------New----------------
0 0 13.380158605715621 -52.25790612389651 118.5
0 1 15.997010630382125 -50.47275975771284 108.5
1 0 75.15966564586066 -10.157144270234046 -117.5
1 1 72.67108063621075 -11.84902887344047 -108.0
311
-------------------New----------------
0 0 54.67898321485559 78.22277751685277 118.5
0 1 55.28618723652012 77.05385703759056 108.5
1 0 69.20249808050828 50.35031654055904 -117.5
1 1 68.62790837018434 51.51920254159535 -108.0
319
-------------------New----------------
0 0 60.63090785409777 15.442924408722021 118.5
0 1 59.63148635114389 18.733633661696928 108.5
1 0 37.06046569880677 93.09293700479095 -117.5
1 1 38.00831836122864 89.96755568131348 -108.0
323
-------------------New----------------
0 0 121.79189421100884 11.030793489351154 118.5
0 1 122.04746746436805 10.147870121809563 108.5
1 0 127.82059876588289 -9.812397791256883 -117.5
1 1 127.57861010401265 -8.973564925381734 -108.0
324
-------------------New----------------
0 0 36.30469071709661 22.708120857065214 118.5
0 1 32.54710954972507 26.40605550600452 108.5
1 0 -52.44526950798944 109.93091786307814 -117.5
1 1 -48.87238770212037 106.42003190470184 -108.0
325
-------------------New----------------
0 0 -118.32628415858373 95.51455335305289 118.5
0 1 -117.66580229453714 94.47299280765654 108.5
1 0 -102.73755972645104 70.91399795880523 -117.5
1 1 -103.3657925185723 71.904676056671 -108.0
331
-------------------New----------------
0 0 -67.33923702314777 0.04329318262350954 118.5
0 1 -64.14969249636738 -1.0373294107656936 108.5
1 0 8.09382638664221 -25.526240489816427 -117.5
1 1 5.049837199693029 -24.486645395332168 -108.0
335
-------------------New----------------
0 0 -22.627699596542858 32.88718349250223 118.5
0 1 -16.279247842438668 26.11997108701878 108.5
1 0 127.62254309041973 -126.31986294286314 -117.5
1 1 121.54347968376177 -119.89184073934464 -108.0
336
-------------------New----------------
0 0 -12.643494570501172 -40.80749737801941 118.5
0 1 -7.330968720394248 -35.379998526988246 108.5
1 0 112.71758312664699 87.27026093557359 -117.5
1 1 107.6714693958475 82.11460245900926 -108.0
339
-------------------New----------------
0 0 -19.09925118243929 4.105507535336585 118.5
0 1 -21.448337609615205 7.6353754906827 108.5
1 0 -74.54601927002354 87.40986114785548 -117.5
1 1 -72.3139285266515 84.05662492887498 -108.0
352
-------------------New----------------
0 0 34.34405614439171 99.76999844555169 118.5
0 1 36.11837012707461 98.38474940131702 108.5
1 0 76.2355670171547 67.10482166184886 -117.5
1 1 74.54935643945676 68.41895044645615 -108.0
353
-------------------New----------------
0 0 -59.24239928559822 35.89425130644949 118.5
0 1 -56.360712654766516 36.04663196897233 108.5
1 0 8.580423231623115 39.55883595969446 -117.5
1 1 5.858849317728838 39.41575560274926 -108.0
354
-------------------New----------------
0 0 -17.89072468199969 -14.12516418825081 118.5
0 1 -18.06973254501389 -12.585075061381735 108.5
1 0 -18.466871522709148 17.556352213986475 -117.5
1 1 -18.612758462150584 16.49030256229006 -108.0
356
-------------------New----------------
0 0 40.706064544527386 -80.22902248062891 118.5
0 1 36.55120626784692 -78.6442555948996 108.5
1 0 -57.40794853378651 -42.72624323963156 -117.5
1 1 -53.454037464918066 -44.2381990361241 -108.0
364
-------------------New----------------
0 0 -11.629271322497527 -89.31594064837911 118.5
0 1 -8.94723243282222 -90.37981545794567 108.5
1 0 51.46296648642036 -114.51257424616283 -117.5
1 1 48.92175067060593 -113.49772735237062 -108.0
366
-------------------New----------------
0 0 46.15640160296559 -32.72385884905414 118.5
0 1 44.93982227847891 -32.3560082811625 108.5
1 0 17.246332383899013 -24.101794215257243 -117.5
1 1 18.402354828789992 -24.447407081610624 -108.0
380
-------------------New----------------
0 0 -82.67084619236076 -84.75971072762717 118.5
0 1 -80.4835040320735 -86.25875551281459 108.5
1 0 -31.009616407953736 -120.13805917516402 -117.5
1 1 -33.09023469557945 -118.71325739522251 -108.0
385
-------------------New----------------
0 0 -41.325797667248665 -40.194127199607934 118.5
0 1 -38.514962431105985 -36.90785855329732 108.5
1 0 25.05994953744567 37.28345119087554 -117.5
1 1 22.387281930240444 34.16791569614627 -108.0
386
-------------------New----------------
0 0 1.8530406690943573 -69.37930678702378 118.5
0 1 0.18014569635016658 -69.35616964948586 108.5
1 0 -37.61327890302608 -68.8337222678726 -117.5
1 1 -36.02451900151847 -68.85582563840566 -108.0
401
-------------------New----------------
0 0 -93.49560857656103 -48.27051819394085 118.5
0 1 -93.14007037327409 -46.91738101194217 108.5
1 0 -85.095989093591 -16.33369689325493 -117.5
1 1 -85.43451840985448 -17.619096419621453 -108.0
414
-------------------New----------------
0 0 25.05409457852286 -30.44418026867576 118.5
0 1 22.38832471817935 -30.892409527146278 108.5
1 0 -37.726035014266905 -40.975325875457386 -117.5
1 1 -35.201559182968424 -40.550819824653225 -108.0
418
-------------------New----------------
0 0 -83.29602274273016 -12.203926038855489 118.5
0 1 -81.55742977862397 -12.721773900579116 108.5
1 0 -42.181423068606314 -24.4664170653171 -117.5
1 1 -43.836782194632065 -23.97127217201636 -108.0
422
-------------------New----------------
0 0 19.347822538767836 52.78997986901235 118.5
0 1 18.245281080538906 48.720502637329155 108.5
1 0 -8.091423847530411 -43.74786752085754 -117.5
1 1 -7.028686379427026 -39.82538774734235 -108.0
425
-------------------New----------------
0 0 -58.458650008855614 -2.2633145174987375 118.5
0 1 -58.04462056163229 0.8137639113094466 108.5
1 0 -48.62845239775703 70.40243954728095 -117.5
1 1 -49.02363221640355 67.47679927075771 -108.0
432
-------------------New----------------
0 0 96.48129167966992 -66.27068173993231 118.5
0 1 96.9981197515866 -66.81049906909553 108.5
1 0 108.68118451239143 -79.0248669747601 -117.5
1 1 108.18947565774627 -78.51115712932791 -108.0
437
-------------------New----------------
0 0 -7.193895561676383 4.867002219282519 118.5
0 1 -6.865534764944326 6.361007729613919 108.5
1 0 0.254190851214391 39.5778948204966 -117.5
1 1 -0.010303211587617067 38.1889399682325 -108.0
444
-------------------New----------------
0 0 -45.27241457306523 -54.26775550273736 118.5
0 1 -40.68073208453429 -52.84997423415947 108.5
1 0 63.07196648475017 -20.803310741709232 -117.5
1 1 58.7133369341448 -22.14917369329519 -108.0
449
-------------------New----------------
0 0 -39.90970725030201 -114.89254088130113 118.5
0 1 -39.17365862055704 -114.92120138034247 108.5
1 0 -22.53650800880216 -115.59442116095639 -117.5
1 1 -23.23433882996347 -115.56555859094269 -108.0
453
-------------------New----------------
0 0 -26.50213428057417 -3.514934895392443 118.5
0 1 -22.248887831523604 -8.01920528263587 108.5
1 0 74.05557527364147 -109.80254499252442 -117.5
1 1 70.01042529848 -105.5174136566363 -108.0
454
-------------------New----------------
0 0 -59.13445128057289 44.94253006286278 118.5
0 1 -59.37659406336029 43.63956196707885 108.5
1 0 -64.74820198134822 14.449061995549139 -117.5
1 1 -64.52421741029376 15.671087906271282 -108.0
469
-------------------New----------------
0 0 -35.02427857062792 17.92817405449663 118.5
0 1 -32.094844576392155 20.313154368245243 108.5
1 0 34.12158364798377 74.18108205218087 -117.5
1 1 31.339024974827517 71.91409744361451 -108.0
473
-------------------New----------------
0 0 13.027556451455101 -22.391838047992255 118.5
0 1 11.093365817803496 -17.056896018115264 108.5
1 0 -32.34621443773915 103.8059387212451 -117.5
1 1 -30.550638625581918 98.67885153793415 -108.0
474
-------------------New----------------
0 0 23.539242762389687 -108.91788099000942 118.5
0 1 17.43633994766737 -109.71506829532328 108.5
1 0 -120.46426750254719 -127.75605345722019 -117.5
1 1 -114.67636979572819 -126.99745609304594 -108.0
482
-------------------New----------------
0 0 -50.749044822028836 -68.94761063428814 118.5
0 1 -53.68182498647093 -71.54048431024107 108.5
1 0 -28.975545427264905 -77.04998136250909 -117.5
1 1 -117.17901626890014 -127.67993496157536 -108.0
486
-------------------New----------------
0 0 80.67669877057273 11.06852629177678 118.5
0 1 80.09303677677144 13.936712870872 108.5
1 0 66.91664994087964 78.75988217060575 -117.5
1 1 67.46989992157964 76.03477870905431 -108.0
489
-------------------New----------------
0 0 -96.9609438545943 -51.15832746603432 118.5
0 1 -95.18125171960097 -50.27205377505988 108.5
1 0 -54.94038978943629 -30.422893800111904 -117.5
1 1 -56.63380311642727 -31.265284463887394 -108.0
493
-------------------New----------------
0 0 -96.05738483168693 -22.145812967120946 118.5
0 1 -94.2634992756123 -23.211662719344982 108.5
1 0 -53.73694486963474 -47.322218216256275 -117.5
1 1 -55.439506174806205 -46.308681052583246 -108.0
498
-------------------New----------------
0 0 -13.67970118446031 87.11961834297304 118.5
0 1 -12.7948739983736 86.44472908805918 108.5
1 0 7.249815611732258 71.23687309796998 -117.5
1 1 6.405648576049794 71.87370080518181 -108.0
504
-------------------New----------------
0 0 -36.00760434389874 -12.611783252356577 118.5
0 1 -33.93052263398703 -7.847624297266373 108.5
1 0 13.002874636476548 99.8274787664553 -117.5
1 1 11.03017539388482 95.30103643331569 -108.0
528
-------------------New----------------
0 0 34.88352395061143 -9.796566185320875 118.5
0 1 28.303748217291485 -10.045533090423822 108.5
1 0 -120.22778073778724 -15.708809632161874 -117.5
1 1 -113.98975442092873 -15.470819270727764 -108.0
554
-------------------New----------------
0 0 -66.8577415589561 -72.18628130773618 118.5
0 1 -66.70042762249372 -71.25752589629789 108.5
1 0 -63.16164311114623 -50.257687248840114 -117.5
1 1 -63.31056687651333 -51.140271561441175 -108.0
557
-------------------New----------------
0 0 -53.71902720668319 9.580492452832294 118.5
0 1 -54.08373788087912 12.458994579168326 108.5
1 0 -62.33178643806872 77.53543177147164 -117.5
1 1 -61.981541742601415 74.80230202217157 -108.0
565
-------------------New----------------
0 0 37.229151159572275 24.101928578518972 118.5
0 1 33.97746482823393 20.81519703257182 108.5
1 0 -39.17756897507601 -52.800480072700466 -117.5
1 1 -36.12630841403902 -49.72831458590237 -108.0
571
-------------------New----------------
0 0 116.84269997800693 -43.92155601742998 118.5
0 1 116.66484980506655 -43.04272185274555 108.5
1 0 112.6884500905448 -23.262730478930106 -117.5
1 1 112.86403084613077 -24.092962352654023 -108.0
572
-------------------New----------------
0 0 -46.80326316089217 35.12369579389683 118.5
0 1 -45.30039344992217 35.39843283913943 108.5
1 0 -11.219236187074788 41.18768403273624 -117.5
1 1 -12.666262608793804 40.95490790321705 -108.0
577
-------------------New----------------
0 0 -12.577436335527366 -72.89531419071889 118.5
0 1 -10.220627525457624 -74.4537832973919 108.5
1 0 43.04652013035634 -109.68720565035794 -117.5
1 1 40.80727035807976 -108.20582060114809 -108.0
601
-------------------New----------------
0 0 109.66537016845375 -75.75761372514596 118.5
0 1 110.01961384138087 -72.12758750182934 108.5
1 0 118.02807857815682 9.904014948724155 -117.5
1 1 117.691624751532 6.455886265022423 -108.0
603
-------------------New----------------
0 0 -51.612717892989316 -47.07853448899361 118.5
0 1 -52.06518139588824 -48.44691593261364 108.5
1 0 -62.24720250942846 -79.31048490692632 -117.5
1 1 -61.82059437961942 -78.01308120061269 -108.0
606
-------------------New----------------
0 0 42.519503349338706 -10.814348101052321 118.5
0 1 41.950830268208406 -9.893024494940594 108.5
1 0 27.505778672822053 11.779610300273387 -117.5
1 1 28.184354524866713 10.832161648663885 -108.0
618
-------------------New----------------
0 0 60.35188377616642 46.236447116545435 118.5
0 1 60.02486210689892 47.45560290228609 108.5
1 0 52.46203535213131 74.82901266227134 -117.5
1 1 52.793925564507575 73.6996691109649 -108.0
621
-------------------New----------------
0 0 49.92859605100379 -63.253855128028114 118.5
0 1 45.681750020401196 -59.081713257968815 108.5
1 0 -50.35990970735152 35.03841870733898 -117.5
1 1 -46.318444811479914 31.093418460706175 -108.0
628
-------------------New----------------
0 0 95.72599922837847 17.782803162993407 118.5
0 1 96.30139570225542 13.041417243986256 108.5
1 0 109.30858049070648 -94.11380042511362 -117.5
1 1 108.76186866642357 -89.6091384589957 -108.0
644
-------------------New----------------
0 0 68.46118574483746 14.057783187732515 118.5
0 1 68.05172726590824 11.042828304162152 108.5
1 0 58.79009510168989 -57.082898390012005 -117.5
1 1 59.17955083322266 -54.220112805344186 -108.0
647
-------------------New----------------
0 0 22.018978353257662 92.07370186524827 118.5
0 1 23.366690026788373 92.43815793820649 108.5
1 0 53.68192264300676 100.74317621130459 -117.5
1 1 52.411297562765846 100.39369972910423 -108.0
654
-------------------New----------------
0 0 82.40892158807127 95.19232956018391 118.5
0 1 80.43290116561349 95.90858765520862 108.5
1 0 35.69437476212221 112.07884458004817 -117.5
1 1 37.57839880812771 111.4001176668501 -108.0
658
-------------------New----------------
0 0 -74.54556064612005 -5.756556629905512 118.5
0 1 -76.36340165831173 -6.456734467930599 108.5
1 0 -116.28652516021904 -22.615418001469283 -117.5
1 1 -114.74700761526034 -21.97098321772048 -108.0
660
-------------------New----------------
0 0 77.2033901172137 88.6313929703153 118.5
0 1 78.54555804849117 89.29791528921707 108.5
1 0 108.8765055395382 104.34915649688264 -117.5
1 1 107.60164135860953 103.71702761023111 -108.0
663
-------------------New----------------
0 0 -58.35808381777033 32.59203292170681 118.5
0 1 -60.402766993132694 29.45692445021553 108.5
1 0 -106.6128007668104 -41.35992901454449 -117.5
1 1 -104.6718082500229 -38.38471023732945 -108.0
666
-------------------New----------------
0 0 -74.70144605503233 71.56560121011975 118.5
0 1 -71.1982263139404 68.63375205375726 108.5
1 0 8.038490485999857 2.470042116995171 -117.5
1 1 4.707507605079472 5.25042536586834 -108.0
670
-------------------New----------------
0 0 -81.7138960297496 -21.32634075637411 118.5
0 1 -80.846659852997 -17.68579002897881 108.5
1 0 -61.09225433664003 64.29150858892427 -117.5
1 1 -61.924295466326086 60.842667262394244 -108.0
674
-------------------New----------------
0 0 55.23820189965969 62.72064711000884 118.5
0 1 55.789281691297205 61.30969950809255 108.5
1 0 68.21155039154218 29.388606699664955 -117.5
1 1 67.68759886156083 30.735702014447668 -108.0
677
-------------------New----------------
0 0 -30.976039717578534 44.03517871233565 118.5
0 1 -29.31784176859382 43.224753838746594 108.5
1 0 8.188887817054578 25.006688947602402 -117.5
1 1 6.61272846448359 25.76992403028292 -108.0
689
-------------------New----------------
0 0 12.44661360971608 -93.19059713665153 118.5
0 1 14.022015534952306 -91.95060113479899 108.5
1 0 48.88326452562696 -64.36864277571864 -117.5
1 1 47.43668958998304 -65.50592269675936 -108.0
693
-------------------New----------------
0 0 22.782199499763074 55.74693388383497 118.5
0 1 19.302641381856965 51.03574888586705 108.5
1 0 -59.21323981743039 -55.36938131691081 -117.5
1 1 -55.917538453072794 -50.898859003382945 -108.0
696
-------------------New----------------
0 0 7.647536593473293 -33.92454203869302 118.5
0 1 7.967699111128505 -35.49639420521921 108.5
1 0 15.241536926039 -71.0340062160629 -117.5
1 1 14.93383070684148 -69.54187290824919 -108.0
702
-------------------New----------------
0 0 24.32689429023916 -34.91419537515198 118.5
0 1 20.65418941456351 -29.902576317997376 108.5
1 0 -62.48898687518855 83.6221573629862 -117.5
1 1 -58.990234390575914 78.84185613756094 -108.0
703
-------------------New----------------
0 0 -39.10275421605419 -40.549765777871315 118.5
0 1 -40.0479250508173 -38.83335161225282 108.5
1 0 -61.15442461918148 -0.30323161011128796 -117.5
1 1 -60.254950669021525 -1.90435571701545 -108.0
706
-------------------New----------------
0 0 -84.06413516659114 78.72487213626506 118.5
0 1 -84.94521564818285 79.43425925829914 108.5
1 0 -104.8168945725276 95.46110109992333 -117.5
1 1 -103.98506054468092 94.78750947247336 -108.0
712
-------------------New----------------
0 0 42.923905987364336 61.44925591777998 118.5
0 1 44.13037988131508 58.2326062365809 108.5
1 0 71.46164459381174 -14.533224398147789 -117.5
1 1 70.30944951994141 -11.47618037861993 -108.0
737
-------------------New----------------
0 0 20.72522012848972 -104.60640219753948 118.5
0 1 21.642306018446 -103.60662592640008 108.5
1 0 42.36904826964543 -81.01334340216258 -117.5
1 1 41.49784823484415 -81.96291667118275 -108.0
739
-------------------New----------------
0 0 -52.38872641976543 42.75153071573756 118.5
0 1 -49.833704370304204 39.13610940026634 108.5
1 0 7.528632359928617 -42.614354509154865 -117.5
1 1 5.121587955478287 -39.18903874005083 -108.0
746
-------------------New----------------
0 0 23.890607032962453 98.91051977624616 118.5
0 1 20.05961364992661 97.79516313804632 108.5
1 0 -66.5416703012358 72.6017724821387 -117.5
1 1 -62.898489548777185 73.6569297828719 -108.0
748
-------------------New----------------
0 0 -4.829644037059187 23.42715334760875 118.5
0 1 -3.3107013998779964 21.487664544272697 108.5
1 0 31.008026601431254 -22.321039606765776 -117.5
1 1 29.566429164901376 -20.479001773270653 -108.0
749
-------------------New----------------
0 0 30.855728330797326 6.798787219546343 118.5
0 1 27.634032416102702 7.87551883226846 108.5
1 0 -45.333142440226766 32.14908785494295 -117.5
1 1 -42.266342571296775 31.13439777446444 -108.0
750
-------------------New----------------
0 0 14.370427031651076 -35.24573420677385 118.5
0 1 8.376638461607067 -31.30481518593562 108.5
1 0 -127.14729193759965 57.73599940276097 -117.5
1 1 -121.44874649872841 53.994433603463186 -108.0
757
-------------------New----------------
0 0 19.186306251867144 46.75013917608233 118.5
0 1 13.239259332325744 45.14859706545387 108.5
1 0 -121.16654849038412 8.953682364554108 -117.5
1 1 -115.51660256568891 10.475387444498189 -108.0
767
-------------------New----------------
0 0 -85.93739919917843 -54.7601793762477 118.5
0 1 -86.60034540640707 -50.96754877444574 108.5
1 0 -101.30075095308098 34.79522537384147 -117.5
1 1 -100.69818619603922 31.182435665366704 -108.0
769
-------------------New----------------
0 0 -121.29701723708338 -34.57195229806503 118.5
0 1 -121.35315624496802 -32.2087878576058 108.5
1 0 -122.60536871042163 21.2337809658612 -117.5
1 1 -122.55361485053376 18.987703607263587 -108.0
774
-------------------New----------------
0 0 -45.04546003607102 -53.05530271017951 118.5
0 1 -45.77390743799763 -51.94288269951276 108.5
1 0 -62.22481968504785 -26.836443837928403 -117.5
1 1 -61.53464549585137 -27.892213875940353 -108.0
775
-------------------New----------------
0 0 24.872120351549746 11.026988101523248 118.5
0 1 18.892940970001803 11.343236354961448 108.5
1 0 -116.22919362562553 18.476675793206915 -117.5
1 1 -110.54957325709897 18.177088013358688 -108.0
779
-------------------New----------------
0 0 5.24469693892732 -22.98063585529588 118.5
0 1 5.848937998258826 -24.027897063431993 108.5
1 0 19.5165472020659 -47.74070851156779 -117.5
1 1 18.943046144288566 -46.74432271297671 -108.0
789
-------------------New----------------
0 0 -29.058617825055485 40.39347506447973 118.5
0 1 -30.619023223207243 36.35556896878438 108.5
1 0 -65.74611232510107 -54.945751497621885 -117.5
1 1 -64.26316010285774 -51.11106225166928 -108.0
792
-------------------New----------------
0 0 8.240022730461359 65.0106067966286 118.5
0 1 5.34723090158848 61.70462229135079 108.5
1 0 -58.13379353475925 -12.044721642892949 -117.5
1 1 -55.50472269388452 -8.951100237980997 -108.0
794
-------------------New----------------
0 0 3.2837660359242404 78.85863205893095 118.5
0 1 7.501989591496224 76.54278429571818 108.5
1 0 102.82855941600307 24.206611517775496 -117.5
1 1 98.82149575720499 26.406505468076404 -108.0
800
-------------------New----------------
0 0 -77.592376621053 -92.14855088317947 118.5
0 1 -75.14606695926852 -90.02099846237732 108.5
1 0 -19.79603360541638 -41.97626036232299 -117.5
1 1 -22.13366357237092 -43.990415711442225 -108.0
803
-------------------New----------------
0 0 18.894712921353136 -77.33265008231174 118.5
0 1 17.561378845132072 -76.25738487672845 108.5
1 0 -12.636462985538458 -51.894860519412745 -117.5
1 1 -11.367999095530966 -52.920018422037025 -108.0
817
-------------------New----------------
0 0 13.100592609300625 -11.618227935682295 118.5
0 1 8.565655908245947 -10.71194258775897 108.5
1 0 -93.89480975104895 9.733718347580856 -117.5
1 1 -89.58847500739587 8.873300185859911 -108.0
820
-------------------New----------------
0 0 -0.12498861639018888 12.693614534920956 118.5
0 1 -3.315647905002784 11.066213209629145 108.5
1 0 -75.4021266723549 -25.699396211381185 -117.5
1 1 -72.37241583139217 -24.15382153375241 -108.0
823
-------------------New----------------
0 0 -23.495067062345726 22.25219156497568 118.5
0 1 -26.194733292351003 20.482232890944214 108.5
1 0 -87.18967488122833 -19.48871988299748 -117.5
1 1 -84.62567442855145 -17.807792354571895 -108.0
832
-------------------New----------------
0 0 75.15899595034509 -12.743304365480185 118.5
0 1 75.6059189668632 -8.978972934704464 108.5
1 0 85.73564481991214 75.9434134671359 -117.5
1 1 85.3103326288437 72.3770903946332 -108.0
862
-------------------New----------------
0 0 12.966492700856085 -50.35857030894749 118.5
0 1 9.43742209080081 -48.50217918965477 108.5
1 0 -70.23363361354036 -6.601255632614023 -117.5
1 1 -66.88702383754222 -8.361586213795746 -108.0
870
-------------------New----------------
0 0 -51.53243927115288 4.806951109179993 118.5
0 1 -53.88761915726171 3.4271059617900868 108.5
1 0 -106.9595703746641 -27.419897966495306 -117.5
1 1 -104.73658522918632 -26.144151046879426 -108.0
880
-------------------New----------------
0 0 19.498368197375918 -1.9427856906444982 118.5
0 1 15.197185155374024 1.722956139685298 108.5
1 0 -82.03055812165105 84.63347198921657 -117.5
1 1 -77.94015157750087 81.14479790351126 -108.0
886
-------------------New----------------
0 0 21.533395572677748 -13.240031814114815 118.5
0 1 25.647941253614015 -16.835987202979716 108.5
1 0 118.70580528225256 -98.13757781488326 -117.5
1 1 114.78848339255725 -94.71349845290294 -108.0
892
-------------------New----------------
0 0 -37.472176508954284 50.54195565910698 118.5
0 1 -37.64207294874487 50.586741757093236 108.5
1 0 -41.555555887533934 51.627551342849834 -117.5
1 1 -41.381372047380665 51.57871920264201 -108.0
901
-------------------New----------------
0 0 67.76875997903014 29.710343704193498 118.5
0 1 69.62387009269358 30.537995146834458 108.5
1 0 111.55153633616219 49.24304777660166 -117.5
1 1 109.78916314621128 48.45683018362749 -108.0
902
-------------------New----------------
0 0 -94.03453155561633 28.675520007440053 118.5
0 1 -94.620585210249 23.961528241221195 108.5
1 0 -107.89766280081808 -82.53201081932058 -117.5
1 1 -107.33770956189838 -78.0513596524513 -108.0
906
-------------------New----------------
0 0 8.26328964146136 79.35449640852703 118.5
0 1 6.285145790631733 82.88831330070417 108.5
1 0 -48.99724585846869 -94.85726760970125 -117.5
1 1 -49.743105629522304 -91.53130905281844 -108.0
911
-------------------New----------------
0 0 50.259636714064996 65.88904888458087 118.5
0 1 50.94704954065138 68.3133269720069 108.5
1 0 66.38583128749863 123.25567510760314 -117.5
1 1 65.739549095201 120.9383719045903 -108.0
913
-------------------New----------------
0 0 49.90578365764735 -72.57976308547877 118.5
0 1 50.356072028246395 -71.81039524149622 108.5
1 0 60.52925984389829 -54.41419756128927 -117.5
1 1 60.102335607197425 -55.1452738171317 -108.0
915
-------------------New----------------
0 0 -57.629332935618244 -38.65690847560576 118.5
0 1 -59.267905608689446 -34.824089254310216 108.5
1 0 -96.31030382443917 51.83988488618911 -117.5
1 1 -94.752742649623 48.195991886921696 -108.0
918
-------------------New----------------
0 0 -0.5797459536113218 -42.22625269077538 118.5
0 1 1.9155380425039534 -36.848818360445165 108.5
1 0 58.500983710955396 84.89686226269052 -117.5
1 1 56.1244558293115 79.76855637168102 -108.0
919
-------------------New----------------
0 0 46.18270886506366 -73.4715943803301 118.5
0 1 44.50298408172516 -71.82682558332793 108.5
1 0 6.603009235952743 -34.68315926433937 -117.5
1 1 8.195994315493945 -36.244199679160275 -108.0
926
-------------------New----------------
0 0 -21.494322110888852 3.3804967451169974 118.5
0 1 -18.493404536339845 5.47133788979352 108.5
1 0 49.31262552662534 52.72501271264135 -117.5
1 1 46.464009734089146 50.740100231949114 -108.0
935
-------------------New----------------
0 0 -112.3464347949953 -14.643143641487324 118.5
0 1 -111.3368080530551 -9.920004923384639 108.5
1 0 -88.67365008767419 96.75415671941921 -117.5
1 1 -89.62204018193866 92.27795835122328 -108.0
943
-------------------New----------------
0 0 2.6325516844402537 19.680552546740003 118.5
0 1 5.507623701019708 17.48154930877521 108.5
1 0 70.53061363612747 -32.27157250644885 -117.5
1 1 67.80189104795039 -30.176097078064686 -108.0
946
-------------------New----------------
0 0 33.06336738759133 -107.88378151671832 118.5
0 1 31.785241786286328 -107.40321561298121 108.5
1 0 2.8958772476274657 -96.5361889624884 -117.5
1 1 4.110359644498616 -96.99315147433809 -108.0
950
-------------------New----------------
0 0 -21.8681020029556 19.001217127676107 118.5
0 1 -24.996434586283335 18.202648483777544 108.5
1 0 -95.7140627859607 0.14745383067008558 -117.5
1 1 -92.74091049537448 0.9067561590792328 -108.0
952
-------------------New----------------
0 0 -38.3185205343989 -3.8189502901630616 118.5
0 1 -38.798151876809015 -5.948774686753898 108.5
1 0 -49.648569262132824 -54.08937376965277 -117.5
1 1 -49.193288823126956 -52.06647241152331 -108.0
956
-------------------New----------------
0 0 36.23532253407162 18.10097943595509 118.5
0 1 37.44731431525022 20.28223206682735 108.5
1 0 64.81845861847627 69.63065010231057 -117.5
1 1 63.67026772263447 67.55457780601448 -108.0
957
-------------------New----------------
0 0 -23.120952675089214 1.1549114533534799 118.5
0 1 -27.449546787732334 -0.17268285427411262 108.5
1 0 -125.33101316574937 -30.20606096671388 -117.5
1 1 -121.21840319059227 -28.943863846078443 -108.0
984
-------------------New----------------
0 0 -34.82069422220515 39.1235220433613 118.5
0 1 -33.701820671458464 37.079326697784474 108.5
1 0 -8.423011999631514 -9.130561883702608 -117.5
1 1 -9.485565450946691 -7.18805828958899 -108.0
1004
-------------------New----------------
0 0 -66.87237266225058 -16.593230435506428 118.5
0 1 -64.94878553119696 -13.327407143648182 108.5
1 0 -21.355576995465306 60.44712762407047 -117.5
1 1 -23.196987052664515 57.34778429093465 -108.0
1017
-------------------New----------------
0 0 25.89405953496354 -20.88742986233768 118.5
0 1 26.776445092234333 -17.145905960223452 108.5
1 0 46.7866702748636 67.58202775476587 -117.5
1 1 45.94327517173106 64.01221313135795 -108.0
1020
-------------------New----------------
0 0 -81.64045559818666 41.590737455736146 118.5
0 1 -82.54770122490389 40.03139053324265 108.5
1 0 -103.0471949700318 4.7897459878191535 -117.5
1 1 -102.18464508652588 6.271219935664522 -108.0
1026
-------------------New----------------
0 0 -32.474842397714966 14.616014955952389 118.5
0 1 -30.212675687042037 12.526115906831848 108.5
1 0 21.145826633773545 -34.802571619397334 -117.5
1 1 18.978963176544692 -32.810059227571955 -108.0
1028
-------------------New----------------
0 0 85.63104524560016 1.4311145676587247 118.5
0 1 83.69785774162091 2.319260043790704 108.5
1 0 40.010659784669535 22.39499798733239 -117.5
1 1 41.84699256990764 21.550990669812187 -108.0
1053
-------------------New----------------
0 0 34.7726061962074 34.04757465687267 118.5
0 1 37.54174179289332 37.58443519869627 108.5
1 0 100.30544341311331 117.51460947904484 -117.5
1 1 97.66610189697028 114.16077810995641 -108.0
1054
-------------------New----------------
0 0 -49.29265622602021 -51.04130136112734 118.5
0 1 -48.99732269323504 -48.72829957370686 108.5
1 0 -42.32842469228492 3.5406173729944603 -117.5
1 1 -42.608177682151144 1.3421266112947994 -108.0
1059
-------------------New----------------
0 0 27.84982399074135 12.252490442401282 118.5
0 1 24.41149874916275 9.522136497154317 108.5
1 0 -53.290329707786796 -52.24708860249011 -117.5
1 1 -50.02992400214437 -49.65607958440146 -108.0
1063
-------------------New----------------
0 0 19.869762352561914 20.347375370340284 118.5
0 1 18.958942858666127 14.724132411024048 108.5
1 0 -1.6380821228118072 -112.33954259021728 -117.5
1 1 -0.771747438023149 -107.0009428272331 -108.0
1064
-------------------New----------------
0 0 -32.37818289432353 102.43970332518685 118.5
0 1 -33.80086352862803 103.30951357546084 108.5
1 0 -65.93692176990545 122.98247607173782 -117.5
1 1 -64.58630470920852 122.15523531660821 -108.0
1075
-------------------New----------------
0 0 -67.77462299767308 8.586761030093204 118.5
0 1 -64.02671643792738 4.9136051216917345 108.5
1 0 20.770630311047455 -78.08792675859144 -117.5
1 1 17.203098565133295 -74.59525391922793 -108.0
1077
-------------------New----------------
0 0 -35.367013773640515 24.799394341131496 118.5
0 1 -33.04237079832707 22.779748756895508 108.5
1 0 19.664645570246336 -23.032372069695413 -117.5
1 1 17.452671097570878 -21.112874165211075 -108.0
1083
-------------------New----------------
0 0 106.31266573027554 -7.332667410702671 118.5
0 1 107.19866918914408 -4.370479218298818 108.5
1 0 127.27763573223316 62.89195312986392 -117.5
1 1 126.42860584119774 60.050009617517695 -108.0
1091
-------------------New----------------
0 0 -71.89658451285705 -45.56934330728635 118.5
0 1 -68.09599574155793 -42.08762746815641 108.5
1 0 18.018129205070636 36.58371235598063 -117.5
1 1 14.417041297574567 33.258557771098666 -108.0
1106
-------------------New----------------
0 0 -37.29555514368103 59.54133353993818 118.5
0 1 -36.82480734289383 60.13487347827244 108.5
1 0 -26.234043141331604 73.55153594353541 -117.5
1 1 -26.671388963444393 72.98432615176691 -108.0
1107
-------------------New----------------
0 0 77.58895224690376 1.0921767034095808 118.5
0 1 73.92287046665561 5.483656006033002 108.5
1 0 -8.99365391859902 104.75556815308009 -117.5
1 1 -5.502451000016295 100.57626074060728 -108.0
1114
-------------------New----------------
0 0 30.890473588504598 -29.94662873209948 118.5
0 1 31.084412234912595 -30.875798185173164 108.5
1 0 35.46292906693701 -51.86015628401877 -117.5
1 1 35.27961799040186 -50.97810872181551 -108.0
1127
-------------------New----------------
0 0 63.34335935764496 28.78512854209601 118.5
0 1 65.00226459911946 29.625153212547996 108.5
1 0 102.50715179828069 48.601597535060456 -117.5
1 1 100.93051755316866 47.80392572298075 -108.0
1128
-------------------New----------------
0 0 52.85382420812665 33.75013037620425 118.5
0 1 53.41472852089932 30.74323805942229 108.5
1 0 66.10864043400521 -37.19642919945271 -117.5
1 1 65.57597170047914 -34.33981779411288 -108.0
1137
-------------------New----------------
0 0 16.55776913843983 34.41503708484134 118.5
0 1 18.60026352901425 36.674633996825236 108.5
1 0 64.95236333600302 87.70859011470141 -117.5
1 1 62.99563925781589 85.56214319303179 -108.0
1138
-------------------New----------------
0 0 89.06343935070505 59.48941855493981 118.5
0 1 89.57175035914514 55.53403926618837 108.5
1 0 101.04357633584985 -33.887908876984355 -117.5
1 1 100.56109209237947 -30.12711616927736 -108.0
1147
-------------------New----------------
0 0 13.88467420221409 -35.853972711042516 118.5
0 1 15.905220341053337 -34.894521835653585 108.5
1 0 61.339239461882165 -13.346861929999779 -117.5
1 1 59.430898511179336 -14.23815985406679 -108.0
1150
-------------------New----------------
0 0 26.683405183879067 -60.24442998286845 118.5
0 1 28.312405288360868 -61.53412981391779 108.5
1 0 65.13536300313359 -90.70986786202371 -117.5
1 1 63.59487901510886 -89.48194997376453 -108.0
1155
-------------------New----------------
0 0 38.07508204010445 47.643812240555405 118.5
0 1 41.69842116299888 49.19466859020404 108.5
1 0 123.56381879739055 84.28154572059532 -117.5
1 1 120.12096244983607 82.80143123387295 -108.0
1157
-------------------New----------------
0 0 82.68504837405627 67.72399086346152 118.5
0 1 84.01964749257897 66.62372912328793 108.5
1 0 114.16344333933725 41.73072114783677 -117.5
1 1 112.89653486982556 42.77749651651356 -108.0
1159
-------------------New----------------
0 0 -72.90471822049417 -82.58945535692683 118.5
0 1 -72.70885757430108 -81.72435538483445 108.5
1 0 -68.29701321243996 -62.176384407116174 -117.5
1 1 -68.48253923207213 -62.99901714983006 -108.0
1179
-------------------New----------------
0 0 57.054336707545474 -6.036567597315646 118.5
0 1 53.439720905466615 -5.375465240995055 108.5
1 0 -28.246462785016718 9.5708872423594 -117.5
1 1 -24.813104757350796 8.941425714544776 -108.0
1187
-------------------New----------------
0 0 -42.547316001521324 10.449359553385486 118.5
0 1 -39.84385190620732 7.1130254396542965 108.5
1 0 21.202703913397823 -68.32985565345584 -117.5
1 1 18.640312177376412 -65.16404819034338 -108.0
1189
-------------------New----------------
0 0 117.60396688294489 -99.80295492227023 118.5
0 1 117.828318105692 -98.52018826615773 108.5
1 0 123.0634793021442 -69.46117640630095 -117.5
1 1 122.83889300928823 -70.675840175904 -108.0
1198
-------------------New----------------
0 0 -10.07463346916228 -21.996942619396158 118.5
0 1 -8.974775137825407 -18.62102618806811 108.5
1 0 15.885122068577886 57.70056269108284 -117.5
1 1 14.840375973364312 54.49149890065216 -108.0
1199
-------------------New----------------
0 0 -48.62263499265303 67.39748646453131 118.5
0 1 -44.380092852057615 63.60759347248787 108.5
1 0 51.59020329350282 -21.981779890039117 -117.5
1 1 47.556752415117245 -18.395699940079066 -108.0
1208
-------------------New----------------
0 0 119.12162716013742 -71.80199141062477 118.5
0 1 118.57867118262854 -72.01882425583096 108.5
1 0 106.10882510032388 -76.77406930876248 -117.5
1 1 106.64233549521437 -76.57298697456686 -108.0
1213
-------------------New----------------
0 0 -39.61816244941993 69.74603229050695 118.5
0 1 -41.36799238206864 68.38384084300147 108.5
1 0 -80.91575452710718 37.59769408264421 -117.5
1 1 -79.25333960262539 38.89183518469399 -108.0
1222
-------------------New----------------
0 0 3.805467376555485 -48.57909509484382 118.5
0 1 5.936669476855843 -46.89313776874563 108.5
1 0 54.106921372293186 -8.800787410207779 -117.5
1 1 52.08332561951126 -10.401678935119358 -108.0
1228
-------------------New----------------
0 0 -86.5233326800647 32.5829839454317 118.5
0 1 -84.32737980269579 31.717643563467554 108.5
1 0 -34.763782105279276 12.15483341757817 -117.5
1 1 -36.850228975466706 12.975160361640755 -108.0
1235
-------------------New----------------
0 0 42.94340553854181 -86.7089691217172 118.5
0 1 41.83105572931659 -85.9163290015632 108.5
1 0 16.715100209781614 -67.94935621571496 -117.5
1 1 17.76966580388559 -68.70607730339943 -108.0
1236
-------------------New----------------
0 0 6.5090472497217196 7.336837470104338 118.5
0 1 3.408965746614779 8.671250019235512 108.5
1 0 -66.47970132161973 38.899856098594384 -117.5
1 1 -63.54109225931366 37.62791807189203 -108.0
1243
-------------------New----------------
0 0 67.07589554102067 -7.210971102515165 118.5
0 1 68.89337210509781 -7.605434161207855 108.5
1 0 109.98494446318587 -16.50972611028846 -117.5
1 1 108.25775470490073 -16.137570888131894 -108.0
1244
-------------------New----------------
0 0 -74.10199842650357 13.273787461534223 118.5
0 1 -70.35135155284746 8.917782353706107 108.5
1 0 14.5119536913464 -89.39696560244529 -117.5
1 1 10.946216528037382 -85.26262995016502 -108.0
1247
-------------------New----------------
0 0 -3.6902327523297402 -25.09659575048629 118.5
0 1 -4.990669758500617 -26.026739913320476 108.5
1 0 -34.32748224287023 -47.07460882550907 -117.5
1 1 -33.096432763838166 -46.18960401974204 -108.0
1250
-------------------New----------------
0 0 9.464028143095796 41.66459088543031 118.5
0 1 11.420785079326475 40.48212048079324 108.5
1 0 55.71954739840237 13.796577701387298 -117.5
1 1 53.85698550348386 14.915611423919438 -108.0
1255
-------------------New----------------
0 0 43.93332836027716 90.3297574993212 118.5
0 1 42.690883065307595 91.20339060542562 108.5
1 0 14.635796146563976 110.96824943807653 -117.5
1 1 15.814573970805972 110.13563022886028 -108.0
1260
-------------------New----------------
0 0 83.36121802364501 71.02376984132431 118.5
0 1 82.79925032649119 66.89754544338949 108.5
1 0 70.09381410390468 -26.359161691944603 -117.5
1 1 70.62909659786605 -22.439577852121566 -108.0
1262
-------------------New----------------
0 0 28.18113390718397 -35.581499379322814 118.5
0 1 26.20969222223503 -33.3533352302498 108.5
1 0 -18.261069324025993 16.902502517089196 -117.5
1 1 -16.3943712615679 14.78987565717749 -108.0
1268
-------------------New----------------
0 0 -28.494011541225643 26.679289879391895 118.5
0 1 -28.698839527876107 25.6057051516795 108.5
1 0 -32.84834327519531 1.319680898444139 -117.5
1 1 -32.675921992975944 2.345662587575311 -108.0
1271
-------------------New----------------
0 0 -68.95253802335603 -52.35454020150871 118.5
0 1 -67.97609374115221 -50.45286511699673 108.5
1 0 -45.917355765595225 -7.473514189783032 -117.5
1 1 -46.84431838967514 -9.280298554198339 -108.0
1279
-------------------New----------------
0 0 10.174349195099479 -70.64294129352245 118.5
0 1 8.358483501728559 -69.00470776916313 108.5
1 0 -32.6621383028248 -31.957727209525483 -117.5
1 1 -30.939600788236373 -33.52022721833713 -108.0
1284
-------------------New----------------
0 0 25.097894608291977 84.2526429856161 118.5
0 1 24.881577612555603 84.60218018671893 108.5
1 0 19.990339420842208 92.50265187643997 -117.5
1 1 20.19578125158167 92.1706706922884 -108.0
1287
-------------------New----------------
0 0 18.12272739142969 -111.5231288993941 118.5
0 1 15.287046713258121 -111.54016711213642 108.5
1 0 -48.83777024304265 -112.33946317201239 -117.5
1 1 -46.14187352635666 -112.29384967814903 -108.0
1289
-------------------New----------------
0 0 30.396419044946555 50.99544323386795 118.5
0 1 26.14667488343589 49.98461333143936 108.5
1 0 -69.89994785229864 27.168827807096697 -117.5
1 1 -65.86183413329759 28.12786916378541 -108.0
1297
-------------------New----------------
0 0 -31.878383214386485 9.69767780447505 118.5
0 1 -27.249152664986344 10.2003405129304 108.5
1 0 77.43440024265077 21.558969361019873 -117.5
1 1 73.03575094788306 21.088582480260946 -108.0
1303
-------------------New----------------
0 0 11.409001583765843 -26.53872975415598 118.5
0 1 10.205202582736895 -21.29538971441982 108.5
1 0 -16.9752506898314 97.20358054510803 -117.5
1 1 -15.83297512951142 92.22208386269854 -108.0
1305
-------------------New----------------
0 0 1.1304127490716502 51.57578076821146 118.5
0 1 -2.5001833625167778 50.93344295209899 108.5
1 0 -84.43932771935671 36.424630231661155 -117.5
1 1 -80.99812314075469 37.030673507595914 -108.0
1306
-------------------New----------------
0 0 -67.38670987834564 6.164809570309119 118.5
0 1 -65.99116366146464 9.976428886708579 108.5
1 0 -34.21951663945593 96.08438391272598 -117.5
1 1 -35.55790682417958 92.45779231722432 -108.0
1309
-------------------New----------------
0 0 -5.057846029723171 -9.801686228472468 118.5
0 1 -4.697722184834772 -12.151453586022173 108.5
1 0 3.3709030213867464 -65.37243721963225 -117.5
1 1 3.034579271415621 -63.13480760609648 -108.0
1312
-------------------New----------------
0 0 -22.642033104053986 69.25032201257918 118.5
0 1 -20.35977908341621 68.10233513849488 108.5
1 0 31.158953720568945 42.04972732324378 -117.5
1 1 28.992550661090082 43.14906417835561 -108.0
1315
-------------------New----------------
0 0 -19.189250448621173 45.00659413544759 118.5
0 1 -14.80704284390426 49.88885332822416 108.5
1 0 -90.46643792435954 -85.606369309148 -117.5
1 1 -91.28902406365458 -83.52828923152039 -108.0
1321
-------------------New----------------
0 0 38.08431770166703 66.91554070131043 118.5
0 1 39.32918242254725 65.49086590151151 108.5
1 0 67.60009736093477 32.71116731099375 -117.5
1 1 66.40762946126192 34.09678208981062 -108.0
1326
-------------------New----------------
0 0 17.10903456102551 21.674138080724155 118.5
0 1 12.130616956006103 24.401361128708476 108.5
1 0 -99.86426381347094 86.47401923770192 -117.5
1 1 -95.16974518534737 83.84370503551543 -108.0
1334
-------------------New----------------
0 0 -119.27225953735724 61.53627624870859 118.5
0 1 -119.472080230652 60.08648495507246 108.5
1 0 -123.9175317646888 27.194211668764872 -117.5
1 1 -123.73236186331307 28.579031286272915 -108.0
1337
-------------------New----------------
0 0 9.816304925385873 -4.06142334923055 118.5
0 1 12.637640434114427 -6.488225127991223 108.5
1 0 76.38536850085153 -61.34401116990923 -117.5
1 1 73.70692916670563 -59.03843535918319 -108.0
1341
-------------------New----------------
0 0 35.618012793340114 -74.45434899593181 118.5
0 1 36.387650618825546 -74.881038255633 108.5
1 0 53.79747102395946 -84.55905170408933 -117.5
1 1 53.065270481221816 -84.15078975582014 -108.0
1356
-------------------New----------------
0 0 -29.356103494719445 5.027587650717097 118.5
0 1 -30.559278389553686 4.598444288909558 108.5
1 0 -57.76629663653274 -4.773743201856359 -117.5
1 1 -56.60439479446264 -4.3963647591447685 -108.0
1378
-------------------New----------------
0 0 3.7969314022016314 50.56585802389707 118.5
0 1 6.3445492647204755 48.73258211577977 108.5
1 0 64.04006421144102 7.321166158664442 -117.5
1 1 61.61812424598369 9.05307135200096 -108.0
1380
-------------------New----------------
0 0 40.62981002427072 -1.9110039661246099 118.5
0 1 38.40664318493363 2.862996174605963 108.5
1 0 -11.76988157141595 110.68130099775067 -117.5
1 1 -9.656396945967824 106.14980008751749 -108.0
1400
-------------------New----------------
0 0 52.05996764025669 1.7923023738281478 118.5
0 1 48.13475661431478 4.9425375293206795 108.5
1 0 -40.58927259648242 76.14513243388316 -117.5
1 1 -36.859202157358204 73.15281079602677 -108.0
1410
-------------------New----------------
0 0 -31.076095832879027 -16.681117593147924 118.5
0 1 -33.34167760194565 -19.10756997835626 108.5
1 0 -84.53610603274144 -73.94246212488977 -117.5
1 1 -82.38444959175445 -71.63728174077133 -108.0
1413
-------------------New----------------
0 0 -31.89128880428118 -74.46717848482668 118.5
0 1 -30.774107179748455 -71.85386725932338 108.5
1 0 -5.561591433125772 -12.805702678376539 -117.5
1 1 -6.6202834493314295 -15.288030656149175 -108.0
1414
-------------------New----------------
0 0 121.43080775495339 10.300828098797972 118.5
0 1 121.62736998068479 14.433243761117257 108.5
1 0 126.30733265143206 107.8300450541952 -117.5
1 1 126.09927713154555 103.89964869560268 -108.0
1417
-------------------New----------------
0 0 46.86075616712104 50.86240455833423 118.5
0 1 44.77224728635901 47.16917644337945 108.5
1 0 -4.002041126428099 -34.47065548359935 -117.5
1 1 -1.8820373926886749 -31.117369954423726 -108.0
1421
-------------------New----------------
0 0 56.46924410289173 -76.69189410590106 118.5
0 1 52.73008919710276 -75.13032425454324 108.5
1 0 -31.774950636996785 -39.84266049927102 -117.5
1 1 -28.222751061673414 -41.32592847187538 -108.0
1427
-------------------New----------------
0 0 -1.8515618557198745 61.673157329499226 118.5
0 1 -2.1026522395131892 64.26986911510974 108.5
1 0 -7.903656416662736 123.06897067325501 -117.5
1 1 -7.661684613997839 120.59534914157015 -108.0
1441
-------------------New----------------
0 0 -36.489554215465844 22.020190058599166 118.5
0 1 -35.24630230792222 24.617671964322977 108.5
1 0 -7.14927731460984 83.33094040695272 -117.5
1 1 -8.329883793571806 80.86186198467999 -108.0
1453
-------------------New----------------
0 0 64.46415977662579 15.306662048531484 118.5
0 1 63.66508013071425 10.63702931092978 108.5
1 0 45.52784320665116 -94.85879974251345 -117.5
1 1 46.31124780911203 -90.41426340443445 -108.0
1454
-------------------New----------------
0 0 25.874882306668223 10.798635430642687 118.5
0 1 28.84377175390508 14.410952405960543 108.5
1 0 95.95330392328563 96.01967456982997 -117.5
1 1 93.13345439123682 92.59008206659533 -108.0
1460
-------------------New----------------
0 0 86.96976256210411 66.09234639468568 118.5
0 1 88.554639955781 72.05639217015597 108.5
1 0 -12.694710101405178 2.417228818897774 -117.5
1 1 -11.077785886087733 0.7195641892817228 -108.0
1465
-------------------New----------------
0 0 16.69313756896582 37.71939936398595 118.5
0 1 21.348207716059466 38.91937692195612 108.5
1 0 126.55997880689313 66.04582554372232 -117.5
1 1 122.13706694528278 64.90536884123733 -108.0
1467
-------------------New----------------
0 0 7.15459184237322 0.4368693221522307 118.5
0 1 3.237130394048968 -1.1553092849532256 108.5
1 0 -85.29534234498205 -37.12310613356371 -117.5
1 1 -81.5742610426237 -35.61154563925857 -108.0
1470
-------------------New----------------
0 0 -73.29129056070815 -33.16974867746306 118.5
0 1 -70.46441825648336 -35.86262698809223 108.5
1 0 -6.576553380971225 -96.71386618486677 -117.5
1 1 -9.261475273259485 -94.15649427921875 -108.0
1471
-------------------New----------------
0 0 60.032641465486314 -40.78981073367857 118.5
0 1 59.48506401903129 -41.265008395763424 108.5
1 0 47.08060943077295 -52.04743315473549 -117.5
1 1 47.60004933818461 -51.59827488605574 -108.0
1485
-------------------New----------------
0 0 47.23162955366858 -75.96189055722058 118.5
0 1 44.828343606178436 -76.93637273706715 108.5
1 0 -9.478633159146101 -98.96762416332946 -117.5
1 1 -7.195707356290728 -98.04111728808587 -108.0
1489
-------------------New----------------
0 0 92.93099132731287 -30.283636099210234 118.5
0 1 90.59644102253264 -31.78640424865527 108.5
1 0 37.84909917676665 -65.74878713228503 -117.5
1 1 40.06623564725844 -64.32096112109582 -108.0
1512
-------------------New----------------
0 0 -31.666651694920006 24.541616752429587 118.5
0 1 -26.93788992242388 23.255976256784457 108.5
1 0 79.92266098723417 -5.770042780701603 -117.5
1 1 75.43150904152785 -4.549140419662955 -108.0
1518
-------------------New----------------
0 0 -9.222496157954149 54.09411290401346 118.5
0 1 -7.11157768076778 56.4806606095402 108.5
1 0 36.533831796916374 112.96782959908028 -117.5
1 1 34.721058912782965 110.63593343490962 -108.0
1520
-------------------New----------------
0 0 67.01150535547657 -70.04816916378009 118.5
0 1 67.4635308866858 -70.3401866318988 108.5
1 0 77.78722442140192 -76.76208872969104 -117.5
1 1 77.34673467317828 -76.48875902687489 -108.0
1527
-------------------New----------------
0 0 -4.626461070233713 44.23521167681809 118.5
0 1 -0.5963919014483319 43.412899011062294 108.5
1 0 90.4928847620052 24.82710005743774 -117.5
1 1 86.66398908473103 25.607963407732672 -108.0
1535
-------------------New----------------
0 0 46.38958427418568 -63.01496754211295 118.5
0 1 49.506474583495695 -64.29339709648738 108.5
1 0 119.62148883147434 -92.68394836842077 -117.5
1 1 116.69526828044192 -91.50771868801122 -108.0
1536
-------------------New----------------
0 0 94.88594059509647 -38.96504853760562 118.5
0 1 93.58674604268228 -38.289930022683755 108.5
1 0 64.33165567744217 -23.129285713440904 -117.5
1 1 65.5601969757146 -23.76775792225397 -108.0
1551
-------------------New----------------
0 0 7.952481721402014 95.59616386453266 118.5
0 1 2.89678913289485 96.26299836224031 108.5
1 0 -111.50220598721671 111.31035292768874 -117.5
1 1 -106.69138904137057 110.67799706763671 -108.0
1554
-------------------New----------------
0 0 -16.23425016451117 -14.743371397298915 118.5
0 1 -18.035884075660867 -11.040610073144318 108.5
1 0 -58.76026269875092 72.55046849067999 -117.5
1 1 -57.05089863539216 69.04041025889414 -108.0
1568
-------------------New----------------
0 0 53.65727479640454 68.25175972387498 118.5
0 1 49.82549826629642 67.97231025046662 108.5
1 0 -36.77653433485058 61.66206144772284 -117.5
1 1 -33.13626109273737 61.92717043608555 -108.0
1573
-------------------New----------------
0 0 73.19684346386451 7.802986491791015 118.5
0 1 71.4846870361722 12.010527256718111 108.5
1 0 32.718635145831755 106.97422706989464 -117.5
1 1 34.350378767403456 102.99113428683526 -108.0
1574
-------------------New----------------
0 0 -20.954792179729473 -41.287066293453286 118.5
0 1 -20.978487488028556 -40.747924398949515 108.5
1 0 -21.35701055121202 -28.624025952126676 -117.5
1 1 -21.348364162468243 -29.129901863079947 -108.0
1575
-------------------New----------------
0 0 -43.44304917286779 -91.58534059118301 118.5
0 1 -45.777235059654984 -91.49571023480641 108.5
1 0 -98.5466172357928 -89.46502039055899 -117.5
1 1 -96.32876121266295 -89.55002936149617 -108.0
1593
-------------------New----------------
0 0 -31.67072107177001 -49.51928533460575 118.5
0 1 -34.85738957672395 -52.790749942776486 108.5
1 0 -106.98083781088455 -126.80946604286251 -117.5
1 1 -103.9451187295515 -123.69561360740686 -108.0
1599
-------------------New----------------
0 0 -6.904584342767994 -66.50748134335736 118.5
0 1 -3.293701615266948 -67.37569638484808 108.5
1 0 78.35161461968933 -86.96279003738519 -117.5
1 1 74.91865257175284 -86.14457585387228 -108.0
1602
-------------------New----------------
0 0 -38.00553429471346 39.10719890433512 118.5
0 1 -38.78321310780966 39.625527261062025 108.5
1 0 -56.35860299892296 51.342844636974895 -117.5
1 1 -55.61963675750566 50.849224574721426 -108.0
1620
-------------------New----------------
0 0 -14.427993113232953 14.911761933507389 118.5
0 1 -15.189996508563445 13.113481030764174 108.5
1 0 -32.41845309606971 -27.5593756286382 -117.5
1 1 -31.696371415125316 -25.85033194522743 -108.0
1627
-------------------New----------------
0 0 36.828065396989295 -41.8807190623491 118.5
0 1 37.83892202765365 -44.90499841594796 108.5
1 0 60.62748343529542 -113.27851546514353 -117.5
1 1 59.67065603828563 -110.40690321764029 -108.0
1629
-------------------New----------------
0 0 47.56675132968452 -4.873334651780505 118.5
0 1 49.50403875493112 -1.9596301933910045 108.5
1 0 93.64501259848323 63.751651796347254 -117.5
1 1 91.7807528178613 60.97539116359086 -108.0
1635
-------------------New----------------
0 0 88.4878532117422 54.737928688871555 118.5
0 1 88.4069675179002 53.95776312182054 108.5
1 0 86.68203268373253 36.506496004112954 -117.5
1 1 86.74908787854108 37.23464869165784 -108.0
1648
-------------------New----------------
0 0 -90.86800193117558 1.8257601711294433 118.5
0 1 -88.67118675580392 3.6701416869876398 108.5
1 0 -39.12785009983952 45.363225279636865 -117.5
1 1 -41.20297447730529 43.6059292071975 -108.0
1665
-------------------New----------------
0 0 -78.49305035759335 -19.842811253179004 118.5
0 1 -76.2394464400696 -23.049881896465457 108.5
1 0 -25.291601510047354 -95.5293849387837 -117.5
1 1 -27.434263640407227 -92.483503713608 -108.0
1669
-------------------New----------------
0 0 -48.57269206378395 72.30278066891404 118.5
0 1 -51.322358423005504 70.01595615400284 108.5
1 0 -113.36286337440029 18.215657016232193 -117.5
1 1 -110.76469240231374 20.395733631202482 -108.0
1674
-------------------New----------------
0 0 -14.472083181211506 5.680722316874911 118.5
0 1 -10.773939916976143 7.866993685370261 108.5
1 0 72.7546429745307 57.254853700018465 -117.5
1 1 69.24515984446904 55.181006724564284 -108.0
1675
-------------------New----------------
0 0 12.997239088998416 -29.12696303358168 118.5
0 1 14.502054539454681 -25.349242626964735 108.5
1 0 48.5135361932098 60.14441555873164 -117.5
1 1 47.08565806526266 56.54495471394343 -108.0
1688
-------------------New----------------
0 0 -12.021516615605922 -43.966640242079436 118.5
0 1 -11.440453619036358 -44.75044779195044 108.5
1 0 1.7303848271689355 -62.464272738822025 -117.5
1 1 1.1769102472166884 -61.71933335955524 -108.0
1694
-------------------New----------------
0 0 57.41109935437572 -0.9332797211821828 118.5
0 1 58.68966917801947 -1.2625041948483848 108.5
1 0 87.57749972470205 -8.78803376749157 -117.5
1 1 86.36741284951087 -8.466879073832303 -108.0
1699
-------------------New----------------
0 0 -30.8582418809142 17.11471754043103 118.5
0 1 -33.14827256835342 15.45930235566251 108.5
1 0 -84.90310739074609 -21.967464881443956 -117.5
1 1 -82.72767826685994 -20.39348105635209 -108.0
1705
-------------------New----------------
0 0 5.648728046419078 -75.0637229534857 118.5
0 1 8.894580948171418 -73.27912548176968 108.5
1 0 82.2351854247165 -32.92326466432881 -117.5
1 1 79.15266415223785 -34.61976682350134 -108.0
1716
-------------------New----------------
0 0 72.75942759038433 -60.073836275298085 118.5
0 1 74.26971733752809 -58.46290622398244 108.5
1 0 108.37677958663986 -22.059671676400548 -117.5
1 1 106.94319156472352 -23.589192447312033 -108.0
1744
-------------------New----------------
0 0 96.3426070108871 -51.28018134660473 118.5
0 1 96.12851965786615 -52.046306173874335 108.5
1 0 91.20881782751997 -69.36831018090794 -117.5
1 1 91.42155286929673 -68.6398860031195 -108.0
1754
-------------------New----------------
0 0 -54.56403779312116 57.20690387373743 118.5
0 1 -52.40635201227506 59.81106171178682 108.5
1 0 -3.650388568374665 118.70106671587799 -117.5
1 1 -5.696202230305342 116.22265368372328 -108.0
1760
-------------------New----------------
0 0 -76.41472520291308 46.149131684738926 118.5
0 1 -77.87075034910512 44.42596442299323 108.5
1 0 -110.75522502135293 5.5581817494124905 -117.5
1 1 -109.37441607719468 7.190382958570497 -108.0
1763
-------------------New----------------
0 0 29.135911907253842 46.286621643193875 118.5
0 1 23.755476512380483 49.514606034598785 108.5
1 0 -97.87804793508528 122.39333731552013 -117.5
1 1 -92.76359919691987 119.33259080445123 -108.0
1765
-------------------New----------------
0 0 69.53466144673735 53.2287914996716 118.5
0 1 69.2622096090382 53.11709046596716 108.5
1 0 63.07323958592515 50.64008884559884 -117.5
1 1 63.33903287349333 50.74448154003498 -108.0
1766
-------------------New----------------
0 0 4.162801335808746 -45.271261926728876 118.5
0 1 4.560467638377971 -40.79853315683067 108.5
1 0 13.630108896953189 60.227401994786305 -117.5
1 1 13.24559795167722 55.9817140557102 -108.0
1775
-------------------New----------------
0 0 -50.15408763516649 48.7716739130788 118.5
0 1 -49.224410369796345 49.70401330341305 108.5
1 0 -27.858130538559912 70.95423838283595 -117.5
1 1 -28.75526724448692 70.04986037193791 -108.0
1778
-------------------New----------------
0 0 -19.768557650133005 -41.05426186449013 118.5
0 1 -17.845318185677474 -42.55945801544092 108.5
1 0 25.52523528039214 -76.55203675071374 -117.5
1 1 23.706390967650293 -75.12278181530743 -108.0
1789
-------------------New----------------
0 0 -29.011656894790082 -35.12061674891329 118.5
0 1 -24.95645235197082 -36.57458201959013 108.5
1 0 66.69512788099658 -69.43543437946138 -117.5
1 1 62.842138174871366 -68.05409116892767 -108.0
1800
-------------------New----------------
0 0 -85.01420814079577 -86.2595719313484 118.5
0 1 -85.49667753180839 -84.68754533867455 108.5
1 0 -96.41739236737565 -49.172942774948986 -117.5
1 1 -95.95817694304297 -50.66513650274025 -108.0
1802
-------------------New----------------
0 0 -38.59788538978589 -58.24908370233989 118.5
0 1 -37.2676652174279 -54.41369138138553 108.5
1 0 -7.203219186849128 32.25182212489485 -117.5
1 1 -8.466983280067334 28.609261461783667 -108.0
1805
-------------------New----------------
0 0 45.5554026455595 65.41038614261521 118.5
0 1 43.591744346781425 61.36169893311328 108.5
1 0 -0.7972318925554243 -30.175721801200968 -117.5
1 1 1.068319230143367 -26.325863809948725 -108.0
1810
-------------------New----------------
0 0 -33.375488254573426 -23.675765034750643 118.5
0 1 -34.25187113967272 -21.535216808656575 108.5
1 0 -54.21675209176475 26.696545727184628 -117.5
1 1 -53.37314803414502 24.6727936128282 -108.0
1812
-------------------New----------------
0 0 -36.710176071598255 -69.60162670284409 118.5
0 1 -35.27608457692902 -71.60744666277415 108.5
1 0 -2.9483274917049167 -116.89247698843579 -117.5
1 1 -4.303741765533589 -114.98919915021816 -108.0
1813
-------------------New----------------
0 0 18.185545500951445 -54.53231285347304 118.5
0 1 21.969493470844743 -57.50441614372723 108.5
1 0 107.48757961581268 -124.67474865850866 -117.5
1 1 103.89248432396695 -121.8509299651507 -108.0
1824
-------------------New----------------
0 0 -16.52099724812897 12.428554593747391 118.5
0 1 -19.26442653973826 10.041894646546577 108.5
1 0 -81.26514744091027 -43.89287055497713 -117.5
1 1 -78.65803866629548 -41.62514644648017 -108.0
1833
-------------------New----------------
0 0 100.22991917385471 -46.84377353501902 118.5
0 1 101.33913635798751 -47.52394088418171 108.5
1 0 126.40975674393792 -62.89447267332158 -117.5
1 1 125.35604218704827 -62.248676851784566 -108.0
1834
-------------------New----------------
0 0 18.085889933918644 -5.911031421702712 118.5
0 1 13.060893572302202 -4.004884393873427 108.5
1 0 -100.49668079685871 39.0266280017883 -117.5
1 1 -95.7244632266001 37.21909102300628 -108.0
1839
-------------------New----------------
0 0 -37.31740570419906 32.89638564716647 118.5
0 1 -34.892327099339624 32.041047988369414 108.5
1 0 19.91796978898873 12.716138741071848 -117.5
1 1 17.613995105922477 13.528169808705476 -108.0
1845
-------------------New----------------
0 0 6.135173770196597 -24.012500197313035 118.5
0 1 5.374035954840441 -26.59788265586375 108.5
1 0 -11.835647286362118 -85.06654208624946 -117.5
1 1 -11.110705178442444 -82.60844894326574 -108.0
1851
-------------------New----------------
0 0 -19.25799883514504 13.42699662152748 118.5
0 1 -14.090990860332457 9.191521893597182 108.5
1 0 102.6774591298226 -86.53965655138549 -117.5
1 1 97.7692072425307 -82.51556800883381 -108.0
1855
-------------------New----------------
0 0 28.176098564504695 -21.199417043926996 118.5
0 1 31.006305968909725 -22.52477681331483 108.5
1 0 94.96452435778242 -52.49963803704681 -117.5
1 1 92.27588819685728 -51.23985416454754 -108.0
1858
-------------------New----------------
0 0 75.4772974677056 -36.38045938094545 118.5
0 1 73.730797746551 -37.138603621911656 108.5
1 0 34.26255762895925 -54.270814431977044 -117.5
1 1 35.92369233399554 -53.553448212146634 -108.0
1861
-------------------New----------------
0 0 -40.06056573357133 -49.19013644746941 118.5
0 1 -35.835875697180455 -50.96918473294416 108.5
1 0 59.782018305983556 -91.30278499357448 -117.5
1 1 55.76131509373899 -89.60445953963941 -108.0
1869
-------------------New----------------
0 0 26.58461293639612 17.449238303349134 118.5
0 1 26.107412121773102 16.535282862927023 108.5
1 0 17.804965525589473 -5.069120237494804 -117.5
1 1 18.043714860351784 -4.121569430941212 -108.0
1878
-------------------New----------------
0 0 -74.6120201715361 100.31482795774532 118.5
0 1 -72.9726933622064 99.43510016024933 108.5
1 0 -35.82099153265745 79.69962548492484 -117.5
1 1 -37.38449110764624 80.53079851728137 -108.0
1888
-------------------New----------------
0 0 80.55323745297675 -87.24231905175402 118.5
0 1 80.5086699764418 -87.37940537951721 108.5
1 0 79.31090902920315 -90.51071447017952 -117.5
1 1 79.37358175922793 -90.36869844825549 -108.0
1890
-------------------New----------------
0 0 72.21272615747499 57.3011658291622 118.5
0 1 73.93774848461904 56.731261590554155 108.5
1 0 112.88272165105548 43.95416464233494 -117.5
1 1 111.24523510268095 44.490862633007815 -108.0
1896
-------------------New----------------
0 0 -99.80195678447978 54.3187456336275 118.5
0 1 -99.61528221172506 53.28880685014367 108.5
1 0 -95.4030990573662 30.03193388032447 -117.5
1 1 -95.5797949689435 31.008673793281975 -108.0
1900
-------------------New----------------
0 0 -41.35623526708461 28.68780990420284 118.5
0 1 -42.87027072019465 29.073679929650886 108.5
1 0 -77.11523481655769 37.81158334947997 -117.5
1 1 -75.67555557213274 37.443929807931184 -108.0
1907
-------------------New----------------
0 0 -28.61803174921089 -47.5729833502052 118.5
0 1 -27.222704935549935 -43.06039193286189 108.5
1 0 4.306535049071736 58.82617030583957 -117.5
1 1 2.981521261685825 54.54669340746303 -108.0
1922
-------------------New----------------
0 0 72.1217514838646 68.31250667087394 118.5
0 1 72.16536200971868 67.7086223109001 108.5
1 0 73.1279665918416 54.07948827074622 -117.5
1 1 73.08858949921137 54.65074064261604 -108.0
1923
-------------------New----------------
0 0 -77.07728620127858 -29.041677639079342 118.5
0 1 -78.70075215814104 -23.900427137297147 108.5
1 0 -115.29962768093692 92.3100286082284 -117.5
1 1 -113.76403548552653 87.42082895649249 -108.0
1927
-------------------New----------------
0 0 66.16222232671414 -86.76557164697061 118.5
0 1 62.5694878946123 -87.84931994926876 108.5
1 0 -18.63449333134017 -112.36606549076666 -117.5
1 1 -15.220740689018559 -111.3346566966068 -108.0
1937
-------------------New----------------
0 0 63.92393118666865 -1.257049427175663 118.5
0 1 62.5970860526398 -5.542524477610703 108.5
1 0 32.61936137519668 -102.39976223418876 -117.5
1 1 33.8787015275664 -98.32854574838493 -108.0
1941
-------------------New----------------
0 0 49.769090288272764 -27.263317428227715 118.5
0 1 50.33148058022063 -25.477445903792887 108.5
1 0 63.02593301877762 14.863755519116841 -117.5
1 1 62.49308455613876 13.169575677690867 -108.0
1948
-------------------New----------------
0 0 -72.34493928922417 27.064799608371914 118.5
0 1 -73.31486494374607 21.308589568722113 108.5
1 0 -95.22071707862996 -108.92880522649538 -117.5
1 1 -94.29476781810277 -103.44719504720919 -108.0
1958
-------------------New----------------
0 0 -95.14484572090109 -33.21758531160882 118.5
0 1 -92.91154470997797 -29.379753148244923 108.5
1 0 -42.48454256764548 57.296815376207064 -117.5
1 1 -44.60531318972717 53.653532612706556 -108.0
1961
-------------------New----------------
0 0 -49.543349006146215 -5.8773391387914184 118.5
0 1 -46.65296398960119 -5.856139280828413 108.5
1 0 18.63903677027218 -5.5980062477036645 -117.5
1 1 15.895018278853431 -5.599711470785625 -108.0
1962
-------------------New----------------
0 0 -52.2911929704084 -24.229051701467593 118.5
0 1 -53.20433879763031 -25.533083992179606 108.5
1 0 -73.92522109894261 -54.94718015490302 -117.5
1 1 -73.0564357484498 -53.70810626399491 -108.0
1968
-------------------New----------------
0 0 -54.360450565589716 -3.7951520987925185 118.5
0 1 -55.22988890187686 -8.099472527212207 108.5
1 0 -74.92840375873323 -105.41793162397369 -117.5
1 1 -74.09829762231091 -101.32237700566455 -108.0
1992
-------------------New----------------
0 0 -102.13335870076557 23.991161974962235 118.5
0 1 -101.56106467819762 24.775887390502252 108.5
1 0 -88.60947828983957 42.50350611049812 -117.5
1 1 -89.15384136353723 41.75923431348783 -108.0
1994
-------------------New----------------
0 0 17.17197860892625 -29.073759025897118 118.5
0 1 18.38291946258597 -30.867082131524132 108.5
1 0 45.79819731604548 -71.44527868047103 -117.5
1 1 44.64536987216435 -69.73864028205392 -108.0
2006
-------------------New----------------
0 0 -21.44065057116897 74.00613556514685 118.5
0 1 -20.64893358267829 70.09605307773741 108.5
1 0 -2.6334124492710993 -18.593378775737406 -117.5
1 1 -3.3936584082198413 -14.86213163851608 -108.0
2010
-------------------New----------------
0 0 22.484444945049976 14.305323016940923 118.5
0 1 25.211274793094024 16.348895793294407 108.5
1 0 86.8376831853392 62.534130124402495 -117.5
1 1 84.2463701028105 60.59285784229566 -108.0
2011
-------------------New----------------
0 0 39.946415920178865 -21.17361535787627 118.5
0 1 41.864522650087714 -18.537765441567334 108.5
1 0 84.67745946741518 40.847779607019675 -117.5
1 1 82.90029185618525 38.35615958904559 -108.0
2014
-------------------New----------------
0 0 -38.17370919496763 -100.35963584466778 118.5
0 1 -39.36387062243069 -99.90267000229707 108.5
1 0 -66.24597879465142 -89.58162651763887 -117.5
1 1 -65.11656438597403 -90.0161307571606 -108.0
2016
-------------------New----------------
0 0 56.89585397081754 3.6949179168309483 118.5
0 1 54.07570988508958 7.445990421262114 108.5
1 0 -9.716910025965596 92.09275834002348 -117.5
1 1 -7.039427716395862 88.54268145797731 -108.0
2022
-------------------New----------------
0 0 -43.07269175029318 -18.330061817091497 118.5
0 1 -39.2339705272394 -16.46749757767523 108.5
1 0 47.414721976877516 25.736951308112857 -117.5
1 1 43.775749992017815 23.95724695803259 -108.0
2025
-------------------New----------------
0 0 -51.056617545076946 -81.24379858163277 118.5
0 1 -46.19887562058801 -82.49518348052399 108.5
1 0 62.39182363041688 -110.46886494998424 -117.5
1 1 57.83554714048156 -109.35133711265249 -108.0
2026
-------------------New----------------
0 0 -86.35584792651483 -125.55907390772643 118.5
0 1 -6.1111053053001525 -13.08205431069068 108.5
1 0 -22.449866654832114 43.217010682631205 -117.5
1 1 -21.76289406897687 40.85050701232873 -108.0
2041
-------------------New----------------
0 0 -110.84451155585086 46.31458896939553 118.5
0 1 -109.71152294546843 49.073033866568814 108.5
1 0 -84.71907322295529 111.84178970613684 -117.5
1 1 -85.77252735030186 109.18377139505276 -108.0
2043
-------------------New----------------
0 0 -78.80767239928255 48.89278451222257 118.5
0 1 -79.23993773398809 52.114372817595175 108.5
1 0 -89.0750126888253 125.30628901757703 -117.5
1 1 -88.66422691297191 122.21727670596806 -108.0
2052
-------------------New----------------
0 0 9.713410174723883 -27.891974315108733 118.5
0 1 8.653797857307747 -29.969801661053616 108.5
1 0 -15.28685582907109 -76.94166671408593 -117.5
1 1 -14.280097615228545 -74.9672412011159 -108.0
2075
-------------------New----------------
0 0 4.139479216056892 42.28902684879846 118.5
0 1 4.303118757073692 43.89059083984902 108.5
1 0 8.017191063868154 80.10183570384433 -117.5
1 1 7.861494162831171 78.57941491296229 -108.0
2076
-------------------New----------------
0 0 1.311264018922615 69.53385211717239 118.5
0 1 -2.6690701723068737 70.47961555367486 108.5
1 0 -92.88633141035766 92.21017086002995 -117.5
1 1 -89.08165796912203 91.28423637502306 -108.0
2087
-------------------New----------------
0 0 88.15993733800241 60.37155211765823 118.5
0 1 86.62982252653877 56.76699065599833 108.5
1 0 52.11174831269037 -24.69554709251108 -117.5
1 1 53.56085527139303 -21.27112902970673 -108.0
2094
-------------------New----------------
0 0 56.38784365848144 42.04929956742134 118.5
0 1 53.18690325623321 44.03401606239139 108.5
1 0 -19.02748132217148 88.71957982198404 -117.5
1 1 -15.994160845374449 86.84453190291441 -108.0
2097
-------------------New----------------
0 0 56.19340559419786 47.37084372848718 118.5
0 1 56.58555004483317 43.95802350288115 108.5
1 0 65.42502326057416 -33.17506018901719 -117.5
1 1 65.05489891089744 -29.933387835574543 -108.0
2104
-------------------New----------------
0 0 -34.510633731642066 35.30651434220061 118.5
0 1 -37.04365989928211 35.795042002460505 108.5
1 0 -94.13067171088015 47.001607541106736 -117.5
1 1 -91.74320645613213 46.512026672639145 -108.0
2106
-------------------New----------------
0 0 -17.77068555184622 -36.946919243995 118.5
0 1 -14.430508776000172 -33.120745944035015 108.5
1 0 60.99323557614584 53.44856254222234 -117.5
1 1 57.8252707162401 49.80876705723111 -108.0
2107
-------------------New----------------
0 0 -18.67331127997749 58.193778790567436 118.5
0 1 -13.578559968882223 59.20001002885685 108.5
1 0 101.4839638331267 81.90759751776294 -117.5
1 1 96.64728892479334 80.95301748907413 -108.0
2112
-------------------New----------------
0 0 31.33630381733034 -37.2496187548776 118.5
0 1 31.53210719509277 -39.490647989659784 108.5
1 0 35.993538330668414 -90.8946072969745 -117.5
1 1 35.79837936134597 -88.69395238995637 -108.0
2114
-------------------New----------------
0 0 78.11278750569856 58.01077406463484 118.5
0 1 76.72933103647952 55.40749243634284 108.5
1 0 45.69044563964725 -3.507405360456752 -117.5
1 1 46.98915176289536 -1.033913113171502 -108.0
2122
-------------------New----------------
0 0 -21.84311207083315 -10.292169030809873 118.5
0 1 -18.251890625272132 -15.209145193859532 108.5
1 0 62.91489566743029 -126.34150780126363 -117.5
1 1 59.50293471454337 -121.66954506337827 -108.0
2128
-------------------New----------------
0 0 -84.81336141919653 -2.2795411072380323 118.5
0 1 -82.20412512206818 -0.9399860403205367 108.5
1 0 -23.325049283565864 29.358322840158905 -117.5
1 1 -25.79513345185847 28.083718563577413 -108.0
2139
-------------------New----------------
0 0 -95.30326486703387 -66.56365307872383 118.5
0 1 -96.06828305374752 -63.53100716304499 108.5
1 0 -113.31380632874519 4.959132307655936 -117.5
1 1 -112.58815332913716 2.0827272157942858 -108.0
2148
-------------------New----------------
0 0 -1.5899448196462804 27.30944103308043 118.5
0 1 -2.8457058466154863 27.91305110460609 108.5
1 0 -31.231947566050344 41.53844637103488 -117.5
1 1 -30.03876536860019 40.9658888021931 -108.0
2152
-------------------New----------------
0 0 -50.029425468370334 37.56506157833998 118.5
0 1 -44.684005187987 35.67024791093361 108.5
1 0 75.80372586973562 -7.348223378696884 -117.5
1 1 70.75783100980634 -5.525063285380128 -108.0
2156
-------------------New----------------
0 0 -54.14472420655947 -0.812562110030121 118.5
0 1 -53.54540193181792 3.422735380405347 108.5
1 0 -39.9857685510448 99.1859826083196 -117.5
1 1 -40.5528627378073 95.1603818417639 -108.0
2163
-------------------New----------------
0 0 -10.618207568138228 32.822558036165944 118.5
0 1 -6.748004431994547 31.13108261329402 108.5
1 0 80.71177039059168 -7.155657983273427 -117.5
1 1 77.05104539158712 -5.543728964921529 -108.0
2174
-------------------New----------------
0 0 -36.63488499643605 21.215142461385042 118.5
0 1 -33.507854969394614 19.87210520919652 108.5
1 0 21.666406103456694 -15.912394607873917 -117.5
1 1 20.049323593478753 -14.145982009685511 -108.0
2178
-------------------New----------------
0 0 10.714105507027355 -28.416360803667185 118.5
0 1 6.354808368073068 -25.556395670826408 108.5
1 0 -91.939797255885 39.277477716948525 -117.5
1 1 -87.81289365638038 36.54671131594571 -108.0
2190
-------------------New----------------
0 0 10.65075762156504 36.54450381461903 118.5
0 1 5.305753869272474 34.779975678789775 108.5
1 0 -115.48431899026245 -5.11302911251891 -117.5
1 1 -110.40707365918486 -3.4357371925267315 -108.0
2196
-------------------New----------------
0 0 82.69933554959547 78.36937700557033 118.5
0 1 80.18825597741412 78.75768778553604 108.5
1 0 23.451590575624138 87.48952770324198 -117.5
1 1 25.836527338703632 87.12386380839791 -108.0
2200
-------------------New----------------
0 0 31.124782584230296 -6.667250282686543 118.5
0 1 25.476390829900314 -8.556146814603279 108.5
1 0 -102.21320401124748 -51.331930196000506 -117.5
1 1 -96.84572645234326 -49.533925846299006 -108.0
2203
-------------------New----------------
0 0 -70.04317742977126 18.9895277996037 118.5
0 1 -66.54192656951899 20.461788152747385 108.5
1 0 12.50530804423576 53.60550782679489 -117.5
1 1 9.187519946789788 52.2161292155253 -108.0
2209
-------------------New----------------
0 0 62.959812014602804 51.78475301290064 118.5
0 1 62.807324086758044 50.69043906128805 108.5
1 0 59.41929781151123 25.89694879015792 -117.5
1 1 59.56349077262265 26.937578659471768 -108.0
2220
-------------------New----------------
0 0 2.2910665645166493 36.91497254752298 118.5
0 1 -1.5228268697567313 36.723053147678385 108.5
1 0 -87.66964295754504 32.39720021878148 -117.5
1 1 -84.04865962301912 32.579212630607046 -108.0
2232
-------------------New----------------
0 0 -36.6346801604635 -85.42167495905557 118.5
0 1 -38.038676949223486 -85.1188301614898 108.5
1 0 -69.8647824494478 -78.32173999879895 -117.5
1 1 -68.52532052157088 -78.60592866655371 -108.0
2246
-------------------New----------------
0 0 105.58052147701949 54.373230126485154 118.5
0 1 104.55049164689233 56.983695263703964 108.5
1 0 81.20409440345969 116.03355743986019 -117.5
1 1 82.1890432408085 113.55078717995124 -108.0
2255
-------------------New----------------
0 0 31.85670406142732 -102.48387881611248 118.5
0 1 31.260128856565228 -103.3358008012879 108.5
1 0 17.770728867917292 -122.59145308334696 -117.5
1 1 18.33659387208482 -121.78349227679776 -108.0
2271
-------------------New----------------
0 0 21.38789321560919 84.03077995167823 118.5
0 1 18.51511783597817 84.08421985976771 108.5
1 0 -46.405698661891584 85.45653259176989 -117.5
1 1 -43.67853974950284 85.39205607175506 -108.0
2273
-------------------New----------------
0 0 28.301947413900006 -68.53325351820878 118.5
0 1 29.026057686470484 -66.89644543514115 108.5
1 0 45.35052397197528 -29.86809260335996 -117.5
1 1 44.66339555624906 -31.429125059530936 -108.0
2275
-------------------New----------------
0 0 -39.780216283986114 65.71829507717482 118.5
0 1 -39.25399382096972 66.84852133746799 108.5
1 0 -27.35894292370971 92.36822564590967 -117.5
1 1 -27.859248838354763 91.29624157072566 -108.0
2276
-------------------New----------------
0 0 93.48790991099365 -54.00454743178252 118.5
0 1 93.9767337754495 -50.919686865504424 108.5
1 0 104.98542422259052 18.695999479869208 -117.5
1 1 104.52385014068071 15.771230102495869 -108.0
2308
-------------------New----------------
0 0 89.88916973733863 -106.89922803265412 118.5
0 1 102.87280508208123 -108.54460035938978 108.5
1 0 -19.74480038546336 44.69008365470175 -117.5
1 1 -16.38495405783911 45.04100787678671 -108.0
2309
-------------------New----------------
0 0 29.334031107739417 -55.34919870874393 118.5
0 1 30.467625847836377 -56.08434274411612 108.5
1 0 56.097052277616 -72.6687858329785 -117.5
1 1 55.020199337840474 -71.9707565586971 -108.0
2321
-------------------New----------------
0 0 23.05108960836317 10.88937178030625 118.5
0 1 18.708073289290827 9.094173762606854 108.5
1 0 -79.47680575234158 -31.47865102493688 -117.5
1 1 -75.34851663323902 -29.77385501716723 -108.0
2329
-------------------New----------------
0 0 -81.19384101253144 -18.81477845473262 118.5
0 1 -82.89508126091438 -15.997163296916266 108.5
1 0 -121.38304265305968 48.29006019666515 -117.5
1 1 -119.78789832960028 45.5693742695462 -108.0
2335
-------------------New----------------
0 0 60.67629610595812 47.3356264508033 118.5
0 1 58.90266996642887 50.65040839595693 108.5
1 0 18.050044430855074 124.9218759784801 -117.5
1 1 19.762572139770562 121.83107151391809 -108.0
2338
-------------------New----------------
0 0 -72.03809630119471 27.715714927220755 118.5
0 1 -72.7131518056783 26.025275144449445 108.5
1 0 -87.99166095758493 -12.215627758159997 -117.5
1 1 -87.34810109363622 -10.60470384624647 -108.0
2339
-------------------New----------------
0 0 37.45434288329269 -27.344120670016547 118.5
0 1 34.59713869270403 -21.915504087792886 108.5
1 0 -30.236156033176183 101.0731951447742 -117.5
1 1 -27.486794546048493 95.87837914808493 -108.0
2372
-------------------New----------------
0 0 49.956269880620674 -50.001638459302036 118.5
0 1 46.54513847741099 -49.65756306398562 108.5
1 0 -30.49791001786595 -41.86675570453187 -117.5
1 1 -27.259121822045977 -42.19385141949746 -108.0
2386
-------------------New----------------
0 0 10.291554429875003 7.517914796133954 118.5
0 1 12.676302466371009 11.610363097397968 108.5
1 0 66.53030708582318 104.02295047224379 -117.5
1 1 64.26420157283582 100.13715770359566 -108.0
2388
-------------------New----------------
0 0 -53.103835604193215 -17.09015922192332 118.5
0 1 -49.442749144817434 -14.873205347884948 108.5
1 0 33.29100391664794 35.218811454815686 -117.5
1 1 29.81386900880316 33.11399707402655 -108.0
2391
-------------------New----------------
0 0 -37.134794733012384 -7.30233501090007 118.5
0 1 -31.36150511167263 -6.605906112028781 108.5
1 0 127.95754783278164 10.849335292808874 -117.5
1 1 120.01573576894664 10.019008187570915 -108.0
2393
-------------------New----------------
0 0 56.93164241580534 -18.190013993608424 118.5
0 1 56.678354105355155 -14.349719236536213 108.5
1 0 50.95761486040786 72.33069846151764 -117.5
1 1 51.20150948402346 68.69015135580757 -108.0
2404
-------------------New----------------
0 0 -76.42526711455079 63.52874138698744 118.5
0 1 -77.99366313078966 64.08788586561144 108.5
1 0 -113.43868749533908 76.69547504600017 -117.5
1 1 -111.9514650184517 76.16683696864285 -108.0
2406
-------------------New----------------
0 0 -38.90983153106521 59.064526001750394 118.5
0 1 -39.669078421407434 61.75498845215303 108.5
1 0 -56.849296227214516 122.56279279822846 -117.5
1 1 -56.127754280800275 120.0060307773246 -108.0
2407
-------------------New----------------
0 0 52.936192668404566 -19.108857768748145 118.5
0 1 52.812637328234715 -15.834641388916287 108.5
1 0 50.07663614183052 58.09083447979432 -117.5
1 1 50.18854173681849 54.978599022234036 -108.0
2419
-------------------New----------------
0 0 64.23937945883186 -105.47619416094429 118.5
0 1 60.732432972117735 -105.2768408360419 108.5
1 0 -18.542605042654394 -100.69065228092677 -117.5
1 1 -15.211663366786144 -100.88386208687754 -108.0
2423
-------------------New----------------
0 0 124.12366279006592 -18.118693764371162 118.5
0 1 123.8656790731258 -18.563558288405073 108.5
1 0 118.03858163609895 -28.623815816938652 -117.5
1 1 118.28359111907109 -28.200706711476215 -108.0
2425
-------------------New----------------
0 0 13.425797444599045 5.426119604980998 118.5
0 1 12.719926079290921 6.488954109051507 108.5
1 0 -3.2595217448388936 30.48754073086307 -117.5
1 1 -2.588031035043627 29.481299468170647 -108.0
2429
-------------------New----------------
0 0 -17.544306072955077 45.527749009994224 118.5
0 1 -18.01141874507397 47.585485298326134 108.5
1 0 -28.516038534483243 94.08257728547893 -117.5
1 1 -28.079510346485886 92.12950795992296 -108.0
2431
-------------------New----------------
0 0 -6.684109421471777 -47.14291147156876 118.5
0 1 -9.972813097205242 -46.22537461724625 108.5
1 0 -84.29658437943276 -25.50320675178481 -117.5
1 1 -81.17306125425236 -26.37439354831597 -108.0
2448
-------------------New----------------
0 0 -92.23290806085784 -18.50728601465096 118.5
0 1 -91.67388843951571 -20.70564513609775 108.5
1 0 -79.04394664418844 -70.39019217160227 -117.5
1 1 -79.57486558528284 -68.30152206945083 -108.0
2458
-------------------New----------------
0 0 67.86560332652432 58.60505711064822 118.5
0 1 70.39739914695063 59.80463399584954 108.5
1 0 127.62520846264356 86.91925745237924 -117.5
1 1 125.21897474836146 85.78004400869574 -108.0
2460
-------------------New----------------
0 0 -2.8117253600364056 17.824287630579935 118.5
0 1 0.053436256665540416 19.271369133396984 108.5
1 0 64.82437452026986 51.991469075899225 -117.5
1 1 62.09981350432942 50.61560159623154 -108.0
2466
-------------------New----------------
0 0 -107.23755470943767 -12.140080363245582 118.5
0 1 -107.55522277658197 -7.1620595352363265 108.5
1 0 -114.65468148534106 105.47840754060167 -117.5
1 1 -114.35155206584628 100.74570114841849 -108.0
2476
-------------------New----------------
0 0 -84.29567415165447 37.61612708079217 118.5
0 1 -84.62165186313464 38.287431661940936 108.5
1 0 -91.99121704426352 53.45833136151526 -117.5
1 1 -91.68132594201815 52.820708698412 -108.0
2484
-------------------New----------------
0 0 -107.94624119452506 45.77319782764095 118.5
0 1 -108.69238758027173 45.01900778921228 108.5
1 0 -125.76265604051157 27.44612649200608 -117.5
1 1 -125.0772533220404 28.23842291959018 -108.0
2486
-------------------New----------------
0 0 -32.58421123072299 86.670479208344 118.5
0 1 -28.80806735795249 84.47120071143763 108.5
1 0 56.68509846684303 35.02486429750345 -117.5
1 1 53.0942473329481 37.106171669407715 -108.0
2491
-------------------New----------------
0 0 -52.014631979382294 21.281026227253868 118.5
0 1 -51.11541734993312 21.33427439049395 108.5
1 0 -30.795531573610997 22.53922258277448 -117.5
1 1 -31.650365414758266 22.48836643758636 -108.0
2494
-------------------New----------------
0 0 -6.5562276067748115 44.10940574060764 118.5
0 1 -9.335821892163047 42.793800093194314 108.5
1 0 -72.2418121588137 13.17637582872808 -117.5
1 1 -69.59589794333334 14.42035928543287 -108.0
2496
-------------------New----------------
0 0 -92.16699316532652 21.805958902933234 118.5
0 1 -91.3089978378815 18.566145907104122 108.5
1 0 -71.93345910739211 -54.67116245333136 -117.5
1 1 -72.74723440057973 -51.59367045385395 -108.0
2501
-------------------New----------------
0 0 -4.50302004775004 20.865641669087587 118.5
0 1 -5.995140632190445 19.81620816962244 108.5
1 0 -39.695111038655654 -3.7661579367001536 -117.5
1 1 -38.279006815611424 -2.780044831218006 -108.0
2502
-------------------New----------------
0 0 75.27318868521664 98.60838984593302 118.5
0 1 77.16245547324158 98.88580290309139 108.5
1 0 119.76626456261565 105.15990276074994 -117.5
1 1 117.97551231001167 104.89808507589653 -108.0
2504
-------------------New----------------
0 0 -56.38523348605904 -104.98286584474351 118.5
0 1 -52.54989966592869 -104.05204061326519 108.5
1 0 34.14597873228589 -83.15264465101578 -117.5
1 1 30.50601428767154 -84.02389089964464 -108.0
2513
-------------------New----------------
0 0 53.47426292437473 -89.79442248379743 118.5
0 1 49.42478223762568 -89.8783377448717 108.5
1 0 -42.08783132958807 -91.76741776859325 -117.5
1 1 -38.241355086336284 -91.6885804468248 -108.0
2515
-------------------New----------------
0 0 96.03684850941629 62.854868007275044 118.5
0 1 94.78516251715355 59.01895746403706 108.5
1 0 66.50056034449223 -27.659803400345215 -117.5
1 1 67.68971556927701 -24.016984230494252 -108.0
2523
-------------------New----------------
0 0 20.325658867876104 27.478659658730656 118.5
0 1 20.014655094555334 28.823061285288997 108.5
1 0 13.115368132159977 59.17293959300546 -117.5
1 1 13.403158827941672 57.899658516030755 -108.0
2528
-------------------New----------------
0 0 -31.572028890106573 -17.9276677300165 118.5
0 1 -34.53471842800703 -18.443219261301152 108.5
1 0 -101.60208508255687 -29.958403836014604 -117.5
1 1 -98.77576448412489 -29.475892560603246 -108.0
2537
-------------------New----------------
0 0 -8.278962373054274 -33.35634766131589 118.5
0 1 -5.869987440565533 -29.821201949543898 108.5
1 0 48.51413062595699 50.13243664435915 -117.5
1 1 46.229956180184445 46.767935478887146 -108.0
2561
-------------------New----------------
0 0 36.21934763083147 -98.65729162182379 118.5
0 1 32.11106854569774 -97.3025047004875 108.5
1 0 -60.69796624241769 -66.71539361565709 -117.5
1 1 -56.797374922881865 -68.00196050601943 -108.0
2566
-------------------New----------------
0 0 -22.293147112361833 -79.41523053591656 118.5
0 1 -20.442432902578155 -80.86502587834485 108.5
1 0 21.36927258734088 -113.61951465324685 -117.5
1 1 19.611985771334933 -112.2428459664997 -108.0
2568
-------------------New----------------
0 0 34.284546943489005 16.912678214435903 118.5
0 1 35.10884611163688 18.19275198633769 108.5
1 0 53.73055414160949 47.134449449934905 -117.5
1 1 52.94992457033129 45.91400562209846 -108.0
2569
-------------------New----------------
0 0 38.22773825999238 -27.349648765949997 118.5
0 1 40.18670135545737 -26.711949311746746 108.5
1 0 84.44104158848829 -12.359589235851267 -117.5
1 1 82.58197912660658 -12.962511956332028 -108.0
2576
-------------------New----------------
0 0 -53.88989179707679 67.93134091848039 118.5
0 1 -52.194183362745775 70.38686683739053 108.5
1 0 -14.053099185587092 126.17449586681869 -117.5
1 1 -15.656768932041729 123.82440020349802 -108.0
2579
-------------------New----------------
0 0 -72.53415739283172 12.052935614600306 118.5
0 1 -68.77208086528528 11.510557993194015 108.5
1 0 16.214170405649874 -0.7447814751783471 -117.5
1 1 12.640704289890639 -0.23224005398040562 -108.0
2582
-------------------New----------------
0 0 -77.17066303529153 122.46915165896905 118.5
0 1 -76.54953040899177 122.47143040998722 108.5
1 0 -62.53411664626178 122.5661527605453 -117.5
1 1 -63.12224318719093 122.56282240272076 -108.0
2593
-------------------New----------------
0 0 -17.484720369714875 18.350256009580946 118.5
0 1 -19.96826621290322 16.824258496798805 108.5
1 0 -76.18345717539782 -17.5122726153366 -117.5
1 1 -73.81649521180748 -16.070993036338216 -108.0
2608
-------------------New----------------
0 0 103.17995496750613 -26.427505121923673 118.5
0 1 103.71167050316288 -28.218280121276912 108.5
1 0 115.7892187155868 -68.73240837462284 -117.5
1 1 115.2806944364567 -67.02878083059906 -108.0
2612
-------------------New----------------
0 0 -23.501287023849798 -1.1338872979508126 118.5
0 1 -26.205232851944185 -4.387549246070466 108.5
1 0 -87.32660186079679 -77.9492424669891 -117.5
1 1 -84.75914764533569 -74.85450933177584 -108.0
2613
-------------------New----------------
0 0 -0.16224111056287568 -44.5442596140344 118.5
0 1 -3.709936066378895 -46.075792954685866 108.5
1 0 -83.95160372264782 -80.70758860867696 -117.5
1 1 -80.57642504485138 -79.24890186464071 -108.0
2616
-------------------New----------------
0 0 13.596721223985535 -53.16163403768066 118.5
0 1 13.166488422130252 -54.45366100272715 108.5
1 0 3.3593929320000036 -83.78705685791103 -117.5
1 1 3.765770539733306 -82.54465953172539 -108.0
2622
-------------------New----------------
0 0 -22.339720975708524 -101.41679522615746 118.5
0 1 -18.099103726219095 -101.35811752179248 108.5
1 0 77.74563773983624 -100.02382517243504 -117.5
1 1 73.71669215995588 -100.07961455313746 -108.0
2625
-------------------New----------------
0 0 -34.71445137836425 3.8548578931303643 118.5
0 1 -37.38472310530903 -1.5689414475015553 108.5
1 0 -97.70058337146222 -124.12780608048497 -117.5
1 1 -95.16596044774568 -118.97565281147986 -108.0
2631
-------------------New----------------
0 0 75.61327519010356 -78.11341174512441 118.5
0 1 75.17287126506562 -76.62230860995047 108.5
1 0 65.12762436056845 -42.894194574835 -117.5
1 1 65.55273444142564 -44.315135916479406 -108.0
2642
-------------------New----------------
0 0 -37.35560546388481 -5.788438200612905 118.5
0 1 -34.24042662306077 -5.014454513058782 108.5
1 0 36.269462430653626 12.470749695711202 -117.5
1 1 33.301596452480766 11.735677687478434 -108.0
2645
-------------------New----------------
0 0 78.15562843375395 -42.03755240813136 118.5
0 1 76.08220244740355 -40.54055108279439 108.5
1 0 29.193424004317354 -6.636512256716527 -117.5
1 1 31.16260643114981 -8.065919799556342 -108.0
2664
-------------------New----------------
0 0 33.210469465941166 19.88636870927634 118.5
0 1 32.88803116088677 16.789372529733956 108.5
1 0 25.598285870655864 -53.21314287661833 -117.5
1 1 25.903514673590553 -50.27185052437133 -108.0
2666
-------------------New----------------
0 0 44.131094491752734 14.058919944993619 118.5
0 1 42.60751525256613 9.983146656199617 108.5
1 0 8.119005877283874 -82.16641335387055 -117.5
1 1 9.566662389789341 -78.29511256848976 -108.0
2679
-------------------New----------------
0 0 100.73896137249409 81.70417388348234 118.5
0 1 100.7720177445041 78.99307310001758 108.5
1 0 101.52403875142308 17.742381007179375 -117.5
1 1 101.49274570500725 20.317191127488414 -108.0
2682
-------------------New----------------
0 0 -21.812859132320106 -19.739304221624053 118.5
0 1 -22.603074013902177 -18.69587616402212 108.5
1 0 -40.5651609280845 4.742872064641316 -117.5
1 1 -39.804533794624895 3.7569609957475096 -108.0
2688
-------------------New----------------
0 0 59.010778176886824 14.139334702232654 118.5
0 1 56.69371861359521 16.2687410258869 108.5
1 0 4.630235133338441 64.49204373966819 -117.5
1 1 6.8097328418401615 62.46850149610172 -108.0
2694
-------------------New----------------
0 0 -61.71891611217421 -17.111102816906477 118.5
0 1 -63.26557054676713 -14.754733613795485 108.5
1 0 -98.21478437258062 38.445026125208074 -117.5
1 1 -96.7452534454981 36.2107460652889 -108.0
2695
-------------------New----------------
0 0 82.4191328821685 -69.21370037739406 118.5
0 1 83.06141574126718 -68.42232259774619 108.5
1 0 97.4998956844065 -50.64827566479537 -117.5
1 1 96.89025569228406 -51.39554318585756 -108.0
2719
-------------------New----------------
0 0 30.734908858552195 -93.46302115349765 118.5
0 1 29.281398776644608 -91.28577507882304 108.5
1 0 -3.3942118833741644 -42.05340562212986 -117.5
1 1 -2.026805246227466 -44.12155904142422 -108.0
2722
-------------------New----------------
0 0 18.85707998356797 -18.268200216427257 118.5
0 1 21.364547930643948 -20.240870462384144 108.5
1 0 78.03222490612771 -64.85496151603442 -117.5
1 1 75.65284393850087 -62.97869995389186 -108.0
2728
-------------------New----------------
0 0 45.65249571040363 -42.31207487137325 118.5
0 1 43.83725023752671 -40.71158717695385 108.5
1 0 2.8145796654136617 -4.6006134651292845 -117.5
1 1 4.540359683280876 -6.118654944392707 -108.0
2730
-------------------New----------------
0 0 -28.898761606644534 18.567949244433205 118.5
0 1 -24.98493442823293 16.47546064745748 108.5
1 0 62.409566777495854 -31.397726908615777 -117.5
1 1 58.782921139185916 -29.355953941200248 -108.0
2733
-------------------New----------------
0 0 5.424607373509818 -19.79162775899852 118.5
0 1 0.6625895764520717 -21.68554490722907 108.5
1 0 -107.06861042292341 -64.43368100555031 -117.5
1 1 -102.53928829484437 -62.63836915942146 -108.0
2739
-------------------New----------------
0 0 31.780382630149774 51.075301041261625 118.5
0 1 33.00328078522053 48.998484450619074 108.5
1 0 60.50604203648781 1.9837916480698659 -117.5
1 1 59.35134672664035 3.9595089215567087 -108.0
2753
-------------------New----------------
0 0 -72.42810169827553 -85.76997534240431 118.5
0 1 -68.53742684848986 -86.58549851257644 108.5
1 0 19.391349496905327 -105.01806570910563 -117.5
1 1 15.695081286603047 -104.24326725145106 -108.0
2756
-------------------New----------------
0 0 4.215306132921404 51.159087371914126 118.5
0 1 1.9475996689186672 53.512886735764994 108.5
1 0 -49.866498682607315 106.66089233240999 -117.5
1 1 -47.71627696671891 104.412404061959 -108.0
2763
-------------------New----------------
0 0 106.2500082634904 15.946094826078305 118.5
0 1 107.1497145232698 14.64345975809847 108.5
1 0 127.49199772948343 -14.795641346289486 -117.5
1 1 126.63647024370479 -13.557711123086724 -108.0
2769
-------------------New----------------
0 0 20.913565427537414 91.76038765429935 118.5
0 1 20.52444620068562 90.22451849725894 108.5
1 0 11.761364400314 55.54092564956229 -117.5
1 1 12.127511331632451 56.995940111878745 -108.0
2776
-------------------New----------------
0 0 -40.166551459634476 89.51609829746073 118.5
0 1 -41.170323835461154 88.71330314402854 108.5
1 0 -63.892754618898344 70.39897664485785 -117.5
1 1 -62.93467452228221 71.17648392817952 -108.0
2782
-------------------New----------------
0 0 -41.07716900769289 -40.46206020782097 118.5
0 1 -36.50135394583489 -43.046353008467705 108.5
1 0 66.91553482732864 -101.45194360830973 -117.5
1 1 62.568223358536784 -98.99677237956631 -108.0
2783
-------------------New----------------
0 0 -42.04978792826169 41.70935769232898 118.5
0 1 -42.02869523163684 38.340160648968855 108.5
1 0 -41.476978816137276 -37.65932622916878 -117.5
1 1 -41.502819986339816 -34.46672978087409 -108.0
2785
-------------------New----------------
0 0 -63.93980891351639 101.41049101838409 118.5
0 1 -59.54121955261114 100.18059944733567 108.5
1 0 39.995521090629275 72.37781636522823 -117.5
1 1 35.80736624946563 73.55076985080446 -108.0
2793
-------------------New----------------
0 0 116.14060932457332 -54.63126731519749 118.5
0 1 116.59770177230132 -52.22353798745 108.5
1 0 126.90935223884189 2.475993541656082 -117.5
1 1 126.47718315849855 0.16984069951930567 -108.0
2796
-------------------New----------------
0 0 31.38534987860689 48.432432055330054 118.5
0 1 24.910773722647228 48.836962385302556 108.5
1 0 -121.49883634727787 57.930192379394214 -117.5
1 1 -115.34431105321116 57.55230002969697 -108.0
2804
-------------------New----------------
0 0 89.19164484825134 8.011303895938994 118.5
0 1 88.5498622267294 8.884143527585945 108.5
1 0 74.05309376919999 28.627039085202927 -117.5
1 1 74.6644272832798 27.794626832156183 -108.0
2805
-------------------New----------------
0 0 -11.784161910796747 -16.583729902679075 118.5
0 1 -12.141747714873409 -18.420037680070642 108.5
1 0 -20.214370212227724 -59.9213530958794 -117.5
1 1 -19.87307799831583 -58.177536516648026 -108.0
2815
-------------------New----------------
0 0 11.73595932203013 15.718418186949512 118.5
0 1 10.499342584049254 18.426814562736432 108.5
1 0 -17.458013839088387 79.5198400532063 -117.5
1 1 -16.28641515116567 76.95203016440415 -108.0
2822
-------------------New----------------
0 0 -78.6501055680003 35.41811080798922 118.5
0 1 -78.9969270248845 36.361548515051744 108.5
1 0 -87.09665377916927 58.08936371004601 -117.5
1 1 -86.75407173960065 57.157178123241884 -108.0
2829
-------------------New----------------
0 0 30.03367786924887 59.56480226586399 118.5
0 1 25.10440680161524 62.13286908942621 108.5
1 0 -86.32506037557366 120.2571260393416 -117.5
1 1 -81.63865405363944 117.8110602387633 -108.0
2835
-------------------New----------------
0 0 -29.827307468146387 9.502421987262863 118.5
0 1 -23.979588974424814 11.532482275519612 108.5
1 0 108.12715983213425 57.385302888681096 -117.5
1 1 102.57468815186326 55.4578891432255 -108.0
2840
-------------------New----------------
0 0 53.353709736800866 37.067118153277775 118.5
0 1 55.478998425694485 40.000683486766725 108.5
1 0 103.45228418971638 106.20931968442127 -117.5
1 1 101.42996966637067 103.4339188014865 -108.0
2842
-------------------New----------------
0 0 20.926053362821257 37.26530208284542 118.5
0 1 18.628750236035337 35.42880995706209 108.5
1 0 -33.884887528532296 -5.74390392093549 -117.5
1 1 -31.66135352344283 -4.019315617001884 -108.0
2865
-------------------New----------------
0 0 -2.508742991094965 -35.646812396568734 118.5
0 1 -5.040443694722012 -38.459943466496036 108.5
1 0 -62.329294480883355 -102.09235251779906 -117.5
1 1 -59.93172471164445 -99.4118222174085 -108.0
2874
-------------------New----------------
0 0 15.859670769928183 72.31953027824483 118.5
0 1 10.777819164308458 70.22083947955849 108.5
1 0 -104.07242426180889 22.974471251392064 -117.5
1 1 -99.2464796748732 24.96794130702778 -108.0
2906
-------------------New----------------
0 0 87.95874098126939 -51.08911872632366 118.5
0 1 89.13857430251792 -52.09677790800332 108.5
1 0 115.80521376913448 -74.87718491663803 -117.5
1 1 114.68464104928883 -73.9192104116335 -108.0
2921
-------------------New----------------
0 0 32.593049166386024 -59.9401037170157 118.5
0 1 28.34508825502645 -61.178596147609824 108.5
1 0 -67.65831792164826 -89.13559920028544 -117.5
1 1 -63.621668189474896 -87.96094868140212 -108.0
2927
-------------------New----------------
0 0 -93.19301145315107 69.04106628059188 118.5
0 1 -94.6644734415206 68.15287848469409 108.5
1 0 -127.95969273703281 48.090813226155596 -117.5
1 1 -126.55856404018903 48.932867675918494 -108.0
2930
-------------------New----------------
0 0 -16.183978299417372 -60.17959899245828 118.5
0 1 -12.898092386239705 -62.341292250992026 108.5
1 0 61.680363791120705 -111.95815011348877 -117.5
1 1 58.52714897542497 -109.84551347181723 -108.0
2941
-------------------New----------------
0 0 38.443266608468164 -104.33183179540461 118.5
0 1 39.21271931598311 -104.76910047770204 108.5
1 0 56.60048556472393 -114.71886116374549 -117.5
1 1 55.87416590376122 -114.30014221960175 -108.0
2958
-------------------New----------------
0 0 -14.208016693403968 14.935822497973783 118.5
0 1 -11.731035550331331 12.289333866035896 108.5
1 0 44.25339936933843 -47.506150079064724 -117.5
1 1 41.90038779802295 -44.99235311688888 -108.0
2964
-------------------New----------------
0 0 -40.904057974759496 -33.58054248237789 118.5
0 1 -41.33493636022584 -34.86141850943149 108.5
1 0 -51.00561574993697 -63.79077721574622 -117.5
1 1 -50.59243005869672 -62.58386073079157 -108.0
2966
-------------------New----------------
0 0 88.80850700459148 105.84476762188554 118.5
0 1 87.14810302125457 104.421474442204 108.5
1 0 49.63060576257417 72.22255907666408 -117.5
1 1 51.20644356753154 73.57282350403138 -108.0
2967
-------------------New----------------
0 0 35.36644562960874 27.026206696327215 118.5
0 1 39.18913026015585 28.385819423231617 108.5
1 0 125.63351893656709 58.92945578218604 -117.5
1 1 121.99349772137846 57.64518562024604 -108.0
2970
-------------------New----------------
0 0 -63.82663608570796 9.002471434640091 118.5
0 1 -64.5077644398272 6.80543824591542 108.5
1 0 -79.76738374895262 -42.79394793631781 -117.5
1 1 -79.13139650488048 -40.71459670514794 -108.0
2971
-------------------New----------------
0 0 -100.82674993420962 -1.679410730214362 118.5
0 1 -101.32696958182852 0.648288138601567 108.5
1 0 -112.61550309758702 53.27388189697059 -117.5
1 1 -112.1414779325346 51.06101091397018 -108.0
2974
-------------------New----------------
0 0 95.65542698763542 -31.519458636729695 118.5
0 1 94.96851863761329 -28.9269551668388 108.5
1 0 79.44665003771169 29.681223427995214 -117.5
1 1 80.09793000252532 27.21677566212738 -108.0
2976
-------------------New----------------
0 0 65.25884526246311 73.90930173165918 118.5
0 1 62.791316465813495 73.32114892348118 108.5
1 0 7.030618880276758 60.02698074929888 -117.5
1 1 9.373975247687081 60.586693440467876 -108.0
2980
-------------------New----------------
0 0 4.794699033460541 -113.60168630671853 118.5
0 1 5.160717583519931 -113.41108813414432 108.5
1 0 13.480380585390815 -109.13004568066594 -117.5
1 1 13.128151409630448 -109.308406627231 -108.0
2984
-------------------New----------------
0 0 -64.76729697157953 -11.589741276660778 118.5
0 1 -66.32677174806344 -10.864672104212453 108.5
1 0 -101.66457580976541 5.42166068095528 -117.5
1 1 -100.17938142302633 4.7392092078094965 -108.0
2988
-------------------New----------------
0 0 -34.741921100623514 -65.35640376177955 118.5
0 1 -36.656944573450424 -61.044080069648125 108.5
1 0 -79.94851743013977 36.51791532523105 -117.5
1 1 -78.12508990765672 32.41925246655175 -108.0
3013
-------------------New----------------
0 0 73.97918296943742 43.56050930980349 118.5
0 1 72.22615428851995 40.80059612306301 108.5
1 0 32.55008992207232 -21.669259159843072 -117.5
1 1 34.21847281246106 -19.04682052386482 -108.0
3028
-------------------New----------------
0 0 -46.002798210201156 -0.8723942671281038 118.5
0 1 -41.98571408712349 -3.5602393813677518 108.5
1 0 48.80200835394556 -64.310526879369 -117.5
1 1 44.98555344225751 -61.75642900794456 -108.0
3047
-------------------New----------------
0 0 6.1065676426573345 -64.51856219019172 118.5
0 1 4.380847087692125 -61.10908356266329 108.5
1 0 -34.493574743710326 16.012294106378842 -117.5
1 1 -32.861475192305306 12.770347752881321 -108.0
3051
-------------------New----------------
0 0 -61.70846568156505 44.280360251420035 118.5
0 1 -61.99199975739275 38.894994405814586 108.5
1 0 -68.36906699571773 -82.88928531511198 -117.5
1 1 -68.10482083753166 -77.76729030892496 -108.0
3057
-------------------New----------------
0 0 45.64984213927538 27.96909107605914 118.5
0 1 49.095012132982404 26.04344150966411 108.5
1 0 127.00394964506116 -17.472064170663373 -117.5
1 1 123.7273176399815 -15.64443446497354 -108.0
3058
-------------------New----------------
0 0 -8.327196270796586 4.819682695238997 118.5
0 1 -14.425340059907967 3.3263997713427473 108.5
1 0 -94.05664475257723 -57.80731853166636 -117.5
1 1 -93.7756567259121 -57.15015397267016 -108.0
3059
-------------------New----------------
0 0 -50.49668249272083 -37.37682402280309 118.5
0 1 -45.09126700133511 -31.604862331021895 108.5
1 0 77.28510869040147 98.68950657046057 -117.5
1 1 72.14075610519532 93.20658960727127 -108.0
3071
-------------------New----------------
0 0 80.54928191252978 61.69560755861797 118.5
0 1 79.58524743940998 58.434705993603394 108.5
1 0 57.80605140977123 -15.331265937477648 -117.5
1 1 58.721237394327375 -12.227931654065506 -108.0
3074
-------------------New----------------
0 0 9.806737116630567 0.64264223725642 118.5
0 1 11.972408727003538 -1.2211631782074486 108.5
1 0 60.875607935666814 -43.267774547412685 -117.5
1 1 58.82059069493537 -41.50256948191271 -108.0
3077
-------------------New----------------
0 0 -34.53347216848373 -96.72699432430736 118.5
0 1 -34.56825117380963 -96.04952457741199 108.5
1 0 -35.336258715918774 -80.74290669380213 -117.5
1 1 -35.304491311180065 -81.38595038351198 -108.0
3091
-------------------New----------------
0 0 -96.22546536799999 7.516833796070651 118.5
0 1 -95.8433135201673 6.947592984992829 108.5
1 0 -87.21556674405453 -5.887035360575182 -117.5
1 1 -87.57601116294123 -5.347866755703056 -108.0
3097
-------------------New----------------
0 0 -45.92101411287909 -66.26818176205765 118.5
0 1 -40.270309723501875 -67.93631117483338 108.5
1 0 87.3946807017129 -105.64302350912715 -117.5
1 1 82.02836240389804 -104.0571938194216 -108.0
3098
-------------------New----------------
0 0 18.240113213979992 20.453877031503545 118.5
0 1 18.961536812902644 21.507932454327413 108.5
1 0 35.26362138244967 45.332235072852704 -117.5
1 1 34.578400233415636 44.33066316975321 -108.0
3102
-------------------New----------------
0 0 11.201518709421691 30.182558149552005 118.5
0 1 13.93918144547859 31.2331659208274 108.5
1 0 75.82056660894239 54.9871738191885 -117.5
1 1 73.21924504183012 53.98745541689673 -108.0
3109
-------------------New----------------
0 0 -52.777597109450994 42.8133340441316 118.5
0 1 -51.17110463630734 43.208655165721616 108.5
1 0 -14.93970798436448 52.119252678040155 -117.5
1 1 -16.461597190708538 51.74420375595831 -108.0
3114
-------------------New----------------
0 0 -1.0306660854492429 69.9935470436746 118.5
0 1 -2.0141809395542523 65.9083754952741 108.5
1 0 -24.424286890902913 -26.260909722850272 -117.5
1 1 -23.480925780022446 -22.388740933389027 -108.0
3122
-------------------New----------------
0 0 -55.92602858416543 -39.602265682950076 118.5
0 1 -55.68365990094039 -37.09057310845442 108.5
1 0 -50.46157415784209 19.723907965447545 -117.5
1 1 -50.66482324375664 17.33485349052071 -108.0
3142
-------------------New----------------
0 0 -4.9655380820377655 -15.644912751332635 118.5
0 1 -1.1254887544325678 -11.921166950768809 108.5
1 0 85.68687232222831 72.04808705482787 -117.5
1 1 82.03685695930204 68.51670483217997 -108.0
3144
-------------------New----------------
0 0 46.29116290653625 45.58605272377599 118.5
0 1 47.03229246267952 47.275522117286776 108.5
1 0 63.80842811916112 85.39096207842513 -117.5
1 1 63.1022456897784 83.77792660287949 -108.0
3145
-------------------New----------------
0 0 62.059158757974444 -0.48542635842263027 118.5
0 1 60.65293642114999 2.5843279101085628 108.5
1 0 28.75361766662856 71.93604231643292 -117.5
1 1 30.098758127099263 69.02242877641743 -108.0
3155
-------------------New----------------
0 0 26.342384167603456 102.00032851211643 118.5
0 1 28.90120829441084 101.78451355721577 108.5
1 0 86.73532936000524 96.90685164422568 -117.5
1 1 84.30401068153415 97.11206718705007 -108.0
3159
-------------------New----------------
0 0 21.55616353352009 61.417283634518505 118.5
0 1 22.76288670342876 62.903891160183925 108.5
1 0 50.055337917448114 96.50531487582752 -117.5
1 1 48.907156902869296 95.09220914808543 -108.0
3173
-------------------New----------------
0 0 0.7593025670423131 -5.575097996315328 118.5
0 1 4.835433655468773 -5.339975459877185 108.5
1 0 97.1052707696772 -0.12230830214268913 -117.5
1 1 93.22222223919029 -0.33980840710690724 -108.0
3176
-------------------New----------------
0 0 -56.681704300389285 63.513333112295996 118.5
0 1 -51.999653006943255 59.2477429647577 108.5
1 0 53.535114175477155 -37.26775533921362 -117.5
1 1 49.120270387814614 -33.20805415010499 -108.0
3182
-------------------New----------------
0 0 108.50706535916513 -27.20088357902791 118.5
0 1 108.139353397394 -25.594793717398662 108.5
1 0 99.82755781663198 10.707905830487372 -117.5
1 1 100.17742559103377 9.181935913193183 -108.0
3183
-------------------New----------------
0 0 48.0800144643314 9.0729587560289 118.5
0 1 44.80582302757882 6.605364044068279 108.5
1 0 -29.088807429364163 -49.01953472924795 -117.5
1 1 -25.984389793891598 -46.684073992869266 -108.0
3201
-------------------New----------------
0 0 38.88473235405965 74.3405937058019 118.5
0 1 38.30098255777402 72.56963755177763 108.5
1 0 25.08317423977687 32.51152867062477 -117.5
1 1 25.63781212113172 34.19380713163538 -108.0
3208
-------------------New----------------
0 0 -63.65862198846058 -13.593823356993557 118.5
0 1 -66.28134554144398 -12.586376634830964 108.5
1 0 -125.26471184047382 10.635069923531335 -117.5
1 1 -122.78629724125827 9.663276491423636 -108.0
3212
-------------------New----------------
0 0 39.155087967634465 0.908081327781605 118.5
0 1 42.844624512572395 5.636991231527523 108.5
1 0 126.25486919866846 112.52002755705368 -117.5
1 1 122.748208943178 108.02597797829053 -108.0
3214
-------------------New----------------
0 0 81.50442880855354 35.11056029235574 118.5
0 1 82.64270950513534 34.23920178401162 108.5
1 0 108.1180049188351 14.62121512354041 -117.5
1 1 107.05477679452179 15.441063426209137 -108.0
3216
-------------------New----------------
0 0 -64.47764101987461 -42.26502145008122 118.5
0 1 -64.95341763419424 -38.08278056921832 108.5
1 0 -75.70318498094852 56.438871440951246 -117.5
1 1 -75.25201197322926 52.46574231848465 -108.0
3232
-------------------New----------------
0 0 -57.915988332070995 104.40250770712211 118.5
0 1 -60.370981125438995 103.94948629539256 108.5
1 0 -115.84557560863175 93.70286235033541 -117.5
1 1 -113.51377950860915 94.133777373417 -108.0
3240
-------------------New----------------
0 0 89.8017865596709 41.63709931594714 118.5
0 1 88.2586216775015 38.87118978545597 108.5
1 0 53.32664043691683 -23.65390563277215 -117.5
1 1 54.79602995051873 -21.02501680207856 -108.0
3241
-------------------New----------------
0 0 80.92176466009319 21.69065783965519 118.5
0 1 78.2085998806577 23.944450020372418 108.5
1 0 16.94549713270468 74.87801745134514 -117.5
1 1 19.51796180073676 72.73920426517714 -108.0
3249
-------------------New----------------
0 0 50.1614037800853 65.880615934289 118.5
0 1 49.1991030826952 66.89211235196903 108.5
1 0 27.532136269777652 89.57165585402807 -117.5
1 1 28.449713211654842 88.60817508872937 -108.0
3255
-------------------New----------------
0 0 39.68828868836291 36.72992158762878 118.5
0 1 41.821733674191854 37.09221214511727 108.5
1 0 90.24252903458766 45.1738859045904 -117.5
1 1 88.20036919035586 44.84128825367859 -108.0
3258
-------------------New----------------
0 0 -27.606494670780403 59.355853970297076 118.5
0 1 -29.283043967952853 61.32018656626549 108.5
1 0 -67.17387070106035 105.71382114640161 -117.5
1 1 -65.58105030750397 103.8477149846528 -108.0
3285
-------------------New----------------
0 0 16.48241440351941 10.46311342196535 118.5
0 1 16.9916040711353 6.009924241566563 108.5
1 0 28.75721191450096 -94.56953835222863 -117.5
1 1 28.257192844446685 -90.34676123682756 -108.0
3288
-------------------New----------------
0 0 54.96060068265756 68.99841267892359 118.5
0 1 52.02497669441639 70.06180010056845 108.5
1 0 -14.321242544215949 94.09671601313156 -117.5
1 1 -11.532694594010987 93.08691859666864 -108.0
3292
-------------------New----------------
0 0 58.79168338668853 61.54481447752541 118.5
0 1 60.2174568242087 59.68864218110324 108.5
1 0 92.42677291553579 17.738751578142747 -117.5
1 1 91.07501440787277 19.504460845762118 -108.0
3305
-------------------New----------------
0 0 -26.78123161701607 -0.2210645009851115 118.5
0 1 -27.509507463223905 -5.238400694610737 108.5
1 0 -44.16944582050947 -118.96726872338456 -117.5
1 1 -43.45575764462446 -114.17192113799224 -108.0
3314
-------------------New----------------
0 0 18.640939527426326 51.515473168648654 118.5
0 1 21.419763975547983 46.04748151240749 108.5
1 0 84.24789280488105 -77.52215361096589 -117.5
1 1 81.60905901753259 -72.32620833802395 -108.0
3315
-------------------New----------------
0 0 -93.69069906605785 91.42210737616989 118.5
0 1 -92.48218498420997 89.69126798032613 108.5
1 0 -64.94091364170835 50.143098524780854 -117.5
1 1 -66.10883232503261 51.81497933341417 -108.0
3327
-------------------New----------------
0 0 66.32053799577258 74.98000900426668 118.5
0 1 66.84958506199631 73.52309477502176 108.5
1 0 78.74070717864419 40.46143872687459 -117.5
1 1 78.24422196861676 41.84796512238151 -108.0
3334
-------------------New----------------
0 0 50.28894516900719 84.14518426911384 118.5
0 1 49.378648634613796 84.92585769629657 108.5
1 0 28.73202102066482 102.94938123121406 -117.5
1 1 29.598218121621255 102.18810556523998 -108.0
3335
-------------------New----------------
0 0 16.98096934752727 87.86556618051483 118.5
0 1 19.353176124309492 94.09514864146179 108.5
1 0 -54.87269994701488 -39.320992673897074 -117.5
1 1 -53.904110298156944 -35.706594466739695 -108.0
3337
-------------------New----------------
0 0 -51.37690955532737 0.012883714455216388 118.5
0 1 -48.30058607175733 1.634039570153421 108.5
1 0 21.551131227355448 38.3837155209319 -117.5
1 1 18.616927813656975 36.835768674934535 -108.0
3353
-------------------New----------------
0 0 -7.517194558926003 -49.32088588103879 118.5
0 1 -11.177726800270445 -51.311985253924355 108.5
1 0 -94.03408699127701 -96.32261457444581 -117.5
1 1 -90.55028334222223 -94.42958844698464 -108.0
3360
-------------------New----------------
0 0 2.0035095710910005 1.3289171778211348 118.5
0 1 1.1849970552123943 -2.39508199469728 108.5
1 0 -17.31053173300926 -86.5843690012962 -117.5
1 1 -16.53397261852033 -83.04724763771264 -108.0
3376
-------------------New----------------
0 0 72.41278090614725 15.140175660964479 118.5
0 1 71.40627114422416 9.9242431709929 108.5
1 0 48.70101264102323 -107.93542336630802 -117.5
1 1 49.65422552244032 -102.98264952190047 -108.0
3379
-------------------New----------------
0 0 82.25800950254036 50.50261510666214 118.5
0 1 80.63352689646396 52.65843497106249 108.5
1 0 43.898790494991985 101.37370049831263 -117.5
1 1 45.4435806180728 99.3264461379662 -108.0
3390
-------------------New----------------
0 0 6.370426712670176 -80.08624694812433 118.5
0 1 6.452781098131908 -81.9457930710116 108.5
1 0 8.32926213883011 -123.92652017532032 -117.5
1 1 8.250334652952214 -122.16249592341721 -108.0
3392
-------------------New----------------
0 0 -74.15113338245513 81.3914731558957 118.5
0 1 -70.72285587645936 80.46037560452899 108.5
1 0 6.755832549558962 59.48788959397721 -117.5
1 1 3.4988220483350907 60.37245351234558 -108.0
3396
-------------------New----------------
0 0 71.71148810999651 -75.2220063184902 118.5
0 1 73.2853025582309 -77.23817781695918 108.5
1 0 108.97628137135186 -123.09787669278853 -117.5
1 1 107.46782603645491 -121.15864354325034 -108.0
3397
-------------------New----------------
0 0 74.85806555265063 67.4879565861083 118.5
0 1 76.55441146469839 65.07450712136354 108.5
1 0 114.98959040185942 10.440114112961362 -117.5
1 1 113.37083308960075 12.73835427629327 -108.0
3400
-------------------New----------------
0 0 54.74793907430353 26.370967461438482 118.5
0 1 56.173969832958036 29.63379640069447 108.5
1 0 88.56947798499229 103.36650930013903 -117.5
1 1 87.19826231815782 100.27348267837404 -108.0
3401
-------------------New----------------
0 0 -39.12882008744528 -7.1480916293660055 118.5
0 1 -39.75365296750148 -6.687772401659389 108.5
1 0 -53.670116947095245 3.8090760247158983 -117.5
1 1 -53.123559744362886 3.4049234001624065 -108.0
3404
-------------------New----------------
0 0 77.93704480008964 -109.73441379855578 118.5
0 1 76.09729188354775 -108.62613861991674 108.5
1 0 34.499024342055236 -83.5911916299385 -117.5
1 1 36.24759487929434 -84.6424460820365 -108.0
3414
-------------------New----------------
0 0 5.930707354880501 -10.38034712131469 118.5
0 1 8.077952217891411 -9.130194632395137 108.5
1 0 56.62197971991658 19.110950073311866 -117.5
1 1 54.580692040672226 17.9238430058452 -108.0
3415
-------------------New----------------
0 0 -116.94425574331657 -76.44572091604434 118.5
0 1 -117.24066750278602 -76.73863954320812 108.5
1 0 -123.94649344312063 -83.33592329071861 -117.5
1 1 -123.66290870143537 -83.05972845353959 -108.0
3418
-------------------New----------------
0 0 35.67748602064917 -4.081419462005711 118.5
0 1 38.05582916573977 -5.582125805159351 108.5
1 0 91.33297050220378 -39.35779839624453 -117.5
1 1 89.12001579595396 -37.9339902938893 -108.0
3421
-------------------New----------------
0 0 24.79823437018407 -13.690609086003303 118.5
0 1 25.739840035196828 -16.070894735959392 108.5
1 0 47.00481525784463 -69.81710214800395 -117.5
1 1 46.11096925716792 -67.56059951599957 -108.0
3433
-------------------New----------------
0 0 71.78135017316347 -63.00625110371044 118.5
0 1 71.68269331469375 -59.90759411680524 108.5
1 0 69.43787512352189 10.19495971904695 -117.5
1 1 69.52757995269017 7.249185301157494 -108.0
3434
-------------------New----------------
0 0 0.3285452240766887 -15.690495121404236 118.5
0 1 2.9770961400727884 -14.95812546833373 108.5
1 0 62.700271151458786 1.149148051894856 -117.5
1 1 60.19081147108974 0.48366770195524883 -108.0
3435
-------------------New----------------
0 0 -2.5764448228956844 -26.137712169136528 118.5
0 1 -0.9676351943182275 -27.573458018650435 108.5
1 0 35.558505735097505 -60.027430972972034 -117.5
1 1 34.01832970130478 -58.65756914524576 -108.0
3438
-------------------New----------------
0 0 -33.429373959314454 -45.2722386516905 118.5
0 1 -35.6120071164637 -40.73819237764082 108.5
1 0 -85.11303166390799 61.717269026242455 -117.5
1 1 -83.030162351432 57.41476525952898 -108.0
3441
-------------------New----------------
0 0 54.99249312202426 17.23757535907266 118.5
0 1 54.423944722929676 12.139219378539838 108.5
1 0 41.58333519854811 -103.08033954185476 -117.5
1 1 42.12310337476819 -98.23721459200902 -108.0
3446
-------------------New----------------
0 0 53.17001793748743 -24.15758110608887 118.5
0 1 51.710314032257806 -26.94932624328887 108.5
1 0 18.92040102162682 -90.04960095797477 -117.5
1 1 20.29752775677074 -87.39176001991568 -108.0
3453
-------------------New----------------
0 0 -12.166186449549405 -90.28223218962326 118.5
0 1 -10.829639316644075 -87.89870291650871 108.5
1 0 19.36029794181232 -34.083636299218355 -117.5
1 1 18.091874770282036 -36.34051699433326 -108.0
3454
-------------------New----------------
0 0 12.77296871282131 93.91711156838636 118.5
0 1 15.030081662928026 94.92379416000072 108.5
1 0 66.03899774944217 117.68253035591985 -117.5
1 1 63.894492877639834 116.7257663567492 -108.0
3459
-------------------New----------------
0 0 -59.54835716065004 46.99126674148017 118.5
0 1 -59.57826409680714 43.12000502621219 108.5
1 0 -59.73463463769018 -44.890608064813804 -117.5
1 1 -59.72748874792857 -41.17600225813278 -108.0
3464
-------------------New----------------
0 0 -40.9833976154437 15.386185966486698 118.5
0 1 -42.515560074879446 16.299226866468178 108.5
1 0 -77.21144116149472 37.10974577826023 -117.5
1 1 -75.75267681218439 36.23266109647111 -108.0
3476
-------------------New----------------
0 0 -101.76699257488966 -10.792871222587625 118.5
0 1 -100.11877095146446 -10.024568716855413 108.5
1 0 -62.760117791864424 7.3545612719171105 -117.5
1 1 -64.33504919137417 6.622973381873363 -108.0
3480
-------------------New----------------
0 0 72.20063705389207 -58.73117969962509 118.5
0 1 73.40272629936273 -60.25829788341597 108.5
1 0 100.57183979035229 -94.77220252705578 -117.5
1 1 99.42965659270553 -93.32132749237655 -108.0
3482
-------------------New----------------
0 0 -47.163945634574254 -60.27403990034035 118.5
0 1 -49.206536732560906 -60.07777946413921 108.5
1 0 -95.15412547876949 -55.42211946601483 -117.5
1 1 -93.21689739188851 -55.6216248168659 -108.0
3483
-------------------New----------------
0 0 -22.66833081938228 -15.85799204646852 118.5
0 1 -23.82211616755711 -10.013624555974998 108.5
1 0 -49.89675921389245 122.31781520993732 -117.5
1 1 -48.79813547095982 116.76285218443377 -108.0
3487
-------------------New----------------
0 0 48.75790630394864 -73.49696210474166 118.5
0 1 44.582376880747375 -74.39652078843963 108.5
1 0 -49.83243451580633 -94.71766320648901 -117.5
1 1 -45.862519238696045 -93.86384513087407 -108.0
3489
-------------------New----------------
0 0 -64.93158033317336 -90.49283349032432 118.5
0 1 -64.08870985438358 -89.47511473372232 108.5
1 0 -45.05800314317851 -66.49154091328097 -117.5
1 1 -45.85794157831328 -67.45600029328244 -108.0
3517
-------------------New----------------
0 0 59.43504107587749 -71.49171343938997 118.5
0 1 59.75704098135368 -69.40135532292709 108.5
1 0 67.03475369103577 -22.12134615447224 -117.5
1 1 66.72965518980557 -24.111439754639726 -108.0
3539
-------------------New----------------
0 0 54.50623427236601 4.624412262997984 118.5
0 1 57.31661413923632 6.407016970552658 108.5
1 0 120.83343886195492 46.615404807176304 -117.5
1 1 118.16395621394993 44.9259479762505 -108.0
3541
-------------------New----------------
0 0 19.840314457920584 62.0396590078479 118.5
0 1 22.958064864999564 62.91850780505846 108.5
1 0 93.39545156138686 82.75217233686382 -117.5
1 1 90.43289935434085 81.91869317453062 -108.0
3542
-------------------New----------------
0 0 31.95626311799408 -38.26976961280499 118.5
0 1 27.629361559491564 -34.5743311793173 108.5
1 0 -70.45430012504599 49.19771309648989 -117.5
1 1 -66.32833502721984 45.66434108293437 -108.0
3559
-------------------New----------------
0 0 56.402482507470076 84.05985228746394 118.5
0 1 57.996060557994056 84.39929712392045 108.5
1 0 94.60441652687288 93.1331608974606 -117.5
1 1 93.0681778789526 92.76699543124127 -108.0
3569
-------------------New----------------
0 0 42.145816438935334 50.47321003070489 118.5
0 1 36.99877346961493 50.796421561824076 108.5
1 0 -79.48778610748583 57.425891530547275 -117.5
1 1 -74.59619671947026 57.159619202418774 -108.0
3576
-------------------New----------------
0 0 97.60064266941448 -38.935341010029035 118.5
0 1 97.01619465483381 -32.98040502445962 108.5
1 0 83.85850590723734 101.56674569952555 -117.5
1 1 84.41143516288577 95.91350933272079 -108.0
3579
-------------------New----------------
0 0 27.17717481700716 53.68793270281776 118.5
0 1 28.27910938413899 56.05997303946056 108.5
1 0 53.10038084318982 109.5922469058427 -117.5
1 1 52.06180932356283 107.34192321348924 -108.0
3581
-------------------New----------------
0 0 83.11217614691925 -27.496126540335005 118.5
0 1 84.84049718002085 -24.62651606583227 108.5
1 0 123.9044412709238 40.25441253827958 -117.5
1 1 122.26384281834957 37.52455385793054 -108.0
3593
-------------------New----------------
0 0 11.854880922553004 62.51504458245064 118.5
0 1 10.931609321070534 60.06510661790077 108.5
1 0 -9.935279361494274 4.697211546823388 -117.5
1 1 -9.058071842393847 7.024634881757183 -108.0
3594
-------------------New----------------
0 0 -30.150944727362827 -62.394062250174876 118.5
0 1 -30.030061038586517 -59.22876719894073 108.5
1 0 -27.32726212741519 12.357522712531582 -117.5
1 1 -27.439130545642104 9.348544063229038 -108.0
3599
-------------------New----------------
0 0 -34.36520352255419 7.067046746569018 118.5
0 1 -34.56905788919915 11.452498036710683 108.5
1 0 -39.18808817602204 110.46161666836288 -117.5
1 1 -39.00063430766892 106.29122823490113 -108.0
3609
-------------------New----------------
0 0 10.515587798086539 -38.78615906922467 118.5
0 1 5.465609489442987 -34.570284697183034 108.5
1 0 -108.41872340190105 61.26730823522355 -117.5
1 1 -103.62860006766543 57.2188389739552 -108.0
3612
-------------------New----------------
0 0 40.82189098770128 -86.30722010296984 118.5
0 1 39.051281592727044 -85.07760202037943 108.5
1 0 -0.8562377812032338 -56.95621158842221 -117.5
1 1 0.7989314075531816 -58.14071268080285 -108.0
3613
-------------------New----------------
0 0 -32.857241212173676 -20.26778489561559 118.5
0 1 -34.6319365987772 -23.258841759789217 108.5
1 0 -74.794453036842 -90.87071153621386 -117.5
1 1 -73.1046980614252 -88.02824173055437 -108.0
3619
-------------------New----------------
0 0 -11.64800271574416 -16.97643366636563 118.5
0 1 -6.241966962831606 -19.199215991450412 108.5
1 0 115.85037662088219 -69.48185379624354 -117.5
1 1 110.719900623177 -67.36636883410826 -108.0
3621
-------------------New----------------
0 0 -79.74913090236137 29.871450699349104 118.5
0 1 -77.14348551558103 30.13396061910235 108.5
1 0 -18.254924210638755 36.068201825556855 -117.5
1 1 -20.730243212637042 35.81886771423792 -108.0
3630
-------------------New----------------
0 0 -5.2184631494883815 -2.363976833312949 118.5
0 1 -7.917950729723989 -1.7885591740742321 108.5
1 0 -68.82982817454526 11.423736488949796 -117.5
1 1 -66.27124981199258 10.865837631536975 -108.0
3631
-------------------New----------------
0 0 -71.57603870677403 -67.82742204829347 118.5
0 1 -73.64799329856757 -66.05516205917726 108.5
1 0 -120.45845784535706 -26.001726271252426 -117.5
1 1 -118.49204548225217 -27.6841025677762 -108.0
3632
-------------------New----------------
0 0 43.34674168153683 67.53450077654179 118.5
0 1 42.6209873389718 67.6255396212048 108.5
1 0 26.353269900022163 69.6968872291047 -117.5
1 1 27.02908383284015 69.6060846413408 -108.0
3634
-------------------New----------------
0 0 -17.780129094704943 -44.04481084616114 118.5
0 1 -18.075787043955355 -44.73350652147374 108.5
1 0 -24.765825093047717 -60.29635502821287 -117.5
1 1 -24.48392892410754 -59.641824188814496 -108.0
3651
-------------------New----------------
0 0 -25.234981608105905 -101.96676988198061 118.5
0 1 -27.03525093340074 -101.65351124042145 108.5
1 0 -67.71860233468986 -94.5115883478356 -117.5
1 1 -65.98572725572656 -94.83926753735138 -108.0
3654
-------------------New----------------
0 0 -20.780729032542226 -51.89241828645784 118.5
0 1 -19.520773572393992 -49.36427812818091 108.5
1 0 8.963059553127684 7.766090459907195 -117.5
1 1 7.765523668113903 5.3646133460696 -108.0
3660
-------------------New----------------
0 0 -0.07902341671671423 5.75093906300066 118.5
0 1 1.7269541067272602 5.8784559217568235 108.5
1 0 42.54342605746256 8.773597220791444 -117.5
1 1 40.82673837169058 8.652290230198174 -108.0
3668
-------------------New----------------
0 0 4.960681299133137 -57.12168896217455 118.5
0 1 0.0612282573845242 -54.457827611620715 108.5
1 0 -110.69400783390572 5.75612224764896 -117.5
1 1 -106.0372682626066 3.2243013184356606 -108.0
3674
-------------------New----------------
0 0 21.46684359163572 -79.10161867319506 118.5
0 1 17.564778078025633 -78.09731992947059 108.5
1 0 -71.0890265967404 -55.24271346381543 -117.5
1 1 -67.356052388673 -56.207293447249775 -108.0
3676
-------------------New----------------
0 0 -24.01938444645851 -34.43144109076245 118.5
0 1 -23.93853435605824 -35.32657207758448 108.5
1 0 -22.07482141332268 -55.733062403206056 -117.5
1 1 -22.154039909712267 -54.87290510520395 -108.0
3683
-------------------New----------------
0 0 59.49816080512549 -1.1928406711802624 118.5
0 1 59.20507369568419 2.4508617283500227 108.5
1 0 52.641280000813445 84.5442387025229 -117.5
1 1 52.915795065220756 81.1078944534799 -108.0
3689
-------------------New----------------
0 0 -72.12182613341734 47.15652811881488 118.5
0 1 -69.9611455642962 48.19141810706912 108.5
1 0 -21.01792093351465 71.76146534652287 -117.5
1 1 -23.083529547480534 70.76527043094151 -108.0
3695
-------------------New----------------
0 0 -0.001893493387447287 -82.0953557721042 118.5
0 1 -1.038976942378046 -80.17154655486276 108.5
1 0 -24.476409767834635 -36.79722180403269 -117.5
1 1 -23.493752042357208 -38.61518402409248 -108.0
3697
-------------------New----------------
0 0 -87.32280564413699 -105.11655440131776 118.5
0 1 -86.21143774765254 -104.67367331250696 108.5
1 0 -61.16568520161612 -94.72189942729067 -117.5
1 1 -62.215969242201425 -95.13904815015731 -108.0
3699
-------------------New----------------
0 0 -34.65932016307823 -79.55271049678626 118.5
0 1 -30.691260324099677 -78.76484882481671 108.5
1 0 59.05068951368306 -60.942469997059696 -117.5
1 1 55.27696097917046 -61.692938422358075 -108.0
3700
-------------------New----------------
0 0 -60.900848697835976 -17.32278305181567 118.5
0 1 -62.52480049728051 -11.553802580444524 108.5
1 0 -99.2846928051265 118.77125388130234 -117.5
1 1 -97.73819793336915 113.29701104915382 -108.0
3716
-------------------New----------------
0 0 11.10412949767796 -65.84310959098035 118.5
0 1 8.653801630308923 -65.10052375597454 108.5
1 0 -46.721886797399904 -48.24497616832104 -117.5
1 1 -44.39501850040336 -48.95458640818332 -108.0
3718
-------------------New----------------
0 0 -55.37869776256049 48.099850096793006 118.5
0 1 -54.48098232184274 45.18973950351597 108.5
1 0 -34.19463419596046 -20.582025375503086 -117.5
1 1 -35.047020483718676 -17.816587263622452 -108.0
3720
-------------------New----------------
0 0 14.594277353759168 33.61746988327201 118.5
0 1 16.246781965426205 33.956651000887845 108.5
1 0 53.57841401071586 41.69676020289237 -117.5
1 1 52.00590639130676 41.369020948181934 -108.0
3745
-------------------New----------------
0 0 -8.683973621632013 72.1014530936742 118.5
0 1 -5.289325391496865 69.08407800175323 108.5
1 0 71.4132575450801 0.8944651208608662 -117.5
1 1 68.18964699715971 3.7614425129644453 -108.0
3749
-------------------New----------------
0 0 22.89367992138037 -58.35346480270632 118.5
0 1 22.311799907433507 -56.44424880644027 108.5
1 0 9.161835930744045 -13.27163896093111 -117.5
1 1 9.716447439744012 -15.0879659914449 -108.0
3770
-------------------New----------------
0 0 -41.12069152673535 -14.928746070824136 118.5
0 1 -38.80745527757872 -18.201198088282627 108.5
1 0 13.46974671349604 -92.15318889501563 -117.5
1 1 11.271897717148388 -89.04438989864751 -108.0
3776
-------------------New----------------
0 0 -54.065631287214174 -26.397281087970594 118.5
0 1 -56.316757555516645 -29.063998082272143 108.5
1 0 -107.1891977396098 -89.26550878886087 -117.5
1 1 -105.05356106167078 -86.73761772791961 -108.0
3778
-------------------New----------------
0 0 -83.99958114719347 -43.97286482316207 118.5
0 1 -85.1817000759167 -44.716558979777275 108.5
1 0 -111.87871491019746 -61.312478209394875 -117.5
1 1 -110.76063987084395 -60.62356163101308 -108.0
3780
-------------------New----------------
0 0 73.89495734023288 10.10082231609918 118.5
0 1 70.93011666129158 13.216315084994216 108.5
1 0 3.786572935660396 83.56896447506429 -117.5
1 1 6.611192730317003 80.62445365542062 -108.0
3786
-------------------New----------------
0 0 41.71006809855672 14.76419593131934 118.5
0 1 39.25516195238863 12.391777198167414 108.5
1 0 -16.387068177133145 -41.094631521605116 -117.5
1 1 -14.043372257471555 -38.85371971865168 -108.0
3792
-------------------New----------------
0 0 -34.673156254328816 -17.038129146704737 118.5
0 1 -35.464414989217595 -18.51480179830127 108.5
1 0 -53.21439279680872 -51.85501688388547 -117.5
1 1 -52.47401387089269 -50.45561302416218 -108.0
3801
-------------------New----------------
0 0 35.06850713284495 41.24731392575933 118.5
0 1 34.53838493382186 34.99406970081206 108.5
1 0 22.636073712938988 -106.2881973603126 -117.5
1 1 23.135259494917985 -100.35079019320918 -108.0
3803
-------------------New----------------
0 0 -47.49253574751097 16.79771769830439 118.5
0 1 -48.56590913233701 19.723679789752815 108.5
1 0 -72.82019736428192 85.8582665915359 -117.5
1 1 -71.80059648445332 83.07919672752561 -108.0
3814
-------------------New----------------
0 0 61.93745197297278 60.84105391602808 118.5
0 1 60.3513993555723 61.65854101961221 108.5
1 0 24.508792083726945 80.13256080061598 -117.5
1 1 26.015163409325407 79.35585828364798 -108.0
3824
-------------------New----------------
0 0 113.59605539098546 -76.99695823581388 118.5
0 1 112.66702572106817 -77.42952735278494 108.5
1 0 91.6713357870064 -87.22643354053068 -117.5
1 1 92.55359915950116 -86.81432395505615 -108.0
3828
-------------------New----------------
0 0 27.650486094391823 112.6755817784765 118.5
0 1 29.559089425233303 112.37287860776061 108.5
1 0 72.69264958375965 106.04373337618085 -117.5
1 1 70.8927164132647 106.3029548138589 -108.0
3838
-------------------New----------------
0 0 77.91357249703866 -45.90791402876578 118.5
0 1 77.47202973383295 -44.10374033375106 108.5
1 0 67.48723362571917 -3.3303880612269467 -117.5
1 1 67.90708762402883 -5.044287688981273 -108.0
3845
-------------------New----------------
0 0 13.762831472862985 21.112112771205766 118.5
0 1 10.61319022623654 17.541435247735016 108.5
1 0 -60.503450803867416 -62.6246745680899 -117.5
1 1 -57.524503584777996 -59.25644997883512 -108.0
3849
-------------------New----------------
0 0 -23.900249869811947 -7.669412343874813 118.5
0 1 -24.77466033555728 -6.352757538030583 108.5
1 0 -44.52137923089427 23.401146177161902 -117.5
1 1 -43.69118258331385 22.150196851665985 -108.0
3850
-------------------New----------------
0 0 -64.83171213973495 14.354528590646911 118.5
0 1 -62.59985873357401 8.893316943654252 108.5
1 0 -12.149460992814754 -114.55698603261678 -117.5
1 1 -14.269642885848763 -109.36874431771078 -108.0
3853
-------------------New----------------
0 0 -53.743891677965095 73.80742710691813 118.5
0 1 -54.74774030348008 71.78086562731124 108.5
1 0 -77.44530203038138 25.96837059731049 -117.5
1 1 -76.49641521316661 27.891900762222214 -108.0
3860
-------------------New----------------
0 0 50.03450710990368 -23.11689477044442 118.5
0 1 51.07072154654902 -23.060430034941888 108.5
1 0 74.51414043707241 -21.790054735967246 -117.5
1 1 73.52712219151603 -21.84499304868087 -108.0
3868
-------------------New----------------
0 0 11.868861829296184 0.6002899922695122 118.5
0 1 8.030501106556061 1.575167052209455 108.5
1 0 -78.67283619266018 23.617170564005143 -117.5
1 1 -75.02937823133553 22.69081556859297 -108.0
3870
-------------------New----------------
0 0 -35.33072471221773 -51.978194031654844 118.5
0 1 -33.1251690688798 -50.87581357547937 108.5
1 0 16.739874713874975 -25.981767700782285 -117.5
1 1 14.643341350992225 -27.0286306374454 -108.0
3886
-------------------New----------------
0 0 -36.07760596487408 -35.839612326827975 118.5
0 1 -31.08098779264074 -33.78989959968503 108.5
1 0 81.85384481209569 12.552225976255421 -117.5
1 1 77.1059912109316 10.603781943305771 -108.0
3888
-------------------New----------------
0 0 -36.94246767656621 7.543123872283002 118.5
0 1 -37.673658644593885 10.249384907479662 108.5
1 0 -54.20667281613523 71.41286657822118 -117.5
1 1 -53.51286445366119 68.84123939197846 -108.0
3898
-------------------New----------------
0 0 -52.91320249888211 -2.527541438629954 118.5
0 1 -53.1699249264366 0.33190991318935215 108.5
1 0 -58.988553931766546 64.95530045702591 -117.5
1 1 -58.74310811341538 62.238912174059614 -108.0
3906
-------------------New----------------
0 0 -98.67392169559072 -9.803699016704963 118.5
0 1 -99.28184817346991 -14.272144481551404 108.5
1 0 -113.04156937619871 -115.26330507029618 -117.5
1 1 -112.46232639254565 -111.01770489171399 -108.0
3909
-------------------New----------------
0 0 21.5260076378595 12.422429107056159 118.5
0 1 18.33803429133119 13.08250424408978 108.5
1 0 -53.70822624530066 27.97839797819853 -117.5
1 1 -50.679354343172086 27.351240703739144 -108.0
3912
-------------------New----------------
0 0 -122.51671330364006 -56.51439025921 118.5
0 1 -122.69638755279964 -52.176388760221926 108.5
1 0 -126.16354377303499 46.51001751410582 -117.5
1 1 -126.02427198365078 42.364034437558054 -108.0
3914
-------------------New----------------
0 0 74.8278014687532 -21.929554919632963 118.5
0 1 75.36644332987655 -26.29990050214011 108.5
1 0 87.54028530388368 -125.09031195139923 -117.5
1 1 87.02929598519145 -120.9385545835891 -108.0
3915
-------------------New----------------
0 0 -24.237554294931982 -77.65037996344753 118.5
0 1 -18.449086375832923 -78.54498222188754 108.5
1 0 112.38231634412284 -98.77889000858576 -117.5
1 1 106.8827611155751 -97.92778061147652 -108.0
3919
-------------------New----------------
0 0 -89.05195042516101 -51.212156763488814 118.5
0 1 -87.06343425500555 -46.45229373877866 108.5
1 0 -42.124912226634464 61.35394808097093 -117.5
1 1 -44.014658412840475 56.822988176469906 -108.0
3920
-------------------New----------------
0 0 21.057024137437267 -31.02798700582639 118.5
0 1 20.751507512119723 -26.974506476575687 108.5
1 0 13.816745291459853 64.60965169982131 -117.5
1 1 14.107440323183834 60.76029160327796 -108.0
3940
-------------------New----------------
0 0 11.402168313167284 50.54632305326056 118.5
0 1 10.563342299547903 51.9753783430048 108.5
1 0 -8.399364917624698 84.2728529318002 -117.5
1 1 -7.601072446592008 82.91540916287077 -108.0
3943
-------------------New----------------
0 0 53.8684691814634 -47.107847629747205 118.5
0 1 53.250187980757666 -49.37815531049852 108.5
1 0 39.277541597027025 -100.68184176029101 -117.5
1 1 39.86497532122714 -98.52523968531516 -108.00000000000003
3950
-------------------New----------------
0 0 61.24575190267011 -17.267373041940807 118.5
0 1 61.51188837478293 -14.766261368133339 108.5
1 0 67.6425850168371 41.75919224800546 -117.5
1 1 67.37924350389572 39.383684132248376 -108.0
3951
-------------------New----------------
0 0 41.76570582893554 -67.62385865531111 118.5
0 1 40.52158432369207 -64.60214697764799 108.5
1 0 12.328742049068378 3.8119777844952183 -117.5
1 1 13.518339249490538 0.9290567924970172 -108.0
3956
-------------------New----------------
0 0 32.71916284561317 -8.85261706106324 118.5
0 1 33.21373474439974 -12.270960066799315 108.5
1 0 44.36282615864537 -89.52502040020772 -117.5
1 1 43.89476244386174 -86.2775455400144 -108.0
3974
-------------------New----------------
0 0 -32.17357875713851 -89.2449122590503 118.5
0 1 -33.52470909725892 -89.67030500961087 108.5
1 0 -64.08185438315691 -99.29081258511674 -117.5
1 1 -62.79573663845205 -98.8869969894682 -108.0
3981
-------------------New----------------
0 0 31.634268446322455 65.04032022559167 118.5
0 1 26.39049530405125 60.59588063407834 108.5
1 0 -92.13068510634866 -39.852902648671794 -117.5
1 1 -87.14853071471008 -35.6298477852375 -108.0
3983
-------------------New----------------
0 0 -76.83142486993945 -87.91869024186003 118.5
0 1 -78.49946792167593 -88.625441940515 108.5
1 0 -116.12998572809587 -104.55279853072395 -117.5
1 1 -114.55698741305109 -103.88620720974946 -108.0
3986
-------------------New----------------
0 0 -15.26572167376223 -69.02263625773301 118.5
0 1 -19.09082149751081 -68.44453548397324 108.5
1 0 -105.5620669857586 -55.40720234842776 -117.5
1 1 -101.92660814781676 -55.95313619602756 -108.0
3988
-------------------New----------------
0 0 61.95630513072003 -8.946252736533854 118.5
0 1 59.685967420326506 -7.669615220942497 108.5
1 0 8.325885948038934 21.368872936999 -117.5
1 1 10.486689990231586 20.140073558640445 -108.0
3989
-------------------New----------------
0 0 35.32873331470806 -30.77605536031976 118.5
0 1 30.186254904488216 -32.88100838944892 108.5
1 0 -85.98571598670082 -80.31969551372613 -117.5
1 1 -81.09645872283988 -78.32450918718521 -108.0
3990
-------------------New----------------
0 0 -35.845109896084516 59.860417210521675 118.5
0 1 -36.63076526176019 58.36344757106544 108.5
1 0 -54.33624990591645 24.480023707668117 -117.5
1 1 -53.589370700842096 25.91573864090832 -108.0
3991
-------------------New----------------
0 0 -3.522904937713078 -9.07568643318781 118.5
0 1 0.04272947433296963 -11.364565529916007 108.5
1 0 80.62281554322013 -62.58019358082271 -117.5
1 1 77.23013436384403 -60.434375366438516 -108.0
3994
-------------------New----------------
0 0 36.67370349111933 6.320109805644178 118.5
0 1 36.88810364008067 3.962775617255731 108.5
1 0 41.60535471935011 -49.27237550925004 -117.5
1 1 41.413501274589144 -47.02826222291858 -108.0
4000
-------------------New----------------
0 0 32.779132013705436 103.55617849693688 118.5
0 1 35.392102908288926 104.37134039326386 108.5
1 0 94.42676595649198 122.79288112966815 -117.5
1 1 91.94646109701006 122.01824901363406 -108.0
4012
-------------------New----------------
0 0 -21.13155283876161 10.848122542007347 118.5
0 1 -18.36328212561078 8.032311319882146 108.5
1 0 44.110262902073444 -55.24793747231954 -117.5
1 1 41.48628716693801 -52.59283600278252 -108.0
4017
-------------------New----------------
0 0 50.436025192482745 -64.34592726511923 118.5
0 1 47.73561915315807 -62.65703082266606 108.5
1 0 -13.288994725230804 -24.437370543504493 -117.5
1 1 -10.724423636484932 -26.047669632092674 -108.0
4019
-------------------New----------------
0 0 -86.40762972173009 0.067903737337722 118.5
0 1 -86.7148469467277 -4.4932851995681995 108.5
1 0 -93.54539585994345 -108.14395696742417 -117.5
1 1 -93.2722346215573 -103.74524335129308 -108.0
4024
-------------------New----------------
0 0 -29.049533040921254 -84.49497864647411 118.5
0 1 -30.705188607766225 -85.05334673200912 108.5
1 0 -67.90484204485014 -98.26741301601706 -117.5
1 1 -66.33042799620843 -97.71184813037398 -108.0
4027
-------------------New----------------
0 0 -27.141108664132965 -18.052125991493718 118.5
0 1 -25.565598576366504 -22.524280062780896 108.5
1 0 10.018055082316165 -123.59821912951281 -117.5
1 1 8.522762851826688 -119.34912297751175 -108.0
4031
-------------------New----------------
0 0 -14.460055779570997 105.2280310398207 118.5
0 1 -14.807862992983777 103.5970996630881 108.5
1 0 -22.663342441664337 66.77837432341741 -117.5
1 1 -22.329742134209646 68.3239034002786 -108.0
4035
-------------------New----------------
0 0 -64.78074132395875 44.93444784194608 118.5
0 1 -62.029899990686445 42.29562404670191 108.5
1 0 0.1378907403862005 -17.441829361362455 -117.5
1 1 -2.469909823591096 -14.928161744349968 -108.0
4036
-------------------New----------------
0 0 73.10213422155788 110.73598481043544 118.5
0 1 73.27536810260223 111.21240985458812 108.5
1 0 77.1857157929011 121.9870900427783 -117.5
1 1 77.02120957877449 121.53409547222157 -108.0
4037
-------------------New----------------
0 0 -38.845610039334176 61.967243678383355 118.5
0 1 -40.730904051858516 62.64083608309572 108.5
1 0 -83.43238171658703 77.82754950411342 -117.5
1 1 -81.6328734811998 77.19320506343944 -108.0
4043
-------------------New----------------
0 0 42.15712614254964 18.608507886463446 118.5
0 1 38.51557840118893 13.756103385210952 108.5
1 0 -43.84317051162206 -95.92907790959623 -117.5
1 1 -40.38079058411601 -91.31692327620759 -108.0
4048
-------------------New----------------
0 0 28.772062891394853 -67.47224550419318 118.5
0 1 27.074280007893968 -68.64394827302881 108.5
1 0 -11.252052142847768 -95.11167639208516 -117.5
1 1 -9.64011407264572 -93.99880275333616 -108.0
4055
-------------------New----------------
0 0 17.66339514759988 -40.606247659700884 118.5
0 1 14.63275653623161 -41.23152812290806 108.5
1 0 -52.92897918380697 -55.90430295462829 -117.5
1 1 -50.13004745840693 -55.258829440598575 -108.0
4057
-------------------New----------------
0 0 70.0925976556763 86.62610546587523 118.5
0 1 68.85574556333572 86.3764066282304 108.5
1 0 40.89099427474221 80.69727962060851 -117.5
1 1 42.064905842725345 80.93911618571786 -108.0
4063
-------------------New----------------
0 0 -88.38118138990816 -30.276137253362016 118.5
0 1 -87.42909260362669 -30.376344767839946 108.5
1 0 -65.92539873328982 -32.62316039742408 -117.5
1 1 -66.83056227882919 -32.530735182472114 -108.0
4065
-------------------New----------------
0 0 11.9013486883152 -46.01934629642932 118.5
0 1 6.6808996340357 -44.897046544473966 108.5
1 0 -111.3158790165846 -19.446906595790956 -117.5
1 1 -106.35052309594559 -20.51268488031748 -108.0
4071
-------------------New----------------
0 0 97.28350014030204 -69.75711824583436 118.5
0 1 98.53063440291757 -67.8966161803522 108.5
1 0 125.7284512397249 -24.86860751468025 -117.5
1 1 124.58641215773753 -26.678994597243786 -108.0
4078
-------------------New----------------
0 0 -25.408036613033858 -7.491575057922022 118.5
0 1 -25.168273366401444 -10.199067433492061 108.5
1 0 -19.71682422635978 -71.3762795752598 -117.5
1 1 -19.9471359198504 -68.80569547001713 -108.0
4080
-------------------New----------------
0 0 -49.19839026687425 72.52778851212477 118.5
0 1 -46.80029531897402 74.70896823083142 108.5
1 0 7.415083437569031 123.95327039096159 -117.5
1 1 5.1348476163955405 121.88387970122407 -108.0
4086
-------------------New----------------
0 0 19.207612698234662 69.67604343169583 118.5
0 1 23.004073225704246 68.81146389895663 108.5
1 0 108.83704797204621 49.25107305682714 -117.5
1 1 105.23093273194755 50.07499842455375 -108.0
4088
-------------------New----------------
0 0 -22.947532184504997 34.736088491789396 118.5
0 1 -17.374262215711184 36.65002128994409 108.5
1 0 108.53482624784067 79.98189518300427 -117.5
1 1 103.24580171127805 78.16030612001822 -108.0
4090
-------------------New----------------
0 0 13.658470045670336 21.151428509583845 118.5
0 1 10.248084131300711 23.361077578179092 108.5
1 0 -66.79144655793922 73.34715912315349 -117.5
1 1 -63.555455254256195 71.2445722897709 -108.0
4093
-------------------New----------------
0 0 -68.27061486813031 -26.384759239137185 118.5
0 1 -70.64637355312912 -29.967400220451974 108.5
1 0 -124.29507752413397 -110.92244063571624 -117.5
1 1 -122.0387986781714 -107.51828729948832 -108.0
4094
-------------------New----------------
0 0 1.2294368983286978 22.15021131676488 118.5
0 1 -3.709090772095416 20.293544027249165 108.5
1 0 -115.30774324011539 -21.658411737837177 -117.5
1 1 -110.6167783394836 -19.895151965110596 -108.0
4096
-------------------New----------------
0 0 -70.74248155409592 81.0812422527939 118.5
0 1 -70.36780603074793 80.66693723483289 108.5
1 0 -61.95015582658349 71.27365556908543 -117.5
1 1 -62.29229269302239 71.66190549459924 -108.0
4097
-------------------New----------------
0 0 -7.710666659050524 26.855645010035012 118.5
0 1 -5.104145210757745 21.425698994256557 108.5
1 0 53.836359408459586 -101.29028088626038 -117.5
1 1 51.35801610937851 -96.13070732095171 -108.0
4099
-------------------New----------------
0 0 60.737337243164404 35.16134782330272 118.5
0 1 58.23912866538243 37.47540298505547 108.5
1 0 1.767359458338257 89.76749413496402 -117.5
1 1 4.140917980255301 87.56919098714961 -108.0
4101
-------------------New----------------
0 0 30.580442186885 -54.67940233279736 118.5
0 1 28.59228878284349 -54.21352184031158 108.5
1 0 -16.37392284095974 -43.66313318905875 -117.5
1 1 -14.484489163863994 -44.10703627074712 -108.0
4102
-------------------New----------------
0 0 -60.37619785016327 31.890854110041705 118.5
0 1 -63.05667511138889 32.80121780548055 108.5
1 0 -123.62294569756857 53.31788478167813 -117.5
1 1 -121.07617768617163 52.456391920062494 -108.0
4104
-------------------New----------------
0 0 -52.66022619061848 -51.2798913718507 118.5
0 1 -51.38576937360146 -52.52427605025218 108.5
1 0 -22.593502396337666 -80.64325734339872 -117.5
1 1 -23.801378602648974 -79.46065127543046 -108.0
4113
-------------------New----------------
0 0 69.1854735573699 86.77368822423588 118.5
0 1 71.10090661273118 85.76440495016823 108.5
1 0 114.44643441253547 63.07526856064944 -117.5
1 1 112.63187943102064 64.03097801579345 -108.0
4118
-------------------New----------------
0 0 -49.87038949561292 -4.212620915894982 118.5
0 1 -51.69262254921872 -1.9401228939124646 108.5
1 0 -92.86973711261214 49.42944702840296 -117.5
1 1 -91.13908388532147 47.27055686225172 -108.0
4119
-------------------New----------------
0 0 -72.73068310206418 -106.11724552913134 118.5
0 1 -73.53102708067262 -106.24339871660479 108.5
1 0 -91.70116624392753 -108.87665595448354 -117.5
1 1 -90.93649681254388 -108.77415995254178 -108.0
4125
-------------------New----------------
0 0 -60.1411122668779 -49.75190058669608 118.5
0 1 -66.13766047553625 -47.6025932390444 108.5
1 0 -121.378607043236 -49.37200856729176 -117.5
1 1 -116.89318092814014 -50.1935427013893 -108.0
4128
-------------------New----------------
0 0 -38.620201642878634 40.82192549156322 118.5
0 1 -35.662087904021625 41.32367875635685 108.5
1 0 31.358849274769888 53.41647934845609 -117.5
1 1 28.510436887209504 52.82662841447217 -108.0
4136
-------------------New----------------
0 0 92.76517390003914 11.406875001170238 118.5
0 1 93.37347370223299 14.381378781963852 108.5
1 0 106.99359195803667 81.67799936326296 -117.5
1 1 106.42544243912991 78.84964640410342 -108.0
4138
-------------------New----------------
0 0 -21.079584283623447 -48.96742744193325 118.5
0 1 -23.32168928163761 -46.04046454146473 108.5
1 0 -74.12641234682499 19.57845554071428 -117.5
1 1 -72.00176162046331 16.843492598224046 -108.0
4146
-------------------New----------------
0 0 -66.87711194730369 -21.26103770390582 118.5
0 1 -65.9073651845446 -16.826912628670293 108.5
1 0 -43.983736476863655 83.37702536771823 -117.5
1 1 -44.90445161525953 79.16569029047679 -108.0
4152
-------------------New----------------
0 0 -36.70784499813624 45.387436834299045 118.5
0 1 -33.16955439489665 47.904058127647026 108.5
1 0 46.57124350527924 104.70917386614533 -117.5
1 1 43.22946291524217 102.31099077942575 -108.0
4153
-------------------New----------------
0 0 -24.5317382646047 -18.611318987109204 118.5
0 1 -23.740168535635917 -17.179312227895824 108.5
1 0 -0.47423589606000816 9.47974808579395 -117.5
1 1 -1.6961288537128447 8.611706775083837 -108.0
4156
-------------------New----------------
0 0 75.62218548403226 -31.865755269061463 118.5
0 1 74.70790591977811 -35.77914872063429 108.5
1 0 54.32321130011013 -123.86979226172305 -117.5
1 1 55.16598933723427 -120.17038178488892 -108.0
4157
-------------------New----------------
0 0 59.8645372280497 -50.76120385116049 118.5
0 1 58.96006451271919 -47.711315098356124 108.5
1 0 38.341955203903 21.18412882584912 -117.5
1 1 39.210159438263986 18.282421280541733 -108.0
4165
-------------------New----------------
0 0 53.79202220895492 -37.795508942396665 118.5
0 1 55.88475690757075 -38.28525348761252 108.5
1 0 103.16520433598248 -49.3743400252759 -117.5
1 1 101.17524970891145 -48.905833959664776 -108.0
4166
-------------------New----------------
0 0 -76.1021642321239 8.014208098610318 118.5
0 1 -75.19029702669728 4.723506172204173 108.5
1 0 -54.52172360653018 -69.51616452569645 -117.5
1 1 -55.38554287128991 -66.39115725589122 -108.0
4169
-------------------New----------------
0 0 -74.05512473882116 106.52481811702667 118.5
0 1 -72.42503501756771 106.09058856913296 108.5
1 0 -35.617540642894916 96.29187611325709 -117.5
1 1 -37.16356974847262 96.70328358411308 -108.0
4170
-------------------New----------------
0 0 2.2255185797001618 14.645919908151857 118.5
0 1 -0.6844018886209089 17.143184625514486 108.5
1 0 -66.42394747311386 73.61526055707228 -117.5
1 1 -63.66229292100053 71.23758959216372 -108.0
4172
-------------------New----------------
0 0 8.830049168265067 -57.18842817009907 118.5
0 1 6.400364999910762 -55.487669803850835 108.5
1 0 -48.614968010504164 -17.13008406432146 -117.5
1 1 -46.29388463121387 -18.746291050160803 -108.0
4173
-------------------New----------------
0 0 66.73237253347762 -105.58999629501741 118.5
0 1 63.72700469725174 -104.72810370145513 108.5
1 0 -4.385718941518147 -85.10425705683238 -117.5
1 1 -1.5299990645301829 -85.92945158721204 -108.0
4178
-------------------New----------------
0 0 -13.539308196889717 43.03386628258785 118.5
0 1 -12.753713950766894 43.24495549242688 108.5
1 0 5.002014322203517 48.071810557305284 -117.5
1 1 4.258784334959827 47.87087580511876 -108.0
4180
-------------------New----------------
0 0 93.97983766738511 -37.1462665810255 118.5
0 1 94.06163142787466 -35.457783879847206 108.5
1 0 96.00552496796914 2.612780915491304 -117.5
1 1 95.92162456335566 1.01363888382702 -108.0
4189
-------------------New----------------
0 0 -13.93447535968976 -93.84585190834453 118.5
0 1 -15.559772313349868 -91.5958162130095 108.5
1 0 -52.306640570033416 -40.76913744384408 -117.5
1 1 -50.760468133566306 -42.906224221412735 -108.0
4207
-------------------New----------------
0 0 28.195553116380193 -43.57370818342612 118.5
0 1 23.954276798156627 -43.76245846484959 108.5
1 0 -71.9567956142257 -47.992069466799045 -117.5
1 1 -67.92365068591204 -47.815739501861614 -108.0
4212
-------------------New----------------
0 0 50.36617218695223 26.422058612118935 118.5
0 1 52.548290717077045 30.564358720675777 108.5
1 0 101.86019345159461 124.21677649576331 -117.5
1 1 99.78599126557143 120.27936308886285 -108.0
4228
-------------------New----------------
0 0 -36.414807771337266 81.62624759196783 118.5
0 1 -36.88239186142175 79.0762063927061 108.5
1 0 -47.45352382441348 21.434758001731087 -117.5
1 1 -47.008855912318005 23.857971284096486 -108.0
4230
-------------------New----------------
0 0 -23.987089327848715 -10.313513778260434 118.5
0 1 -25.239058195332525 -9.904949107709687 108.5
1 0 -53.54977965904933 -0.6877503714818428 -117.5
1 1 -52.354684755247504 -1.0742979119184786 -108.0
4231
-------------------New----------------
0 0 -55.61065975374798 -42.600195887118026 118.5
0 1 -52.8482167753653 -41.20112623407935 108.5
1 0 9.633650962259816 -9.531475660096188 -117.5
1 1 7.005839801590018 -10.865809341750422 -108.0
4233
-------------------New----------------
0 0 110.14050663548116 20.92981404954819 118.5
0 1 110.45883628374963 15.731526694547256 108.5
1 0 117.64827851730749 -101.75777795147827 -117.5
1 1 117.34651964373253 -96.81906949449824 -108.0
4235
-------------------New----------------
0 0 26.670278819833932 -14.52460976263255 118.5
0 1 28.258523828313894 -9.612779112824436 108.5
1 0 64.31362450001555 101.2322173387517 -117.5
1 1 62.79244626965435 96.56702910713531 -108.0
4237
-------------------New----------------
0 0 61.899502923453234 92.04112313408896 118.5
0 1 59.85322627424896 90.02850584874523 108.5
1 0 13.60761772677092 44.549997061413926 -117.5
1 1 15.55151624089243 46.46198197120407 -108.0
4238
-------------------New----------------
0 0 36.66024851908711 15.825107178016728 118.5
0 1 35.19012283883986 17.451867603658876 108.5
1 0 2.017236719788582 54.172923645449735 -117.5
1 1 3.4100022889974113 52.632421461338915 -108.0
4239
-------------------New----------------
0 0 12.732690787806582 0.6884576220782834 118.5
0 1 9.082600008340858 2.0873454103835116 108.5
1 0 -73.42348250396878 33.73344275561742 -117.5
1 1 -69.95638662864279 32.4028119053174 -108.0
4241
-------------------New----------------
0 0 -68.24974855133703 -16.43037800448992 118.5
0 1 -65.81091560439128 -14.434006936157127 108.5
1 0 -10.738117687550925 30.66751983544699 -117.5
1 1 -13.05158350125206 28.772281499034193 -108.0
4250
-------------------New----------------
0 0 -60.99075745991492 0.974007825857967 118.5
0 1 -60.1926866686192 1.3412367218356471 108.5
1 0 -42.21428641790471 9.663982742920115 -117.5
1 1 -42.96861313239397 9.315944510410706 -108.0
4253
-------------------New----------------
0 0 -46.63983223020246 -10.758811942018424 118.5
0 1 -45.74087061119613 -14.032201736929602 108.5
1 0 -25.412600507914817 -88.01004996621131 -117.5
1 1 -26.26692990150886 -84.90077731406282 -108.0
4255
-------------------New----------------
0 0 -9.91551641686491 -54.79860115602422 118.5
0 1 -11.87571676858625 -54.68243526881266 108.5
1 0 -56.16034645874764 -52.026464896101665 -117.5
1 1 -54.299151578872866 -52.13848100368615 -108.0
4257
-------------------New----------------
0 0 -57.463030802993956 23.349887592810916 118.5
0 1 -54.47322725177198 24.16948952888663 108.5
1 0 13.104075550339607 42.66598483582126 -117.5
1 1 10.263529684665459 41.88859074685807 -108.0
4269
-------------------New----------------
0 0 -57.50073361695519 38.40455563881601 118.5
0 1 -54.73038980342695 33.859181345943696 108.5
1 0 7.826725837153515 -68.9713852779241 -117.5
1 1 5.19894622644814 -64.64748235757756 -108.0
4276
-------------------New----------------
0 0 -96.3619985298193 -56.25774052192071 118.5
0 1 -95.54485296615367 -58.76545741663716 108.5
1 0 -77.12182980172955 -115.44705033091493 -117.5
1 1 -77.8890894705971 -113.05525414722517 -108.0
4291
-------------------New----------------
0 0 87.71784778232731 -98.19652855579821 118.5
0 1 85.9909265098181 -96.68517086847035 108.5
1 0 46.35374407490519 -62.490056255427874 -117.5
1 1 48.04005452096952 -63.942919062844126 -108.0
4309
-------------------New----------------
0 0 74.79604795291765 26.916872368750397 118.5
0 1 73.96769542926107 22.77346528695363 108.5
1 0 55.25553387147029 -70.86091682071205 -117.5
1 1 56.04312241979854 -66.92450960824205 -108.0
4310
-------------------New----------------
0 0 -12.770082164935662 94.72443589940846 118.5
0 1 -11.64378935566909 93.72658729251842 108.5
1 0 13.931397433665477 71.19431931452189 -117.5
1 1 12.84664867963814 72.13796786988516 -108.0
4311
-------------------New----------------
0 0 15.491452415960836 49.78266604237219 118.5
0 1 12.649425302835894 48.578248298976185 108.5
1 0 -51.671258838009635 21.361925600061383 -117.5
1 1 -48.96770509973363 22.50511401768114 -108.0
4317
-------------------New----------------
0 0 66.08902021037622 -99.51793542777453 118.5
0 1 64.13503996928696 -100.58235751167547 108.5
1 0 20.068260541527955 -124.69617345921941 -117.5
1 1 21.920408899192957 -123.67939408029375 -108.0
4324
-------------------New----------------
0 0 -113.97197555856414 -97.66364184858205 118.5
0 1 -113.17556717276618 -96.9676293738553 108.5
1 0 -95.17910134074397 -81.17306845345803 -117.5
1 1 -95.93416966945948 -81.83645745243979 -108.0
4329
-------------------New----------------
0 0 11.273328435089548 -32.1117519658096 118.5
0 1 15.512956458119675 -30.54601221845781 108.5
1 0 111.32908384985845 4.8434170868743225 -117.5
1 1 107.30125315881068 3.3556977678059092 -108.0
4331
-------------------New----------------
0 0 -88.36951473314711 -33.059572083094125 118.5
0 1 -86.98698213524561 -32.02717709651156 108.5
1 0 -55.74097294252973 -8.696082708086672 -117.5
1 1 -57.05443147278968 -9.676781176854726 -108.0
4332
-------------------New----------------
0 0 -13.134870140612326 -13.323885336080732 118.5
0 1 -17.271800928523504 -8.544925499800344 108.5
1 0 -110.64449351016643 99.32103283048666 -117.5
1 1 -106.73396213336824 94.80131092833341 -108.0
4334
-------------------New----------------
0 0 -80.47411567278309 5.950901254605417 118.5
0 1 -79.67973833393287 10.62554643015908 108.5
1 0 -61.731728014394946 116.29157044765756 -117.5
1 1 -62.48558253054237 111.8490338849156 -108.0
4335
-------------------New----------------
0 0 -114.63893373747388 31.118600863991247 118.5
0 1 -114.95078316493804 28.52497201136549 108.5
1 0 -122.76763216685076 -30.20159488313028 -117.5
1 1 -122.446971178851 -27.74041020207997 -108.0
4346
-------------------New----------------
0 0 69.00574048273172 52.40182068067975 118.5
0 1 71.15763881175269 51.48634205933389 108.5
1 0 120.10512819279845 30.66599380743225 -117.5
1 1 118.0466605838302 31.538733158677708 -108.0
4347
-------------------New----------------
0 0 34.7222152544041 -37.300250572468705 118.5
0 1 36.15702266566063 -37.50599643023183 108.5
1 0 68.58651854333897 -42.16665042152442 -117.5
1 1 67.2234193785357 -41.97002901063368 -108.0
4364
-------------------New----------------
0 0 -50.51476464061169 16.26136383725286 118.5
0 1 -50.980187632721666 20.063291764669184 108.5
1 0 -61.55179580327941 105.58302478483935 -117.5
1 1 -61.108415475312746 102.00044683860125 -108.0
4366
-------------------New----------------
0 0 -37.89832903556127 -4.987987931735145 118.5
0 1 -31.693976973804844 -8.22928847326016 108.5
1 0 108.56333541931228 -81.84498005422226 -117.5
1 1 102.67764437755136 -78.73849048810152 -108.0
4370
-------------------New----------------
0 0 42.891679871292226 65.80012943190684 118.5
0 1 41.237678277318274 65.45821339540277 108.5
1 0 3.858499829455945 57.729159974324304 -117.5
1 1 5.429804415704502 58.054054139497474 -108.0
4389
-------------------New----------------
0 0 23.090515198953376 -41.46917834249369 118.5
0 1 25.769905749239808 -44.64803948872377 108.5
1 0 86.31354125042093 -116.48609375037157 -117.5
1 1 83.76857571412395 -113.46701122712969 -108.0
4396
-------------------New----------------
0 0 -41.877303494391235 8.207687507733338 118.5
0 1 -43.73358887678852 10.166491339164956 108.5
1 0 -85.6645668704522 54.42719521000165 -117.5
1 1 -83.9027148364068 52.567041548081306 -108.0
4398
-------------------New----------------
0 0 -59.033487303298855 39.836917192241955 118.5
0 1 -60.804158191990595 41.00296702455947 108.5
1 0 -100.82390128811373 67.35381137067603 -117.5
1 1 -99.14153304507414 66.24637222129077 -108.0
4399
-------------------New----------------
0 0 -15.921009181939624 -51.84545783259998 118.5
0 1 -15.767637774941386 -47.82871123194345 108.5
1 0 -12.816983204301597 43.08131225985787 -117.5
1 1 -12.91926779393378 39.25834012022171 -108.0
4401
-------------------New----------------
0 0 -80.8557554174872 80.32348604981232 118.5
0 1 -80.97336428143208 80.21039953780304 108.5
1 0 -83.75263729747363 77.66342660675159 -117.5
1 1 -83.65041527738362 77.7587169157068 -108.0
4419
-------------------New----------------
0 0 90.40941238224745 49.469947812285525 118.5
0 1 89.03732137309478 48.54575368322139 108.5
1 0 57.786058896638316 27.74268099859295 -117.5
1 1 59.111448804243935 28.61381191539674 -108.0
4421
-------------------New----------------
0 0 -74.11955729294479 56.98315847006008 118.5
0 1 -73.77630883035863 55.705374763116275 108.5
1 0 -66.01807469349892 26.82179242461636 -117.5
1 1 -66.34834493396151 28.034883701737318 -108.0
4424
-------------------New----------------
0 0 29.086434024220562 56.349847573470356 118.5
0 1 28.63232104227751 58.68285724231271 108.5
1 0 18.39286836891156 111.4217952168766 -117.5
1 1 18.820939232205472 109.2053085506468 -108.0
4434
-------------------New----------------
0 0 -2.230687837523938 -64.83499404005185 118.5
0 1 -3.851676755338599 -65.62687119537412 108.5
1 0 -40.517397092841165 -83.50329541257204 -117.5
1 1 -38.97510951581932 -82.75305443082092 -108.0
4439
-------------------New----------------
0 0 -40.14270916168613 106.57501151264546 118.5
0 1 -38.774961829852124 107.39876850318637 108.5
1 0 -7.780006007016459 125.9708145753065 -117.5
1 1 -9.089487448366876 125.1945755057598 -108.0
4445
-------------------New----------------
0 0 -11.155672793001468 53.96782705742601 118.5
0 1 -5.584163884874473 57.021347527716614 108.5
1 0 120.34373919154189 126.03085889591532 -117.5
1 1 115.05051774987726 123.13015463749154 -108.0
4447
-------------------New----------------
0 0 -60.55629940024089 -72.12701293951928 118.5
0 1 -57.187286075884785 -69.50579334469613 108.5
1 0 18.97864635739284 -10.298966273593827 -117.5
1 1 15.776846563620078 -12.78666085456577 -108.0
4448
-------------------New----------------
0 0 -70.67657469169441 63.13057564729708 118.5
0 1 -72.27713070121595 63.50237046591057 108.5
1 0 -109.53789007180619 71.91453619224302 -117.5
1 1 -107.92970030556356 71.54736160504675 -108.0
4451
-------------------New----------------
0 0 71.96437699086852 56.422664573525694 118.5
0 1 69.35228534531186 58.017505297410025 108.5
1 0 10.377214563224474 94.18991400822385 -117.5
1 1 12.857913298215479 92.66103946997305 -108.0
4455
-------------------New----------------
0 0 5.732388856847869 70.05496118388969 118.5
0 1 0.6363137798833687 68.75123219988207 108.5
1 0 -114.47420599241634 39.35103428658851 -117.5
1 1 -109.63226428800208 40.59168946494721 -108.0
4463
-------------------New----------------
0 0 2.235732347141391 3.80173597906893 118.5
0 1 1.6523488698079134 6.518968954585648 108.5
1 0 -11.248434249625799 67.9512353595442 -117.5
1 1 -10.713559996895597 65.3700984060002 -108.0
4464
-------------------New----------------
0 0 22.725274700978368 -82.91549814070598 118.5
0 1 20.511887157674675 -83.58733025378093 108.5
1 0 -29.470563098886856 -98.74544688633621 -117.5
1 1 -27.369540432138717 -98.10678583332007 -108.0
4478
-------------------New----------------
0 0 48.66260121492985 79.18691150582222 118.5
0 1 44.08461924007997 79.75048603607593 108.5
1 0 -59.29383636089543 92.46000113312557 -117.5
1 1 -54.94971187071002 91.92449282278253 -108.0
4479
-------------------New----------------
0 0 31.12968381531769 26.80196704399922 118.5
0 1 34.9122098271515 26.208710667627322 108.5
1 0 120.44819803060776 12.815619905740391 -117.5
1 1 116.85255858614376 13.375998456667322 -108.0
4492
-------------------New----------------
0 0 -17.737158201472294 61.148095986767395 118.5
0 1 -15.274784351419546 58.25203087733456 108.5
1 0 40.45857165731467 -7.057730945542351 -117.5
1 1 38.11138677055945 -4.310489330785508 -108.0
4495
-------------------New----------------
0 0 17.066209116808473 9.845473462862861 118.5
0 1 18.993647791627218 8.944992280795983 108.5
1 0 62.54049809468743 -11.403425386075485 -117.5
1 1 60.71062494014986 -10.54832718175399 -108.0
4502
-------------------New----------------
0 0 -22.532638330884843 92.96873383560352 118.5
0 1 -25.453060030755477 93.24767246633908 108.5
1 0 -91.45868226770483 99.55863086528856 -117.5
1 1 -88.68363103266806 99.29361162357122 -108.0
4503
-------------------New----------------
0 0 -38.114098689081075 88.77179197437626 118.5
0 1 -34.00359323162495 89.51255326752585 108.5
1 0 58.76623202096132 106.08580106707095 -117.5
1 1 54.87115245932334 105.39135476435692 -108.0
4513
-------------------New----------------
0 0 -20.278155404393438 80.41827943093986 118.5
0 1 -21.80331868001751 78.591769304594 108.5
1 0 -56.717540494325746 37.090893800322505 -117.5
1 1 -55.24478657188206 38.843708777684256 -108.0
4537
-------------------New----------------
0 0 58.602317767834016 -84.71944541920179 118.5
0 1 55.612617170713804 -85.83192527783827 108.5
1 0 -11.994722020779935 -111.00443525750343 -117.5
1 1 -9.153325197458965 -109.94808455909899 -108.0
4548
-------------------New----------------
0 0 -62.133982876673336 58.93875650954463 118.5
0 1 -59.988809695026944 57.580205111282204 108.5
1 0 -11.517866898138491 26.86036430208542 -117.5
1 1 -13.556290811985093 28.152696307698562 -108.0
4558
-------------------New----------------
0 0 -0.8929252740454313 56.94002265161381 118.5
0 1 -3.850050238422803 55.817070456353655 108.5
1 0 -70.71958221824816 30.429124390257222 -117.5
1 1 -67.91118767388795 31.496693126306788 -108.0
4569
-------------------New----------------
0 0 66.60455931619359 -2.986692769196657 118.5
0 1 68.86682094579443 2.4006692129805374 108.5
1 0 120.00485467902163 124.18446191866653 -117.5
1 1 117.85409305141552 119.06443838370119 -108.0
4574
-------------------New----------------
0 0 -73.1210278886235 -37.76699300110252 118.5
0 1 -71.26904610608486 -37.3926086075496 108.5
1 0 -29.115308956517413 -28.882729948677444 -117.5
1 1 -30.88971299896182 -29.239482577262756 -108.0
4585
-------------------New----------------
0 0 -47.79730259673933 36.735926238064444 118.5
0 1 -44.754702445222414 34.879946269085146 108.5
1 0 24.061134903612352 -7.10015704810114 -117.5
1 1 21.183320413405216 -5.346198581299553 -108.0
4586
-------------------New----------------
0 0 105.40204539533781 -8.922564828666086 118.5
0 1 105.70823829407723 -12.74704447505584 108.5
1 0 112.62916122799479 -99.06873965029659 -117.5
1 1 112.33886153372539 -95.44115312016473 -108.0
4607
-------------------New----------------
0 0 26.660648374838548 -79.88761040307902 118.5
0 1 24.21350621100806 -80.26849586752135 108.5
1 0 -31.089774441162216 -88.87179944638382 -117.5
1 1 -28.765116272791204 -88.51030752544457 -108.0
4609
-------------------New----------------
0 0 63.12744727831669 31.084475728234548 118.5
0 1 76.16407853144491 31.32935539800946 108.5
1 0 38.755886256064606 -53.613313590024156 -117.5
1 1 38.77725776376347 -54.6806852222616 -108.0
4611
-------------------New----------------
0 0 -7.990436330275619 112.41073234392714 118.5
0 1 -11.086911127063521 111.76352055363532 108.5
1 0 -81.06570765070293 97.08030133263347 -117.5
1 1 -78.1256379780196 97.6989852166083 -108.0
4614
-------------------New----------------
0 0 0.2588988214631375 -14.570138376872166 118.5
0 1 -2.532803708701194 -11.209572235580996 108.5
1 0 -65.6068954047696 64.64922155500857 -117.5
1 1 -62.95227648814731 61.457780116887115 -108.0
4640
-------------------New----------------
0 0 -34.46259205424456 -19.452778851497435 118.5
0 1 -27.99282245824191 -17.63312625708668 108.5
1 0 118.22393799608963 23.510285122124426 -117.5
1 1 112.07716521433626 21.77997521859363 -108.0
4642
-------------------New----------------
0 0 71.68227770629724 35.886469936175985 118.5
0 1 68.93932440284553 34.425084296454706 108.5
1 0 6.942721374691144 1.3965640918610698 -117.5
1 1 9.548741422940079 2.7848506580005816 -108.0
4645
-------------------New----------------
0 0 57.56761095746 -13.85270564763562 118.5
0 1 56.97159920262404 -11.50821065445424 108.5
1 0 43.47972604569712 41.630758403002154 -117.5
1 1 44.037217324008445 39.389116308207505 -108.0
4650
-------------------New----------------
0 0 3.8829030841542207 -18.62942802639179 118.5
0 1 -0.5157746690798042 -18.192861579500953 108.5
1 0 -99.99015405650356 -8.410935463402604 -117.5
1 1 -95.80750465592176 -8.823234476566363 -108.0
4673
-------------------New----------------
0 0 74.24546475483572 -44.28238006729517 118.5
0 1 72.10777570752043 -44.82837732221156 108.5
1 0 24.210571072974666 -56.86870418902828 -117.5
1 1 26.226451739263858 -56.38267914545236 -108.0
4677
-------------------New----------------
0 0 -25.83332849738203 36.16430786653001 118.5
0 1 -25.008629877301946 36.181519612413894 108.5
1 0 -6.367014130695241 36.563477434369005 -117.5
1 1 -7.150282470190912 36.5477438808657 -108.0
4684
-------------------New----------------
0 0 -34.496990506092274 -80.73620678191752 118.5
0 1 -33.488949523579045 -78.94708675555538 108.5
1 0 -10.709069954736538 -38.518035299315876 -117.5
1 1 -11.667001832348415 -40.21723209442687 -108.0
4694
-------------------New----------------
0 0 -1.734188774852194 -63.95975791251332 118.5
0 1 3.536565994432581 -60.55645623625229 108.5
1 0 122.72300459536378 16.336177961990035 -117.5
1 1 117.71977586245444 13.106148141824757 -108.0
4699
-------------------New----------------
0 0 100.91813598725619 -16.430408916618333 118.5
0 1 100.59816700206596 -11.429784018310276 108.5
1 0 93.37197320485538 101.56546920336308 -117.5
1 1 93.67569980823718 96.81562647885252 -108.0
4710
-------------------New----------------
0 0 -23.14082987551979 35.489324954454744 118.5
0 1 -26.72580323789004 29.97737694981013 108.5
1 0 -107.75526304185942 -94.60383038291074 -117.5
1 1 -104.34866548488102 -89.36646893609583 -108.0
4715
-------------------New----------------
0 0 -50.251033091159385 -89.99490414090704 118.5
0 1 -50.18148486186811 -88.12759739490654 108.5
1 0 -48.440168183831254 -45.75018327113091 -117.5
1 1 -48.52364579043794 -47.53591649588233 -108.0
4720
-------------------New----------------
0 0 -1.7428591271564244 -60.83459511235394 118.5
0 1 -5.203175506230755 -60.1853651953402 108.5
1 0 -83.39315065994307 -45.49234608059957 -117.5
1 1 -80.10573414384172 -46.11074061758916 -108.0
4723
-------------------New----------------
0 0 10.643831486950535 -59.97829117532916 118.5
0 1 10.641980278098886 -60.553001318260634 108.5
1 0 10.705516660666738 -73.71061317108665 -117.5
1 1 10.684873622113402 -73.1490268476566 -108.0
4725
-------------------New----------------
0 0 67.32077325550028 -9.77566108654151 118.5
0 1 66.5298428132788 -6.783804586554202 108.5
1 0 48.35986213273871 60.540422653316554 -117.5
1 1 49.1266806381871 57.71997569344353 -108.0
4740
-------------------New----------------
0 0 -10.148529192108878 -53.94825657161406 118.5
0 1 -6.869934990498711 -55.848680322842334 108.5
1 0 67.17348111384611 -98.85322934943716 -117.5
1 1 64.06486127914924 -97.04498957174658 -108.0
4742
-------------------New----------------
0 0 47.37306460695067 103.95070361808996 118.5
0 1 44.528876958091466 104.48403690279744 108.5
1 0 -19.734409377153412 116.51664006590079 -117.5
1 1 -17.031723000803744 116.01073935305946 -108.0
4751
-------------------New----------------
0 0 -63.56080473682073 -0.11998650094968322 118.5
0 1 -63.90853428955002 -1.1391476549889068 108.5
1 0 -71.71187425222493 -24.175062117687673 -117.5
1 1 -71.38684988730066 -23.203954272405266 -108.0
4752
-------------------New----------------
0 0 -3.625606953220239 -95.3931381232423 118.5
0 1 -2.184393572978306 -95.62536166753135 108.5
1 0 30.324487524167683 -100.89555103864322 -117.5
1 1 28.961161024596237 -100.67906171200396 -108.0
4758
-------------------New----------------
0 0 -42.28236419376087 6.784219967534119 118.5
0 1 -41.90259904062283 2.4569583442643967 108.5
1 0 -33.28835604613527 -95.49439271059846 -117.5
1 1 -33.64859735836267 -91.37153333605812 -108.0
4765
-------------------New----------------
0 0 -16.617529800291102 -51.50423567959651 118.5
0 1 -18.631691095343722 -52.80351697754113 108.5
1 0 -64.15596376644564 -82.15230363659687 -117.5
1 1 -62.24169258384931 -80.91937725070537 -108.0
4767
-------------------New----------------
0 0 40.25790758015116 64.72036295559762 118.5
0 1 37.05101700597784 65.98081392407825 108.5
1 0 -35.39604170770773 94.44693681565396 -117.5
1 1 -32.35358454577545 93.25033372897836 -108.0
4769
-------------------New----------------
0 0 -81.4067699571591 -65.8879978707989 118.5
0 1 -79.85126689907534 -66.71832970454341 108.5
1 0 -43.67549031391629 -83.89153969049266 -117.5
1 1 -45.198216690972934 -83.19247453994004 -108.0
4788
-------------------New----------------
0 0 31.117013798982335 37.435386982476345 118.5
0 1 34.36404977008678 40.53079071605596 108.5
1 0 107.76588546467035 110.47491353057183 -117.5
1 1 104.6802763669943 107.53694112142759 -108.0
4795
-------------------New----------------
0 0 24.62721315002186 -1.9608162487722745 118.5
0 1 20.47209579635986 -5.17634954898166 108.5
1 0 -73.3584205807962 -77.89473887233774 -117.5
1 1 -69.41327927997428 -74.83613371760937 -108.0
4804
-------------------New----------------
0 0 66.17000752287609 -5.156463783760775 118.5
0 1 66.10835100444953 -7.750223821661843 108.5
1 0 64.65748001652985 -66.32268038520463 -117.5
1 1 64.72025723011947 -63.860031713114005 -108.0
4811
-------------------New----------------
0 0 69.15154220445817 76.55794005104526 118.5
0 1 67.94703388717505 75.8518160672684 108.5
1 0 40.75823571228447 59.905566352833446 -117.5
1 1 41.90086594326831 60.575444303190295 -108.0
4814
-------------------New----------------
0 0 65.90029360030691 93.82863839478617 118.5
0 1 64.7945222767436 94.13892626245706 108.5
1 0 39.826864133912366 101.37068990491056 -117.5
1 1 40.87432139798457 101.06291151554271 -108.0
4818
-------------------New----------------
0 0 34.245345009395244 -94.69185020933216 118.5
0 1 34.07428312665185 -95.93152991178297 108.5
1 0 30.207869268909484 -123.94839212217884 -117.5
1 1 30.370398600199014 -122.77067892773107 -108.0
4819
-------------------New----------------
0 0 101.47539373084403 -8.202595745134998 118.5
0 1 99.99057015208625 -4.0571792510644515 108.5
1 0 66.3576108571702 89.89680568254329 -117.5
1 1 67.77611799128819 85.94193931138754 -108.0
4820
-------------------New----------------
0 0 17.654469984115337 64.29015862395767 118.5
0 1 21.417361287305066 64.03450570189183 108.5
1 0 106.43297924138668 58.421238801065115 -117.5
1 1 102.86223143923414 58.650500948310025 -108.0
4826
-------------------New----------------
0 0 19.272773664274766 -92.72397931556144 118.5
0 1 15.291728041850822 -90.44715020484033 108.5
1 0 -74.66179587297151 -38.960924587027804 -117.5
1 1 -70.88378928092352 -41.12503564133807 -108.0
4828
-------------------New----------------
0 0 51.12791507599277 -86.64990621033766 118.5
0 1 47.12328567184177 -88.25543412400887 108.5
1 0 -43.386681001340875 -124.80263134945451 -117.5
1 1 -39.58341891013519 -123.2605613917772 -108.0
4832
-------------------New----------------
0 0 96.15931866162268 -51.184233429367 118.5
0 1 97.00154940968682 -46.959966973223324 108.5
1 0 116.18775085220948 48.47303669873823 -117.5
1 1 115.37765990709356 44.463494038334936 -108.0
4839
-------------------New----------------
0 0 -31.287640075873043 36.19748655569003 118.5
0 1 -31.138149182527638 32.2159830563413 108.5
1 0 -27.745551236356285 -57.80010785982563 -117.5
1 1 -27.889759362968135 -54.01515786054963 -108.0
4844
-------------------New----------------
0 0 -30.220684217457197 -39.54007825376226 118.5
0 1 -31.43591144933738 -36.96533215850407 108.5
1 0 -58.969238530696416 21.364931917386123 -117.5
1 1 -57.80981267397432 18.912685377353885 -108.0
4853
-------------------New----------------
0 0 -12.016219679865191 -54.84976000097455 118.5
0 1 -16.196424989238995 -53.978205781131386 108.5
1 0 -110.48297293360115 -34.04025486036454 -117.5
1 1 -106.51172002676817 -34.8971031498293 -108.0
4860
-------------------New----------------
0 0 -30.74185320621832 26.08700006141002 118.5
0 1 -33.11496661854264 25.60821379085946 108.5
1 0 -86.74028930348065 14.789271474716433 -117.5
1 1 -84.48573953766467 15.245081329070032 -108.0
4873
-------------------New----------------
0 0 28.58968232615581 30.540876191537347 118.5
0 1 31.869168466789734 30.727113965184788 108.5
1 0 105.97689992911091 34.953026718477915 -117.5
1 1 102.86198551314351 34.77511843380892 -108.0
4875
-------------------New----------------
0 0 52.642514989711785 -100.99369579726411 118.5
0 1 50.64392265784298 -100.23519306711106 108.5
1 0 5.466765201645872 -83.10302908138208 -117.5
1 1 7.36492817472205 -83.82426903725182 -108.0
4876
-------------------New----------------
0 0 -27.48925366854989 -4.5455967333662235 118.5
0 1 -25.09226406477501 -1.5567101299728896 108.5
1 0 29.079890154779594 65.99878244942381 -117.5
1 1 26.80289004821198 63.157498788396005 -108.0
4880
-------------------New----------------
0 0 -69.1619361072788 18.723620048765376 118.5
0 1 -68.15794816813198 13.878918668792625 108.5
1 0 -45.54280494284907 -95.47112998285488 -117.5
1 1 -46.505166299335116 -90.88521422798752 -108.0
4890
-------------------New----------------
0 0 14.824873370627017 41.902981603669794 118.5
0 1 17.895203086678755 42.996335120316814 108.5
1 0 87.25481389369973 67.67823795065331 -117.5
1 1 84.34126624890861 66.64064652859996 -108.0
4899
-------------------New----------------
0 0 -116.24683149042349 70.88987197857362 118.5
0 1 -115.79735995721448 72.19677986895735 108.5
1 0 -105.63597151622002 101.72312826872627 -117.5
1 1 -106.06332886471264 100.48204335498303 -108.0
4900
-------------------New----------------
0 0 -86.86034270041179 -69.90058746111474 118.5
0 1 -85.41181618673366 -68.37362194205296 108.5
1 0 -52.85563787126591 -33.667008371217165 -117.5
1 1 -54.224008342503716 -35.1293791374206 -108.0
4901
-------------------New----------------
0 0 96.584205863874 6.956993430266299 118.5
0 1 97.73462499088063 9.385279495058445 108.5
1 0 123.66419911995452 64.42252721896469 -117.5
1 1 122.57072194614179 62.099599041780706 -108.0
4906
-------------------New----------------
0 0 -16.344462344266763 1.9275440420006327 118.5
0 1 -13.218684399956825 -2.251906429656438 108.5
1 0 57.52779809575752 -96.69693497076138 -117.5
1 1 54.54978828603873 -92.72530724816833 -108.0
4917
-------------------New----------------
0 0 39.24838007514723 80.37457603164262 118.5
0 1 36.3737310485884 81.3324922735264 108.5
1 0 -28.518380614706803 103.13894446807278 -117.5
1 1 -25.791126774016902 102.21986028377236 -108.0
4919
-------------------New----------------
0 0 -117.28372447996419 -41.47759242697323 118.5
0 1 -117.63795880303437 -39.947119410072716 108.5
1 0 -99.47213619035806 -4.7817809843084635 -117.5
1 1 -100.05263490527413 -6.0788547831898425 -108.0
4928
-------------------New----------------
0 0 -9.867242007395529 -65.35557415785104 118.5
0 1 -5.5300817743101796 -67.46101921821482 108.5
1 0 92.48436233660105 -115.04681513592406 -117.5
1 1 88.36433981066448 -113.04663173739284 -108.0
4937
-------------------New----------------
0 0 79.97434182795652 63.49078191595066 118.5
0 1 78.09798774869492 65.59182853651187 108.5
1 0 35.748389868649454 113.1730914606745 -117.5
1 1 37.52691821017066 111.1750098287168 -108.0
4942
-------------------New----------------
0 0 9.969522379466282 25.92333698910223 118.5
0 1 6.606677644182348 29.841853797889037 108.5
1 0 -69.4019142769981 118.36010139644365 -117.5
1 1 -66.20655379796017 114.64403183101365 -108.0
4945
-------------------New----------------
0 0 42.82081899297141 -37.41453395060255 118.5
0 1 42.27294578839483 -36.9886116387131 108.5
1 0 29.90585554923182 -27.371390754323123 -117.5
1 1 30.426016690697615 -27.775456150113662 -108.0
4960
-------------------New----------------
0 0 -57.691435795574684 14.609807141449284 118.5
0 1 -53.409589825897584 10.464905493222632 108.5
1 0 43.14488273033193 -82.97914087444785 -117.5
1 1 39.08665005362788 -79.04690640941845 -108.0
4969
-------------------New----------------
0 0 -64.3383765225258 -49.52535313837084 118.5
0 1 -66.04954862050523 -45.864734616731965 108.5
1 0 -104.68837186437062 36.77412399863915 -117.5
1 1 -103.06699550287553 33.3001793526031 -108.0
4981
-------------------New----------------
0 0 -28.408891419180947 65.90543726955336 118.5
0 1 -26.3088391414007 65.1856336212202 108.5
1 0 20.168640953257817 49.658131386510995 -117.5
1 1 18.219719930292804 50.30921856850482 -108.0
4990
-------------------New----------------
0 0 60.00867430830307 -26.213135548118572 118.5
0 1 61.33971594139946 -24.493383946043487 108.5
1 0 91.4356266100745 14.360864619375622 -117.5
1 1 90.16972769419571 12.726057947240486 -108.0
4993
-------------------New----------------
0 0 -110.22644039985582 1.8484737616770452 118.5
0 1 -110.45229922478681 5.817252043829202 108.5
1 0 -115.57592155266778 95.52948379943037 -117.5
1 1 -115.35951161644519 91.75872875347305 -108.0
4996
-------------------New----------------
0 0 -17.69940810348559 97.24655626567935 118.5
0 1 -14.806302980596652 96.35510371056205 108.5
1 0 50.59317201161082 76.20759979105017 -117.5
1 1 47.84370318677227 77.05499884517674 -108.0
4998
-------------------New----------------
0 0 16.4999347686737 32.19474179138051 118.5
0 1 11.395203932479314 31.038881775962047 108.5
1 0 -104.03826361107747 4.932530542499809 -117.5
1 1 -99.18501288447524 6.030942346927092 -108.0
5007
-------------------New----------------
0 0 -60.60284449668336 84.29863072628197 118.5
0 1 -61.04587976947264 85.09058807897372 108.5
1 0 -71.07184651108368 102.98403205017 -117.5
1 1 -70.64993680674236 102.2323668276315 -108.0
5009
-------------------New----------------
0 0 34.41068222579148 85.02449922994995 118.5
0 1 30.331005117540116 86.64028366211942 108.5
1 0 -61.329033283675 123.17108369836421 -117.5
1 1 -57.501247803894366 121.64969389991124 -108.0
5014
-------------------New----------------
0 0 21.451907009157107 33.231523732319616 118.5
0 1 18.8471342626566 33.88861471579746 108.5
1 0 -40.07411564651167 48.78893626630527 -117.5
1 1 -37.59557773857968 48.16143789369372 -108.0
5015
-------------------New----------------
0 0 79.62776548151437 119.90744608383015 118.5
0 1 76.84831214749505 127.03231062996576 108.5
1 0 -72.27935795410667 -65.8096110140041 -117.5
1 1 -69.62454169547249 -61.921939455241 -108.0
5019
-------------------New----------------
0 0 69.76485549208772 -50.98313540510192 118.5
0 1 67.37093550099753 -50.824308666395474 108.5
1 0 13.251395516435338 -47.25988657320754 -117.5
1 1 15.526552685021574 -47.4097506035272 -108.0
5031
-------------------New----------------
0 0 -81.99270044218301 85.64926156796722 118.5
0 1 -79.12936042817584 84.58203866530332 108.5
1 0 -14.428102186326878 60.40388527647018 -117.5
1 1 -17.146704712447793 61.422903218723455 -108.0
5038
-------------------New----------------
0 0 15.222056113548717 16.5256748643791 118.5
0 1 18.42687590634925 13.255114665203887 108.5
1 0 90.83338429260769 -60.64529837999076 -117.5
1 1 87.79105712245469 -57.54007511427966 -108.0
5041
-------------------New----------------
0 0 -18.90192257497377 91.48641561590625 118.5
0 1 -20.585407960739786 89.95577846151387 108.5
1 0 -58.63287434712424 55.35115732750271 -117.5
1 1 -57.03247246623541 56.80738345037323 -108.0
5045
-------------------New----------------
0 0 69.2031166643491 -19.761883704994936 118.5
0 1 68.11853229921101 -20.66203445192405 108.5
1 0 43.60026842600819 -41.00815598300061 -117.5
1 1 44.63005815683946 -40.15386375439663 -108.0
5067
-------------------New----------------
0 0 -29.97357715896701 41.70092788969813 118.5
0 1 -25.738289897984522 44.213854372824684 108.5
1 0 69.98719209702234 101.03481335923485 -117.5
1 1 65.96215680215748 98.64784357789763 -108.0
5068
-------------------New----------------
0 0 -73.57314451798241 64.03852456269263 118.5
0 1 -75.48243576029408 64.81708855853032 108.5
1 0 -118.6252156093561 82.4356562120262 -117.5
1 1 -116.81269441976853 81.6938039553456 -108.0
5076
-------------------New----------------
0 0 22.56720610251362 72.3480122758896 118.5
0 1 23.625379994686448 72.97106955833979 108.5
1 0 47.53527793228584 86.94789413179413 -117.5
1 1 46.529437989027166 86.35829245390224 -108.0
5083
-------------------New----------------
0 0 -107.20075876062859 25.855424946227618 118.5
0 1 -107.84215679717613 25.314484526229144 108.5
1 0 -122.34135335260517 13.081802645365446 -117.5
1 1 -121.73157561411884 13.59829231795938 -108.0
5084
-------------------New----------------
0 0 -73.02997955181455 11.205485316747579 118.5
0 1 -72.0305346019371 12.16631904469593 108.5
1 0 -49.43551387704902 33.800005298638894 -117.5
1 1 -50.3825624331979 32.891717141929774 -108.0
5090
-------------------New----------------
0 0 83.82517674261008 63.87012482098612 118.5
0 1 84.76916808369273 61.237005782707925 108.5
1 0 105.92459560104967 1.7399107754733616 -117.5
1 1 105.0352485040974 4.231295083133771 -108.0
5094
-------------------New----------------
0 0 2.3559853349910314 11.38223554577766 118.5
0 1 4.009416157481602 10.99487571819236 108.5
1 0 41.4257527880507 2.2571414519080766 -117.5
1 1 39.852258102328406 2.625663212988972 -108.0
5099
-------------------New----------------
0 0 -101.136046805445 43.402586920803195 118.5
0 1 -99.55577225042859 38.53560205657918 108.5
1 0 -63.946159665877914 -71.12749922943496 -117.5
1 1 -65.432413068703 -66.51224032433858 -108.0
5103
-------------------New----------------
0 0 -16.81053139880741 84.1458007430529 118.5
0 1 -12.014789760749258 85.94131216584003 108.5
1 0 96.52365631157947 126.47461421988567 -117.5
1 1 91.95015871156497 124.77494068964911 -108.0
5107
-------------------New----------------
0 0 83.75484319224898 80.91854155807673 118.5
0 1 83.596571854389 81.03801276828915 108.5
1 0 80.01453013716603 83.74422215150243 -117.5
1 1 80.16653672786913 83.6304255405699 -108.0
5134
-------------------New----------------
0 0 64.56742480651789 -59.65153623683555 118.5
0 1 64.33878046698767 -57.06570147322092 108.5
1 0 59.39526622757607 1.7175507944564945 -117.5
1 1 59.59524409909018 -0.7605700424713067 -108.0
5140
-------------------New----------------
0 0 97.07156382473666 -88.8010412885033 118.5
0 1 96.35027720976284 -88.597759918648 108.5
1 0 80.05331948386012 -84.00769381465908 -117.5
1 1 80.7390355857017 -84.20025326212578 -108.0
5149
-------------------New----------------
0 0 70.50894823578997 -50.74596015983004 118.5
0 1 71.4314817070996 -46.82166817991579 108.5
1 0 92.36721919055014 41.97849105635402 -117.5
1 1 91.48707016576148 38.245607870896464 -108.0
5162
-------------------New----------------
0 0 -24.624190701215447 22.574712478065116 118.5
0 1 -24.66031000903998 22.853141499779916 108.5
1 0 -25.47772310832478 29.142401747316786 -117.5
1 1 -25.44361274610835 28.877935201147324 -108.0
5168
-------------------New----------------
0 0 -34.81700341354646 37.25659034200369 118.5
0 1 -29.734998654864324 40.05025365278524 108.5
1 0 85.54176778653535 103.04423149217914 -117.5
1 1 80.68358318925081 100.39278766185467 -108.0
5179
-------------------New----------------
0 0 -59.84204414210635 -103.8303750983174 118.5
0 1 -60.66808494162704 -103.46854069310146 108.5
1 0 -79.33744046428578 -95.29849614540399 -117.5
1 1 -78.55459476121592 -95.64114780290997 -108.0
5183
-------------------New----------------
0 0 8.835346750305128 94.2764999614044 118.5
0 1 6.788084971459936 94.97812721870528 108.5
1 0 -39.60083163600791 110.88996291662818 -117.5
1 1 -37.650668767624346 110.22308288135926 -108.0
5186
-------------------New----------------
0 0 49.39424256513108 21.89559075613971 118.5
0 1 51.729837312005166 23.394099388619843 108.5
1 0 104.50802687783523 57.28684583101186 -117.5
1 1 102.2899274083274 55.86248784619655 -108.0
5187
-------------------New----------------
0 0 15.70283844952931 57.865654392149565 118.5
0 1 10.158551045882831 60.68702645419229 108.5
1 0 -114.93940182345116 124.60323046388517 -117.5
1 1 -109.6845612797282 121.92186098701363 -108.0
5190
-------------------New----------------
0 0 27.413269221472575 -87.25752149658805 118.5
0 1 26.938698650102747 -84.81530096964339 108.5
1 0 16.22358710062759 -29.628816632282167 -117.5
1 1 16.67347824867964 -31.94855408429978 -108.0
5191
-------------------New----------------
0 0 -46.5773946069289 -17.75748604098033 118.5
0 1 -48.76095392503065 -14.84563486221204 108.5
1 0 -98.18942710172284 50.93584935355251 -117.5
1 1 -96.10967830770286 48.17369330661866 -108.0
5192
-------------------New----------------
0 0 98.9714428222696 -11.390563288261593 118.5
0 1 97.32105723468797 -14.53057054679499 108.5
1 0 59.65022641882649 -86.98835841391028 -117.5
1 1 61.30560839706006 -83.895343372071 -108.0
5207
-------------------New----------------
0 0 10.409580719305072 84.6517461021526 118.5
0 1 7.638164860603091 82.98551117492127 108.5
1 0 -54.998168271609 45.33465321686934 -117.5
1 1 -52.36551608574805 46.91710000926543 -108.0
5212
-------------------New----------------
0 0 10.060411810155927 -3.4313021273037037 118.5
0 1 9.723920808266483 -0.32219659362485364 108.5
1 0 2.1857807711959336 69.93991375932771 -117.5
1 1 2.5024089635988553 66.98613433772971 -108.0
5215
-------------------New----------------
0 0 -1.7347919039513364 103.10629434654882 118.5
0 1 -5.125694165678313 102.04455909365285 108.5
1 0 -81.74266493968602 78.0607316888675 -117.5
1 1 -78.52166490955037 79.06794481197959 -108.0
5216
-------------------New----------------
0 0 2.350593164073266 65.44734932704866 118.5
0 1 -0.7715820948056425 64.69169866508152 108.5
1 0 -71.317970494543 47.62899805676447 -117.5
1 1 -68.35312220494072 48.345841955897185 -108.0
5218
-------------------New----------------
0 0 -0.9659869282398897 -10.709805617903656 118.5
0 1 -0.953804389928137 -13.581526891328267 108.5
1 0 -0.6668518634528804 -78.46606793644298 -117.5
1 1 -0.6792242303335664 -75.739195595359 -108.0
5225
-------------------New----------------
0 0 20.932791091055982 5.6693807037677315 118.5
0 1 24.646663149752317 5.706630975582882 108.5
1 0 108.5752089331204 6.55188454593875 -117.5
1 1 105.0481027485207 6.516512737900756 -108.0
5249
-------------------New----------------
0 0 47.37911245291035 117.24760866947068 118.5
0 1 49.96768143037171 117.28212862767764 108.5
1 0 108.21608189910383 118.12531070894993 -117.5
1 1 105.77077922079475 118.08343797430241 -108.0
5264
-------------------New----------------
0 0 -69.11282338584613 -0.47466247156032254 118.5
0 1 -65.79168901306048 4.382693085556836 108.5
1 0 9.285044567372273 114.1770060497233 -117.5
1 1 6.128656153566974 109.56445325410407 -108.0
5275
-------------------New----------------
0 0 -19.39542363664985 -35.64313476955068 118.5
0 1 -19.80562987625087 -32.88159350928638 108.5
1 0 -29.119556869270575 29.489429262754733 -117.5
1 1 -28.719938064141086 26.8779527437446 -108.0
5283
-------------------New----------------
0 0 -88.42316307385369 74.08815814398207 118.5
0 1 -87.16228068925554 74.73734714839358 108.5
1 0 -59.06119776771224 89.41101388259604 -117.5
1 1 -60.232323197210974 88.79518527650735 -108.0
5289
-------------------New----------------
0 0 1.491061666689026 16.695887820050828 118.5
0 1 2.7381703731492353 17.62143470708933 108.5
1 0 30.922915130460797 38.519929864598076 -117.5
1 1 29.73870370237561 37.64223896115135 -108.0
5303
-------------------New----------------
0 0 -54.932624418186336 -85.51141557569007 118.5
0 1 -54.145046404198844 -87.01353478595811 108.5
1 0 -36.490255151035186 -120.92557409292495 -117.5
1 1 -37.22457931695455 -119.50113582665877 -108.0
5305
-------------------New----------------
0 0 4.862651498284744 74.13863732676501 118.5
0 1 8.906091020008537 75.12280707107269 108.5
1 0 100.28993513840821 97.35054882410427 -117.5
1 1 96.44807041206062 96.41681861549164 -108.0
5306
-------------------New----------------
0 0 22.62473345988156 -95.00307596315365 118.5
0 1 24.422725687483258 -94.2016433333242 108.5
1 0 65.08193603409839 -76.08463113735814 -117.5
1 1 63.37149435160343 -76.84528250788263 -108.0
5315
-------------------New----------------
0 0 -40.36820950572601 -71.23600981695661 118.5
0 1 -35.75001469290622 -67.4246492601676 108.5
1 0 66.9316301692112 17.22034323029623 -117.5
1 1 62.651484993202075 13.6793549105512 -108.0
5329
-------------------New----------------
0 0 33.59660599702768 3.345261271303928 118.5
0 1 36.22567861513496 4.4880641565975035 108.5
1 0 95.69749922300238 30.326589448152582 -117.5
1 1 93.19331981318689 29.24111856545533 -108.0
5331
-------------------New----------------
0 0 -39.8510039020472 3.3481294799899954 118.5
0 1 -35.55189244227815 0.2950405009298699 108.5
1 0 61.590576964496925 -68.62383944129843 -117.5
1 1 57.51127540059885 -65.73393022852362 -108.0
5337
-------------------New----------------
0 0 31.541172807225543 12.419146911562974 118.5
0 1 31.14898786114054 9.139108980796374 108.5
1 0 22.290920944532473 -65.0042229663421 -117.5
1 1 22.660402061346527 -61.88880571829013 -108.0
5350
-------------------New----------------
0 0 50.637676392625345 -4.88796237495626 118.5
0 1 47.55834657478611 -3.1649587157994823 108.5
1 0 -22.027375829364807 35.82784582801351 -117.5
1 1 -19.10300007080817 34.1869706468106 -108.0
5357
-------------------New----------------
0 0 -44.210203246976434 -62.7625025240355 118.5
0 1 -41.182223752318194 -63.30441567604324 108.5
1 0 27.247026227226183 -75.54721866652703 -117.5
1 1 24.370605198185235 -75.03208267193365 -108.0
5361
-------------------New----------------
0 0 -35.24298865119398 -21.460749947300613 118.5
0 1 -30.76848800894178 -18.427598726899195 108.5
1 0 70.37723947917102 50.17194719969908 -117.5
1 1 66.1299528369499 47.28368304737494 -108.0
5368
-------------------New----------------
0 0 61.55159867069102 95.58939885665527 118.5
0 1 61.09661963655704 96.86211707826277 108.5
1 0 50.83288121196208 125.61235396883197 -117.5
1 1 51.26392953898336 124.40324772569679 -108.0
5371
-------------------New----------------
0 0 -34.625018272633035 83.05717354572403 118.5
0 1 -30.642533008696677 82.01813235899091 108.5
1 0 59.36140471774142 58.536065325610615 -117.5
1 1 55.57799239526166 59.5230865960404 -108.0
5373
-------------------New----------------
0 0 -3.0365994718496734 49.18562907432858 118.5
0 1 -6.088434842126541 49.553380570570056 108.5
1 0 -74.99830984954238 58.09253309982464 -117.5
1 1 -72.1017159629724 57.727701930222864 -108.0
5375
-------------------New----------------
0 0 36.507193802813546 -60.225811485993574 118.5
0 1 33.639091472333746 -62.24769029090745 108.5
1 0 -31.12851485278842 -107.92841994190232 -117.5
1 1 -28.407433340823637 -106.00814029691276 -108.0
5384
-------------------New----------------
0 0 46.73371713032832 39.78010361826945 118.5
0 1 45.18641713092754 38.34275622602878 108.5
1 0 10.262716536085629 5.862096117344568 -117.5
1 1 11.746533323932507 7.225407085309309 -108.0
5389
-------------------New----------------
0 0 -9.201279008389266 86.0720968648062 118.5
0 1 -3.931626575197341 87.2504257409417 108.5
1 0 115.18210258135358 113.88210882949704 -117.5
1 1 110.17487605590597 112.76182086963718 -108.0
5391
-------------------New----------------
0 0 63.72777483628016 45.341039069044356 118.5
0 1 61.07368629573816 39.988695448563085 108.5
1 0 1.0451478384969448 -80.92690859729962 -117.5
1 1 3.5678885553356414 -75.84425620975888 -108.0
5393
-------------------New----------------
0 0 -0.6011730392895522 9.473697125293333 118.5
0 1 2.0685510006774916 9.436799318278139 108.5
1 0 62.34777494192067 8.711746911988955 -117.5
1 1 59.810370664758956 8.752160366718554 -108.0
5402
-------------------New----------------
0 0 -21.61585163808612 99.4974160426882 118.5
0 1 -23.6587044790126 97.83468933492246 108.5
1 0 -69.8465283135628 60.26220363443853 -117.5
1 1 -67.90466799628086 61.841666787427286 -108.0
5405
-------------------New----------------
0 0 -22.508876415987977 -7.529641670022826 118.5
0 1 -21.141122094267093 -3.28402861115932 108.5
1 0 9.583735143633588 92.56115607486893 -117.5
1 1 8.290247213417983 88.5306831833476 -108.0
5425
-------------------New----------------
0 0 -49.68245131539507 53.99318139083501 118.5
0 1 -48.34772485054435 62.471265364111105 108.5
1 0 -24.19159871170997 126.13102337728462 -117.5
1 1 -25.788531766195774 125.12067927690813 -108.0
5429
-------------------New----------------
0 0 42.33235201701937 -13.692365057190543 118.5
0 1 38.188817174714515 -13.267675599649882 108.5
1 0 -55.177691839075706 -3.378710141204484 -117.5
1 1 -51.251714315538685 -3.802693908870495 -108.0
5449
-------------------New----------------
0 0 -42.22117307027416 79.63870657413537 118.5
0 1 -38.379112208377585 79.90767263323116 108.5
1 0 48.454226393698534 85.98723444610901 -117.5
1 1 44.80491605317462 85.732190642325 -108.0
5453
-------------------New----------------
0 0 25.330564821875683 49.474563595131954 118.5
0 1 26.083191460027585 52.73577680000998 108.5
1 0 44.356291413925184 124.92807297212622 -117.5
1 1 43.556713508460994 121.94015211586527 -108.0
5454
-------------------New----------------
0 0 82.20925414451399 -41.96316362764277 118.5
0 1 81.45349103736933 -37.24210131825035 108.5
1 0 64.37249676660713 69.4490417912446 -117.5
1 1 65.09070159385153 64.96409027856114 -108.0
5459
-------------------New----------------
0 0 119.69610934658606 -64.37822081671759 118.5
0 1 119.36914837335196 -61.60158345737584 108.5
1 0 111.95276693407791 1.121085215001032 -117.5
1 1 112.26512559826229 -1.5138523339732788 -108.0
5471
-------------------New----------------
0 0 39.19141502127445 -15.492015265494226 118.5
0 1 36.848196554601344 -16.149444605053183 108.5
1 0 -16.149705133661218 -31.07532219807864 -117.5
1 1 -13.9189494634651 -30.442309895911034 -108.0
5478
-------------------New----------------
0 0 -110.57489127794096 26.155058281341617 118.5
0 1 -111.05821413556264 27.026765851916213 108.5
1 0 -121.9844194483085 46.713287077900944 -117.5
1 1 -121.52505445498446 45.88629187074086 -108.0
5484
-------------------New----------------
0 0 -18.750582872118954 71.3422168211917 118.5
0 1 -19.79239081159026 68.63085287247901 108.5
1 0 -43.33720306504087 7.367952992427703 -117.5
1 1 -42.3455208570094 9.943249966090722 -108.0
5494
-------------------New----------------
0 0 -6.55308427526862 -121.59479306894607 118.5
0 1 -9.441223886248926 -121.60424616564356 108.5
1 0 -74.68184819406244 -121.8398043791238 -117.5
1 1 -71.94054581913551 -121.83053172636707 -108.0
5495
-------------------New----------------
0 0 -112.18079590529999 -33.15653913975486 118.5
0 1 -111.40553530112732 -36.52921150867543 108.5
1 0 -93.92175214951544 -112.71345342630971 -117.5
1 1 -94.65868218860696 -109.53326882390456 -108.0
5498
-------------------New----------------
0 0 -25.953395385410182 -69.63715466312125 118.5
0 1 -24.861289036318865 -70.58461282666312 108.5
1 0 -0.24305967742923235 -92.11445296897283 -117.5
1 1 -1.279482287067736 -91.20907886670429 -108.0
5501
-------------------New----------------
0 0 1.9286922616813187 62.46399878309396 118.5
0 1 1.2248570997812152 62.3266205994655 108.5
1 0 -14.665493856816008 59.108864005427606 -117.5
1 1 -14.00016667867734 59.246797582019134 -108.0
5517
-------------------New----------------
0 0 -63.09424336923718 -47.573923833328074 118.5
0 1 -62.44372828184588 -50.73637652384649 108.5
1 0 -47.743480772565036 -122.182604679303 -117.5
1 1 -48.36136269362389 -119.17970401153214 -108.0
5524
-------------------New----------------
0 0 26.20198213416993 47.52764895070353 118.5
0 1 26.89919121036643 48.5783815766198 108.5
1 0 42.76738252720783 72.40456723816705 -117.5
1 1 42.10103309851711 71.39536871928611 -108.0
5526
-------------------New----------------
0 0 10.213743138868626 33.033706690774494 118.5
0 1 13.695016894179208 32.4724261633436 108.5
1 0 92.401912768205 19.773193148292197 -117.5
1 1 89.09418258875152 20.307966167111637 -108.0
5528
-------------------New----------------
0 0 112.76066699698659 0.5353588298787768 118.5
0 1 112.36832834698505 -0.5780185928514691 108.5
1 0 103.50130470622415 -25.731634139338922 -117.5
1 1 103.87359413455383 -24.674206073713766 -108.0
5533
-------------------New----------------
0 0 -50.66398872992316 33.58885575639678 118.5
0 1 -51.018208451822886 33.24373771286427 108.5
1 0 -59.008889054645955 25.503399325746827 -117.5
1 1 -58.67242830907471 25.826582495262954 -108.0
5537
-------------------New----------------
0 0 -68.88912820186661 15.936162645145519 118.5
0 1 -70.89277857720283 12.254356576213006 108.5
1 0 -116.1990503642839 -70.95353446464442 -117.5
1 1 -114.29724444261532 -67.45949015191107 -108.0
5538
-------------------New----------------
0 0 -65.44584122651466 8.44631307319126 118.5
0 1 -62.64310902872379 8.65450018671365 108.5
1 0 0.30051785288081734 13.345068813899298 -117.5
1 1 -2.3312424534267846 13.141965771323992 -108.0
5542
-------------------New----------------
0 0 46.35408402462225 13.359897577775632 118.5
0 1 46.283780674340285 14.18182937683502 108.5
1 0 44.661385164445804 32.8344507527179 -117.5
1 1 44.732771660905925 32.05104677820677 -108.0
5555
-------------------New----------------
0 0 7.7776438920143605 -99.92224040960815 118.5
0 1 5.5518892007725755 -105.35519943048784 108.5
1 0 -73.0880771598758 82.271980037455 -117.5
1 1 -70.65388392385293 81.49449930595998 -108.0
5559
-------------------New----------------
0 0 58.29904498792369 15.939962760271822 118.5
0 1 59.45126663964055 13.89921541301609 108.5
1 0 85.49216837908742 -32.22165327890669 -117.5
1 1 84.39750242239282 -30.282985089926875 -108.0
5566
-------------------New----------------
0 0 80.27505244166356 74.52517519065904 118.5
0 1 81.40806989134605 74.5743804247374 108.5
1 0 106.94584668224927 75.76519888467 -117.5
1 1 105.87475278398242 75.71545389200446 -108.0
5567
-------------------New----------------
0 0 -23.66099705370555 74.37199796241104 118.5
0 1 -25.695690836886165 72.73275970054307 108.5
1 0 -71.49719090147306 35.47407399633134 -117.5
1 1 -69.57701979234051 37.036886096964274 -108.0
5570
-------------------New----------------
0 0 47.76594137626604 63.37013316254195 118.5
0 1 48.88347769967243 64.59570181637973 108.5
1 0 74.18223828137975 92.47630804611387 -117.5
1 1 73.11816974478928 91.30397424050017 -108.0
5573
-------------------New----------------
0 0 53.660203814111085 1.3028239047093648 118.5
0 1 54.87265144107287 4.128802052663813 108.5
1 0 82.28511858451813 67.97066270240606 -117.5
1 1 81.1286493189166 65.28494128434781 -108.0
5575
-------------------New----------------
0 0 -21.400759921193718 -56.145477268920345 118.5
0 1 -16.06950046869808 -55.365574461686876 108.5
1 0 104.53831872450719 -37.65095799394954 -117.5
1 1 99.46549064481579 -38.401115193363054 -108.0
5580
-------------------New----------------
0 0 58.15666785690453 30.308238266623913 118.5
0 1 57.916695486574824 33.09200608537968 108.5
1 0 52.486999506533515 96.00602847105895 -117.5
1 1 52.71572520404784 93.3607187601462 -108.0
5582
-------------------New----------------
0 0 -41.904100383488455 31.123429598294166 118.5
0 1 -40.92259840812734 31.360872953999962 108.5
1 0 -18.601706596430503 36.60753068470616 -117.5
1 1 -19.5376853266366 36.386848140327324 -108.0
5584
-------------------New----------------
0 0 77.22906193804387 44.88205117699668 118.5
0 1 77.10387990636632 40.57208296898782 108.5
1 0 74.40080944037386 -56.6900629945736 -117.5
1 1 74.50944953465472 -52.611605810825736 -108.0
5585
-------------------New----------------
0 0 93.16242154220753 121.55776876323318 118.5
0 1 92.76228707063233 121.81871528261317 108.5
1 0 83.51362117839899 127.55533012491728 -117.5
1 1 83.89523440358337 127.3142625487192 -108.0
5592
-------------------New----------------
0 0 -8.635158903833764 -66.88611055176072 118.5
0 1 -6.713819481796813 -67.96734159640991 108.5
1 0 36.663256774620535 -92.38785101387947 -117.5
1 1 34.84102603049267 -91.36174615189543 -108.0
5596
-------------------New----------------
0 0 70.28409776849756 15.581826891778098 118.5
0 1 67.92924677604658 14.722796494838601 108.5
1 0 14.749925718845683 -4.690557463702865 -117.5
1 1 16.984921612705044 -3.8746491548012627 -108.0
5601
-------------------New----------------
0 0 100.81582954491677 93.19640173878973 118.5
0 1 99.78394230722765 94.08854685311975 108.5
1 0 76.47229845913361 114.23886450286912 -117.5
1 1 77.45241270693006 113.3914566347305 -108.0
5619
-------------------New----------------
0 0 37.10550344344674 79.63779381618396 118.5
0 1 35.570441658792646 78.11373912579229 108.5
1 0 0.8983925562042652 43.646707540179726 -117.5
1 1 2.358061313509451 45.0953508610158 -108.0
5623
-------------------New----------------
0 0 81.7553094222128 -53.329433396280535 118.5
0 1 83.17306694406594 -55.21904833158976 108.5
1 0 115.09218827330888 -97.92904253476597 -117.5
1 1 113.75334779703341 -96.14426870528841 -108.0
5632
-------------------New----------------
0 0 74.75109392891173 -53.17619872013938 118.5
0 1 74.32506163589375 -50.54387064798097 108.5
1 0 64.64398269100904 8.974315153150709 -117.5
1 1 65.05087352906766 6.47125652454761 -108.0
5640
-------------------New----------------
0 0 -83.51508303886173 -46.30336197548336 118.5
0 1 -80.7850799893157 -45.99295764877483 108.5
1 0 -18.956881734278582 -39.276206547235674 -117.5
1 1 -21.558797800991805 -39.54714672319737 -108.0
5642
-------------------New----------------
0 0 -48.34766794262765 50.837932056886636 118.5
0 1 -45.6328912983862 51.46604650222508 108.5
1 0 15.726885316385296 65.6629104476693 -117.5
1 1 13.147173706002212 65.06619208122711 -108.0
5671
-------------------New----------------
0 0 -12.66601913663926 91.5493714621555 118.5
0 1 -13.374997471338313 91.80048600384224 108.5
1 0 -29.440355056967114 97.48546043539925 -117.5
1 1 -28.76660957708743 97.24511245643433 -108.0
5679
-------------------New----------------
0 0 13.727997789593053 0.7318154046321809 118.5
0 1 17.356955151842516 -3.9138044624867874 108.5
1 0 99.47921080730153 -109.15466119480357 -117.5
1 1 96.02700044021138 -104.72971075778507 -108.0
5683
-------------------New----------------
0 0 13.869711326583115 41.899310059670256 118.5
0 1 12.398521991755553 37.29573374621023 108.5
1 0 -20.84315980352372 -66.75472440732175 -117.5
1 1 -19.44559602369113 -62.381005470081355 -108.0
5684
-------------------New----------------
0 0 69.39632876803054 13.06141042130441 118.5
0 1 70.47905816839615 13.434538617691606 108.5
1 0 94.93414657956393 21.861421840067518 -117.5
1 1 93.90646627263133 21.506906897162917 -108.0
5690
-------------------New----------------
0 0 -24.449966996903058 76.22154629615196 118.5
0 1 -21.889103694995846 72.4898425317678 108.5
1 0 35.95000662186878 -11.794429072213498 -117.5
1 1 33.51836525544242 -8.252812490833936 -108.0
5694
-------------------New----------------
0 0 74.98328729729835 -67.33808339773854 118.5
0 1 74.7051917382149 -67.92946592197478 108.5
1 0 68.40499183765971 -81.24734437376192 -117.5
1 1 68.67119363616068 -80.6868253012677 -108.0
5698
-------------------New----------------
0 0 -71.96619301092225 29.49677495554162 118.5
0 1 -69.22392282228483 32.69145743952507 108.5
1 0 -7.285262028822333 104.8824532784682 -117.5
1 1 -9.888504958050547 101.846507704393 -108.0
5702
-------------------New----------------
0 0 83.66219399059875 -61.11917085465571 118.5
0 1 85.07642299761969 -62.064661906274566 108.5
1 0 117.273159303941 -82.83698947411021 -117.5
1 1 115.90662868290299 -81.98735733931613 -108.0
5709
-------------------New----------------
0 0 0.1553313218588027 54.686923454188204 118.5
0 1 5.264258697589513 53.26931403865782 108.5
1 0 120.73198589222943 21.252143182302927 -117.5
1 1 115.87745788283273 22.597104621055728 -108.0
5724
-------------------New----------------
0 0 15.34392418487289 -106.03867387463882 118.5
0 1 16.14514411630367 -106.29393720851724 108.5
1 0 34.24192416148703 -112.05640941142478 -117.5
1 1 33.480635845956144 -111.8105091828509 -108.0
5726
-------------------New----------------
0 0 92.548642283007 102.06132699964334 118.5
0 1 90.86770827642573 101.31108998193312 108.5
1 0 52.8621757318463 84.25410075605173 -117.5
1 1 54.46024002285126 84.96915795763648 -108.0
5729
-------------------New----------------
0 0 44.18371277959827 27.82712307705655 118.5
0 1 45.21666595730943 28.341949737429196 108.5
1 0 68.53926075234567 39.969944198748394 -117.5
1 1 67.55841162254355 39.481255228194655 -108.0
5751
-------------------New----------------
0 0 49.071705580244114 61.30175520481363 118.5
0 1 47.199629224023 62.79250673036087 108.5
1 0 4.904782164133915 96.47754629569498 -117.5
1 1 6.682194857988028 95.06137447856106 -108.0
5765
-------------------New----------------
0 0 -53.50955715090024 10.83130187691831 118.5
0 1 -55.12190844640787 7.66287084546682 108.5
1 0 -91.56136201795407 -63.939148089227345 -117.5
1 1 -90.02942405600137 -60.929501734485356 -108.0
5769
-------------------New----------------
0 0 -46.6981768746604 -53.14604339747937 118.5
0 1 -43.90128090096038 -48.95831101691633 108.5
1 0 19.341482485040096 45.67315506601857 -117.5
1 1 16.681768179065852 41.69578187629146 -108.0
5772
-------------------New----------------
0 0 -33.05469000993252 54.9498763457147 118.5
0 1 -36.03227721171298 54.00214763387013 108.5
1 0 -103.31328093344962 32.63422193066263 -117.5
1 1 -100.48675957970669 33.53216762089188 -108.0
5774
-------------------New----------------
0 0 62.88512585782071 6.722857105344298 118.5
0 1 59.917040176874444 1.913946293366957 108.5
1 0 -7.1598911364948465 -106.77756859044146 -117.5
1 1 -4.340299604204524 -102.20843404489204 -108.0
5775
-------------------New----------------
0 0 5.176247434888221 -45.142064556598214 118.5
0 1 2.1470705036278632 -48.13050509186012 108.5
1 0 -66.239333033715 -115.47256178097125 -117.5
1 1 -63.37000710902605 -112.63947556853239 -108.0
5777
-------------------New----------------
0 0 22.789280695302644 -8.230276252116473 118.5
0 1 26.584493596177644 -12.373765666536809 108.5
1 0 112.31261224762163 -105.98509661166429 -117.5
1 1 108.70846137272781 -102.05095352330042 -108.0
5778
-------------------New----------------
0 0 11.502539036336202 -16.784316065362777 118.5
0 1 10.866515733129276 -18.24643656163289 108.5
1 0 -3.4794501796128956 -51.32024443808041 -117.5
1 1 -2.8821943915232806 -49.932716736577774 -108.0
5784
-------------------New----------------
0 0 -8.971915673666288 67.33720949161268 118.5
0 1 -5.319764097628701 64.14694115962266 108.5
1 0 76.98508000426033 -7.994781258582046 -117.5
1 1 73.53703343592967 -4.961788137549516 -108.0
5792
-------------------New----------------
0 0 24.18197673918931 -16.10732528954205 118.5
0 1 24.0170577532791 -15.57833597097481 108.5
1 0 20.33101490676725 -3.5992504458191568 -117.5
1 1 20.484174867652012 -4.103586080479835 -108.0
5793
-------------------New----------------
0 0 -59.28950590832848 47.60386940431116 118.5
0 1 -61.31774299879659 44.393051896106336 108.5
1 0 -107.1603955184253 -28.246231530664193 -117.5
1 1 -105.23261566040955 -25.18864400564365 -108.0
5797
-------------------New----------------
0 0 57.83888587591364 20.026941111224648 118.5
0 1 57.883374483032085 14.419982518315894 108.5
1 0 58.87937137553335 -112.64323230074292 -117.5
1 1 58.83144196652959 -107.30283792110845 -108.0
5799
-------------------New----------------
0 0 54.84778325334783 38.722013506036355 118.5
0 1 57.043084624270385 39.43457245389323 108.5
1 0 107.03594186143296 55.350360842715496 -117.5
1 1 104.91867319846885 54.67311498902906 -108.0
5803
-------------------New----------------
0 0 55.2401162993646 24.83779825804628 118.5
0 1 56.159683168986035 25.31579400673502 108.5
1 0 76.9564974356121 36.230056920064925 -117.5
1 1 76.07932338070638 35.7701623993951 -108.0
5805
-------------------New----------------
0 0 -23.636302712726756 -28.637482993739503 118.5
0 1 -19.65730984440621 -27.83307589749287 108.5
1 0 70.35011051795775 -9.635757211035767 -117.5
1 1 66.56364315272734 -10.394001163407003 -108.0
5808
-------------------New----------------
0 0 -0.05631871448928951 -91.44704324327537 118.5
0 1 5.852790958694444 -92.16418369931911 108.5
1 0 -11.956917867091505 -71.68864692320619 -117.5
1 1 -14.771752219224314 -71.49966365783993 -108.0
5809
-------------------New----------------
0 0 98.58165980109104 58.7976284810616 118.5
0 1 98.148606674751 56.017004559605994 108.5
1 0 88.43260512278536 -6.965484267947163 -117.5
1 1 88.85803553538607 -4.3050810348375155 -108.0
5816
-------------------New----------------
0 0 58.64140246517718 -9.761034706829653 118.5
0 1 54.82992840082113 -8.170817443693615 108.5
1 0 -30.994196995229277 27.79590986409433 -117.5
1 1 -27.38347145760103 26.291270440768123 -108.0
5817
-------------------New----------------
0 0 -50.02780680172046 20.916247563397874 118.5
0 1 -48.452844931311645 22.404391062618565 108.5
1 0 -12.876664883912463 56.135603418042805 -117.5
1 1 -14.366964545116033 54.71124519867702 -108.0
5822
-------------------New----------------
0 0 48.39410310578234 -77.31460753341659 118.5
0 1 50.46824833857127 -76.94546567191169 108.5
1 0 97.33214842356546 -68.5881007884233 -117.5
1 1 95.36193079567258 -68.9398624380709 -108.0
5823
-------------------New----------------
0 0 -53.95383321467523 88.36970971527776 118.5
0 1 -48.8834218249689 86.77736568705339 108.5
1 0 65.61004854045234 50.75125418789303 -117.5
1 1 60.80692718361507 52.27141332083655 -108.0
5838
-------------------New----------------
0 0 -108.27763739112615 -53.916592795545114 118.5
0 1 -108.58577147438004 -56.82461204265023 108.5
1 0 -115.55135827625308 -122.55314093455631 -117.5
1 1 -115.25762121105643 -119.78919532837203 -108.0
5839
-------------------New----------------
0 0 19.192670963588224 19.715578174171114 118.5
0 1 15.987034231771029 15.638451269051927 108.5
1 0 -56.48840591646401 -76.53996444789405 -117.5
1 1 -53.44056491143491 -72.66408730223415 -108.0
5842
-------------------New----------------
0 0 27.46434442891765 58.49025898580395 118.5
0 1 26.632150221187448 58.35450823412505 108.5
1 0 7.812405182786503 55.295774174871006 -117.5
1 1 8.603902493826187 55.42391799033292 -108.0
5851
-------------------New----------------
0 0 73.18901053325217 -21.443229748457163 118.5
0 1 72.3122298650079 -21.52396194909321 108.5
1 0 52.488281561068845 -23.34553773738435 -117.5
1 1 53.32150142130492 -23.269605183139177 -108.0
5858
-------------------New----------------
0 0 65.5299713657524 63.82482260794711 118.5
0 1 67.93789821411801 62.28591830155635 108.5
1 0 122.517529244915 27.45180828736927 -117.5
1 1 120.21588722299828 28.913756217695514 -108.0
5868
-------------------New----------------
0 0 -56.52164009782323 -78.0110651602554 118.5
0 1 -58.21999193706419 -76.95017316338408 108.5
1 0 -96.70407778870745 -52.985824259939626 -117.5
1 1 -95.07711861148519 -53.99427688293834 -108.0
5869
-------------------New----------------
0 0 13.599971336327368 93.82020225237936 118.5
0 1 15.911935334693808 91.51700169923862 108.5
1 0 68.16964118544135 39.460098576326956 -117.5
1 1 65.97184137396596 41.648770521079406 -108.0
5871
-------------------New----------------
0 0 68.23980837745974 -84.32489465186666 118.5
0 1 68.02302455413158 -89.87363526323799 108.5
1 0 7.535039778199396 -7.5165635619912505 -117.5
1 1 5.238775465904783 -6.82978491600465 -108.0
5875
-------------------New----------------
0 0 68.54350265427843 22.33354552441175 118.5
0 1 70.32066478873631 21.509972402959107 108.5
1 0 110.46714892845344 2.9106606514230142 -117.5
1 1 108.77789783765702 3.6943751462046976 -108.0
5883
-------------------New----------------
0 0 -115.5091894567361 102.650478165539 118.5
0 1 -115.0072708786849 103.40307261657036 108.5
1 0 -103.61125124810533 120.36456442948852 -117.5
1 1 -104.0923353107833 119.65419153248743 -108.0
5884
-------------------New----------------
0 0 39.94583308385087 65.7697345177634 118.5
0 1 37.75092186599973 68.01960049784779 108.5
1 0 -11.89709945487886 118.83307433258008 -117.5
1 1 -9.811182115417044 116.69908760790133 -108.0
5892
-------------------New----------------
0 0 -97.5759541581887 -35.925220798133765 118.5
0 1 -95.50489845334884 -32.798729495096566 108.5
1 0 -48.61713256366171 37.96253593238622 -117.5
1 1 -50.587676857156595 34.988336801036795 -108.0
5898
-------------------New----------------
0 0 -60.20599233667663 75.57624656895656 118.5
0 1 -61.355675949411136 74.39225909853744 108.5
1 0 -87.24627026280514 47.68270943910224 -117.5
1 1 -86.1606589809889 48.80503224812308 -108.0
5903
-------------------New----------------
0 0 45.321074445829396 5.793144311761607 118.5
0 1 44.735119964485115 8.44224858570166 108.5
1 0 31.49404283851741 68.31402777197698 -117.5
1 1 32.05028559144295 65.79732596052236 -108.0
5907
-------------------New----------------
0 0 18.33220169851814 82.39942548349815 118.5
0 1 21.054359604217773 83.71253358206374 108.5
1 0 82.53926268289216 113.42512433669526 -117.5
1 1 79.95314604347142 112.17452755467438 -108.0
5908
-------------------New----------------
0 0 -67.34193904338812 35.79485808270979 118.5
0 1 -64.82305978888111 33.309684845807965 108.5
1 0 -7.875778730874904 -22.946255166167212 -117.5
1 1 -10.27116939329165 -20.57746713799717 -108.0
5909
-------------------New----------------
0 0 19.395967796651718 42.00922588546413 118.5
0 1 15.223323294684695 43.99659569053593 108.5
1 0 -78.99160148608593 88.98475982218883 -117.5
1 1 -75.03155352301653 87.08702065921361 -108.0
5920
-------------------New----------------
0 0 -38.553087991203476 -19.330739419970755 118.5
0 1 -41.641259713861544 -19.256013017098617 108.5
1 0 -111.37261503266492 -17.757462450104132 -117.5
1 1 -108.4439432107163 -17.817919212700932 -108.0
5922
-------------------New----------------
0 0 -52.936104557309704 57.76191714763432 118.5
0 1 -54.01658579027867 59.696233353288356 108.5
1 0 -78.44314081013783 103.26218628717189 -117.5
1 1 -77.42000857972589 101.42488602939562 -108.0
5934
-------------------New----------------
0 0 43.004911337480046 14.401068019634309 118.5
0 1 40.695864788398225 9.1645262677547 108.5
1 0 -11.371440348887516 -108.93436045730657 -117.5
1 1 -9.185766270451538 -103.97924316142102 -108.0
5943
-------------------New----------------
0 0 -33.53163189565676 4.648163889544755 118.5
0 1 -28.453459372119532 2.9270121018165947 108.5
1 0 86.01748839874593 -35.914265464562575 -117.5
1 1 81.21411022402239 -34.28256456008497 -108.0
5956
-------------------New----------------
0 0 70.96163755773227 -25.333387899988693 118.5
0 1 72.93114419675778 -24.755207551420906 108.5
1 0 117.56799670107709 -11.908579035799201 -117.5
1 1 115.69174578546463 -12.445471668055486 -108.0
5957
-------------------New----------------
0 0 3.669163162450176 4.882605822264026 118.5
0 1 2.286841996416956 4.988246527496264 108.5
1 0 -28.773572016897667 7.636107293450034 -117.5
1 1 -27.476017433569865 7.514607789102719 -108.0
5959
-------------------New----------------
0 0 -46.522937947025525 74.14414050959009 118.5
0 1 -46.709860531692826 70.67456295411438 108.5
1 0 -50.888405845172144 -7.885803587655943 -117.5
1 1 -50.711358117570896 -4.584155004122705 -108.0
5960
-------------------New----------------
0 0 -67.65196468589303 64.48971012139494 118.5
0 1 -69.66779689534077 65.97718157307271 108.5
1 0 -115.15695991489626 99.65998858667588 -117.5
1 1 -113.24426565724676 98.2443440710517 -108.0
5961
-------------------New----------------
0 0 26.593386331345727 33.283158330369886 118.5
0 1 30.033257887886485 32.693447918889845 108.5
1 0 107.77463464808736 19.370656171008747 -117.5
1 1 104.50716457022756 19.930132709782708 -108.0
5962
-------------------New----------------
0 0 38.54985210790908 67.69889287550782 118.5
0 1 37.639910352710125 63.42352351839118 108.5
1 0 16.93583269212788 -33.34736245827254 -117.5
1 1 17.80521406065124 -29.27723239109821 -108.0
5967
-------------------New----------------
0 0 -81.22830514039592 -0.9897694065867215 118.5
0 1 -79.85764819505998 -6.008926154889323 108.5
1 0 -48.86303954128043 -119.39362969527936 -117.5
1 1 -50.16598505315477 -114.62928488357458 -108.0
5972
-------------------New----------------
0 0 -40.290961527497366 84.97549368863585 118.5
0 1 -42.61588222458809 84.2882816340124 108.5
1 0 -95.08782029060782 68.83180202712957 -117.5
1 1 -92.8787886864166 69.48020574077091 -108.0
5976
-------------------New----------------
0 0 64.10542682135726 34.083470996343436 118.5
0 1 63.561057796267974 37.167572220264 108.5
1 0 52.30428295515204 108.7519477885866 -117.5
1 1 52.775685544102714 105.77495293091856 -108.0
5977
-------------------New----------------
0 0 -32.30924567108303 36.76318137080002 118.5
0 1 -31.39098780616937 34.19008259731006 108.5
1 0 -7.500210218495783 -29.41062480271905 -117.5
1 1 -8.6399252461072 -26.49610482372031 -108.0
5984
-------------------New----------------
0 0 10.897588845129658 -22.99324093241791 118.5
0 1 11.181253447999675 -25.01411273128509 108.5
1 0 17.5750773971513 -70.60602195407932 -117.5
1 1 17.308714334058514 -68.69471172802677 -108.0
5985
-------------------New----------------
0 0 -68.33228208594679 4.4618394588952786 118.5
0 1 -70.36835250109115 2.6651457983694966 108.5
1 0 -116.40577388120187 -37.9321763172291 -117.5
1 1 -114.47143637583584 -36.22527710326587 -108.0
5991
-------------------New----------------
0 0 25.097216508496107 -9.05918833332027 118.5
0 1 23.167314301059914 -10.365174663555448 108.5
1 0 -20.39210120651905 -39.83222863388685 -117.5
1 1 -18.562122219224552 -38.593328002835975 -108.0
5993
-------------------New----------------
0 0 70.75458001123404 68.64599362409498 118.5
0 1 70.6948051126759 67.72920277462217 108.5
1 0 69.43071995748898 47.07920731881836 -117.5
1 1 69.47811958341956 47.94261439788592 -108.0
5997
-------------------New----------------
0 0 -70.12015750211165 -49.6279848576293 118.5
0 1 -69.57659628451971 -45.49318332643081 108.5
1 0 -57.28687531715891 47.96190300109457 -117.5
1 1 -57.80503090577618 44.03447430139397 -108.0
6012
-------------------New----------------
0 0 -2.2324965698713113 1.9938115651907204 118.5
0 1 -4.123975064825298 0.15830431398286066 108.5
1 0 -46.86240267573187 -41.33692496072549 -117.5
1 1 -45.06651739925733 -39.59281117674313 -108.0
6019
-------------------New----------------
0 0 95.87684862909998 48.95644350142565 118.5
0 1 95.12676531886493 48.128036404256214 108.5
1 0 78.09861168267936 29.490911479967867 -117.5
1 1 78.8171146326408 30.272681662759027 -108.0
6021
-------------------New----------------
0 0 -91.1633255735074 82.594475671133 118.5
0 1 -90.8055480002204 81.60390960069363 108.5
1 0 -82.67185450314965 59.19914308375248 -117.5
1 1 -83.01379670730526 60.14116514857354 -108.0
6023
-------------------New----------------
0 0 54.682074689128754 -21.069894714357904 118.5
0 1 54.37453660339636 -21.056012262090125 108.5
1 0 46.88084602836856 -20.75813645557373 -117.5
1 1 47.21217319045961 -20.763793237936806 -108.0
6026
-------------------New----------------
0 0 -46.30550588012126 60.28887100205029 118.5
0 1 -42.12402962311122 55.91622507191012 108.5
1 0 52.84152338831605 -43.19738420359106 -117.5
1 1 48.830955872309076 -39.02109165694556 -108.0
6027
-------------------New----------------
0 0 -0.2402506942181933 -24.309831920957315 118.5
0 1 1.3281655321999433 -27.207556319763547 108.5
1 0 36.64020992518634 -92.67921563827716 -117.5
1 1 35.16278468641165 -89.92453932682727 -108.0
6028
-------------------New----------------
0 0 -0.5054574272618415 -83.63822615120611 118.5
0 1 -0.803959917213364 -84.40069366898572 108.5
1 0 -7.66465416097733 -101.55290722383872 -117.5
1 1 -7.371908553125576 -100.83236052756281 -108.0
6035
-------------------New----------------
0 0 -70.72222570980064 51.10732062034462 118.5
0 1 -67.26131661428377 53.313481998316774 108.5
1 0 10.960538298898161 103.15860730957085 -117.5
1 1 7.672248422935374 101.0637453818681 -108.0
6043
-------------------New----------------
0 0 -52.516511527804106 -34.35512444558793 118.5
0 1 -49.023073093515244 -35.74375688566794 108.5
1 0 29.986137371562258 -67.11949340273874 -117.5
1 1 26.663902480305815 -65.80203250109275 -108.0
6048
-------------------New----------------
0 0 -30.970342640392023 -42.15141856832197 118.5
0 1 -27.33097317829502 -39.31194031704388 108.5
1 0 68.37563286086224 33.07747675739661 -117.5
1 1 63.75027245739322 29.666021027249364 -108.0
6059
-------------------New----------------
0 0 -59.26112946916343 -21.579002624217583 118.5
0 1 -55.89628741508058 -20.73962984832626 108.5
1 0 19.651957055939484 -1.352974013695313 -117.5
1 1 16.480958111685 -2.173156815337324 -108.0
6060
-------------------New----------------
0 0 -53.80952384945628 34.18769322326754 118.5
0 1 -52.51727155579739 37.90386446635579 108.5
1 0 -23.203353540410337 121.93425353750713 -117.5
1 1 -24.43640728833856 118.40421313793793 -108.0
6062
-------------------New----------------
0 0 74.72131159075752 -10.311313421597387 118.5
0 1 76.35986379558005 -14.161103656099925 108.5
1 0 113.31466299637319 -101.11741250329237 -117.5
1 1 111.76033694715325 -97.4632234521122 -108.0
6063
-------------------New----------------
0 0 4.622437891304125 -35.458154416203925 118.5
0 1 2.8775426845800327 -34.178844167974944 108.5
1 0 -36.57092111953894 -5.094785671015638 -117.5
1 1 -34.92230911313569 -6.315757713149802 -108.0
6071
-------------------New----------------
0 0 -66.8450165002807 -57.80060912971046 118.5
0 1 -66.8445991857122 -56.528215853902246 108.5
1 0 -66.83945012574273 -27.692162328229433 -117.5
1 1 -66.83891092600234 -28.904962860478538 -108.0
6082
-------------------New----------------
0 0 -42.01529937803758 53.837035519646236 118.5
0 1 -41.0819900561471 56.41762867050393 108.5
1 0 -19.978914377609016 114.7178794973069 -117.5
1 1 -20.866209511790878 112.2680795985996 -108.0
6087
-------------------New----------------
0 0 -88.80395507240021 -5.256156863926159 118.5
0 1 -89.78924598060172 -1.1133897632992624 108.5
1 0 -112.05518454025552 92.50770471278346 -117.5
1 1 -111.11905895444018 88.57211953275703 -108.0
6088
-------------------New----------------
0 0 -6.167197403727922 -26.442699862788736 118.5
0 1 -6.115726492559945 -27.762305856942454 108.5
1 0 -5.031279337447853 -57.54376209285469 -117.5
1 1 -5.076650295596531 -56.29294086341143 -108.0
6091
-------------------New----------------
0 0 -15.32016487905787 -110.66690618314544 118.5
0 1 -18.61150600251251 -111.03260684272513 108.5
1 0 -92.27053793481086 -119.44748797485074 -117.5
1 1 -89.20775194412647 -119.12293105131687 -108.0
6097
-------------------New----------------
0 0 -101.20266285461233 18.138809580821846 118.5
0 1 -102.14242156150155 16.34546106168916 108.5
1 0 -123.32944586823297 -24.219740436933858 -117.5
1 1 -122.44009943135447 -22.513558837581535 -108.0
6101
-------------------New----------------
0 0 -75.28341966348805 25.52712116642992 118.5
0 1 -72.30256388772162 22.50987585719729 108.5
1 0 -5.072384095393393 -45.79632722343837 -117.5
1 1 -7.8985763227416514 -42.932136189931626 -108.0
6108
-------------------New----------------
0 0 -61.058513039600804 -47.14058436583619 118.5
0 1 -63.53972315516063 -49.47854576816927 108.5
1 0 -119.67581180793846 -102.40190641782972 -117.5
1 1 -117.31430271467222 -100.1745378537919 -108.0
6109
-------------------New----------------
0 0 54.440975294408 -37.208866690132076 118.5
0 1 50.402656434027215 -36.09575029577819 108.5
1 0 -40.8992878478775 -10.944473558730296 -117.5
1 1 -37.06050164580446 -12.002967971691827 -108.0
6112
-------------------New----------------
0 0 -51.41233010166923 -38.992884313328915 118.5
0 1 -49.16556823613562 -41.593447974144944 108.5
1 0 1.4719918748921677 -100.27723648508008 -117.5
1 1 -0.6551563264357083 -97.80759019355952 -108.0
6116
-------------------New----------------
0 0 -47.528180479725236 -45.11304977035827 118.5
0 1 -42.63575582395911 -46.961080993874305 108.5
1 0 68.06812934992931 -88.93957405512342 -117.5
1 1 63.412989188811025 -87.17065833416592 -108.0
6119
-------------------New----------------
0 0 83.88744257573485 3.71819035212972 118.5
0 1 82.88531002103255 3.980936532435023 108.5
1 0 59.60915917386143 9.044820679687147 -117.5
1 1 60.59731374988744 8.886679280263618 -108.0
6123
-------------------New----------------
0 0 -0.8390400675547364 -6.200405111499721 118.5
0 1 -1.226033832812167 -9.808330223518485 108.5
1 0 -9.73677181138545 -91.19299270784906 -117.5
1 1 -9.387453081970067 -87.77021195686433 -108.0
6126
-------------------New----------------
0 0 -3.4719349872843948 -37.77962251271746 118.5
0 1 -3.2858103123632616 -35.04096698168842 108.5
1 0 1.4180562235810437 27.230712460798948 -117.5
1 1 1.198944437684313 24.597659574086993 -108.0
6129
-------------------New----------------
0 0 26.49670214757138 -54.81796133637944 118.5
0 1 26.04189917612506 -52.74697838887447 108.5
1 0 15.66797146151325 -5.98606840680776 -117.5
1 1 16.107089182877793 -7.952410275659338 -108.0
6131
-------------------New----------------
0 0 41.91699292283336 -35.977252822272064 118.5
0 1 45.37494860379332 -35.035737324040035 108.5
1 0 123.16869518218445 -13.849900865768692 -117.5
1 1 119.89761917612472 -14.734283131530418 -108.0
6144
-------------------New----------------
0 0 -41.137459138134474 -34.14639080048388 118.5
0 1 -36.19373642318432 -37.548324776673915 108.5
1 0 75.46618398179405 -114.39852634387569 -117.5
1 1 70.7722469568861 -111.1677468752993 -108.0
6149
-------------------New----------------
0 0 81.26963675180963 16.75977757157117 118.5
0 1 84.17996910739001 16.381227968927693 108.5
1 0 -40.53686780650468 115.3784825559923 -117.5
1 1 -40.26836048046703 115.331109499644 -108.0
6165
-------------------New----------------
0 0 92.76336229651966 110.60228195296456 118.5
0 1 90.66367822536623 110.2235339546547 108.5
1 0 43.231705965025064 101.75379645282739 -117.5
1 1 45.22531968234236 102.10879552536461 -108.0
6166
-------------------New----------------
0 0 50.504033036988574 -106.41210280568005 118.5
0 1 47.2633624577081 -105.16202705014152 108.5
1 0 -25.956919473975653 -76.93789451275329 -117.5
1 1 -22.878337396506947 -78.12409095456842 -108.0
6173
-------------------New----------------
0 0 43.435050367210906 -79.87970578758674 118.5
0 1 43.21509780057512 -78.41807097256007 108.5
1 0 38.23308295033829 -45.36981646122016 -117.5
1 1 38.4433489760089 -46.758271861372855 -108.0
6175
-------------------New----------------
0 0 -47.98092353042533 7.514650812501648 118.5
0 1 -47.51922770602023 2.0485693725765795 108.5
1 0 -37.06019861600077 -121.53843321021023 -117.5
1 1 -37.502123599472625 -116.34043272139013 -108.0
6188
-------------------New----------------
0 0 -23.266099661386555 60.73974269916378 118.5
0 1 -19.099853497862107 62.77682623526474 108.5
1 0 75.44778683425186 109.24785572188304 -117.5
1 1 71.46976922234714 107.30115881557285 -108.0
6195
-------------------New----------------
0 0 6.391717825463282 -31.697863538456467 118.5
0 1 7.920143046719446 -30.791686053980253 108.5
1 0 42.52729152885953 -10.288390439965422 -117.5
1 1 41.06574214870453 -11.149142651879195 -108.0
6211
-------------------New----------------
0 0 -30.30860195007085 -80.75772427148887 118.5
0 1 -32.050624266275754 -81.08140501450092 108.5
1 0 -71.41964730366824 -88.40741719872243 -117.5
1 1 -69.76230625702946 -88.10127211241159 -108.0
6214
-------------------New----------------
0 0 1.3545787240081422 38.5724109076858 118.5
0 1 1.2697098130051718 39.204240978181 108.5
1 0 -0.6691104785425148 53.465031759582885 -117.5
1 1 -0.5864356983715546 52.86612473908228 -108.0
6219
-------------------New----------------
0 0 -54.8472256459159 -17.430726848747973 118.5
0 1 -53.970249962164665 -14.770379882388365 108.5
1 0 -34.23119853087252 45.34728424629724 -117.5
1 1 -35.05732264265682 42.82169261502058 -108.0
6222
-------------------New----------------
0 0 -3.036410706399481 -47.04156845885795 118.5
0 1 -4.94129724904141 -46.003282705303015 108.5
1 0 -48.09050531862799 -22.623127279312122 -117.5
1 1 -46.28022843518146 -23.599339987968637 -108.0
6223
-------------------New----------------
0 0 22.378111725227292 -71.94598168195738 118.5
0 1 26.716148481631514 -73.89493512388036 108.5
1 0 124.73698780728962 -117.96917489856651 -117.5
1 1 120.6162557097081 -116.11509230212941 -108.0
6232
-------------------New----------------
0 0 -57.57893172285418 -28.58074723625914 118.5
0 1 -58.54077506350082 -32.119410983397984 108.5
1 0 -80.30352947017741 -112.23860430540108 -117.5
1 1 -79.3944324815087 -108.86873760157839 -108.0
6233
-------------------New----------------
0 0 -73.5456298274711 12.549483509341075 118.5
0 1 -74.08520843907004 9.517826950761563 108.5
1 0 -86.28996037597534 -59.00220761509097 -117.5
1 1 -85.77686049399166 -56.12197401030729 -108.0
6241
-------------------New----------------
0 0 -12.552117537428927 -80.47279722591281 118.5
0 1 -15.543193799814883 -77.56749900237146 108.5
1 0 -83.1305843385983 -11.944016945824613 -117.5
1 1 -80.29226919925611 -14.700046843253366 -108.0
6243
-------------------New----------------
0 0 -2.120116476941306 -60.06424692093166 118.5
0 1 -1.4566932800520813 -59.10519491941626 108.5
1 0 13.50806976105282 -37.42028586618666 -117.5
1 1 12.878581945700043 -38.33231639018391 -108.0
6245
-------------------New----------------
0 0 12.759640127182339 -7.393862216740885 118.5
0 1 11.988873115714087 -7.850234950305726 108.5
1 0 -5.3575595706690775 -18.23411447800357 -117.5
1 1 -4.633891592619969 -17.794341147030163 -108.0
6246
-------------------New----------------
0 0 47.145028404572244 36.7584024327772 118.5
0 1 46.935495667474015 38.14960209660782 108.5
1 0 42.17526847134344 69.60146191043101 -117.5
1 1 42.377950238064585 68.2787379794971 -108.0
6250
-------------------New----------------
0 0 20.276161904440748 74.56161223766614 118.5
0 1 21.759574931152816 72.02805041456295 108.5
1 0 55.29479227157536 14.822415801153625 -117.5
1 1 53.8844932070257 17.22602437038828 -108.0
6258
-------------------New----------------
0 0 -12.215884048629578 -36.80906479299453 118.5
0 1 -15.845577545589123 -38.0996384685288 108.5
1 0 -97.79273599143384 -67.22259557354445 -117.5
1 1 -94.3504205773872 -65.9968136065303 -108.0
6260
-------------------New----------------
0 0 -43.48864076416879 -119.46607797524344 118.5
0 1 -45.10676281823657 -119.5373261464725 108.5
1 0 -81.73393414005565 -121.09785720403325 -117.5
1 1 -80.19311176329816 -121.03290722668393 -108.0
6268
-------------------New----------------
0 0 4.095254983583471 -46.12205024829677 118.5
0 1 1.2076066655065496 -42.431268463724486 108.5
1 0 -65.98649156234191 40.955134985795596 -117.5
1 1 -63.07186210620064 37.45231704787827 -108.0
6269
-------------------New----------------
0 0 -8.937761296496394 22.249763213486737 118.5
0 1 -13.32193739876773 21.347949183323003 108.5
1 0 -112.40418957005272 0.9732553046074968 -117.5
1 1 -108.2394040036008 1.8298559882213996 -108.0
6271
-------------------New----------------
0 0 66.43227134601116 82.31031052220885 118.5
0 1 63.70886152986516 84.15670070921324 108.5
1 0 2.1151229852784725 125.65406832613537 -117.5
1 1 4.69779906711557 123.91348134315129 -108.0
6285
-------------------New----------------
0 0 -51.21320617655565 -47.771586168934355 118.5
0 1 -52.22096485397141 -50.69974330082419 108.5
1 0 -75.12312661278962 -116.97969169993696 -117.5
1 1 -74.15820350931102 -114.19635488459627 -108.0
6293
-------------------New----------------
0 0 -29.38702605791358 12.61006720783475 118.5
0 1 -32.506225785670026 16.876974168801343 108.5
1 0 -102.94868482301642 113.33079351254216 -117.5
1 1 -99.99003905478331 109.27867103080771 -108.0
6299
-------------------New----------------
0 0 4.764565306458165 20.12437144664729 118.5
0 1 4.6738570008200835 18.914049910686366 108.5
1 0 -1.12691776634659 -10.178286778086754 -117.5
1 1 -0.7108039454756012 -8.880557281922677 -108.0
6302
-------------------New----------------
0 0 89.62858070131298 74.32903411047877 118.5
0 1 88.39342244774699 73.55216355297094 108.5
1 0 60.77974704123945 56.031662298751044 -117.5
1 1 61.93697291259186 56.76911418395194 -108.0
6303
-------------------New----------------
0 0 76.12149770471754 51.37025214634174 118.5
0 1 74.95058152193766 51.73978481237409 108.5
1 0 48.50685625256526 60.07148255198052 -117.5
1 1 49.62432342952058 59.725620957250065 -108.0
6308
-------------------New----------------
0 0 99.31100010367498 -59.351560345187636 118.5
0 1 100.28330196192137 -55.831415603098414 108.5
1 0 122.26628839191646 23.709147468482705 -117.5
1 1 121.34226003119416 20.365979124790073 -108.0
6313
-------------------New----------------
0 0 60.6351694489901 69.90366186004816 118.5
0 1 60.839951391822446 70.5286641964934 108.5
1 0 65.27742525436972 84.47022393164033 -117.5
1 1 65.09210069685939 83.88760123621888 -108.0
6317
-------------------New----------------
0 0 85.75889648986647 -69.54463619583262 118.5
0 1 85.40246105144162 -67.73808254252762 108.5
1 0 77.3891836423844 -26.91979005745133 -117.5
1 1 77.72220853687645 -28.636265536333735 -108.0
6319
-------------------New----------------
0 0 -18.684250741690867 99.04166623686024 118.5
0 1 -18.100553529165623 99.12241722998232 108.5
1 0 -4.9180115604750005 100.98166988185888 -117.5
1 1 -5.483885407134668 100.89769084731331 -108.0
6325
-------------------New----------------
0 0 27.404842866333684 77.64116482731055 118.5
0 1 27.46830396157095 76.44784634880548 108.5
1 0 28.87135919219499 49.47834341850607 -117.5
1 1 28.81296465487166 50.615117461180844 -108.0
6332
-------------------New----------------
0 0 -21.895956089752566 18.527446046296895 118.5
0 1 -25.209005750424907 18.49590584784802 108.5
1 0 -100.12897775959078 17.825099864950307 -117.5
1 1 -96.97774249931865 17.852420917999 -108.0
6346
-------------------New----------------
0 0 48.16481303994334 -15.126373323693524 118.5
0 1 43.57378030245947 -17.821705149788517 108.5
1 0 -60.24741295961029 -78.60368966635899 -117.5
1 1 -55.87482555862497 -76.05721377239998 -108.0
6350
-------------------New----------------
0 0 87.72944593757946 -12.772493677681403 118.5
0 1 88.0158967981503 -11.45617448726248 108.5
1 0 94.4816595332327 18.19411641259179 -117.5
1 1 94.21007202490904 16.94564547539077 -108.0
6366
-------------------New----------------
0 0 124.4047331533566 19.96054219729298 118.5
0 1 124.49816045322541 16.05203006899991 108.5
1 0 126.60032093324733 -72.17788612564337 -117.5
1 1 126.50945083678941 -68.46795140963663 -108.0
6369
-------------------New----------------
0 0 49.507478537269506 18.8650712235328 118.5
0 1 49.53302052762402 22.56736743304284 108.5
1 0 54.5741007870201 112.24301411452052 -117.5
1 1 54.29748646326361 108.31561561707136 -108.0
6371
-------------------New----------------
0 0 -16.153290217776934 73.5084361937204 118.5
0 1 -16.503012324858894 73.98331213713075 108.5
1 0 -24.381529021735812 84.72609374046912 -117.5
1 1 -24.050406729227067 84.27396990952631 -108.0
6376
-------------------New----------------
0 0 81.77850774330662 5.946457810340867 118.5
0 1 81.7421043060689 4.568813457690745 108.5
1 0 81.35607038515438 -26.512188608185124 -117.5
1 1 81.36336239083536 -25.208426324790928 -108.0
6382
-------------------New----------------
0 0 0.8956958063301343 82.05170952841289 118.5
0 1 1.1129092216095984 82.81529982346167 108.5
1 0 6.096320520255398 100.01138401135147 -117.5
1 1 5.884596079031771 99.29029937672193 -108.0
6387
-------------------New----------------
0 0 43.29453917387203 -49.237058629787114 118.5
0 1 46.00133244219306 -50.140552337346186 108.5
1 0 107.14700422226008 -70.51983481260288 -117.5
1 1 104.5779875539178 -69.6623601802248 -108.0
6389
-------------------New----------------
0 0 6.697476449807803 18.856910804553006 118.5
0 1 7.491437761836683 23.449176964521588 108.5
1 0 25.627813960463914 127.51195977904938 -117.5
1 1 24.859418950502718 123.13761483262385 -108.0
6391
-------------------New----------------
0 0 71.87943356725708 47.84278813876552 118.5
0 1 69.40047966737116 47.04947447887569 108.5
1 0 13.32473691794163 29.283418185088532 -117.5
1 1 15.683476626258479 30.025410622656768 -108.0
6392
-------------------New----------------
0 0 116.23030107433063 -15.05827660830941 118.5
0 1 115.4592513020742 -12.678103700076992 108.5
1 0 97.95964135949033 41.196924615810204 -117.5
1 1 98.69606177992546 38.930612874791734 -108.0
6394
-------------------New----------------
0 0 -60.98301553292983 -43.779253910176756 118.5
0 1 -59.539928437955396 -45.89643089900395 108.5
1 0 -26.921772654320343 -93.73092287068827 -117.5
1 1 -28.29233895834982 -91.72123916094856 -108.0
6401
-------------------New----------------
0 0 -13.742860162593269 10.359971119392068 118.5
0 1 -8.113045331446742 12.216942948554427 108.5
1 0 119.07779827057911 54.15842772331803 -117.5
1 1 113.72816220030606 52.40079307883609 -108.0
6404
-------------------New----------------
0 0 58.02981421603869 52.58262009129881 118.5
0 1 58.01855351229456 50.75221485295732 108.5
1 0 57.744344526337024 9.359830533152742 -117.5
1 1 57.75576617683678 11.102536145356268 -108.0
6415
-------------------New----------------
0 0 37.740357039317146 98.54097908797783 118.5
0 1 33.65722841381107 97.19429417212284 108.5
1 0 -58.57469694182798 66.84713854687573 -117.5
1 1 -54.69870588084113 68.12114724550084 -108.0
6416
-------------------New----------------
0 0 56.09286505545241 -69.77229819303075 118.5
0 1 52.48674722883341 -70.88324153519285 108.5
1 0 -29.16658683549618 -96.25185123939464 -117.5
1 1 -25.725041071070677 -95.18383643742575 -108.0
6419
-------------------New----------------
0 0 5.677746348171716 10.074105606393726 118.5
0 1 9.886487562660836 12.154588715203799 108.5
1 0 105.02300953137619 59.198469238977125 -117.5
1 1 101.03164158669809 57.22299948461678 -108.0
6423
-------------------New----------------
0 0 21.94236367765678 8.215401326682468 118.5
0 1 19.564919602286135 9.656306048366549 108.5
1 0 -34.196688388639146 42.24609874709048 -117.5
1 1 -31.93675713101816 40.875296919548234 -108.0
6424
-------------------New----------------
0 0 -66.52678815258047 26.148062444678963 118.5
0 1 -63.75138491446738 29.423520625590214 108.5
1 0 -1.258034323918206 103.26670597444986 -117.5
1 1 -3.8707970618340264 100.1554577482973 -108.0
6425
-------------------New----------------
0 0 49.572578117718784 -40.497482703286884 118.5
0 1 50.98934220319323 -34.42756195275851 108.5
1 0 83.11481615606287 102.79275460150515 -117.5
1 1 81.76174629578188 97.03115830676492 -108.0
6429
-------------------New----------------
0 0 -77.40210207674264 21.594496050145548 118.5
0 1 -78.48760875775183 15.531873174502275 108.5
1 0 -103.02573965697727 -121.47374569657404 -117.5
1 1 -101.99386762007441 -115.7147262829571 -108.0
6430
-------------------New----------------
0 0 -17.835838656465867 17.52050071857696 118.5
0 1 -17.28483970410067 13.878208816815022 108.5
1 0 -4.86798503572043 -68.408014742191 -117.5
1 1 -5.382927302450524 -64.95085567407779 -108.0
6431
-------------------New----------------
0 0 30.849888572958736 -30.540933797712135 118.5
0 1 28.485239533917657 -25.110722967888044 108.5
1 0 -25.068246128846855 97.42741503674304 -117.5
1 1 -22.820021721567603 92.28195886954019 -108.0
6455
-------------------New----------------
0 0 21.760817033792655 28.32363010337903 118.5
0 1 17.85307144260902 32.44071125617914 108.5
1 0 -70.46272909087945 125.45815477968549 -117.5
1 1 -66.74998091042502 121.54876526407784 -108.0
6465
-------------------New----------------
0 0 -104.82506100797161 -49.57332873030874 118.5
0 1 -103.51614831584402 -46.93034778956867 108.5
1 0 -73.9799242023513 12.775394440061719 -117.5
1 1 -75.2191298089294 10.268434076598389 -108.0
6470
-------------------New----------------
0 0 -27.020048231149598 -44.50022384547259 118.5
0 1 -28.389224343544875 -42.5965448415064 108.5
1 0 -59.33468518275166 0.4413737526493005 -117.5
1 1 -58.03348793090331 -1.3677878333499975 -108.0
6473
-------------------New----------------
0 0 -44.82124306274337 -8.078133876086918 118.5
0 1 -46.92432307268456 -10.481029686696647 108.5
1 0 -94.43251907980077 -64.73487689408988 -117.5
1 1 -92.4352955404153 -62.456453834275024 -108.0
6477
-------------------New----------------
0 0 -47.00057967476086 -37.27483685967324 118.5
0 1 -44.82668950342847 -36.42986043270716 108.5
1 0 4.355716820927409 -17.275605233958622 -117.5
1 1 2.2892523671813985 -18.07974139410405 -108.0
6481
-------------------New----------------
0 0 50.558505596555996 -58.17948221228745 118.5
0 1 47.43831540509394 -60.02008280800269 108.5
1 0 -23.079240438838813 -101.61839837352684 -117.5
1 1 -20.1158249524159 -99.86934728275783 -108.0
6488
-------------------New----------------
0 0 -16.694720521909606 22.471527478192723 118.5
0 1 -14.93504634250831 20.51773833805952 108.5
1 0 24.884035559825527 -23.58101207201384 -117.5
1 1 23.210638343037882 -21.731054076463217 -108.0
6489
-------------------New----------------
0 0 -7.4523721166186565 -20.84322038950312 118.5
0 1 -2.1850119280502023 -22.877748185266984 108.5
1 0 116.81660896233181 -68.86010812868156 -117.5
1 1 111.81404990881174 -66.9281339818453 -108.0
6492
-------------------New----------------
0 0 98.74331547149764 51.359651365474534 118.5
0 1 97.73776496004146 52.07301556717984 108.5
1 0 75.08848775854906 68.20599900225488 -117.5
1 1 76.03759840026885 67.52739224660223 -108.0
6499
-------------------New----------------
0 0 38.52147732176668 57.01499599829291 118.5
0 1 39.91016550289234 54.64940207351914 108.5
1 0 71.2881422361647 1.187016936763721 -117.5
1 1 69.96940260416949 3.434327215626483 -108.0
6507
-------------------New----------------
0 0 0.6622901612996241 -85.89465766672767 118.5
0 1 -2.1363060003389576 -86.46843679397709 108.5
1 0 -65.35584954583138 -99.46934829372255 -117.5
1 1 -62.700209778919984 -98.9238691937963 -108.0
6533
-------------------New----------------
0 0 -12.769438034881368 -3.9218252729298735 118.5
0 1 -6.984169690603272 -8.70492580259932 108.5
1 0 123.77795845138023 -116.8331068934837 -117.5
1 1 118.28272332460844 -112.28755318933638 -108.0
6540
-------------------New----------------
0 0 87.73173978560318 82.92918209341937 118.5
0 1 88.140333339156 81.24719235865413 108.5
1 0 97.26874601716179 42.96930530207931 -117.5
1 1 96.88379813519146 44.58223692539285 -108.0
6549
-------------------New----------------
0 0 -40.369211823184294 93.97502670061176 118.5
0 1 -40.16184474010291 95.37441056729982 108.5
1 0 -35.457992236928646 127.0247032659789 -117.5
1 1 -35.656030043788164 125.69165668538994 -108.0
6557
-------------------New----------------
0 0 -24.413909335828382 78.7690774183643 118.5
0 1 -20.018898892186314 75.84522633766463 108.5
1 0 79.28925463398186 9.777498236737369 -117.5
1 1 75.1151773300792 12.55479179126872 -108.0
6562
-------------------New----------------
0 0 -0.8902048970780022 -86.45220386493364 118.5
0 1 -0.7194600571771484 -84.40675472372509 108.5
1 0 3.1112467989667287 -38.01036322975291 -117.5
1 1 2.954496139398599 -39.95982934753651 -108.0
6564
-------------------New----------------
0 0 16.32234106996672 -3.4288631165456183 118.5
0 1 17.797246430634893 -3.254197985461576 108.5
1 0 51.17360005330625 0.5825484275590069 -117.5
1 1 49.76896704528607 0.4274067981887438 -108.0
6565
-------------------New----------------
0 0 48.69055329720712 32.27756614502044 118.5
0 1 48.264958676002024 27.290320038836235 108.5
1 0 38.64633693270666 -85.42055711794575 -117.5
1 1 39.05083865002227 -80.68269386670843 -108.0
6569
-------------------New----------------
0 0 -18.584076565523112 58.495906680105136 118.5
0 1 -15.676193412948331 55.31971128944548 108.5
1 0 50.04308943402829 -16.45831513932024 -117.5
1 1 47.27986662434283 -13.441823317885916 -108.0
6575
-------------------New----------------
0 0 54.91070811581841 -72.04541894830857 118.5
0 1 51.317328487237134 -74.23691337608567 108.5
1 0 -29.877578882716193 -123.96746628849617 -117.5
1 1 -26.46302797311308 -121.86986733113899 -108.0
6578
-------------------New----------------
0 0 -34.90420430370911 65.81869471851411 118.5
0 1 -28.800226535324533 64.48002411463159 108.5
1 0 109.12527818059345 34.241273643645236 -117.5
1 1 103.32618925890051 35.50954455294899 -108.0
6583
-------------------New----------------
0 0 119.94030313309656 32.50631597423854 118.5
0 1 119.81056284835677 29.116144655007076 108.5
1 0 116.87127988010698 -47.500556295573816 -117.5
1 1 116.99472062329703 -44.280158502904115 -108.0
6586
-------------------New----------------
0 0 49.100108043760166 -25.758756256785155 118.5
0 1 50.79415023908926 -30.046279117546213 108.5
1 0 89.0037481285049 -127.04861705091116 -117.5
1 1 87.39839307205158 -122.97204185609219 -108.0
6593
-------------------New----------------
0 0 47.20559938730667 -4.942244486376833 118.5
0 1 43.22344107363607 -1.6553829359263426 108.5
1 0 -46.77294699667124 72.6265385624076 -117.5
1 1 -42.98974109679258 69.50430530150777 -108.0
6598
-------------------New----------------
0 0 7.2624282095495944 -41.542436978470235 118.5
0 1 1.7749414812344113 -39.18407072924355 108.5
1 0 -122.32422942959951 13.899298358475772 -117.5
1 1 -117.11105885116633 11.668486094183152 -108.0
6599
-------------------New----------------
0 0 -55.06643730430701 -24.629197882075502 118.5
0 1 -54.76753771665973 -19.888854332755578 108.5
1 0 -47.12191049617545 88.11466096874842 -117.5
1 1 -47.445162485818045 83.52153116926668 -108.0
6610
-------------------New----------------
0 0 -56.23866666766755 47.03517188076267 118.5
0 1 -56.349227699049926 49.32527793949663 108.5
1 0 -59.156453364881806 101.11883484984295 -117.5
1 1 -59.037084845903564 98.94743086368362 -108.0
6614
-------------------New----------------
0 0 -22.648507587619438 -55.684439315412796 118.5
0 1 -18.854703385682075 -56.233892574029106 108.5
1 0 66.84133811389053 -68.76909800745747 -117.5
1 1 63.2337986625036 -68.23596851437155 -108.0
6621
-------------------New----------------
0 0 -21.90406256254758 21.76233163410431 118.5
0 1 -16.07192214900067 24.544933896666993 108.5
1 0 115.85025563003543 87.52985336313448 -117.5
1 1 110.3102589671224 84.87242679078301 -108.0
6624
-------------------New----------------
0 0 -20.416664227463148 23.760064641378044 118.5
0 1 -22.96577668578506 23.508487103623747 108.5
1 0 -80.51827791048909 17.811735848864792 -117.5
1 1 -78.09852769243481 18.052015397312438 -108.0
6625
-------------------New----------------
0 0 54.45908866298102 -38.797968063678695 118.5
0 1 54.463699291589876 -40.229664670379684 108.5
1 0 54.30385439721029 -72.05110895909141 -117.5
1 1 54.31344968331497 -70.72990198989402 -108.0
6634
-------------------New----------------
0 0 -40.74819387912321 -50.10426445912991 118.5
0 1 -41.99322029383281 -53.13435422282404 108.5
1 0 -69.94632341510331 -121.64575309105066 -117.5
1 1 -68.78528803418878 -118.7623632275546 -108.0
6638
-------------------New----------------
0 0 20.93933881177042 13.525070173698916 118.5
0 1 18.23631011645104 15.464986318662776 108.5
1 0 -42.8571899582528 59.26568950298715 -117.5
1 1 -40.287860127269255 57.4240178535744 -108.0
6657
-------------------New----------------
0 0 59.15245547935446 -82.13333520407477 118.5
0 1 54.24258318739163 -80.02973890860518 108.5
1 0 -56.72616375655355 -32.5119926782593 -117.5
1 1 -52.061549486351225 -34.508817242539415 -108.0
6684
-------------------New----------------
0 0 -33.81108524270614 -49.672571067658 118.5
0 1 -28.26858014723488 -45.71241031923908 108.5
1 0 95.30743961003229 43.48098974798326 -117.5
1 1 90.18581230224342 39.74337950901626 -108.0
6687
-------------------New----------------
0 0 9.299731972821618 -23.47317239981872 118.5
0 1 7.635574858586091 -26.951800776253076 108.5
1 0 -30.025929222396854 -105.6832344274138 -117.5
1 1 -28.443009992492847 -102.37074223370425 -108.0
6706
-------------------New----------------
0 0 39.59390925485084 27.985470875859573 118.5
0 1 34.53423213075537 29.31205710357679 108.5
1 0 -79.95045886297872 59.2363675466352 -117.5
1 1 -75.10653137412604 57.98780750159337 -108.0
6707
-------------------New----------------
0 0 -37.897010164272544 -13.937896511518051 118.5
0 1 -37.314118255100986 -15.516755581352816 108.5
1 0 -24.120208923291706 -51.231269971931354 -117.5
1 1 -24.67468397664222 -49.72940418409854 -108.0
6719
-------------------New----------------
0 0 99.81951403709067 53.836894865668945 118.5
0 1 98.68036259532803 53.2489914148198 108.5
1 0 72.83370729070998 39.925905864226856 -117.5
1 1 73.92784746533212 40.48364293454868 -108.0
6729
-------------------New----------------
0 0 83.88849071597369 48.25640613138256 118.5
0 1 82.01699638606402 45.641248552117275 108.5
1 0 39.702254685209574 -13.430923791521224 -117.5
1 1 41.48219721175277 -10.949281040573231 -108.0
6751
-------------------New----------------
0 0 86.75593984821066 57.3891221918346 118.5
0 1 85.01330067491514 55.030307216025186 108.5
1 0 45.63403176186618 1.7415679296532307 -117.5
1 1 47.28903064628561 3.9814451256100383 -108.0
6752
-------------------New----------------
0 0 -59.11009012930151 -86.03424958345309 118.5
0 1 -59.24491886137863 -84.0535396524224 108.5
1 0 -62.469477134619765 -39.255554022708814 -117.5
1 1 -62.3364257281962 -41.14698396195884 -108.0
6756
-------------------New----------------
0 0 -75.36203577125922 107.2285794264985 118.5
0 1 -73.3441569902696 106.86492448291646 108.5
1 0 -27.730172516973095 98.64310510486558 -117.5
1 1 -29.64738559546737 98.98849630781238 -108.0
6757
-------------------New----------------
0 0 44.25377618252132 56.48389602915913 118.5
0 1 43.31806776158014 58.1856214451243 108.5
1 0 22.17207521974214 96.6488912248387 -117.5
1 1 23.060946029305885 95.03282472028584 -108.0
6770
-------------------New----------------
0 0 48.74728304809635 6.577031027377859 118.5
0 1 47.843281646834335 8.567106996505386 108.5
1 0 27.45224235767507 53.57218090871421 -117.5
1 1 28.306813330621974 51.6812324823682 -108.0
6771
-------------------New----------------
0 0 -58.08633683726134 -15.952752415104001 118.5
0 1 -56.06458801262246 -17.744044658688342 108.5
1 0 -10.393016977386774 -58.22328100313196 -117.5
1 1 -12.312571088858407 -56.520750551690206 -108.0
6781
-------------------New----------------
0 0 66.92768210219633 -91.76394763828183 118.5
0 1 62.798694630190155 -90.22994682858437 108.5
1 0 -30.617135574296828 -55.506842102406075 -117.5
1 1 -26.719004095952517 -56.996656030714504 -108.0
6783
-------------------New----------------
0 0 -103.25764291765877 -97.13244130625594 118.5
0 1 -102.36290409604115 -96.84646009139432 108.5
1 0 -81.72561188617948 -90.70124176933237 -117.5
1 1 -82.60453065624907 -90.9412044991969 -108.0
6785
-------------------New----------------
0 0 11.552972151844262 67.51767180637566 118.5
0 1 13.906545145393983 65.94893480720805 108.5
1 0 67.11373101923196 30.536146057700364 -117.5
1 1 64.8761211143885 32.023236580573055 -108.0
6787
-------------------New----------------
0 0 33.18131907626618 -35.76134315210597 118.5
0 1 36.15747630105501 -30.84632650484363 108.5
1 0 103.42162592144514 80.24358537862142 -117.5
1 1 100.59539171740575 75.57382075816687 -108.0
6797
-------------------New----------------
0 0 33.56575615013416 -34.42954513296211 118.5
0 1 27.30865257404728 -35.17623412199161 108.5
1 0 -114.42594470738133 -51.797404546131645 -117.5
1 1 -108.46237728826671 -51.09852782660711 -108.0
6806
-------------------New----------------
0 0 -10.513139041144315 5.968994370547584 118.5
0 1 -9.972125672217768 8.257999612348433 108.5
1 0 2.2570385374511344 60.004421608464 -117.5
1 1 1.7432073226564064 57.829046248315265 -108.0
6807
-------------------New----------------
0 0 -46.45209509668367 -82.96903232818948 118.5
0 1 -48.5089270486488 -83.18526583763698 108.5
1 0 -95.42771994762535 -87.31176521968615 -117.5
1 1 -93.44888813193266 -87.16437424821551 -108.0
6812
-------------------New----------------
0 0 9.627427090987847 -91.65955195867357 118.5
0 1 4.8386488437319155 -92.62533130849789 108.5
1 0 -103.35408482692678 -114.4548444405294 -117.5
1 1 -98.8065945130036 -113.53952084035498 -108.0
6824
-------------------New----------------
0 0 47.00426581027402 -10.219149348903999 118.5
0 1 44.61269028320141 -10.70947775180622 108.5
1 0 -9.459379868029655 -21.79893277677254 -117.5
1 1 -7.185688943904216 -21.33240047679943 -108.0
6828
-------------------New----------------
0 0 -38.536075024662885 23.856630074050344 118.5
0 1 -41.41469468746997 23.647734603658712 108.5
1 0 -106.50253016286226 18.719756027113043 -117.5
1 1 -103.76688866014096 18.930399829885502 -108.0
6831
-------------------New----------------
0 0 -45.39262345029781 -9.335355825645802 118.5
0 1 -48.231016061435454 -6.250540992125676 108.5
1 0 -112.34874652470137 63.433572294093075 -117.5
1 1 -109.65618028909145 60.50549545999852 -108.0
6837
-------------------New----------------
0 0 -85.3556834521943 -85.01030651724669 118.5
0 1 -83.13640597894944 -86.59209196009482 108.5
1 0 -32.834999708431425 -122.31830205004269 -117.5
1 1 -34.96299315058366 -120.8080029488464 -108.0
6841
-------------------New----------------
0 0 -27.727976676396167 -33.461061068526966 118.5
0 1 -29.63910338759079 -36.557416525768936 108.5
1 0 -72.69171060284278 -106.7130462443242 -117.5
1 1 -70.9269500000602 -103.77134455586634 -108.0
6843
-------------------New----------------
0 0 18.964623307824514 60.11855057869237 118.5
0 1 12.922069964905551 60.0357848239158 108.5
1 0 -123.66940507292561 58.14095618619793 -117.5
1 1 -117.9268142586906 58.22106243165771 -108.0
6849
-------------------New----------------
0 0 -25.450571070478585 -22.749849895449202 118.5
0 1 -25.182756148116077 -21.767306867742068 108.5
1 0 -19.15185896357948 0.4179362952490206 -117.5
1 1 -19.406524439388143 -0.5042550004038442 -108.0
6857
-------------------New----------------
0 0 10.12431043354449 -8.876527448660582 118.5
0 1 10.792573412165828 -10.591004000254383 108.5
1 0 25.879705481848937 -49.29729449534708 -117.5
1 1 25.247156543741863 -47.67111286180982 -108.0
6861
-------------------New----------------
0 0 42.702581358325396 -28.673562554943395 118.5
0 1 40.530251062745705 -30.560568329686266 108.5
1 0 -8.559152879568147 -73.19763421266384 -117.5
1 1 -6.494302734369354 -71.40590339899603 -108.0
6867
-------------------New----------------
0 0 70.74832719518929 36.07204461423985 118.5
0 1 70.38230530377832 34.25211610303224 108.5
1 0 62.062405286158096 -6.850705826480235 -117.5
1 1 62.41341551510256 -5.123422231871406 -108.0
6869
-------------------New----------------
0 0 -44.51257588878185 -8.939944694680042 118.5
0 1 -45.93544486798813 -8.433305602125824 108.5
1 0 -77.95134073934545 2.900945380524176 -117.5
1 1 -76.6095384188489 2.4320121405560373 -108.0
6870
-------------------New----------------
0 0 -81.78627569744944 25.412827287659116 118.5
0 1 -80.17849342955239 21.301777853699164 108.5
1 0 -43.76570569198504 -71.6461361171333 -117.5
1 1 -45.29957347023358 -67.74375776543562 -108.0
6872
-------------------New----------------
0 0 3.4532691137075973 -72.54573439349033 118.5
0 1 3.407920801462088 -72.17536331585197 108.5
1 0 2.6934298618728594 -63.815386309411494 -117.5
1 1 2.707357933344671 -64.1641051331033 -108.0
6875
-------------------New----------------
0 0 -11.053767149020006 60.905530351895166 118.5
0 1 -11.302045052538382 56.45142854390444 108.5
1 0 -14.884351331392008 -49.87084338936508 -117.5
1 1 -14.825221039697343 -45.15058872859862 -108.0
6884
-------------------New----------------
0 0 -11.313872820132186 68.68362520246949 118.5
0 1 -10.53241701389772 70.78667463528758 108.5
1 0 7.161479811901027 118.31755861287311 -117.5
1 1 6.411736473690406 116.32116922356893 -108.0
6886
-------------------New----------------
0 0 -32.32703426450642 82.66185331280225 118.5
0 1 -36.251063526772704 81.83309479186872 108.5
1 0 -124.97807803526572 63.0544947665389 -117.5
1 1 -121.24551229530725 63.845167320468285 -108.0
6887
-------------------New----------------
0 0 -69.44182667276093 -36.23878325038486 118.5
0 1 -66.93876899565615 -33.08243859428731 108.5
1 0 -10.045279751127111 38.18580889348679 -117.5
1 1 -12.431727887960339 35.19440624761545 -108.0
6899
-------------------New----------------
0 0 81.77166936893977 -118.27139290154796 118.5
0 1 80.28733721918361 -117.83812965116458 108.5
1 0 46.77861992835571 -108.07152954577334 -117.5
1 1 48.189061598217705 -108.48122795193713 -108.0
6903
-------------------New----------------
0 0 -35.81385775452915 9.119976448637212 118.5
0 1 -35.67210541063005 13.426081994287784 108.5
1 0 -32.469727774977486 110.73950078585122 -117.5
1 1 -32.60411754859541 106.64932515947874 -108.0
6925
-------------------New----------------
0 0 45.843266644268354 -19.128092933917657 118.5
0 1 47.62496066739695 -15.656836726424633 108.5
1 0 87.73200147955322 62.81084048232119 -117.5
1 1 86.04752854738513 59.510453148458645 -108.0
6936
-------------------New----------------
0 0 76.20073318779632 -41.00682904020884 118.5
0 1 77.28482965887933 -40.195985556413724 108.5
1 0 101.7963730157676 -21.904851653059822 -117.5
1 1 100.76568376017605 -22.671229611773935 -108.0
6941
-------------------New----------------
0 0 24.65312475951446 -70.51782772902084 118.5
0 1 21.542904968300007 -68.3269905802347 108.5
1 0 -48.654721932013956 -18.8400828262428 -117.5
1 1 -45.7041515383403 -20.91690495474701 -108.0
6948
-------------------New----------------
0 0 -83.08112263685038 -8.12265847720059 118.5
0 1 -81.77106121719991 -3.814545862012575 108.5
1 0 -52.12117336295664 93.62029514792566 -117.5
1 1 -53.37078062157078 89.52583394960392 -108.0
6957
-------------------New----------------
0 0 -24.796186345077967 -52.54552603334349 118.5
0 1 -26.209935042991038 -50.145210241194995 108.5
1 0 -58.16016754721873 4.086618394735096 -117.5
1 1 -56.81622199146791 1.8047994131442422 -108.0
6962
-------------------New----------------
0 0 11.154945430593038 43.40730212130093 118.5
0 1 7.018429773241048 45.311382982676676 108.5
1 0 -86.43853600760049 88.35706159683275 -117.5
1 1 -82.51058606549849 86.54581806912223 -108.0
6964
-------------------New----------------
0 0 -62.82781651021793 63.20852432737752 118.5
0 1 -64.32973756595501 61.753419099257556 108.5
1 0 -98.29417051866969 28.823095559364504 -117.5
1 1 -96.86307124929502 30.207697014597766 -108.0
6969
-------------------New----------------
0 0 4.432009770782793 -60.80374863252591 118.5
0 1 7.294334044352563 -59.548398212040226 108.5
1 0 72.27105149061546 -31.039742099594566 -117.5
1 1 69.54127659322293 -32.240300029751964 -108.0
6973
-------------------New----------------
0 0 -40.79194451874885 -66.60965584630111 118.5
0 1 -35.25834628669696 -68.04522562337522 108.5
1 0 89.83582006903436 -100.35594114561479 -117.5
1 1 84.57599233584514 -99.00881267605172 -108.0
6977
-------------------New----------------
0 0 82.20329991289643 -6.523864154892612 118.5
0 1 80.37419259708224 -8.011453419594782 108.5
1 0 39.00021181810844 -41.63878597419811 -117.5
1 1 40.73944350754261 -40.22506897838429 -108.0
6980
-------------------New----------------
0 0 10.55506503042969 10.289913829876308 118.5
0 1 6.13057137149825 5.392092262921426 108.5
1 0 -93.84374262999003 -105.3540404197535 -117.5
1 1 -89.64175397204954 -100.69841896137943 -108.0
6984
-------------------New----------------
0 0 15.526531992917247 81.466682967591 118.5
0 1 13.7945139019637 82.33951443891115 108.5
1 0 -25.350063267513793 102.05699897154338 -117.5
1 1 -23.70514488812662 101.22779318563589 -108.0
6985
-------------------New----------------
0 0 0.7006605250809221 54.22402083227888 118.5
0 1 -1.24133153500973 51.20421581311622 108.5
1 0 -45.14594772924568 -17.047317277758882 -117.5
1 1 -43.301352811325685 -14.177111731510825 -108.0
6993
-------------------New----------------
0 0 -57.5209285057284 -77.70584255877972 118.5
0 1 -58.77239904261337 -79.65680241808941 108.5
1 0 -87.02441360466288 -123.74098832189566 -117.5
1 1 -85.83749930092834 -121.88774514249944 -108.0
6998
-------------------New----------------
0 0 -73.86964297446688 11.687301862708605 118.5
0 1 -74.93511567800726 9.704663365428962 108.5
1 0 -99.01293761608251 -35.10550383620289 -117.5
1 1 -98.00147305157715 -33.222067438821924 -108.0
7013
-------------------New----------------
0 0 -38.67401455454678 -18.050573535581 118.5
0 1 -39.562310921436335 -18.303623149401425 108.5
1 0 -59.59316000861986 -24.005944723060416 -117.5
1 1 -58.753716036239304 -23.765898093202146 -108.0
7015
-------------------New----------------
0 0 -100.19883442281856 -28.076499115540877 118.5
0 1 -100.21783019694723 -29.903629609655916 108.5
1 0 -100.66333280669663 -71.27459731019874 -117.5
1 1 -100.64049893251286 -69.52996592659228 -108.0
7018
-------------------New----------------
0 0 -25.945549101725412 -93.37550933693959 118.5
0 1 -26.076781120149043 -94.69945089702182 108.5
1 0 -29.082973544209523 -124.57979935368068 -117.5
1 1 -28.955410875846077 -123.32343458219313 -108.0
7019
-------------------New----------------
0 0 67.64516799225643 6.072698498886966 118.5
0 1 65.91486106463145 2.41725907793822 108.5
1 0 26.792048557031386 -80.20874492415186 -117.5
1 1 28.435522645895183 -76.73525800269097 -108.0
7023
-------------------New----------------
0 0 70.98142008304642 -54.88446159045825 118.5
0 1 67.9541617569608 -56.668360525695746 108.5
1 0 -0.5042605889033183 -96.97423906530955 -117.5
1 1 2.373827401961934 -95.27826745848624 -108.0
7024
-------------------New----------------
0 0 20.34066420160026 66.78953529716128 118.5
0 1 23.240841881009466 68.27990630735559 108.5
1 0 88.89181752498827 101.94419419363308 -117.5
1 1 86.12703188134273 100.52961039486627 -108.0
7036
-------------------New----------------
0 0 -9.374655257156107 37.424569518088894 118.5
0 1 -5.6348252421412965 35.121896870611586 108.5
1 0 78.89334003941633 -16.87459265415334 -117.5
1 1 75.34295803502948 -14.692537677712057 -108.0
7037
-------------------New----------------
0 0 -17.350326396954223 70.25659902616064 118.5
0 1 -17.0536275665068 70.8788333200119 108.5
1 0 -10.357476617286341 85.0117217736528 -117.5
1 1 -10.635723008511892 84.41547680726794 -108.0
7038
-------------------New----------------
0 0 -25.2352617627624 -9.60944369019678 118.5
0 1 -27.983195733650415 -6.586278516427411 108.5
1 0 -90.10071742648881 61.67416055602232 -117.5
1 1 -87.48978194094468 58.80572659984874 -108.0
7041
-------------------New----------------
0 0 8.153847291719664 89.31422138506261 118.5
0 1 8.226145815773194 88.20615351961371 108.5
1 0 9.860443612349993 63.08354399028623 -117.5
1 1 9.79115568460398 64.14118314687367 -108.0
7046
-------------------New----------------
0 0 5.424235229626705 -51.26064229923062 118.5
0 1 6.006052429792989 -54.259118330206 108.5
1 0 19.178363495721385 -122.05475862795615 -117.5
1 1 18.625020773669352 -119.20412914577898 -108.0
7059
-------------------New----------------
0 0 67.98076264083603 -20.178705357759434 118.5
0 1 68.66659100010229 -17.917557513821126 108.5
1 0 84.8120668054689 32.538258499681255 -117.5
1 1 84.10219697521433 30.411615768753514 -108.0
7062
-------------------New----------------
0 0 8.465897476175385 78.8699585138393 118.5
0 1 7.05153276235521 75.30096247435034 108.5
1 0 -24.965204108093843 -5.449035958941665 -117.5
1 1 -23.614939610581168 -2.056075825559127 -108.0
7065
-------------------New----------------
0 0 -92.49727181650533 73.89656754813733 118.5
0 1 -92.82214683001328 70.90550127935107 108.5
1 0 -100.12472868406043 3.4096959522584585 -117.5
1 1 -99.81719257921175 6.2421415605974335 -108.0
7085
-------------------New----------------
0 0 2.3905613297209225 -72.2311107339327 118.5
0 1 -0.7054722227180603 -70.2713869963026 108.5
1 0 -70.6968176574802 -25.986157568746812 -117.5
1 1 -67.75460878734579 -27.847185994883727 -108.0
7086
-------------------New----------------
0 0 70.32315641543258 -47.251720544325586 118.5
0 1 70.91878905842336 -45.21874139873444 108.5
1 0 84.1405090764353 0.5916874158634151 -117.5
1 1 83.60760320348139 -1.3292113038927476 -108.0
7089
-------------------New----------------
0 0 48.78548739936171 -45.238210350709444 118.5
0 1 45.28530120567192 -41.706697765768126 108.5
1 0 -33.836538586558056 38.12800794802305 -117.5
1 1 -30.51008952997656 34.771905132640455 -108.0
7097
-------------------New----------------
0 0 -34.08882039752896 -60.62245125124275 118.5
0 1 -30.41789610088253 -60.895393982946075 108.5
1 0 51.9554570480847 -68.2001983599076 -117.5
1 1 48.52664293918063 -67.73487550744555 -108.0
7103
-------------------New----------------
0 0 -40.38971361968477 -112.4042026836322 118.5
0 1 -41.567403319602036 -113.00325921247727 108.5
1 0 -68.18201893407897 -126.57157838690773 -117.5
1 1 -67.06266293627965 -125.99991941486789 -108.0
7106
-------------------New----------------
0 0 -91.76672409970114 30.088227593150243 118.5
0 1 -92.28338215212489 27.992747803594966 108.5
1 0 -104.0132575388598 -19.379316353337064 -117.5
1 1 -103.52113175543218 -17.392308231866124 -108.0
7109
-------------------New----------------
0 0 3.0038195213291727 95.1762717558438 118.5
0 1 4.700594545438987 93.22254026390546 108.5
1 0 43.04835623175883 48.96450075280112 -117.5
1 1 41.4351071253603 50.82942858484812 -108.0
7111
-------------------New----------------
0 0 27.787099967754635 -54.60551076342165 118.5
0 1 31.289432688084464 -56.438266425185155 108.5
1 0 110.45892024069042 -97.86299508369669 -117.5
1 1 107.13093036424566 -96.12092752511916 -108.0
7119
-------------------New----------------
0 0 40.20530038483197 36.41219016429967 118.5
0 1 35.93804844664869 38.4184562039149 108.5
1 0 -60.41299637241227 83.76932170249316 -117.5
1 1 -56.372494457823095 81.87563665264379 -108.0
7121
-------------------New----------------
0 0 -11.844838808440423 36.32671233851604 118.5
0 1 -7.227424855029739 39.51981118977427 108.5
1 0 96.66640461256216 111.68073319857481 -117.5
1 1 92.33772537813749 108.6834699462324 -108.0
7122
-------------------New----------------
0 0 -73.5375011198391 92.176333956955 118.5
0 1 -71.72561682854865 91.45065962868634 108.5
1 0 -30.77730770151186 75.0516496263566 -117.5
1 1 -32.498721572850584 75.7412832671361 -108.0
7127
-------------------New----------------
0 0 -1.4622288346573031 -48.784299681006495 118.5
0 1 -3.0821938519290293 -44.331088043094475 108.5
1 0 -39.106855444233695 56.56861071140186 -117.5
1 1 -37.61556062842047 52.314066154449314 -108.0
7130
-------------------New----------------
0 0 51.592293128125576 48.00319508600704 118.5
0 1 53.55655414747385 44.11705608169037 108.5
1 0 97.96515005064872 -43.68995400025519 -117.5
1 1 96.0984534766652 -39.99914316163152 -108.0
7134
-------------------New----------------
0 0 -77.53926876591575 109.21814963797173 118.5
0 1 -74.12297933496501 108.12678423861469 108.5
1 0 3.1160343747489128 83.49888204808727 -117.5
1 1 -0.1319779495240267 84.53547689239227 -108.0
7135
-------------------New----------------
0 0 2.0266191840643897 17.942886137465074 118.5
0 1 -0.47791011022655494 16.74491131713119 108.5
1 0 -55.56108993939493 -8.255896717359391 -117.5
1 1 -53.315765870206654 -7.2973050790845235 -108.0
7140
-------------------New----------------
0 0 59.10079229959806 50.43827994249119 118.5
0 1 56.08172822304779 47.70486062973404 108.5
1 0 -12.161003556306607 -14.078787864123885 -117.5
1 1 -9.291874474959087 -11.481035900214081 -108.0
7143
-------------------New----------------
0 0 -84.88362547539543 -107.2917929505983 118.5
0 1 -83.04657447475773 -106.75193450302179 108.5
1 0 -41.517487492143744 -94.49833452640863 -117.5
1 1 -43.26376841519857 -95.01645330088634 -108.0
7151
-------------------New----------------
0 0 -72.49851430077857 -26.450318083133034 118.5
0 1 -70.95225258999831 -26.36271043699722 108.5
1 0 -36.01554550665669 -24.378707787137028 -117.5
1 1 -37.48413490942799 -24.461762168333514 -108.0
7152
-------------------New----------------
0 0 -24.069735888100595 -3.3289354534345463 118.5
0 1 -25.653805197619715 -0.5758913024252974 108.5
1 0 -62.428466961929345 61.590231530282765 -117.5
1 1 -60.856272893968914 58.97719789466235 -108.0
7158
-------------------New----------------
0 0 -25.562038822650063 -88.3606173081798 118.5
0 1 -27.0140453084324 -88.09261767496017 108.5
1 0 -59.61060138818358 -82.18130266126296 -117.5
1 1 -58.244232865481855 -82.42353205445175 -108.0
7169
-------------------New----------------
0 0 22.235062133779884 -68.04041846030117 118.5
0 1 18.035812385875715 -66.3673032023103 108.5
1 0 -76.88150333588561 -28.595137408436795 -117.5
1 1 -72.89242545612707 -30.179747964538127 -108.0
7171
-------------------New----------------
0 0 20.273153103364557 -58.298191223483045 118.5
0 1 14.66486077399988 -53.39583948398054 108.5
1 0 -111.96354640006084 57.42216644240817 -117.5
1 1 -106.6522714588114 52.76984736855074 -108.0
7175
-------------------New----------------
0 0 -109.90976227777128 4.658035342936552 118.5
0 1 -108.8753460883875 5.913430989469475 108.5
1 0 -85.42108746315424 34.37429673299889 -117.5
1 1 -86.41028503092538 33.17403304056278 -108.0
7176
-------------------New----------------
0 0 5.213030960225516 -41.02505053411217 118.5
0 1 6.546636791645101 -34.79452062264602 108.5
1 0 36.67372037925456 106.03394449911107 -117.5
1 1 35.40769295987083 100.11353584584296 -108.0
7181
-------------------New----------------
0 0 -62.52260025242839 -34.181724761265315 118.5
0 1 -62.37655066506102 -32.53507864818315 108.5
1 0 -59.03480489979121 4.622933880393321 -117.5
1 1 -59.17683145874363 3.0623476144402537 -108.0
7189
-------------------New----------------
0 0 -49.85114107309977 59.99437477621355 118.5
0 1 -52.58452528846425 59.10320277059005 108.5
1 0 -114.33838121084622 38.948312677129444 -117.5
1 1 -111.74279841402092 39.79643480555094 -108.0
7192
-------------------New----------------
0 0 -51.4778491785969 33.66915256742682 118.5
0 1 -48.04362656412364 27.431183205448768 108.5
1 0 29.615049300090693 -113.48932671608524 -117.5
1 1 26.35049481772588 -107.56745590502655 -108.0
7200
-------------------New----------------
0 0 120.60012747075984 10.232642319274666 118.5
0 1 120.58856794279902 10.518440692532026 108.5
1 0 120.30418076126882 16.976159066680555 -117.5
1 1 120.31865055908489 16.705251372788503 -108.0
7203
-------------------New----------------
0 0 102.61200584227876 -29.868759719891255 118.5
0 1 102.40875243703017 -24.70180178775401 108.5
1 0 97.85376929353903 91.83839950604263 -117.5
1 1 98.04860076469454 86.93961692734204 -108.0
7207
-------------------New----------------
0 0 114.71082874740898 -17.256706726537487 118.5
0 1 114.28143792958478 -17.633460926915326 108.5
1 0 104.57800496084621 -26.08245716163329 -117.5
1 1 104.9876707200644 -25.729174121997012 -108.0
7208
-------------------New----------------
0 0 6.031944651176326 -114.02298623551496 118.5
0 1 4.37897159710572 -114.42150120030831 108.5
1 0 -32.96571514441142 -123.41578721780357 -117.5
1 1 -31.39839480723693 -123.03811400107956 -108.0
7211
-------------------New----------------
0 0 8.98999291864348 106.19887196889098 118.5
0 1 10.561995769421314 104.87771477975741 108.5
1 0 46.077878578731756 75.02954159219654 -117.5
1 1 44.585218176592534 76.28221122547781 -108.0
7236
-------------------New----------------
0 0 18.251568082132376 43.612945463563385 118.5
0 1 20.066824062719906 41.4826242223176 108.5
1 0 61.117474249171664 -6.718638435346273 -117.5
1 1 59.39614944941767 -4.687757497961825 -108.0
7244
-------------------New----------------
0 0 11.414958344404463 103.25949698730787 118.5
0 1 7.734771450782171 103.98716232962798 108.5
1 0 -75.21881541805531 120.56831501668057 -117.5
1 1 -71.74767154163607 119.86859218409037 -108.0
7252
-------------------New----------------
0 0 -26.2320643579909 38.53483916936925 118.5
0 1 -24.62907895811653 41.2084302745257 108.5
1 0 11.579128298936284 101.61852999472578 -117.5
1 1 10.058654040562178 99.07997759107084 -108.0
7259
-------------------New----------------
0 0 48.27115923925391 8.893195240332188 118.5
0 1 46.81583159052778 9.026210264350874 108.5
1 0 13.97068206228938 12.018902442852475 -117.5
1 1 15.349563177691644 11.895105600200711 -108.0
7265
-------------------New----------------
0 0 99.1820322710735 28.253435840594186 118.5
0 1 99.97649203802935 31.310593694079852 108.5
1 0 117.91994065084796 100.34208845684749 -117.5
1 1 117.1650042288049 97.4438755503382 -108.0
7272
-------------------New----------------
0 0 17.83586026775057 68.30920738328682 118.5
0 1 21.889296730701016 69.33680023394307 108.5
1 0 113.52205479918605 92.57270118166723 -117.5
1 1 109.67039897088678 91.59546273581509 -108.0
7279
-------------------New----------------
0 0 28.16485747838336 31.294275676287633 118.5
0 1 29.845690769111997 34.4182428754297 108.5
1 0 67.69611438446843 105.16725159773216 -117.5
1 1 66.13117016886864 102.18405904721179 -108.0
7283
-------------------New----------------
0 0 -74.33204837288456 -6.620536627114821 118.5
0 1 -70.42858978488037 -3.8335570052203094 108.5
1 0 17.826117366126063 59.1103821034513 -117.5
1 1 14.118160219302007 56.47174000216545 -108.0
7289
-------------------New----------------
0 0 -48.61563713521664 57.126827920471484 118.5
0 1 -50.69397051973764 55.055885151033635 108.5
1 0 -97.9467848011234 8.475761754308312 -117.5
1 1 -95.94123349258089 10.413056822634358 -108.0
7292
-------------------New----------------
0 0 -98.15040867696472 -62.93389266118733 118.5
0 1 -98.08754904074968 -63.09248608602992 108.5
1 0 -96.80974540848901 -66.59010102882417 -117.5
1 1 -96.85757254617604 -66.44538608983349 -108.0
7296
-------------------New----------------
0 0 89.15669279216951 -28.206993983898677 118.5
0 1 86.78695863537918 -28.890951757418133 108.5
1 0 33.32387218886983 -44.49574123273641 -117.5
1 1 35.5704026078958 -43.83993266933916 -108.0
7299
-------------------New----------------
0 0 9.86753142198896 -74.28438365881564 118.5
0 1 8.795504515367252 -71.18624566228894 108.5
1 0 -15.090054485105146 -1.659274901144095 -117.5
1 1 -14.088173209507747 -4.582620223417291 -108.0
7300
-------------------New----------------
0 0 -53.91389250072099 80.15925534048066 118.5
0 1 -49.84645351414914 81.40078862147814 108.5
1 0 41.72832389570755 108.6383798845562 -117.5
1 1 37.85890903026127 107.49049835240696 -108.0
7304
-------------------New----------------
0 0 58.28179622001254 37.49035898148165 118.5
0 1 54.552562923672426 35.792950708131876 108.5
1 0 -29.717903570548692 -2.6057722844807776 -117.5
1 1 -26.17590651961234 -0.9923170875224508 -108.0
7307
-------------------New----------------
0 0 -87.15700671007461 -48.90729244816306 118.5
0 1 -86.82851361389855 -49.758224479463856 108.5
1 0 -79.35119105744268 -68.96289054232855 -117.5
1 1 -79.66862790166981 -68.15636310534833 -108.0
7308
-------------------New----------------
0 0 25.95325756659377 75.36130783696733 118.5
0 1 24.84062648553561 74.98463807948367 108.5
1 0 -0.31857090133246574 66.48520267788523 -117.5
1 1 0.7392617528495513 66.84119967637123 -108.0
7311
-------------------New----------------
0 0 57.6713658594536 -21.610757914683685 118.5
0 1 60.29143917790536 -17.48501696552282 108.5
1 0 119.23192695010903 75.98787971488781 -117.5
1 1 116.75178265468159 72.02288633810205 -108.0
7312
-------------------New----------------
0 0 -17.496094847015748 -77.30974544606015 118.5
0 1 -15.034078779629187 -77.69069310839996 108.5
1 0 40.60383506324699 -86.27062502775165 -117.5
1 1 38.263830994124156 -85.91048675203737 -108.0
7319
-------------------New----------------
0 0 39.94979203851787 65.67312723053676 118.5
0 1 39.68778481564914 62.47457015382406 108.5
1 0 33.781915328380435 -10.589776548278039 -117.5
1 1 34.029731150060265 -7.510238714891488 -108.0
7320
-------------------New----------------
0 0 73.32200259488795 23.833665956186152 118.5
0 1 72.8281742630553 22.51393515706844 108.5
1 0 61.67722432468541 -7.318066440039075 -117.5
1 1 62.14685349658779 -6.063900979711582 -108.0
7327
-------------------New----------------
0 0 -0.7914631294848622 57.95844508965289 118.5
0 1 -4.6260917082943225 55.87766348770683 108.5
1 0 -91.35065220014859 8.806484283513917 -117.5
1 1 -87.69835329023368 10.789008444328655 -108.0
7328
-------------------New----------------
0 0 -93.52694354958189 31.39977836416502 118.5
0 1 -94.69713873042114 30.155043122708992 108.5
1 0 -121.03563775297732 2.7861361810177425 -117.5
1 1 -119.93242982351626 3.905986644229106 -108.0
7331
-------------------New----------------
0 0 -1.6352029253230036 11.37586988916732 118.5
0 1 -0.6845183279724223 6.970264988541058 108.5
1 0 20.85101858257334 -92.54854811933386 -117.5
1 1 19.943455244592965 -88.36666030152067 -108.0
7339
-------------------New----------------
0 0 -31.182146762747312 6.886816178077939 118.5
0 1 -26.062047596747014 11.66244801470241 108.5
1 0 89.73224389165506 119.67127041164903 -117.5
1 1 84.86215353563999 115.12959166381077 -108.0
7344
-------------------New----------------
0 0 -35.39159622404124 42.73828210847775 118.5
0 1 -30.92208461491017 45.74919895321359 108.5
1 0 70.12268332042102 113.79782324629966 -117.5
1 1 65.87339463985535 110.93765130037525 -108.0
7354
-------------------New----------------
0 0 24.753907351853393 78.24851643992156 118.5
0 1 23.587140477452284 76.92981536156962 108.5
1 0 -2.755781230776667 47.13469429051146 -117.5
1 1 -1.6502621301828704 48.38683318346133 -108.0
7355
-------------------New----------------
0 0 -43.55358721232188 -105.71080871490221 118.5
0 1 -41.26113929848994 -104.50958756600792 108.5
1 0 10.479852767387232 -77.44593991908462 -117.5
1 1 8.314972452447256 -78.58486467009453 -108.0
7358
-------------------New----------------
0 0 0.6751095112717899 56.70791125501737 118.5
0 1 -1.2497558697670155 53.42186634588421 108.5
1 0 -44.8140364161187 -20.666305784079526 -117.5
1 1 -42.98286435150268 -17.546993114455127 -108.0
7362
-------------------New----------------
0 0 -3.3111270715036767 -1.2111754814844666 118.5
0 1 -3.8566805069243344 -3.8286175185003435 108.5
1 0 -16.184366737744092 -62.97280579124439 -117.5
1 1 -15.666170957009552 -60.48651001315021 -108.0
7363
-------------------New----------------
0 0 77.77926192597367 19.48613533023434 118.5
0 1 76.86231082877812 15.531321426406262 108.5
1 0 56.27120094899093 -73.76240974128015 -117.5
1 1 57.13169241363737 -70.01328593106928 -108.0
7378
-------------------New----------------
0 0 5.803503783031042 -51.452429471078425 118.5
0 1 7.523763151015461 -48.43322720029822 108.5
1 0 46.41058801934954 19.802836089731116 -117.5
1 1 44.77632131629643 16.933928809847846 -108.0
7383
-------------------New----------------
0 0 -76.05864571186399 109.96932922165232 118.5
0 1 -76.11966332408252 109.26279761177065 108.5
1 0 -77.5601990817893 93.20321833925865 -117.5
1 1 -77.49832917339883 93.87941998762764 -108.0
7388
-------------------New----------------
0 0 50.066849553775356 -1.4516739567774912 118.5
0 1 52.679773380265985 2.0812914654063817 108.5
1 0 111.72420359820964 81.93647230280594 -117.5
1 1 109.24323726615289 78.58023413941757 -108.0
7390
-------------------New----------------
0 0 -90.40078712032593 -76.5206197165684 118.5
0 1 -90.5992906826127 -76.60721207014493 108.5
1 0 -94.90893909205143 -78.70814669003401 -117.5
1 1 -94.72805256352589 -78.61751144903394 -108.0
7396
-------------------New----------------
0 0 -30.09869759797511 -29.33374378078272 118.5
0 1 -29.819305279256035 -26.64795437143544 108.5
1 0 -23.543606855123922 34.022613854482124 -117.5
1 1 -23.803875193885492 31.47306283224224 -108.0
7397
-------------------New----------------
0 0 -73.93773231106223 10.642630685778453 118.5
0 1 -75.20106806908213 12.644376020322062 108.5
1 0 -103.71579102333388 57.802826848753 -117.5
1 1 -102.51715386202711 55.90888652907133 -108.0
7400
-------------------New----------------
0 0 -39.71949465790263 -39.963890038165054 118.5
0 1 -42.96445982822244 -36.21784180020565 108.5
1 0 -116.30582466021076 48.47693276013406 -117.5
1 1 -113.22318161703777 44.91710448969142 -108.0
7401
-------------------New----------------
0 0 46.29906548133844 -8.199658414154738 118.5
0 1 46.380713170029324 -4.990142152777153 108.5
1 0 48.23748672451648 67.57154161134672 -117.5
1 1 48.159655367958536 64.51910375151257 -108.0
7403
-------------------New----------------
0 0 -37.45026114188746 -17.23498264150741 118.5
0 1 -40.11231060702083 -12.916604870758835 108.5
1 0 -100.24346507362466 84.69247497285608 -117.5
1 1 -97.719029576418 80.5908170501934 -108.0
7406
-------------------New----------------
0 0 43.398481616516165 3.9039852421040555 118.5
0 1 42.58940555349612 -0.005369307083830777 108.5
1 0 24.30194662535876 -88.34576798714798 -117.5
1 1 25.069634551482803 -84.63412447690621 -108.0
7413
-------------------New----------------
0 0 -84.08287547332611 -91.42147513690848 118.5
0 1 -83.0259622598361 -89.39808471589292 108.5
1 0 -59.219316741676394 -43.71928134070193 -117.5
1 1 -60.21852365145624 -45.63872371100056 -108.0
7418
-------------------New----------------
0 0 -42.45944822618911 114.63820864870351 118.5
0 1 -40.662957429728685 114.92112959161321 108.5
1 0 -0.08314672795713376 121.26385319271908 -117.5
1 1 -1.789175001915061 121.00043834040662 -108.0
7420
-------------------New----------------
0 0 10.775362144361237 -31.20272647130298 118.5
0 1 5.142320192413454 -28.09252128803657 108.5
1 0 -121.98989697340679 42.12322886318353 -117.5
1 1 -116.64444936532497 39.173856923779 -108.0
7426
-------------------New----------------
0 0 -9.550881615114895 -15.467794539083547 118.5
0 1 -8.661629158309605 -17.648280984820325 108.5
1 0 11.383058971384123 -66.97310412749474 -117.5
1 1 10.543645557180994 -64.89511051326204 -108.0
7429
-------------------New----------------
0 0 -41.23524639395105 -50.29956519319039 118.5
0 1 -42.231629293043646 -51.09401503152814 108.5
1 0 -64.81064661644265 -69.2106986862681 -117.5
1 1 -63.855572242526364 -68.44682101550015 -108.0
7432
-------------------New----------------
0 0 117.56930478264242 -104.15790702660834 118.5
0 1 116.83917479592833 -103.35611572922153 108.5
1 0 100.45295625117795 -85.2108709210831 -117.5
1 1 101.13789068027265 -85.97816453036015 -108.0
7445
-------------------New----------------
0 0 -72.83633330892403 -59.56629376965433 118.5
0 1 -69.69305930349744 -54.614288912680465 108.5
1 0 -1.1036254048867982 56.430803803603496 -117.5
1 1 -3.8739306908727213 51.807942666835004 -108.0
7461
-------------------New----------------
0 0 71.87315733222563 -84.40306890880545 118.5
0 1 72.60175642289917 -85.03994931932372 108.5
1 0 89.01665902899697 -99.47855224833664 -117.5
1 1 88.32894842564511 -98.87150797536825 -108.0
7474
-------------------New----------------
0 0 -75.28220670871995 43.62040688313412 118.5
0 1 -74.10057951822935 42.006319729396814 108.5
1 0 -47.42538336497769 5.5420663484319945 -117.5
1 1 -48.54479356232943 7.073699694342304 -108.0
7483
-------------------New----------------
0 0 9.292823619659995 -6.189043956045172 118.5
0 1 8.060927720557661 -8.757506408947938 108.5
1 0 -20.653187026199824 -66.49298068990451 -117.5
1 1 -19.439787129688032 -64.10121697584617 -108.0
7484
-------------------New----------------
0 0 -1.8985620176620244 67.65581642722904 118.5
0 1 2.480645053129502 70.0138126493645 108.5
1 0 101.47679932966973 123.26373981386648 -117.5
1 1 97.31571164572158 121.02654427265804 -108.0
7486
-------------------New----------------
0 0 -45.20104699748141 -36.46420637572093 118.5
0 1 -45.252318587653 -39.73908113153841 108.5
1 0 -46.41917164658843 -113.73249964964103 -117.5
1 1 -46.37059582447876 -110.62284129838777 -108.0
7487
-------------------New----------------
0 0 52.21117293827748 -81.93300179055993 118.5
0 1 51.023631844207515 -78.87517515738719 108.5
1 0 24.164465452213353 -9.773761068053313 -117.5
1 1 25.29411404533954 -12.67865215006314 -108.0
7490
-------------------New----------------
0 0 25.8473899073886 -58.88039264191938 118.5
0 1 21.42269349898258 -56.91246388672948 108.5
1 0 -78.57360281533057 -12.439235655412002 -117.5
1 1 -74.37004189578751 -14.308855921265323 -108.0
7501
-------------------New----------------
0 0 36.47001756242108 -29.09408017348407 118.5
0 1 36.318591658345554 -30.623098080636122 108.5
1 0 33.03280523195788 -65.07213538760146 -117.5
1 1 33.16837500504817 -63.62517557058554 -108.0
7504
-------------------New----------------
0 0 -72.31145920501743 5.001495236671211 118.5
0 1 -72.36435136708943 3.678307682883966 108.5
1 0 -73.60719753276028 -26.2367629986179 -117.5
1 1 -73.55293504199321 -24.97748781799931 -108.0
7508
-------------------New----------------
0 0 82.54844788205911 3.9790635615921053 118.5
0 1 82.04142516519607 3.110177053256611 108.5
1 0 70.58231694315515 -16.844288375704764 -117.5
1 1 71.06066401815099 -15.987465492470665 -108.0
7511
-------------------New----------------
0 0 15.005042258427537 73.08357627198191 118.5
0 1 15.408172339862961 71.13272462169967 108.5
1 0 24.7802396019761 27.18905811255258 -117.5
1 1 24.38585154583087 29.040378012041845 -108.0
7512
-------------------New----------------
0 0 50.057512484306244 56.33603363943039 118.5
0 1 44.94424872324093 56.34446406618572 108.5
1 0 -70.62456645865711 56.52989548588515 -117.5
1 1 -65.76469589203944 56.52305418680277 -108.0
7513
-------------------New----------------
0 0 -90.80796068222213 105.91926107081107 118.5
0 1 -90.43364208539711 104.63063242828358 108.5
1 0 -81.88014855078899 75.74444981119508 -117.5
1 1 -82.23908591313233 76.94542955282273 -108.0
7514
-------------------New----------------
0 0 -35.56555006827539 2.169758692271361 118.5
0 1 -32.56238606989121 3.295876349423568 108.5
1 0 35.302929753607735 27.863039122242526 -117.5
1 1 32.436104010422056 26.79355077848325 -108.0
7515
-------------------New----------------
0 0 -72.72525507660266 5.908683071746376 118.5
0 1 -73.18309386652774 3.261733272895259 108.5
1 0 -83.55585257614425 -56.52405684832843 -117.5
1 1 -83.12245023138387 -54.01398243113492 -108.0
7528
-------------------New----------------
0 0 31.326184879084394 -82.77698505142168 118.5
0 1 29.276857308982528 -84.45381043114365 108.5
1 0 -16.981888594225637 -122.35622541485853 -117.5
1 1 -15.038966225487934 -120.76592435988778 -108.0
7532
-------------------New----------------
0 0 -100.88221450630753 116.09333380509536 118.5
0 1 -100.90613435759693 115.67895600532749 108.5
1 0 -101.48909567395155 106.33164047021221 -117.5
1 1 -101.46887218144187 106.72442119299717 -108.0
7538
-------------------New----------------
0 0 84.14318389980465 45.81826135509614 118.5
0 1 81.89133638976772 45.20629882249219 108.5
1 0 31.176950086325036 31.42888677155421 -117.5
1 1 33.30437613407926 32.004950742749365 -108.0
7541
-------------------New----------------
0 0 -72.00735793841221 4.7193638298720595 118.5
0 1 -71.56261497947457 9.560364998419791 108.5
1 0 -61.48600814201929 118.97823667226717 -117.5
1 1 -61.9097803255229 114.37789666240386 -107.99999999999997
7552
-------------------New----------------
0 0 -5.84890862139023 3.473744477893746 118.5
0 1 -7.343227934823728 2.9900813680269915 108.5
1 0 -41.161734397023984 -8.376424317913699 -117.5
1 1 -39.74221131573019 -7.892415830580603 -108.0
7553
-------------------New----------------
0 0 15.77074834090546 60.95636459634206 118.5
0 1 19.862446318840583 62.961297777873696 108.5
1 0 112.40164093267649 108.31839216300538 -117.5
1 1 108.50937761526639 106.41132532785335 -108.0
7554
-------------------New----------------
0 0 72.99263045227379 -4.745109341096338 118.5
0 1 69.71069760168749 -4.691097530009194 108.5
1 0 -94.79379216249502 91.8506750489497 -117.5
1 1 -83.84159215479863 83.44901974068281 -108.0
7565
-------------------New----------------
0 0 -9.287424822601588 -1.2443485332376087 118.5
0 1 -8.812197148039479 0.6978559229845678 108.5
1 0 2.032917542611326 44.43738599927435 -117.5
1 1 1.5722651604953235 42.59850191903851 -108.0
7566
-------------------New----------------
0 0 -2.058065171430889 -105.4818345389101 118.5
0 1 -3.4820119500422955 -104.08186886376033 108.5
1 0 -35.80688250186053 -72.41594678579813 -117.5
1 1 -34.446271721898796 -73.74681378167324 -108.0
7567
-------------------New----------------
0 0 95.01387611798175 17.39041181542548 118.5
0 1 92.72925641883246 16.528768969954776 108.5
1 0 41.16920674479973 -2.9467573931923936 -117.5
1 1 43.33356489462225 -2.1290165207075713 -108.0
7572
-------------------New----------------
0 0 114.4517583337234 4.629429983569305 118.5
0 1 113.55358094446117 -0.6920356956266751 108.5
1 0 93.09400117154185 -120.68403962321892 -117.5
1 1 93.95653396788273 -115.65003193285926 -108.0
7578
-------------------New----------------
0 0 63.49114098484313 43.172207093864195 118.5
0 1 63.98311106889493 45.815475066563906 108.5
1 0 75.10800680113628 105.56689348771309 -117.5
1 1 74.63992709067307 103.05558111775368 -108.0
7580
-------------------New----------------
0 0 57.27308909774778 42.5670142830014 118.5
0 1 53.505198269569554 43.63671688553955 108.5
1 0 -31.736845894405985 67.7813297757909 -117.5
1 1 -28.149303748934102 66.76898480050976 -108.0
7586
-------------------New----------------
0 0 -4.145194095043706 -5.385127088351356 118.5
0 1 -2.776687743946387 -0.9807741290324679 108.5
1 0 28.136287540930528 98.54262105269758 -117.5
1 1 26.83773171779476 94.35958086066282 -108.0
7589
-------------------New----------------
0 0 -63.211433429493205 -3.771750986052054 118.5
0 1 -62.702882454904525 -9.027031604640289 108.5
1 0 -51.179207350199285 -127.78151775628491 -117.5
1 1 -51.66582654908383 -122.78947261903159 -108.0
7607
-------------------New----------------
0 0 63.64933133045296 -55.60556810948357 118.5
0 1 63.127223458978754 -57.021339096822814 108.5
1 0 51.35298980318489 -89.01253017187842 -117.5
1 1 51.84651517306435 -87.66904229369514 -108.0
7610
-------------------New----------------
0 0 23.096818102897238 80.90507993260493 118.5
0 1 24.55040882238628 79.89917566404402 108.5
1 0 57.39706122685108 57.305936459574625 -117.5
1 1 56.01416268325151 58.253717722582294 -108.0
7619
-------------------New----------------
0 0 70.52296863241313 37.87754691333694 118.5
0 1 71.30284851956425 41.41442734760632 108.5
1 0 90.27337512152474 120.92144298498938 -117.5
1 1 89.4009085759588 117.60868667783356 -108.0
7624
-------------------New----------------
0 0 -109.57599037431756 77.0579067623824 118.5
0 1 -110.07639419739269 77.94623384285019 108.5
1 0 -121.3073796694561 97.95948519880086 -117.5
1 1 -120.82982454951453 97.11341229249727 -108.0
7625
-------------------New----------------
0 0 20.50427064513891 81.23446448016298 118.5
0 1 16.504752722470876 82.51235124415712 108.5
1 0 -73.93227585749517 111.40936099649628 -117.5
1 1 -70.12945301176877 110.19437425762926 -108.0
7635
-------------------New----------------
0 0 -28.384267604649967 3.005086736225782 118.5
0 1 -27.59042356328022 2.8318076350779657 108.5
1 0 -8.551364021118932 0.9039706974310153 -117.5
1 1 -9.378361443680378 0.9118605964489996 -108.0
7643
-------------------New----------------
0 0 -25.777325476712313 -23.192125885771308 118.5
0 1 -23.9966920573486 -27.30583140018634 108.5
1 0 16.315676358177818 -120.42446334196586 -117.5
1 1 14.614796459528332 -116.5090119986086 -108.0
7645
-------------------New----------------
0 0 -112.62460077890816 27.977229816588522 118.5
0 1 -113.22174793105611 22.360140620549707 108.5
1 0 -126.96137202672324 -104.69032021860055 -117.5
1 1 -126.37892073855672 -99.34752976478411 -108.0
7652
-------------------New----------------
0 0 -110.28222909056686 -97.99851960850775 118.5
0 1 -109.89797402930617 -96.86306810710899 108.5
1 0 -101.06408384168212 -71.27216516690429 -117.5
1 1 -101.44107063289805 -72.34354473819806 -108.0
7656
-------------------New----------------
0 0 -6.236551836466217 43.66135101965664 118.5
0 1 -10.74733136214871 40.41282335942858 108.5
1 0 -112.74602723521896 -33.04443165915178 -117.5
1 1 -108.45762388907062 -29.95733297419964 -108.0
7664
-------------------New----------------
0 0 17.207689358799787 106.9879073453641 118.5
0 1 12.407004082510346 106.90759361179923 108.5
1 0 -96.14035587479223 105.15269763393633 -117.5
1 1 -91.58534020770526 105.23247616695741 -108.0
7666
-------------------New----------------
0 0 102.25136670158594 -41.99073252297252 118.5
0 1 101.48089161068341 -41.53017519237149 108.5
1 0 84.0922708644142 -31.094025327004054 -117.5
1 1 84.82272309214856 -31.53354387913908 -108.0
7673
-------------------New----------------
0 0 -83.5117737112018 -76.77152125352441 118.5
0 1 -82.487077212949 -75.82304690797496 108.5
1 0 -59.394616832072884 -54.55663368979286 -117.5
1 1 -60.36487901488732 -55.44164109762518 -108.0
7676
-------------------New----------------
0 0 10.479334027938133 -67.11478078970643 118.5
0 1 7.611289179133013 -68.50207732951807 108.5
1 0 -57.147919153315684 -100.00314730231828 -117.5
1 1 -54.42854152158657 -98.68152423047914 -108.0
7677
-------------------New----------------
0 0 11.86507562110317 25.893764736671887 118.5
0 1 13.688083323621319 24.74892813581747 108.5
1 0 54.863159137105946 -1.315102292587447 -117.5
1 1 53.147707889313246 -0.20052230504039326 -108.0
7681
-------------------New----------------
0 0 -43.28454445788009 -16.33165998410711 118.5
0 1 -46.07123645058207 -18.87311818180345 108.5
1 0 -109.03501357496002 -76.29485071589663 -117.5
1 1 -106.38876300059128 -73.88070543855873 -108.0
7683
-------------------New----------------
0 0 15.644508849630299 -80.95824523651373 118.5
0 1 15.952756570069573 -79.97179052146257 108.5
1 0 23.395535319629406 -57.858935619972996 -117.5
1 1 23.074321120332343 -58.76734793736896 -108.0
7684
-------------------New----------------
0 0 -65.09895568815209 7.17277285718323 118.5
0 1 -61.26193936931156 12.14675900455819 108.5
1 0 25.207792446360408 124.31320313133017 -117.5
1 1 21.579359881413133 119.60032071601026 -108.0
7685
-------------------New----------------
0 0 104.0433256274403 63.78986295221913 118.5
0 1 104.38683496131132 65.27101484684346 108.5
1 0 112.10417156152678 98.85327629258843 -117.5
1 1 111.78124629054078 97.43345491098697 -108.0
7686
-------------------New----------------
0 0 92.60407964889147 54.41447065974226 118.5
0 1 92.19868744662986 50.77156800928984 108.5
1 0 83.05526887695244 -31.517775857831747 -117.5
1 1 83.4388791231333 -28.062613989138686 -108.0
7687
-------------------New----------------
0 0 82.82543217380088 13.25653893289234 118.5
0 1 82.28574644374804 9.785781847785856 108.5
1 0 70.20412484895445 -68.6097081432852 -117.5
1 1 70.71327821591817 -65.30564273231803 -108.0
7697
-------------------New----------------
0 0 110.31826500188353 74.35715400999722 118.5
0 1 110.65852237521169 71.18919827097756 108.5
1 0 118.34629435017817 -0.4029793891226198 -117.5
1 1 118.02328903551897 2.606237171107881 -108.0
7704
-------------------New----------------
0 0 -43.941120375429676 -0.3560165454292312 118.5
0 1 -41.561479794766484 -1.1114434441868073 108.5
1 0 12.04739914139329 -18.232182588280864 -117.5
1 1 9.798983299427533 -17.511652593080242 -108.0
7716
-------------------New----------------
0 0 -79.81178726393587 -61.97093192358592 118.5
0 1 -78.2725610769355 -64.1165178492128 108.5
1 0 -43.22565304645993 -113.31703665971983 -117.5
1 1 -44.672094812470014 -111.21987977964966 -108.0
7729
-------------------New----------------
0 0 9.786696875077931 -108.3254662932488 118.5
0 1 12.029793479094751 -107.91148077607764 108.5
1 0 62.73010580626709 -98.53883741665496 -117.5
1 1 60.59970705269991 -98.93267035918427 -108.0
7731
-------------------New----------------
0 0 90.29283697787737 92.3759564113832 118.5
0 1 91.70215056650473 90.43320392390676 108.5
1 0 123.59245685133098 46.40262748137762 -117.5
1 1 122.2479394777944 48.25385381090906 -108.0
7735
-------------------New----------------
0 0 105.70487879588214 -20.37806282460494 118.5
0 1 105.15634785842823 -22.931513295864367 108.5
1 0 92.749726571615 -80.64674172381595 -117.5
1 1 93.27335281695431 -78.22053721127243 -108.0
7759
-------------------New----------------
0 0 112.97592450028644 -84.8131729290758 118.5
0 1 112.18427253860462 -85.1831352013049 108.5
1 0 94.24789236715249 -93.57161867530513 -117.5
1 1 95.00204578923228 -93.22050031552718 -108.0
7761
-------------------New----------------
0 0 -13.310877101050542 61.48818505411079 118.5
0 1 -17.342373952084802 62.382751956101984 108.5
1 0 -108.47202924162877 82.59879721021596 -117.5
1 1 -104.64021133214594 81.74893722081235 -108.0
7763
-------------------New----------------
0 0 87.58020711247042 58.72507120033348 118.5
0 1 87.15309856062137 59.8984586955515 108.5
1 0 77.39106772334404 86.11596098529512 -117.5
1 1 77.8056007820563 85.032370654526 -108.0
7767
-------------------New----------------
0 0 -63.97212672022523 81.04764664816325 118.5
0 1 -66.5687689941208 80.32498913303037 108.5
1 0 -125.25732028676892 64.05160737528752 -117.5
1 1 -122.79307265833579 64.73378160040319 -108.0
7768
-------------------New----------------
0 0 76.09880627750223 -85.1745823316346 118.5
0 1 74.11420307270478 -82.85404361909818 108.5
1 0 29.26196264199394 -30.36014518647128 -117.5
1 1 31.148123458071076 -32.56706710867936 -108.0
7772
-------------------New----------------
0 0 -37.87659776661648 4.687993641688878 118.5
0 1 -37.80321375252244 6.45405568499759 108.5
1 0 -36.090386137986144 46.41164277571001 -117.5
1 1 -36.16133160423476 44.72607190542986 -108.0
7792
-------------------New----------------
0 0 -32.62429544619442 6.8090096338122805 118.5
0 1 -34.41248973899247 2.092354916939567 108.5
1 0 -74.80414147602286 -104.39246815041884 -117.5
1 1 -73.10425139156968 -99.90977952100417 -108.0
7797
-------------------New----------------
0 0 55.34756974566769 -74.66100261402269 118.5
0 1 55.88250099445638 -70.96027913106374 108.5
1 0 67.95739873839702 12.667572191521192 -117.5
1 1 67.44711443649663 9.151351776523567 -108.0
7801
-------------------New----------------
0 0 -24.54981156349995 -19.553893682991486 118.5
0 1 -23.221697760148245 -18.37640111783181 108.5
1 0 6.78606695430724 8.192069932731247 -117.5
1 1 5.525490720972295 7.078554570374756 -108.0
7803
-------------------New----------------
0 0 18.583664518666165 -12.913409249045639 118.5
0 1 13.72949109818791 -12.845948760419295 108.5
1 0 -95.93837590165886 -11.340418322556108 -117.5
1 1 -91.32984884142682 -11.402389929104341 -108.0
7806
-------------------New----------------
0 0 -88.72188652374379 -39.24878180035303 118.5
0 1 -87.92145472431056 -38.55957136503224 108.5
1 0 -69.93760345086588 -22.47704985559985 -117.5
1 1 -70.68284108383988 -23.192761662338178 -108.0
7810
-------------------New----------------
0 0 7.678818298255114 40.40776881368237 118.5
0 1 11.315460290530769 34.978262935377536 108.5
1 0 93.51557520616113 -87.73415706575872 -117.5
1 1 90.06152980287429 -82.57514606543597 -108.0
7812
-------------------New----------------
0 0 -2.783024456469972 -47.739015311074475 118.5
0 1 -1.142133455640561 -43.61778363769424 108.5
1 0 29.35358109358689 43.84953848215234 -117.5
1 1 28.370509529025703 40.41813780894459 -108.0
7817
-------------------New----------------
0 0 49.13503502860671 -45.02842751066965 118.5
0 1 48.16911745730363 -40.04533073063671 108.5
1 0 26.315871628239638 72.56460639651424 -117.5
1 1 27.235311548540302 67.83133392382408 -108.0
7819
-------------------New----------------
0 0 14.700202239679362 43.978363988055854 118.5
0 1 16.18835846079838 38.99591059236212 108.5
1 0 49.86867766379378 -73.42903667807714 -117.5
1 1 48.45051070390187 -68.70561458656147 -108.0
7820
-------------------New----------------
0 0 -49.14080119183778 17.02947376408594 118.5
0 1 -49.17669340828947 16.94874586393211 108.5
1 0 -49.97679992141763 15.105841862481544 -117.5
1 1 -49.94278040559157 15.183107125744371 -108.0
7822
-------------------New----------------
0 0 49.59427445034222 4.958834925427896 118.5
0 1 47.00025369407699 9.110929676798154 108.5
1 0 -11.594212113537207 102.92465446612303 -117.5
1 1 -9.133817669675356 98.98000270796499 -108.0
7831
-------------------New----------------
0 0 -92.87344440463981 76.98369298741679 118.5
0 1 -90.47145866250824 78.60523854094149 108.5
1 0 -36.176249530600764 115.26242974189392 -117.5
1 1 -38.45870438375172 113.72043131205935 -108.0
7832
-------------------New----------------
0 0 -88.39993705611224 -79.59928892883926 118.5
0 1 -89.76517051788844 -77.62532303770385 108.5
1 0 -120.63288181335523 -33.09147691834552 -117.5
1 1 -119.32406499547126 -34.97083407933093 -108.0
7844
-------------------New----------------
0 0 -19.478842545761683 -106.64004453751757 118.5
0 1 -20.723141671420173 -105.83814522224422 108.5
1 0 -48.97077914973173 -87.64924130109588 -117.5
1 1 -47.78180537338726 -88.41740019266874 -108.0
7845
-------------------New----------------
0 0 38.470235796281585 43.2558933920737 118.5
0 1 34.25433764844433 44.51927764664677 108.5
1 0 -60.21836048671364 72.90370453651045 -117.5
1 1 -56.31425326367198 71.72708750816487 -108.0
7848
-------------------New----------------
0 0 32.367478125514886 -28.066465825759803 118.5
0 1 27.560803372547234 -24.58555050308114 108.5
1 0 -81.27618925126654 53.80783500672553 -117.5
1 1 -76.70067396884002 50.5237080125351 -108.0
7849
-------------------New----------------
0 0 -94.36793625283293 -97.93862821509697 118.5
0 1 -95.54474761057483 -99.07597705712877 108.5
1 0 -122.23455823303877 -124.95206187815447 -117.5
1 1 -121.11578423897188 -123.86151701484457 -108.0
7853
-------------------New----------------
0 0 9.586281956650932 -26.874302693037976 118.5
0 1 6.607154967810215 -25.320185555916066 108.5
1 0 -61.318522564784836 9.510842210429225 -117.5
1 1 -58.449210796763666 7.997671633412156 -108.0
7855
-------------------New----------------
0 0 115.3175286316733 -34.817161530137795 118.5
0 1 115.69802969960158 -28.275522726302047 108.5
1 0 124.3103340529882 119.51540651202087 -117.5
1 1 123.94749704605022 113.30886263641051 -108.0
7857
-------------------New----------------
0 0 96.60995971609947 -20.48643047092858 118.5
0 1 97.72875455073459 -20.168629558946783 108.5
1 0 123.04930981189061 -13.001992129762055 -117.5
1 1 121.98394040453036 -13.302754910067302 -108.0
7864
-------------------New----------------
0 0 -64.85317783759392 30.394828280003686 118.5
0 1 -62.618286679968364 28.932416428819938 108.5
1 0 -12.168109472095036 -3.719359565960338 -117.5
1 1 -14.29111102210427 -2.3656549380946474 -108.0
7871
-------------------New----------------
0 0 76.72132149300295 -20.67159415542964 118.5
0 1 75.19666771472848 -25.035238365132646 108.5
1 0 40.637310165843026 -123.70548881733616 -117.5
1 1 42.09195204451716 -119.55336657790568 -108.0
7878
-------------------New----------------
0 0 47.411890362191734 -21.887737523822253 118.5
0 1 41.946180734750385 -17.107715578178844 108.5
1 0 -81.51643743253229 90.88388123429161 -117.5
1 1 -76.32811826465844 86.34561050978861 -108.0
7879
-------------------New----------------
0 0 -4.32297119764659 -14.34365225020153 118.5
0 1 0.9831660461768994 -9.117634050969695 108.5
1 0 122.16200826915944 109.20542415948088 -117.5
1 1 117.04851106998213 104.17427868530356 -108.0
7880
-------------------New----------------
0 0 -67.14293149346807 -39.24636965715739 118.5
0 1 -63.111431317744575 -35.94920362918831 108.5
1 0 27.964398627048876 38.614430803904696 -117.5
1 1 24.135667174876883 35.47527121910544 -108.0
7881
-------------------New----------------
0 0 16.80379919388657 75.97242509865266 118.5
0 1 21.872455108917254 77.41275800955763 108.5
1 0 -112.5207839170076 -34.018815018661456 -117.5
1 1 -110.63308024759638 -33.34559148341641 -108.0
7888
-------------------New----------------
0 0 67.02085769589324 110.72940166606114 118.5
0 1 68.36323910713777 110.9655460268622 108.5
1 0 99.37725020508182 116.17097811932324 -117.5
1 1 98.06368090176873 115.96608068104493 -108.0
7905
-------------------New----------------
0 0 -28.682058220784562 -60.163054277093956 118.5
0 1 -27.95390475519444 -58.3224046994412 108.5
1 0 -11.608749487618883 -16.749270732747444 -117.5
1 1 -12.296679431462858 -18.490972064516985 -108.0
7919
-------------------New----------------
0 0 32.287816974456256 -22.98750807200282 118.5
0 1 33.65742571358702 -22.118658599487425 108.5
1 0 64.59676182498148 -2.4018232738723375 -117.5
1 1 63.29622699506298 -3.230101455231072 -108.0
7920
-------------------New----------------
0 0 -17.53589033089534 22.776783291881607 118.5
0 1 -19.664759908683976 26.740942158825202 108.5
1 0 -67.77723382088558 116.30981799986878 -117.5
1 1 -65.75453442301442 112.54525378798954 -108.0
7925
-------------------New----------------
0 0 31.910009759043533 -42.81545341450984 118.5
0 1 27.196456239907803 -44.04994429589549 108.5
1 0 -79.40938539595412 -71.52780680910791 -117.5
1 1 -74.93373202997618 -70.38783502778762 -108.0
7929
-------------------New----------------
0 0 118.30449159228488 -70.05601142850756 118.5
0 1 118.35018910932362 -70.2772028518894 108.5
1 0 119.3609331909663 -75.27901174600535 -117.5
1 1 119.3191907445611 -75.06888042560348 -108.0
7931
-------------------New----------------
0 0 29.902959638183365 -42.19382006251563 118.5
0 1 26.33746127095506 -36.98606290157088 108.5
1 0 -54.21186223164725 80.72004289566733 -117.5
1 1 -50.825744267596015 75.77454700142107 -108.0
7933
-------------------New----------------
0 0 98.74514299832231 -63.04322214201197 118.5
0 1 97.40252739587237 -64.4520821904039 108.5
1 0 67.06370880074537 -96.29879014280583 -117.5
1 1 68.3388405040652 -94.95956650566117 -108.0
7935
-------------------New----------------
0 0 -80.56371299815851 56.51944036619159 118.5
0 1 -78.9240031336198 53.6892498853784 108.5
1 0 -41.79459555490012 -10.240260685305808 -117.5
1 1 -43.357083684852896 -7.554136263011289 -108.0
7937
-------------------New----------------
0 0 -65.04256611430044 16.48030582634228 118.5
0 1 -62.98598485936742 19.149413589701943 108.5
1 0 -16.284605318601336 80.1904765243867 -117.5
1 1 -18.25315214199124 77.58840889814789 -108.0
7938
-------------------New----------------
0 0 64.69053782130307 -28.383780514693434 118.5
0 1 66.05522085265629 -32.28412990128912 108.5
1 0 96.69276951135683 -120.12106867611688 -117.5
1 1 95.40352382897197 -116.43361892124415 -108.0
7950
-------------------New----------------
0 0 -57.54909011563008 -42.04435215498975 118.5
0 1 -57.364680466541486 -43.82645180939231 108.5
1 0 -52.85121630786762 -83.99548402056612 -117.5
1 1 -53.05770814773526 -82.31403582005058 -108.0
7967
-------------------New----------------
0 0 59.16093377037621 25.027199101947723 118.5
0 1 58.406980189404294 23.162745190276976 108.5
1 0 41.40308328142721 -19.037541087147922 -117.5
1 1 42.117660511801255 -17.26023726358407 -108.0
7976
-------------------New----------------
0 0 -34.37145031988136 50.36330689244052 118.5
0 1 -30.625391199943827 52.313702996615234 108.5
1 0 53.9595554348518 96.34699244306958 -117.5
1 1 50.405474988122 94.49707225688636 -108.0
7981
-------------------New----------------
0 0 -19.09108147219962 12.441719927303216 118.5
0 1 -17.095950175613844 8.52077731853009 108.5
1 0 28.078778325638933 -80.04626723201484 -117.5
1 1 26.178002495870764 -76.32542763514176 -108.0
7983
-------------------New----------------
0 0 1.0446743091141977 -16.394533657945072 118.5
0 1 0.011589774279393516 -14.77169726337387 108.5
1 0 -23.34384462262649 21.99489905875162 -117.5
1 1 -22.362088087873357 20.44832138390003 -108.0
7987
-------------------New----------------
0 0 -65.3803501970235 52.67181577916405 118.5
0 1 -64.53885105276191 50.34524834565724 108.5
1 0 -45.572604419015484 -2.4099892936316607 -117.5
1 1 -46.36876236427468 -0.19097907549522802 -108.0
7988
-------------------New----------------
0 0 48.568536143836226 -3.8935177591482564 118.5
0 1 42.846903055116556 -5.326068208441855 108.5
1 0 -86.47601957250592 -37.8640386538779 -117.5
1 1 -81.04190035792121 -36.490329720323295 -108.0
7990
-------------------New----------------
0 0 -114.09804398332355 -22.449209537861357 118.5
0 1 -114.39816710591512 -19.511859956862736 108.5
1 0 -121.24025536841846 47.006674418190954 -117.5
1 1 -120.95298327378835 44.197837528669254 -108.0
7992
-------------------New----------------
0 0 -31.25796753608393 -92.93662211961718 118.5
0 1 -31.674730434565948 -94.10917375956333 108.5
1 0 -40.882004117300646 -120.49423947902505 -117.5
1 1 -40.50644925462651 -119.38179480526856 -108.0
7993
-------------------New----------------
0 0 28.497620737751724 -49.12305327452736 118.5
0 1 22.09206444893683 -48.1699502303202 108.5
1 0 -122.75230202190127 -26.62753709428557 -117.5
1 1 -116.66039215477574 -27.533597446285533 -108.0
7996
-------------------New----------------
0 0 -19.68842397852266 36.51559187256605 118.5
0 1 -21.425922194064867 36.29194088410007 108.5
1 0 -61.98745018033691 30.778042808740576 -117.5
1 1 -60.26098785646516 31.04086893974489 -108.0
7997
-------------------New----------------
0 0 -22.601850834758185 21.943399629550985 118.5
0 1 -18.03457802117436 23.980549893371194 108.5
1 0 85.1973993039309 70.04892923190893 -117.5
1 1 80.85734455463869 68.10924438573798 -108.0
8000
-------------------New----------------
0 0 106.50798179235517 76.74130480073153 118.5
0 1 106.11625940855197 76.26970485972996 108.5
1 0 97.19739127684231 65.62837020316691 -117.5
1 1 97.57410850057548 66.07424463443546 -108.0
8005
-------------------New----------------
0 0 -80.22529223591977 -9.67956622403778 118.5
0 1 -80.88082700590147 -6.936385390042058 108.5
1 0 -95.69437677377555 55.05832087145336 -117.5
1 1 -95.07201574071789 52.45218072674925 -108.0
8010
-------------------New----------------
0 0 111.6873559709368 68.10615906067102 118.5
0 1 111.63189990071767 68.90054692829679 108.5
1 0 110.45091009232355 86.79609894233872 -117.5
1 1 110.500320692207 86.04444542525748 -108.0
8012
-------------------New----------------
0 0 -55.66006568183626 -12.686421426342582 118.5
0 1 -52.226259172624694 -13.165344924587563 108.5
1 0 25.286384263487317 -24.042176776604236 -117.5
1 1 22.032976691910147 -23.582871849747868 -108.0
8017
-------------------New----------------
0 0 -61.83834299850927 16.731750346362745 118.5
0 1 -57.563595394945494 20.92410912513721 108.5
1 0 39.0281725742884 115.68122401951703 -117.5
1 1 34.96758728575456 111.69515579432195 -108.0
8021
-------------------New----------------
0 0 -34.402016519805 67.59200562624315 118.5
0 1 -33.061074434059954 69.66225427849024 108.5
1 0 -2.71606767892998 116.40394032928177 -117.5
1 1 -3.989045416500146 114.44151652963777 -108.0
8023
-------------------New----------------
0 0 -2.3612247280950247 5.578181075114545 118.5
0 1 -7.396891662166074 8.025294512454936 108.5
1 0 -121.27767381128896 63.33930526940126 -117.5
1 1 -116.48599419534123 61.01453178267826 -108.0
8028
-------------------New----------------
0 0 77.48142248347379 36.836214235023874 118.5
0 1 77.08193605196439 40.00216986954628 108.5
1 0 68.06911950218104 111.52094256086232 -117.5
1 1 68.44730048762264 108.51519224328123 -108.0
8029
-------------------New----------------
0 0 10.817382910080552 -91.69887110431307 118.5
0 1 8.744610699992892 -90.54439387202204 108.5
1 0 -38.159228987390364 -64.38968673957783 -117.5
1 1 -36.18960826176693 -65.48949659961946 -108.0
8032
-------------------New----------------
0 0 65.4863574058735 -106.14838479594376 118.5
0 1 65.6604775196104 -106.89283178953788 108.5
1 0 69.60534623819684 -123.71937885067896 -117.5
1 1 69.43952797950382 -123.01178712290084 -108.0
8045
-------------------New----------------
0 0 -86.38086366984707 -68.47268320894729 118.5
0 1 -83.39246740714329 -70.84114863400109 108.5
1 0 -15.7416161011067 -124.59653589769555 -117.5
1 1 -18.589168898137693 -122.3350808962709 -108.0
8050
-------------------New----------------
0 0 -36.881925108671865 30.54905019438083 118.5
0 1 -39.22531881743562 31.211722667294026 108.5
1 0 -92.22286061175095 46.20307734813902 -117.5
1 1 -89.99365854426 45.57419299009834 -108.0
8064
-------------------New----------------
0 0 14.614817370598837 59.93545028423957 118.5
0 1 17.083158732022447 55.16785381928107 108.5
1 0 72.85838414840937 -52.58088870320559 -117.5
1 1 70.5140346651561 -48.0519082759699 -108.0
8075
-------------------New----------------
0 0 -110.01808377177512 -75.07777539510846 118.5
0 1 -109.23947641126861 -76.83909515169597 108.5
1 0 -91.59388557772567 -116.72482971606462 -117.5
1 1 -92.33497562108988 -115.0605999712185 -108.0
8080
-------------------New----------------
0 0 75.23515548734568 70.83032509944509 118.5
0 1 77.19948961399359 70.47245457752813 108.5
1 0 121.54620683103516 62.419037766955555 -117.5
1 1 119.68249374905353 62.75825515761161 -108.0
8086
-------------------New----------------
0 0 2.73709171350811 -17.149062762862116 118.5
0 1 5.322904773953434 -19.41565527304486 108.5
1 0 63.763795338054436 -70.64375315091067 -117.5
1 1 61.30718326601889 -68.49022094982125 -108.0
8090
-------------------New----------------
0 0 -85.59591654159576 50.49611082370527 118.5
0 1 -84.01751103860354 51.29758633350133 108.5
1 0 -48.346246794929826 69.41045009245394 -117.5
1 1 -49.84565088385346 68.64904204379374 -108.0
8099
-------------------New----------------
0 0 55.915855576871024 -21.796859809151822 118.5
0 1 58.11101000618062 -23.416427056465704 108.5
1 0 107.8139036123976 -59.924926647129496 -117.5
1 1 105.72223238692004 -58.39286572756399 -108.0
8102
-------------------New----------------
0 0 -19.601988645361807 -64.30908397224815 118.5
0 1 -19.284183761247746 -63.31809993685537 108.5
1 0 -12.072178922469387 -40.64119098972108 -117.5
1 1 -12.361783317600848 -41.596804622946976 -108.0
8105
-------------------New----------------
0 0 -33.16616020595485 -48.15296049780299 118.5
0 1 -28.47546721560611 -45.196316520789566 108.5
1 0 78.11251634413257 22.36296196642583 -117.5
1 1 73.61849995288047 19.51119396971895 -108.0
8116
-------------------New----------------
0 0 36.85970468126527 75.54465888789669 118.5
0 1 36.93383244126631 74.02625612133295 108.5
1 0 38.49701032435155 39.63422770953026 -117.5
1 1 38.437542333842195 41.08546068964142 -108.0
8134
-------------------New----------------
0 0 -64.96485407394768 22.790824845063554 118.5
0 1 -62.28195490030815 20.438003637785386 108.5
1 0 -1.3616879559240573 -33.71788851655815 -117.5
1 1 -3.935677656231305 -31.4016922182019 -108.0
8143
-------------------New----------------
0 0 -21.72789777807912 23.106244051255114 118.5
0 1 -23.311042169798526 25.67595525917497 108.5
1 0 -58.953002261396946 83.6960166527258 -117.5
1 1 -57.453504297583706 81.25793794458369 -108.0
8149
-------------------New----------------
0 0 -5.421235920418629 41.182354347532886 118.5
0 1 -1.3837513050810206 39.93607065940206 108.5
1 0 89.99069740441395 11.69067468084516 -117.5
1 1 86.15131759884564 12.877570280867081 -108.0
8168
-------------------New----------------
0 0 -89.65676208079117 43.798763127378606 118.5
0 1 -91.07114184562178 43.973615096974626 108.5
1 0 -123.04223748829904 47.91470496280622 -117.5
1 1 -121.69740188186952 47.75009271232484 -108.0
8188
-------------------New----------------
0 0 46.059801575866395 -66.87673530371293 118.5
0 1 40.782838742327 -66.9002577310317 108.5
1 0 -78.48586089301403 -67.40716565980583 -117.5
1 1 -73.47287603630684 -67.38736008971469 -108.0
8193
-------------------New----------------
0 0 21.96018108187895 -56.435725723492055 118.5
0 1 21.59526076469437 -58.32089106608497 108.5
1 0 13.22640438657539 -100.95318691416395 -117.5
1 1 13.573733377616964 -99.15274913030865 -108.0
8194
-------------------New----------------
0 0 105.91048454941381 -6.8481320980002165 118.5
0 1 106.20802472411401 -8.561582732672202 108.5
1 0 112.92574415846366 -47.28545327894293 -117.5
1 1 112.64350469156791 -45.65758148027856 -108.0
8196
-------------------New----------------
0 0 -0.26143190690582935 74.0897064207173 118.5
0 1 2.6907763287948905 75.23434373679679 108.5
1 0 69.41425063411572 101.10531995308033 -117.5
1 1 66.60913669081023 100.01774155844757 -108.0
8203
-------------------New----------------
0 0 73.43134991815629 -110.102742308224 118.5
0 1 70.90917415849249 -109.85660865932172 108.5
1 0 13.955068202941613 -104.25931044375855 -117.5
1 1 16.34728106897689 -104.49573047193289 -108.0
8210
-------------------New----------------
0 0 -20.66933071050755 -1.0588921642934792 118.5
0 1 -22.26217299122247 -5.267824262795375 108.5
1 0 -58.1202695588986 -100.28087707530503 -117.5
1 1 -56.60955528049051 -96.2849677513645 -108.0
8220
-------------------New----------------
0 0 -45.0532954167469 -30.07947860839384 118.5
0 1 -43.10607288766185 -29.04000608451234 108.5
1 0 0.8679532255515718 -5.876435895639152 -117.5
1 1 -0.9731338334199444 -6.863445837299055 -108.0
8230
-------------------New----------------
0 0 28.49625505029801 -63.73094074686198 118.5
0 1 30.12905130633783 -62.47271523117147 108.5
1 0 67.04556656675328 -34.034391857444845 -117.5
1 1 65.49199183704722 -35.22974527689883 -108.0
8236
-------------------New----------------
0 0 -72.03514417227862 -44.25274667757232 118.5
0 1 -68.57633693354782 -45.255916424123804 108.5
1 0 9.464281508709503 -67.73290130306003 -117.5
1 1 6.181854191648066 -66.79319336041024 -108.0
8243
-------------------New----------------
0 0 55.60238095573226 -11.762532301386376 118.5
0 1 53.473583486419145 -12.731921372098657 108.5
1 0 5.399819619351203 -34.602562415092876 -117.5
1 1 7.41866890971454 -33.68435314310487 -108.0
8253
-------------------New----------------
0 0 -50.14174034660286 -56.98478332331714 118.5
0 1 -49.2457309473087 -52.704936889095144 108.5
1 0 -29.015735589117252 44.06450687885717 -117.5
1 1 -29.866975609440225 39.994337065181924 -108.0
8259
-------------------New----------------
0 0 -4.009721582458362 -27.590014786089302 118.5
0 1 -8.493730172515356 -22.93929694648302 108.5
1 0 -109.81622700789595 82.10189830159767 -117.5
1 1 -105.5577320050999 77.68620717709662 -108.0
8274
-------------------New----------------
0 0 -19.956005368955037 13.421664975268914 118.5
0 1 -21.41407822121949 14.16407393587886 108.5
1 0 -54.35447496929288 30.918181456334214 -117.5
1 1 -52.96982395765722 30.2149671424519 -108.0
8275
-------------------New----------------
0 0 77.09637941976824 -89.97022481197259 118.5
0 1 76.9145212385177 -87.85210329262786 108.5
1 0 72.37187494416096 -40.1718636114251 -117.5
1 1 72.5750998494548 -42.17335625564156 -108.0
8283
-------------------New----------------
0 0 14.295050735298227 49.74708187523153 118.5
0 1 15.440547899087212 45.31016372036097 108.5
1 0 41.33384193882512 -54.95959659716914 -117.5
1 1 40.245080952009914 -50.74473214091428 -108.0
8290
-------------------New----------------
0 0 -111.06013872280269 12.298509888121114 118.5
0 1 -114.74896722966284 14.706675204237214 108.5
1 0 38.820281335352036 -91.54540313786623 -117.5
1 1 36.256839676611136 -92.09489797699402 -108.0
8295
-------------------New----------------
0 0 29.387045225317998 -37.9822434778199 118.5
0 1 30.51273778143014 -31.457643335208047 108.5
1 0 55.953234902953724 116.01891972420196 -117.5
1 1 54.88331879971588 109.81724891921813 -108.0
8300
-------------------New----------------
0 0 -1.7757083049014184 -40.08406497940427 118.5
0 1 0.7866295856965122 -41.61992940625505 108.5
1 0 58.51821844035529 -76.11435538546162 -117.5
1 1 56.09671129175156 -74.67124921932995 -108.0
8311
-------------------New----------------
0 0 3.316430335875033 120.55562753930069 118.5
0 1 -1.666313719157674 120.04240206792312 108.5
1 0 -114.29910907538866 108.5796349887258 -117.5
1 1 -109.56437308485101 109.06008226641299 -108.0
8316
-------------------New----------------
0 0 98.47342612228974 -16.251761979759006 118.5
0 1 98.11254167082706 -14.528957584721667 108.5
1 0 89.93329958915088 24.43612794314 -117.5
1 1 90.27699095843127 22.784182767104937 -108.0
8333
-------------------New----------------
0 0 -4.386412806940884 -40.18899576782623 118.5
0 1 0.7103171608541011 -41.92453256346856 108.5
1 0 115.57448138717362 -81.3196876723305 -117.5
1 1 110.74900111435514 -79.65920513464003 -108.0
8334
-------------------New----------------
0 0 -78.68118191942557 64.04060578607951 118.5
0 1 -78.35204995352292 64.94084333436746 108.5
1 0 -70.88190774525386 85.22316277335025 -117.5
1 1 -71.19715217701948 84.37217231385442 -108.0
8351
-------------------New----------------
0 0 22.17462631674446 -53.95802739742955 118.5
0 1 19.495754836671665 -51.19072126524424 108.5
1 0 -41.160721024108895 11.339919217167445 -117.5
1 1 -38.60492646548492 8.715303454750979 -108.0
8355
-------------------New----------------
0 0 38.38789893363034 42.930079118098796 118.5
0 1 36.07492013694752 43.94874962800302 108.5
1 0 -16.208363400366856 66.96556813205555 -117.5
1 1 -14.010105613177762 65.99767726679733 -108.0
8374
-------------------New----------------
0 0 -19.264479747855507 -37.13479780647681 118.5
0 1 -21.259997080951642 -39.66208222830791 108.5
1 0 -66.34188303837374 -96.77259986973806 -117.5
1 1 -64.44592215230846 -94.37371624594087 -108.0
8375
-------------------New----------------
0 0 33.1133880897445 -88.25354924892585 118.5
0 1 37.05818748082784 -86.71346517071564 108.5
1 0 126.20569461189591 -51.905775283756064 -117.5
1 1 122.45839714866204 -53.369045404697246 -108.0
8389
-------------------New----------------
0 0 79.3244099121691 85.63275322998126 118.5
0 1 77.75002079671005 83.74144011329216 108.5
1 0 42.229419605562946 41.044721114060756 -117.5
1 1 43.720576427272974 42.84128867082491 -108.0
8395
-------------------New----------------
0 0 30.615775937386655 -12.164782367062172 118.5
0 1 32.953077454534665 -13.530303221194492 108.5
1 0 85.89846716591613 -44.691916963261164 -117.5
1 1 83.68358220945764 -43.365841322549144 -108.0
8400
-------------------New----------------
0 0 7.478959250625356 51.35989003447603 118.5
0 1 5.107813772607401 50.12792127665328 108.5
1 0 -48.41345959047928 22.283667787347508 -117.5
1 1 -46.16802907697838 23.45312407202947 -108.0
8407
-------------------New----------------
0 0 -87.46170403449428 -39.185815853990306 118.5
0 1 -85.8472897013942 -33.568755837826096 108.5
1 0 -49.32182319500454 93.65525746383273 -117.5
1 1 -50.85513875238757 88.30296356038795 -108.0
8435
-------------------New----------------
0 0 -26.289876442536656 105.11857315413481 118.5
0 1 -27.964499459307127 104.20203365503735 108.5
1 0 -65.75818724537967 83.44641475522629 -117.5
1 1 -64.17087718655242 84.3202669381387 -108.0
8436
-------------------New----------------
0 0 18.139224023351474 30.14442509157389 118.5
0 1 15.36485634580239 25.109695656801076 108.5
1 0 -47.24105749174437 -88.56685361399263 -117.5
1 1 -44.61252098314898 -83.79393807338984 -108.0
8440
-------------------New----------------
0 0 87.76808829821115 83.47479727507533 118.5
0 1 88.5477734266333 82.29268058812484 108.5
1 0 106.18860121424628 55.58349114639348 -117.5
1 1 105.44713583671339 56.705015138525674 -108.0
8452
-------------------New----------------
0 0 -27.58395850313027 11.567981912179091 118.5
0 1 -22.61285294621124 7.750391358901609 108.5
1 0 89.6831029902142 -78.46572881485395 -117.5
1 1 84.96475601980973 -74.8442738219002 -108.0
8455
-------------------New----------------
0 0 94.20430578221134 9.464354397061372 118.5
0 1 94.06941832078871 6.601357409807465 108.5
1 0 91.27301330679693 -57.93083323788818 -117.5
1 1 91.37977572961435 -55.224753171366764 -108.0
8457
-------------------New----------------
0 0 -6.248739360348835 7.958396116812094 118.5
0 1 -6.563259450228446 2.3745154360941156 108.5
1 0 -13.604361509965937 -123.90409875249911 -117.5
1 1 -13.309419971145886 -118.59830465194189 -108.0
8469
-------------------New----------------
0 0 35.26829540360433 -37.25728028900606 118.5
0 1 35.7866930277347 -39.82078140662625 108.5
1 0 47.50350412505328 -97.73854771444208 -117.5
1 1 47.01138446265111 -95.30450271682699 -108.0
8474
-------------------New----------------
0 0 -38.67540851197909 80.52487713230416 118.5
0 1 -33.481098597203896 81.11997809848401 108.5
1 0 83.7901867811666 94.50502078170817 -117.5
1 1 78.86271426756015 93.93926987885985 -108.0
8482
-------------------New----------------
0 0 39.342977633413895 -47.43025490269436 118.5
0 1 37.5494516486613 -42.14986445840727 108.5
1 0 -3.047253606458881 77.25264898924056 -117.5
1 1 -1.3363972450089985 72.23154058993754 -108.0
8486
-------------------New----------------
0 0 -27.427186727725587 -107.8210836288512 118.5
0 1 -25.183749648075157 -106.49417901103911 108.5
1 0 25.54351043478416 -76.5954386369951 -117.5
1 1 23.41044322801423 -77.84960599488734 -108.0
8490
-------------------New----------------
0 0 -75.783228052885 29.416325368706975 118.5
0 1 -73.53950297942784 31.896411317922997 108.5
1 0 -22.83725472158854 87.93589026262048 -117.5
1 1 -24.968383841100806 85.57986388013128 -108.0
8503
-------------------New----------------
0 0 37.282323161053625 -0.6067354880149773 118.5
0 1 38.30612446144602 -4.380049574496449 108.5
1 0 61.686220017981 -89.86743469369796 -117.5
1 1 60.70146308266717 -86.27210884304513 -108.0
8510
-------------------New----------------
0 0 32.76290958328366 10.797360852730357 118.5
0 1 31.958057965671053 8.169566646149526 108.5
1 0 13.806174847640452 -51.20729921389709 -117.5
1 1 14.567217899834123 -48.711597893156856 -108.0
8512
-------------------New----------------
0 0 -33.399965277860886 88.1356248376063 118.5
0 1 -34.984138501118125 86.5800490143333 108.5
1 0 -70.37385670360887 51.53640705545892 -117.5
1 1 -68.9041213057678 53.00834266162836 -108.0
8513
-------------------New----------------
0 0 -84.8169774318541 50.62117675365035 118.5
0 1 -85.29144107204391 47.81956622098185 108.5
1 0 -96.11284664997902 -15.284371041699313 -117.5
1 1 -95.65070942085353 -12.631912158517821 -108.0
8522
-------------------New----------------
0 0 -13.978690908037345 13.923974723201463 118.5
0 1 -8.578121265158705 13.739755205059376 108.5
1 0 113.4773431999314 9.591800424274188 -117.5
1 1 108.34652256753307 9.766521804761018 -108.0
8524
-------------------New----------------
0 0 -49.549697194816325 -40.186761149600436 118.5
0 1 -51.06762984956379 -38.99823444656817 108.5
1 0 -85.36449195855808 -12.149542662224428 -117.5
1 1 -83.92328082075386 -13.277533218718514 -108.0
8527
-------------------New----------------
0 0 0.7593494526995161 -17.060890421491656 118.5
0 1 -1.6654833387450438 -16.989479645790638 108.5
1 0 -56.45608944923784 -15.363939551888976 -117.5
1 1 -54.15976964287961 -15.430277062384278 -108.0
8537
-------------------New----------------
0 0 -11.314912663625337 96.61966540553935 118.5
0 1 -11.067042640862224 97.39376147292616 108.5
1 0 -5.458766654886807 114.9879745524086 -117.5
1 1 -5.694078377622356 114.24777592711214 -108.0
8541
-------------------New----------------
0 0 -80.70542479108812 43.79553104411235 118.5
0 1 -77.60453175118965 47.1710520635156 108.5
1 0 -7.709607957541209 123.49282196254076 -117.5
1 1 -10.648263233657 120.28867226168245 -108.0
8544
-------------------New----------------
0 0 -38.55020105800819 -105.2272523953483 118.5
0 1 -36.30467244540749 -104.41338663425783 108.5
1 0 14.320275359972902 -86.02696814757803 -117.5
1 1 12.188476271962038 -86.80161644877565 -108.0
8555
-------------------New----------------
0 0 69.51427576036818 110.24399436236345 118.5
0 1 68.83097904448566 109.9405693540322 108.5
1 0 53.40809325723651 103.07701682632857 -117.5
1 1 54.05664426512188 103.36536480664317 -108.0
8559
-------------------New----------------
0 0 42.842212488164805 -75.0759450478296 118.5
0 1 38.98974674142425 -75.78095615026044 108.5
1 0 -48.15926457558036 -91.7207033993608 -117.5
1 1 -44.49445860508556 -91.05220062384566 -108.0
8560
-------------------New----------------
0 0 -39.60889810640991 35.529292014871594 118.5
0 1 -40.74806023507968 37.252835651197344 108.5
1 0 -66.5133404746592 76.18032904480495 -117.5
1 1 -65.42764163420587 74.54265452150256 -108.0
8565
-------------------New----------------
0 0 72.17663984903163 84.67494557844205 118.5
0 1 75.70400234698465 83.5757184762041 108.5
1 0 -10.205969381114116 98.76879253620285 -117.5
1 1 -7.8864431431240245 98.67910635859701 -108.0
8577
-------------------New----------------
0 0 36.8368842419897 6.102317769489125 118.5
0 1 39.34881473485426 10.067471432647556 108.5
1 0 96.07552822159796 99.78561536438269 -117.5
1 1 93.69801242216076 96.01333766998918 -108.0
8588
-------------------New----------------
0 0 -85.30045456059011 59.87395899200338 118.5
0 1 -85.09976574122774 61.53327141981521 108.5
1 0 -80.50950473302535 98.99766395562092 -117.5
1 1 -80.70423600763776 97.42250690779376 -108.0
8600
-------------------New----------------
0 0 -58.26266617943541 45.68961189240703 118.5
0 1 -56.54252740838615 44.429207044967015 108.5
1 0 -17.688667391979298 15.938944702921082 -117.5
1 1 -19.322177373285655 17.13593155243236 -108.0
8611
-------------------New----------------
0 0 -7.621975449869838 54.69602056345784 118.5
0 1 -12.116982584945605 56.28591251444345 108.5
1 0 -113.65994191149476 92.36592050960112 -117.5
1 1 -109.39862842401908 90.84631187072918 -108.0
8613
-------------------New----------------
0 0 -72.44448111982801 97.21056199747018 118.5
0 1 -71.67862286906994 98.08764722445292 108.5
1 0 -54.34457702061464 117.87968579311925 -117.5
1 1 -55.07132943713326 117.04096883134332 -108.0
8629
-------------------New----------------
0 0 54.245377470488414 -30.430741788009374 118.5
0 1 55.21037791054732 -32.92719385121548 108.5
1 0 77.17698294579857 -89.26598747082194 -117.5
1 1 76.24546005326484 -86.90168458840108 -108.0
8631
-------------------New----------------
0 0 29.085353783329545 21.289326720563913 118.5
0 1 23.60509212911678 18.055798950519478 108.5
1 0 -100.25009381032368 -55.02047774485313 -117.5
1 1 -95.04347759752243 -51.94842248013954 -108.0
8633
-------------------New----------------
0 0 15.983956045250576 40.49473287791602 118.5
0 1 14.384292227617141 40.968189150605824 108.5
1 0 -21.848491262323094 51.51109115285785 -117.5
1 1 -20.32387353342801 51.070672364939966 -108.0
8635
-------------------New----------------
0 0 11.554889699559961 -71.0565427768525 118.5
0 1 9.73032447158947 -68.39128976533513 108.5
1 0 -32.19031139675007 -7.970175897264565 -117.5
1 1 -30.41719142879497 -10.510715691869782 -108.0
8636
-------------------New----------------
0 0 117.04218976947831 -31.36105851933804 118.5
0 1 117.24490945432822 -30.44400322372565 108.5
1 0 121.82355127535827 -9.719924476587359 -117.5
1 1 121.63131462438257 -10.590935056637463 -108.0
8640
-------------------New----------------
0 0 -7.4022871849720175 5.907986029840989 118.5
0 1 -4.921889659113546 5.57736316472712 108.5
1 0 51.14261904060579 -1.9688811553644623 -117.5
1 1 48.78461885063892 -1.6522458025632016 -108.0
8642
-------------------New----------------
0 0 38.86899084671237 19.09107391090209 118.5
0 1 41.64016372805257 16.05725982065109 108.5
1 0 104.2057714697207 -52.44595969896144 -117.5
1 1 101.57884574218939 -49.568972032221595 -108.0
8643
-------------------New----------------
0 0 -41.67269727731089 -14.377959989905127 118.5
0 1 -39.79264543049037 -15.711648376484664 108.5
1 0 2.6811406378038534 -45.80619532032361 -117.5
1 1 0.8977293761100988 -44.544349797455425 -108.0
8644
-------------------New----------------
0 0 124.07006254925795 -13.221670037777525 118.5
0 1 123.85046163172615 -15.617626434278677 108.5
1 0 118.94647393446928 -69.8704146432152 -117.5
1 1 119.15790357960945 -67.59601152703172 -108.0
8645
-------------------New----------------
0 0 -51.423668748509826 -11.662784154703305 118.5
0 1 -53.35384399001664 -14.128185103967644 108.5
1 0 -96.90465179487032 -69.81019057184204 -117.5
1 1 -95.08131099352424 -67.47047603611061 -108.0
8653
-------------------New----------------
0 0 5.4754417319780595 11.782932909131823 118.5
0 1 7.667834417127239 12.902673492813218 108.5
1 0 57.033864120599915 38.19224066035555 -117.5
1 1 54.96469083129547 37.13188508715904 -108.0
8655
-------------------New----------------
0 0 66.35649565757551 67.20784957001773 118.5
0 1 67.52580475924438 65.425481197667 108.5
1 0 93.96378747544934 25.153847242212276 -117.5
1 1 92.85253080314975 26.846458135938597 -108.0
8663
-------------------New----------------
0 0 57.47944916559125 -0.2822738676302746 118.5
0 1 57.692195814947205 -0.26066639071730136 108.5
1 0 62.59252600431628 0.10485112117558551 -117.5
1 1 62.37690368105874 0.08187115333618573 -108.0
8671
-------------------New----------------
0 0 9.609253858426396 -45.65011689464852 118.5
0 1 3.9483711207431313 -47.990117714954906 108.5
1 0 -124.03697481011946 -100.82512033790178 -117.5
1 1 -118.65813226133544 -98.6047756977803 -108.0
8685
-------------------New----------------
0 0 -50.51630407988896 28.35193414400222 118.5
0 1 -53.36650095410725 32.186537836342154 108.5
1 0 -117.86149406193772 118.83322384773066 -117.5
1 1 -115.1498835814418 115.18893842665129 -108.0
8689
-------------------New----------------
0 0 -22.608290242930504 -4.615107793071614 118.5
0 1 -25.364049541518607 -6.611224495539778 108.5
1 0 -87.65737425439777 -51.78850869678727 -117.5
1 1 -85.03926041447384 -49.89159815120517 -108.0
8700
-------------------New----------------
0 0 6.730795675293796 -68.69176648844669 118.5
0 1 8.956393780251169 -69.93537606400338 108.5
1 0 59.09930200657226 -98.55340315109021 -117.5
1 1 56.98119795362048 -97.33740215664196 -108.0
8702
-------------------New----------------
0 0 62.560761429672866 -19.397587189181714 118.5
0 1 64.87187204530049 -20.338662862437875 108.5
1 0 117.11454914777741 -41.603638219502514 -117.5
1 1 114.91829186459117 -40.710186344576876 -108.0
8705
-------------------New----------------
0 0 -43.1197849541756 109.83562223759013 118.5
0 1 -44.31890678751428 109.48923466295176 108.5
1 0 -71.41905330577542 101.67505285805203 -117.5
1 1 -70.27939849560832 102.00436116796966 -108.0
8706
-------------------New----------------
0 0 -61.9855106956245 29.901379611195416 118.5
0 1 -62.736677276614614 28.856306869473535 108.5
1 0 -79.72085744347558 5.24022533117425 -117.5
1 1 -79.0067716461745 6.232438881207481 -108.0
8710
-------------------New----------------
0 0 25.523064728086034 -30.46319024756253 118.5
0 1 24.71835686202125 -34.238299590032724 108.5
1 0 6.019709248804175 -119.21615874480146 -117.5
1 1 6.796581093924462 -115.63181176705196 -107.99999999999997
8714
-------------------New----------------
0 0 -85.64195068412843 66.4398737662463 118.5
0 1 -84.32951700823041 65.14985100085627 108.5
1 0 -54.83723046861396 35.8582638779393 -117.5
1 1 -56.07808147683265 37.093682565420245 -108.0
8716
-------------------New----------------
0 0 -4.899199468407668 -86.43653644211784 118.5
0 1 -5.914968548608523 -85.33895378938661 108.5
1 0 -28.873271202923387 -60.53608807552185 -117.5
1 1 -27.908783190168805 -61.578599724745004 -108.0
8717
-------------------New----------------
0 0 -68.20094285412294 77.27619044058297 118.5
0 1 -69.44891790764136 74.4734825561694 108.5
1 0 -97.64829680098306 11.145931810518652 -117.5
1 1 -96.46340571709814 13.807372387758553 -108.0
8728
-------------------New----------------
0 0 17.500683537339775 14.373727350263398 118.5
0 1 11.33016817905058 9.523058739708171 108.5
1 0 -127.9304410785644 -100.04125907966662 -117.5
1 1 -122.08941673709217 -95.44021274047216 -108.0
8732
-------------------New----------------
0 0 -8.74784278260839 53.52076575750006 118.5
0 1 -9.078710479826684 51.957033000965154 108.5
1 0 -16.68048562581503 16.628887677305315 -117.5
1 1 -16.3482209198608 18.09770140285296 -108.0
8735
-------------------New----------------
0 0 -89.23475157052282 -16.11739201705494 118.5
0 1 -87.96019697902796 -12.020727932702368 108.5
1 0 -58.9520838303976 80.42656836602393 -117.5
1 1 -60.164334885191735 76.5526549099894 -108.0
8738
-------------------New----------------
0 0 -50.29444945044504 34.01832359251436 118.5
0 1 -49.46747727629429 32.12892883187338 108.5
1 0 -30.766065607148967 -10.595959840438415 -117.5
1 1 -31.552498411377165 -8.799290361503271 -108.0
8739
-------------------New----------------
0 0 50.81852814623887 -73.78213183901417 118.5
0 1 52.50296547216466 -71.29722283536596 108.5
1 0 90.59148567556576 -15.135185855412937 -117.5
1 1 88.98984636193173 -17.495402468748715 -108.0
8740
-------------------New----------------
0 0 -32.737454477923606 -38.60775655041591 118.5
0 1 -29.623590525263587 -37.01150052003525 108.5
1 0 40.786033292316574 -0.9484671669473977 -117.5
1 1 37.824873216972875 -2.466451813921245 -108.0
8751
-------------------New----------------
0 0 -60.69628611060275 -120.19815574643023 118.5
0 1 -57.32190490740745 -119.97101286974478 108.5
1 0 18.866809786793763 -114.81357526153624 -117.5
1 1 15.66761043860846 -115.03069120983989 -108.0
8752
-------------------New----------------
0 0 88.56599944687161 44.739899776755465 118.5
0 1 87.0571015450878 44.380450627951504 108.5
1 0 52.93981461959784 36.356811965915796 -117.5
1 1 54.376437202702846 36.70339087652936 -108.0
8761
-------------------New----------------
0 0 60.26977109769674 -8.477298649924318 118.5
0 1 59.839182532780384 -6.786861960381553 108.5
1 0 49.95599707729964 31.482885133185995 -117.5
1 1 50.378132051020614 29.872562682688788 -108.0
8763
-------------------New----------------
0 0 -10.877261927103543 15.053320539851583 118.5
0 1 -12.256182673070589 9.344890094583151 108.5
1 0 -43.307812777856256 -120.1484726421731 -117.5
1 1 -41.99699693789843 -114.69334515504802 -108.0
8767
-------------------New----------------
0 0 -71.5930340055001 -25.758942667145607 118.5
0 1 -69.73526615004481 -25.09882476983657 108.5
1 0 -27.784299735623858 -10.113154208024685 -117.5
1 1 -29.54612235894577 -10.745146462640303 -108.0
8778
-------------------New----------------
0 0 -79.4932681155823 0.08273072132701476 118.5
0 1 -76.711722219848 5.1438668523619 108.5
1 0 -13.858812812757161 119.54419916195002 -117.5
1 1 -16.500430485404177 114.73470072019818 -108.0
8791
-------------------New----------------
0 0 -14.14360262095548 78.38419684571817 118.5
0 1 -9.996325005956178 76.90508382298935 108.5
1 0 83.59562830361386 43.453157461487336 -117.5
1 1 79.66128956049565 44.85753130145237 -108.0
8800
-------------------New----------------
0 0 -49.67234023391623 -79.61104373840388 118.5
0 1 -47.483823144082905 -76.82922350503303 108.5
1 0 1.8926589027495673 -13.95190423404693 -117.5
1 1 -0.18666772127485087 -16.59720074122693 -108.0
8802
-------------------New----------------
0 0 75.65217848734213 15.730021059609555 118.5
0 1 77.02745822365485 18.60076165869709 108.5
1 0 108.11237737110187 83.45701540664642 -117.5
1 1 106.80671184076718 80.73043705681887 -108.0
8810
-------------------New----------------
0 0 -16.400362746819063 2.701069405198134 118.5
0 1 -13.96221718535351 -0.22846147568310507 108.5
1 0 41.36964467354889 -66.65131703426705 -117.5
1 1 39.06933351286188 -63.87425707597149 -108.0
8814
-------------------New----------------
0 0 -37.588119307663405 4.8213293940219675 118.5
0 1 -39.587195358100516 2.542129014443414 108.5
1 0 -84.74391904266035 -48.97260642650803 -117.5
1 1 -82.85001412008467 -46.807799553436 -108.0
8816
-------------------New----------------
0 0 -115.72914367641621 -5.863341572060829 118.5
0 1 -115.11836056442822 -2.3427921449166145 108.5
1 0 -101.40204535039263 77.25067732912663 -117.5
1 1 -101.97937593042178 73.90086786412198 -108.0
8827
-------------------New----------------
0 0 -11.899756455313163 -40.44988513880084 118.5
0 1 -16.326393018348973 -37.31954599081549 108.5
1 0 -116.44879117888256 33.3678400521579 -117.5
1 1 -112.23344588234025 30.397328048113906 -108.0
8830
-------------------New----------------
0 0 -3.1358977369452177 96.69555483813357 118.5
0 1 -5.676900473304466 96.47082176653504 108.5
1 0 -63.131709866159724 91.3826422700071 -117.5
1 1 -60.71489700899998 91.59565703107224 -108.0
8832
-------------------New----------------
0 0 -58.35496564192498 -48.254065767183896 118.5
0 1 -57.74627368130753 -46.18194419147675 108.5
1 0 -43.93923241990157 0.609180303838649 -117.5
1 1 -44.52130002713834 -1.3554637267388352 -108.0
8833
-------------------New----------------
0 0 -22.015069237271867 93.93522940123438 118.5
0 1 -16.29893893989112 91.47657031695574 108.5
1 0 112.81791497226763 35.8973883756893 -117.5
1 1 107.3938448561451 38.234770831651524 -108.0
8834
-------------------New----------------
0 0 -83.9424880355162 -89.5770997165807 118.5
0 1 -82.7315976857649 -90.8097007841989 108.5
1 0 -55.32589092305405 -118.74529600484682 -117.5
1 1 -56.47014468782413 -117.56855512868803 -108.0
8839
-------------------New----------------
0 0 -65.70520021106618 -16.99790798536072 118.5
0 1 -64.93536849413223 -18.034476259160236 108.5
1 0 -47.44310016017501 -41.50455229286088 -117.5
1 1 -48.178521660825965 -40.512642186295025 -108.0
8847
-------------------New----------------
0 0 1.021956233841435 92.92183745795082 118.5
0 1 -0.09213198165382633 92.86682605888195 108.5
1 0 -25.246949522512182 91.37688731735412 -117.5
1 1 -24.18768884684986 91.44659805675285 -108.0
8855
-------------------New----------------
0 0 47.25799331037955 -77.15682091633299 118.5
0 1 45.99302301819411 -78.36121093885252 108.5
1 0 17.428093834294643 -105.57850899614478 -117.5
1 1 18.628956056597346 -104.4349664354183 -108.0
8859
-------------------New----------------
0 0 23.25798031947027 63.244942108215284 118.5
0 1 27.416829323127764 60.31089060948832 108.5
1 0 121.39673954325349 -5.974349861277281 -117.5
1 1 117.44373209515615 -3.1876359065388855 -108.0
8861
-------------------New----------------
0 0 -90.24220551894192 -60.42578804094116 118.5
0 1 -87.70881447392819 -62.98255349579019 108.5
1 0 -30.469785852253768 -120.7466655961143 -117.5
1 1 -32.87442289980815 -118.31984099010371 -108.0
8867
-------------------New----------------
0 0 -98.17052978632489 -9.80175950103513 118.5
0 1 -98.10607219487814 -9.300205392961345 108.5
1 0 -96.57875477606461 2.2967438240159392 -117.5
1 1 -96.65472686819045 1.8104150725669925 -108.0
8871
-------------------New----------------
0 0 -47.61850822879318 -9.806206867233104 118.5
0 1 -47.43273846664147 -13.23883929293556 108.5
1 0 -43.18891606359558 -90.79322223489717 -117.5
1 1 -43.37018583498222 -87.53417060761558 -108.0
8873
-------------------New----------------
0 0 39.37510081636495 -51.39207457576606 118.5
0 1 41.56923902273976 -52.66734085353126 108.5
1 0 91.22363550444469 -81.42951709563442 -117.5
1 1 89.14004157458051 -80.21579116232033 -108.0
8874
-------------------New----------------
0 0 20.66146102076024 -73.43628005747681 118.5
0 1 19.111599534920156 -72.45018956692232 108.5
1 0 -16.617268115176905 -50.58187146834443 -117.5
1 1 -15.085561037599557 -51.469736974863416 -108.0
8877
-------------------New----------------
0 0 -71.30039222788346 9.20000465320449 118.5
0 1 -67.46916221082569 8.886785899535123 108.5
1 0 19.174526367106175 1.8042964543179678 -117.5
1 1 15.530726177706024 2.101431523491155 -108.0
8878
-------------------New----------------
0 0 -84.58345694479816 24.20569244676796 118.5
0 1 -85.40625577600693 25.032740200210625 108.5
1 0 -108.04614533337622 41.34762133790797 -117.5
1 1 -106.98381016042602 40.654702138082705 -108.0
8879
-------------------New----------------
0 0 -18.08707707086212 114.92647585976256 118.5
0 1 -21.052490155436764 115.14405565293866 108.5
1 0 -88.03745021779169 120.07128578440079 -117.5
1 1 -85.22318949901499 119.86440623098261 -108.0
8883
-------------------New----------------
0 0 0.5490653617024641 38.24355800415161 118.5
0 1 4.496938240835063 37.687040054958615 108.5
1 0 93.71846236159422 25.123506645616285 -117.5
1 1 89.96870286478449 25.650122545024697 -108.0
8890
-------------------New----------------
0 0 86.48154835068036 -108.28292942201881 118.5
0 1 85.51869716702247 -108.87945022276335 108.5
1 0 63.76241801895786 -122.3598635084999 -117.5
1 1 64.67823806428251 -121.79299255877588 -108.0
8901
-------------------New----------------
0 0 23.74560740221488 0.9011330384854848 118.5
0 1 26.544487455800947 1.3832896412886533 108.5
1 0 89.79159480343638 12.339530868557436 -117.5
1 1 87.13358704850579 11.876145992078731 -108.0
8903
-------------------New----------------
0 0 -1.3386622741463852 -20.854037349377474 118.5
0 1 -2.405675630237539 -20.42794544375996 108.5
1 0 -26.469823505894055 -10.78333960850261 -117.5
1 1 -25.459931346843675 -11.189310928261232 -108.0
8915
-------------------New----------------
0 0 -2.152072844165935 2.5013210476242262 118.5
0 1 -4.871183110862491 -1.2450700032183697 108.5
1 0 -66.24046595247778 -85.965666088621 -117.5
1 1 -63.66133919116329 -82.40562409960873 -108.0
8924
-------------------New----------------
0 0 6.2570260333536485 27.84389638618215 118.5
0 1 10.158867915995732 25.133849027412438 108.5
1 0 98.84401416669482 -36.17517923561718 -117.5
1 1 95.0844040521219 -33.59535547029883 -108.0
8931
-------------------New----------------
0 0 69.2131211391996 -6.913779036228512 118.5
0 1 68.17264790131813 -6.2396239149624595 108.5
1 0 44.607635396772565 9.00486236609677 -117.5
1 1 45.6016779856817 8.356751932614953 -108.0
8933
-------------------New----------------
0 0 51.80050535804876 66.62686538703056 118.5
0 1 53.472713837916025 64.29099467090563 108.5
1 0 91.13583554383521 11.574329125743693 -117.5
1 1 89.5569688012732 13.787137445674656 -108.0
8936
-------------------New----------------
0 0 -67.69757105104021 -73.00586638460649 118.5
0 1 -69.04237312002326 -73.71024144873978 108.5
1 0 -99.44431905346106 -89.66902839550701 -117.5
1 1 -98.16824373303831 -88.99665180748396 -108.0
8943
-------------------New----------------
0 0 109.02253987801346 -50.379895226530024 118.5
0 1 108.59480547129928 -51.4951006785311 108.5
1 0 98.99694246635248 -76.64632046754464 -117.5
1 1 99.40033583651208 -75.5884054278663 -108.0
8948
-------------------New----------------
0 0 57.64695145962687 33.92533336908504 118.5
0 1 59.7201479566411 31.12124518209621 108.5
1 0 106.41791427978164 -32.29628184682151 -117.5
1 1 104.46477387114676 -29.64490960206834 -108.0
8954
-------------------New----------------
0 0 -31.124058713174612 42.57868016495718 118.5
0 1 -32.75315338013428 37.82305851423869 108.5
1 0 -68.64985775878924 -67.02366700962183 -117.5
1 1 -67.13250617557081 -62.619341682522794 -108.0
8962
-------------------New----------------
0 0 -27.64144987579932 -53.800595317839985 118.5
0 1 -30.325720334280923 -54.61721093343232 108.5
1 0 -90.9733202759032 -73.06454521485571 -117.5
1 1 -88.42469618662905 -72.28910189658784 -108.0
8971
-------------------New----------------
0 0 57.7181310683881 -41.9018663697455 118.5
0 1 58.53153985521948 -35.71423295426404 108.5
1 0 76.84623940874641 103.97452134082161 -117.5
1 1 76.08194538396185 98.10446805031206 -108.0
8972
-------------------New----------------
0 0 10.020030899475374 -59.461587110170264 118.5
0 1 6.696880168823585 -57.67649596941609 108.5
1 0 -68.40156048571885 -17.299578053750533 -117.5
1 1 -65.25050498781383 -18.991793686211288 -108.0
8973
-------------------New----------------
0 0 90.46398588657193 -7.824653010604353 118.5
0 1 91.40513796950458 -10.383011775685537 108.5
1 0 112.69504237085066 -68.20405636380826 -117.5
1 1 111.80119568739394 -65.77164298613411 -108.0
8980
-------------------New----------------
0 0 -24.975674751478543 -49.56056063374684 118.5
0 1 -22.763144401270107 -48.53586873027183 108.5
1 0 27.17648926982263 -25.464697791941322 -117.5
1 1 25.075856391624576 -26.426043689254254 -108.0
8983
-------------------New----------------
0 0 52.961266534760156 29.91146152897743 118.5
0 1 55.32432476070094 32.99455907097471 108.5
1 0 108.74865873381233 102.67032992045628 -117.5
1 1 106.50067853693201 99.74014323239116 -108.0
8985
-------------------New----------------
0 0 -7.163072067765869 68.94457222811262 118.5
0 1 -9.169926311022152 70.13545297024119 108.5
1 0 -54.4527704327766 97.10050425232983 -117.5
1 1 -52.55375876054738 95.96291914422982 -108.0
8999
-------------------New----------------
0 0 -55.18444210647552 42.8917940553308 118.5
0 1 -54.95238694520549 42.68483880574555 108.5
1 0 -49.709790064386354 37.924992771680465 -117.5
1 1 -49.930833011216336 38.12595119993666 -108.0
9000
-------------------New----------------
0 0 -35.491919707413004 -116.58089828896493 118.5
0 1 -31.903697773307755 -116.82006596474575 108.5
1 0 49.18035878947403 -122.26009743041053 -117.5
1 1 45.773548208803035 -122.03074838681076 -108.0
9005
-------------------New----------------
0 0 7.446063691906315 -93.7587616883578 118.5
0 1 10.936933705831283 -92.58372165668652 108.5
1 0 89.82954899231757 -66.03462067160841 -117.5
1 1 86.51338336792844 -67.15044466429546 -108.0
9012
-------------------New----------------
0 0 65.24511304729093 -9.777219327764763 118.5
0 1 64.15969033437716 -7.306504804862897 108.5
1 0 39.63308452634928 48.54496647597273 -117.5
1 1 40.663524797352125 46.19638112319005 -108.0
9013
-------------------New----------------
0 0 17.096223370365582 -41.100759239568795 118.5
0 1 12.635936469633693 -42.39148663191307 108.5
1 0 -88.1804092847998 -71.80730762641622 -117.5
1 1 -83.93866466537453 -70.5668621398701 -108.0
9034
-------------------New----------------
0 0 45.99386043595469 9.256196994218755 118.5
0 1 48.57244407140969 13.809847572193968 108.5
1 0 106.81659386831639 116.72256179945926 -117.5
1 1 104.36930648507646 112.39617650753924 -108.0
9052
-------------------New----------------
0 0 -11.747170532143006 61.02306247595925 118.5
0 1 -14.424980172599849 60.90222341841347 108.5
1 0 -74.94053737487519 58.19117832633714 -117.5
1 1 -72.39727576488542 58.30476637717438 -108.0
9061
-------------------New----------------
0 0 115.01010914532723 -35.90137753937087 118.5
0 1 114.37936474160126 -37.72625982246306 108.5
1 0 100.09656378038319 -78.96440177680753 -117.5
1 1 100.69900800990662 -77.22912461153405 -108.0
9072
-------------------New----------------
0 0 -59.0732719639174 31.41549082900105 118.5
0 1 -59.26611467488624 33.386281217032874 108.5
1 0 -63.593364484629106 77.98354358940774 -117.5
1 1 -63.411169331769386 76.11829692442437 -108.0
9077
-------------------New----------------
0 0 66.57260853610022 74.4850403896285 118.5
0 1 63.40598648105525 74.10970286815369 108.5
1 0 -7.989307159462595 65.69338904884144 -117.5
1 1 -4.993393890161543 66.04973220791166 -108.0
9078
-------------------New----------------
0 0 -29.033486235166475 105.27587317892956 118.5
0 1 -28.455396407852938 104.6015718402494 108.5
1 0 -15.358802368969851 89.30075476305917 -117.5
1 1 -15.910441961397208 89.94709864755774 -108.0
9080
-------------------New----------------
0 0 -16.188363981377982 -48.01107597987208 118.5
0 1 -20.645290524229956 -45.01208964257431 108.5
1 0 -122.07570374796217 22.909504749887446 -117.5
1 1 -117.77453922549239 20.044898309542464 -108.0
9084
-------------------New----------------
0 0 2.1239133212281573 36.30947421823745 118.5
0 1 4.284025485083404 33.53824733708704 108.5
1 0 53.457397989036124 -29.373751825272343 -117.5
1 1 51.38628246979873 -26.728850300391183 -108.0
9085
-------------------New----------------
0 0 16.39805399439505 -0.5894962875295453 118.5
0 1 14.816499238793961 1.2700567230278534 108.5
1 0 -20.31756313549713 43.047921772431934 -117.5
1 1 -18.881420929933565 41.2945297271627 -108.0
9093
-------------------New----------------
0 0 31.676697492703 9.163091417744864 118.5
0 1 27.20207837396992 7.1478712484735665 108.5
1 0 -73.89021428600685 -38.40079175985612 -117.5
1 1 -69.64144957894746 -36.486999714153356 -108.0
9106
-------------------New----------------
0 0 90.9653380188141 55.96987031321046 118.5
0 1 91.5858545087718 51.99506571385209 108.5
1 0 105.60014254451328 -37.821242707208995 -117.5
1 1 105.01035388987643 -34.045476683261526 -108.0
9107
-------------------New----------------
0 0 -14.979027760428654 22.97490484356802 118.5
0 1 -9.407260824935403 17.71344859613074 108.5
1 0 116.52791902576465 -101.1951448923751 -117.5
1 1 111.23366032645 -96.19669061729975 -108.0
9117
-------------------New----------------
0 0 36.23893054124414 8.194937600981298 118.5
0 1 34.35531307850523 9.719289564511111 108.5
1 0 -8.016790074320273 44.13214866159865 -117.5
1 1 -6.240809657407171 42.68436399005284 -108.0
9119
-------------------New----------------
0 0 13.934410955879986 -43.05314152078925 118.5
0 1 17.87892545077822 -42.394926617760994 108.5
1 0 106.96880572726164 -27.479663165981087 -117.5
1 1 103.22889611519604 -28.104491116277348 -108.0
9120
-------------------New----------------
0 0 -0.12149065671534096 -95.35141151283523 118.5
0 1 2.7789168041965615 -95.05384399934023 108.5
1 0 68.1623085998627 -88.29996913501152 -117.5
1 1 65.42183937881019 -88.58320996453133 -108.0
9123
-------------------New----------------
0 0 46.02127806617202 60.82806094454115 118.5
0 1 47.42710975932755 59.23106306702831 108.5
1 0 79.08380211041631 23.159266566394788 -117.5
1 1 77.75736424994383 24.67226218003021 -108.0
9124
-------------------New----------------
0 0 -36.034850411274306 -77.16585241430977 118.5
0 1 -35.49413191901374 -79.04107388044568 108.5
1 0 -23.959690677049835 -121.72635817633906 -117.5
1 1 -24.396852169085665 -119.90192512290196 -108.0
9129
-------------------New----------------
0 0 10.998616525022555 89.6474010690403 118.5
0 1 13.656544896697321 89.94535679268259 108.5
1 0 73.74743076393972 96.80600078295046 -117.5
1 1 71.21903589419101 96.51545940917649 -108.0
9136
-------------------New----------------
0 0 75.09080683008554 15.215159632181582 118.5
0 1 75.43764946769124 13.513357421241613 108.5
1 0 83.2560385313449 -24.958470317819724 -117.5
1 1 82.92819670442172 -23.341682221199317 -108.0
9137
-------------------New----------------
0 0 68.42321215923002 -99.26382215501016 118.5
0 1 65.91118250893675 -98.7650094916664 108.5
1 0 9.17424911670739 -87.46517543274375 -117.5
1 1 11.547081051926964 -87.93572184178352 -108.0
9144
-------------------New----------------
0 0 46.55961811130909 106.65016168049287 118.5
0 1 48.54094744888134 107.5070958635805 108.5
1 0 93.336114612139 126.90933715731651 -117.5
1 1 91.4536616638844 126.09241449130411 -108.0
9151
-------------------New----------------
0 0 -70.06478448951319 11.90095885146567 118.5
0 1 -67.8286171163981 10.607638772734816 108.5
1 0 -17.244288630294914 -18.768708680311278 -117.5
1 1 -19.372967441113577 -17.529415629830794 -108.0
9156
-------------------New----------------
0 0 -4.731683168437499 53.17587080626502 118.5
0 1 -2.6297202853083492 54.45485180322163 108.5
1 0 44.92988679821751 83.32438677745547 -117.5
1 1 42.92914900134001 82.1107986838546 -108.0
9157
-------------------New----------------
0 0 86.25851897703055 -23.660436146419165 118.5
0 1 86.53593301983292 -27.061027387598973 108.5
1 0 92.7971291595011 -103.92383908945347 -117.5
1 1 92.53373948517539 -100.69315547917132 -108.0
9160
-------------------New----------------
0 0 52.35662071346631 17.393228321973915 118.5
0 1 53.20450054528542 19.373768814290386 108.5
1 0 72.36680640371146 64.13395724014262 -117.5
1 1 71.5612824650999 62.25263020756891 -108.0
9178
-------------------New----------------
0 0 91.80355175441129 65.99185730586734 118.5
0 1 89.56974289455295 65.43975675829171 108.5
1 0 39.08082612344876 52.96326363133572 -117.5
1 1 41.20344255008045 53.48744630793109 -108.0
9183
-------------------New----------------
0 0 47.739210760922006 14.14436777911358 118.5
0 1 44.53784133125016 18.517707187673302 108.5
1 0 -27.828231983855886 117.34235125871719 -117.5
1 1 -24.78583028435881 113.18877306388984 -108.0
9196
-------------------New----------------
0 0 46.804941330747155 -5.9661632899405594 118.5
0 1 48.42078944142081 -8.20554770974029 108.5
1 0 84.94321437020878 -58.683786796173365 -117.5
1 1 83.40517135510055 -56.56248579307987 -108.0
9204
-------------------New----------------
0 0 34.85875990646269 -43.175842227254435 118.5
0 1 36.73851933207072 -42.03700926436629 108.5
1 0 79.21510028024306 -16.272758920320484 -117.5
1 1 77.43067654012567 -17.35608999258056 -108.0
9205
-------------------New----------------
0 0 -17.336210302667553 -31.68773499924101 118.5
0 1 -11.605022411593819 -27.365057355632718 108.5
1 0 117.87364776427296 70.8693354292157 -117.5
1 1 112.41992840321186 66.72851878054371 -108.0
9209
-------------------New----------------
0 0 98.54560224434974 -14.085650639166769 118.5
0 1 97.11185750340339 -10.76862814109756 108.5
1 0 64.71738498205865 64.20081205003906 -117.5
1 1 66.07875246371765 61.0491159421642 -108.0
9210
-------------------New----------------
0 0 -2.4541636923428722 86.47406311306285 118.5
0 1 -1.240569270048813 84.8941519568861 108.5
1 0 26.234093762624912 49.156207479664666 -117.5
1 1 25.077729411358803 50.65839579900536 -108.0
9213
-------------------New----------------
0 0 -38.26603263101348 -68.91612111946668 118.5
0 1 -37.646879255740195 -69.031633516849 108.5
1 0 -23.531879956886435 -71.66865767621984 -117.5
1 1 -24.125404276729622 -71.55883091119392 -108.0
9221
-------------------New----------------
0 0 29.86244918121369 -53.58321300550076 118.5
0 1 31.419944703370174 -52.639785077662864 108.5
1 0 66.4676177134245 -30.952250790029474 -117.5
1 1 65.00708642562175 -31.865290937678093 -108.0
9226
-------------------New----------------
0 0 19.098929582248097 -24.201833956568375 118.5
0 1 20.74503614291249 -28.411403235306352 108.5
1 0 57.94856122827885 -123.54250394855217 -117.5
1 1 56.384981687453674 -119.54383276415838 -108.0
9236
-------------------New----------------
0 0 37.29153472328333 29.34457060070838 118.5
0 1 33.71075648794365 28.876404377186322 108.5
1 0 -47.31314503620622 18.372002431975115 -117.5
1 1 -43.90753827555325 18.82005643661902 -108.0
9237
-------------------New----------------
0 0 -60.65619339694101 12.534049732310645 118.5
0 1 -61.02587832663181 10.748522753953306 108.5
1 0 -69.37021291073503 -29.514109287722686 -117.5
1 1 -69.02147898485443 -27.82195056548162 -108.0
9241
-------------------New----------------
0 0 83.22930060705916 -33.02212486451802 118.5
0 1 83.27216865078836 -34.243366275119854 108.5
1 0 84.17306755229818 -61.92203164566217 -117.5
1 1 84.13533314326766 -60.7576153425783 -108.0
9248
-------------------New----------------
0 0 -37.359357501728695 40.63332399665363 118.5
0 1 -35.515765507307115 39.60914438238843 108.5
1 0 6.137982667967929 16.46739835440155 -117.5
1 1 4.3874906077424916 17.440623041670925 -108.0
9259
-------------------New----------------
0 0 -22.241954685037676 -46.929168249957684 118.5
0 1 -23.674749743820048 -44.39182955740347 108.5
1 0 -56.057650365974425 12.945993461577103 -117.5
1 1 -54.69646068731667 10.53436555927424 -108.0
9264
-------------------New----------------
0 0 63.28692973248211 4.612380097568869 118.5
0 1 65.97118318546083 8.912019472694311 108.5
1 0 126.64973975625784 106.12284241346833 -117.5
1 1 124.09981374426211 102.03617575512521 -108.0
9266
-------------------New----------------
0 0 10.798561530549417 35.315229980209324 118.5
0 1 12.048324132019205 30.135024464090286 108.5
1 0 40.43498818038309 -86.91520958893202 -117.5
1 1 39.245078715186494 -82.00667224876217 -108.0
9270
-------------------New----------------
0 0 -38.56955475469372 -47.835515483260956 118.5
0 1 -39.17099957298904 -49.07052265499623 108.5
1 0 -52.7995050187767 -76.9199090770485 -117.5
1 1 -52.22998586957838 -75.74255980265113 -108.0
9280
-------------------New----------------
0 0 -19.22449379339994 -64.0698516904881 118.5
0 1 -21.48186203680911 -65.81775945011282 108.5
1 0 -72.51214769729991 -105.27796791928202 -117.5
1 1 -70.36760482064138 -103.619031242288 -108.0
9282
-------------------New----------------
0 0 45.43877483744273 -23.01028040802361 118.5
0 1 44.9030125123606 -17.504199379839534 108.5
1 0 32.80463561367196 106.90788127641511 -117.5
1 1 33.31277962895 101.67880284610288 -108.0
9285
-------------------New----------------
0 0 51.36294784574221 23.493687950906185 118.5
0 1 50.323220134041684 20.651668331758763 108.5
1 0 26.83212082480161 -43.58755010808277 -117.5
1 1 27.81935692260698 -40.88693901571021 -108.0
9293
-------------------New----------------
0 0 36.3375060508791 -78.29134013122362 118.5
0 1 34.34706968649842 -78.98475143857576 108.5
1 0 -10.7006075201173 -94.6508518695302 -117.5
1 1 -8.806798674906435 -93.99707873186718 -108.0
9302
-------------------New----------------
0 0 14.242639979089983 -45.84504831277542 118.5
0 1 10.131023818855407 -43.6357097948056 108.5
1 0 -82.87418075627595 5.943421282193457 -117.5
1 1 -78.97051641689636 3.869755959010257 -108.0
9308
-------------------New----------------
0 0 -28.568241543288707 61.00796394941292 118.5
0 1 -32.37712195805291 57.67508336122857 108.5
1 0 -118.5263398865363 -17.65335928601876 -117.5
1 1 -114.90282738907865 -14.48763749436101 -108.0
9309
-------------------New----------------
0 0 -52.08723521958194 22.85340555197162 118.5
0 1 -47.04543949342006 17.901662930995656 108.5
1 0 66.8933596359655 -94.01602149191142 -117.5
1 1 62.10365522302273 -89.31131413191352 -108.0
9310
-------------------New----------------
0 0 -28.899335708360837 74.68103208306505 118.5
0 1 -25.37106534269096 73.56319506999147 108.5
1 0 54.41857797682253 48.077162580836095 -117.5
1 1 51.07186361913122 49.15824089589483 -108.0
9316
-------------------New----------------
0 0 -90.04206871943155 -3.5217464625948613 118.5
0 1 -91.62153526337252 -1.2788341658984579 108.5
1 0 -127.28511531062259 49.41027688116663 -117.5
1 1 -125.7889944804273 47.27525843336092 -108.0
9325
-------------------New----------------
0 0 14.516047724742844 -80.2446328124064 118.5
0 1 13.330675674480432 -78.99727783058196 108.5
1 0 -13.543532028322346 -50.943121432077604 -117.5
1 1 -12.411344843255264 -52.12250556043192 -108.0
9334
-------------------New----------------
0 0 -73.91840776981934 63.76290216959059 118.5
0 1 -71.19432561619492 63.32353806528156 108.5
1 0 -9.667744100419906 53.36742969685743 -117.5
1 1 -12.252042085461841 53.788404291648625 -108.0
9337
-------------------New----------------
0 0 -11.424192294509023 -2.7891613987572734 118.5
0 1 -16.11397390191367 -0.6250939207149813 108.5
1 0 -122.1760957275452 48.26051681382593 -117.5
1 1 -117.71728267838577 46.20920581247364 -108.0
9346
-------------------New----------------
0 0 -71.2795599018764 -52.68634074214232 118.5
0 1 -69.87896735066616 -51.81606923538302 108.5
1 0 -38.03133100595563 -31.956331691323633 -117.5
1 1 -39.3808842649707 -32.782098046333374 -108.0
9355
-------------------New----------------
0 0 -58.8082029564956 92.09579658247694 118.5
0 1 -60.37419724828449 91.7075554876852 108.5
1 0 -95.78113590656875 82.91253328581364 -117.5
1 1 -94.29136149289089 83.28100375792997 -108.0
9357
-------------------New----------------
0 0 -89.85930641958545 60.943872727395124 118.5
0 1 -88.35230796534674 62.95230497197535 108.5
1 0 -54.23381437011786 108.33627995516818 -117.5
1 1 -55.671343441470285 106.42870485277483 -108.0
9361
-------------------New----------------
0 0 69.43594281898176 84.78832936817268 118.5
0 1 69.06829077950871 85.34274601929124 108.5
1 0 60.833289120567784 97.96165639637174 -117.5
1 1 61.16323830433405 97.42970692652511 -108.0
9364
-------------------New----------------
0 0 51.17146531027219 -67.04529092197909 118.5
0 1 49.058576188269036 -66.2253154640596 108.5
1 0 1.4275047228734645 -47.63250409788534 -117.5
1 1 3.4544267365787347 -48.391298163780846 -108.0
9370
-------------------New----------------
0 0 -23.303988478277155 -8.495024483279407 118.5
0 1 -18.675106492745243 -5.890742240876368 108.5
1 0 85.92027625256667 52.95379896549905 -117.5
1 1 81.52255957505656 50.477989684063544 -108.0
9372
-------------------New----------------
0 0 -27.04200994423446 -14.052534469197122 118.5
0 1 -26.779420948544686 -11.74334181033124 108.5
1 0 -20.726054976945264 40.381789969140854 -117.5
1 1 -20.97727075032184 38.20001635666838 -108.0
9379
-------------------New----------------
0 0 24.816868181309477 -55.08175306636889 118.5
0 1 24.32860152814437 -51.00471462743933 108.5
1 0 13.289526677137427 41.15051808441196 -117.5
1 1 13.753738744466398 37.27498616955466 -108.0
9387
-------------------New----------------
0 0 -3.4594067446457695 22.34607091707672 118.5
0 1 -2.012356219526248 23.56776178262428 108.5
1 0 30.559594952313706 51.243075278292885 -117.5
1 1 29.18391470558243 50.08352326525058 -108.0
9388
-------------------New----------------
0 0 -57.97496736242522 -32.673557908396006 118.5
0 1 -58.09407176818602 -31.285768019093222 108.5
1 0 -60.84445002835489 0.05083932387056382 -117.5
1 1 -60.72322659369943 -1.2674002529934882 -108.0
9392
-------------------New----------------
0 0 -5.01402286865039 13.118210607221894 118.5
0 1 -10.005075896236988 14.083227544621497 108.5
1 0 -122.93322841590194 36.09772520367561 -117.5
1 1 -118.18403800685162 35.17112968326881 -108.0
9394
-------------------New----------------
0 0 48.36111644816922 32.10532793145761 118.5
0 1 49.56368477493497 30.584228322743144 108.5
1 0 76.83981354498249 -3.501962979936927 -117.5
1 1 75.69336593099 -2.0883701233969054 -108.0
9402
-------------------New----------------
0 0 -51.39109286203004 -75.92622447852811 118.5
0 1 -53.26446602513723 -75.27943530939747 108.5
1 0 -94.83666575752646 -61.24126057558859 -117.5
1 1 -93.11240382907638 -61.80100930993602 -108.0
9408
-------------------New----------------
0 0 23.73335976323692 -48.48481656919097 118.5
0 1 17.31231234716966 -45.6275755307978 108.5
1 0 -127.78966242393065 18.928091280552326 -117.5
1 1 -121.69165496793372 16.214889318186636 -108.0
9414
-------------------New----------------
0 0 110.63752353469536 -12.433268871263541 118.5
0 1 109.73192682383585 -7.3487847778135205 108.5
1 0 89.2900707454344 107.55665377187157 -117.5
1 1 90.14814527271439 102.72684631100165 -108.0
9421
-------------------New----------------
0 0 -0.159861032097657 61.562080713725 118.5
0 1 -0.5437774230336607 58.0188467960048 108.5
1 0 -9.316415529914128 -22.250632226628305 -117.5
1 1 -8.95223760036104 -18.8771100064606 -108.0
9426
-------------------New----------------
0 0 87.97364823254465 112.49754053172815 118.5
0 1 86.45611143173309 112.26835136464521 108.5
1 0 52.13427771326194 106.99170342936775 -117.5
1 1 53.58011913627697 107.21751622068798 -108.0
9427
-------------------New----------------
0 0 59.38295946459168 44.04898948857562 118.5
0 1 58.071881226876144 42.10294174561147 108.5
1 0 28.388673108820036 -1.8466187230113444 -117.5
1 1 29.63601156160516 -0.0016986795261097142 -108.0
9428
-------------------New----------------
0 0 78.68189212114508 -70.76121949518674 118.5
0 1 77.5471668202965 -72.79602277018321 108.5
1 0 51.903494426965246 -118.7903661075118 -117.5
1 1 52.981499329531786 -116.85689776649403 -108.0
9431
-------------------New----------------
0 0 -53.87455853264056 52.59914342929362 118.5
0 1 -51.70490053215892 49.0140712374644 108.5
1 0 -2.750686104390939 -32.09006460897103 -117.5
1 1 -4.802642811733292 -28.678644008843822 -108.0
9434
-------------------New----------------
0 0 10.152917482400834 -13.707314871485035 118.5
0 1 14.146212798021661 -15.653684946576538 108.5
1 0 104.38649966659435 -59.63863084336064 -117.5
1 1 100.58950163389156 -57.78654567265092 -108.0
9439
-------------------New----------------
0 0 -103.31972711721505 -88.65230184032754 118.5
0 1 -102.346687759558 -89.07876633375714 108.5
1 0 -80.35773374375805 -98.6391946249129 -117.5
1 1 -81.27754171504613 -98.23572770180657 -108.0
9440
-------------------New----------------
0 0 36.64540411516772 0.12739386085451193 118.5
0 1 33.069350434347996 1.5645682833879764 108.5
1 0 -47.55256510261252 34.24942348729468 -117.5
1 1 -44.16562442826306 32.876513096163634 -108.0
9443
-------------------New----------------
0 0 -72.81096483563272 117.57117502935883 118.5
0 1 -73.9999921418108 117.64011452589197 108.5
1 0 -100.72688326001386 119.39124010450439 -117.5
1 1 -99.61047490775434 119.3147246166845 -108.0
9444
-------------------New----------------
0 0 10.191433986888068 -78.51671386814674 118.5
0 1 10.489819110808083 -76.68470732965456 108.5
1 0 17.22833475698434 -35.324321739351134 -117.5
1 1 16.949098816084597 -37.065899579117 -108.0
9448
-------------------New----------------
0 0 84.21107562865771 53.35210560057256 118.5
0 1 83.34074836557252 50.21340048589862 108.5
1 0 62.788129299833784 -21.32906221111717 -117.5
1 1 63.7058851759086 -18.26514362407773 -108.0
9452
-------------------New----------------
0 0 38.10780985556929 -106.4137059158902 118.5
0 1 40.021896486236855 -105.38033070274909 108.5
1 0 83.29583802608366 -82.00974611852293 -117.5
1 1 81.47585355243903 -82.99290999907065 -108.0
9456
-------------------New----------------
0 0 40.902221954254664 11.978600777985873 118.5
0 1 39.24961208292707 6.664768883344427 108.5
1 0 1.8610058007162151 -113.42295205528981 -117.5
1 1 3.431421881831516 -108.37229820922055 -108.0
9458
-------------------New----------------
0 0 -36.79138636112432 -65.72960939770975 118.5
0 1 -38.64403766950598 -64.19646974933825 108.5
1 0 -80.49026411076777 -29.558521021658986 -117.5
1 1 -78.72876807960235 -31.01579173351871 -108.0
9475
-------------------New----------------
0 0 125.0110426863512 31.870334422080685 118.5
0 1 124.87101094046436 25.8285885216114 108.5
1 0 121.68951860431162 -110.36420242023344 -117.5
1 1 121.82593132603911 -104.66249580741848 -108.0
9477
-------------------New----------------
0 0 39.45600840299612 -3.8238535297277196 118.5
0 1 38.41175862404247 -3.5222046147414012 108.5
1 0 15.237494150437806 2.993316321218462 -117.5
1 1 16.203111572008687 2.720248003970914 -108.0
9481
-------------------New----------------
0 0 -36.51266960692768 -41.37643243207708 118.5
0 1 -37.58990010272318 -40.048807714148516 108.5
1 0 -61.936899557216826 -10.048129788763216 -117.5
1 1 -60.913494139807696 -11.309027324782043 -108.0
9489
-------------------New----------------
0 0 -11.446526417977145 47.44303418796086 118.5
0 1 -6.354294130170822 47.728348363595 108.5
1 0 108.75537828467532 53.86594686365273 -117.5
1 1 103.92011522630996 53.61406455368914 -108.0
9491
-------------------New----------------
0 0 41.99883981385237 90.51057533594381 118.5
0 1 44.306745674060934 89.90725417322486 108.5
1 0 96.38178756327372 76.27431466492958 -117.5
1 1 94.19077350898961 76.84847269020904 -108.0
9492
-------------------New----------------
0 0 24.626553872859752 6.694952600546079 118.5
0 1 20.18019858809706 5.216464235828958 108.5
1 0 -80.30327205472506 -28.206298565607746 -117.5
1 1 -76.07921503946554 -26.79979821752584 -108.0
9497
-------------------New----------------
0 0 -40.18147861445368 48.59297558804033 118.5
0 1 -42.605082390579234 44.40247501894702 108.5
1 0 -97.38034458000365 -50.301237498611826 -117.5
1 1 -95.07778276981165 -46.32024525382197 -108.0
9499
-------------------New----------------
0 0 -58.69589789539376 35.76101523806737 118.5
0 1 -61.244478870882105 36.28885207328713 108.5
1 0 -118.88442922302897 48.25979252842874 -117.5
1 1 -116.45857903779628 47.758085427151975 -108.0
9505
-------------------New----------------
0 0 -6.151544954102839 38.960848313383316 118.5
0 1 -8.520545928302003 42.55480199745657 108.5
1 0 -62.05743776314462 123.77452961081099 -117.5
1 1 -59.80756701759403 120.36032590883838 -108.0
9507
-------------------New----------------
0 0 -82.02474853848925 13.814797183234628 118.5
0 1 -79.57897294850105 13.882770597913762 108.5
1 0 -23.44384518661922 16.711117858914015 -117.5
1 1 -25.827266393204628 16.58505002210832 -108.0
9517
-------------------New----------------
0 0 79.42523845886197 55.1366080513309 118.5
0 1 78.56661319424656 52.02991429441538 108.5
1 0 59.1697680527735 -18.1831750356618 -117.5
1 1 59.985689485104714 -15.231129144887337 -108.0
9518
-------------------New----------------
0 0 -55.041439847837864 4.985935098032997 118.5
0 1 -51.13175924782975 3.2170026506084257 108.5
1 0 37.22763392809584 -36.7893555918094 -117.5
1 1 33.51215909784027 -35.10747760283686 -108.0
9520
-------------------New----------------
0 0 -7.216536328361224 -51.8934976536169 118.5
0 1 -8.509355285696742 -53.70244341736414 108.5
1 0 -37.71483883754009 -94.58790863167914 -117.5
1 1 -36.48782922993668 -92.8697226298946 -108.0
9522
-------------------New----------------
0 0 36.56672299645586 2.6530890660645357 118.5
0 1 31.077380124685117 -0.8826446181147599 108.5
1 0 -92.95566761092024 -80.75209086720412 -117.5
1 1 -87.74329546815983 -77.39472873707527 -108.0
9539
-------------------New----------------
0 0 42.021192564587274 83.20707143485578 118.5
0 1 37.676428365021 83.86567424818091 108.5
1 0 -60.36489471181426 98.68630522912194 -117.5
1 1 -56.256050740359136 98.06837718072309 -108.0
9541
-------------------New----------------
0 0 -13.655032154655121 -27.819897141864537 118.5
0 1 -10.90089324479183 -28.614604966995746 108.5
1 0 51.2978499803228 -46.54291364205823 -117.5
1 1 48.684200585691805 -45.78996154349627 -108.0
9553
-------------------New----------------
0 0 4.875164683139627 11.654014147055793 118.5
0 1 4.959880309768212 6.313906949208959 108.5
1 0 6.8982695983197075 -114.34863626610816 -117.5
1 1 6.815508894222431 -109.27726691112476 -108.0
9555
-------------------New----------------
0 0 -27.01913477618438 60.38750103647506 118.5
0 1 -26.945846754530727 58.71971547733593 108.5
1 0 -25.20494529836199 21.27557605387407 -117.5
1 1 -25.282285683097925 22.84725692051068 -108.0
9556
-------------------New----------------
0 0 -76.86077806435841 30.854295208433644 118.5
0 1 -77.00762186491933 30.070664587785036 108.5
1 0 -80.30675285582255 12.337137417315834 -117.5
1 1 -80.16997792948787 13.081343389022678 -108.0
9561
-------------------New----------------
0 0 87.70375051400708 113.56773202585036 118.5
0 1 87.53431122523843 113.21690509183865 108.5
1 0 83.70198028178089 105.29249532710256 -117.5
1 1 83.86257735096225 105.62538881657319 -108.0
9580
-------------------New----------------
0 0 -59.23318392193404 30.905217024489644 118.5
0 1 -61.167712991603864 28.926927179081797 108.5
1 0 -104.91420974417058 -15.804240445390075 -117.5
1 1 -103.07410895286948 -13.925059323345042 -108.0
9582
-------------------New----------------
0 0 -32.742585269388854 57.07416006234396 118.5
0 1 -31.019833854353514 54.48654167342663 108.5
1 0 7.835579220611815 -3.963924579558264 -117.5
1 1 6.200433862080237 -1.5065216933781016 -108.0
9585
-------------------New----------------
0 0 41.727704342283815 30.668764627946636 118.5
0 1 43.92265985303475 28.917070925253945 108.5
1 0 93.0121580861669 -11.260204872911896 -117.5
1 1 90.95973250857067 -9.559976587480815 -108.0
9592
-------------------New----------------
0 0 -49.40924052613516 -14.511768231775747 118.5
0 1 -47.926140350212805 -15.590583307954978 108.5
1 0 -14.434398214610983 -40.07959784187549 -117.5
1 1 -15.845723095762287 -39.046747759736476 -108.0
9602
-------------------New----------------
0 0 67.47717057731408 -26.180883646549923 118.5
0 1 65.50142211258047 -24.132708995803377 108.5
1 0 20.83014935502454 22.604159881369608 -117.5
1 1 22.707391710398742 20.63038810439132 -107.99999999999997
9603
-------------------New----------------
0 0 91.3394244360163 -112.37157817116329 118.5
0 1 89.70993259848805 -112.12000588550379 108.5
1 0 53.57004916096571 -105.53116596930461 -117.5
1 1 55.05943989528439 -105.86829402131184 -108.0
9606
-------------------New----------------
0 0 84.81185999515615 -50.40981817253221 118.5
0 1 83.13314243775984 -48.76947869135507 108.5
1 0 45.14142958936966 -11.524122792762288 -117.5
1 1 46.726817705070964 -13.09052515086517 -108.0
9609
-------------------New----------------
0 0 46.21753688375359 3.786252980032322 118.5
0 1 46.49716545429791 2.561019526073476 108.5
1 0 52.732247007654074 -24.88104209291799 -117.5
1 1 52.47725813118393 -23.72769746239995 -108.0
9626
-------------------New----------------
0 0 -32.42447767968411 -47.34363701131123 118.5
0 1 -26.212298880047644 -47.823678954632236 108.5
1 0 113.81268212718132 -58.5689388508737 -117.5
1 1 107.94602264338509 -58.124710228314385 -108.0
9628
-------------------New----------------
0 0 -8.186685208093225 -4.962938093603738 118.5
0 1 -11.599387754944512 -2.241048751188812 108.5
1 0 -88.71654267980546 59.31127036847048 -117.5
1 1 -85.47336880691867 56.723403519104444 -108.0
9638
-------------------New----------------
0 0 18.878558254918552 114.18269084200654 118.5
0 1 19.04184250227176 114.29495102122148 108.5
1 0 22.70030865936678 116.74782076769118 -117.5
1 1 22.548113736783748 116.64447428664468 -108.0
9640
-------------------New----------------
0 0 10.946895007843512 61.417189345018244 118.5
0 1 14.118033434578809 63.07401109521923 108.5
1 0 85.78187690644533 100.53270792769395 -117.5
1 1 82.77022909205418 98.95758537951745 -108.0
9642
-------------------New----------------
0 0 -3.3383520254388883 29.138225699485098 118.5
0 1 -0.6373617982408328 26.086069692898498 108.5
1 0 60.39055805107289 -42.849230535495195 -117.5
1 1 57.82606537875961 -39.951346807588415 -108.0
9644
-------------------New----------------
0 0 28.783437941824975 -51.08888720124478 118.5
0 1 29.274804948917165 -46.626387905869976 108.5
1 0 39.805076159530486 53.629019942469085 -117.5
1 1 39.38731854668624 49.440362515885475 -108.0
9653
-------------------New----------------
0 0 76.5207377012538 -31.72092318892133 118.5
0 1 74.85673525121257 -29.15336276096832 108.5
1 0 37.22329499176233 28.878962780400446 -117.5
1 1 38.80583288816454 26.43665314219752 -108.0
9657
-------------------New----------------
0 0 -6.7967268360983955 76.93992520443405 118.5
0 1 -9.184686844075127 78.94670186873968 108.5
1 0 -63.09025210471775 124.24228596800387 -117.5
1 1 -60.829486918450755 122.34103583165077 -108.0
9664
-------------------New----------------
0 0 -32.63660735345599 24.710637518295904 118.5
0 1 -35.874487934587115 21.477692478972678 108.5
1 0 -109.02480500129475 -51.62251447140106 -117.5
1 1 -105.95095119402285 -48.54971156785536 -108.0
9665
-------------------New----------------
0 0 -18.608386723306204 80.70511525044942 118.5
0 1 -20.2802258894692 80.2100512582841 108.5
1 0 -58.08247355056701 69.0176333296752 -117.5
1 1 -56.48917107470849 69.4872840719585 -108.0
9670
-------------------New----------------
0 0 -74.76632362343932 -71.75754321376711 118.5
0 1 -75.23031191303852 -72.37420611515674 108.5
1 0 -85.73631033721429 -86.36167986612213 -117.5
1 1 -85.29439806669465 -85.77315772669138 -108.0
9671
-------------------New----------------
0 0 -9.331789051745671 47.647587091743205 118.5
0 1 -7.911336838681528 42.165871043786645 108.5
1 0 24.080788362535603 -81.68512856680421 -117.5
1 1 22.738395750974735 -76.48042520493622 -108.0
9673
-------------------New----------------
0 0 55.45991370791245 36.20603211735787 118.5
0 1 50.30868040960259 37.85051301921917 108.5
1 0 -65.83659871140895 74.98120449682817 -117.5
1 1 -60.95646760997774 73.4256803498021 -108.0
9676
-------------------New----------------
0 0 -46.57431645461104 27.824866828101154 118.5
0 1 -40.778663232051215 29.300320082426925 108.5
1 0 89.98957879178838 62.51135614887456 -117.5
1 1 84.51178430685799 61.128461559212646 -108.0
9681
-------------------New----------------
0 0 -25.208372045653185 25.002356440122796 118.5
0 1 -24.44740618311037 25.05991116337237 108.5
1 0 -7.249609349218917 26.610434771875145 -117.5
1 1 -7.974138408933648 26.54082308237559 -108.0
9682
-------------------New----------------
0 0 -11.962665034727168 45.783330414895644 118.5
0 1 -9.032367856660496 45.97621952196788 108.5
1 0 57.44354568596121 50.13734692994378 -117.5
1 1 54.650036947635876 49.96309595884661 -108.0
9687
-------------------New----------------
0 0 -31.34248310391891 -60.394232478474024 118.5
0 1 -26.63134843043058 -61.46834576123448 108.5
1 0 79.58541597005267 -86.12609909673728 -117.5
1 1 75.12169448449245 -85.06994173206695 -108.0
9701
-------------------New----------------
0 0 78.68629509556321 -46.38364635890546 118.5
0 1 76.40729874360912 -43.445394812015444 108.5
1 0 24.647091581467695 22.972951250497836 -117.5
1 1 26.830533169377258 20.177263579271532 -108.0
9703
-------------------New----------------
0 0 -20.548287873031953 19.507141476396264 118.5
0 1 -21.380682111217258 21.321254240650926 108.5
1 0 -40.1765618330325 62.33258823980905 -117.5
1 1 -39.387023924041856 60.60852617980004 -108.0
9706
-------------------New----------------
0 0 24.271636890230997 -58.66588649144249 118.5
0 1 27.244974015997435 -58.92956610187734 108.5
1 0 94.44399533647086 -64.87700064714505 -117.5
1 1 91.62101672568153 -64.6273983572365 -108.0
9709
-------------------New----------------
0 0 -53.21418558502978 88.81820792266754 118.5
0 1 -51.87401942629761 87.11907306791628 108.5
1 0 -21.54623332384115 48.728396346690985 -117.5
1 1 -22.821280490849055 50.34101975933673 -108.0
9714
-------------------New----------------
0 0 28.991205649382465 32.79834890336703 118.5
0 1 31.629592500551098 31.931498289848168 108.5
1 0 91.26644996553321 12.339581791573739 -117.5
1 1 88.7592358674226 13.162470779093216 -108.0
9716
-------------------New----------------
0 0 94.16833685986634 -58.7714610311034 118.5
0 1 93.93916582481117 -59.28315417242065 108.5
1 0 88.69474817090492 -70.82984763397981 -117.5
1 1 88.91722729620315 -70.34213560230705 -108.0
9717
-------------------New----------------
0 0 68.3223315726658 -28.13294918949945 118.5
0 1 64.7045639058039 -26.59064370009447 108.5
1 0 -16.996776731125166 8.308571395685707 -117.5
1 1 -13.55426370855919 6.851683446596508 -108.0
9718
-------------------New----------------
0 0 -82.58188570443768 -38.272291201539225 118.5
0 1 -81.09600406707058 -35.208440115764574 108.5
1 0 -47.69391933246909 33.88358992498622 -117.5
1 1 -49.089184292683576 30.980516847348703 -108.0
9724
-------------------New----------------
0 0 -82.70968144246024 47.39791991075967 118.5
0 1 -84.27268663913553 48.1161798381338 108.5
1 0 -119.63072686534504 64.40461944100608 -117.5
1 1 -118.14343761003832 63.71838714894166 -108.0
9727
-------------------New----------------
0 0 0.5794392292183008 -12.236510604546392 118.5
0 1 3.8834747601722013 -13.46162418930042 108.5
1 0 78.58138801445125 -41.133215886928205 -117.5
1 1 75.44127031637348 -39.97236476954002 -108.0
9728
-------------------New----------------
0 0 2.004061366071917 -17.925241305680963 118.5
0 1 3.605237944752872 -15.90083486745127 108.5
1 0 42.04361030028667 30.451143076201674 -117.5
1 1 40.33189198381871 28.477059317239224 -108.0
9729
-------------------New----------------
0 0 79.0863718780249 95.76065967740246 118.5
0 1 78.69142860398605 97.05507228940606 108.5
1 0 69.71930206044418 126.27118828760933 -117.5
1 1 70.09771330722556 125.04529499302187 -108.0
9730
-------------------New----------------
0 0 -24.233853335745806 -91.61798838200443 118.5
0 1 -17.998064496002087 -92.04947404901276 108.5
1 0 122.87851643724466 -101.81214231933293 -117.5
1 1 116.94993189889192 -101.41085521009293 -108.0
9736
-------------------New----------------
0 0 -28.08321371029108 29.097195005727563 118.5
0 1 -24.90807272431889 28.852622945946468 108.5
1 0 46.91888563255614 23.313843791350163 -117.5
1 1 43.89790821410129 23.544353682114387 -108.0
9738
-------------------New----------------
0 0 103.1305081922068 -23.19235981189481 118.5
0 1 102.90022058079035 -19.9460329841406 108.5
1 0 97.65962046500361 53.36180290867112 -117.5
1 1 97.87964505572386 50.28094374312011 -108.0
9741
-------------------New----------------
0 0 11.204451066041102 -51.10025737187479 118.5
0 1 15.772163082655771 -53.72125731636511 108.5
1 0 119.01137856777412 -112.96321263972202 -117.5
1 1 114.67304369153382 -110.47187017465265 -108.0
9746
-------------------New----------------
0 0 -56.68149597032881 16.548500044887014 118.5
0 1 -55.10980483524727 17.009036687901663 108.5
1 0 -19.58748439582626 27.4105913288809 -117.5
1 1 -21.080605361673673 26.973575145705865 -108.0
9753
-------------------New----------------
0 0 64.22782360760246 -84.21373009426068 118.5
0 1 62.334562176147664 -81.33836315257142 108.5
1 0 19.945834232936743 -16.704522468427452 -117.5
1 1 21.720551199453585 -19.417686075299834 -108.0
9758
-------------------New----------------
0 0 4.149544901485993 0.2508701558352323 118.5
0 1 3.2381605534871865 -0.45180177420982337 108.5
1 0 -17.45071092994595 -16.24358258730989 -117.5
1 1 -16.581668559762623 -15.581578057541895 -108.0
9773
-------------------New----------------
0 0 106.87911230621447 40.12146353602723 118.5
0 1 105.91673166187884 37.24785664308558 108.5
1 0 84.19595107296685 -27.659913900356475 -117.5
1 1 85.10752850254138 -24.932640447661573 -108.0
9775
-------------------New----------------
0 0 -16.356524800590904 -72.81337349018678 118.5
0 1 -12.165166054926434 -69.40459940932364 108.5
1 0 82.57275380241494 7.6367636674935255 -117.5
1 1 78.59003737652284 4.39848917316157 -108.0
9795
-------------------New----------------
0 0 52.981874607247924 86.62795468259641 118.5
0 1 50.861271452189285 86.16719984542578 108.5
1 0 3.0178887722667023 75.74464518697972 -117.5
1 1 5.02669068732669 76.18282098979554 -108.0
9796
-------------------New----------------
0 0 40.234953402536156 -12.082476267616203 118.5
0 1 40.86248044789877 -14.594017970118085 108.5
1 0 54.988300726218384 -71.39649703062426 -117.5
1 1 54.39219757091297 -69.01271836809428 -108.0
9799
-------------------New----------------
0 0 -13.848633193222032 -23.869816896666286 118.5
0 1 -12.691347600946887 -27.69401777213601 108.5
1 0 13.295379490393188 -114.09352545388133 -117.5
1 1 12.190166278636708 -110.46967305150415 -108.0
9807
-------------------New----------------
0 0 28.945005265459564 14.197435697931121 118.5
0 1 27.599228406752285 14.218683760185073 108.5
1 0 -2.869427978229232 14.710969607223328 -117.5
1 1 -1.5880868418254104 14.6898074025533 -108.0
9824
-------------------New----------------
0 0 22.21498050535603 43.32645638365327 118.5
0 1 24.930368033025545 39.52805307834121 108.5
1 0 86.29609546469216 -46.40443016830625 -117.5
1 1 83.71559629712955 -42.79236926320526 -108.0
9831
-------------------New----------------
0 0 65.0474030206518 -123.60427036356877 118.5
0 1 62.063516974161004 -123.57163588529272 108.5
1 0 -5.39453862679529 -122.82989612697364 -117.5
1 1 -2.557492219861382 -122.8604280748754 -108.0
9832
-------------------New----------------
0 0 10.928097852731714 -36.94874373234087 118.5
0 1 7.9419517675268505 -36.03274574608547 108.5
1 0 -59.56746199615323 -15.323138126160847 -117.5
1 1 -56.727376130547654 -16.194012070732065 -108.0
9842
-------------------New----------------
0 0 88.50263893470729 78.52192701315712 118.5
0 1 86.72896732512862 79.9911883180615 108.5
1 0 46.668479879823465 113.29244877519584 -117.5
1 1 48.35069928936642 111.88810345489324 -108.0
9843
-------------------New----------------
0 0 56.41346510806246 98.31354009436453 118.5
0 1 53.326832594838244 96.58873508126717 108.5
1 0 -16.454805920818917 57.60715323177468 -117.5
1 1 -13.521012243954099 59.24759781855032 -108.0
9845
-------------------New----------------
0 0 2.4833917266524206 -21.7782379850913 118.5
0 1 -0.228503910823526 -23.766876219911758 108.5
1 0 -61.54417390844954 -68.65146528875101 -117.5
1 1 -58.96573237314249 -66.7657463089634 -108.0
9849
-------------------New----------------
0 0 64.8436030440436 -45.658047521176684 118.5
0 1 64.77420064655875 -46.89510635800037 108.5
1 0 63.138331982425896 -74.80054279212924 -117.5
1 1 63.20886690586683 -73.6300951913382 -108.0
9855
-------------------New----------------
0 0 79.62849330215752 -58.571193289557655 118.5
0 1 80.81286812780483 -59.618167285233994 108.5
1 0 107.18766003763895 -83.16243811537717 -117.5
1 1 106.0821583560916 -82.17144812686055 -108.0
9859
-------------------New----------------
0 0 -27.272195661144536 85.6165395897369 118.5
0 1 -24.9425640080212 84.34691203152084 108.5
1 0 27.73509007433436 55.636231649181504 -117.5
1 1 25.5209711407533 56.843032096731996 -108.0
9862
-------------------New----------------
0 0 -13.519305164149056 -80.31737263906915 118.5
0 1 -12.442979281712399 -78.66625972770623 108.5
1 0 11.845536486278009 -41.35388273625511 -117.5
1 1 10.825922779208593 -42.92345012131144 -108.0
9867
-------------------New----------------
0 0 107.20161064179631 45.42847063083203 118.5
0 1 108.02529154705118 41.19799562552451 108.5
1 0 126.64815587984174 -54.401629567350156 -117.5
1 1 125.8644798017209 -50.38331921570795 -108.0
9870
-------------------New----------------
0 0 -86.80629189832332 -110.0214534923446 118.5
0 1 -86.6749983634962 -108.9177393565293 108.5
1 0 -83.8276776065504 -83.9736816530553 -117.5
1 1 -83.94171493225723 -85.02564686239494 -108.0
9872
-------------------New----------------
0 0 40.18463022329131 23.89686499702482 118.5
0 1 35.937001505561554 27.402521347107626 108.5
1 0 -60.6047373074633 105.93559462162474 -117.5
1 1 -56.51351579349032 102.71320718120475 -108.0
9875
-------------------New----------------
0 0 81.26571782152004 -60.94974846386699 118.5
0 1 81.31422419848276 -60.355430949196105 108.5
1 0 82.61026942935527 -47.354822321107676 -117.5
1 1 82.5555343469219 -47.89426229077726 -108.0
9877
-------------------New----------------
0 0 89.99766851130663 4.765786219185864 118.5
0 1 89.57832618303637 4.099444754315412 108.5
1 0 80.06685883513131 -10.854863940851619 -117.5
1 1 80.46760426263901 -10.228180866245088 -108.0
9878
-------------------New----------------
0 0 39.736988920244514 -52.88503617283237 118.5
0 1 38.38430665409803 -52.973386881344105 108.5
1 0 7.835741043905415 -55.0958412707448 -117.5
1 1 9.119449918544202 -55.007355936289535 -108.0
9882
-------------------New----------------
0 0 -27.060601119016233 -79.47769872171123 118.5
0 1 -26.804827697387758 -79.6567315475846 108.5
1 0 -21.019347343371937 -83.72199957595258 -117.5
1 1 -21.262268497420262 -83.55038179120751 -108.0
9888
-------------------New----------------
0 0 -56.883751605011284 38.485246916018845 118.5
0 1 -58.42004726021918 37.16705443505652 108.5
1 0 -93.13664067850243 7.386314413399174 -117.5
1 1 -91.67767014654154 8.63757676281461 -108.0
9902
-------------------New----------------
0 0 -54.30712249397489 -34.36015124444366 118.5
0 1 -49.90558749207088 -28.160951059270662 108.5
1 0 49.572743904517495 111.93784732494301 -117.5
1 1 45.390612253229236 106.04848081555663 -108.0
9907
-------------------New----------------
0 0 -64.58231440563472 44.06032994970704 118.5
0 1 -61.750652888980504 44.578538979945236 108.5
1 0 2.1853504393196066 56.29216976813459 -117.5
1 1 -0.49983006782305245 55.80493066607738 -108.0
9915
-------------------New----------------
0 0 72.11173713016488 -3.795551731303837 118.5
0 1 75.00838837844239 1.6648889669286866 108.5
1 0 -76.4283093178941 -115.78052414262163 -117.5
1 1 -76.79259343059476 -113.31315735984306 -108.0
9918
-------------------New----------------
0 0 -88.72276452156018 -15.553925157544025 118.5
0 1 -86.93587169238609 -9.76001489608075 108.5
1 0 -46.5888386748376 121.16299075556344 -117.5
1 1 -48.286178969916634 115.65884642160934 -108.0
9940
-------------------New----------------
0 0 3.346263541413694 83.36269529472872 118.5
0 1 -1.0194756975411265 84.42370518342696 108.5
1 0 -99.62718153783081 108.45391121403108 -117.5
1 1 -95.48324793028614 107.44253482833915 -108.0
9942
-------------------New----------------
0 0 -56.11143829430117 61.07055708472385 118.5
0 1 -55.58419564292126 62.42743929821912 108.5
1 0 -43.77730268185427 93.11510986592467 -117.5
1 1 -44.272983802259255 91.82551738235667 -108.0
9944
-------------------New----------------
0 0 -43.98761202983409 -57.13339286225958 118.5
0 1 -46.958917667451125 -55.89751467382462 108.5
1 0 -114.47888377474264 -28.232130212963664 -117.5
1 1 -111.63334110503402 -29.394514249128115 -108.0
9946
-------------------New----------------
0 0 -26.793569725060365 -58.09976447353591 118.5
0 1 -28.969309740741625 -55.80074777358932 108.5
1 0 -78.29011838082538 -3.7901365155876348 -117.5
1 1 -76.21571889977852 -5.975638416620231 -108.0
9947
-------------------New----------------
0 0 44.93120432097869 -69.22326617131449 118.5
0 1 46.84805579813408 -68.1416937644706 108.5
1 0 90.1505008834032 -44.04045783718594 -117.5
1 1 88.33601408301067 -45.042141662355746 -108.0
9949
-------------------New----------------
0 0 111.06635875379466 113.23539812922965 118.5
0 1 110.5198823681199 113.79834579674471 108.5
1 0 99.62421778341285 127.89183059705776 -117.5
1 1 100.08213016477515 127.25588104516528 -108.0
9952
-------------------New----------------
0 0 32.636089635459726 91.10893730624997 118.5
0 1 31.143983045879917 92.38015559384364 108.5
1 0 -2.6026833592286653 121.09077740640335 -117.5
1 1 -1.1832743659540783 119.8843738350977 -108.0
9964
-------------------New----------------
0 0 -13.374172916343772 -50.0093802769477 118.5
0 1 -11.62346164961025 -50.84847713550333 108.5
1 0 27.94632018434196 -69.825453427449 -117.5
1 1 26.283249686319742 -69.02766010703891 -108.0
9971
-------------------New----------------
0 0 -10.45560740660759 -57.00806114472616 118.5
0 1 -8.292220944204429 -53.84803895188886 108.5
1 0 40.47346384758275 17.408661684405907 -117.5
1 1 38.429147064939855 14.415550522824145 -108.0
9979
-------------------New----------------
0 0 55.915735773420316 111.11452356357272 118.5
0 1 51.28390978719011 110.12175741765739 108.5
1 0 -53.38498777431583 87.69343576044307 -117.5
1 1 -48.98558872277117 88.63551606421747 -108.0
9982
-------------------New----------------
0 0 -30.817103531711854 -0.9795023128877066 118.5
0 1 -29.50718769480296 -0.9696318040845824 108.5
1 0 -2.9804786415007305 3.0999655822301975 -117.5
1 1 -3.961665694503266 2.7555481978495218 -108.0
9989
-------------------New----------------
0 0 70.20448715657145 107.11879897313364 118.5
0 1 69.16184495615792 107.10838668659876 108.5
1 0 45.6145403811815 106.90698197454056 -117.5
1 1 46.60373602884037 106.91374938607764 -108.0
9991
-------------------New----------------
0 0 -35.28961553151085 47.0739992116071 118.5
0 1 -29.02151038776333 43.62399937331252 108.5
1 0 112.62072048134932 -34.35097726936296 -117.5
1 1 106.66740951493242 -31.073731008120404 -108.0
5645 events has been processed trough the script makeHLTuple.py
[CORRECT] makeHLTuple done.
[INFO] Running POCA...
Iniciando POCA (python entered)
basic libraries imported
[CORRECT] ----- ALL LIBRARIES successfully imported
Volume: [-128.0,128.0] x [-128.0,128.0] x [-128.0,128.0] cm
Grid:   128 x 128 x 128 voxels
Voxel size: 2.000 x 2.000 x 2.000 cm
[INFO] ----- Current: Voxelization of POCA points...
POCA aplicado. Eventos tras filtro: 317
[CORRECT] POCA results saved to: /gpfs/users/dominguezs/Muography_Denoising/MuonGeneration/data/post_POCA_data/POCA_2D_Lpx256_Lpy256_Lpz256_npx128_npy128_npz128_zTop118_zBot-118_spacing1_ratio1_FontX8_FontY8_matlead_wordMUON_stroke1_seed10.npy
[CORRECT] POCA done.
[CORRECT] Job finished: 2D_Lpx256_Lpy256_Lpz256_npx128_npy128_npz128_zTop118_zBot-118_spacing1_ratio1_FontX8_FontY8_matlead_wordMUON_stroke1 | seed=10
